Year,Source_File,Source_Sheet,School Name,School Type,Community Area,Network,Opportunity Index,Fall 2023 20th Day Enrollment (PE/PK),Fall 2023 20th Day Enrollment (K-12),Fall 2023 20th Day TOTAL Enrollment (PE-12),Per-Pupil Total For Title I Funding,GenEd K-12 Teacher Allocation,Teachers Received on Appeal,Principal,Asst. Principal,Clerk,Counselor,Part-Time Operational Position,Other Central FTEs,Teachers,Counselor.1,Teacher Assistant,Other Non-Teacher Discretionary Staff,Discretionary Non-FTE Funding,Special Ed Teachers,Special Ed Paraprofessionals,Case Managers,Other Special Ed FTEs,Early Childhood Teachers,Early Childhood Paraprofessionals,Other Early Childhood FTEs,Bilingual Coordinators,Tiered Instruction Support Dollars (Tier I),Tiered Instruction Support Dollars (Tier II),Full-Time Instructional Coaches (Tier III),Lunchroom,Security,Fall 2023 20th Day Enrollment,Fall 2023 20th Day Non-Cluster Enrollment,Adjustment for Schools With Increased Enrollment Due to Newcomer Students,Enrollment Input for Teacher Allocations (Non-Cluster + Newcomer Adjustment),Student : Teacher Ratio for Core Classroom Teachers (Unadjusted for Floor),Per-Pupil Total For Need-Based Flexible Funding (Unadjusted for Floor),Core Classroom,Holistic (ES Only),Title I Interventionists,Supplemental Programmatic Teachers,Critical Language Teachers,Other (Misc Grant-Funded),Liquidated Teacher Positions,Restorative Justice Coord.,Athletic Director,School Assistant,Asst. Principal.1,Clerk.1,Restorative Justice Coord..1,Tech Coord.,Other Early Chlidhood FTEs,College & Career Coaches,Career Pathways Specialists,IB Coord.,STEM Positions,RGC & RGC-EL Coord.,Personalized Learning Coord.,Dual Language Coord.,Montessori Program Coord.,Montessori Positions,JROTC Positions,STLS Advocates,Whole School Safety Funding,School and District Improvement Grant (SDI) Allocation,School Internal Account Funded Teacher Positions,School Internal Account Funded Non-Teacher Positions,Fall 2024 Total Enrollment,Fall 2024 K-12 Non-Cluster Enrollment,Fall 2023 K-12 Non-Cluster Enrollment,Change in K-12 Non-Cluster Enrollment from Fall 2023 to Fall 2024,Teacher Positions Liquidated for Discretionary Dollars (Reference Only),Athletic Stipends,Other Central FTEs (incl. Awarded on Appeal),Liquidated AP,Liquidated RJC,Liquidated School Assistant,Liquidated Part-Time Operations Bucket,Teacher/ Classroom Assistants,Early College (ECCE) Positions,STEM Coords & Teachers,Bilingual & Dual Language Coordinators,Instructional Support Buckets,Lead Coaches,Fall 2024 PE/PK Enrollment,Fall 2024 K-12 Enrollment,Fall 2023 Total Enrollment,Change in Total Enrollment from Fall 2023 to Fall 2024,Centrally Allocated General Education Teachers,Fall 2025 Total Enrollment,Fall 2025 K-12 Non-Cluster Enrollment,Change in K-12 Non-Cluster Enrollment from Fall 2024 to Fall 2025,Loss Cap Teachers,Critical/World Language Teachers,School Operations Support - Add'l Flexible Funding,Other Central FTEs (incl. Class Size TA's),School Internal Account Funded AP Positions,Fall 2025 PE/PK Enrollment,Fall 2025 K-12 Enrollment,Change in Total Enrollment from Fall 2024 to Fall 2025,Centrally Allocated Teachers,Other Centrally-Allocated Positions,Core Instructional Funding,Non-Instructional,Special Education,Facilities Supplement,Title I (Discretionary),Title I (Districtwide),Title II (Districtwide),Title IV (Districtwide),State Bilingual & Title III,School and District Improvement Grant (SDI),Estimated Per Capita Tuition Charge,FY25 20th Day Enrollment,Title I,Title II,Title IV,FY26 20th Day Enrollment - Semester 1,FY26 10th Day Enrollment - Semester 2,Consolidated Title I (Discretionary + Districtwide + Parent Involvement),Special Education^,Consolidated Title I (Discretionary + Districtwide + Parent Involvement + STLS Set-Asides)
2025,DISTRICT_MANAGED_2025.xlsx,Alt_Spec,JEFFERSON HS,Options,NEAR WEST SIDE,Network 16,Unevaluated,0.0,174.0,174.0,378.0,33.0,0.0,1.0,2.0,1.0,1.0,1.0,1.0,0.0,0.0,0.0,0.5,385410.35,15.0,9.0,1.0,0.0,0.0,0.0,0.0,0.0,17280.0,0.0,0.5,0.0,0.0,,,,,,,,,,,,,,,,,,,,,,,,,,,,,,,,,,,,,,,,,,,,,,,,,,,,,,,,,,,,,,,,,,,,,,,,,,,,,,,,,,,,,,,,,,,
2025,DISTRICT_MANAGED_2025.xlsx,Alt_Spec,PEACE & EDUCATION ALT HS,Options,NEW CITY,ISP,Unevaluated,0.0,146.0,146.0,450.0,17.0,0.0,1.0,1.0,2.0,1.0,1.0,3.0,1.0,0.0,0.0,2.0,264195.0,6.0,3.0,0.0,0.0,0.0,0.0,0.0,1.0,17280.0,0.0,1.0,2.0,4.0,,,,,,,,,,,,,,,,,,,,,,,,,,,,,,,,,,,,,,,,,,,,,,,,,,,,,,,,,,,,,,,,,,,,,,,,,,,,,,,,,,,,,,,,,,,
2025,DISTRICT_MANAGED_2025.xlsx,Alt_Spec,SIMPSON HS,Options,NEAR WEST SIDE,Network 15,Unevaluated,0.0,22.0,22.0,450.0,10.0,0.0,1.0,1.0,1.0,1.0,1.0,1.0,1.0,1.0,1.0,0.0,136739.25,3.0,2.0,0.0,0.0,0.0,0.0,0.0,0.0,17280.0,50000.0,0.0,1.0,1.0,,,,,,,,,,,,,,,,,,,,,,,,,,,,,,,,,,,,,,,,,,,,,,,,,,,,,,,,,,,,,,,,,,,,,,,,,,,,,,,,,,,,,,,,,,,
2025,DISTRICT_MANAGED_2025.xlsx,Alt_Spec,YORK HS,Options,SOUTH LAWNDALE,Network 16,Unevaluated,0.0,165.0,165.0,414.0,41.0,0.0,1.0,2.0,2.0,1.0,1.0,2.0,0.0,0.0,0.0,0.0,457260.5,9.0,5.0,1.0,0.0,0.0,0.0,0.0,0.0,17280.0,0.0,0.5,0.0,0.0,,,,,,,,,,,,,,,,,,,,,,,,,,,,,,,,,,,,,,,,,,,,,,,,,,,,,,,,,,,,,,,,,,,,,,,,,,,,,,,,,,,,,,,,,,,
2025,DISTRICT_MANAGED_2025.xlsx,Alt_Spec,BEARD,Specialty,NORWOOD PARK,Network 1,26,284.0,64.0,348.0,360.0,3.0,0.0,1.0,1.0,2.0,1.0,1.0,1.0,0.5,0.0,0.0,0.0,131960.0,13.0,63.0,1.5,0.0,21.0,12.0,1.0,1.0,17280.0,0.0,0.0,3.0,2.0,,,,,,,,,,,,,,,,,,,,,,,,,,,,,,,,,,,,,,,,,,,,,,,,,,,,,,,,,,,,,,,,,,,,,,,,,,,,,,,,,,,,,,,,,,,
2025,DISTRICT_MANAGED_2025.xlsx,Alt_Spec,BLAIR,Specialty,CLEARING,Network 10,26,179.0,77.0,256.0,354.0,2.0,0.0,1.0,1.0,1.0,2.0,0.0,0.0,0.0,0.0,0.0,0.0,168497.75,17.0,40.0,1.5,0.0,6.0,3.0,0.0,0.5,17280.0,0.0,0.0,1.0,1.0,,,,,,,,,,,,,,,,,,,,,,,,,,,,,,,,,,,,,,,,,,,,,,,,,,,,,,,,,,,,,,,,,,,,,,,,,,,,,,,,,,,,,,,,,,,
2025,DISTRICT_MANAGED_2025.xlsx,Alt_Spec,CATALPA,Specialty,PORTAGE PARK,Network 1,22,181.0,0.0,181.0,0.0,0.0,0.0,1.0,1.0,1.0,1.0,1.0,0.0,0.5,0.0,0.0,0.5,16940.6,3.0,14.0,0.5,0.0,12.0,8.0,0.0,1.0,17280.0,0.0,0.0,2.0,1.0,,,,,,,,,,,,,,,,,,,,,,,,,,,,,,,,,,,,,,,,,,,,,,,,,,,,,,,,,,,,,,,,,,,,,,,,,,,,,,,,,,,,,,,,,,,
2025,DISTRICT_MANAGED_2025.xlsx,Alt_Spec,FISHER,Specialty,LINCOLN PARK,Network 4,26,124.0,0.0,124.0,0.0,0.0,0.0,1.0,1.0,1.0,1.0,1.0,0.0,0.5,0.0,0.0,0.0,82432.42,2.0,8.0,0.5,0.0,9.0,5.0,0.0,0.0,17280.0,0.0,0.0,2.0,1.0,,,,,,,,,,,,,,,,,,,,,,,,,,,,,,,,,,,,,,,,,,,,,,,,,,,,,,,,,,,,,,,,,,,,,,,,,,,,,,,,,,,,,,,,,,,
2025,DISTRICT_MANAGED_2025.xlsx,Alt_Spec,GRAHAM HS,Specialty,NEAR SOUTH SIDE,Network 14,33,0.0,255.0,255.0,444.0,2.0,0.0,1.0,1.0,2.0,1.0,1.0,0.0,1.0,0.0,0.0,0.0,356591.4,25.0,47.0,2.0,1.0,0.0,0.0,0.0,1.0,17280.0,0.0,0.0,2.0,1.0,,,,,,,,,,,,,,,,,,,,,,,,,,,,,,,,,,,,,,,,,,,,,,,,,,,,,,,,,,,,,,,,,,,,,,,,,,,,,,,,,,,,,,,,,,,
2025,DISTRICT_MANAGED_2025.xlsx,Alt_Spec,NORTHSIDE LEARNING HS,Specialty,NORTH PARK,Network 14,29,0.0,277.0,277.0,408.0,4.0,0.0,1.0,1.0,2.0,1.0,1.0,0.0,0.0,0.0,0.0,1.0,370180.25,32.5,87.0,2.0,0.0,0.0,0.0,0.0,1.0,17280.0,0.0,0.0,3.0,1.0,,,,,,,,,,,,,,,,,,,,,,,,,,,,,,,,,,,,,,,,,,,,,,,,,,,,,,,,,,,,,,,,,,,,,,,,,,,,,,,,,,,,,,,,,,,
2025,DISTRICT_MANAGED_2025.xlsx,Alt_Spec,RUDOLPH,Specialty,NEAR WEST SIDE,Network 6,35,28.0,71.0,99.0,390.0,2.0,0.0,1.0,1.0,1.0,1.0,1.0,0.0,0.0,0.0,0.0,0.0,155210.0,13.0,39.0,1.0,0.0,0.0,0.0,0.0,0.5,17280.0,0.0,0.0,3.0,1.0,,,,,,,,,,,,,,,,,,,,,,,,,,,,,,,,,,,,,,,,,,,,,,,,,,,,,,,,,,,,,,,,,,,,,,,,,,,,,,,,,,,,,,,,,,,
2025,DISTRICT_MANAGED_2025.xlsx,Alt_Spec,SOUTHSIDE HS,Specialty,WEST ENGLEWOOD,ISP,36,0.0,370.0,370.0,396.0,2.5,0.0,1.0,2.0,2.0,1.0,1.0,0.0,0.0,0.0,0.0,1.0,582419.2,42.0,76.0,2.5,1.0,0.0,0.0,0.0,1.0,17280.0,0.0,1.0,3.0,3.0,,,,,,,,,,,,,,,,,,,,,,,,,,,,,,,,,,,,,,,,,,,,,,,,,,,,,,,,,,,,,,,,,,,,,,,,,,,,,,,,,,,,,,,,,,,
2025,DISTRICT_MANAGED_2025.xlsx,Alt_Spec,STOCK,Specialty,EDISON PARK,Network 1,24,212.0,0.0,212.0,0.0,1.0,1.0,1.0,1.0,1.0,1.0,0.0,0.0,0.0,0.0,0.0,0.0,160500.0,4.0,13.0,1.0,0.0,13.0,6.0,0.0,1.0,17280.0,0.0,0.0,1.0,1.0,,,,,,,,,,,,,,,,,,,,,,,,,,,,,,,,,,,,,,,,,,,,,,,,,,,,,,,,,,,,,,,,,,,,,,,,,,,,,,,,,,,,,,,,,,,
2025,DISTRICT_MANAGED_2025.xlsx,Alt_Spec,THOMAS,Specialty,MCKINLEY PARK,ISP,30,128.0,0.0,128.0,0.0,2.0,0.0,1.0,1.0,1.0,1.0,1.0,0.0,0.0,0.0,0.0,1.0,81715.6,2.0,8.0,0.5,0.0,11.0,5.0,2.0,1.0,17280.0,50000.0,0.0,2.0,1.0,,,,,,,,,,,,,,,,,,,,,,,,,,,,,,,,,,,,,,,,,,,,,,,,,,,,,,,,,,,,,,,,,,,,,,,,,,,,,,,,,,,,,,,,,,,
2025,DISTRICT_MANAGED_2025.xlsx,Alt_Spec,VAUGHN HS,Specialty,PORTAGE PARK,Network 14,32,0.0,214.0,214.0,390.0,4.0,0.0,1.0,1.0,1.0,1.0,1.0,0.0,1.5,0.0,0.0,1.0,225150.8,23.0,55.0,1.5,3.0,0.0,0.0,0.0,1.0,17280.0,0.0,0.0,2.0,2.0,,,,,,,,,,,,,,,,,,,,,,,,,,,,,,,,,,,,,,,,,,,,,,,,,,,,,,,,,,,,,,,,,,,,,,,,,,,,,,,,,,,,,,,,,,,
2025,DISTRICT_MANAGED_2025.xlsx,Alt_Spec,VICK,Specialty,MORGAN PARK,Network 10,30,420.0,0.0,420.0,0.0,1.0,0.0,1.0,2.0,3.0,1.0,1.0,1.0,0.5,0.0,0.0,0.0,190687.75,4.0,14.0,2.0,0.0,29.0,14.0,0.0,1.0,17280.0,0.0,0.0,2.0,2.0,,,,,,,,,,,,,,,,,,,,,,,,,,,,,,,,,,,,,,,,,,,,,,,,,,,,,,,,,,,,,,,,,,,,,,,,,,,,,,,,,,,,,,,,,,,
2025,DISTRICT_MANAGED_2025.xlsx,Traditional,ADDAMS,Elementary,EAST SIDE,Network 13,34,,,,438.0,,0.0,1.0,1.0,1.0,1.0,1.0,0.0,0.0,0.0,0.0,1.0,222726.25,8.0,8.0,0.5,0.0,5.0,3.0,,1.0,17280.0,0.0,0.0,4.0,2.0,459.0,459.0,0.0,459.0,24:1,605.0,20.0,4.0,2.0,0.0,0.0,0.0,0.0,0.0,0.0,0.0,0.0,1.0,0.0,0.0,0.0,0.0,0.0,0.0,0.0,0.0,1.0,0.0,0.0,0.0,0.0,0.0,0.0,0.0,0.0,0.0,,,,,,,,,,,,,,,,,,,,,,,,,,,,,,,,,,,,,,,,,,,,,,,,,,,,,,,
2025,DISTRICT_MANAGED_2025.xlsx,Traditional,AIR FORCE HS,High School,ARMOUR SQUARE,Network 16,38,,,,390.0,,0.0,1.0,1.0,1.0,1.0,1.0,0.0,1.5,1.0,0.0,0.0,132798.0,5.0,4.0,0.0,0.0,0.0,0.0,,0.5,17280.0,0.0,0.5,2.0,2.0,118.0,118.0,0.0,118.0,19:1,1527.0,10.0,0.0,1.0,0.0,0.0,0.0,0.0,0.0,0.0,0.0,0.0,0.0,0.0,0.0,0.0,0.5,0.0,0.0,0.0,0.0,0.0,0.0,0.0,0.0,4.0,0.0,160000.0,0.0,0.0,0.0,,,,,,,,,,,,,,,,,,,,,,,,,,,,,,,,,,,,,,,,,,,,,,,,,,,,,,,
2025,DISTRICT_MANAGED_2025.xlsx,Traditional,ALBANY PARK,Elementary,ALBANY PARK,Network 1,29,,,,462.0,,0.0,1.0,1.0,1.0,1.0,0.0,0.0,0.0,0.0,0.0,2.0,111042.8,4.0,2.0,0.0,0.0,0.0,0.0,,1.0,17280.0,0.0,0.0,3.0,1.0,228.0,228.0,0.0,228.0,26:1,545.0,9.0,3.0,1.0,0.0,0.0,0.0,0.0,0.0,0.0,0.0,0.0,0.0,0.0,0.0,0.0,0.0,0.0,0.0,0.0,0.0,0.0,0.0,0.0,0.0,0.0,0.0,0.0,15000.0,0.0,0.0,,,,,,,,,,,,,,,,,,,,,,,,,,,,,,,,,,,,,,,,,,,,,,,,,,,,,,,
2025,DISTRICT_MANAGED_2025.xlsx,Traditional,ALCOTT ES,Elementary,LINCOLN PARK,Network 4,22,,,,0.0,,1.0,1.0,1.0,2.0,1.0,1.0,0.0,0.0,0.0,0.0,0.5,148548.13,12.0,11.0,0.5,0.0,8.0,6.0,,0.5,17280.0,0.0,0.0,4.0,2.0,468.0,468.0,0.0,468.0,26:1,461.0,18.0,4.0,0.0,0.0,2.0,0.0,0.0,0.0,0.0,0.0,0.0,0.0,0.0,0.0,0.0,0.0,0.0,0.0,0.0,0.0,0.0,0.0,0.0,0.0,0.0,0.0,0.0,0.0,1.0,1.0,,,,,,,,,,,,,,,,,,,,,,,,,,,,,,,,,,,,,,,,,,,,,,,,,,,,,,,
2025,DISTRICT_MANAGED_2025.xlsx,Traditional,ALCOTT HS,High School,NORTH CENTER,Network 15,29,,,,384.0,,0.0,1.0,1.0,1.0,1.0,1.0,0.0,0.27,0.0,0.0,2.24,224142.54,12.0,14.0,1.0,0.0,0.0,0.0,,1.0,17280.0,0.0,0.0,2.0,1.76,371.0,371.0,0.0,371.0,21:1,1365.0,18.0,0.0,1.0,0.0,0.0,0.0,0.0,0.0,0.0,0.0,0.0,0.0,0.0,0.5,0.0,0.0,0.0,0.0,0.0,0.0,0.0,0.0,0.0,0.0,0.0,0.0,0.0,0.0,0.0,0.0,,,,,,,,,,,,,,,,,,,,,,,,,,,,,,,,,,,,,,,,,,,,,,,,,,,,,,,
2025,DISTRICT_MANAGED_2025.xlsx,Traditional,ALDRIDGE,Elementary,RIVERDALE,Network 13,38,,,,456.0,,0.0,1.0,1.0,1.0,1.0,1.0,0.0,0.0,0.0,0.0,0.9,143143.35,5.0,12.0,0.5,0.0,1.0,1.0,,0.0,17280.0,0.0,1.0,2.0,2.0,224.0,224.0,0.0,224.0,24:1,653.0,10.0,3.0,1.0,0.0,0.0,0.0,0.0,0.0,0.0,0.0,0.0,0.0,0.0,0.0,0.0,0.0,0.0,0.0,0.0,0.0,0.0,0.0,0.0,0.0,0.0,0.0,0.0,0.0,0.0,0.0,,,,,,,,,,,,,,,,,,,,,,,,,,,,,,,,,,,,,,,,,,,,,,,,,,,,,,,
2025,DISTRICT_MANAGED_2025.xlsx,Traditional,AMUNDSEN HS,High School,LINCOLN SQUARE,Network 14,17,,,,0.0,,0.0,1.0,1.0,1.0,4.0,0.0,0.0,0.0,1.0,0.0,7.55,200113.0,20.0,15.0,2.0,0.0,0.0,0.0,,1.0,17280.0,0.0,0.0,7.0,4.85,1503.0,1484.0,0.0,1484.0,21:1,1149.0,71.0,0.0,0.0,0.0,0.0,0.0,0.0,0.0,1.0,2.0,2.0,2.0,0.0,2.0,0.0,0.0,0.0,3.0,0.0,0.0,0.0,0.0,0.0,0.0,0.0,0.0,130000.0,0.0,0.0,0.0,,,,,,,,,,,,,,,,,,,,,,,,,,,,,,,,,,,,,,,,,,,,,,,,,,,,,,,
2025,DISTRICT_MANAGED_2025.xlsx,Traditional,ARIEL,Elementary,KENWOOD,Network 9,39,,,,420.0,,0.0,1.0,1.0,1.0,1.0,1.0,0.0,2.33,0.0,0.0,0.0,77913.82,12.0,26.0,0.5,0.0,2.0,2.0,,0.0,17280.0,0.0,0.0,5.0,2.0,322.0,287.0,0.0,287.0,24:1,665.0,12.0,3.0,1.0,0.0,0.0,0.0,0.0,0.0,0.0,0.0,0.0,0.0,0.0,0.0,0.0,0.0,0.0,0.0,0.0,0.0,0.0,0.0,0.0,0.0,0.0,0.0,0.0,65000.0,1.0,0.0,,,,,,,,,,,,,,,,,,,,,,,,,,,,,,,,,,,,,,,,,,,,,,,,,,,,,,,
2025,DISTRICT_MANAGED_2025.xlsx,Traditional,ARMOUR,Elementary,BRIDGEPORT,ISP,29,,,,432.0,,0.0,1.0,1.0,1.0,1.0,1.0,1.0,0.0,0.0,0.0,0.0,105679.33,7.0,6.0,0.0,0.0,3.0,2.0,,1.0,17280.0,50000.0,0.0,4.0,2.0,218.0,218.0,10.0,228.0,26:1,545.0,10.0,3.0,1.0,0.0,0.0,0.0,0.0,0.0,0.0,0.0,0.0,0.0,0.0,1.0,0.0,0.0,0.0,0.0,0.0,0.0,0.0,0.0,0.0,0.0,0.0,0.0,0.0,0.0,0.0,0.0,,,,,,,,,,,,,,,,,,,,,,,,,,,,,,,,,,,,,,,,,,,,,,,,,,,,,,,
2025,DISTRICT_MANAGED_2025.xlsx,Traditional,ARMSTRONG G,Elementary,WEST RIDGE,ISP,34,,,,426.0,,0.0,1.0,1.0,1.0,2.0,0.0,0.0,1.5,0.0,0.0,4.0,495420.43,14.0,14.0,1.0,0.0,6.0,4.0,,1.0,17280.0,156040.0,0.0,10.0,2.0,1166.0,1166.0,0.0,1166.0,24:1,605.0,49.0,10.0,3.0,0.0,0.0,0.0,0.0,1.0,0.0,2.0,0.0,0.0,0.0,1.0,0.0,0.0,0.0,0.0,0.0,0.0,0.0,0.0,0.0,0.0,0.0,0.0,0.0,0.0,0.0,0.0,,,,,,,,,,,,,,,,,,,,,,,,,,,,,,,,,,,,,,,,,,,,,,,,,,,,,,,
2025,DISTRICT_MANAGED_2025.xlsx,Traditional,ASHBURN,Elementary,ASHBURN,Network 10,38,,,,390.0,,0.0,1.0,1.0,1.0,1.0,1.0,0.0,0.0,0.0,0.0,0.76,28184.6,8.0,25.0,0.5,0.0,2.0,2.0,,0.5,17280.0,0.0,0.0,2.0,1.0,301.0,260.0,0.0,260.0,24:1,653.0,11.0,3.0,1.0,0.0,0.0,0.0,0.0,0.0,0.0,0.0,0.0,0.0,0.0,1.0,0.0,0.0,0.0,0.0,0.0,0.0,1.0,0.0,0.0,0.0,0.0,0.0,0.0,0.0,0.0,0.0,,,,,,,,,,,,,,,,,,,,,,,,,,,,,,,,,,,,,,,,,,,,,,,,,,,,,,,
2025,DISTRICT_MANAGED_2025.xlsx,Traditional,ASHE,Elementary,CHATHAM,Network 12,35,,,,480.0,,0.0,1.0,1.0,1.0,1.0,1.0,0.0,0.17,0.0,0.0,1.45,156744.3,5.0,10.0,0.0,0.0,2.0,2.0,,0.0,17280.0,50000.0,0.0,4.0,2.0,328.0,328.0,10.0,338.0,24:1,617.0,15.0,3.0,1.0,0.0,0.0,0.0,0.0,0.0,0.0,0.0,0.0,0.0,0.0,0.0,0.0,0.0,0.0,0.0,0.0,0.0,0.0,0.0,0.0,0.0,0.0,0.0,0.0,100000.0,0.0,0.0,,,,,,,,,,,,,,,,,,,,,,,,,,,,,,,,,,,,,,,,,,,,,,,,,,,,,,,
2025,DISTRICT_MANAGED_2025.xlsx,Traditional,AUDUBON,Elementary,NORTH CENTER,Network 4,18,,,,0.0,,0.0,1.0,2.0,2.0,1.0,1.0,0.0,0.0,0.0,0.0,0.0,121607.0,9.0,5.0,0.5,0.0,11.0,10.0,,0.5,17280.0,0.0,0.0,4.0,3.0,450.0,450.0,0.0,450.0,26:1,413.0,18.0,4.0,0.0,0.0,0.0,0.0,0.0,0.0,0.0,0.0,0.0,1.0,0.0,0.0,0.0,0.0,0.0,0.0,0.0,0.0,0.0,0.0,0.0,0.0,0.0,0.0,0.0,0.0,3.0,0.0,,,,,,,,,,,,,,,,,,,,,,,,,,,,,,,,,,,,,,,,,,,,,,,,,,,,,,,
2025,DISTRICT_MANAGED_2025.xlsx,Traditional,AUSTIN CCA HS,High School,AUSTIN,Network 15,44,,,,408.0,,0.0,1.0,1.0,1.0,1.0,0.0,0.0,1.0,0.0,0.0,0.1,207509.1,7.0,5.0,0.0,0.0,0.0,0.0,,0.0,17280.0,0.0,1.0,3.0,4.9,172.0,172.0,0.0,172.0,18:1,1635.0,10.0,0.0,1.0,0.0,0.0,0.0,0.0,0.0,0.0,0.0,0.0,1.0,0.29,1.0,0.0,0.0,0.0,0.0,0.0,0.0,0.0,0.0,0.0,0.0,0.0,0.0,160000.0,100000.0,0.0,0.0,,,,,,,,,,,,,,,,,,,,,,,,,,,,,,,,,,,,,,,,,,,,,,,,,,,,,,,
2025,DISTRICT_MANAGED_2025.xlsx,Traditional,AVALON PARK,Elementary,AVALON PARK,Network 12,34,,,,456.0,,0.0,1.0,1.0,1.0,1.0,1.0,0.0,0.0,0.0,1.09,0.0,130265.0,5.0,8.0,0.0,0.0,1.0,1.0,,0.0,17280.0,50000.0,0.0,2.0,2.0,179.0,179.0,0.0,179.0,24:1,605.0,10.0,3.0,1.0,0.0,0.0,0.0,0.0,0.0,0.0,0.0,0.0,0.0,0.0,0.0,0.0,0.0,0.0,0.0,0.0,0.0,0.0,0.0,0.0,0.0,0.0,0.0,0.0,65000.0,0.0,0.0,,,,,,,,,,,,,,,,,,,,,,,,,,,,,,,,,,,,,,,,,,,,,,,,,,,,,,,
2025,DISTRICT_MANAGED_2025.xlsx,Traditional,AVONDALE-LOGANDALE,Elementary,AVONDALE,Network 4,35,,,,462.0,,0.0,1.0,1.0,1.0,1.0,1.0,0.0,0.0,0.0,0.0,1.5,197224.18,7.0,12.0,0.5,0.0,2.0,2.0,,1.0,17280.0,0.0,1.0,7.0,2.0,458.0,458.0,0.0,458.0,24:1,617.0,20.0,4.0,2.0,0.0,0.0,0.0,0.0,0.0,0.0,0.0,0.0,0.0,0.0,1.0,0.0,0.0,0.0,0.0,0.0,0.0,0.0,1.0,0.0,0.0,0.0,0.0,0.0,0.0,0.0,0.0,,,,,,,,,,,,,,,,,,,,,,,,,,,,,,,,,,,,,,,,,,,,,,,,,,,,,,,
2025,DISTRICT_MANAGED_2025.xlsx,Traditional,AZUELA,Elementary,WEST LAWN,ISP,39,,,,432.0,,0.0,1.0,1.0,1.0,2.0,1.0,0.0,1.0,0.0,1.0,1.0,221899.47,9.5,15.0,0.5,0.0,0.0,0.0,,1.0,17280.0,0.0,0.0,4.0,1.0,697.0,697.0,10.0,707.0,24:1,665.0,30.0,6.0,2.0,0.0,0.0,0.0,0.0,1.0,0.0,0.0,1.0,1.0,0.0,0.0,0.0,0.0,0.0,0.0,0.0,0.0,0.0,1.0,0.0,0.0,0.0,0.0,0.0,0.0,0.0,0.0,,,,,,,,,,,,,,,,,,,,,,,,,,,,,,,,,,,,,,,,,,,,,,,,,,,,,,,
2025,DISTRICT_MANAGED_2025.xlsx,Traditional,BACK OF THE YARDS HS,High School,NEW CITY,ISP,42,,,,456.0,,0.0,1.0,1.0,1.0,3.0,0.0,0.0,4.5,1.0,1.0,5.17,494608.05,11.0,4.0,0.5,0.0,0.0,0.0,,1.0,17280.0,0.0,0.0,6.0,5.83,1001.0,1001.0,0.0,1001.0,18:1,1599.0,56.0,0.0,2.0,0.0,0.0,0.0,0.0,1.0,1.0,2.0,1.0,1.0,1.0,0.0,0.0,0.0,0.0,3.0,0.0,0.0,0.0,1.0,0.0,0.0,0.0,0.0,0.0,0.0,0.0,0.0,,,,,,,,,,,,,,,,,,,,,,,,,,,,,,,,,,,,,,,,,,,,,,,,,,,,,,,
2025,DISTRICT_MANAGED_2025.xlsx,Traditional,BARNARD,Elementary,BEVERLY,Network 10,36,,,,414.0,,0.0,1.0,1.0,1.0,1.0,1.0,0.0,0.0,0.0,0.0,0.83,111287.5,4.0,5.0,0.0,0.0,2.0,1.0,,0.0,17280.0,0.0,1.0,2.0,1.0,228.0,228.0,0.0,228.0,24:1,629.0,10.0,3.0,1.0,0.0,0.0,0.0,0.0,0.0,0.0,0.0,0.0,0.0,0.0,0.0,0.0,0.0,0.0,1.0,0.0,0.0,0.0,0.0,0.0,0.0,0.0,0.0,0.0,20000.0,0.0,0.0,,,,,,,,,,,,,,,,,,,,,,,,,,,,,,,,,,,,,,,,,,,,,,,,,,,,,,,
2025,DISTRICT_MANAGED_2025.xlsx,Traditional,BARRY,Elementary,HERMOSA,Network 4,37,,,,450.0,,0.0,1.0,1.0,2.0,1.0,1.0,0.0,1.0,0.76,0.0,0.0,189469.77,9.0,19.0,0.5,0.0,2.0,2.0,,1.0,17280.0,69560.0,0.0,4.0,2.0,435.0,422.0,0.0,422.0,24:1,641.0,18.0,4.0,1.0,0.0,0.0,0.0,0.0,0.0,0.0,0.0,0.0,0.0,0.0,0.0,0.0,0.0,0.0,0.0,0.0,0.0,0.0,1.0,0.0,0.0,0.0,0.0,0.0,70000.0,0.0,0.0,,,,,,,,,,,,,,,,,,,,,,,,,,,,,,,,,,,,,,,,,,,,,,,,,,,,,,,
2025,DISTRICT_MANAGED_2025.xlsx,Traditional,BARTON,Elementary,AUBURN GRESHAM,Network 11,41,,,,456.0,,0.0,1.0,1.0,1.0,2.0,1.0,0.0,0.72,0.0,0.0,1.0,191974.2,9.0,21.0,0.5,1.0,4.0,2.0,,0.5,17280.0,0.0,1.0,4.0,1.0,354.0,324.0,10.0,334.0,24:1,689.0,14.0,4.0,1.0,0.0,0.0,0.0,0.0,0.0,0.0,0.0,0.0,0.0,0.0,0.0,0.0,0.0,0.0,0.0,0.0,0.0,0.0,0.0,0.0,0.0,0.0,0.0,0.0,15000.0,0.0,0.0,,,,,,,,,,,,,,,,,,,,,,,,,,,,,,,,,,,,,,,,,,,,,,,,,,,,,,,
2025,DISTRICT_MANAGED_2025.xlsx,Traditional,BASS,Elementary,ENGLEWOOD,Network 11,50,,,,492.0,,0.0,1.0,1.0,1.0,2.0,1.0,0.0,0.0,0.0,0.0,0.55,147678.05,6.0,6.0,0.5,0.0,4.0,2.0,,0.0,17280.0,0.0,0.0,4.0,2.0,253.0,253.0,0.0,253.0,22:1,797.0,12.0,3.0,1.0,1.0,0.0,0.0,0.0,0.0,0.0,0.0,0.0,1.0,0.0,0.0,0.0,0.0,0.0,0.0,0.0,0.0,0.0,0.0,0.0,0.0,0.0,0.0,0.0,65000.0,0.0,0.0,,,,,,,,,,,,,,,,,,,,,,,,,,,,,,,,,,,,,,,,,,,,,,,,,,,,,,,
2025,DISTRICT_MANAGED_2025.xlsx,Traditional,BATEMAN,Elementary,IRVING PARK,Network 1,27,,,,330.0,,0.0,1.0,1.0,1.0,2.0,0.0,3.0,0.0,0.0,0.0,2.0,193200.96,11.0,20.0,1.0,0.0,6.0,4.0,,1.0,17280.0,0.0,0.0,7.0,1.0,827.0,827.0,30.0,857.0,26:1,521.0,33.0,7.0,2.0,0.0,0.0,0.0,0.0,0.0,0.0,1.0,0.0,1.0,0.0,1.0,0.0,0.0,0.0,0.0,0.0,0.0,0.0,1.0,0.0,0.0,0.0,0.0,0.0,0.0,0.0,0.0,,,,,,,,,,,,,,,,,,,,,,,,,,,,,,,,,,,,,,,,,,,,,,,,,,,,,,,
2025,DISTRICT_MANAGED_2025.xlsx,Traditional,BEASLEY,Elementary,WASHINGTON PARK,Network 9,37,,,,360.0,,0.0,1.0,1.0,2.0,2.0,0.0,0.0,1.0,0.0,0.0,3.5,64591.0,7.0,33.0,1.0,0.0,10.0,6.0,,0.0,17280.0,0.0,1.0,11.0,3.0,906.0,885.0,0.0,885.0,24:1,641.0,37.0,8.0,2.0,0.0,0.0,0.0,0.0,1.0,0.0,1.0,1.0,0.0,0.0,0.0,2.0,0.0,0.0,0.0,0.0,1.0,0.0,0.0,0.0,0.0,0.0,1.0,0.0,0.0,0.0,0.0,,,,,,,,,,,,,,,,,,,,,,,,,,,,,,,,,,,,,,,,,,,,,,,,,,,,,,,
2025,DISTRICT_MANAGED_2025.xlsx,Traditional,BEAUBIEN,Elementary,JEFFERSON PARK,Network 1,24,,,,0.0,,0.0,1.0,1.0,1.0,2.0,0.0,0.0,0.0,0.0,3.0,1.0,115744.0,12.0,24.0,1.0,0.0,1.0,1.0,,1.0,17280.0,0.0,0.0,3.0,3.0,1001.0,975.0,0.0,975.0,26:1,485.0,38.0,8.0,0.0,0.0,0.0,0.0,0.0,0.0,0.0,2.0,0.0,1.0,0.0,0.0,0.0,0.0,0.0,0.0,0.0,1.0,0.0,0.0,0.0,0.0,0.0,0.0,0.0,0.0,0.0,0.0,,,,,,,,,,,,,,,,,,,,,,,,,,,,,,,,,,,,,,,,,,,,,,,,,,,,,,,
2025,DISTRICT_MANAGED_2025.xlsx,Traditional,BEETHOVEN,Elementary,GRAND BOULEVARD,Network 9,38,,,,492.0,,0.0,1.0,1.0,1.0,1.0,1.0,0.0,0.0,0.0,2.0,0.0,76983.336,6.0,7.0,0.5,0.0,2.0,2.0,,0.5,17280.0,0.0,1.0,4.0,2.0,283.0,283.0,0.0,283.0,24:1,653.0,12.0,3.0,1.0,0.0,0.0,0.0,0.0,0.0,0.0,0.0,0.0,0.0,1.0,0.0,0.0,0.0,0.0,0.0,0.0,0.0,0.0,0.0,0.0,0.0,0.0,1.0,0.0,65000.0,0.0,0.0,,,,,,,,,,,,,,,,,,,,,,,,,,,,,,,,,,,,,,,,,,,,,,,,,,,,,,,
2025,DISTRICT_MANAGED_2025.xlsx,Traditional,BEIDLER,Elementary,EAST GARFIELD PARK,Network 5,33,,,,474.0,,0.0,1.0,1.0,1.0,1.0,1.0,0.0,0.0,0.0,0.0,1.43,82892.05,4.0,4.0,0.0,0.0,2.0,2.0,,0.0,17280.0,50000.0,0.0,4.0,0.85,228.0,228.0,0.0,228.0,24:1,593.0,10.0,3.0,1.0,0.0,0.0,0.0,0.0,0.0,0.0,0.0,0.0,0.0,0.0,0.0,0.0,0.0,0.0,0.0,0.0,0.0,0.0,0.0,0.0,0.0,0.0,0.0,0.0,65000.0,0.0,0.0,,,,,,,,,,,,,,,,,,,,,,,,,,,,,,,,,,,,,,,,,,,,,,,,,,,,,,,
2025,DISTRICT_MANAGED_2025.xlsx,Traditional,BELDING,Elementary,IRVING PARK,Network 1,26,,,,312.0,,0.0,1.0,1.0,1.0,1.0,1.0,0.0,0.0,0.0,1.0,1.5,261858.83,9.0,12.0,0.5,0.0,2.0,2.0,,1.0,17280.0,0.0,0.0,2.0,1.0,513.0,513.0,0.0,513.0,26:1,509.0,20.0,4.0,2.0,0.0,1.0,0.0,-1.0,0.0,0.0,0.0,0.0,0.0,0.0,0.0,0.0,0.0,0.0,1.0,0.0,0.0,0.0,0.0,0.0,0.0,0.0,0.0,0.0,0.0,0.0,0.0,,,,,,,,,,,,,,,,,,,,,,,,,,,,,,,,,,,,,,,,,,,,,,,,,,,,,,,
2025,DISTRICT_MANAGED_2025.xlsx,Traditional,BELL,Elementary,NORTH CENTER,Network 4,16,,,,0.0,,1.0,1.0,1.0,1.0,2.0,0.0,0.0,1.42,0.0,0.0,0.0,2798.0,12.0,17.0,1.0,7.0,0.0,0.0,,1.0,17280.0,0.0,0.0,3.0,2.0,847.0,825.0,0.0,825.0,26:1,389.0,32.0,8.0,0.0,0.0,1.0,0.0,0.0,0.0,0.0,1.0,1.0,0.0,0.0,0.0,0.0,0.0,0.0,0.0,0.0,1.0,0.0,0.0,0.0,0.0,0.0,0.0,0.0,0.0,0.0,2.0,,,,,,,,,,,,,,,,,,,,,,,,,,,,,,,,,,,,,,,,,,,,,,,,,,,,,,,
2025,DISTRICT_MANAGED_2025.xlsx,Traditional,BELMONT-CRAGIN,Elementary,BELMONT CRAGIN,Network 3,40,,,,354.0,,0.0,1.0,1.0,2.0,2.0,1.0,0.0,0.86,0.0,0.0,1.0,134066.0,6.0,11.0,1.0,0.0,10.0,7.0,,1.0,17280.0,71440.0,0.0,5.0,2.0,391.0,391.0,0.0,391.0,24:1,677.0,17.0,4.0,1.0,0.0,0.0,0.0,0.0,0.0,0.0,0.0,0.39,0.0,0.0,0.0,1.0,0.0,0.0,0.0,0.0,0.0,0.0,1.0,0.0,0.0,0.0,0.0,0.0,0.0,0.0,0.0,,,,,,,,,,,,,,,,,,,,,,,,,,,,,,,,,,,,,,,,,,,,,,,,,,,,,,,
2025,DISTRICT_MANAGED_2025.xlsx,Traditional,BENNETT,Elementary,ROSELAND,Network 13,33,,,,420.0,,0.0,1.0,1.0,1.0,1.0,1.0,0.0,0.0,0.0,0.0,0.85,147431.0,5.0,7.0,0.0,0.0,2.0,2.0,,0.0,17280.0,50000.0,0.0,2.0,1.0,243.0,243.0,0.0,243.0,24:1,593.0,11.0,3.0,1.0,0.0,0.0,0.0,0.0,0.0,0.0,0.0,0.0,0.0,0.0,0.0,0.0,0.0,0.0,0.0,0.0,0.0,0.0,0.0,0.0,0.0,0.0,0.0,0.0,65000.0,0.0,0.0,,,,,,,,,,,,,,,,,,,,,,,,,,,,,,,,,,,,,,,,,,,,,,,,,,,,,,,
2025,DISTRICT_MANAGED_2025.xlsx,Traditional,BLACK,Elementary,CALUMET HEIGHTS,Network 12,32,,,,366.0,,1.0,1.0,1.0,2.0,1.0,1.0,0.0,0.0,0.0,1.0,1.0,123948.026,5.0,6.0,0.0,0.0,0.0,0.0,,0.0,17280.0,50000.0,0.0,4.0,2.0,356.0,356.0,0.0,356.0,24:1,581.0,15.0,3.0,1.0,0.0,0.0,0.0,0.0,0.0,0.0,0.0,0.0,0.0,0.0,0.0,0.0,0.0,0.0,0.0,0.0,0.0,0.0,0.0,0.0,0.0,0.0,0.0,0.0,0.0,0.0,0.0,,,,,,,,,,,,,,,,,,,,,,,,,,,,,,,,,,,,,,,,,,,,,,,,,,,,,,,
2025,DISTRICT_MANAGED_2025.xlsx,Traditional,BLAINE,Elementary,LAKE VIEW,Network 4,22,,,,0.0,,1.0,1.0,1.0,1.0,1.0,0.0,0.0,1.0,0.0,0.0,1.17,2565.0,13.0,13.0,0.5,0.0,4.0,4.0,,0.5,17280.0,0.0,0.0,3.0,1.83,553.0,553.0,0.0,553.0,26:1,461.0,22.0,5.0,0.0,0.0,0.0,0.0,0.0,0.0,0.0,0.0,0.0,1.0,0.0,0.0,0.0,0.0,0.0,0.0,0.0,0.0,0.0,0.0,0.0,0.0,0.0,0.0,0.0,0.0,2.0,0.5,,,,,,,,,,,,,,,,,,,,,,,,,,,,,,,,,,,,,,,,,,,,,,,,,,,,,,,
2025,DISTRICT_MANAGED_2025.xlsx,Traditional,BOGAN HS,High School,ASHBURN,Network 16,38,,,,402.0,,0.0,1.0,1.0,1.0,2.0,1.0,0.0,0.6,0.0,0.28,5.92,4722.7,14.0,18.0,1.0,0.0,0.0,0.0,,1.0,17280.0,103400.0,0.0,4.0,6.0,574.0,537.0,0.0,537.0,19:1,1527.0,29.0,0.0,1.0,0.0,0.0,0.0,0.0,1.0,0.0,0.0,1.0,2.0,0.0,1.0,0.0,0.5,0.0,2.0,0.0,0.0,0.0,0.0,0.0,0.0,2.0,0.0,150000.0,100000.0,0.0,0.0,,,,,,,,,,,,,,,,,,,,,,,,,,,,,,,,,,,,,,,,,,,,,,,,,,,,,,,
2025,DISTRICT_MANAGED_2025.xlsx,Traditional,BOND,Elementary,ENGLEWOOD,Network 11,47,,,,438.0,,0.0,1.0,1.0,1.0,1.0,1.0,0.0,0.0,0.0,0.0,0.27,161169.0,9.0,15.0,0.5,0.0,2.0,2.0,,0.0,17280.0,0.0,1.0,3.0,2.0,235.0,200.0,0.0,200.0,22:1,761.0,10.0,3.0,1.0,0.0,0.0,0.0,0.0,0.0,0.0,0.0,0.0,0.0,0.0,0.0,0.0,0.0,0.0,0.0,0.0,0.0,0.0,0.0,0.0,0.0,0.0,0.0,0.0,0.0,0.0,0.0,,,,,,,,,,,,,,,,,,,,,,,,,,,,,,,,,,,,,,,,,,,,,,,,,,,,,,,
2025,DISTRICT_MANAGED_2025.xlsx,Traditional,BOUCHET,Elementary,SOUTH SHORE,Network 12,45,,,,480.0,,0.0,1.0,1.0,1.0,2.0,1.0,0.0,0.0,0.0,0.0,2.0,345970.0833,12.0,25.0,1.0,0.0,3.0,3.0,,0.5,17280.0,0.0,1.0,6.0,3.0,589.0,565.0,10.0,575.0,22:1,737.0,27.0,6.0,2.0,0.0,0.0,0.0,-1.0,1.0,0.0,0.0,1.0,1.0,0.0,0.0,0.0,0.0,0.0,2.0,0.0,0.0,0.0,0.0,0.0,0.0,0.0,1.0,0.0,20000.0,0.0,0.0,,,,,,,,,,,,,,,,,,,,,,,,,,,,,,,,,,,,,,,,,,,,,,,,,,,,,,,
2025,DISTRICT_MANAGED_2025.xlsx,Traditional,BOWEN HS,High School,SOUTH CHICAGO,Network 17,44,,,,444.0,,0.0,1.0,1.0,1.0,1.0,1.0,0.0,0.0,0.0,0.0,3.25,58060.60946666667,8.0,8.0,0.5,0.0,0.0,0.0,,0.5,17280.0,0.0,0.5,5.0,6.0,172.0,157.0,10.0,167.0,18:1,1635.0,10.0,0.0,1.0,0.0,0.0,0.0,0.0,0.0,0.0,0.0,0.0,0.0,0.0,1.0,0.0,0.5,0.0,0.0,0.0,0.0,0.0,0.0,0.0,0.0,3.0,1.0,160000.0,100000.0,0.0,0.0,,,,,,,,,,,,,,,,,,,,,,,,,,,,,,,,,,,,,,,,,,,,,,,,,,,,,,,
2025,DISTRICT_MANAGED_2025.xlsx,Traditional,BRADWELL,Elementary,SOUTH SHORE,Network 12,41,,,,474.0,,0.0,1.0,1.0,1.0,2.0,1.0,1.0,0.0,0.0,0.0,2.25,242673.88,12.0,9.0,0.5,0.0,2.0,2.0,,1.5,17280.0,0.0,1.0,4.0,2.0,390.0,390.0,30.0,420.0,24:1,689.0,18.0,4.0,1.0,0.0,0.0,0.0,0.0,0.0,0.0,0.0,0.0,0.0,0.0,0.0,0.0,0.0,0.0,0.0,0.0,0.0,0.0,0.0,0.0,0.0,0.0,0.0,0.0,15000.0,0.0,0.0,,,,,,,,,,,,,,,,,,,,,,,,,,,,,,,,,,,,,,,,,,,,,,,,,,,,,,,
2025,DISTRICT_MANAGED_2025.xlsx,Traditional,BRENNEMANN,Elementary,UPTOWN,Network 2,41,,,,456.0,,0.0,1.0,1.0,1.0,2.0,1.0,0.0,1.77,0.0,0.0,0.71,169532.35,10.5,19.0,0.5,0.0,5.0,3.0,,1.0,17280.0,69560.0,0.0,4.0,1.0,418.0,388.0,0.0,388.0,24:1,689.0,17.0,4.0,1.0,0.0,0.0,0.0,0.0,0.0,0.0,0.0,0.0,0.0,0.0,0.0,0.0,0.0,0.0,0.0,0.0,0.0,0.0,0.0,0.0,0.0,0.0,0.0,0.0,0.0,0.0,0.0,,,,,,,,,,,,,,,,,,,,,,,,,,,,,,,,,,,,,,,,,,,,,,,,,,,,,,,
2025,DISTRICT_MANAGED_2025.xlsx,Traditional,BRENTANO,Elementary,LOGAN SQUARE,Network 4,24,,,,0.0,,1.0,1.0,1.0,1.0,2.0,0.0,0.0,2.0,0.0,0.0,0.0,142325.3,11.0,17.0,0.5,0.0,6.0,3.0,,1.0,17280.0,0.0,0.0,2.0,1.0,664.0,664.0,0.0,664.0,26:1,485.0,26.0,6.0,0.0,0.0,0.0,0.0,0.0,0.0,0.0,1.0,0.0,0.0,0.0,0.0,0.0,0.0,0.0,0.0,0.0,0.0,0.0,0.0,0.0,0.0,0.0,0.0,0.0,0.0,0.0,0.0,,,,,,,,,,,,,,,,,,,,,,,,,,,,,,,,,,,,,,,,,,,,,,,,,,,,,,,
2025,DISTRICT_MANAGED_2025.xlsx,Traditional,BRIDGE,Elementary,DUNNING,Network 1,22,,,,330.0,,0.0,1.0,1.0,2.0,2.0,0.0,0.0,0.0,0.0,0.0,0.0,187034.63,10.0,16.0,1.0,0.0,7.0,4.0,,1.0,17280.0,0.0,0.0,4.0,3.0,1000.0,1000.0,0.0,1000.0,26:1,461.0,39.0,8.0,3.0,0.0,0.0,0.0,0.0,0.0,0.0,2.0,1.0,2.0,0.0,1.0,0.0,0.0,0.0,0.0,0.0,0.0,0.0,0.0,0.0,0.0,0.0,0.0,0.0,0.0,0.0,0.0,,,,,,,,,,,,,,,,,,,,,,,,,,,,,,,,,,,,,,,,,,,,,,,,,,,,,,,
2025,DISTRICT_MANAGED_2025.xlsx,Traditional,BRIGHT,Elementary,SOUTH DEERING,Network 13,41,,,,384.0,,0.0,1.0,1.0,1.0,1.0,1.0,0.0,0.0,0.0,0.0,1.0,139554.5,10.0,20.0,0.0,0.0,2.0,1.0,,1.0,17280.0,50000.0,0.0,2.0,1.0,192.0,156.0,10.0,166.0,24:1,689.0,10.0,3.0,1.0,0.0,0.0,0.0,0.0,0.0,0.0,0.0,0.0,0.0,0.0,0.0,0.0,0.0,0.0,0.0,0.0,0.0,0.0,0.0,0.0,0.0,0.0,0.0,0.0,65000.0,0.0,0.0,,,,,,,,,,,,,,,,,,,,,,,,,,,,,,,,,,,,,,,,,,,,,,,,,,,,,,,
2025,DISTRICT_MANAGED_2025.xlsx,Traditional,BRIGHTON PARK,Elementary,BRIGHTON PARK,Network 8,43,,,,462.0,,0.0,1.0,1.0,1.0,1.0,1.0,0.0,0.5,0.0,0.5,0.0,125576.84,6.0,6.0,0.0,0.0,1.0,1.0,,1.0,17280.0,0.0,1.0,4.0,1.0,265.0,265.0,0.0,265.0,22:1,713.0,13.0,3.0,1.0,0.0,0.0,0.0,0.0,0.0,0.0,0.0,0.0,0.0,0.0,1.0,0.0,0.0,0.0,0.0,0.0,0.0,0.0,0.0,0.0,0.0,0.0,0.0,0.0,70000.0,0.0,0.0,,,,,,,,,,,,,,,,,,,,,,,,,,,,,,,,,,,,,,,,,,,,,,,,,,,,,,,
2025,DISTRICT_MANAGED_2025.xlsx,Traditional,BRONZEVILLE CLASSICAL,Elementary,GRAND BOULEVARD,Network 9,28,,,,0.0,,0.0,1.0,1.0,1.0,1.0,1.0,0.0,0.0,0.0,0.0,1.0,181449.27,2.0,5.0,0.0,0.0,0.0,0.0,,0.0,17280.0,0.0,0.0,3.0,1.0,423.0,423.0,0.0,423.0,26:1,533.0,18.0,4.0,0.0,0.0,0.0,0.0,0.0,0.0,0.0,0.0,0.0,0.0,0.0,0.0,0.0,0.0,0.0,0.0,0.0,0.0,1.0,0.0,0.0,0.0,0.0,0.0,0.0,0.0,0.0,0.0,,,,,,,,,,,,,,,,,,,,,,,,,,,,,,,,,,,,,,,,,,,,,,,,,,,,,,,
2025,DISTRICT_MANAGED_2025.xlsx,Traditional,BRONZEVILLE HS,High School,GRAND BOULEVARD,Network 17,46,,,,444.0,,0.0,1.0,1.0,1.0,1.0,1.0,0.0,1.0,0.0,0.0,1.0,272277.5,6.0,6.0,0.0,0.0,0.0,0.0,,0.0,17280.0,0.0,0.0,0.0,1.0,104.0,91.0,0.0,91.0,18:1,1671.0,10.0,0.0,1.0,0.0,0.0,0.0,0.0,0.0,0.0,0.0,0.0,0.0,0.0,0.5,0.0,0.5,0.0,1.0,0.0,0.0,0.0,0.0,0.0,0.0,0.0,0.0,80000.0,0.0,0.0,0.0,,,,,,,,,,,,,,,,,,,,,,,,,,,,,,,,,,,,,,,,,,,,,,,,,,,,,,,
2025,DISTRICT_MANAGED_2025.xlsx,Traditional,BROOKS HS,High School,ROSELAND,ISP,26,,,,336.0,,2.0,1.0,1.0,1.0,2.0,0.0,0.0,0.0,2.0,0.0,7.0600000000000005,363901.5,7.0,21.0,0.5,0.0,0.0,0.0,,0.0,17280.0,0.0,0.0,5.0,6.0,974.0,942.0,0.0,942.0,21:1,1311.0,45.0,0.0,2.0,0.0,0.0,0.0,0.0,0.0,1.0,1.0,0.0,0.0,0.0,1.0,0.0,0.0,0.0,0.0,0.0,0.0,0.0,0.0,0.0,0.0,0.0,0.0,0.0,0.0,0.0,0.0,,,,,,,,,,,,,,,,,,,,,,,,,,,,,,,,,,,,,,,,,,,,,,,,,,,,,,,
2025,DISTRICT_MANAGED_2025.xlsx,Traditional,BROWN R,Elementary,WEST PULLMAN,Network 13,44,,,,462.0,,0.0,1.0,1.0,1.0,1.0,1.0,0.0,0.6,0.0,0.0,0.0,144065.0,6.0,9.0,0.5,0.0,2.0,1.0,,0.0,17280.0,0.0,1.0,2.0,1.0,245.0,245.0,0.0,245.0,22:1,725.0,12.0,3.0,1.0,0.0,0.0,0.0,0.0,0.0,0.0,0.0,0.0,0.0,0.0,1.0,0.0,0.0,0.0,0.0,0.0,0.0,0.0,0.0,0.0,0.0,0.0,0.0,0.0,0.0,0.0,0.0,,,,,,,,,,,,,,,,,,,,,,,,,,,,,,,,,,,,,,,,,,,,,,,,,,,,,,,
2025,DISTRICT_MANAGED_2025.xlsx,Traditional,BROWN W,Elementary,NEAR WEST SIDE,Network 6,39,,,,438.0,,0.0,1.0,1.0,1.0,1.0,1.0,0.0,0.0,0.0,0.0,0.5,91238.24,10.0,15.0,0.5,0.0,1.0,1.0,,0.0,17280.0,0.0,0.0,2.0,2.0,237.0,212.0,0.0,212.0,24:1,665.0,10.0,3.0,1.0,0.0,0.0,0.0,0.0,0.0,0.0,0.0,0.0,1.0,0.0,0.0,0.0,0.0,0.0,0.0,1.0,0.0,0.0,0.0,0.0,0.0,0.0,0.0,0.0,0.0,0.0,0.0,,,,,,,,,,,,,,,,,,,,,,,,,,,,,,,,,,,,,,,,,,,,,,,,,,,,,,,
2025,DISTRICT_MANAGED_2025.xlsx,Traditional,BROWNELL,Elementary,GREATER GRAND CROSSING,Network 12,39,,,,462.0,,0.0,1.0,1.0,1.0,1.0,1.0,0.0,0.0,0.0,0.0,0.46,101477.6,3.0,4.0,0.0,0.0,1.0,1.0,,0.0,17280.0,50000.0,0.0,2.0,1.0,118.0,118.0,0.0,118.0,24:1,665.0,7.0,3.0,1.0,0.0,0.0,0.0,0.0,0.0,0.0,0.0,0.0,0.0,0.0,0.0,0.0,0.0,0.0,0.0,0.0,0.0,0.0,0.0,0.0,0.0,0.0,0.0,0.0,0.0,0.0,0.0,,,,,,,,,,,,,,,,,,,,,,,,,,,,,,,,,,,,,,,,,,,,,,,,,,,,,,,
2025,DISTRICT_MANAGED_2025.xlsx,Traditional,BRUNSON,Elementary,AUSTIN,Network 3,41,,,,468.0,,0.0,1.0,1.0,1.0,1.0,1.0,0.0,1.05,0.0,0.0,0.0,42802.835,7.0,21.0,1.0,0.0,5.0,3.0,,1.0,17280.0,0.0,1.0,5.0,1.0,345.0,327.0,10.0,337.0,24:1,689.0,15.0,4.0,1.0,0.0,0.0,0.0,0.0,0.0,0.0,0.0,0.0,0.0,0.0,1.0,0.0,0.0,0.0,0.0,0.0,0.0,0.0,0.0,0.0,0.0,0.0,0.0,0.0,20000.0,0.0,0.0,,,,,,,,,,,,,,,,,,,,,,,,,,,,,,,,,,,,,,,,,,,,,,,,,,,,,,,
2025,DISTRICT_MANAGED_2025.xlsx,Traditional,BUDLONG,Elementary,LINCOLN SQUARE,ISP,21,,,,366.0,,0.0,1.0,1.0,1.0,2.0,1.0,0.0,2.06,0.0,0.0,2.5,71134.16,11.0,17.0,0.5,0.0,7.0,5.0,,1.0,17280.0,0.0,0.0,6.0,2.0,634.0,621.0,0.0,621.0,26:1,449.0,24.0,5.0,2.0,0.0,0.0,0.0,0.0,0.0,0.0,0.0,0.0,0.0,0.0,0.0,0.0,0.0,0.0,0.0,0.0,0.0,0.0,0.0,0.0,0.0,0.0,0.0,0.0,0.0,0.0,0.0,,,,,,,,,,,,,,,,,,,,,,,,,,,,,,,,,,,,,,,,,,,,,,,,,,,,,,,
2025,DISTRICT_MANAGED_2025.xlsx,Traditional,BURBANK,Elementary,BELMONT CRAGIN,Network 3,43,,,,438.0,,0.0,1.0,1.0,1.0,2.0,0.0,0.0,1.0,0.0,2.0,2.0,268451.44,11.0,36.0,1.0,0.0,4.0,3.0,,1.0,17280.0,90240.0,0.0,10.0,2.0,633.0,590.0,20.0,610.0,22:1,713.0,28.0,7.0,2.0,0.0,0.0,0.0,-1.0,1.0,0.0,1.0,0.0,0.0,0.0,1.0,0.0,0.0,0.0,0.0,0.0,0.0,0.0,0.0,0.0,0.0,0.0,0.0,0.0,0.0,0.0,0.0,,,,,,,,,,,,,,,,,,,,,,,,,,,,,,,,,,,,,,,,,,,,,,,,,,,,,,,
2025,DISTRICT_MANAGED_2025.xlsx,Traditional,BURKE,Elementary,WASHINGTON PARK,Network 9,42,,,,462.0,,1.0,1.0,1.0,2.0,1.0,1.0,0.0,0.0,1.0,0.0,0.0,147202.5,7.0,9.0,0.5,0.0,3.0,2.0,,0.0,17280.0,0.0,1.0,2.0,2.0,215.0,215.0,10.0,225.0,22:1,701.0,11.0,3.0,1.0,0.0,0.0,0.0,0.0,0.0,0.0,0.0,0.0,0.0,0.0,0.0,2.0,0.0,0.0,0.0,0.0,0.0,0.0,0.0,0.0,0.0,0.0,0.0,0.0,100000.0,0.0,0.0,,,,,,,,,,,,,,,,,,,,,,,,,,,,,,,,,,,,,,,,,,,,,,,,,,,,,,,
2025,DISTRICT_MANAGED_2025.xlsx,Traditional,BURLEY,Elementary,LAKE VIEW,Network 4,18,,,,0.0,,0.0,1.0,1.0,1.0,1.0,1.0,0.0,0.5,0.0,0.0,0.0,147289.6,7.0,6.0,0.5,0.0,0.0,0.0,,0.0,17280.0,0.0,0.0,2.0,1.0,496.0,496.0,0.0,496.0,26:1,413.0,20.0,4.0,0.0,0.0,0.0,0.0,0.0,0.0,0.0,0.0,0.0,0.0,0.0,0.0,0.0,0.0,0.0,0.0,0.0,0.0,0.0,0.0,0.0,0.0,0.0,0.0,0.0,0.0,1.0,1.0,,,,,,,,,,,,,,,,,,,,,,,,,,,,,,,,,,,,,,,,,,,,,,,,,,,,,,,
2025,DISTRICT_MANAGED_2025.xlsx,Traditional,BURNHAM,Elementary,SOUTH DEERING,Network 13,39,,,,480.0,,0.0,1.0,1.0,1.0,1.0,1.0,0.0,0.7,0.0,0.0,0.65,252085.25,9.0,15.0,0.5,0.0,2.0,2.0,,0.0,17280.0,62040.0,0.0,4.0,2.0,387.0,376.0,0.0,376.0,24:1,665.0,16.0,4.0,1.0,0.0,0.0,0.0,0.0,0.0,0.0,0.0,0.0,0.0,0.0,0.0,0.0,0.0,0.0,0.0,0.0,0.0,0.0,0.0,0.0,0.0,0.0,0.0,0.0,70000.0,0.0,0.0,,,,,,,,,,,,,,,,,,,,,,,,,,,,,,,,,,,,,,,,,,,,,,,,,,,,,,,
2025,DISTRICT_MANAGED_2025.xlsx,Traditional,BURNSIDE,Elementary,CHATHAM,Network 12,35,,,,408.0,,0.0,1.0,1.0,1.0,1.0,1.0,0.0,0.13,0.0,0.0,0.0,56255.0,6.0,21.0,0.5,0.0,1.0,1.0,,0.0,17280.0,50000.0,0.0,4.0,2.0,268.0,234.0,0.0,234.0,24:1,617.0,10.0,3.0,1.0,0.0,0.0,0.0,0.0,0.0,0.0,0.0,0.0,1.0,0.0,0.0,0.0,0.0,0.0,0.0,0.0,0.0,0.0,0.0,0.0,0.0,0.0,0.0,0.0,0.0,0.0,0.0,,,,,,,,,,,,,,,,,,,,,,,,,,,,,,,,,,,,,,,,,,,,,,,,,,,,,,,
2025,DISTRICT_MANAGED_2025.xlsx,Traditional,BURR,Elementary,WEST TOWN,Network 6,25,,,,0.0,,0.0,1.0,1.0,1.0,1.0,1.0,0.0,0.5,0.0,0.0,0.0,120148.0,7.0,9.0,0.5,0.0,0.0,0.0,,1.0,17280.0,0.0,0.0,2.0,1.0,447.0,447.0,10.0,457.0,26:1,497.0,18.0,4.0,0.0,0.0,0.0,0.0,0.0,0.0,0.0,0.0,0.0,0.0,0.0,0.0,0.0,0.0,0.0,0.0,0.0,0.0,1.0,0.0,0.0,0.0,0.0,0.0,0.0,0.0,0.0,0.0,,,,,,,,,,,,,,,,,,,,,,,,,,,,,,,,,,,,,,,,,,,,,,,,,,,,,,,
2025,DISTRICT_MANAGED_2025.xlsx,Traditional,BURROUGHS,Elementary,BRIGHTON PARK,Network 8,44,,,,462.0,,0.0,1.0,1.0,1.0,1.0,1.0,0.0,0.0,0.0,2.0,1.0,105714.0,8.0,10.0,0.5,0.0,1.0,1.0,,1.0,17280.0,56400.0,0.0,4.0,1.0,288.0,288.0,0.0,288.0,22:1,725.0,14.0,3.0,1.0,0.0,0.0,0.0,0.0,0.0,0.0,0.0,0.0,0.0,0.0,0.0,0.0,0.0,0.0,0.0,0.0,0.0,0.0,0.0,0.0,0.0,0.0,0.0,0.0,0.0,0.0,0.0,,,,,,,,,,,,,,,,,,,,,,,,,,,,,,,,,,,,,,,,,,,,,,,,,,,,,,,
2025,DISTRICT_MANAGED_2025.xlsx,Traditional,BYRNE,Elementary,GARFIELD RIDGE,Network 10,25,,,,342.0,,0.0,1.0,1.0,1.0,1.0,1.0,0.0,1.27,0.0,0.0,0.0,175939.94,10.0,29.0,1.0,0.0,0.0,0.0,,1.0,17280.0,0.0,0.0,5.0,2.0,580.0,541.0,0.0,541.0,26:1,497.0,21.0,5.0,2.0,0.0,0.0,0.0,0.0,0.0,0.0,0.0,0.0,0.0,0.0,0.0,0.0,0.0,0.0,1.0,0.0,0.0,0.0,0.0,0.0,0.0,0.0,0.0,0.0,0.0,0.0,0.0,,,,,,,,,,,,,,,,,,,,,,,,,,,,,,,,,,,,,,,,,,,,,,,,,,,,,,,
2025,DISTRICT_MANAGED_2025.xlsx,Traditional,CALMECA,Elementary,BRIGHTON PARK,Network 8,41,,,,432.0,,0.0,1.0,1.0,1.0,2.0,1.0,0.0,0.0,0.0,3.0,1.0,188264.75,9.0,13.0,1.0,0.0,4.0,2.0,,1.0,17280.0,90240.0,0.0,5.0,2.0,581.0,581.0,0.0,581.0,24:1,689.0,25.0,5.0,2.0,0.0,1.0,0.0,0.0,1.0,0.0,0.0,0.0,0.0,0.0,1.0,0.0,0.0,0.0,0.0,0.0,0.0,0.0,1.0,0.0,0.0,0.0,0.0,0.0,0.0,0.0,0.0,,,,,,,,,,,,,,,,,,,,,,,,,,,,,,,,,,,,,,,,,,,,,,,,,,,,,,,
2025,DISTRICT_MANAGED_2025.xlsx,Traditional,CAMERON,Elementary,HUMBOLDT PARK,Network 5,44,,,,480.0,,0.0,1.0,1.0,1.0,2.0,1.0,0.0,0.59,0.0,1.0,4.0,230294.98,8.5,6.0,0.0,0.0,2.0,2.0,,1.0,17280.0,0.0,1.0,7.0,2.0,580.0,580.0,50.0,630.0,22:1,725.0,29.0,6.0,2.0,0.0,0.0,0.0,0.0,0.0,0.0,0.0,0.0,0.0,0.0,1.0,0.0,0.0,0.0,0.0,0.0,0.0,0.0,0.0,0.0,0.0,0.0,1.0,0.0,0.0,0.0,0.0,,,,,,,,,,,,,,,,,,,,,,,,,,,,,,,,,,,,,,,,,,,,,,,,,,,,,,,
2025,DISTRICT_MANAGED_2025.xlsx,Traditional,CAMRAS,Elementary,BELMONT CRAGIN,ISP,38,,,,438.0,,0.0,1.0,1.0,1.0,1.0,0.0,1.0,0.0,0.0,0.0,0.0,342004.87,9.0,11.0,1.0,0.0,7.0,4.0,,1.0,17280.0,116560.0,0.0,5.0,2.0,635.0,635.0,10.0,645.0,24:1,653.0,27.0,6.0,2.0,0.0,0.0,0.0,0.0,1.0,0.0,1.0,0.0,1.0,0.0,1.0,0.0,0.0,0.0,0.0,0.0,0.0,0.0,0.0,0.0,0.0,0.0,0.0,0.0,0.0,0.0,0.0,,,,,,,,,,,,,,,,,,,,,,,,,,,,,,,,,,,,,,,,,,,,,,,,,,,,,,,
2025,DISTRICT_MANAGED_2025.xlsx,Traditional,CANTY,Elementary,DUNNING,Network 1,22,,,,306.0,,0.0,1.0,1.0,2.0,2.0,0.0,0.0,0.0,0.0,0.0,1.84,324480.43,16.0,27.0,1.0,0.0,5.0,4.0,,1.0,17280.0,0.0,0.0,4.0,3.0,717.0,716.0,0.0,716.0,26:1,461.0,28.0,6.0,2.0,0.0,0.0,0.0,-1.0,0.0,0.0,1.0,0.0,0.0,0.0,0.0,0.0,0.0,0.0,0.0,0.0,0.0,0.0,0.0,0.0,0.0,0.0,0.0,0.0,0.0,0.0,0.0,,,,,,,,,,,,,,,,,,,,,,,,,,,,,,,,,,,,,,,,,,,,,,,,,,,,,,,
2025,DISTRICT_MANAGED_2025.xlsx,Traditional,CARDENAS,Elementary,SOUTH LAWNDALE,ISP,37,,,,474.0,,0.0,1.0,1.0,3.0,2.0,0.0,0.0,1.69,0.0,0.0,0.0,500647.34,10.0,18.0,1.0,0.0,6.0,3.0,,1.0,17280.0,122200.0,0.0,10.0,5.0,724.0,724.0,30.0,754.0,24:1,641.0,32.0,7.0,2.0,0.0,0.0,0.0,-1.0,1.0,0.0,1.0,1.0,0.0,0.0,0.0,0.0,0.0,0.0,0.0,0.0,0.0,0.0,0.0,0.0,0.0,0.0,0.0,0.0,0.0,0.0,0.0,,,,,,,,,,,,,,,,,,,,,,,,,,,,,,,,,,,,,,,,,,,,,,,,,,,,,,,
2025,DISTRICT_MANAGED_2025.xlsx,Traditional,CARNEGIE,Elementary,WOODLAWN,Network 9,33,,,,426.0,,0.0,1.0,1.0,1.0,1.0,1.0,0.0,0.24,0.0,0.0,1.0,257453.23,6.0,12.0,0.5,0.0,0.0,0.0,,0.0,17280.0,69560.0,0.0,4.0,2.0,406.0,406.0,0.0,406.0,24:1,593.0,17.0,4.0,1.0,0.0,0.0,0.0,0.0,0.0,0.0,0.0,0.0,0.0,0.0,0.0,0.0,0.0,0.0,1.0,0.0,1.0,0.0,0.0,0.0,0.0,0.0,0.0,0.0,20000.0,0.0,0.0,,,,,,,,,,,,,,,,,,,,,,,,,,,,,,,,,,,,,,,,,,,,,,,,,,,,,,,
2025,DISTRICT_MANAGED_2025.xlsx,Traditional,CARROLL,Elementary,ASHBURN,Network 10,32,,,,450.0,,2.0,1.0,1.0,3.0,1.0,1.0,0.0,2.4,0.0,0.0,0.0,35953.5,8.0,11.0,0.5,0.0,4.0,3.0,,0.0,17280.0,52640.0,0.0,5.0,3.0,330.0,330.0,0.0,330.0,24:1,581.0,14.0,3.0,1.0,0.0,0.0,0.0,0.0,0.0,0.0,0.0,0.0,0.0,0.0,0.0,0.0,0.0,0.0,0.0,0.0,0.0,0.0,0.0,0.0,0.0,0.0,0.0,0.0,0.0,0.0,0.0,,,,,,,,,,,,,,,,,,,,,,,,,,,,,,,,,,,,,,,,,,,,,,,,,,,,,,,
2025,DISTRICT_MANAGED_2025.xlsx,Traditional,CARSON,Elementary,GAGE PARK,ISP,43,,,,450.0,,0.0,1.0,1.0,1.0,2.0,0.0,0.0,0.5,0.0,1.0,5.0,342661.7,7.5,7.0,0.0,0.0,3.0,3.0,,1.0,17280.0,99640.0,0.0,10.0,2.0,714.0,714.0,20.0,734.0,22:1,713.0,34.0,7.0,2.0,0.0,0.0,0.0,-3.0,1.0,0.0,1.0,1.0,2.0,0.0,0.0,0.0,0.0,0.0,0.0,0.0,0.0,0.0,1.0,0.0,0.0,0.0,0.0,0.0,0.0,0.0,0.0,,,,,,,,,,,,,,,,,,,,,,,,,,,,,,,,,,,,,,,,,,,,,,,,,,,,,,,
2025,DISTRICT_MANAGED_2025.xlsx,Traditional,CARTER,Elementary,WASHINGTON PARK,Network 9,38,,,,402.0,,0.0,1.0,1.0,1.0,1.0,1.0,0.0,0.51,0.0,0.0,0.0,115708.89,6.0,4.0,0.0,0.0,1.0,1.0,,0.0,17280.0,0.0,1.0,4.0,1.0,264.0,264.0,0.0,264.0,24:1,653.0,11.0,3.0,1.0,0.0,0.0,0.0,0.0,0.0,0.0,0.0,0.0,0.0,0.0,0.0,0.0,0.0,0.0,0.0,0.0,0.0,0.0,0.0,0.0,0.0,0.0,0.0,0.0,0.0,0.0,0.0,,,,,,,,,,,,,,,,,,,,,,,,,,,,,,,,,,,,,,,,,,,,,,,,,,,,,,,
2025,DISTRICT_MANAGED_2025.xlsx,Traditional,CARVER G,Elementary,RIVERDALE,Network 13,44,,,,480.0,,0.0,1.0,1.0,2.0,2.0,1.0,0.0,0.0,0.0,1.0,4.0,81504.1,5.0,5.0,0.0,0.0,3.0,2.0,,0.0,17280.0,0.0,1.0,4.0,4.0,435.0,435.0,0.0,435.0,22:1,725.0,20.0,4.0,1.0,0.0,0.0,0.0,0.0,0.0,0.0,0.0,0.0,0.0,0.0,0.0,2.0,0.0,0.0,0.0,0.0,0.0,0.0,0.0,0.0,0.0,0.0,1.0,0.0,15000.0,0.0,0.0,,,,,,,,,,,,,,,,,,,,,,,,,,,,,,,,,,,,,,,,,,,,,,,,,,,,,,,
2025,DISTRICT_MANAGED_2025.xlsx,Traditional,CARVER MILITARY HS,High School,RIVERDALE,Network 17,38,,,,384.0,,0.0,1.0,1.0,1.0,1.0,1.0,0.0,0.0,0.0,0.0,4.23,203877.14,7.0,4.0,0.5,0.0,0.0,0.0,,1.0,17280.0,0.0,0.0,5.0,4.0,410.0,410.0,0.0,410.0,19:1,1527.0,22.0,0.0,1.0,0.0,0.0,0.0,0.0,0.0,1.0,0.0,0.0,0.0,0.0,1.0,0.0,0.0,0.0,0.0,0.0,0.0,0.0,0.0,0.0,0.0,7.0,0.0,150000.0,0.0,0.0,0.0,,,,,,,,,,,,,,,,,,,,,,,,,,,,,,,,,,,,,,,,,,,,,,,,,,,,,,,
2025,DISTRICT_MANAGED_2025.xlsx,Traditional,CASALS,Elementary,HUMBOLDT PARK,Network 5,43,,,,432.0,,0.0,1.0,1.0,1.0,1.0,1.0,0.0,0.0,0.0,0.0,0.31,188770.19,4.0,1.0,0.5,0.0,5.0,3.0,,1.0,17280.0,56400.0,0.0,4.0,2.0,315.0,315.0,0.0,315.0,22:1,713.0,15.0,3.0,1.0,0.0,0.0,0.0,0.0,0.0,0.0,0.0,0.0,0.0,0.0,0.0,0.0,0.0,0.0,0.0,0.0,0.0,0.0,0.0,0.0,0.0,0.0,0.0,0.0,0.0,0.0,0.0,,,,,,,,,,,,,,,,,,,,,,,,,,,,,,,,,,,,,,,,,,,,,,,,,,,,,,,
2025,DISTRICT_MANAGED_2025.xlsx,Traditional,CASSELL,Elementary,MOUNT GREENWOOD,ISP,24,,,,0.0,,2.0,1.0,1.0,1.0,1.0,1.0,0.0,1.0,0.0,0.0,0.0,81227.75,12.5,15.0,0.0,0.0,0.0,0.0,,0.5,17280.0,0.0,0.0,2.0,1.0,354.0,340.0,0.0,340.0,26:1,485.0,14.0,4.0,0.0,0.0,0.0,0.0,0.0,0.0,0.0,0.0,0.0,0.0,0.0,0.0,0.0,0.0,0.0,0.0,0.0,0.0,0.0,0.0,0.0,0.0,0.0,0.0,0.0,0.0,0.0,0.0,,,,,,,,,,,,,,,,,,,,,,,,,,,,,,,,,,,,,,,,,,,,,,,,,,,,,,,
2025,DISTRICT_MANAGED_2025.xlsx,Traditional,CATHER,Elementary,EAST GARFIELD PARK,Network 5,43,,,,474.0,,0.0,1.0,1.0,1.0,1.0,1.0,0.0,0.5,0.0,0.0,0.24,233060.35,12.0,17.0,1.0,0.0,4.0,2.0,,0.0,17280.0,0.0,1.0,4.0,2.0,288.0,264.0,10.0,274.0,22:1,713.0,13.0,3.0,1.0,0.0,0.0,0.0,0.0,0.0,0.0,0.0,0.0,0.0,0.0,0.0,0.0,0.0,0.0,0.0,0.0,0.0,0.0,0.0,0.0,0.0,0.0,1.0,0.0,100000.0,0.0,0.0,,,,,,,,,,,,,,,,,,,,,,,,,,,,,,,,,,,,,,,,,,,,,,,,,,,,,,,
2025,DISTRICT_MANAGED_2025.xlsx,Traditional,CHALMERS,Elementary,NORTH LAWNDALE,Network 5,46,,,,480.0,,0.0,1.0,1.0,1.0,1.0,1.0,0.0,0.0,0.0,0.0,1.9,117685.0,5.0,8.0,0.5,0.0,4.0,2.0,,0.0,17280.0,0.0,1.0,3.0,1.0,203.0,203.0,0.0,203.0,22:1,749.0,11.0,3.0,1.0,0.0,0.0,0.0,0.0,1.0,0.0,0.0,0.0,0.0,0.0,0.0,0.0,0.0,0.0,0.0,2.0,0.0,0.0,0.0,0.0,0.0,0.0,1.0,0.0,65000.0,0.0,0.0,,,,,,,,,,,,,,,,,,,,,,,,,,,,,,,,,,,,,,,,,,,,,,,,,,,,,,,
2025,DISTRICT_MANAGED_2025.xlsx,Traditional,CHAPPELL,Elementary,LINCOLN SQUARE,Network 2,27,,,,0.0,,0.0,1.0,1.0,1.0,1.0,1.0,0.0,0.0,0.0,2.0,0.0,114476.78,12.0,38.0,0.5,0.0,2.0,2.0,,1.0,17280.0,0.0,0.0,3.0,2.0,512.0,495.0,0.0,495.0,26:1,521.0,20.0,5.0,0.0,0.0,0.0,0.0,0.0,0.0,0.0,0.0,0.0,0.5,0.0,0.0,0.0,0.0,0.0,0.0,0.0,0.0,0.0,0.0,0.0,0.0,0.0,0.0,0.0,0.0,0.0,0.0,,,,,,,,,,,,,,,,,,,,,,,,,,,,,,,,,,,,,,,,,,,,,,,,,,,,,,,
2025,DISTRICT_MANAGED_2025.xlsx,Traditional,CHASE,Elementary,LOGAN SQUARE,Network 4,26,,,,366.0,,1.0,1.0,1.0,1.0,1.0,1.0,0.0,0.77,0.0,0.0,0.0,96887.11475,12.0,29.0,1.0,4.0,5.0,3.0,,1.0,17280.0,71440.0,0.0,5.0,2.0,306.0,270.0,0.0,270.0,26:1,509.0,11.0,3.0,1.0,0.0,0.0,0.0,0.0,0.0,0.0,0.0,0.0,0.0,0.0,0.0,0.0,0.0,0.0,0.0,0.0,0.0,0.0,1.0,0.0,0.0,0.0,0.0,0.0,0.0,0.0,0.0,,,,,,,,,,,,,,,,,,,,,,,,,,,,,,,,,,,,,,,,,,,,,,,,,,,,,,,
2025,DISTRICT_MANAGED_2025.xlsx,Traditional,CHAVEZ,Elementary,NEW CITY,ISP,44,,,,474.0,,0.0,1.0,1.0,3.0,2.0,0.0,1.0,1.0,0.0,1.0,1.0,748806.0,8.0,23.0,0.5,0.0,4.0,3.0,,1.0,17280.0,101520.0,0.0,9.0,4.0,721.0,700.0,20.0,720.0,22:1,725.0,33.0,7.0,2.0,0.0,0.0,0.0,-3.0,1.0,0.0,1.0,1.0,0.0,0.0,0.0,0.0,0.0,0.0,0.0,0.0,0.0,0.0,0.0,0.0,0.0,0.0,0.0,0.0,0.0,0.0,1.0,,,,,,,,,,,,,,,,,,,,,,,,,,,,,,,,,,,,,,,,,,,,,,,,,,,,,,,
2025,DISTRICT_MANAGED_2025.xlsx,Traditional,CHICAGO ACADEMY ES,Elementary,DUNNING,Network 1,32,,,,318.0,,0.0,1.0,1.0,1.0,1.0,1.0,0.0,0.505,1.0,0.0,2.0,331754.0,10.5,9.0,0.0,0.0,3.0,3.0,,1.0,17280.0,0.0,0.0,6.0,1.0,509.0,509.0,0.0,509.0,24:1,581.0,22.0,5.0,2.0,0.0,0.0,0.0,-4.0,1.0,0.0,0.0,0.0,1.0,0.0,0.5,0.0,0.0,0.0,0.0,0.0,0.0,0.0,0.0,0.0,0.0,0.0,0.0,0.0,0.0,0.0,0.0,,,,,,,,,,,,,,,,,,,,,,,,,,,,,,,,,,,,,,,,,,,,,,,,,,,,,,,
2025,DISTRICT_MANAGED_2025.xlsx,Traditional,CHICAGO ACADEMY HS,High School,DUNNING,Network 14,31,,,,396.0,,0.0,1.0,1.0,1.0,2.0,1.0,0.0,0.0,0.0,0.0,6.0,343650.56,13.0,7.0,1.0,0.0,0.0,0.0,,1.0,17280.0,0.0,0.0,0.0,2.0,561.0,561.0,0.0,561.0,19:1,1401.0,30.0,0.0,1.0,0.0,0.0,0.0,0.0,1.0,1.0,0.0,0.0,0.0,0.0,0.5,0.0,0.0,0.0,0.0,0.0,0.0,0.0,0.0,0.0,0.0,0.0,0.0,0.0,0.0,0.0,0.0,,,,,,,,,,,,,,,,,,,,,,,,,,,,,,,,,,,,,,,,,,,,,,,,,,,,,,,
2025,DISTRICT_MANAGED_2025.xlsx,Traditional,CHICAGO AGRICULTURE HS,High School,MOUNT GREENWOOD,ISP,29,,,,0.0,,0.0,1.0,1.0,1.0,2.0,0.0,1.0,0.4,0.0,0.0,3.0,329601.0,20.0,38.0,1.5,0.0,0.0,0.0,,0.5,17280.0,0.0,0.0,5.0,3.0,769.0,702.0,0.0,702.0,21:1,1365.0,34.0,0.0,0.0,0.0,0.0,0.0,0.0,0.0,0.0,1.0,1.0,2.0,0.0,0.0,0.0,0.0,1.0,0.0,0.0,0.0,0.0,0.0,0.0,0.0,0.0,0.0,0.0,0.0,0.0,0.0,,,,,,,,,,,,,,,,,,,,,,,,,,,,,,,,,,,,,,,,,,,,,,,,,,,,,,,
2025,DISTRICT_MANAGED_2025.xlsx,Traditional,CHICAGO MILITARY HS,High School,DOUGLAS,Network 17,42,,,,396.0,,0.0,1.0,1.0,1.0,1.0,1.0,0.0,2.1,0.0,0.0,1.0,113007.45089285712,5.0,4.0,0.0,0.0,0.0,0.0,,0.5,17280.0,0.0,0.0,3.0,4.0,214.0,214.0,0.0,214.0,18:1,1599.0,12.0,0.0,1.0,0.0,0.0,0.0,0.0,0.0,0.0,0.0,0.0,0.0,0.0,0.0,0.0,0.0,0.0,0.0,0.0,0.0,0.0,0.0,0.0,0.0,5.0,0.0,160000.0,0.0,0.0,0.0,,,,,,,,,,,,,,,,,,,,,,,,,,,,,,,,,,,,,,,,,,,,,,,,,,,,,,,
2025,DISTRICT_MANAGED_2025.xlsx,Traditional,CHICAGO VOCATIONAL HS,High School,AVALON PARK,Network 17,40,,,,396.0,,0.0,1.0,1.0,1.0,2.0,1.0,0.0,1.5,1.0,0.0,4.5,102043.0,15.0,23.0,1.5,3.0,0.0,0.0,,0.5,17280.0,99640.0,0.0,5.0,8.0,575.0,509.0,10.0,519.0,19:1,1563.0,28.0,0.0,1.0,0.0,0.0,1.0,0.0,1.0,1.0,0.0,1.0,1.0,0.0,0.0,0.0,0.0,1.0,0.0,1.0,0.0,0.0,0.0,0.0,0.0,2.0,2.0,160000.0,28214.0,0.0,1.0,,,,,,,,,,,,,,,,,,,,,,,,,,,,,,,,,,,,,,,,,,,,,,,,,,,,,,,
2025,DISTRICT_MANAGED_2025.xlsx,Traditional,CHICAGO WORLD LANGUAGE ACADEMY,Elementary,NEAR WEST SIDE,Network 6,25,,,,0.0,,0.0,1.0,1.0,1.0,1.0,1.0,0.0,1.0,0.0,0.0,1.0,51507.58,3.0,8.0,0.5,0.0,0.0,0.0,,1.0,17280.0,0.0,0.0,3.0,1.0,453.0,453.0,0.0,453.0,26:1,497.0,18.0,4.0,0.0,1.0,1.0,0.0,0.0,0.0,0.0,0.0,0.0,0.0,0.0,0.0,0.0,0.0,0.0,0.0,0.0,0.0,0.0,0.0,0.0,0.0,0.0,0.0,0.0,0.0,0.0,0.0,,,,,,,,,,,,,,,,,,,,,,,,,,,,,,,,,,,,,,,,,,,,,,,,,,,,,,,
2025,DISTRICT_MANAGED_2025.xlsx,Traditional,CHOPIN,Elementary,WEST TOWN,Network 5,34,,,,480.0,,0.0,1.0,1.0,1.0,1.0,1.0,0.0,0.97,0.0,0.0,0.0,183068.58,8.0,25.0,0.5,0.0,4.0,2.0,,1.0,17280.0,54520.0,0.0,4.0,2.0,274.0,243.0,30.0,273.0,24:1,605.0,12.0,3.0,1.0,1.0,0.0,0.0,0.0,0.0,0.0,0.0,0.0,0.0,0.0,0.0,0.0,0.0,0.0,0.0,0.0,0.0,0.0,0.0,0.0,0.0,0.0,0.0,0.0,100000.0,0.0,0.0,,,,,,,,,,,,,,,,,,,,,,,,,,,,,,,,,,,,,,,,,,,,,,,,,,,,,,,
2025,DISTRICT_MANAGED_2025.xlsx,Traditional,CHRISTOPHER,Elementary,GAGE PARK,Network 8,43,,,,462.0,,0.0,1.0,1.0,1.0,1.0,1.0,0.0,0.0,0.0,0.0,1.51,148177.49,18.0,86.0,1.5,0.0,0.0,0.0,,1.0,17280.0,65800.0,0.0,3.0,1.0,311.0,178.0,10.0,188.0,22:1,713.0,10.0,5.0,1.0,0.0,0.0,0.0,0.0,0.0,0.0,0.0,0.0,0.0,0.0,0.0,0.0,0.0,0.0,0.0,0.0,0.0,0.0,0.0,0.0,0.0,0.0,0.0,0.0,70000.0,0.0,0.0,,,,,,,,,,,,,,,,,,,,,,,,,,,,,,,,,,,,,,,,,,,,,,,,,,,,,,,
2025,DISTRICT_MANAGED_2025.xlsx,Traditional,CLAREMONT,Elementary,CHICAGO LAWN,Network 10,42,,,,480.0,,0.0,1.0,1.0,1.0,1.0,1.0,0.0,1.5,0.0,0.0,0.0,184978.0,11.5,29.0,0.0,0.0,1.0,1.0,,1.0,17280.0,0.0,1.0,4.0,2.0,311.0,264.0,0.0,264.0,22:1,701.0,12.0,4.0,1.0,0.0,0.0,0.0,0.0,0.0,0.0,0.0,0.0,0.0,0.0,0.0,0.0,0.0,0.0,0.0,1.0,0.0,0.0,0.0,0.0,0.0,0.0,0.0,0.0,0.0,0.0,0.0,,,,,,,,,,,,,,,,,,,,,,,,,,,,,,,,,,,,,,,,,,,,,,,,,,,,,,,
2025,DISTRICT_MANAGED_2025.xlsx,Traditional,CLARK ES,Elementary,AUSTIN,ISP,42,,,,444.0,,0.0,1.0,1.0,1.0,1.0,1.0,0.0,0.0,0.0,0.0,1.0,122653.88318181818,4.0,2.0,0.0,0.0,1.0,1.0,,0.5,17280.0,50000.0,0.0,2.0,1.0,129.0,129.0,0.0,129.0,22:1,701.0,10.0,3.0,1.0,0.0,0.0,0.0,0.0,0.0,0.0,0.0,0.0,0.0,0.0,0.0,0.0,0.0,0.0,0.0,0.0,0.0,0.0,0.0,0.0,0.0,0.0,0.0,0.0,0.0,0.0,0.0,,,,,,,,,,,,,,,,,,,,,,,,,,,,,,,,,,,,,,,,,,,,,,,,,,,,,,,
2025,DISTRICT_MANAGED_2025.xlsx,Traditional,CLARK HS,High School,AUSTIN,ISP,42,,,,480.0,,3.0,1.0,1.0,2.0,2.0,1.0,1.0,0.9,0.0,0.0,3.92,144863.18,8.0,12.0,0.5,0.0,0.0,0.0,,0.0,17280.0,71440.0,0.0,5.0,4.0,394.0,370.0,0.0,370.0,18:1,1599.0,21.0,0.0,1.0,0.0,0.0,0.0,0.0,1.0,1.0,0.0,1.0,0.0,0.0,1.0,0.0,0.0,0.0,1.0,0.0,0.0,0.0,0.0,0.0,0.0,4.0,0.0,160000.0,0.0,0.0,0.0,,,,,,,,,,,,,,,,,,,,,,,,,,,,,,,,,,,,,,,,,,,,,,,,,,,,,,,
2025,DISTRICT_MANAGED_2025.xlsx,Traditional,CLAY,Elementary,HEGEWISCH,Network 13,31,,,,450.0,,0.0,1.0,1.0,3.0,1.0,1.0,0.0,0.0,0.0,0.0,1.5,332478.5,7.0,10.0,0.5,0.0,5.0,3.0,,1.0,17280.0,73320.0,0.0,7.0,2.0,527.0,527.0,10.0,537.0,24:1,569.0,23.0,5.0,2.0,0.0,0.0,0.0,0.0,1.0,0.0,0.0,0.0,0.0,0.0,0.0,1.0,0.0,0.0,0.0,0.0,0.0,0.0,0.0,0.0,0.0,0.0,0.0,0.0,0.0,0.0,0.0,,,,,,,,,,,,,,,,,,,,,,,,,,,,,,,,,,,,,,,,,,,,,,,,,,,,,,,
2025,DISTRICT_MANAGED_2025.xlsx,Traditional,CLEMENTE HS,High School,WEST TOWN,Network 15,36,,,,426.0,,0.0,1.0,1.0,1.0,2.0,0.0,0.0,0.0,0.0,0.0,9.66,373735.47,17.0,19.0,1.0,0.0,0.0,0.0,,1.0,17280.0,0.0,1.0,7.0,7.0,753.0,729.0,20.0,749.0,19:1,1491.0,40.0,0.0,2.0,0.0,0.0,0.0,0.0,1.0,0.0,1.0,0.0,0.0,0.0,1.0,0.0,0.0,0.0,2.0,0.0,0.0,0.0,0.0,0.0,0.0,3.0,2.0,0.0,70000.0,0.0,0.0,,,,,,,,,,,,,,,,,,,,,,,,,,,,,,,,,,,,,,,,,,,,,,,,,,,,,,,
2025,DISTRICT_MANAGED_2025.xlsx,Traditional,CLEVELAND,Elementary,IRVING PARK,Network 1,28,,,,414.0,,0.0,1.0,1.0,1.0,1.0,1.0,0.0,1.88,0.0,0.0,0.0,121039.54,15.0,14.0,1.0,0.0,6.0,4.0,,1.0,17280.0,0.0,0.0,4.0,1.0,396.0,359.0,20.0,379.0,26:1,533.0,15.0,4.0,1.0,0.0,0.0,0.0,0.0,0.0,0.0,0.0,0.0,0.0,0.0,0.0,0.0,0.0,0.0,0.0,0.0,0.0,0.0,1.0,0.0,0.0,0.0,0.0,0.0,0.0,0.0,0.0,,,,,,,,,,,,,,,,,,,,,,,,,,,,,,,,,,,,,,,,,,,,,,,,,,,,,,,
2025,DISTRICT_MANAGED_2025.xlsx,Traditional,CLINTON,Elementary,WEST RIDGE,ISP,28,,,,432.0,,0.0,1.0,1.0,1.0,2.0,0.0,0.0,0.5,0.0,0.0,2.0,250444.57,12.0,15.0,0.5,0.0,2.0,2.0,,2.0,17280.0,0.0,0.0,6.0,1.0,997.0,997.0,30.0,1027.0,26:1,533.0,40.0,8.0,3.0,0.0,0.0,0.0,0.0,0.0,0.0,1.0,1.0,1.0,0.0,1.0,0.0,0.0,0.0,0.0,0.0,0.0,0.0,0.0,0.0,0.0,0.0,0.0,0.0,0.0,0.0,0.0,,,,,,,,,,,,,,,,,,,,,,,,,,,,,,,,,,,,,,,,,,,,,,,,,,,,,,,
2025,DISTRICT_MANAGED_2025.xlsx,Traditional,CLISSOLD,Elementary,MORGAN PARK,Network 10,26,,,,0.0,,0.0,1.0,1.0,1.0,1.0,0.0,0.0,1.01,0.0,0.0,0.0,44712.33,14.0,23.0,0.5,0.0,5.0,5.0,,0.0,17280.0,0.0,0.0,4.0,2.0,393.0,357.0,0.0,357.0,26:1,509.0,14.0,4.0,0.0,0.0,0.0,0.0,0.0,0.0,0.0,0.0,0.0,0.0,0.0,0.0,0.0,0.0,0.0,1.0,0.0,0.0,0.0,0.0,1.0,9.0,0.0,0.0,0.0,20000.0,0.0,0.0,,,,,,,,,,,,,,,,,,,,,,,,,,,,,,,,,,,,,,,,,,,,,,,,,,,,,,,
2025,DISTRICT_MANAGED_2025.xlsx,Traditional,COLEMON,Elementary,WEST PULLMAN,Network 13,45,,,,402.0,,0.0,1.0,1.0,1.0,1.0,1.0,0.0,0.15,0.0,0.0,0.0,107835.8,4.0,8.0,0.0,0.0,2.0,2.0,,0.0,17280.0,0.0,0.0,2.0,1.0,159.0,159.0,0.0,159.0,22:1,737.0,10.0,3.0,1.0,0.0,0.0,0.0,0.0,0.0,0.0,0.0,0.0,0.0,0.0,0.0,0.0,0.0,0.0,0.0,0.0,0.0,0.0,0.0,0.0,0.0,0.0,0.0,0.0,0.0,0.0,0.0,,,,,,,,,,,,,,,,,,,,,,,,,,,,,,,,,,,,,,,,,,,,,,,,,,,,,,,
2025,DISTRICT_MANAGED_2025.xlsx,Traditional,COLES,Elementary,SOUTH CHICAGO,Network 12,43,,,,408.0,,0.0,1.0,1.0,1.0,1.0,1.0,0.0,0.0,0.0,0.0,0.0,226511.75,7.0,9.0,0.5,0.0,1.0,1.0,,0.0,17280.0,0.0,1.0,4.0,2.0,218.0,218.0,0.0,218.0,22:1,713.0,10.0,3.0,1.0,0.0,0.0,0.0,0.0,0.0,0.0,0.0,0.0,0.0,0.0,0.0,0.0,0.0,0.0,0.0,0.0,0.0,0.0,0.0,0.0,0.0,0.0,0.0,0.0,65000.0,0.0,0.0,,,,,,,,,,,,,,,,,,,,,,,,,,,,,,,,,,,,,,,,,,,,,,,,,,,,,,,
2025,DISTRICT_MANAGED_2025.xlsx,Traditional,COLLINS HS,High School,NORTH LAWNDALE,Network 15,41,,,,474.0,,0.0,1.0,0.0,1.0,1.0,1.0,0.0,4.5,0.0,0.0,1.0,121034.6775,6.0,5.0,0.0,0.0,0.0,0.0,,0.0,17280.0,0.0,1.0,5.0,5.0,213.0,213.0,0.0,213.0,19:1,1581.0,13.0,0.0,1.0,0.0,0.0,0.0,0.0,0.0,0.0,0.0,0.0,0.0,0.0,0.0,0.0,0.0,0.0,0.0,2.0,0.0,0.0,0.0,0.0,0.0,0.0,0.0,160000.0,0.0,0.0,0.0,,,,,,,,,,,,,,,,,,,,,,,,,,,,,,,,,,,,,,,,,,,,,,,,,,,,,,,
2025,DISTRICT_MANAGED_2025.xlsx,Traditional,COLUMBIA EXPLORERS,Elementary,BRIGHTON PARK,ISP,44,,,,450.0,,0.0,1.0,1.0,3.0,2.0,0.0,0.0,1.0,0.0,3.0,4.0,390293.05,10.0,13.0,1.0,0.0,7.0,4.0,,1.0,17280.0,101520.0,0.0,7.0,2.0,637.0,637.0,10.0,647.0,22:1,725.0,30.0,6.0,2.0,0.0,0.0,0.0,-3.0,1.0,0.0,1.0,1.0,0.0,0.0,1.0,0.0,0.0,0.0,0.0,0.0,0.0,0.0,0.0,0.0,0.0,0.0,0.0,0.0,0.0,0.0,0.0,,,,,,,,,,,,,,,,,,,,,,,,,,,,,,,,,,,,,,,,,,,,,,,,,,,,,,,
2025,DISTRICT_MANAGED_2025.xlsx,Traditional,COLUMBUS,Elementary,WEST TOWN,ISP,34,,,,408.0,,0.0,1.0,1.0,1.0,1.0,1.0,2.0,0.0,0.0,2.0,0.0,99067.61,4.0,3.0,0.0,0.0,1.0,1.0,,1.0,17280.0,50000.0,0.0,2.0,1.0,253.0,253.0,0.0,253.0,24:1,605.0,11.0,3.0,1.0,0.0,0.0,0.0,0.0,0.0,0.0,0.0,0.0,0.0,0.0,0.0,0.0,0.0,0.0,0.0,0.0,0.0,0.0,0.0,0.0,0.0,0.0,0.0,0.0,0.0,0.0,0.0,,,,,,,,,,,,,,,,,,,,,,,,,,,,,,,,,,,,,,,,,,,,,,,,,,,,,,,
2025,DISTRICT_MANAGED_2025.xlsx,Traditional,COOK,Elementary,AUBURN GRESHAM,Network 11,35,,,,462.0,,0.0,1.0,1.0,1.0,1.0,1.0,0.0,0.0,0.0,0.0,0.0,239112.0,7.0,10.0,0.0,0.0,2.0,2.0,,0.0,17280.0,0.0,0.0,3.0,2.0,258.0,250.0,0.0,250.0,24:1,617.0,11.0,3.0,1.0,0.0,0.0,0.0,0.0,0.0,0.0,0.0,0.0,0.0,0.0,0.0,0.0,0.0,0.0,0.0,0.0,0.0,0.0,0.0,0.0,0.0,0.0,0.0,0.0,0.0,0.0,0.0,,,,,,,,,,,,,,,,,,,,,,,,,,,,,,,,,,,,,,,,,,,,,,,,,,,,,,,
2025,DISTRICT_MANAGED_2025.xlsx,Traditional,COONLEY,Elementary,NORTH CENTER,Network 2,23,,,,0.0,,0.0,1.0,1.0,1.0,2.0,0.0,0.0,1.0,0.0,0.0,1.0,134662.0,11.0,27.0,1.0,0.0,0.0,0.0,,0.5,17280.0,0.0,0.0,3.0,2.0,772.0,739.0,0.0,739.0,26:1,473.0,29.0,7.0,0.0,0.0,0.0,0.0,0.0,0.0,0.0,1.0,0.0,0.0,0.0,0.0,0.0,0.0,0.0,0.0,0.0,1.0,0.0,0.0,0.0,0.0,0.0,0.0,0.0,0.0,0.0,5.0,,,,,,,,,,,,,,,,,,,,,,,,,,,,,,,,,,,,,,,,,,,,,,,,,,,,,,,
2025,DISTRICT_MANAGED_2025.xlsx,Traditional,COOPER,Elementary,LOWER WEST SIDE,Network 7,38,,,,462.0,,0.0,1.0,1.0,1.0,1.0,1.0,0.0,0.0,0.0,0.0,0.5,294529.9975,8.0,7.0,0.5,2.0,2.0,2.0,,1.0,17280.0,0.0,1.0,8.0,2.0,386.0,359.0,70.0,429.0,24:1,653.0,18.0,5.0,1.0,0.0,0.0,0.0,0.0,0.0,0.0,0.0,0.0,1.0,0.0,0.0,0.0,0.0,0.0,0.0,0.0,0.0,0.0,1.0,0.0,0.0,0.0,1.0,0.0,0.0,0.0,0.0,,,,,,,,,,,,,,,,,,,,,,,,,,,,,,,,,,,,,,,,,,,,,,,,,,,,,,,
2025,DISTRICT_MANAGED_2025.xlsx,Traditional,CORKERY,Elementary,SOUTH LAWNDALE,ISP,42,,,,450.0,,0.0,1.0,1.0,1.0,2.0,1.0,0.0,0.0,0.0,1.0,1.0,213111.84,10.0,18.0,0.5,0.0,1.0,1.0,,1.0,17280.0,63920.0,0.0,5.0,1.0,395.0,366.0,20.0,386.0,22:1,701.0,18.0,5.0,1.0,0.0,0.0,0.0,0.0,0.0,0.0,0.0,0.0,0.0,0.0,0.0,0.0,0.0,0.0,0.0,0.0,0.0,0.0,0.0,0.0,0.0,0.0,0.0,0.0,70000.0,0.0,0.0,,,,,,,,,,,,,,,,,,,,,,,,,,,,,,,,,,,,,,,,,,,,,,,,,,,,,,,
2025,DISTRICT_MANAGED_2025.xlsx,Traditional,CORLISS HS,High School,PULLMAN,Network 17,43,,,,426.0,,0.0,1.0,1.0,1.0,1.0,1.0,0.0,2.0,0.0,0.0,2.0,141913.1,8.0,8.0,0.5,0.0,0.0,0.0,,0.0,17280.0,50000.0,0.0,6.0,5.0,275.0,264.0,0.0,264.0,18:1,1617.0,15.0,0.0,1.0,0.0,0.0,0.0,0.0,0.0,0.0,0.0,0.0,0.0,0.0,0.0,0.0,2.0,0.0,0.0,0.0,0.0,0.0,0.0,0.0,0.0,2.0,0.0,160000.0,0.0,1.0,0.0,,,,,,,,,,,,,,,,,,,,,,,,,,,,,,,,,,,,,,,,,,,,,,,,,,,,,,,
2025,DISTRICT_MANAGED_2025.xlsx,Traditional,COURTENAY,Elementary,UPTOWN,Network 2,39,,,,456.0,,0.0,1.0,1.0,2.0,1.0,1.0,0.0,0.61,0.0,1.0,0.5,52942.0895,11.0,21.0,0.5,0.0,5.0,2.0,,1.0,17280.0,58280.0,0.0,3.0,2.0,270.0,219.0,0.0,219.0,24:1,665.0,10.0,3.0,1.0,0.0,0.0,0.0,0.0,0.0,0.0,0.0,0.0,0.0,0.0,0.0,2.0,0.0,0.0,0.0,0.0,0.0,0.0,0.0,0.0,0.0,0.0,1.0,0.0,70000.0,0.0,0.0,,,,,,,,,,,,,,,,,,,,,,,,,,,,,,,,,,,,,,,,,,,,,,,,,,,,,,,
2025,DISTRICT_MANAGED_2025.xlsx,Traditional,CRANE MEDICAL HS,High School,NEAR WEST SIDE,Network 15,39,,,,414.0,,2.0,1.0,1.0,1.0,1.0,0.0,0.0,1.91,0.0,0.0,1.0,129768.55,5.0,3.0,0.0,0.0,0.0,0.0,,0.5,17280.0,69560.0,0.0,4.0,3.0,264.0,264.0,10.0,274.0,19:1,1545.0,15.0,0.0,1.0,0.0,0.0,0.0,0.0,0.0,0.0,0.0,0.0,1.0,0.0,0.0,0.0,0.0,0.0,0.0,0.0,0.0,0.0,0.0,0.0,0.0,0.0,0.0,160000.0,0.0,0.0,0.0,,,,,,,,,,,,,,,,,,,,,,,,,,,,,,,,,,,,,,,,,,,,,,,,,,,,,,,
2025,DISTRICT_MANAGED_2025.xlsx,Traditional,CROWN,Elementary,NORTH LAWNDALE,Network 5,45,,,,360.0,,0.0,1.0,1.0,1.0,1.0,1.0,0.0,0.0,0.0,0.0,0.94,117045.75,3.0,1.0,0.0,0.0,0.0,0.0,,0.0,17280.0,0.0,1.0,3.0,0.8,105.0,105.0,0.0,105.0,22:1,737.0,10.0,3.0,1.0,0.0,0.0,0.0,0.0,0.0,0.0,0.0,0.0,0.0,0.0,0.0,0.0,0.0,0.0,0.0,0.0,0.0,0.0,0.0,0.0,0.0,0.0,0.0,0.0,0.0,0.0,0.0,,,,,,,,,,,,,,,,,,,,,,,,,,,,,,,,,,,,,,,,,,,,,,,,,,,,,,,
2025,DISTRICT_MANAGED_2025.xlsx,Traditional,CUFFE,Elementary,AUBURN GRESHAM,Network 11,34,,,,462.0,,0.0,1.0,1.0,1.0,1.0,1.0,0.0,0.0,0.0,0.0,1.22,128455.44166666668,5.0,9.0,0.5,0.0,2.0,2.0,,0.0,17280.0,50000.0,0.0,3.0,1.0,211.0,199.0,0.0,199.0,24:1,605.0,10.0,3.0,1.0,0.0,0.0,0.0,0.0,0.0,0.0,0.0,0.0,0.0,0.0,0.0,0.0,0.0,0.0,0.0,0.0,0.0,0.0,0.0,0.0,0.0,0.0,0.0,0.0,0.0,0.0,0.0,,,,,,,,,,,,,,,,,,,,,,,,,,,,,,,,,,,,,,,,,,,,,,,,,,,,,,,
2025,DISTRICT_MANAGED_2025.xlsx,Traditional,CULLEN,Elementary,ROSELAND,Network 13,43,,,,486.0,,0.0,1.0,1.0,1.0,1.0,1.0,0.0,0.0,0.0,0.0,0.0,238668.05909090908,5.0,5.0,0.0,0.0,0.0,0.0,,0.0,17280.0,0.0,0.0,2.0,1.0,169.0,169.0,0.0,169.0,22:1,713.0,10.0,3.0,1.0,0.0,0.0,0.0,0.0,0.0,0.0,0.0,0.0,0.0,0.0,0.0,0.0,0.0,0.0,0.0,0.0,0.0,0.0,0.0,0.0,0.0,0.0,0.0,0.0,0.0,0.0,0.0,,,,,,,,,,,,,,,,,,,,,,,,,,,,,,,,,,,,,,,,,,,,,,,,,,,,,,,
2025,DISTRICT_MANAGED_2025.xlsx,Traditional,CURIE HS,High School,ARCHER HEIGHTS,Network 15,31,,,,426.0,,0.0,1.0,1.0,1.0,6.0,0.0,0.0,0.0,5.0,0.0,28.0,589099.5,30.0,19.0,2.5,2.0,0.0,0.0,,2.0,17280.0,364720.0,0.0,15.0,7.75,2910.0,2888.0,0.0,2888.0,19:1,1401.0,152.0,0.0,4.0,0.0,0.0,0.0,0.0,1.0,1.0,2.0,5.0,2.0,0.0,4.0,0.0,0.0,1.0,3.0,0.0,0.0,0.0,0.0,0.0,0.0,2.0,0.0,0.0,0.0,0.0,0.0,,,,,,,,,,,,,,,,,,,,,,,,,,,,,,,,,,,,,,,,,,,,,,,,,,,,,,,
2025,DISTRICT_MANAGED_2025.xlsx,Traditional,CURTIS,Elementary,ROSELAND,Network 13,43,,,,486.0,,0.0,1.0,1.0,1.0,1.0,1.0,0.0,1.0,0.0,1.0,1.2,39116.9,6.0,9.0,0.0,0.0,1.0,1.0,,0.0,17280.0,0.0,1.0,6.0,2.8,304.0,304.0,0.0,304.0,22:1,713.0,14.0,3.0,1.0,0.0,0.0,0.0,0.0,0.0,0.0,0.0,0.0,0.0,0.0,0.0,0.0,0.0,0.0,0.0,0.0,0.0,0.0,0.0,0.0,0.0,0.0,0.0,0.0,70000.0,0.0,0.0,,,,,,,,,,,,,,,,,,,,,,,,,,,,,,,,,,,,,,,,,,,,,,,,,,,,,,,
2025,DISTRICT_MANAGED_2025.xlsx,Traditional,DAISY BATES,Elementary,AVALON PARK,ISP,35,,,,426.0,,0.0,1.0,1.0,1.0,1.0,1.0,0.0,0.0,0.0,0.0,2.0,65119.38,6.0,6.0,0.0,0.0,2.0,2.0,,0.0,17280.0,50000.0,0.0,3.0,1.0,200.0,200.0,0.0,200.0,24:1,617.0,10.0,3.0,1.0,0.0,0.0,0.0,0.0,0.0,0.0,0.0,0.0,0.0,0.0,0.0,0.0,0.0,0.0,0.0,0.0,0.0,0.0,0.0,0.0,0.0,0.0,0.0,0.0,0.0,0.0,0.0,,,,,,,,,,,,,,,,,,,,,,,,,,,,,,,,,,,,,,,,,,,,,,,,,,,,,,,
2025,DISTRICT_MANAGED_2025.xlsx,Traditional,DALEY,Elementary,NEW CITY,Network 8,48,,,,486.0,,0.0,1.0,1.0,1.0,2.0,1.0,0.0,0.5,0.0,4.0,2.0,88593.88,5.0,8.0,0.5,0.0,2.0,2.0,,1.0,17280.0,0.0,1.0,6.0,2.0,472.0,472.0,0.0,472.0,22:1,773.0,22.0,5.0,2.0,0.0,0.0,0.0,0.0,0.0,0.0,0.0,0.0,0.0,0.0,0.0,0.0,0.0,0.0,0.0,0.0,0.0,0.0,0.0,0.0,0.0,0.0,0.0,0.0,70000.0,0.0,0.0,,,,,,,,,,,,,,,,,,,,,,,,,,,,,,,,,,,,,,,,,,,,,,,,,,,,,,,
2025,DISTRICT_MANAGED_2025.xlsx,Traditional,DARWIN,Elementary,LOGAN SQUARE,Network 4,29,,,,426.0,,2.0,1.0,1.0,1.0,1.0,1.0,0.0,0.1,0.0,0.0,1.0,155466.5,8.0,20.0,1.0,0.0,5.0,4.0,,1.0,17280.0,67680.0,0.0,5.0,2.0,425.0,413.0,0.0,413.0,26:1,545.0,16.0,4.0,1.0,0.0,0.0,0.0,0.0,0.0,0.0,0.0,0.0,0.0,0.0,1.0,0.0,0.0,0.0,0.0,0.0,0.0,0.0,1.0,0.0,0.0,0.0,0.0,0.0,0.0,0.0,0.0,,,,,,,,,,,,,,,,,,,,,,,,,,,,,,,,,,,,,,,,,,,,,,,,,,,,,,,
2025,DISTRICT_MANAGED_2025.xlsx,Traditional,DAVIS M,Elementary,WEST ENGLEWOOD,ISP,39,,,,456.0,,0.0,1.0,1.0,1.0,1.0,1.0,0.0,1.0,0.0,0.0,0.5,156133.40999999997,4.0,10.0,0.0,0.0,1.0,1.0,,0.0,17280.0,50000.0,0.0,3.0,1.0,137.0,127.0,0.0,127.0,24:1,665.0,10.0,3.0,1.0,0.0,0.0,0.0,-1.0,0.0,0.0,0.0,0.0,0.0,0.0,0.0,0.0,0.0,0.0,0.0,0.0,0.0,0.0,0.0,0.0,0.0,0.0,0.0,0.0,0.0,0.0,0.0,,,,,,,,,,,,,,,,,,,,,,,,,,,,,,,,,,,,,,,,,,,,,,,,,,,,,,,
2025,DISTRICT_MANAGED_2025.xlsx,Traditional,DAVIS N,Elementary,BRIGHTON PARK,Network 8,41,,,,480.0,,0.0,1.0,1.0,1.0,2.0,1.0,0.0,0.0,0.0,0.0,1.5,214814.92,5.0,15.0,0.5,0.0,8.0,4.0,,1.0,17280.0,0.0,1.0,7.0,2.0,459.0,445.0,0.0,445.0,24:1,689.0,19.0,4.0,1.0,0.0,0.0,0.0,0.0,0.0,0.0,0.0,0.0,1.0,0.0,0.5,2.0,0.0,0.0,0.0,0.0,0.0,0.0,1.0,0.0,0.0,0.0,0.0,0.0,70000.0,0.0,0.0,,,,,,,,,,,,,,,,,,,,,,,,,,,,,,,,,,,,,,,,,,,,,,,,,,,,,,,
2025,DISTRICT_MANAGED_2025.xlsx,Traditional,DAWES,Elementary,ASHBURN,Network 10,34,,,,480.0,,0.0,1.0,1.0,1.0,2.0,0.0,0.0,1.0,0.0,0.0,2.0,365242.25,11.0,19.0,1.5,0.0,8.0,5.0,,1.0,17280.0,0.0,0.0,6.0,1.0,849.0,836.0,0.0,836.0,24:1,605.0,35.0,8.0,2.0,0.0,0.0,0.0,0.0,1.0,0.0,1.0,0.0,2.0,0.0,0.0,0.0,0.0,0.0,0.0,0.0,0.0,0.0,0.0,0.0,0.0,0.0,0.0,0.0,0.0,0.0,0.0,,,,,,,,,,,,,,,,,,,,,,,,,,,,,,,,,,,,,,,,,,,,,,,,,,,,,,,
2025,DISTRICT_MANAGED_2025.xlsx,Traditional,DE DIEGO,Elementary,WEST TOWN,Network 5,35,,,,408.0,,2.0,1.0,1.0,1.0,1.0,1.0,1.0,0.5,0.0,1.0,0.13,220799.44,11.0,33.0,1.0,0.0,6.0,3.0,,1.0,17280.0,71440.0,0.0,6.0,1.87,449.0,418.0,60.0,478.0,24:1,617.0,20.0,5.0,1.0,0.0,0.0,0.0,0.0,0.0,0.0,0.0,0.0,1.0,0.0,0.0,2.0,0.0,0.0,1.0,0.0,0.0,1.0,0.0,0.0,0.0,0.0,2.0,0.0,0.0,0.0,0.0,,,,,,,,,,,,,,,,,,,,,,,,,,,,,,,,,,,,,,,,,,,,,,,,,,,,,,,
2025,DISTRICT_MANAGED_2025.xlsx,Traditional,DECATUR,Elementary,WEST RIDGE,Network 2,20,,,,0.0,,0.0,1.0,1.0,1.0,1.0,1.0,0.0,1.0,0.0,0.0,0.12,45341.5,4.0,7.0,0.0,0.0,0.0,0.0,,0.0,17280.0,0.0,0.0,2.0,1.88,329.0,329.0,0.0,329.0,26:1,437.0,13.0,3.0,0.0,0.0,0.0,0.0,0.0,0.0,0.0,0.0,0.0,0.0,0.0,0.0,0.0,0.0,0.0,0.0,0.0,0.0,0.0,0.0,0.0,0.0,0.0,0.0,0.0,0.0,1.0,0.0,,,,,,,,,,,,,,,,,,,,,,,,,,,,,,,,,,,,,,,,,,,,,,,,,,,,,,,
2025,DISTRICT_MANAGED_2025.xlsx,Traditional,DENEEN,Elementary,GREATER GRAND CROSSING,Network 12,39,,,,468.0,,0.0,1.0,1.0,1.0,1.0,1.0,0.0,0.0,0.0,0.0,3.53,92814.69,10.0,17.0,0.5,0.0,3.0,2.0,,0.0,17280.0,0.0,1.0,4.0,1.0,415.0,415.0,0.0,415.0,24:1,665.0,18.0,4.0,1.0,0.0,0.0,0.0,0.0,0.0,0.0,0.0,0.0,0.0,0.0,0.0,0.0,0.0,0.0,0.0,0.0,0.0,0.0,0.0,0.0,0.0,0.0,0.0,0.0,70000.0,0.0,0.0,,,,,,,,,,,,,,,,,,,,,,,,,,,,,,,,,,,,,,,,,,,,,,,,,,,,,,,
2025,DISTRICT_MANAGED_2025.xlsx,Traditional,DEPRIEST,Elementary,AUSTIN,Network 3,45,,,,456.0,,0.0,1.0,1.0,1.0,2.0,1.0,0.0,1.0,0.0,0.0,0.0,365937.0,12.0,21.0,1.0,0.0,3.0,2.0,,0.0,17280.0,0.0,0.0,5.0,2.0,443.0,394.0,0.0,394.0,22:1,737.0,18.0,5.0,1.0,0.0,0.0,0.0,0.0,0.0,0.0,0.0,0.0,0.0,0.0,0.0,0.0,0.0,0.0,1.0,0.0,0.0,0.0,0.0,0.0,0.0,0.0,0.0,0.0,100000.0,0.0,0.0,,,,,,,,,,,,,,,,,,,,,,,,,,,,,,,,,,,,,,,,,,,,,,,,,,,,,,,
2025,DISTRICT_MANAGED_2025.xlsx,Traditional,DETT,Elementary,NEAR WEST SIDE,Network 6,41,,,,480.0,,0.0,1.0,1.0,1.0,1.0,1.0,0.0,0.0,0.0,1.0,0.0,79560.09,12.0,24.0,1.0,0.0,4.0,2.0,,0.0,17280.0,0.0,1.0,3.0,2.0,234.0,202.0,0.0,202.0,24:1,689.0,10.0,3.0,1.0,0.0,0.0,0.0,0.0,0.0,0.0,0.0,0.0,0.0,1.0,0.0,0.0,0.0,0.0,0.0,0.0,0.0,0.0,0.0,0.0,0.0,0.0,0.0,0.0,100000.0,0.0,0.0,,,,,,,,,,,,,,,,,,,,,,,,,,,,,,,,,,,,,,,,,,,,,,,,,,,,,,,
2025,DISTRICT_MANAGED_2025.xlsx,Traditional,DEVER,Elementary,DUNNING,Network 1,23,,,,342.0,,0.0,1.0,1.0,1.0,2.0,0.0,0.0,0.5,0.0,0.0,1.48,101055.57,7.5,5.0,0.0,0.0,7.0,4.0,,1.0,17280.0,94000.0,0.0,4.0,3.0,666.0,666.0,10.0,676.0,26:1,473.0,26.0,6.0,2.0,0.0,0.0,0.0,0.0,0.0,0.0,1.0,0.0,1.0,0.0,0.5,0.0,0.0,0.0,0.0,0.0,0.0,0.0,0.0,0.0,0.0,0.0,0.0,0.0,15000.0,0.0,0.0,,,,,,,,,,,,,,,,,,,,,,,,,,,,,,,,,,,,,,,,,,,,,,,,,,,,,,,
2025,DISTRICT_MANAGED_2025.xlsx,Traditional,DEVRY HS,High School,LINCOLN SQUARE,Network 14,29,,,,366.0,,0.0,1.0,1.0,1.0,1.0,1.0,0.0,0.0,0.0,0.0,2.0,784317.75,1.0,0.0,0.0,0.0,0.0,0.0,,0.0,17280.0,0.0,0.0,0.0,1.0,130.0,130.0,0.0,130.0,21:1,1365.0,10.0,0.0,1.0,0.0,0.0,0.0,0.0,0.0,0.0,0.0,0.0,1.0,0.0,0.0,0.0,0.0,0.0,0.0,0.0,0.0,0.0,0.0,0.0,0.0,0.0,0.0,0.0,0.0,0.0,0.0,,,,,,,,,,,,,,,,,,,,,,,,,,,,,,,,,,,,,,,,,,,,,,,,,,,,,,,
2025,DISTRICT_MANAGED_2025.xlsx,Traditional,DEWEY,Elementary,NEW CITY,Network 8,43,,,,480.0,,0.0,1.0,1.0,2.0,1.0,1.0,0.0,0.0,0.0,1.0,0.0,105783.0,7.0,10.0,0.5,0.0,4.0,2.0,,0.0,17280.0,0.0,1.0,4.0,2.0,229.0,218.0,0.0,218.0,22:1,713.0,10.0,3.0,1.0,1.0,0.0,0.0,0.0,0.0,0.0,0.0,0.0,0.0,1.0,0.0,2.0,0.0,0.0,0.0,0.0,0.0,0.0,0.0,0.0,0.0,0.0,0.0,0.0,0.0,0.0,0.0,,,,,,,,,,,,,,,,,,,,,,,,,,,,,,,,,,,,,,,,,,,,,,,,,,,,,,,
2025,DISTRICT_MANAGED_2025.xlsx,Traditional,DIRKSEN,Elementary,OHARE,Network 1,24,,,,390.0,,0.0,1.0,1.0,1.0,2.0,0.0,0.0,0.0,0.0,0.0,1.0,315162.57,9.0,13.0,1.0,0.0,8.0,6.0,,2.0,17280.0,0.0,0.0,6.0,1.0,1080.0,1080.0,20.0,1100.0,26:1,485.0,43.0,9.0,3.0,0.0,0.0,0.0,0.0,0.0,0.0,2.0,1.0,1.0,0.0,1.0,0.0,0.0,0.0,0.0,0.0,0.0,0.0,0.0,0.0,0.0,0.0,0.0,0.0,0.0,0.0,0.0,,,,,,,,,,,,,,,,,,,,,,,,,,,,,,,,,,,,,,,,,,,,,,,,,,,,,,,
2025,DISTRICT_MANAGED_2025.xlsx,Traditional,DISNEY,Elementary,UPTOWN,Network 2,28,,,,330.0,,0.0,1.0,1.0,1.0,3.0,0.0,0.0,0.0,0.0,3.0,2.0,107880.0,11.0,9.0,1.0,0.0,3.0,3.0,,1.0,17280.0,0.0,0.0,10.0,3.0,1361.0,1361.0,0.0,1361.0,26:1,533.0,53.0,11.0,4.0,0.0,2.0,0.0,0.0,0.0,0.0,2.0,0.0,4.0,0.0,1.0,0.0,0.0,0.0,0.0,0.0,0.0,0.0,0.0,0.0,0.0,0.0,0.0,0.0,0.0,0.0,2.0,,,,,,,,,,,,,,,,,,,,,,,,,,,,,,,,,,,,,,,,,,,,,,,,,,,,,,,
2025,DISTRICT_MANAGED_2025.xlsx,Traditional,DISNEY II ES & HS,Elementary,IRVING PARK,Network 14,30,,,,0.0,,1.0,1.0,2.0,2.0,2.0,0.0,0.0,0.0,1.0,1.0,4.0,207638.49,18.0,18.0,1.0,0.0,2.0,2.0,,1.5,17280.0,0.0,0.0,6.0,3.0,1136.0,1136.0,0.0,1136.0,26:1,557.0,50.0,10.0,0.0,0.0,0.0,0.0,0.0,1.0,0.0,2.0,2.0,0.0,0.0,1.0,0.0,0.0,0.0,0.0,0.0,0.0,0.0,0.0,0.0,0.0,0.0,0.0,0.0,0.0,0.0,0.0,,,,,,,,,,,,,,,,,,,,,,,,,,,,,,,,,,,,,,,,,,,,,,,,,,,,,,,
2025,DISTRICT_MANAGED_2025.xlsx,Traditional,DIXON,Elementary,CHATHAM,Network 12,35,,,,414.0,,0.0,1.0,1.0,1.0,1.0,1.0,0.0,0.0,0.0,0.0,2.0,193504.65,6.0,4.0,0.5,0.0,1.0,1.0,,0.0,17280.0,0.0,1.0,4.0,1.0,448.0,448.0,0.0,448.0,24:1,617.0,19.0,4.0,1.0,0.0,0.0,0.0,0.0,0.0,0.0,0.0,0.0,0.0,0.0,0.5,0.0,0.0,0.0,0.0,0.0,0.0,0.0,0.0,0.0,0.0,0.0,0.0,0.0,0.0,0.0,0.0,,,,,,,,,,,,,,,,,,,,,,,,,,,,,,,,,,,,,,,,,,,,,,,,,,,,,,,
2025,DISTRICT_MANAGED_2025.xlsx,Traditional,DOOLITTLE,Elementary,DOUGLAS,Network 9,46,,,,486.0,,0.0,1.0,0.0,1.0,1.0,1.0,0.0,1.99,0.0,0.0,0.25,116341.8,5.0,10.0,0.5,0.0,2.0,2.0,,0.0,17280.0,0.0,1.0,3.0,2.0,227.0,227.0,0.0,227.0,22:1,749.0,11.0,3.0,1.0,0.0,0.0,0.0,0.0,0.0,0.0,0.0,0.0,0.0,0.0,0.0,0.0,0.0,0.0,0.0,0.0,0.0,0.0,0.0,0.0,0.0,0.0,0.0,0.0,100000.0,0.0,0.0,,,,,,,,,,,,,,,,,,,,,,,,,,,,,,,,,,,,,,,,,,,,,,,,,,,,,,,
2025,DISTRICT_MANAGED_2025.xlsx,Traditional,DORE,Elementary,CLEARING,Network 10,30,,,,312.0,,0.0,1.0,1.0,2.0,1.5,0.0,0.5,0.95,0.0,0.0,1.0,275410.58,12.0,23.0,1.5,0.0,7.0,5.0,,1.0,17280.0,0.0,0.0,6.0,4.0,653.0,616.0,0.0,616.0,26:1,557.0,24.0,6.0,2.0,0.0,0.0,0.0,0.0,1.0,0.0,1.0,0.0,0.0,0.0,0.0,1.0,0.0,0.0,0.0,0.0,0.0,0.0,0.0,0.0,0.0,0.0,0.0,0.0,0.0,0.0,0.0,,,,,,,,,,,,,,,,,,,,,,,,,,,,,,,,,,,,,,,,,,,,,,,,,,,,,,,
2025,DISTRICT_MANAGED_2025.xlsx,Traditional,DOUGLASS HS,High School,AUSTIN,Network 15,49,,,,474.0,,0.0,1.0,1.0,1.0,1.0,1.0,0.0,0.0,0.0,0.0,4.0,248481.0,5.0,2.0,0.0,0.0,0.0,0.0,,0.0,17280.0,0.0,1.0,2.0,2.0,35.0,35.0,0.0,35.0,18:1,1725.0,10.0,0.0,1.0,0.0,0.0,0.0,-2.0,0.0,0.0,0.0,0.0,0.0,1.0,1.0,0.0,0.0,0.0,0.0,0.0,0.0,0.0,0.0,0.0,0.0,0.0,0.0,160000.0,0.0,0.0,0.0,,,,,,,,,,,,,,,,,,,,,,,,,,,,,,,,,,,,,,,,,,,,,,,,,,,,,,,
2025,DISTRICT_MANAGED_2025.xlsx,Traditional,DRAKE,Elementary,DOUGLAS,Network 9,36,,,,480.0,,0.0,1.0,1.0,1.0,1.0,1.0,0.0,0.0,0.0,0.0,0.5,202637.5,7.0,18.0,0.5,0.0,1.0,1.0,,0.0,17280.0,0.0,1.0,4.0,2.0,287.0,264.0,0.0,264.0,24:1,629.0,11.0,3.0,1.0,0.0,0.0,0.0,0.0,0.0,0.0,0.0,0.0,0.0,0.0,0.0,0.0,0.0,0.0,0.0,0.0,0.0,0.0,0.0,0.0,0.0,0.0,0.0,0.0,15000.0,0.0,0.0,,,,,,,,,,,,,,,,,,,,,,,,,,,,,,,,,,,,,,,,,,,,,,,,,,,,,,,
2025,DISTRICT_MANAGED_2025.xlsx,Traditional,DRUMMOND,Elementary,LOGAN SQUARE,Network 6,24,,,,0.0,,0.0,1.0,1.0,1.0,1.0,1.0,0.0,1.0,0.0,0.0,0.0,21088.57,4.0,6.0,0.0,0.0,3.0,0.0,,0.5,17280.0,0.0,0.0,2.0,1.0,276.0,276.0,0.0,276.0,26:1,485.0,11.0,3.0,0.0,0.0,0.0,0.0,0.0,0.0,0.0,0.0,0.0,0.0,0.0,0.0,0.0,0.0,0.0,0.0,0.0,0.0,0.0,0.0,1.0,13.0,0.0,0.0,0.0,0.0,0.0,0.0,,,,,,,,,,,,,,,,,,,,,,,,,,,,,,,,,,,,,,,,,,,,,,,,,,,,,,,
2025,DISTRICT_MANAGED_2025.xlsx,Traditional,DUBOIS,Elementary,RIVERDALE,Network 13,42,,,,480.0,,0.0,1.0,1.0,1.0,1.0,1.0,0.0,0.0,0.0,1.0,0.5,111021.0,5.0,6.0,0.0,0.0,1.0,1.0,,0.0,17280.0,50000.0,0.0,2.0,1.0,176.0,176.0,0.0,176.0,22:1,701.0,10.0,3.0,1.0,0.0,0.0,0.0,0.0,0.0,0.0,0.0,0.0,0.0,0.0,0.0,0.0,0.0,0.0,0.0,0.0,0.0,0.0,0.0,0.0,0.0,0.0,0.0,0.0,65000.0,0.0,0.0,,,,,,,,,,,,,,,,,,,,,,,,,,,,,,,,,,,,,,,,,,,,,,,,,,,,,,,
2025,DISTRICT_MANAGED_2025.xlsx,Traditional,DULLES,Elementary,GREATER GRAND CROSSING,Network 9,41,,,,492.0,,0.0,1.0,1.0,1.0,2.0,0.0,0.0,0.0,0.0,1.0,1.5,196350.7,8.0,11.0,0.5,0.0,3.0,3.0,,0.0,17280.0,0.0,1.0,5.0,3.0,625.0,625.0,0.0,625.0,24:1,689.0,27.0,6.0,2.0,0.0,0.0,0.0,0.0,1.0,0.0,1.0,1.0,0.0,0.0,1.0,0.0,0.0,0.0,0.0,0.0,0.0,0.0,0.0,0.0,0.0,0.0,0.0,0.0,101576.0,0.0,0.0,,,,,,,,,,,,,,,,,,,,,,,,,,,,,,,,,,,,,,,,,,,,,,,,,,,,,,,
2025,DISTRICT_MANAGED_2025.xlsx,Traditional,DUNBAR HS,High School,DOUGLAS,Network 17,40,,,,414.0,,0.0,1.0,1.0,1.0,2.0,1.0,0.0,0.98,0.0,0.0,0.0,310668.5,9.0,10.0,0.5,0.0,0.0,0.0,,0.0,17280.0,0.0,1.0,3.0,6.0,367.0,356.0,0.0,356.0,19:1,1563.0,19.0,0.0,1.0,0.0,0.0,0.0,0.0,0.0,0.0,0.0,0.0,2.0,0.0,1.0,0.0,0.5,1.0,0.0,0.0,0.0,0.0,0.0,0.0,0.0,2.0,0.0,160000.0,15000.0,0.0,0.0,,,,,,,,,,,,,,,,,,,,,,,,,,,,,,,,,,,,,,,,,,,,,,,,,,,,,,,
2025,DISTRICT_MANAGED_2025.xlsx,Traditional,DUNNE,Elementary,ROSELAND,Network 13,33,,,,438.0,,0.0,1.0,1.0,1.0,1.0,1.0,0.0,0.0,0.0,0.0,0.0,187303.75,5.0,6.0,0.0,0.0,1.0,1.0,,0.0,17280.0,0.0,0.0,2.0,1.0,180.0,180.0,0.0,180.0,24:1,593.0,10.0,3.0,1.0,0.0,0.0,0.0,0.0,0.0,0.0,0.0,0.0,0.0,0.0,0.0,0.0,0.0,0.0,0.0,0.0,0.0,0.0,0.0,0.0,0.0,0.0,0.0,0.0,0.0,0.0,0.0,,,,,,,,,,,,,,,,,,,,,,,,,,,,,,,,,,,,,,,,,,,,,,,,,,,,,,,
2025,DISTRICT_MANAGED_2025.xlsx,Traditional,DURKIN PARK,Elementary,ASHBURN,Network 10,30,,,,426.0,,0.0,1.0,1.0,1.0,1.0,1.0,0.0,2.48,0.0,2.0,0.0,94041.25,7.0,12.0,1.0,0.0,9.0,5.0,,1.0,17280.0,0.0,0.0,4.0,2.0,582.0,582.0,0.0,582.0,26:1,557.0,23.0,5.0,2.0,0.0,1.0,0.0,0.0,1.0,0.0,0.0,0.0,0.0,0.0,0.0,0.0,0.0,0.0,0.0,0.0,0.0,0.0,0.0,0.0,0.0,0.0,0.0,0.0,0.0,0.0,0.0,,,,,,,,,,,,,,,,,,,,,,,,,,,,,,,,,,,,,,,,,,,,,,,,,,,,,,,
2025,DISTRICT_MANAGED_2025.xlsx,Traditional,DVORAK,Elementary,NORTH LAWNDALE,Network 7,42,,,,438.0,,0.0,1.0,1.0,1.0,1.0,1.0,0.0,0.5,0.0,0.0,2.0,78660.0,5.0,8.0,0.5,0.0,2.0,2.0,,0.5,17280.0,0.0,1.0,4.0,1.0,257.0,257.0,20.0,277.0,22:1,701.0,13.0,3.0,1.0,0.0,0.0,0.0,0.0,0.0,0.0,0.0,0.0,0.0,0.0,0.0,0.0,0.0,0.0,0.0,0.0,0.0,0.0,0.0,0.0,0.0,0.0,0.0,0.0,15000.0,0.0,0.0,,,,,,,,,,,,,,,,,,,,,,,,,,,,,,,,,,,,,,,,,,,,,,,,,,,,,,,
2025,DISTRICT_MANAGED_2025.xlsx,Traditional,DYETT ARTS HS,High School,WASHINGTON PARK,Network 17,37,,,,426.0,,0.0,1.0,1.0,1.0,2.0,1.0,0.0,0.0,1.0,0.0,7.17,215268.23,10.0,6.0,0.5,0.0,0.0,0.0,,0.0,17280.0,73320.0,0.0,4.0,5.83,501.0,496.0,0.0,496.0,19:1,1509.0,27.0,0.0,1.0,0.0,0.0,0.0,0.0,0.0,0.0,0.0,0.0,0.0,0.0,0.0,0.0,0.0,0.0,0.0,0.0,0.0,0.0,0.0,0.0,0.0,0.0,0.0,160000.0,0.0,0.0,0.0,,,,,,,,,,,,,,,,,,,,,,,,,,,,,,,,,,,,,,,,,,,,,,,,,,,,,,,
2025,DISTRICT_MANAGED_2025.xlsx,Traditional,EARHART,Elementary,CALUMET HEIGHTS,Network 12,36,,,,384.0,,0.0,1.0,1.0,1.0,1.0,1.0,0.0,0.0,0.0,0.0,0.0,179935.7,3.0,1.0,0.0,0.0,0.0,0.0,,0.0,17280.0,0.0,0.0,2.0,2.0,201.0,201.0,0.0,201.0,24:1,629.0,10.0,3.0,1.0,0.0,0.0,0.0,0.0,0.0,0.0,0.0,0.0,0.0,0.0,0.0,0.0,0.0,0.0,0.0,0.0,0.0,0.0,0.0,0.0,0.0,0.0,0.0,0.0,0.0,0.0,0.0,,,,,,,,,,,,,,,,,,,,,,,,,,,,,,,,,,,,,,,,,,,,,,,,,,,,,,,
2025,DISTRICT_MANAGED_2025.xlsx,Traditional,EARLE,Elementary,WEST ENGLEWOOD,Network 11,48,,,,516.0,,0.0,1.0,1.0,1.0,1.0,1.0,0.0,0.0,0.0,0.0,1.37,113892.0,7.0,8.0,0.5,0.0,4.0,2.0,,1.0,17280.0,0.0,1.0,4.0,2.0,219.0,218.0,10.0,228.0,22:1,773.0,11.0,3.0,1.0,0.0,0.0,0.0,0.0,0.0,0.0,0.0,0.0,0.0,0.0,0.0,0.0,0.0,0.0,0.0,0.0,0.0,0.0,0.0,0.0,0.0,0.0,1.0,0.0,0.0,0.0,0.0,,,,,,,,,,,,,,,,,,,,,,,,,,,,,,,,,,,,,,,,,,,,,,,,,,,,,,,
2025,DISTRICT_MANAGED_2025.xlsx,Traditional,EBERHART,Elementary,CHICAGO LAWN,Network 10,40,,,,486.0,,0.0,1.0,1.0,1.0,2.0,0.0,0.0,1.0,0.0,1.0,2.0,138447.5,9.0,11.0,0.5,0.0,3.0,3.0,,1.0,17280.0,0.0,1.0,12.0,2.0,969.0,969.0,10.0,979.0,24:1,677.0,41.0,9.0,3.0,0.0,0.0,0.0,0.0,1.0,0.0,1.0,1.0,2.0,0.0,1.0,0.0,0.0,0.0,0.0,0.0,0.0,0.0,1.0,0.0,0.0,0.0,1.0,0.0,0.0,0.0,0.0,,,,,,,,,,,,,,,,,,,,,,,,,,,,,,,,,,,,,,,,,,,,,,,,,,,,,,,
2025,DISTRICT_MANAGED_2025.xlsx,Traditional,EBINGER,Elementary,EDISON PARK,Network 1,20,,,,0.0,,0.0,1.0,1.0,1.0,2.0,1.0,0.0,2.0,0.0,0.0,0.0,77952.6,9.0,14.0,1.0,0.0,0.0,0.0,,0.5,17280.0,0.0,0.0,5.0,2.0,694.0,694.0,0.0,694.0,26:1,437.0,27.0,6.0,0.0,0.0,0.0,0.0,0.0,0.0,0.0,0.0,0.0,1.0,0.0,0.0,0.0,0.0,0.0,2.0,0.0,0.0,0.0,0.0,0.0,0.0,0.0,0.0,0.0,0.0,0.0,0.0,,,,,,,,,,,,,,,,,,,,,,,,,,,,,,,,,,,,,,,,,,,,,,,,,,,,,,,
2025,DISTRICT_MANAGED_2025.xlsx,Traditional,EDGEBROOK,Elementary,FOREST GLEN,Network 1,20,,,,0.0,,0.0,1.0,2.0,2.0,1.0,1.0,1.0,2.0,0.0,0.0,0.0,12360.43,7.0,6.0,0.0,0.0,7.0,5.0,,0.5,17280.0,0.0,0.0,3.0,2.0,438.0,438.0,0.0,438.0,26:1,437.0,17.0,4.0,0.0,0.0,0.0,0.0,0.0,0.0,0.0,0.0,0.0,0.0,0.0,0.0,0.0,0.0,0.0,0.0,0.0,0.0,0.0,0.0,0.0,0.0,0.0,0.0,0.0,0.0,1.0,0.0,,,,,,,,,,,,,,,,,,,,,,,,,,,,,,,,,,,,,,,,,,,,,,,,,,,,,,,
2025,DISTRICT_MANAGED_2025.xlsx,Traditional,EDISON,Elementary,ALBANY PARK,Network 1,18,,,,0.0,,0.0,1.0,0.0,1.0,1.0,1.0,0.0,1.0,0.0,0.0,1.0,126415.1,3.0,2.0,0.0,0.0,0.0,0.0,,0.0,17280.0,0.0,0.0,0.0,2.0,266.0,266.0,0.0,266.0,26:1,413.0,11.0,3.0,0.0,0.0,0.0,0.0,0.0,0.0,0.0,0.0,0.0,0.0,0.0,0.0,0.0,0.0,0.0,0.0,0.0,1.0,0.0,0.0,0.0,0.0,0.0,0.0,0.0,0.0,0.0,0.0,,,,,,,,,,,,,,,,,,,,,,,,,,,,,,,,,,,,,,,,,,,,,,,,,,,,,,,
2025,DISTRICT_MANAGED_2025.xlsx,Traditional,EDISON PARK,Elementary,NORWOOD PARK,Network 1,25,,,,0.0,,1.0,1.0,1.0,1.0,1.0,1.0,0.0,1.5,0.0,0.0,0.0,47902.95,12.0,34.0,1.0,0.0,0.0,0.0,,0.5,17280.0,0.0,0.0,2.0,1.0,427.0,389.0,0.0,389.0,26:1,497.0,15.0,4.0,0.0,0.0,0.0,0.0,0.0,0.0,0.0,0.0,0.0,0.0,0.0,0.0,0.0,0.0,0.0,0.0,0.0,0.0,0.0,0.0,0.0,0.0,0.0,0.0,0.0,0.0,0.0,0.0,,,,,,,,,,,,,,,,,,,,,,,,,,,,,,,,,,,,,,,,,,,,,,,,,,,,,,,
2025,DISTRICT_MANAGED_2025.xlsx,Traditional,EDWARDS,Elementary,ARCHER HEIGHTS,Network 8,40,,,,444.0,,0.0,1.0,1.0,3.0,2.0,0.0,0.0,0.0,0.0,1.0,4.0,311412.91000000003,13.0,37.0,1.5,0.0,11.0,6.0,,2.0,17280.0,0.0,1.0,10.0,4.0,1071.0,1056.0,0.0,1056.0,24:1,677.0,44.0,9.0,3.0,0.0,0.0,0.0,0.0,1.0,0.0,2.0,1.0,0.0,0.0,1.0,2.0,0.0,0.0,1.0,0.0,0.0,0.0,1.0,0.0,0.0,0.0,0.0,0.0,0.0,0.0,0.0,,,,,,,,,,,,,,,,,,,,,,,,,,,,,,,,,,,,,,,,,,,,,,,,,,,,,,,
2025,DISTRICT_MANAGED_2025.xlsx,Traditional,ELLINGTON,Elementary,AUSTIN,Network 3,37,,,,456.0,,0.0,1.0,1.0,1.0,1.0,1.0,0.0,1.38,0.0,0.0,1.0,107604.5,10.0,15.0,1.0,0.0,8.0,4.0,,1.0,17280.0,67680.0,0.0,6.0,2.0,402.0,402.0,20.0,422.0,24:1,641.0,18.0,4.0,1.0,0.0,0.0,0.0,0.0,0.0,0.0,0.0,0.0,0.0,1.0,0.0,0.0,0.0,0.0,1.0,0.0,0.0,0.0,0.0,0.0,0.0,0.0,0.0,0.0,0.0,0.0,0.0,,,,,,,,,,,,,,,,,,,,,,,,,,,,,,,,,,,,,,,,,,,,,,,,,,,,,,,
2025,DISTRICT_MANAGED_2025.xlsx,Traditional,ENGLEWOOD STEM HS,High School,ENGLEWOOD,Network 16,47,,,,444.0,,0.0,1.0,1.0,1.0,2.0,0.0,0.0,0.0,1.0,0.0,6.0,257091.56,11.0,7.0,1.0,0.0,0.0,0.0,,1.0,17280.0,0.0,1.0,5.0,10.0,611.0,602.0,0.0,602.0,18:1,1689.0,34.0,0.0,2.0,0.0,0.0,0.0,0.0,1.0,1.0,1.0,1.0,0.0,0.0,1.0,0.0,0.5,0.0,0.0,0.0,0.0,0.0,0.0,0.0,0.0,2.0,0.0,160000.0,176711.0,0.0,0.0,,,,,,,,,,,,,,,,,,,,,,,,,,,,,,,,,,,,,,,,,,,,,,,,,,,,,,,
2025,DISTRICT_MANAGED_2025.xlsx,Traditional,ERICSON,Elementary,EAST GARFIELD PARK,Network 5,40,,,,426.0,,0.0,1.0,1.0,1.0,1.0,1.0,0.0,0.0,0.0,1.0,0.0,127346.25,5.0,4.0,0.0,0.0,2.0,2.0,,0.0,17280.0,0.0,1.0,4.0,2.0,283.0,283.0,0.0,283.0,24:1,677.0,12.0,3.0,1.0,0.0,0.0,0.0,0.0,0.0,0.0,0.0,0.0,0.0,1.0,0.0,0.0,0.0,0.0,0.0,0.0,0.0,0.0,0.0,0.0,0.0,0.0,0.0,0.0,0.0,0.0,0.0,,,,,,,,,,,,,,,,,,,,,,,,,,,,,,,,,,,,,,,,,,,,,,,,,,,,,,,
2025,DISTRICT_MANAGED_2025.xlsx,Traditional,ESMOND,Elementary,MORGAN PARK,Network 10,41,,,,456.0,,0.0,1.0,1.0,1.0,1.0,1.0,0.0,1.0,0.0,0.0,0.15,143214.24,6.0,8.0,0.0,0.0,1.0,1.0,,0.0,17280.0,0.0,1.0,5.0,0.85,240.0,240.0,0.0,240.0,24:1,689.0,10.0,3.0,1.0,0.0,0.0,0.0,0.0,0.0,0.0,0.0,0.0,0.0,0.0,0.0,0.0,0.0,0.0,1.0,0.0,0.0,0.0,0.0,0.0,0.0,0.0,0.0,0.0,0.0,0.0,0.0,,,,,,,,,,,,,,,,,,,,,,,,,,,,,,,,,,,,,,,,,,,,,,,,,,,,,,,
2025,DISTRICT_MANAGED_2025.xlsx,Traditional,EVERETT,Elementary,MCKINLEY PARK,ISP,37,,,,444.0,,0.0,1.0,0.0,1.0,1.0,1.0,0.0,0.5,0.0,0.0,0.0,278156.31,3.0,2.0,0.0,0.0,2.0,1.0,,0.5,17280.0,0.0,0.0,2.0,1.0,78.0,78.0,0.0,78.0,24:1,641.0,6.0,3.0,1.0,0.0,0.0,0.0,0.0,0.0,0.0,0.0,0.0,0.0,0.0,0.0,0.0,0.0,0.0,0.0,0.0,0.0,0.0,0.0,0.0,0.0,0.0,0.0,0.0,0.0,0.0,0.0,,,,,,,,,,,,,,,,,,,,,,,,,,,,,,,,,,,,,,,,,,,,,,,,,,,,,,,
2025,DISTRICT_MANAGED_2025.xlsx,Traditional,EVERGREEN,Elementary,MCKINLEY PARK,Network 8,37,,,,438.0,,0.0,1.0,1.0,1.0,1.0,1.0,0.0,0.0,0.0,0.0,0.0,196064.0,4.0,6.0,0.0,0.0,0.0,0.0,,1.0,17280.0,0.0,0.0,3.0,1.0,198.0,198.0,0.0,198.0,24:1,641.0,9.0,3.0,1.0,0.0,1.0,0.0,0.0,0.0,0.0,0.0,0.0,0.0,0.0,0.0,0.0,0.0,0.0,0.0,0.0,0.0,0.0,0.0,0.0,0.0,0.0,0.0,0.0,0.0,0.0,0.0,,,,,,,,,,,,,,,,,,,,,,,,,,,,,,,,,,,,,,,,,,,,,,,,,,,,,,,
2025,DISTRICT_MANAGED_2025.xlsx,Traditional,EVERS,Elementary,WASHINGTON HEIGHTS,Network 11,39,,,,456.0,,0.0,1.0,1.0,1.0,1.0,1.0,0.0,0.0,0.0,1.0,0.0,136231.5,6.0,7.0,0.0,0.0,2.0,2.0,,0.0,17280.0,50000.0,0.0,3.0,1.0,185.0,185.0,0.0,185.0,24:1,665.0,10.0,3.0,1.0,0.0,0.0,0.0,0.0,0.0,0.0,0.0,0.0,0.0,0.0,0.0,0.0,0.0,0.0,0.0,0.0,0.0,0.0,0.0,0.0,0.0,0.0,0.0,0.0,15000.0,0.0,0.0,,,,,,,,,,,,,,,,,,,,,,,,,,,,,,,,,,,,,,,,,,,,,,,,,,,,,,,
2025,DISTRICT_MANAGED_2025.xlsx,Traditional,FAIRFIELD,Elementary,CHICAGO LAWN,Network 10,41,,,,474.0,,0.0,1.0,1.0,1.0,2.0,1.0,0.0,0.0,0.0,1.0,1.0,237763.75,8.0,13.0,0.5,0.0,1.0,1.0,,1.0,17280.0,63920.0,0.0,3.0,2.0,453.0,453.0,10.0,463.0,24:1,689.0,20.0,4.0,2.0,0.0,0.0,0.0,0.0,0.0,0.0,0.0,0.0,1.0,0.0,0.0,0.0,0.0,0.0,1.0,0.0,0.0,0.0,0.0,0.0,0.0,0.0,0.0,0.0,70000.0,0.0,0.0,,,,,,,,,,,,,,,,,,,,,,,,,,,,,,,,,,,,,,,,,,,,,,,,,,,,,,,
2025,DISTRICT_MANAGED_2025.xlsx,Traditional,FALCONER,Elementary,BELMONT CRAGIN,Network 3,36,,,,492.0,,0.0,1.0,1.0,1.0,2.0,0.0,0.0,1.6700000000000002,0.5,0.0,2.0,353191.44,11.0,14.0,1.0,0.0,4.0,2.0,,1.0,17280.0,131600.0,0.0,9.0,2.0,790.0,766.0,30.0,796.0,24:1,629.0,34.0,8.0,2.0,0.0,0.0,0.0,0.0,1.0,0.0,1.0,0.0,1.0,0.0,0.0,1.0,0.0,0.0,0.0,0.0,0.0,0.0,0.0,0.0,0.0,0.0,0.0,0.0,0.0,0.0,0.0,,,,,,,,,,,,,,,,,,,,,,,,,,,,,,,,,,,,,,,,,,,,,,,,,,,,,,,
2025,DISTRICT_MANAGED_2025.xlsx,Traditional,FARADAY,Elementary,EAST GARFIELD PARK,Network 5,44,,,,486.0,,0.0,1.0,1.0,1.0,1.0,1.0,0.0,0.45,0.0,0.0,0.0,138276.59,5.0,8.0,0.0,0.0,1.0,1.0,,0.0,17280.0,0.0,0.5,4.0,2.0,146.0,146.0,0.0,146.0,22:1,725.0,10.0,3.0,1.0,0.0,0.0,0.0,0.0,0.0,0.0,0.0,0.0,0.0,0.0,0.0,0.0,0.0,0.0,1.0,0.0,0.0,0.0,0.0,0.0,0.0,0.0,0.0,0.0,0.0,0.0,0.0,,,,,,,,,,,,,,,,,,,,,,,,,,,,,,,,,,,,,,,,,,,,,,,,,,,,,,,
2025,DISTRICT_MANAGED_2025.xlsx,Traditional,FARNSWORTH,Elementary,JEFFERSON PARK,Network 1,27,,,,324.0,,0.0,1.0,1.0,1.0,1.0,1.0,0.0,0.34,0.0,0.0,1.0,146723.25,13.0,28.0,1.0,0.0,4.0,2.0,,1.0,17280.0,0.0,0.0,2.0,1.0,458.0,405.0,0.0,405.0,26:1,521.0,16.0,5.0,1.0,0.0,0.0,0.0,0.0,0.0,0.0,0.0,0.0,0.0,0.0,0.0,0.0,0.0,0.0,0.0,0.0,0.0,0.0,0.0,0.0,0.0,0.0,0.0,0.0,0.0,0.0,0.0,,,,,,,,,,,,,,,,,,,,,,,,,,,,,,,,,,,,,,,,,,,,,,,,,,,,,,,
2025,DISTRICT_MANAGED_2025.xlsx,Traditional,FARRAGUT HS,High School,SOUTH LAWNDALE,Network 16,42,,,,486.0,,0.0,1.0,1.0,1.0,2.0,1.0,0.0,0.0,0.22,0.0,4.2700000000000005,293096.7,13.0,6.0,1.0,0.0,0.0,0.0,,1.0,17280.0,82720.0,0.0,7.0,9.0,489.0,468.0,20.0,488.0,18:1,1599.0,28.0,0.0,1.0,0.0,0.0,0.0,0.0,0.0,1.0,0.0,1.0,1.0,0.0,1.0,0.0,0.0,0.0,2.0,0.0,0.0,0.0,0.0,0.0,0.0,3.0,0.0,160000.0,100000.0,0.0,0.0,,,,,,,,,,,,,,,,,,,,,,,,,,,,,,,,,,,,,,,,,,,,,,,,,,,,,,,
2025,DISTRICT_MANAGED_2025.xlsx,Traditional,FENGER HS,High School,ROSELAND,Network 17,48,,,,408.0,,0.0,1.0,1.0,1.0,1.0,1.0,0.0,0.0,0.0,0.0,1.0,268341.5,7.0,2.0,0.0,0.0,0.0,0.0,,0.0,17280.0,0.0,1.0,2.0,7.0,210.0,210.0,0.0,210.0,18:1,1707.0,12.0,0.0,1.0,0.0,0.0,0.0,0.0,0.0,1.0,0.0,0.0,0.0,0.0,1.0,0.0,1.0,0.0,0.0,0.0,0.0,0.0,0.0,0.0,0.0,2.0,0.0,160000.0,100000.0,0.0,0.0,,,,,,,,,,,,,,,,,,,,,,,,,,,,,,,,,,,,,,,,,,,,,,,,,,,,,,,
2025,DISTRICT_MANAGED_2025.xlsx,Traditional,FERNWOOD,Elementary,WASHINGTON HEIGHTS,Network 13,32,,,,462.0,,0.0,1.0,1.0,1.0,1.0,1.0,0.0,0.0,0.0,0.0,0.15,203679.74,4.0,5.0,0.0,0.0,1.0,1.0,,0.0,17280.0,0.0,1.0,2.0,0.85,239.0,239.0,0.0,239.0,24:1,581.0,10.0,3.0,1.0,0.0,0.0,0.0,0.0,0.0,0.0,0.0,0.0,0.0,0.0,0.0,0.0,0.0,0.0,0.0,0.0,0.0,0.0,0.0,0.0,0.0,0.0,0.0,0.0,0.0,0.0,0.0,,,,,,,,,,,,,,,,,,,,,,,,,,,,,,,,,,,,,,,,,,,,,,,,,,,,,,,
2025,DISTRICT_MANAGED_2025.xlsx,Traditional,FIELD,Elementary,ROGERS PARK,Network 2,38,,,,456.0,,0.0,1.0,1.0,1.0,1.0,1.0,0.0,0.0,0.0,0.0,0.0,142926.05,4.0,3.0,0.0,0.0,0.0,0.0,,1.0,17280.0,0.0,0.5,2.0,1.0,152.0,152.0,0.0,152.0,24:1,653.0,7.0,3.0,1.0,0.0,0.0,0.0,0.0,0.0,0.0,0.0,0.0,0.0,0.0,0.0,0.0,0.0,0.0,0.0,0.0,0.0,0.0,0.0,0.0,0.0,0.0,0.0,0.0,70000.0,0.0,0.0,,,,,,,,,,,,,,,,,,,,,,,,,,,,,,,,,,,,,,,,,,,,,,,,,,,,,,,
2025,DISTRICT_MANAGED_2025.xlsx,Traditional,FINKL,Elementary,LOWER WEST SIDE,Network 7,45,,,,468.0,,0.0,1.0,1.0,1.0,1.0,1.0,0.0,0.0,0.0,0.0,0.82,180657.15,12.0,25.0,0.5,0.0,2.0,1.0,,1.0,17280.0,0.0,1.0,3.0,1.0,200.0,163.0,60.0,223.0,22:1,737.0,11.0,3.0,1.0,0.0,0.0,0.0,0.0,0.0,0.0,0.0,0.0,0.0,0.0,0.0,0.0,0.0,0.0,0.0,0.0,0.0,0.0,0.0,0.0,0.0,0.0,0.0,0.0,0.0,0.0,0.0,,,,,,,,,,,,,,,,,,,,,,,,,,,,,,,,,,,,,,,,,,,,,,,,,,,,,,,
2025,DISTRICT_MANAGED_2025.xlsx,Traditional,FISKE,Elementary,WOODLAWN,Network 9,33,,,,414.0,,0.0,1.0,1.0,1.0,1.0,1.0,0.0,0.0,0.0,1.0,0.0,228915.5,5.0,9.0,0.5,0.0,4.0,2.0,,0.0,17280.0,0.0,1.0,4.0,2.0,342.0,342.0,0.0,342.0,24:1,593.0,15.0,3.0,1.0,0.0,0.0,0.0,0.0,0.0,0.0,0.0,0.0,0.0,0.0,0.0,2.0,0.0,0.0,1.0,0.0,0.0,0.0,0.0,0.0,0.0,0.0,0.0,0.0,100000.0,0.0,0.0,,,,,,,,,,,,,,,,,,,,,,,,,,,,,,,,,,,,,,,,,,,,,,,,,,,,,,,
2025,DISTRICT_MANAGED_2025.xlsx,Traditional,FOREMAN HS,High School,PORTAGE PARK,Network 14,35,,,,444.0,,0.0,1.0,1.0,1.0,2.0,0.0,0.0,0.0,1.0,0.0,5.0,296301.18,12.0,12.0,1.0,0.0,0.0,0.0,,1.0,17280.0,0.0,1.0,6.0,6.0,607.0,585.0,20.0,605.0,19:1,1473.0,32.0,0.0,1.0,0.0,0.0,0.0,0.0,1.0,0.0,1.0,1.0,1.0,0.0,1.0,0.0,0.5,0.0,0.0,0.0,0.0,0.0,0.0,0.0,0.0,3.0,0.0,150000.0,100000.0,0.0,0.0,,,,,,,,,,,,,,,,,,,,,,,,,,,,,,,,,,,,,,,,,,,,,,,,,,,,,,,
2025,DISTRICT_MANAGED_2025.xlsx,Traditional,FORT DEARBORN,Elementary,WASHINGTON HEIGHTS,Network 11,36,,,,444.0,,0.0,1.0,1.0,1.0,1.0,1.0,0.0,0.0,0.0,0.0,0.5,176490.8,8.0,11.0,0.5,0.0,4.0,2.0,,0.0,17280.0,0.0,1.0,3.0,1.0,268.0,268.0,10.0,278.0,24:1,629.0,12.0,3.0,1.0,1.0,0.0,0.0,0.0,0.0,0.0,0.0,0.0,0.0,0.0,0.0,0.0,0.0,0.0,0.0,0.0,0.0,0.0,0.0,0.0,0.0,0.0,1.0,0.0,0.0,0.0,0.0,,,,,,,,,,,,,,,,,,,,,,,,,,,,,,,,,,,,,,,,,,,,,,,,,,,,,,,
2025,DISTRICT_MANAGED_2025.xlsx,Traditional,FOSTER PARK,Elementary,AUBURN GRESHAM,Network 11,41,,,,450.0,,0.0,1.0,1.0,1.0,1.0,1.0,0.0,0.0,0.0,0.0,0.68,185442.0,10.0,24.0,1.0,0.0,3.0,2.0,,0.0,17280.0,50000.0,0.0,4.0,2.0,292.0,256.0,0.0,256.0,24:1,689.0,11.0,3.0,1.0,1.0,0.0,0.0,0.0,0.0,0.0,0.0,0.0,0.0,0.0,0.0,0.0,0.0,0.0,0.0,0.0,0.0,0.0,0.0,0.0,0.0,0.0,0.0,0.0,0.0,0.0,0.0,,,,,,,,,,,,,,,,,,,,,,,,,,,,,,,,,,,,,,,,,,,,,,,,,,,,,,,
2025,DISTRICT_MANAGED_2025.xlsx,Traditional,FRANKLIN,Elementary,NEAR NORTH SIDE,Network 4,27,,,,0.0,,0.0,1.0,1.0,1.0,1.0,1.0,0.0,1.0,0.0,0.0,0.0,78648.92,5.0,4.0,0.0,0.0,0.0,0.0,,0.0,17280.0,0.0,0.0,2.0,1.0,359.0,359.0,0.0,359.0,26:1,521.0,14.0,3.0,0.0,1.0,0.0,0.0,0.0,0.0,0.0,0.0,0.0,0.0,0.0,0.0,0.0,0.0,0.0,0.0,0.0,0.0,0.0,0.0,0.0,0.0,0.0,0.0,0.0,0.0,0.0,2.0,,,,,,,,,,,,,,,,,,,,,,,,,,,,,,,,,,,,,,,,,,,,,,,,,,,,,,,
2025,DISTRICT_MANAGED_2025.xlsx,Traditional,FRAZIER PROSPECTIVE,Elementary,NORTH LAWNDALE,ISP,47,,,,444.0,,0.0,1.0,0.0,1.0,1.0,1.0,0.0,0.5,0.0,0.0,1.0,231363.09545454543,7.0,5.0,0.0,0.0,0.0,0.0,,0.0,17280.0,50000.0,0.0,3.0,1.0,134.0,134.0,0.0,134.0,22:1,761.0,10.0,3.0,1.0,0.0,0.0,0.0,0.0,0.0,0.0,0.0,0.0,0.0,0.0,0.0,0.0,0.0,0.0,1.0,0.0,0.0,0.0,0.0,0.0,0.0,0.0,0.0,0.0,0.0,0.0,0.0,,,,,,,,,,,,,,,,,,,,,,,,,,,,,,,,,,,,,,,,,,,,,,,,,,,,,,,
2025,DISTRICT_MANAGED_2025.xlsx,Traditional,FULLER,Elementary,GRAND BOULEVARD,Network 9,45,,,,474.0,,0.0,1.0,1.0,1.0,1.0,1.0,0.0,0.0,0.0,2.0,1.0,74387.0,5.0,6.0,0.0,0.0,2.0,2.0,,0.0,17280.0,50000.0,0.0,4.0,1.0,272.0,272.0,0.0,272.0,22:1,737.0,13.0,3.0,1.0,0.0,0.0,0.0,0.0,0.0,0.0,0.0,0.0,0.0,0.0,0.0,0.0,0.0,0.0,0.0,0.0,0.0,0.0,0.0,0.0,0.0,0.0,0.0,0.0,0.0,0.0,0.0,,,,,,,,,,,,,,,,,,,,,,,,,,,,,,,,,,,,,,,,,,,,,,,,,,,,,,,
2025,DISTRICT_MANAGED_2025.xlsx,Traditional,FULTON,Elementary,NEW CITY,Network 8,43,,,,432.0,,0.0,1.0,1.0,1.0,1.0,1.0,0.0,1.7000000000000002,0.0,0.0,0.0,101018.0,6.0,4.0,0.0,0.0,4.0,2.0,,1.0,17280.0,52640.0,0.0,3.0,2.0,283.0,283.0,20.0,303.0,22:1,713.0,14.0,3.0,1.0,0.0,0.0,0.0,0.0,0.0,0.0,0.0,0.0,0.0,0.0,0.0,0.0,0.0,0.0,0.0,0.0,0.0,0.0,0.0,0.0,0.0,0.0,0.0,0.0,0.0,0.0,0.0,,,,,,,,,,,,,,,,,,,,,,,,,,,,,,,,,,,,,,,,,,,,,,,,,,,,,,,
2025,DISTRICT_MANAGED_2025.xlsx,Traditional,FUNSTON,Elementary,LOGAN SQUARE,Network 4,42,,,,468.0,,1.0,1.0,1.0,1.0,2.0,1.0,0.0,0.68,0.0,0.0,1.5,133295.62,13.0,26.0,1.0,0.0,3.0,2.0,,1.0,17280.0,0.0,1.0,5.0,2.0,376.0,337.0,0.0,337.0,22:1,701.0,16.0,4.0,1.0,0.0,0.0,0.0,0.0,0.0,0.0,0.0,0.0,0.0,0.0,0.0,0.0,0.0,0.0,0.0,0.0,0.0,0.0,1.0,0.0,0.0,0.0,0.0,0.0,0.0,0.0,0.0,,,,,,,,,,,,,,,,,,,,,,,,,,,,,,,,,,,,,,,,,,,,,,,,,,,,,,,
2025,DISTRICT_MANAGED_2025.xlsx,Traditional,GAGE PARK HS,High School,GAGE PARK,Network 16,45,,,,480.0,,0.0,1.0,1.0,1.0,1.0,1.0,0.0,2.0,0.0,0.0,4.0,86745.0,7.0,10.0,0.5,0.0,0.0,0.0,,1.0,17280.0,0.0,1.0,6.0,5.0,348.0,342.0,0.0,342.0,18:1,1653.0,19.0,0.0,1.0,0.0,0.0,0.0,0.0,0.0,0.0,0.0,0.0,0.0,0.0,0.0,0.0,0.5,0.0,0.0,0.0,0.0,0.0,0.0,0.0,0.0,2.0,1.0,160000.0,100000.0,0.0,0.0,,,,,,,,,,,,,,,,,,,,,,,,,,,,,,,,,,,,,,,,,,,,,,,,,,,,,,,
2025,DISTRICT_MANAGED_2025.xlsx,Traditional,GALE,Elementary,ROGERS PARK,Network 2,35,,,,390.0,,0.0,1.0,1.0,1.0,1.0,1.0,0.0,0.0,0.0,0.0,0.0,174892.86,11.0,25.0,0.0,0.0,2.0,2.0,,1.0,17280.0,0.0,0.5,3.0,3.0,265.0,229.0,30.0,259.0,24:1,617.0,11.0,3.0,1.0,0.0,0.0,0.0,0.0,0.0,0.0,0.0,0.0,0.0,1.0,0.0,0.0,0.0,0.0,0.0,0.0,0.0,0.0,0.0,0.0,0.0,0.0,0.0,0.0,15000.0,0.0,0.0,,,,,,,,,,,,,,,,,,,,,,,,,,,,,,,,,,,,,,,,,,,,,,,,,,,,,,,
2025,DISTRICT_MANAGED_2025.xlsx,Traditional,GALILEO,Elementary,NEAR WEST SIDE,Network 6,29,,,,0.0,,0.0,1.0,1.0,1.0,1.0,1.0,0.0,2.5,0.0,0.0,0.0,4504.32,10.0,11.0,0.5,0.0,0.0,0.0,,1.0,17280.0,0.0,0.0,3.0,2.0,533.0,533.0,0.0,533.0,26:1,545.0,21.0,5.0,0.0,0.0,0.0,0.0,0.0,0.0,0.0,0.0,0.0,0.0,0.0,0.0,0.0,0.0,0.0,0.0,0.0,0.0,0.0,0.0,0.0,0.0,0.0,0.0,0.0,0.0,0.0,0.0,,,,,,,,,,,,,,,,,,,,,,,,,,,,,,,,,,,,,,,,,,,,,,,,,,,,,,,
2025,DISTRICT_MANAGED_2025.xlsx,Traditional,GALLISTEL,Elementary,EAST SIDE,Network 13,31,,,,372.0,,0.0,1.0,1.0,1.0,1.0,1.0,0.0,1.85,0.0,0.0,0.0,119496.5,9.0,8.0,0.5,0.0,3.0,3.0,,1.0,17280.0,90240.0,0.0,7.0,2.0,564.0,564.0,0.0,564.0,24:1,569.0,24.0,5.0,2.0,0.0,0.0,0.0,0.0,1.0,0.0,0.0,0.0,1.0,0.0,0.0,0.0,0.0,0.0,0.0,0.0,0.0,0.0,0.0,0.0,0.0,0.0,0.0,0.0,0.0,0.0,0.0,,,,,,,,,,,,,,,,,,,,,,,,,,,,,,,,,,,,,,,,,,,,,,,,,,,,,,,
2025,DISTRICT_MANAGED_2025.xlsx,Traditional,GARVEY,Elementary,WASHINGTON HEIGHTS,Network 13,29,,,,456.0,,0.0,1.0,1.0,1.0,1.0,1.0,0.0,0.0,0.0,0.0,0.84,127975.94,4.0,6.0,0.0,0.0,2.0,2.0,,0.0,17280.0,0.0,1.0,3.0,1.0,211.0,211.0,0.0,211.0,26:1,545.0,10.0,3.0,1.0,0.0,0.0,0.0,0.0,0.0,0.0,0.0,0.0,0.0,0.0,0.0,0.0,0.0,0.0,0.0,0.0,0.0,0.0,0.0,0.0,0.0,0.0,0.0,0.0,15000.0,0.0,0.0,,,,,,,,,,,,,,,,,,,,,,,,,,,,,,,,,,,,,,,,,,,,,,,,,,,,,,,
2025,DISTRICT_MANAGED_2025.xlsx,Traditional,GARVY,Elementary,NORWOOD PARK,Network 1,19,,,,0.0,,0.0,1.0,1.0,1.0,2.0,0.0,0.0,0.0,0.0,0.0,0.5,159678.06,9.0,10.0,0.5,0.0,0.0,0.0,,1.0,17280.0,0.0,0.0,2.0,1.0,741.0,741.0,0.0,741.0,26:1,425.0,29.0,6.0,0.0,0.0,0.0,0.0,0.0,0.0,0.0,1.0,0.0,1.0,0.0,0.0,0.0,0.0,0.0,0.0,0.0,0.0,0.0,0.0,0.0,0.0,0.0,0.0,0.0,0.0,0.0,0.0,,,,,,,,,,,,,,,,,,,,,,,,,,,,,,,,,,,,,,,,,,,,,,,,,,,,,,,
2025,DISTRICT_MANAGED_2025.xlsx,Traditional,GARY,Elementary,SOUTH LAWNDALE,Network 7,41,,,,450.0,,0.0,1.0,1.0,1.0,2.0,0.0,0.0,0.0,0.0,0.0,5.0,268588.34,10.0,17.0,1.0,0.0,5.0,3.0,,1.0,17280.0,112800.0,0.0,8.0,2.0,686.0,657.0,30.0,687.0,24:1,689.0,29.0,7.0,2.0,0.0,0.0,0.0,0.0,1.0,0.0,1.0,0.0,1.0,0.0,0.0,0.0,0.0,0.0,0.0,0.0,0.0,0.0,0.0,0.0,0.0,0.0,0.0,0.0,0.0,0.0,0.0,,,,,,,,,,,,,,,,,,,,,,,,,,,,,,,,,,,,,,,,,,,,,,,,,,,,,,,
2025,DISTRICT_MANAGED_2025.xlsx,Traditional,GILLESPIE,Elementary,ROSELAND,Network 12,42,,,,438.0,,0.0,1.0,1.0,1.0,1.0,1.0,0.0,1.5,0.0,0.0,0.0,133715.05,9.0,14.0,0.5,0.0,1.0,1.0,,0.0,17280.0,0.0,1.0,4.0,1.0,332.0,295.0,0.0,295.0,22:1,701.0,14.0,4.0,1.0,0.0,0.0,0.0,0.0,0.0,0.0,0.0,0.0,0.0,0.0,0.0,0.0,0.0,0.0,0.0,0.0,0.0,0.0,0.0,0.0,0.0,0.0,0.0,0.0,65000.0,0.0,0.0,,,,,,,,,,,,,,,,,,,,,,,,,,,,,,,,,,,,,,,,,,,,,,,,,,,,,,,
2025,DISTRICT_MANAGED_2025.xlsx,Traditional,GOETHE,Elementary,LOGAN SQUARE,Network 4,29,,,,0.0,,0.0,1.0,1.0,1.0,2.0,0.0,0.0,2.0,0.0,1.0,0.0,20834.91,8.0,17.0,1.0,0.0,5.0,3.0,,1.0,17280.0,92120.0,0.0,7.0,2.0,651.0,651.0,0.0,651.0,26:1,545.0,26.0,6.0,0.0,0.0,0.0,0.0,0.0,0.0,0.0,1.0,0.0,0.0,1.0,0.0,0.0,0.0,0.0,0.0,0.0,0.0,0.0,1.0,0.0,0.0,0.0,0.0,0.0,0.0,0.0,0.0,,,,,,,,,,,,,,,,,,,,,,,,,,,,,,,,,,,,,,,,,,,,,,,,,,,,,,,
2025,DISTRICT_MANAGED_2025.xlsx,Traditional,GOODE HS,High School,ASHBURN,Network 16,36,,,,390.0,,0.0,1.0,1.0,1.0,2.0,0.0,0.0,0.0,2.0,1.0,5.01,649904.65,14.0,20.0,1.0,0.0,0.0,0.0,,1.0,17280.0,0.0,0.0,5.0,5.0,955.0,944.0,0.0,944.0,19:1,1491.0,50.0,0.0,2.0,0.0,0.0,0.0,-3.0,1.0,1.0,1.0,1.0,2.0,0.0,2.0,0.0,0.0,0.0,0.0,0.0,0.0,0.0,0.0,0.0,0.0,0.0,0.0,150000.0,0.0,0.0,0.0,,,,,,,,,,,,,,,,,,,,,,,,,,,,,,,,,,,,,,,,,,,,,,,,,,,,,,,
2025,DISTRICT_MANAGED_2025.xlsx,Traditional,GOUDY,Elementary,UPTOWN,Network 2,32,,,,420.0,,0.0,1.0,1.0,1.0,1.0,1.0,0.0,0.5,0.0,0.0,0.0,354220.22000000003,11.0,12.0,0.5,0.0,2.0,2.0,,1.0,17280.0,0.0,0.0,6.0,2.0,492.0,492.0,30.0,522.0,24:1,581.0,22.0,5.0,2.0,0.0,0.0,0.0,0.0,0.0,0.0,0.0,0.0,0.0,0.0,0.0,0.0,0.0,0.0,0.0,0.0,0.0,0.0,0.0,0.0,0.0,0.0,0.0,0.0,0.0,0.0,0.0,,,,,,,,,,,,,,,,,,,,,,,,,,,,,,,,,,,,,,,,,,,,,,,,,,,,,,,
2025,DISTRICT_MANAGED_2025.xlsx,Traditional,GRAHAM ES,Elementary,NEW CITY,Network 6,39,,,,462.0,,0.0,1.0,1.0,1.0,1.0,1.0,0.0,1.8,0.0,1.0,0.0,66086.31,7.0,8.0,0.0,0.0,2.0,2.0,,1.0,17280.0,0.0,1.0,4.0,2.0,278.0,278.0,80.0,358.0,24:1,665.0,15.0,3.0,1.0,0.0,0.0,0.0,0.0,0.0,0.0,0.0,0.0,0.0,0.0,0.0,0.0,0.0,0.0,0.0,0.0,0.0,0.0,0.0,0.0,0.0,0.0,1.0,0.0,20000.0,0.0,0.0,,,,,,,,,,,,,,,,,,,,,,,,,,,,,,,,,,,,,,,,,,,,,,,,,,,,,,,
2025,DISTRICT_MANAGED_2025.xlsx,Traditional,GRAY,Elementary,PORTAGE PARK,Network 1,29,,,,420.0,,0.0,1.0,1.0,1.0,2.0,0.0,0.0,0.15,0.0,3.0,0.0,175229.85,10.0,7.0,1.0,0.0,3.0,3.0,,1.0,17280.0,125960.0,0.0,9.0,2.0,939.0,939.0,10.0,949.0,26:1,545.0,37.0,8.0,3.0,0.0,0.0,0.0,0.0,0.0,0.0,1.0,1.0,2.0,0.0,0.0,0.0,0.0,0.0,0.0,0.0,0.0,0.0,0.0,0.0,0.0,0.0,0.0,0.0,0.0,0.0,0.0,,,,,,,,,,,,,,,,,,,,,,,,,,,,,,,,,,,,,,,,,,,,,,,,,,,,,,,
2025,DISTRICT_MANAGED_2025.xlsx,Traditional,GREELEY,Elementary,LAKE VIEW,Network 4,29,,,,384.0,,0.0,1.0,1.0,1.0,1.0,1.0,0.0,0.0,0.0,0.0,0.0,213517.54,7.0,6.0,0.0,0.0,2.0,2.0,,1.0,17280.0,0.0,0.0,4.0,1.0,411.0,411.0,0.0,411.0,26:1,545.0,16.0,4.0,1.0,0.0,0.0,0.0,0.0,0.0,0.0,0.0,0.0,1.0,0.0,0.0,0.0,0.0,0.0,0.0,0.0,1.0,0.0,0.0,0.0,0.0,0.0,1.0,0.0,0.0,0.0,0.0,,,,,,,,,,,,,,,,,,,,,,,,,,,,,,,,,,,,,,,,,,,,,,,,,,,,,,,
2025,DISTRICT_MANAGED_2025.xlsx,Traditional,GREEN,Elementary,WASHINGTON HEIGHTS,Network 11,41,,,,432.0,,0.0,1.0,1.0,1.0,1.0,1.0,0.0,0.0,0.0,0.0,0.0,266441.5,9.0,19.0,0.5,0.0,1.0,1.0,,0.0,17280.0,0.0,1.0,3.0,1.0,282.0,245.0,0.0,245.0,24:1,689.0,11.0,3.0,1.0,0.0,0.0,0.0,0.0,0.0,0.0,0.0,0.0,0.0,0.0,0.0,0.0,0.0,0.0,0.0,0.0,0.0,0.0,0.0,0.0,0.0,0.0,0.0,0.0,0.0,0.0,0.0,,,,,,,,,,,,,,,,,,,,,,,,,,,,,,,,,,,,,,,,,,,,,,,,,,,,,,,
2025,DISTRICT_MANAGED_2025.xlsx,Traditional,GREENE,Elementary,MCKINLEY PARK,Network 8,34,,,,462.0,,0.0,1.0,1.0,1.0,1.0,1.0,0.0,0.5,0.0,0.42,0.0,147782.08750000002,6.0,9.0,0.5,0.0,5.0,3.0,,1.0,17280.0,45120.0,0.0,4.0,1.0,266.0,266.0,10.0,276.0,24:1,605.0,12.0,3.0,1.0,0.0,0.0,0.0,0.0,0.0,0.0,0.0,0.0,0.0,0.0,0.0,0.0,0.0,0.0,0.0,0.0,0.0,0.0,0.0,0.0,0.0,0.0,0.0,0.0,0.0,0.0,0.0,,,,,,,,,,,,,,,,,,,,,,,,,,,,,,,,,,,,,,,,,,,,,,,,,,,,,,,
2025,DISTRICT_MANAGED_2025.xlsx,Traditional,GREGORY,Elementary,EAST GARFIELD PARK,Network 5,42,,,,474.0,,0.0,1.0,1.0,1.0,1.0,1.0,0.0,0.72,0.0,0.0,1.0,58081.6,7.0,12.0,0.0,0.0,2.0,1.0,,0.5,17280.0,0.0,1.0,3.0,2.0,220.0,208.0,0.0,208.0,22:1,701.0,10.0,3.0,1.0,0.0,0.0,0.0,0.0,0.0,0.0,0.0,0.0,0.0,0.0,0.0,0.0,0.0,0.0,0.0,0.0,0.0,0.0,0.0,0.0,0.0,0.0,0.0,0.0,0.0,0.0,0.71,,,,,,,,,,,,,,,,,,,,,,,,,,,,,,,,,,,,,,,,,,,,,,,,,,,,,,,
2025,DISTRICT_MANAGED_2025.xlsx,Traditional,GRESHAM,Elementary,AUBURN GRESHAM,Network 11,43,,,,474.0,,0.0,1.0,0.0,1.0,1.0,1.0,0.0,1.0,0.0,0.0,2.5,102389.5,5.0,10.0,0.5,0.0,2.0,2.0,,0.0,17280.0,50000.0,0.0,3.0,2.0,295.0,295.0,0.0,295.0,22:1,713.0,14.0,3.0,1.0,0.0,0.0,0.0,0.0,0.0,0.0,0.0,0.0,0.0,0.0,0.0,0.0,0.0,0.0,0.0,0.0,0.0,0.0,0.0,0.0,0.0,0.0,0.0,0.0,0.0,0.0,0.0,,,,,,,,,,,,,,,,,,,,,,,,,,,,,,,,,,,,,,,,,,,,,,,,,,,,,,,
2025,DISTRICT_MANAGED_2025.xlsx,Traditional,GRIMES,Elementary,CLEARING,Network 10,34,,,,402.0,,0.0,1.0,1.0,2.0,1.0,1.0,0.0,1.68,0.0,0.0,0.0,39402.2,7.0,4.0,0.5,0.0,1.0,1.0,,1.0,17280.0,0.0,0.0,3.0,2.0,349.0,349.0,0.0,349.0,24:1,605.0,15.0,3.0,1.0,0.0,0.0,0.0,0.0,0.0,0.0,0.0,0.0,0.0,0.0,0.0,0.0,0.0,0.0,0.0,0.0,0.0,0.0,0.0,0.0,0.0,0.0,0.0,0.0,0.0,0.0,0.0,,,,,,,,,,,,,,,,,,,,,,,,,,,,,,,,,,,,,,,,,,,,,,,,,,,,,,,
2025,DISTRICT_MANAGED_2025.xlsx,Traditional,GRISSOM,Elementary,HEGEWISCH,Network 13,29,,,,420.0,,0.0,1.0,1.0,1.0,1.0,1.0,2.0,0.0,0.0,1.0,0.0,159505.43,5.0,9.0,0.0,0.0,1.0,1.0,,1.0,17280.0,0.0,0.0,2.0,2.0,276.0,276.0,0.0,276.0,26:1,545.0,11.0,3.0,1.0,1.0,0.0,0.0,0.0,0.0,0.0,0.0,0.0,0.0,0.0,0.0,0.0,0.0,0.0,0.0,0.0,0.0,0.0,0.0,0.0,0.0,0.0,0.0,0.0,0.0,0.0,0.0,,,,,,,,,,,,,,,,,,,,,,,,,,,,,,,,,,,,,,,,,,,,,,,,,,,,,,,
2025,DISTRICT_MANAGED_2025.xlsx,Traditional,GUNSAULUS,Elementary,BRIGHTON PARK,Network 8,36,,,,438.0,,0.0,1.0,1.0,1.0,2.0,0.0,0.0,1.0,0.0,0.0,0.5,445668.28,9.0,8.0,0.5,0.0,4.0,3.0,,1.0,17280.0,0.0,0.0,7.0,1.0,615.0,615.0,0.0,615.0,24:1,629.0,26.0,6.0,2.0,0.0,0.0,0.0,0.0,1.0,0.0,1.0,0.0,0.0,0.0,0.0,0.0,0.0,0.0,0.0,0.0,0.0,0.0,0.0,0.0,0.0,0.0,0.0,0.0,0.0,0.0,0.0,,,,,,,,,,,,,,,,,,,,,,,,,,,,,,,,,,,,,,,,,,,,,,,,,,,,,,,
2025,DISTRICT_MANAGED_2025.xlsx,Traditional,HAINES,Elementary,ARMOUR SQUARE,Network 6,28,,,,414.0,,1.0,1.0,1.0,1.0,1.0,1.0,0.0,2.0,0.0,0.0,0.0,59521.55,6.0,4.0,0.0,0.0,1.0,1.0,,1.0,17280.0,0.0,0.0,7.0,1.0,461.0,461.0,0.0,461.0,26:1,533.0,18.0,4.0,2.0,0.0,0.0,0.0,0.0,0.0,0.0,0.0,0.0,1.0,0.0,0.0,0.0,0.0,0.0,0.0,0.0,0.0,0.0,0.0,0.0,0.0,0.0,0.0,0.0,0.0,0.0,0.0,,,,,,,,,,,,,,,,,,,,,,,,,,,,,,,,,,,,,,,,,,,,,,,,,,,,,,,
2025,DISTRICT_MANAGED_2025.xlsx,Traditional,HALE,Elementary,CLEARING,Network 10,26,,,,372.0,,0.0,1.0,1.0,1.0,2.0,0.0,0.0,0.0,0.0,1.0,0.0,206253.25,9.0,8.0,1.0,0.0,1.0,1.0,,1.0,17280.0,94000.0,0.0,5.0,2.0,751.0,751.0,0.0,751.0,26:1,509.0,29.0,6.0,2.0,0.0,0.0,0.0,0.0,0.0,0.0,1.0,0.0,2.0,0.0,0.0,0.0,0.0,0.0,0.0,0.0,0.0,0.0,0.0,0.0,0.0,0.0,0.0,0.0,0.0,0.0,0.0,,,,,,,,,,,,,,,,,,,,,,,,,,,,,,,,,,,,,,,,,,,,,,,,,,,,,,,
2025,DISTRICT_MANAGED_2025.xlsx,Traditional,HALEY,Elementary,ROSELAND,Network 13,38,,,,486.0,,0.0,1.0,1.0,1.0,1.0,1.0,0.0,1.0,0.0,0.0,0.0,70684.0,7.0,12.0,0.5,0.0,3.0,2.0,,0.5,17280.0,0.0,1.0,6.0,2.0,398.0,398.0,0.0,398.0,24:1,653.0,17.0,4.0,1.0,0.0,0.0,0.0,0.0,0.0,0.0,0.0,0.0,1.0,0.0,1.0,0.0,0.0,0.0,0.0,0.0,0.0,0.0,0.0,0.0,0.0,0.0,1.0,0.0,15000.0,0.0,0.0,,,,,,,,,,,,,,,,,,,,,,,,,,,,,,,,,,,,,,,,,,,,,,,,,,,,,,,
2025,DISTRICT_MANAGED_2025.xlsx,Traditional,HAMILTON,Elementary,LAKE VIEW,Network 4,22,,,,0.0,,0.0,1.0,1.0,1.0,1.0,1.0,0.0,2.0,0.0,0.0,0.0,10164.7,10.0,13.0,0.5,0.0,1.0,1.0,,0.5,17280.0,0.0,0.0,4.0,1.0,464.0,464.0,0.0,464.0,26:1,461.0,18.0,4.0,0.0,0.0,0.0,0.0,0.0,0.0,0.0,0.0,0.0,0.0,0.0,0.0,0.0,0.0,0.0,0.0,0.0,0.0,0.0,0.0,0.0,0.0,0.0,0.0,0.0,0.0,0.0,1.0,,,,,,,,,,,,,,,,,,,,,,,,,,,,,,,,,,,,,,,,,,,,,,,,,,,,,,,
2025,DISTRICT_MANAGED_2025.xlsx,Traditional,HAMLINE,Elementary,NEW CITY,Network 8,52,,,,480.0,,0.0,1.0,1.0,2.0,2.0,1.0,0.0,0.0,0.0,1.97,0.0,396822.92,11.0,16.0,1.0,0.0,5.0,3.0,,1.0,17280.0,0.0,1.0,6.0,3.0,510.0,476.0,10.0,486.0,22:1,821.0,23.0,6.0,2.0,0.0,0.0,0.0,0.0,1.0,0.0,0.0,0.0,0.0,0.0,1.0,0.0,0.0,0.0,0.0,0.0,0.0,0.0,0.0,0.0,0.0,0.0,1.0,0.0,70000.0,0.0,0.0,,,,,,,,,,,,,,,,,,,,,,,,,,,,,,,,,,,,,,,,,,,,,,,,,,,,,,,
2025,DISTRICT_MANAGED_2025.xlsx,Traditional,HAMMOND,Elementary,SOUTH LAWNDALE,Network 7,43,,,,474.0,,0.0,1.0,1.0,1.0,1.0,1.0,0.0,0.0,0.0,0.0,1.0,199583.8,8.0,4.0,0.5,0.0,4.0,2.0,,1.0,17280.0,0.0,1.0,4.0,1.0,204.0,204.0,40.0,244.0,22:1,713.0,12.0,3.0,1.0,0.0,0.0,0.0,0.0,0.0,0.0,0.0,0.0,0.0,0.0,0.0,0.0,0.0,0.0,0.0,0.0,0.0,0.0,0.0,0.0,0.0,0.0,0.0,0.0,0.0,0.0,0.0,,,,,,,,,,,,,,,,,,,,,,,,,,,,,,,,,,,,,,,,,,,,,,,,,,,,,,,
2025,DISTRICT_MANAGED_2025.xlsx,Traditional,HAMPTON,Elementary,ASHBURN,Network 10,42,,,,468.0,,0.0,1.0,1.0,1.0,2.0,1.0,0.0,0.0,0.0,0.0,2.66,64216.75,8.0,16.0,0.5,0.0,2.0,2.0,,1.0,17280.0,62040.0,0.0,5.0,1.0,416.0,382.0,0.0,382.0,22:1,701.0,18.0,5.0,1.0,0.0,0.0,0.0,0.0,0.0,0.0,0.0,0.0,0.0,1.0,0.0,0.0,0.0,0.0,0.0,0.0,0.0,0.0,0.0,0.0,0.0,0.0,0.0,0.0,0.0,0.0,0.0,,,,,,,,,,,,,,,,,,,,,,,,,,,,,,,,,,,,,,,,,,,,,,,,,,,,,,,
2025,DISTRICT_MANAGED_2025.xlsx,Traditional,HANCOCK HS,High School,CLEARING,Network 15,27,,,,324.0,,0.0,1.0,1.0,1.0,3.0,0.0,1.0,1.0,1.0,0.0,5.0,463216.25,7.0,8.0,0.5,0.0,0.0,0.0,,0.5,17280.0,0.0,0.0,5.0,5.0,1028.0,1015.0,0.0,1015.0,21:1,1329.0,49.0,0.0,2.0,0.0,0.0,0.0,0.0,0.0,1.0,2.0,1.0,2.0,0.0,1.0,0.0,0.0,0.0,0.0,0.0,0.0,0.0,0.0,0.0,0.0,0.0,0.0,0.0,0.0,0.0,0.0,,,,,,,,,,,,,,,,,,,,,,,,,,,,,,,,,,,,,,,,,,,,,,,,,,,,,,,
2025,DISTRICT_MANAGED_2025.xlsx,Traditional,HANSON PARK,Elementary,BELMONT CRAGIN,Network 3,44,,,,462.0,,0.0,1.0,1.0,2.0,2.0,0.0,0.0,1.0,0.0,5.0,3.0,170115.35,22.0,62.0,2.0,0.0,11.0,6.0,,1.0,17280.0,167320.0,0.0,7.0,2.0,1014.0,935.0,10.0,945.0,22:1,725.0,43.0,11.0,3.0,0.0,0.0,0.0,0.0,1.0,0.0,2.0,0.0,1.0,0.0,1.0,2.0,0.0,0.0,0.0,0.0,0.0,0.0,0.0,0.0,0.0,0.0,0.0,0.0,0.0,0.0,0.0,,,,,,,,,,,,,,,,,,,,,,,,,,,,,,,,,,,,,,,,,,,,,,,,,,,,,,,
2025,DISTRICT_MANAGED_2025.xlsx,Traditional,HARLAN HS,High School,ROSELAND,Network 17,44,,,,450.0,,0.0,1.0,1.0,1.0,1.0,0.0,0.0,1.47,0.0,0.0,1.0,133802.42,6.0,11.0,0.0,0.0,0.0,0.0,,0.0,17280.0,0.0,1.0,3.0,4.0,205.0,205.0,0.0,205.0,18:1,1635.0,12.0,0.0,1.0,0.0,0.0,0.0,0.0,0.0,0.0,0.0,0.0,1.0,0.0,1.0,0.0,0.5,0.0,0.0,0.0,0.0,0.0,0.0,0.0,0.0,2.0,0.0,160000.0,100000.0,0.0,0.0,,,,,,,,,,,,,,,,,,,,,,,,,,,,,,,,,,,,,,,,,,,,,,,,,,,,,,,
2025,DISTRICT_MANAGED_2025.xlsx,Traditional,HARTE,Elementary,HYDE PARK,Network 9,32,,,,378.0,,0.0,1.0,1.0,1.0,1.0,1.0,0.0,0.0,0.0,1.0,0.0,97083.0,7.0,12.0,0.5,0.0,3.0,2.0,,0.5,17280.0,0.0,1.0,2.0,1.0,297.0,297.0,0.0,297.0,24:1,581.0,13.0,3.0,1.0,0.0,0.0,0.0,0.0,0.0,0.0,0.0,0.0,1.0,0.0,0.0,0.0,0.0,0.0,0.0,0.0,0.0,0.0,0.0,0.0,0.0,0.0,0.0,0.0,70000.0,0.0,0.0,,,,,,,,,,,,,,,,,,,,,,,,,,,,,,,,,,,,,,,,,,,,,,,,,,,,,,,
2025,DISTRICT_MANAGED_2025.xlsx,Traditional,HARVARD,Elementary,GREATER GRAND CROSSING,Network 11,46,,,,468.0,,0.0,1.0,1.0,1.0,1.0,1.0,0.0,0.0,1.0,1.0,0.0,200754.5,11.0,22.0,0.5,0.0,1.0,1.0,,0.0,17280.0,0.0,1.0,3.0,1.0,339.0,302.0,0.0,302.0,22:1,749.0,14.0,4.0,1.0,0.0,0.0,0.0,-1.0,0.0,0.0,0.0,0.0,0.0,0.0,1.0,0.0,0.0,0.0,0.0,0.0,0.0,0.0,0.0,0.0,0.0,0.0,0.0,0.0,65000.0,0.0,0.0,,,,,,,,,,,,,,,,,,,,,,,,,,,,,,,,,,,,,,,,,,,,,,,,,,,,,,,
2025,DISTRICT_MANAGED_2025.xlsx,Traditional,HAUGAN,Elementary,ALBANY PARK,ISP,36,,,,450.0,,0.0,1.0,1.0,1.0,2.0,0.0,0.0,3.5,0.5,2.0,0.0,427690.3,18.0,18.0,1.5,0.0,8.0,5.0,,2.0,17280.0,124080.0,0.0,6.0,3.0,870.0,833.0,50.0,883.0,24:1,629.0,37.0,8.0,2.0,0.0,0.0,0.0,-3.0,1.0,0.0,1.0,1.0,1.0,0.0,0.5,0.0,0.0,0.0,0.0,0.0,0.0,0.0,0.0,0.0,0.0,0.0,0.0,0.0,0.0,0.0,0.0,,,,,,,,,,,,,,,,,,,,,,,,,,,,,,,,,,,,,,,,,,,,,,,,,,,,,,,
2025,DISTRICT_MANAGED_2025.xlsx,Traditional,HAWTHORNE,Elementary,LAKE VIEW,Network 4,22,,,,0.0,,0.0,1.0,1.0,1.0,2.0,0.0,0.0,1.5,0.0,2.0,0.0,21221.5,8.0,8.0,0.0,0.0,0.0,0.0,,0.5,17280.0,0.0,0.0,2.0,2.0,619.0,619.0,0.0,619.0,26:1,461.0,24.0,5.0,0.0,0.0,0.0,0.0,0.0,0.0,0.0,1.0,0.0,0.0,0.0,0.0,0.0,0.0,0.0,0.0,0.0,0.0,1.0,0.0,0.0,0.0,0.0,0.0,0.0,0.0,2.0,0.0,,,,,,,,,,,,,,,,,,,,,,,,,,,,,,,,,,,,,,,,,,,,,,,,,,,,,,,
2025,DISTRICT_MANAGED_2025.xlsx,Traditional,HAY,Elementary,AUSTIN,Network 3,40,,,,480.0,,0.0,1.0,1.0,1.0,1.0,1.0,0.0,0.5,0.39,0.0,1.0,77477.34,5.0,6.0,0.0,0.0,2.0,2.0,,0.5,17280.0,0.0,1.0,4.0,2.0,232.0,232.0,0.0,232.0,24:1,677.0,10.0,3.0,1.0,0.0,0.0,0.0,0.0,0.0,0.0,0.0,0.0,0.0,0.0,0.0,0.0,0.0,0.0,0.0,0.0,0.0,0.0,0.0,0.0,0.0,0.0,0.0,0.0,70000.0,0.0,0.0,,,,,,,,,,,,,,,,,,,,,,,,,,,,,,,,,,,,,,,,,,,,,,,,,,,,,,,
2025,DISTRICT_MANAGED_2025.xlsx,Traditional,HAYT,Elementary,EDGEWATER,Network 2,34,,,,414.0,,0.0,1.0,1.0,1.0,2.0,0.0,0.0,2.25,0.0,0.45,1.0,343375.69,17.0,23.0,1.0,0.0,6.0,4.0,,1.0,17280.0,110920.0,0.0,5.0,2.0,741.0,741.0,20.0,761.0,24:1,605.0,32.0,7.0,2.0,0.0,0.0,0.0,-2.0,1.0,0.0,1.0,0.0,1.0,0.0,1.0,0.0,0.0,0.0,0.0,0.0,0.0,0.0,0.0,0.0,0.0,0.0,0.0,0.0,0.0,0.0,0.0,,,,,,,,,,,,,,,,,,,,,,,,,,,,,,,,,,,,,,,,,,,,,,,,,,,,,,,
2025,DISTRICT_MANAGED_2025.xlsx,Traditional,HEALY,Elementary,BRIDGEPORT,Network 6,23,,,,408.0,,0.0,1.0,1.0,1.0,3.0,0.0,0.0,2.5,0.0,3.0,0.0,197642.05,7.0,7.0,0.5,0.0,0.0,0.0,,1.0,17280.0,0.0,0.0,10.0,2.0,1206.0,1206.0,10.0,1216.0,26:1,473.0,47.0,10.0,3.0,0.0,1.0,0.0,0.0,0.0,0.0,2.0,0.0,2.0,0.0,0.0,0.0,0.0,0.0,0.0,0.0,0.0,0.0,0.0,0.0,0.0,0.0,0.0,0.0,0.0,0.0,0.0,,,,,,,,,,,,,,,,,,,,,,,,,,,,,,,,,,,,,,,,,,,,,,,,,,,,,,,
2025,DISTRICT_MANAGED_2025.xlsx,Traditional,HEARST,Elementary,GARFIELD RIDGE,Network 10,31,,,,456.0,,0.0,1.0,1.0,1.0,1.0,1.0,0.0,0.0,0.0,1.0,1.0,35489.0,12.0,22.0,1.0,0.0,4.0,2.0,,1.0,17280.0,50760.0,0.0,3.0,2.0,249.0,200.0,0.0,200.0,24:1,569.0,10.0,3.0,1.0,0.0,0.0,0.0,0.0,0.0,0.0,0.0,0.0,0.0,0.0,0.0,0.0,0.0,0.0,0.0,0.0,0.0,0.0,0.0,0.0,0.0,0.0,0.0,0.0,0.0,0.0,0.0,,,,,,,,,,,,,,,,,,,,,,,,,,,,,,,,,,,,,,,,,,,,,,,,,,,,,,,
2025,DISTRICT_MANAGED_2025.xlsx,Traditional,HEDGES,Elementary,NEW CITY,Network 8,47,,,,462.0,,0.0,1.0,1.0,1.0,2.0,1.0,0.0,0.0,0.0,0.0,1.5,303000.06,7.0,13.0,1.0,0.0,4.0,2.0,,1.0,17280.0,0.0,1.0,6.0,2.0,414.0,414.0,10.0,424.0,22:1,761.0,20.0,4.0,1.0,0.0,0.0,0.0,0.0,0.0,0.0,0.0,0.0,0.0,0.0,0.0,0.0,0.0,0.0,0.0,0.0,0.0,0.0,0.0,0.0,0.0,0.0,0.0,0.0,0.0,0.0,0.0,,,,,,,,,,,,,,,,,,,,,,,,,,,,,,,,,,,,,,,,,,,,,,,,,,,,,,,
2025,DISTRICT_MANAGED_2025.xlsx,Traditional,HEFFERAN,Elementary,WEST GARFIELD PARK,Network 5,43,,,,480.0,,0.0,1.0,1.0,1.0,1.0,1.0,0.0,0.0,0.0,0.0,1.93,84746.5,4.0,6.0,0.0,0.0,1.0,1.0,,0.5,17280.0,50000.0,0.0,3.0,2.0,162.0,162.0,0.0,162.0,22:1,713.0,10.0,3.0,1.0,0.0,0.0,0.0,0.0,0.0,0.0,0.0,0.0,0.0,0.0,0.0,0.0,0.0,0.0,0.0,0.0,0.0,0.0,0.0,0.0,0.0,0.0,0.0,0.0,15000.0,0.0,0.0,,,,,,,,,,,,,,,,,,,,,,,,,,,,,,,,,,,,,,,,,,,,,,,,,,,,,,,
2025,DISTRICT_MANAGED_2025.xlsx,Traditional,HENDERSON,Elementary,WEST ENGLEWOOD,Network 8,46,,,,366.0,,0.0,1.0,1.0,1.0,1.0,1.0,0.0,1.25,0.0,0.0,0.0,45301.5,8.0,11.0,0.5,0.0,2.0,2.0,,1.0,17280.0,0.0,0.5,2.0,2.0,208.0,188.0,0.0,188.0,22:1,749.0,10.0,3.0,1.0,0.0,0.0,0.0,0.0,0.0,0.0,0.0,0.0,0.0,0.0,0.0,0.0,0.0,0.0,0.0,0.0,0.0,0.0,0.0,0.0,0.0,0.0,0.0,0.0,70000.0,0.0,0.0,,,,,,,,,,,,,,,,,,,,,,,,,,,,,,,,,,,,,,,,,,,,,,,,,,,,,,,
2025,DISTRICT_MANAGED_2025.xlsx,Traditional,HENDRICKS,Elementary,FULLER PARK,Network 9,47,,,,474.0,,0.0,1.0,1.0,1.0,1.0,1.0,0.0,0.44,0.0,0.0,1.0,90876.35,7.0,15.0,0.5,0.0,4.0,2.0,,0.5,17280.0,0.0,0.5,3.0,2.0,166.0,144.0,20.0,164.0,22:1,761.0,10.0,3.0,1.0,0.0,0.0,0.0,0.0,0.0,0.0,0.0,0.0,0.0,0.0,0.0,0.0,0.0,0.0,0.0,0.0,0.0,0.0,0.0,0.0,0.0,0.0,0.0,0.0,0.0,0.0,0.0,,,,,,,,,,,,,,,,,,,,,,,,,,,,,,,,,,,,,,,,,,,,,,,,,,,,,,,
2025,DISTRICT_MANAGED_2025.xlsx,Traditional,HENRY,Elementary,IRVING PARK,Network 1,28,,,,438.0,,0.0,1.0,1.0,1.0,1.0,1.0,0.0,1.85,0.0,0.0,1.0,148133.25,9.0,13.0,0.5,0.0,2.0,2.0,,1.0,17280.0,71440.0,0.0,3.0,2.0,400.0,400.0,30.0,430.0,26:1,533.0,17.0,4.0,1.0,0.0,0.0,0.0,0.0,0.0,0.0,0.0,0.0,0.0,0.0,0.0,0.0,0.0,0.0,0.0,0.0,0.0,0.0,0.0,0.0,0.0,0.0,0.0,0.0,70000.0,0.0,0.0,,,,,,,,,,,,,,,,,,,,,,,,,,,,,,,,,,,,,,,,,,,,,,,,,,,,,,,
2025,DISTRICT_MANAGED_2025.xlsx,Traditional,HERNANDEZ,Elementary,GAGE PARK,ISP,38,,,,456.0,,0.0,1.0,1.0,1.0,2.0,0.0,0.0,0.5,0.0,0.0,2.0,301151.2,8.0,4.0,0.5,0.0,0.0,0.0,,1.0,17280.0,0.0,0.0,7.0,2.0,751.0,751.0,10.0,761.0,24:1,653.0,32.0,7.0,2.0,0.0,0.0,0.0,-2.0,1.0,0.0,1.0,1.0,2.0,0.0,1.0,0.0,0.0,0.0,0.0,0.0,0.0,0.0,0.0,0.0,0.0,0.0,0.0,0.0,0.0,0.0,0.0,,,,,,,,,,,,,,,,,,,,,,,,,,,,,,,,,,,,,,,,,,,,,,,,,,,,,,,
2025,DISTRICT_MANAGED_2025.xlsx,Traditional,HERZL,Elementary,NORTH LAWNDALE,Network 7,45,,,,486.0,,0.0,1.0,1.0,2.0,2.0,1.0,0.0,0.0,0.0,0.0,3.22,99173.25,10.0,22.0,0.5,0.0,4.0,3.0,,0.0,17280.0,0.0,1.0,7.0,3.0,366.0,330.0,0.0,330.0,22:1,737.0,15.0,4.0,1.0,0.0,0.0,0.0,0.0,0.0,0.0,0.0,0.0,0.0,0.0,0.0,2.0,0.0,0.0,0.0,0.0,0.0,0.0,0.0,0.0,0.0,0.0,0.0,0.0,65000.0,0.0,0.0,,,,,,,,,,,,,,,,,,,,,,,,,,,,,,,,,,,,,,,,,,,,,,,,,,,,,,,
2025,DISTRICT_MANAGED_2025.xlsx,Traditional,HIBBARD,Elementary,ALBANY PARK,Network 1,32,,,,426.0,,0.0,1.0,1.0,1.0,2.0,0.0,0.0,0.3,0.0,2.0,2.0,199153.3,9.0,4.0,1.0,0.0,6.0,6.0,,1.0,17280.0,0.0,0.0,7.0,2.0,815.0,815.0,10.0,825.0,24:1,581.0,35.0,7.0,2.0,0.0,0.0,0.0,0.0,1.0,0.0,1.0,0.0,1.0,0.0,0.0,0.0,0.0,0.0,0.0,0.0,0.0,0.0,1.0,0.0,0.0,0.0,0.0,0.0,0.0,0.0,0.0,,,,,,,,,,,,,,,,,,,,,,,,,,,,,,,,,,,,,,,,,,,,,,,,,,,,,,,
2025,DISTRICT_MANAGED_2025.xlsx,Traditional,HIGGINS,Elementary,WEST PULLMAN,Network 13,40,,,,426.0,,0.0,1.0,1.0,1.0,1.0,1.0,1.0,0.0,0.0,1.71,0.0,135577.5,6.0,9.0,0.0,0.0,2.0,2.0,,0.0,17280.0,50000.0,0.0,3.0,1.0,239.0,239.0,0.0,239.0,24:1,677.0,10.0,3.0,1.0,1.0,0.0,0.0,0.0,0.0,0.0,0.0,0.0,0.0,0.0,0.0,0.0,0.0,0.0,0.0,0.0,0.0,0.0,0.0,0.0,0.0,0.0,0.0,0.0,70000.0,0.0,0.0,,,,,,,,,,,,,,,,,,,,,,,,,,,,,,,,,,,,,,,,,,,,,,,,,,,,,,,
2025,DISTRICT_MANAGED_2025.xlsx,Traditional,HIRSCH HS,High School,GREATER GRAND CROSSING,Network 17,44,,,,432.0,,0.0,1.0,1.0,1.0,1.0,1.0,0.0,0.0,0.0,0.0,3.87,136900.00999999998,5.0,3.0,0.0,0.0,0.0,0.0,,0.0,17280.0,0.0,0.5,2.0,3.0,104.0,104.0,0.0,104.0,18:1,1635.0,10.0,0.0,1.0,0.0,0.0,0.0,0.0,0.0,0.0,0.0,0.0,0.0,0.0,0.0,0.0,0.0,0.0,0.0,0.0,0.0,0.0,0.0,0.0,0.0,0.0,0.0,160000.0,100000.0,0.0,0.0,,,,,,,,,,,,,,,,,,,,,,,,,,,,,,,,,,,,,,,,,,,,,,,,,,,,,,,
2025,DISTRICT_MANAGED_2025.xlsx,Traditional,HITCH,Elementary,NORWOOD PARK,Network 1,20,,,,0.0,,0.0,1.0,1.0,1.0,1.0,1.0,0.0,0.5,0.0,0.0,1.0,74457.3,9.0,9.0,0.5,0.0,1.0,1.0,,1.0,17280.0,0.0,0.0,2.0,1.0,484.0,484.0,0.0,484.0,26:1,437.0,19.0,4.0,0.0,0.0,0.0,0.0,0.0,0.0,0.0,0.0,0.0,0.0,0.0,0.0,0.0,0.0,0.0,0.0,0.0,0.0,0.0,0.0,0.0,0.0,0.0,0.0,0.0,0.0,0.0,0.0,,,,,,,,,,,,,,,,,,,,,,,,,,,,,,,,,,,,,,,,,,,,,,,,,,,,,,,
2025,DISTRICT_MANAGED_2025.xlsx,Traditional,HOLDEN,Elementary,BRIDGEPORT,ISP,32,,,,408.0,,0.0,1.0,0.0,1.0,1.0,1.0,0.0,1.0,0.0,0.0,1.0,154355.781,8.0,8.0,0.5,0.0,2.0,2.0,,1.0,17280.0,58280.0,0.0,5.0,1.0,397.0,397.0,0.0,397.0,24:1,581.0,17.0,4.0,1.0,0.0,0.0,0.0,0.0,0.0,0.0,0.0,0.0,1.0,0.0,0.0,0.0,0.0,0.0,0.0,0.0,0.0,0.0,0.0,0.0,0.0,0.0,0.0,0.0,0.0,0.0,0.0,,,,,,,,,,,,,,,,,,,,,,,,,,,,,,,,,,,,,,,,,,,,,,,,,,,,,,,
2025,DISTRICT_MANAGED_2025.xlsx,Traditional,HOLMES,Elementary,ENGLEWOOD,Network 8,42,,,,456.0,,0.0,1.0,1.0,1.0,1.0,1.0,0.0,0.0,0.0,0.0,1.0,125084.06,4.0,5.0,0.0,0.0,1.0,1.0,,0.5,17280.0,0.0,0.5,2.0,1.0,117.0,117.0,10.0,127.0,22:1,701.0,10.0,3.0,1.0,0.0,0.0,0.0,0.0,0.0,0.0,0.0,0.0,0.0,0.0,0.0,0.0,0.0,0.0,0.0,0.0,0.0,0.0,0.0,0.0,0.0,0.0,0.0,0.0,70000.0,0.0,0.0,,,,,,,,,,,,,,,,,,,,,,,,,,,,,,,,,,,,,,,,,,,,,,,,,,,,,,,
2025,DISTRICT_MANAGED_2025.xlsx,Traditional,HOWE,Elementary,AUSTIN,Network 3,44,,,,474.0,,0.0,1.0,1.0,1.0,1.0,1.0,0.0,1.5,0.0,0.0,0.1,165309.2,7.0,8.0,0.5,0.0,3.0,2.0,,0.5,17280.0,0.0,1.0,4.0,1.9,326.0,326.0,0.0,326.0,22:1,725.0,15.0,3.0,1.0,0.0,0.0,0.0,0.0,0.0,0.0,0.0,0.0,0.0,0.0,0.0,0.0,0.0,0.0,0.0,0.0,0.0,0.0,0.0,0.0,0.0,0.0,1.0,0.0,65000.0,0.0,0.0,,,,,,,,,,,,,,,,,,,,,,,,,,,,,,,,,,,,,,,,,,,,,,,,,,,,,,,
2025,DISTRICT_MANAGED_2025.xlsx,Traditional,HOYNE,Elementary,CALUMET HEIGHTS,Network 12,33,,,,396.0,,0.0,1.0,1.0,1.0,1.0,1.0,0.0,0.0,0.0,0.0,0.0,187123.65,4.0,5.0,0.0,0.0,1.0,1.0,,0.0,17280.0,50000.0,0.0,2.0,1.0,231.0,231.0,0.0,231.0,24:1,593.0,10.0,3.0,1.0,1.0,0.0,0.0,0.0,0.0,0.0,0.0,0.0,0.0,0.0,0.0,0.0,0.0,0.0,0.0,0.0,0.0,0.0,0.0,0.0,0.0,0.0,0.0,0.0,0.0,0.0,0.0,,,,,,,,,,,,,,,,,,,,,,,,,,,,,,,,,,,,,,,,,,,,,,,,,,,,,,,
2025,DISTRICT_MANAGED_2025.xlsx,Traditional,HUBBARD HS,High School,WEST LAWN,Network 16,39,,,,456.0,,0.0,1.0,1.0,1.0,4.0,0.0,0.0,0.0,2.0,0.0,19.0,864163.3,18.0,7.0,1.5,0.0,0.0,0.0,,1.0,17280.0,0.0,0.0,8.0,5.0,1673.0,1671.0,0.0,1671.0,19:1,1545.0,88.0,0.0,3.0,0.0,0.0,0.0,-1.0,1.0,1.0,2.0,2.0,3.0,0.0,2.0,0.0,0.0,0.0,1.0,0.0,0.0,0.0,0.0,0.0,0.0,4.0,1.0,160000.0,0.0,0.0,0.0,,,,,,,,,,,,,,,,,,,,,,,,,,,,,,,,,,,,,,,,,,,,,,,,,,,,,,,
2025,DISTRICT_MANAGED_2025.xlsx,Traditional,HUGHES C,Elementary,NORTH LAWNDALE,Network 7,43,,,,438.0,,0.0,1.0,1.0,1.0,1.0,1.0,0.0,0.0,0.0,0.0,1.0,141024.35,3.0,1.0,0.0,0.0,4.0,2.0,,0.5,17280.0,0.0,1.0,3.0,2.0,129.0,129.0,20.0,149.0,22:1,713.0,10.0,3.0,1.0,0.0,0.0,0.0,0.0,0.0,0.0,0.0,0.0,0.0,0.0,0.0,0.0,0.0,0.0,0.0,0.0,0.0,0.0,0.0,0.0,0.0,0.0,0.0,0.0,70000.0,0.0,0.0,,,,,,,,,,,,,,,,,,,,,,,,,,,,,,,,,,,,,,,,,,,,,,,,,,,,,,,
2025,DISTRICT_MANAGED_2025.xlsx,Traditional,HUGHES L,Elementary,ROSELAND,Network 13,43,,,,456.0,,0.0,1.0,1.0,1.0,1.0,1.0,0.0,0.5,0.0,0.0,0.0,210636.42,12.0,22.0,1.0,0.0,6.0,3.0,,0.5,17280.0,0.0,1.0,4.0,2.0,316.0,316.0,0.0,316.0,22:1,713.0,15.0,3.0,1.0,0.0,0.0,0.0,0.0,0.0,0.0,0.0,0.0,0.0,0.0,0.0,0.0,0.0,0.0,0.0,0.0,0.0,0.0,0.0,0.0,0.0,0.0,1.0,0.0,70000.0,0.0,0.0,,,,,,,,,,,,,,,,,,,,,,,,,,,,,,,,,,,,,,,,,,,,,,,,,,,,,,,
2025,DISTRICT_MANAGED_2025.xlsx,Traditional,HURLEY,Elementary,WEST LAWN,Network 10,40,,,,456.0,,0.0,1.0,1.0,1.0,2.0,0.0,0.0,0.0,0.0,4.0,2.5,272110.95,9.0,10.0,0.5,0.0,3.0,2.0,,1.0,17280.0,88360.0,0.0,6.0,2.0,657.0,657.0,50.0,707.0,24:1,677.0,30.0,6.0,2.0,0.0,1.0,0.0,0.0,1.0,0.0,1.0,0.0,0.0,0.0,0.0,0.0,0.0,0.0,0.0,0.0,0.0,0.0,1.0,0.0,0.0,0.0,0.0,0.0,0.0,0.0,0.0,,,,,,,,,,,,,,,,,,,,,,,,,,,,,,,,,,,,,,,,,,,,,,,,,,,,,,,
2025,DISTRICT_MANAGED_2025.xlsx,Traditional,HYDE PARK HS,High School,WOODLAWN,Network 17,41,,,,474.0,,0.0,1.0,1.0,1.0,2.0,0.0,0.0,0.32,2.0,0.0,5.17,602509.06,13.0,11.0,1.0,0.0,0.0,0.0,,0.0,17280.0,101520.0,0.0,4.0,8.0,807.0,787.0,0.0,787.0,19:1,1581.0,42.0,0.0,2.0,0.0,0.0,0.0,0.0,1.0,1.0,1.0,0.0,0.0,0.0,2.0,0.0,0.0,0.0,2.0,0.0,0.0,0.0,0.0,0.0,0.0,2.0,0.0,160000.0,0.0,0.0,0.0,,,,,,,,,,,,,,,,,,,,,,,,,,,,,,,,,,,,,,,,,,,,,,,,,,,,,,,
2025,DISTRICT_MANAGED_2025.xlsx,Traditional,INFINITY HS,High School,SOUTH LAWNDALE,Network 15,37,,,,468.0,,0.0,1.0,1.0,1.0,1.0,1.0,0.0,0.0,1.0,0.0,2.0,454727.67,8.0,7.0,0.5,0.0,0.0,0.0,,1.0,17280.0,56400.0,0.0,0.0,0.0,420.0,420.0,0.0,420.0,19:1,1509.0,23.0,0.0,1.0,0.0,0.0,0.0,-1.0,0.0,0.0,0.0,0.0,1.0,0.0,0.0,0.0,0.0,0.0,0.0,0.0,0.0,0.0,0.0,0.0,0.0,0.0,0.0,0.0,0.0,0.0,0.0,,,,,,,,,,,,,,,,,,,,,,,,,,,,,,,,,,,,,,,,,,,,,,,,,,,,,,,
2025,DISTRICT_MANAGED_2025.xlsx,Traditional,INTER-AMERICAN,Elementary,LAKE VIEW,Network 4,26,,,,0.0,,0.0,1.0,1.0,1.0,1.0,1.0,0.0,0.0,0.0,3.0,0.0,75618.48,10.0,15.0,0.5,0.0,3.0,3.0,,1.0,17280.0,88360.0,0.0,4.0,2.0,590.0,590.0,0.0,590.0,26:1,509.0,23.0,5.0,0.0,0.0,0.0,0.0,0.0,0.0,0.0,0.0,0.0,0.0,0.0,0.225,0.0,0.0,0.0,0.0,0.0,0.0,0.0,1.0,0.0,0.0,0.0,0.0,0.0,0.0,0.0,0.0,,,,,,,,,,,,,,,,,,,,,,,,,,,,,,,,,,,,,,,,,,,,,,,,,,,,,,,
2025,DISTRICT_MANAGED_2025.xlsx,Traditional,IRVING,Elementary,NEAR WEST SIDE,Network 6,35,,,,432.0,,0.0,1.0,1.0,1.0,1.0,1.0,0.0,0.0,0.0,1.0,1.0,102887.65,8.0,8.0,0.5,0.0,3.0,2.0,,0.5,17280.0,0.0,1.0,4.0,2.0,240.0,240.0,10.0,250.0,24:1,617.0,11.0,3.0,1.0,0.0,0.0,0.0,-1.0,0.0,0.0,0.0,0.0,1.0,0.0,0.0,0.0,0.0,0.0,0.0,0.0,0.0,0.0,0.0,0.0,0.0,0.0,0.0,0.0,15000.0,0.0,0.0,,,,,,,,,,,,,,,,,,,,,,,,,,,,,,,,,,,,,,,,,,,,,,,,,,,,,,,
2025,DISTRICT_MANAGED_2025.xlsx,Traditional,JACKSON M,Elementary,AUBURN GRESHAM,Network 11,44,,,,468.0,,0.0,1.0,1.0,1.0,1.0,1.0,0.0,0.0,0.0,0.0,1.0,212557.2825,11.0,31.0,0.5,0.0,3.0,2.0,,0.0,17280.0,0.0,1.0,4.0,1.0,286.0,252.0,0.0,252.0,22:1,725.0,12.0,3.0,1.0,0.0,0.0,0.0,0.0,0.0,0.0,0.0,0.0,0.0,0.0,0.0,0.0,0.0,0.0,0.0,0.0,0.0,0.0,0.0,0.0,0.0,0.0,0.0,0.0,0.0,0.0,0.0,,,,,,,,,,,,,,,,,,,,,,,,,,,,,,,,,,,,,,,,,,,,,,,,,,,,,,,
2025,DISTRICT_MANAGED_2025.xlsx,Traditional,JAHN,Elementary,NORTH CENTER,Network 4,26,,,,336.0,,0.0,1.0,1.0,1.0,1.0,1.0,0.0,1.0,0.0,0.0,0.0,60499.0,8.0,5.0,0.5,0.0,8.0,5.0,,1.0,17280.0,0.0,0.0,2.0,1.0,228.0,228.0,10.0,238.0,26:1,509.0,10.0,3.0,1.0,1.0,0.0,0.0,0.0,0.0,0.0,0.0,0.0,0.0,0.0,0.0,0.0,0.0,0.0,0.0,0.0,0.0,0.0,0.0,0.0,0.0,0.0,0.0,0.0,0.0,0.0,0.0,,,,,,,,,,,,,,,,,,,,,,,,,,,,,,,,,,,,,,,,,,,,,,,,,,,,,,,
2025,DISTRICT_MANAGED_2025.xlsx,Traditional,JAMIESON,Elementary,WEST RIDGE,Network 2,30,,,,372.0,,0.0,1.0,1.0,1.0,2.0,0.0,0.0,0.0,0.0,2.0,0.0,395176.45,16.0,19.0,1.0,1.0,1.0,1.0,,1.0,17280.0,0.0,0.0,5.0,1.0,784.0,769.0,20.0,789.0,26:1,557.0,31.0,7.0,2.0,0.0,0.0,0.0,0.0,1.0,0.0,1.0,0.0,1.0,0.0,0.0,0.0,0.0,0.0,0.0,0.0,0.0,0.0,0.0,0.0,0.0,0.0,0.0,0.0,0.0,0.0,0.0,,,,,,,,,,,,,,,,,,,,,,,,,,,,,,,,,,,,,,,,,,,,,,,,,,,,,,,
2025,DISTRICT_MANAGED_2025.xlsx,Traditional,JENSEN,Elementary,EAST GARFIELD PARK,Network 5,35,,,,444.0,,0.0,1.0,1.0,1.0,1.0,1.0,1.0,1.0,0.0,1.0,0.0,38722.76,5.0,11.0,0.0,0.0,1.0,1.0,,0.0,17280.0,0.0,1.0,4.0,2.0,245.0,245.0,0.0,245.0,24:1,617.0,11.0,3.0,1.0,0.0,0.0,0.0,0.0,0.0,0.0,0.0,0.0,0.0,0.0,0.0,0.0,0.0,0.0,0.0,0.0,0.0,0.0,0.0,0.0,0.0,0.0,0.0,0.0,0.0,0.0,0.0,,,,,,,,,,,,,,,,,,,,,,,,,,,,,,,,,,,,,,,,,,,,,,,,,,,,,,,
2025,DISTRICT_MANAGED_2025.xlsx,Traditional,JOHNSON,Elementary,NORTH LAWNDALE,Network 5,43,,,,474.0,,0.0,1.0,1.0,1.0,1.0,1.0,0.0,0.0,0.0,0.0,1.22,87415.1,6.0,5.0,0.0,0.0,1.0,1.0,,0.0,17280.0,0.0,1.0,3.0,2.0,194.0,194.0,0.0,194.0,22:1,713.0,11.0,3.0,1.0,0.0,0.0,0.0,0.0,0.0,0.0,0.0,0.0,0.0,0.0,0.0,0.0,0.0,0.0,0.0,2.0,0.0,0.0,0.0,0.0,0.0,0.0,0.0,0.0,65000.0,0.0,0.0,,,,,,,,,,,,,,,,,,,,,,,,,,,,,,,,,,,,,,,,,,,,,,,,,,,,,,,
2025,DISTRICT_MANAGED_2025.xlsx,Traditional,JONES HS,High School,LOOP,Network 15,17,,,,0.0,,0.0,1.0,1.0,1.0,4.0,0.0,0.0,2.5,2.0,0.0,3.5,608102.59,15.0,24.0,1.5,0.0,0.0,0.0,,1.0,17280.0,0.0,0.0,8.0,9.9,1967.0,1923.0,0.0,1923.0,21:1,1149.0,92.0,0.0,0.0,0.0,0.0,0.0,0.0,0.0,1.0,2.0,2.0,3.0,0.0,1.0,0.0,0.0,0.0,0.0,0.0,0.0,0.0,0.0,0.0,0.0,0.0,0.0,130000.0,0.0,0.0,0.0,,,,,,,,,,,,,,,,,,,,,,,,,,,,,,,,,,,,,,,,,,,,,,,,,,,,,,,
2025,DISTRICT_MANAGED_2025.xlsx,Traditional,JOPLIN,Elementary,AUBURN GRESHAM,Network 11,47,,,,456.0,,0.0,1.0,1.0,1.0,1.0,1.0,0.0,0.87,0.0,0.0,0.0,202701.65,6.0,7.0,0.0,0.0,1.96,1.0,,0.5,17280.0,0.0,1.0,3.0,2.0,254.0,254.0,10.0,264.0,22:1,761.0,12.0,3.0,1.0,0.0,0.0,0.0,0.0,0.0,0.0,0.0,0.0,0.0,0.0,0.0,0.0,0.0,0.0,0.0,0.0,0.0,0.0,0.0,0.0,0.0,0.0,0.0,0.0,0.0,0.0,0.0,,,,,,,,,,,,,,,,,,,,,,,,,,,,,,,,,,,,,,,,,,,,,,,,,,,,,,,
2025,DISTRICT_MANAGED_2025.xlsx,Traditional,JORDAN,Elementary,ROGERS PARK,Network 2,36,,,,432.0,,0.0,1.0,1.0,1.0,1.0,1.0,0.0,1.0,1.0,0.0,2.0,62935.72,12.0,19.0,1.0,0.0,5.0,3.0,,1.0,17280.0,69560.0,0.0,4.0,2.0,424.0,411.0,0.0,411.0,24:1,629.0,18.0,4.0,1.0,0.0,0.0,0.0,0.0,0.0,0.0,0.0,0.0,0.0,0.0,0.0,0.0,0.0,0.0,0.0,0.0,0.0,0.0,0.0,0.0,0.0,0.0,0.0,0.0,20000.0,0.0,0.0,,,,,,,,,,,,,,,,,,,,,,,,,,,,,,,,,,,,,,,,,,,,,,,,,,,,,,,
2025,DISTRICT_MANAGED_2025.xlsx,Traditional,JUAREZ HS,High School,LOWER WEST SIDE,Network 15,37,,,,438.0,,0.0,1.0,1.0,1.0,4.0,0.0,0.0,0.0,3.0,1.0,15.0,470389.37,19.0,4.0,1.5,0.0,0.0,0.0,,2.0,17280.0,0.0,0.0,10.0,7.0,1547.0,1547.0,10.0,1557.0,19:1,1509.0,82.0,0.0,3.0,0.0,0.0,0.0,0.0,1.0,1.0,2.0,2.0,1.0,0.0,1.0,0.0,0.0,1.0,2.0,0.0,0.0,0.0,0.0,0.0,0.0,0.0,0.0,0.0,0.0,0.0,0.0,,,,,,,,,,,,,,,,,,,,,,,,,,,,,,,,,,,,,,,,,,,,,,,,,,,,,,,
2025,DISTRICT_MANAGED_2025.xlsx,Traditional,JULIAN HS,High School,WASHINGTON HEIGHTS,Network 16,40,,,,402.0,,0.0,1.0,1.0,1.0,2.0,1.0,0.0,0.0,0.0,0.0,4.0,362771.0,11.0,9.0,1.0,0.0,0.0,0.0,,0.0,17280.0,67680.0,0.0,6.0,6.0,470.0,460.0,0.0,460.0,19:1,1563.0,25.0,0.0,1.0,0.0,0.0,1.0,0.0,0.0,0.0,0.0,0.0,0.0,0.0,1.0,0.0,0.0,1.0,0.0,0.0,0.0,0.0,0.0,0.0,0.0,2.0,0.0,160000.0,15000.0,0.0,1.0,,,,,,,,,,,,,,,,,,,,,,,,,,,,,,,,,,,,,,,,,,,,,,,,,,,,,,,
2025,DISTRICT_MANAGED_2025.xlsx,Traditional,JUNGMAN,Elementary,LOWER WEST SIDE,ISP,37,,,,420.0,,0.0,1.0,1.0,1.0,1.0,0.0,0.0,0.4,0.0,0.0,1.0,125669.41999999998,12.0,18.0,0.5,0.0,4.0,2.0,,1.0,17280.0,0.0,1.0,4.0,1.0,251.0,217.0,0.0,217.0,24:1,641.0,10.0,3.0,1.0,0.0,0.0,0.0,0.0,0.0,0.0,0.0,0.0,0.0,0.0,0.0,0.0,0.0,0.0,0.0,0.0,0.0,0.0,0.0,0.0,0.0,0.0,0.0,0.0,0.0,0.0,0.0,,,,,,,,,,,,,,,,,,,,,,,,,,,,,,,,,,,,,,,,,,,,,,,,,,,,,,,
2025,DISTRICT_MANAGED_2025.xlsx,Traditional,KANOON,Elementary,SOUTH LAWNDALE,Network 7,40,,,,480.0,,0.0,1.0,1.0,1.0,2.0,1.0,0.0,2.0,0.0,1.0,0.0,142270.55,7.0,8.0,0.5,0.0,2.0,2.0,,1.0,17280.0,0.0,1.0,4.0,1.0,352.0,352.0,40.0,392.0,24:1,677.0,17.0,4.0,1.0,0.0,0.0,0.0,0.0,0.0,0.0,0.0,0.0,0.0,0.0,0.0,0.0,0.0,0.0,0.0,0.0,0.0,0.0,0.0,0.0,0.0,0.0,0.0,0.0,70000.0,0.0,0.0,,,,,,,,,,,,,,,,,,,,,,,,,,,,,,,,,,,,,,,,,,,,,,,,,,,,,,,
2025,DISTRICT_MANAGED_2025.xlsx,Traditional,KELLER,Elementary,MOUNT GREENWOOD,Network 10,18,,,,0.0,,0.0,1.0,1.0,1.0,1.0,1.0,0.0,1.0,0.0,0.0,0.0,41506.78,1.0,3.0,0.0,0.0,0.0,0.0,,0.0,17280.0,0.0,0.0,2.0,1.0,220.0,220.0,0.0,220.0,26:1,413.0,9.0,3.0,0.0,0.0,0.0,0.0,0.0,0.0,0.0,0.0,0.0,0.0,0.0,0.0,0.0,0.0,0.0,0.0,0.0,1.0,0.0,0.0,0.0,0.0,0.0,0.0,0.0,0.0,0.0,0.0,,,,,,,,,,,,,,,,,,,,,,,,,,,,,,,,,,,,,,,,,,,,,,,,,,,,,,,
2025,DISTRICT_MANAGED_2025.xlsx,Traditional,KELLMAN,Elementary,EAST GARFIELD PARK,Network 5,39,,,,438.0,,0.0,1.0,1.0,1.0,1.0,1.0,0.0,0.0,0.0,1.0,0.0,35495.49,3.0,2.0,0.0,0.0,1.0,1.0,,0.0,17280.0,0.0,1.0,4.0,1.0,172.0,172.0,0.0,172.0,24:1,665.0,10.0,3.0,1.0,0.0,0.0,0.0,0.0,0.0,0.0,0.0,0.0,0.0,1.0,0.0,0.0,0.0,0.0,0.0,0.0,0.0,0.0,0.0,0.0,0.0,0.0,0.0,0.0,100000.0,0.0,1.0,,,,,,,,,,,,,,,,,,,,,,,,,,,,,,,,,,,,,,,,,,,,,,,,,,,,,,,
2025,DISTRICT_MANAGED_2025.xlsx,Traditional,KELLOGG,Elementary,BEVERLY,Network 10,26,,,,0.0,,0.0,1.0,1.0,1.0,1.0,1.0,0.0,0.0,0.0,3.0,0.17,89023.75,6.0,7.0,0.0,0.0,0.0,0.0,,0.0,17280.0,0.0,0.0,2.0,0.83,289.0,289.0,0.0,289.0,26:1,509.0,12.0,3.0,0.0,0.0,0.0,0.0,-1.0,0.0,0.0,0.0,0.0,0.0,0.0,0.0,0.0,0.0,0.0,1.0,0.0,0.0,0.0,0.0,0.0,0.0,0.0,0.0,0.0,0.0,0.0,0.0,,,,,,,,,,,,,,,,,,,,,,,,,,,,,,,,,,,,,,,,,,,,,,,,,,,,,,,
2025,DISTRICT_MANAGED_2025.xlsx,Traditional,KELLY HS,High School,BRIGHTON PARK,Network 16,38,,,,474.0,,0.0,1.0,1.0,1.0,3.01,0.0,0.0,0.5,4.0,3.0,12.94,738925.4375,23.0,24.0,2.0,0.0,0.0,0.0,,2.0,17280.0,240640.0,0.0,9.0,10.0,1711.0,1693.0,0.0,1693.0,19:1,1527.0,90.0,0.0,3.0,0.0,0.0,0.0,0.0,0.0,0.0,2.0,3.0,2.0,0.0,0.0,0.0,0.0,0.0,1.0,0.0,0.0,0.0,0.0,0.0,0.0,0.0,0.0,0.0,15000.0,0.0,1.0,,,,,,,,,,,,,,,,,,,,,,,,,,,,,,,,,,,,,,,,,,,,,,,,,,,,,,,
2025,DISTRICT_MANAGED_2025.xlsx,Traditional,KELVYN PARK HS,High School,HERMOSA,Network 14,35,,,,408.0,,1.0,1.0,1.0,1.0,1.0,1.0,0.0,0.0,0.75,0.0,2.59,142031.16376666666,11.0,9.0,0.5,0.0,0.0,0.0,,1.0,17280.0,75200.0,0.0,4.0,5.0,479.0,479.0,30.0,509.0,19:1,1473.0,27.0,0.0,1.0,0.0,0.0,0.0,0.0,0.0,0.0,0.0,1.0,1.0,1.0,0.5,0.0,0.5,0.0,0.0,0.0,0.0,0.0,0.0,0.0,0.0,2.0,0.0,0.0,100000.0,0.0,0.0,,,,,,,,,,,,,,,,,,,,,,,,,,,,,,,,,,,,,,,,,,,,,,,,,,,,,,,
2025,DISTRICT_MANAGED_2025.xlsx,Traditional,KENNEDY HS,High School,GARFIELD RIDGE,Network 16,25,,,,336.0,,0.0,1.0,1.0,1.0,4.0,0.0,0.0,1.0,1.0,0.0,12.0,778877.3830899999,25.0,19.0,2.5,0.0,0.0,0.0,,1.0,17280.0,186120.0,0.0,8.0,8.0,1601.0,1544.0,0.0,1544.0,21:1,1293.0,74.0,0.0,3.0,0.0,0.0,0.0,0.0,0.0,1.0,2.0,2.0,2.0,0.0,0.0,0.0,0.0,0.0,2.0,0.0,0.0,0.0,0.0,0.0,0.0,0.0,0.0,150000.0,15000.0,0.0,0.0,,,,,,,,,,,,,,,,,,,,,,,,,,,,,,,,,,,,,,,,,,,,,,,,,,,,,,,
2025,DISTRICT_MANAGED_2025.xlsx,Traditional,KENWOOD HS,High School,KENWOOD,Network 17,28,,,,300.0,,0.0,1.0,1.0,2.0,5.0,0.0,0.0,1.0,0.0,0.0,12.0,1313309.61,13.0,15.0,1.0,0.0,0.0,0.0,,1.0,17280.0,0.0,0.0,7.0,12.0,2298.0,2280.0,0.0,2280.0,21:1,1347.0,109.0,0.0,4.0,0.0,1.0,0.0,0.0,0.0,1.0,2.0,3.0,4.0,0.0,1.0,0.0,0.0,0.0,0.0,0.0,0.0,0.0,0.0,0.0,0.0,0.0,1.0,150000.0,0.0,0.0,0.0,,,,,,,,,,,,,,,,,,,,,,,,,,,,,,,,,,,,,,,,,,,,,,,,,,,,,,,
2025,DISTRICT_MANAGED_2025.xlsx,Traditional,KERSHAW,Elementary,ENGLEWOOD,Network 11,44,,,,456.0,,0.0,1.0,1.0,1.0,1.0,1.0,0.0,0.0,0.0,0.0,1.0,146617.5,8.0,18.0,0.5,0.0,1.0,1.0,,0.0,17280.0,0.0,1.0,3.0,1.0,191.0,156.0,0.0,156.0,22:1,725.0,10.0,3.0,1.0,0.0,0.0,0.0,0.0,0.0,0.0,0.0,0.0,0.0,0.0,0.0,0.0,0.0,0.0,2.0,0.0,0.0,0.0,0.0,0.0,0.0,0.0,0.0,0.0,0.0,0.0,0.0,,,,,,,,,,,,,,,,,,,,,,,,,,,,,,,,,,,,,,,,,,,,,,,,,,,,,,,
2025,DISTRICT_MANAGED_2025.xlsx,Traditional,KILMER,Elementary,ROGERS PARK,Network 2,39,,,,420.0,,0.0,1.0,1.0,1.0,2.0,0.0,0.0,0.0,0.0,0.0,1.18,484257.0,20.0,23.0,1.5,0.0,4.0,2.0,,1.0,17280.0,0.0,0.0,6.0,2.0,719.0,679.0,0.0,679.0,24:1,665.0,29.0,7.0,2.0,0.0,0.0,0.0,0.0,1.0,0.0,1.0,0.0,1.0,0.0,0.0,0.0,0.0,0.0,1.0,0.0,0.0,0.0,0.0,0.0,0.0,0.0,0.0,0.0,0.0,0.0,0.0,,,,,,,,,,,,,,,,,,,,,,,,,,,,,,,,,,,,,,,,,,,,,,,,,,,,,,,
2025,DISTRICT_MANAGED_2025.xlsx,Traditional,KING ES,Elementary,ENGLEWOOD,Network 11,47,,,,456.0,,0.0,1.0,1.0,1.0,1.0,1.0,0.0,0.44,0.0,0.0,1.0,124850.5,6.0,4.0,0.0,0.0,1.0,1.0,,0.5,17280.0,50000.0,0.0,2.0,1.0,222.0,222.0,10.0,232.0,22:1,761.0,11.0,3.0,1.0,0.0,0.0,0.0,0.0,0.0,0.0,0.0,0.0,0.0,0.0,0.0,0.0,0.0,0.0,0.0,0.0,0.0,0.0,0.0,0.0,0.0,0.0,0.0,0.0,0.0,0.0,0.0,,,,,,,,,,,,,,,,,,,,,,,,,,,,,,,,,,,,,,,,,,,,,,,,,,,,,,,
2025,DISTRICT_MANAGED_2025.xlsx,Traditional,KING HS,High School,KENWOOD,Network 17,37,,,,414.0,,0.0,1.0,1.0,1.0,2.0,0.0,0.0,0.0,1.0,0.0,3.35,646781.59,11.0,16.0,0.5,0.0,0.0,0.0,,0.0,17280.0,0.0,1.0,4.0,6.0,704.0,668.0,0.0,668.0,19:1,1509.0,36.0,0.0,2.0,0.0,0.0,0.0,0.0,1.0,1.0,1.0,0.0,0.0,0.0,2.0,0.0,0.0,0.0,0.0,0.0,0.0,0.0,0.0,0.0,0.0,3.0,0.0,160000.0,0.0,0.0,0.0,,,,,,,,,,,,,,,,,,,,,,,,,,,,,,,,,,,,,,,,,,,,,,,,,,,,,,,
2025,DISTRICT_MANAGED_2025.xlsx,Traditional,KINZIE,Elementary,GARFIELD RIDGE,ISP,26,,,,390.0,,0.0,1.0,1.0,1.0,2.0,0.0,0.0,0.0,0.0,0.0,0.0,352059.28,16.0,20.0,1.0,5.0,1.0,1.0,,1.0,17280.0,0.0,0.0,4.0,1.0,634.0,598.0,0.0,598.0,26:1,509.0,23.0,6.0,2.0,0.0,0.0,0.0,0.0,0.0,0.0,1.0,0.0,0.0,0.0,1.0,0.0,0.0,0.0,1.0,0.0,0.0,0.0,0.0,0.0,0.0,0.0,0.0,0.0,0.0,0.0,0.0,,,,,,,,,,,,,,,,,,,,,,,,,,,,,,,,,,,,,,,,,,,,,,,,,,,,,,,
2025,DISTRICT_MANAGED_2025.xlsx,Traditional,KIPLING,Elementary,WASHINGTON HEIGHTS,ISP,37,,,,456.0,,0.0,1.0,1.0,1.0,1.0,0.0,0.0,0.0,0.0,0.0,2.0,108823.0,5.0,6.0,0.0,0.0,1.0,1.0,,0.0,17280.0,0.0,0.0,2.0,1.0,209.0,209.0,0.0,209.0,24:1,641.0,10.0,3.0,1.0,1.0,0.0,0.0,0.0,0.0,0.0,0.0,0.0,0.0,0.0,0.0,0.0,0.0,0.0,0.0,0.0,0.0,0.0,0.0,0.0,0.0,0.0,0.0,0.0,0.0,0.0,0.0,,,,,,,,,,,,,,,,,,,,,,,,,,,,,,,,,,,,,,,,,,,,,,,,,,,,,,,
2025,DISTRICT_MANAGED_2025.xlsx,Traditional,KOZMINSKI,Elementary,HYDE PARK,Network 9,36,,,,420.0,,0.0,1.0,1.0,1.0,1.0,1.0,0.0,0.0,0.0,0.0,0.0,192522.82142857145,7.0,13.0,0.5,0.0,4.0,2.0,,0.5,17280.0,0.0,1.0,2.0,2.0,214.0,214.0,0.0,214.0,24:1,629.0,10.0,3.0,1.0,0.0,0.0,0.0,0.0,0.0,0.0,0.0,0.0,0.0,0.0,0.0,0.0,0.0,0.0,0.0,0.0,0.0,0.0,0.0,0.0,0.0,0.0,0.0,0.0,15000.0,0.0,0.0,,,,,,,,,,,,,,,,,,,,,,,,,,,,,,,,,,,,,,,,,,,,,,,,,,,,,,,
2025,DISTRICT_MANAGED_2025.xlsx,Traditional,LAKE VIEW HS,High School,LAKE VIEW,Network 14,22,,,,378.0,,0.0,1.0,1.0,1.0,3.0,0.0,0.0,1.0,3.0,0.0,12.5,95308.7,21.0,11.0,1.5,0.0,0.0,0.0,,1.0,17280.0,191760.0,0.0,8.0,5.0,1410.0,1383.0,0.0,1383.0,21:1,1239.0,66.0,0.0,3.0,0.0,0.0,0.0,0.0,0.0,1.0,2.0,2.0,1.0,0.0,1.42,0.0,0.0,0.0,0.0,0.0,0.0,0.0,0.0,0.0,0.0,2.0,0.0,150000.0,0.0,0.0,0.0,,,,,,,,,,,,,,,,,,,,,,,,,,,,,,,,,,,,,,,,,,,,,,,,,,,,,,,
2025,DISTRICT_MANAGED_2025.xlsx,Traditional,LANE TECH HS,High School,NORTH CENTER,Network 14,14,,,,0.0,,0.0,1.0,1.0,1.0,10.0,0.0,0.0,10.0,3.0,0.0,12.0,591999.54,40.0,29.0,3.0,0.0,0.0,0.0,,1.0,17280.0,0.0,0.0,9.0,10.0,4520.0,4469.0,0.0,4469.0,21:1,1095.0,213.0,0.0,0.0,0.0,1.0,0.0,0.0,0.0,1.0,2.0,5.0,7.0,0.0,5.0,0.0,0.0,0.0,0.0,0.0,0.0,0.0,0.0,0.0,0.0,4.0,0.0,0.0,0.0,0.0,0.0,,,,,,,,,,,,,,,,,,,,,,,,,,,,,,,,,,,,,,,,,,,,,,,,,,,,,,,
2025,DISTRICT_MANAGED_2025.xlsx,Traditional,LANGFORD,Elementary,WEST ENGLEWOOD,Network 11,40,,,,450.0,,0.0,1.0,1.0,1.0,1.0,1.0,0.0,0.0,0.0,0.0,0.0,227250.2,5.0,7.0,0.0,0.0,1.0,1.0,,0.5,17280.0,0.0,1.0,2.0,2.0,168.0,168.0,0.0,168.0,24:1,677.0,10.0,3.0,1.0,0.0,0.0,0.0,0.0,0.0,0.0,0.0,0.0,0.0,0.0,0.0,0.0,0.0,0.0,0.0,0.0,0.0,0.0,0.0,0.0,0.0,0.0,0.0,0.0,0.0,0.0,0.0,,,,,,,,,,,,,,,,,,,,,,,,,,,,,,,,,,,,,,,,,,,,,,,,,,,,,,,
2025,DISTRICT_MANAGED_2025.xlsx,Traditional,LARA,Elementary,NEW CITY,ISP,50,,,,450.0,,0.0,1.0,1.0,1.0,2.0,1.0,0.0,0.0,0.0,0.0,0.0,216142.0,13.0,15.0,0.5,0.0,2.0,2.0,,1.0,17280.0,0.0,1.0,5.0,1.0,305.0,281.0,10.0,291.0,22:1,797.0,14.0,4.0,1.0,0.0,0.0,0.0,0.0,0.0,0.0,0.0,0.0,1.0,0.0,0.5,0.0,0.0,0.0,0.0,0.0,0.0,0.0,0.0,0.0,0.0,0.0,0.0,0.0,0.0,0.0,0.0,,,,,,,,,,,,,,,,,,,,,,,,,,,,,,,,,,,,,,,,,,,,,,,,,,,,,,,
2025,DISTRICT_MANAGED_2025.xlsx,Traditional,LASALLE,Elementary,LINCOLN PARK,Network 4,26,,,,0.0,,0.0,1.0,1.0,1.0,1.0,1.0,0.0,1.5,0.0,0.0,0.0,57935.1,8.0,7.0,0.5,0.0,0.0,0.0,,0.0,17280.0,0.0,0.0,3.0,2.0,488.0,488.0,0.0,488.0,26:1,509.0,19.0,4.0,0.0,1.0,1.0,0.0,0.0,0.0,0.0,0.0,0.0,0.0,0.0,0.0,0.0,0.0,0.0,0.0,0.0,0.0,0.0,0.0,0.0,0.0,0.0,0.0,0.0,0.0,0.5,1.0,,,,,,,,,,,,,,,,,,,,,,,,,,,,,,,,,,,,,,,,,,,,,,,,,,,,,,,
2025,DISTRICT_MANAGED_2025.xlsx,Traditional,LASALLE II,Elementary,WEST TOWN,ISP,29,,,,0.0,,0.0,1.0,1.0,1.0,1.0,0.0,0.0,1.0,0.0,0.0,0.0,197885.59000000003,8.0,16.0,1.0,0.0,4.0,2.0,,1.0,17280.0,0.0,0.0,3.0,2.0,499.0,499.0,0.0,499.0,26:1,545.0,20.0,4.0,0.0,2.0,0.0,0.0,0.0,0.0,0.0,0.0,0.0,0.0,0.0,0.0,0.0,0.0,0.0,0.0,0.0,0.0,0.0,0.0,0.0,0.0,0.0,0.0,0.0,0.0,0.0,0.0,,,,,,,,,,,,,,,,,,,,,,,,,,,,,,,,,,,,,,,,,,,,,,,,,,,,,,,
2025,DISTRICT_MANAGED_2025.xlsx,Traditional,LAVIZZO,Elementary,ROSELAND,Network 13,40,,,,474.0,,0.0,1.0,1.0,1.0,1.0,1.0,1.0,1.9,0.0,0.0,0.0,88777.0,5.0,8.0,0.5,0.0,1.0,1.0,,0.0,17280.0,0.0,1.0,4.0,2.0,312.0,312.0,0.0,312.0,24:1,677.0,13.0,3.0,1.0,0.0,0.0,0.0,0.0,0.0,0.0,0.0,0.0,0.0,0.0,0.0,0.0,0.0,0.0,1.0,0.0,0.0,0.0,0.0,0.0,0.0,0.0,0.0,0.0,65000.0,0.0,0.0,,,,,,,,,,,,,,,,,,,,,,,,,,,,,,,,,,,,,,,,,,,,,,,,,,,,,,,
2025,DISTRICT_MANAGED_2025.xlsx,Traditional,LAWNDALE,Elementary,NORTH LAWNDALE,Network 5,44,,,,462.0,,0.0,1.0,1.0,1.0,1.0,1.0,0.0,0.0,0.0,0.0,1.0,137099.0,3.0,5.0,0.0,0.0,2.0,2.0,,0.5,17280.0,0.0,1.0,3.0,2.0,173.0,173.0,0.0,173.0,22:1,725.0,10.0,3.0,1.0,0.0,0.0,0.0,0.0,0.0,0.0,0.0,0.0,0.0,0.0,0.0,0.0,0.0,0.0,0.0,0.0,0.0,0.0,0.0,0.0,0.0,0.0,0.0,0.0,65000.0,0.0,0.0,,,,,,,,,,,,,,,,,,,,,,,,,,,,,,,,,,,,,,,,,,,,,,,,,,,,,,,
2025,DISTRICT_MANAGED_2025.xlsx,Traditional,LEE,Elementary,WEST LAWN,ISP,38,,,,456.0,,0.0,1.0,1.0,1.0,1.0,1.0,0.0,0.0,0.0,0.0,1.0,362198.15,6.0,8.0,0.5,0.0,0.0,0.0,,1.0,17280.0,0.0,0.0,8.0,3.0,578.0,578.0,0.0,578.0,24:1,653.0,25.0,5.0,2.0,0.0,0.0,0.0,0.0,1.0,0.0,0.0,0.0,1.0,0.0,0.0,0.0,0.0,0.0,0.0,0.0,0.0,0.0,0.0,0.0,0.0,0.0,0.0,0.0,0.0,0.0,0.0,,,,,,,,,,,,,,,,,,,,,,,,,,,,,,,,,,,,,,,,,,,,,,,,,,,,,,,
2025,DISTRICT_MANAGED_2025.xlsx,Traditional,LELAND,Elementary,AUSTIN,Network 3,40,,,,480.0,,1.0,1.0,1.0,1.0,1.0,1.0,0.0,0.42,0.31,0.0,0.0,104092.23,7.0,11.0,0.5,0.0,6.0,3.0,,0.0,17280.0,0.0,1.0,5.0,3.0,261.0,260.0,0.0,260.0,24:1,677.0,11.0,3.0,1.0,0.0,0.0,0.0,0.0,0.0,0.0,0.0,0.0,0.0,0.0,1.0,0.0,0.0,0.0,0.0,0.0,0.0,0.0,0.0,0.0,0.0,0.0,0.0,0.0,100000.0,0.0,0.0,,,,,,,,,,,,,,,,,,,,,,,,,,,,,,,,,,,,,,,,,,,,,,,,,,,,,,,
2025,DISTRICT_MANAGED_2025.xlsx,Traditional,LENART,Elementary,CHATHAM,ISP,28,,,,0.0,,0.0,1.0,1.0,1.0,1.0,1.0,0.0,1.0,0.0,0.0,0.0,47481.75,1.0,5.0,0.0,0.0,2.0,2.0,,0.0,17280.0,0.0,0.0,2.0,1.0,259.0,259.0,0.0,259.0,26:1,533.0,10.0,3.0,0.0,0.0,0.0,0.0,0.0,0.0,0.0,0.0,0.0,0.0,0.0,0.0,0.0,0.0,0.0,0.0,0.0,1.0,0.0,0.0,0.0,0.0,0.0,0.0,0.0,0.0,0.0,0.0,,,,,,,,,,,,,,,,,,,,,,,,,,,,,,,,,,,,,,,,,,,,,,,,,,,,,,,
2025,DISTRICT_MANAGED_2025.xlsx,Traditional,LEWIS,Elementary,AUSTIN,Network 3,46,,,,480.0,,0.0,1.0,1.0,1.0,2.0,1.0,0.0,0.0,0.0,0.0,0.98,250677.0,8.0,19.0,0.5,0.0,1.0,1.0,,1.0,17280.0,0.0,1.0,4.0,1.0,399.0,388.0,0.0,388.0,22:1,749.0,18.0,4.0,1.0,0.0,0.0,0.0,0.0,0.0,0.0,0.0,0.0,1.0,0.0,0.0,0.0,0.0,0.0,0.0,0.0,0.0,0.0,0.0,0.0,0.0,0.0,1.0,0.0,70000.0,0.0,0.0,,,,,,,,,,,,,,,,,,,,,,,,,,,,,,,,,,,,,,,,,,,,,,,,,,,,,,,
2025,DISTRICT_MANAGED_2025.xlsx,Traditional,LIBBY,Elementary,NEW CITY,Network 8,50,,,,420.0,,0.0,1.0,1.0,1.0,1.0,1.0,0.0,0.0,0.0,0.0,0.47,147780.6,6.0,12.0,0.5,0.0,1.0,1.0,,1.0,17280.0,0.0,1.0,3.0,1.9,239.0,216.0,0.0,216.0,22:1,797.0,10.0,3.0,1.0,0.0,0.0,0.0,0.0,0.0,0.0,0.0,0.0,0.0,0.0,0.0,0.0,0.0,0.0,0.0,0.0,0.0,1.0,0.0,0.0,0.0,0.0,0.0,0.0,0.0,0.0,0.0,,,,,,,,,,,,,,,,,,,,,,,,,,,,,,,,,,,,,,,,,,,,,,,,,,,,,,,
2025,DISTRICT_MANAGED_2025.xlsx,Traditional,LINCOLN,Elementary,LINCOLN PARK,Network 4,22,,,,0.0,,0.0,1.0,1.0,1.0,2.0,0.0,0.0,0.0,0.0,0.0,0.0,272175.86,8.0,7.0,0.5,0.0,0.0,0.0,,1.0,17280.0,0.0,0.0,2.0,2.0,843.0,843.0,0.0,843.0,26:1,461.0,33.0,7.0,0.0,0.0,0.0,0.0,0.0,0.0,0.0,1.0,0.0,0.0,0.0,1.0,0.0,0.0,0.0,0.0,0.0,0.0,0.0,0.0,0.0,0.0,0.0,0.0,0.0,0.0,4.0,1.0,,,,,,,,,,,,,,,,,,,,,,,,,,,,,,,,,,,,,,,,,,,,,,,,,,,,,,,
2025,DISTRICT_MANAGED_2025.xlsx,Traditional,LINCOLN PARK HS,High School,LINCOLN PARK,Network 14,18,,,,0.0,,0.0,1.0,1.0,1.0,5.0,0.0,0.0,6.5,2.0,0.0,7.0,66329.95,16.0,18.0,1.5,0.0,0.0,0.0,,1.0,17280.0,0.0,0.0,9.0,12.0,2097.0,2077.0,0.0,2077.0,21:1,1167.0,99.0,0.0,0.0,0.0,0.0,0.0,0.0,0.0,1.0,2.0,2.0,4.0,0.0,1.0,0.0,0.0,0.0,3.0,0.0,0.0,0.0,0.0,0.0,0.0,2.0,0.0,0.0,0.0,0.0,0.0,,,,,,,,,,,,,,,,,,,,,,,,,,,,,,,,,,,,,,,,,,,,,,,,,,,,,,,
2025,DISTRICT_MANAGED_2025.xlsx,Traditional,LINDBLOM HS,High School,WEST ENGLEWOOD,Network 16,28,,,,312.0,,0.0,1.0,1.0,1.0,3.0,0.0,0.0,4.0,3.0,0.0,6.83,55235.1,12.5,24.0,0.0,0.0,0.0,0.0,,0.5,17280.0,0.0,0.0,5.0,7.0,1347.0,1307.0,0.0,1307.0,21:1,1347.0,63.0,0.0,3.0,0.0,1.5,0.0,0.0,0.0,1.0,2.0,2.0,1.0,1.0,1.0,0.0,0.0,0.0,0.0,0.0,0.0,0.0,0.0,0.0,0.0,4.0,0.0,150000.0,0.0,0.0,0.0,,,,,,,,,,,,,,,,,,,,,,,,,,,,,,,,,,,,,,,,,,,,,,,,,,,,,,,
2025,DISTRICT_MANAGED_2025.xlsx,Traditional,LITTLE VILLAGE,Elementary,SOUTH LAWNDALE,ISP,45,,,,468.0,,0.0,1.0,1.0,1.0,2.0,1.0,0.0,2.13,0.0,0.0,2.0,129705.32,11.5,13.0,0.0,0.0,2.0,2.0,,1.0,17280.0,0.0,1.0,6.0,2.0,539.0,539.0,20.0,559.0,22:1,737.0,26.0,6.0,2.0,0.0,0.0,0.0,0.0,1.0,0.0,0.0,0.0,0.0,0.0,0.0,0.0,0.0,0.0,1.0,0.0,0.0,0.0,0.0,0.0,0.0,0.0,0.0,0.0,20218.0,0.0,0.0,,,,,,,,,,,,,,,,,,,,,,,,,,,,,,,,,,,,,,,,,,,,,,,,,,,,,,,
2025,DISTRICT_MANAGED_2025.xlsx,Traditional,LLOYD,Elementary,BELMONT CRAGIN,Network 3,40,,,,474.0,,0.0,1.0,1.0,1.0,2.0,0.0,0.0,0.8,0.0,0.0,1.3,284287.5,6.0,5.0,1.0,0.0,9.0,6.0,,1.0,17280.0,0.0,0.0,10.0,1.0,667.0,667.0,20.0,687.0,24:1,677.0,29.0,6.0,2.0,0.0,0.0,0.0,0.0,1.0,0.0,1.0,1.0,0.0,0.0,1.0,0.0,0.0,0.0,0.0,0.0,0.0,0.0,0.0,0.0,0.0,0.0,0.0,0.0,0.0,0.0,0.0,,,,,,,,,,,,,,,,,,,,,,,,,,,,,,,,,,,,,,,,,,,,,,,,,,,,,,,
2025,DISTRICT_MANAGED_2025.xlsx,Traditional,LOCKE J,Elementary,MONTCLARE,Network 3,32,,,,444.0,,0.0,1.0,1.0,1.0,2.0,0.0,0.0,0.0,0.0,5.25,1.15,99174.34,12.0,11.0,1.5,0.0,8.0,5.0,,1.0,17280.0,0.0,0.0,10.0,1.85,1016.0,1016.0,0.0,1016.0,24:1,581.0,43.0,9.0,3.0,0.0,0.0,0.0,0.0,1.0,0.0,2.0,2.0,0.0,0.0,0.0,0.0,0.0,0.0,2.0,0.0,0.0,0.0,0.0,0.0,0.0,0.0,0.0,0.0,0.0,0.0,0.0,,,,,,,,,,,,,,,,,,,,,,,,,,,,,,,,,,,,,,,,,,,,,,,,,,,,,,,
2025,DISTRICT_MANAGED_2025.xlsx,Traditional,LORCA,Elementary,AVONDALE,Network 4,32,,,,438.0,,0.0,1.0,1.0,1.0,1.0,1.0,0.0,0.0,1.0,3.0,2.45,13525.08,11.0,7.0,0.5,0.0,3.0,3.0,,1.0,17280.0,88360.0,0.0,6.0,1.0,562.0,562.0,20.0,582.0,24:1,581.0,25.0,5.0,2.0,0.0,0.0,0.0,0.0,1.0,0.0,0.0,0.0,0.0,0.0,0.0,0.0,0.0,0.0,0.0,0.0,0.0,1.0,0.0,0.0,0.0,0.0,0.0,0.0,0.0,0.0,0.0,,,,,,,,,,,,,,,,,,,,,,,,,,,,,,,,,,,,,,,,,,,,,,,,,,,,,,,
2025,DISTRICT_MANAGED_2025.xlsx,Traditional,LOVETT,Elementary,AUSTIN,Network 3,40,,,,396.0,,0.0,1.0,1.0,1.0,1.0,1.0,0.0,1.3,0.0,0.0,0.0,86808.1,6.0,3.0,0.5,0.0,2.0,2.0,,1.0,17280.0,0.0,1.0,4.0,2.0,314.0,314.0,10.0,324.0,24:1,677.0,14.0,3.0,1.0,0.0,0.0,0.0,0.0,0.0,0.0,0.0,0.0,0.0,0.0,0.0,0.0,0.0,0.0,0.0,0.0,0.0,0.0,0.0,0.0,0.0,0.0,0.0,0.0,0.0,0.0,0.0,,,,,,,,,,,,,,,,,,,,,,,,,,,,,,,,,,,,,,,,,,,,,,,,,,,,,,,
2025,DISTRICT_MANAGED_2025.xlsx,Traditional,LOWELL,Elementary,HUMBOLDT PARK,Network 5,45,,,,444.0,,0.0,1.0,1.0,1.0,1.0,1.0,0.0,0.0,0.0,0.0,0.2,228900.5,9.0,18.0,1.0,0.0,4.0,2.0,,1.0,17280.0,0.0,1.0,5.0,2.0,266.0,233.0,20.0,253.0,22:1,737.0,12.0,3.0,1.0,0.0,0.0,0.0,0.0,0.0,0.0,0.0,0.0,0.0,0.0,0.0,0.0,0.0,0.0,0.0,0.0,0.0,0.0,0.0,0.0,0.0,0.0,0.0,0.0,15000.0,0.0,0.0,,,,,,,,,,,,,,,,,,,,,,,,,,,,,,,,,,,,,,,,,,,,,,,,,,,,,,,
2025,DISTRICT_MANAGED_2025.xlsx,Traditional,LOZANO,Elementary,WEST TOWN,Network 6,33,,,,360.0,,0.0,1.0,1.0,1.0,1.0,1.0,0.0,0.6699999999999999,0.0,0.0,0.0,87570.6095,7.0,18.0,0.5,0.0,5.0,3.0,,1.0,17280.0,50000.0,0.0,3.0,2.0,200.0,170.0,20.0,190.0,24:1,593.0,10.0,3.0,1.0,0.0,0.0,0.0,0.0,0.0,0.0,0.0,0.0,0.0,0.0,0.0,0.0,0.0,0.0,0.0,0.0,0.0,0.0,0.0,0.0,0.0,0.0,1.0,0.0,0.0,0.0,0.0,,,,,,,,,,,,,,,,,,,,,,,,,,,,,,,,,,,,,,,,,,,,,,,,,,,,,,,
2025,DISTRICT_MANAGED_2025.xlsx,Traditional,LYON,Elementary,BELMONT CRAGIN,Network 3,37,,,,444.0,,0.0,1.0,1.0,1.0,2.0,0.0,0.0,0.0,0.0,0.0,1.0,571561.8630952381,11.0,14.0,1.0,0.0,2.0,2.0,,1.0,17280.0,144760.0,0.0,8.0,2.0,953.0,953.0,20.0,973.0,24:1,641.0,41.0,9.0,3.0,0.0,0.0,0.0,0.0,1.0,0.0,1.0,0.0,0.0,0.0,1.0,0.0,0.0,0.0,0.0,0.0,0.0,0.0,0.0,0.0,0.0,0.0,0.0,0.0,0.0,0.0,0.0,,,,,,,,,,,,,,,,,,,,,,,,,,,,,,,,,,,,,,,,,,,,,,,,,,,,,,,
2025,DISTRICT_MANAGED_2025.xlsx,Traditional,MADERO,Elementary,SOUTH LAWNDALE,Network 7,42,,,,438.0,,0.0,1.0,1.0,1.0,1.0,1.0,0.0,0.0,0.0,0.0,1.08,142646.615,4.0,3.0,0.5,0.0,0.0,0.0,,1.0,17280.0,0.0,1.0,3.0,1.0,248.0,248.0,0.0,248.0,22:1,701.0,12.0,3.0,1.0,0.0,0.0,0.0,0.0,0.0,0.0,0.0,0.0,0.0,0.0,0.0,0.0,0.0,0.0,1.0,0.0,0.0,0.0,0.0,0.0,0.0,0.0,0.0,0.0,70000.0,0.0,0.0,,,,,,,,,,,,,,,,,,,,,,,,,,,,,,,,,,,,,,,,,,,,,,,,,,,,,,,
2025,DISTRICT_MANAGED_2025.xlsx,Traditional,MADISON,Elementary,SOUTH SHORE,Network 12,39,,,,492.0,,0.0,1.0,1.0,1.0,1.0,1.0,0.0,0.0,0.0,0.0,1.0,155018.5,6.0,7.0,0.0,0.0,1.0,1.0,,0.0,17280.0,0.0,1.0,2.0,2.0,197.0,197.0,0.0,197.0,24:1,665.0,10.0,3.0,1.0,0.0,0.0,0.0,0.0,0.0,0.0,0.0,0.0,0.0,0.0,0.0,0.0,0.0,0.0,0.0,0.0,0.0,0.0,0.0,0.0,0.0,0.0,0.0,0.0,0.0,0.0,0.0,,,,,,,,,,,,,,,,,,,,,,,,,,,,,,,,,,,,,,,,,,,,,,,,,,,,,,,
2025,DISTRICT_MANAGED_2025.xlsx,Traditional,MANIERRE,Elementary,NEAR NORTH SIDE,Network 4,31,,,,468.0,,0.0,1.0,1.0,2.0,1.0,1.0,0.0,0.0,1.0,0.0,1.0,19784.48,6.0,13.0,0.5,0.0,3.0,2.0,,0.0,17280.0,0.0,1.0,3.0,2.0,245.0,245.0,10.0,255.0,24:1,569.0,11.0,3.0,1.0,0.0,0.0,0.0,0.0,0.0,0.0,0.0,0.0,0.0,0.0,0.0,2.0,0.0,0.0,0.0,0.0,0.0,0.0,0.0,0.0,0.0,0.0,0.0,0.0,100000.0,0.0,0.0,,,,,,,,,,,,,,,,,,,,,,,,,,,,,,,,,,,,,,,,,,,,,,,,,,,,,,,
2025,DISTRICT_MANAGED_2025.xlsx,Traditional,MANLEY HS,High School,EAST GARFIELD PARK,Network 15,47,,,,432.0,,0.0,1.0,1.0,1.0,1.0,1.0,0.0,0.26,0.0,0.0,2.66,298243.1,5.0,2.0,0.0,0.0,0.0,0.0,,0.0,17280.0,139725.0,0.0,2.0,4.0,78.0,78.0,0.0,78.0,18:1,1689.0,10.0,0.0,1.0,0.0,0.0,0.0,-1.0,0.0,0.0,0.0,0.0,0.0,0.0,1.0,0.0,0.0,0.0,0.0,0.0,0.0,0.0,0.0,0.0,0.0,2.0,0.0,160000.0,100000.0,0.0,0.0,,,,,,,,,,,,,,,,,,,,,,,,,,,,,,,,,,,,,,,,,,,,,,,,,,,,,,,
2025,DISTRICT_MANAGED_2025.xlsx,Traditional,MANN,Elementary,SOUTH CHICAGO,Network 12,42,,,,462.0,,0.0,1.0,1.0,1.0,1.0,1.0,0.0,0.0,0.0,0.0,1.87,92587.0,6.0,4.0,0.0,0.0,1.0,1.0,,0.0,17280.0,50000.0,0.0,3.0,2.0,253.0,253.0,10.0,263.0,22:1,701.0,12.0,3.0,1.0,0.0,0.0,0.0,0.0,0.0,0.0,0.0,0.0,0.0,0.0,0.0,0.0,0.0,0.0,0.0,0.0,0.0,0.0,0.0,0.0,0.0,0.0,0.0,0.0,0.0,0.0,0.0,,,,,,,,,,,,,,,,,,,,,,,,,,,,,,,,,,,,,,,,,,,,,,,,,,,,,,,
2025,DISTRICT_MANAGED_2025.xlsx,Traditional,MARINE LEADERSHIP AT AMES HS,High School,LOGAN SQUARE,Network 14,34,,,,432.0,,0.0,1.0,1.0,1.0,2.0,0.0,0.0,1.93,0.5,0.0,2.5,240269.8,10.0,4.0,0.5,0.0,0.0,0.0,,1.0,17280.0,0.0,0.0,5.0,3.0,628.0,628.0,0.0,628.0,19:1,1455.0,34.0,0.0,2.0,0.0,0.0,0.0,0.0,1.0,0.0,1.0,1.0,1.0,0.0,0.0,0.0,0.0,0.0,0.0,0.0,0.0,0.0,0.0,0.0,0.0,9.0,0.0,0.0,133982.0,0.0,0.0,,,,,,,,,,,,,,,,,,,,,,,,,,,,,,,,,,,,,,,,,,,,,,,,,,,,,,,
2025,DISTRICT_MANAGED_2025.xlsx,Traditional,MARQUETTE,Elementary,CHICAGO LAWN,Network 10,41,,,,468.0,,0.0,1.0,1.0,1.0,2.0,0.0,0.0,0.0,0.0,0.0,5.28,102418.99,8.0,23.0,1.0,0.0,7.0,4.0,,1.0,17280.0,127840.0,0.0,14.0,3.0,928.0,915.0,20.0,935.0,24:1,689.0,39.0,9.0,3.0,0.0,0.0,0.0,0.0,1.0,0.0,1.0,1.0,1.0,0.0,1.0,0.0,0.0,0.0,1.0,0.0,0.0,0.0,0.0,0.0,0.0,0.0,0.0,0.0,30253.0,0.0,0.0,,,,,,,,,,,,,,,,,,,,,,,,,,,,,,,,,,,,,,,,,,,,,,,,,,,,,,,
2025,DISTRICT_MANAGED_2025.xlsx,Traditional,MARSH,Elementary,SOUTH DEERING,Network 13,38,,,,432.0,,0.0,1.0,1.0,1.0,1.0,1.0,0.0,0.0,0.0,1.0,1.0,211379.6,11.0,19.0,0.0,0.0,5.0,3.0,,1.0,17280.0,90240.0,0.0,8.0,2.0,551.0,542.0,0.0,542.0,24:1,653.0,23.0,5.0,2.0,0.0,0.0,0.0,0.0,1.0,0.0,0.0,0.0,1.0,0.0,1.0,0.0,0.0,0.0,1.0,0.0,0.0,0.0,0.0,0.0,0.0,0.0,0.0,0.0,0.0,0.0,0.0,,,,,,,,,,,,,,,,,,,,,,,,,,,,,,,,,,,,,,,,,,,,,,,,,,,,,,,
2025,DISTRICT_MANAGED_2025.xlsx,Traditional,MARSHALL HS,High School,EAST GARFIELD PARK,Network 15,40,,,,468.0,,0.0,1.0,1.0,1.0,1.0,1.0,1.0,2.0,0.0,0.0,2.0,171665.05,6.0,6.0,0.5,0.0,0.0,0.0,,0.0,17280.0,0.0,1.0,3.0,5.0,174.0,174.0,0.0,174.0,19:1,1563.0,10.0,0.0,1.0,0.0,0.0,0.0,0.0,0.0,1.0,0.0,0.0,0.0,0.0,0.0,0.0,0.5,0.0,0.0,0.0,0.0,0.0,0.0,0.0,0.0,0.0,0.0,160000.0,100000.0,0.0,0.0,,,,,,,,,,,,,,,,,,,,,,,,,,,,,,,,,,,,,,,,,,,,,,,,,,,,,,,
2025,DISTRICT_MANAGED_2025.xlsx,Traditional,MASON,Elementary,NORTH LAWNDALE,Network 7,47,,,,480.0,,0.0,1.0,1.0,1.0,1.0,1.0,0.0,0.0,0.0,0.0,1.0,186305.19,5.0,5.0,0.5,0.0,4.0,2.0,,0.0,17280.0,0.0,1.0,4.0,1.0,213.0,213.0,0.0,213.0,22:1,761.0,10.0,3.0,1.0,0.0,0.0,0.0,0.0,0.0,0.0,0.0,0.0,0.0,0.0,0.0,0.0,0.0,0.0,0.0,0.0,0.0,0.0,0.0,0.0,0.0,0.0,0.0,0.0,15000.0,0.0,0.0,,,,,,,,,,,,,,,,,,,,,,,,,,,,,,,,,,,,,,,,,,,,,,,,,,,,,,,
2025,DISTRICT_MANAGED_2025.xlsx,Traditional,MATHER HS,High School,WEST RIDGE,Network 14,33,,,,402.0,,0.0,1.0,1.0,1.0,4.0,0.0,0.0,0.0,2.0,0.0,10.1,1187082.25,24.0,9.0,2.0,0.0,0.0,0.0,,2.0,17280.0,0.0,0.0,8.0,5.0,1683.0,1683.0,0.0,1683.0,19:1,1437.0,89.0,0.0,3.0,0.0,0.0,0.0,0.0,1.0,1.0,2.0,2.0,3.0,0.0,1.0,0.0,0.0,1.0,0.0,0.0,0.0,0.0,0.0,0.0,0.0,0.0,1.0,0.0,0.0,0.0,0.0,,,,,,,,,,,,,,,,,,,,,,,,,,,,,,,,,,,,,,,,,,,,,,,,,,,,,,,
2025,DISTRICT_MANAGED_2025.xlsx,Traditional,MAYER,Elementary,LINCOLN PARK,Network 4,20,,,,0.0,,0.0,1.0,1.0,1.0,2.0,0.0,0.0,1.49,0.0,0.0,0.0,125745.0,8.0,6.0,0.5,0.0,4.0,0.0,,0.0,17280.0,0.0,0.0,2.0,1.0,630.0,630.0,0.0,630.0,26:1,437.0,25.0,5.0,0.0,0.0,0.0,0.0,0.0,0.0,0.0,1.0,0.0,0.0,0.0,0.0,0.0,0.0,0.0,1.0,0.0,0.0,0.0,0.0,1.0,16.0,0.0,0.0,0.0,0.0,2.5,2.5,,,,,,,,,,,,,,,,,,,,,,,,,,,,,,,,,,,,,,,,,,,,,,,,,,,,,,,
2025,DISTRICT_MANAGED_2025.xlsx,Traditional,MAYS,Elementary,ENGLEWOOD,Network 11,45,,,,402.0,,0.0,1.0,1.0,1.0,1.0,1.0,0.0,0.0,0.0,0.0,0.72,101411.75,3.0,10.0,0.0,0.0,1.0,1.0,,0.5,17280.0,50000.0,0.0,4.0,1.9,224.0,224.0,10.0,234.0,22:1,737.0,11.0,3.0,1.0,0.0,0.0,0.0,0.0,0.0,0.0,0.0,0.0,0.0,0.0,0.0,0.0,0.0,0.0,0.0,0.0,0.0,0.0,0.0,0.0,0.0,0.0,0.0,0.0,0.0,0.0,0.0,,,,,,,,,,,,,,,,,,,,,,,,,,,,,,,,,,,,,,,,,,,,,,,,,,,,,,,
2025,DISTRICT_MANAGED_2025.xlsx,Traditional,MCAULIFFE,Elementary,HERMOSA,Network 4,38,,,,390.0,,0.0,1.0,1.0,1.0,1.0,0.0,0.0,0.5,0.0,0.0,0.0,292787.1,9.0,10.0,0.5,0.0,5.0,3.0,,1.0,17280.0,0.0,1.0,7.0,1.0,499.0,499.0,0.0,499.0,24:1,653.0,21.0,5.0,2.0,0.0,0.0,0.0,0.0,0.0,0.0,0.0,0.0,0.0,0.0,1.0,0.0,0.0,0.0,0.0,0.0,0.0,0.0,0.0,0.0,0.0,0.0,0.0,0.0,0.0,0.0,0.0,,,,,,,,,,,,,,,,,,,,,,,,,,,,,,,,,,,,,,,,,,,,,,,,,,,,,,,
2025,DISTRICT_MANAGED_2025.xlsx,Traditional,MCCORMICK,Elementary,SOUTH LAWNDALE,Network 7,45,,,,480.0,,0.0,1.0,1.0,1.0,2.0,1.0,0.0,1.13,0.0,0.0,0.0,125393.36,6.5,12.0,0.0,0.0,8.0,4.0,,1.0,17280.0,0.0,1.0,7.0,2.0,352.0,352.0,30.0,382.0,22:1,737.0,18.0,4.0,1.0,0.0,0.0,0.5,0.0,0.0,0.0,0.0,0.0,1.0,0.0,0.68,0.0,0.0,0.0,0.0,0.0,0.0,0.0,0.0,0.0,0.0,0.0,0.0,0.0,0.0,0.0,0.0,,,,,,,,,,,,,,,,,,,,,,,,,,,,,,,,,,,,,,,,,,,,,,,,,,,,,,,
2025,DISTRICT_MANAGED_2025.xlsx,Traditional,MCCUTCHEON,Elementary,UPTOWN,Network 2,32,,,,468.0,,0.0,1.0,1.0,2.0,1.0,1.0,0.0,0.0,0.0,0.0,2.0,81596.2,13.0,29.0,1.0,0.0,4.0,2.0,,1.0,17280.0,0.0,1.0,4.0,4.0,276.0,240.0,0.0,240.0,24:1,581.0,10.0,3.0,1.0,0.0,0.0,0.0,0.0,0.0,0.0,0.0,0.0,0.0,0.0,0.0,0.0,0.0,0.0,0.0,0.0,0.0,0.0,0.0,0.0,0.0,0.0,1.0,0.0,0.0,0.0,0.0,,,,,,,,,,,,,,,,,,,,,,,,,,,,,,,,,,,,,,,,,,,,,,,,,,,,,,,
2025,DISTRICT_MANAGED_2025.xlsx,Traditional,MCDADE,Elementary,CHATHAM,Network 12,28,,,,0.0,,0.0,1.0,1.0,1.0,1.0,1.0,0.0,0.0,0.0,0.0,2.0,135792.0,1.0,2.0,0.0,0.0,0.0,0.0,,0.0,17280.0,0.0,0.0,3.0,1.0,217.0,217.0,0.0,217.0,26:1,533.0,10.0,3.0,0.0,0.0,0.0,0.0,-1.0,0.0,0.0,0.0,0.0,0.0,0.0,0.0,0.0,0.0,0.0,0.0,0.0,0.0,0.0,0.0,0.0,0.0,0.0,0.0,0.0,0.0,0.0,0.0,,,,,,,,,,,,,,,,,,,,,,,,,,,,,,,,,,,,,,,,,,,,,,,,,,,,,,,
2025,DISTRICT_MANAGED_2025.xlsx,Traditional,MCDOWELL,Elementary,CALUMET HEIGHTS,ISP,39,,,,468.0,,0.0,1.0,1.0,1.0,1.0,1.0,0.0,0.0,0.0,0.0,0.66,82220.1,3.0,3.0,0.0,0.0,1.0,1.0,,0.0,17280.0,50000.0,0.0,2.0,1.0,101.0,101.0,0.0,101.0,24:1,665.0,6.0,3.0,1.0,0.0,0.0,0.0,0.0,0.0,0.0,0.0,0.0,0.0,0.0,0.0,0.0,0.0,0.0,0.0,0.0,0.0,0.0,0.0,0.0,0.0,0.0,0.0,0.0,0.0,0.0,0.0,,,,,,,,,,,,,,,,,,,,,,,,,,,,,,,,,,,,,,,,,,,,,,,,,,,,,,,
2025,DISTRICT_MANAGED_2025.xlsx,Traditional,MCKAY,Elementary,CHICAGO LAWN,Network 10,41,,,,468.0,,0.0,1.0,1.0,1.0,2.0,1.0,0.0,0.0,0.0,0.0,2.5,211126.13,8.0,14.0,0.5,0.0,6.0,4.0,,1.0,17280.0,0.0,1.0,7.0,2.0,546.0,510.0,20.0,530.0,24:1,689.0,23.0,6.0,2.0,0.0,0.0,0.0,0.0,1.0,0.0,0.0,1.0,0.0,0.0,0.0,0.0,0.0,0.0,0.0,0.0,0.0,0.0,0.0,0.0,0.0,0.0,1.0,0.0,0.0,0.0,0.0,,,,,,,,,,,,,,,,,,,,,,,,,,,,,,,,,,,,,,,,,,,,,,,,,,,,,,,
2025,DISTRICT_MANAGED_2025.xlsx,Traditional,MCNAIR,Elementary,AUSTIN,Network 3,44,,,,468.0,,0.0,1.0,1.0,1.0,1.0,1.0,0.0,0.0,0.0,0.0,2.5,122229.0,12.0,41.0,0.5,0.0,2.0,2.0,,1.5,17280.0,0.0,1.0,3.0,1.0,303.0,256.0,20.0,276.0,22:1,725.0,13.0,4.0,1.0,0.0,0.0,0.0,0.0,0.0,0.0,0.0,0.0,0.0,0.0,0.0,0.0,0.0,0.0,0.0,0.0,0.0,0.0,0.0,0.0,0.0,0.0,0.0,0.0,0.0,0.0,0.0,,,,,,,,,,,,,,,,,,,,,,,,,,,,,,,,,,,,,,,,,,,,,,,,,,,,,,,
2025,DISTRICT_MANAGED_2025.xlsx,Traditional,MCPHERSON,Elementary,LINCOLN SQUARE,Network 2,26,,,,300.0,,2.0,1.0,1.0,1.0,2.0,0.0,0.0,0.0,0.0,2.0,0.5,28949.57,21.0,44.0,1.5,0.0,8.0,5.0,,1.0,17280.0,0.0,0.0,7.0,2.0,613.0,556.0,0.0,556.0,26:1,509.0,22.0,6.0,2.0,0.0,0.0,0.0,0.0,0.0,0.0,1.0,0.0,1.0,1.0,0.0,0.0,0.0,0.0,2.0,0.0,1.0,0.0,0.0,0.0,0.0,0.0,0.0,0.0,0.0,0.0,0.0,,,,,,,,,,,,,,,,,,,,,,,,,,,,,,,,,,,,,,,,,,,,,,,,,,,,,,,
2025,DISTRICT_MANAGED_2025.xlsx,Traditional,MELODY,Elementary,WEST GARFIELD PARK,Network 5,40,,,,480.0,,0.0,1.0,1.0,2.0,1.0,1.0,1.0,0.0,1.0,0.0,1.0,107831.96,7.0,11.0,0.5,0.0,3.0,2.0,,0.5,17280.0,50000.0,0.0,5.0,3.0,287.0,280.0,0.0,280.0,24:1,677.0,12.0,3.0,1.0,0.0,0.0,0.0,0.0,0.0,0.0,0.0,0.0,0.0,0.0,0.0,2.0,0.0,0.0,0.0,0.0,0.0,0.0,0.0,0.0,0.0,0.0,0.0,0.0,0.0,0.0,0.0,,,,,,,,,,,,,,,,,,,,,,,,,,,,,,,,,,,,,,,,,,,,,,,,,,,,,,,
2025,DISTRICT_MANAGED_2025.xlsx,Traditional,METCALFE,Elementary,WEST PULLMAN,Network 13,43,,,,480.0,,0.0,1.0,1.0,1.0,1.0,1.0,0.0,0.25,0.0,0.0,0.75,128418.33,6.0,12.0,0.0,0.0,1.0,1.0,,0.0,17280.0,0.0,0.0,4.0,3.0,289.0,289.0,0.0,289.0,22:1,713.0,14.0,3.0,1.0,0.0,0.0,0.0,0.0,0.0,0.0,0.0,0.0,0.0,0.0,1.0,0.0,0.0,0.0,0.0,0.0,0.0,0.0,0.0,0.0,0.0,0.0,0.0,0.0,65000.0,0.0,0.0,,,,,,,,,,,,,,,,,,,,,,,,,,,,,,,,,,,,,,,,,,,,,,,,,,,,,,,
2025,DISTRICT_MANAGED_2025.xlsx,Traditional,MIÑOSO,Elementary,BRIDGEPORT,Network 6,39,,,,462.0,,0.0,1.0,1.0,1.0,1.0,1.0,0.0,0.5,0.0,0.0,0.1,260158.74,12.0,38.0,0.5,0.0,1.0,1.0,,0.5,17280.0,50000.0,0.0,3.0,1.0,301.0,266.0,0.0,266.0,24:1,665.0,12.0,3.0,1.0,0.0,0.0,0.0,-1.0,0.0,0.0,0.0,0.0,0.0,0.0,0.0,0.0,0.0,0.0,0.0,0.0,0.0,0.0,0.0,0.0,0.0,0.0,0.0,0.0,0.0,0.0,0.0,,,,,,,,,,,,,,,,,,,,,,,,,,,,,,,,,,,,,,,,,,,,,,,,,,,,,,,
2025,DISTRICT_MANAGED_2025.xlsx,Traditional,MIRELES,Elementary,SOUTH CHICAGO,Network 12,46,,,,504.0,,0.0,1.0,1.0,1.0,2.0,1.0,0.0,0.0,0.0,0.0,2.5,184572.8,8.0,10.0,0.5,0.0,2.0,2.0,,1.0,17280.0,0.0,1.0,5.0,1.0,424.0,424.0,0.0,424.0,22:1,749.0,20.0,4.0,1.0,0.0,0.0,0.0,0.0,0.0,0.0,0.0,0.0,0.0,0.0,1.0,0.0,0.0,0.0,0.0,0.0,0.0,0.0,0.0,0.0,0.0,0.0,0.0,0.0,70869.0,0.0,0.0,,,,,,,,,,,,,,,,,,,,,,,,,,,,,,,,,,,,,,,,,,,,,,,,,,,,,,,
2025,DISTRICT_MANAGED_2025.xlsx,Traditional,MITCHELL,Elementary,WEST TOWN,ISP,22,,,,0.0,,0.0,1.0,1.0,1.0,1.0,1.0,0.0,1.0,0.0,0.0,0.0,45754.0,7.0,7.0,0.5,0.0,1.0,1.0,,0.5,17280.0,0.0,0.0,4.0,1.0,366.0,366.0,10.0,376.0,26:1,461.0,15.0,3.0,0.0,0.0,1.0,0.0,0.0,0.0,0.0,0.0,0.0,0.0,0.0,0.0,0.0,0.0,0.0,0.0,0.0,0.0,0.0,0.0,0.0,0.0,0.0,0.0,0.0,0.0,0.0,0.0,,,,,,,,,,,,,,,,,,,,,,,,,,,,,,,,,,,,,,,,,,,,,,,,,,,,,,,
2025,DISTRICT_MANAGED_2025.xlsx,Traditional,MOLLISON,Elementary,GRAND BOULEVARD,Network 9,39,,,,450.0,,0.0,1.0,1.0,1.0,1.0,1.0,0.0,0.0,0.0,0.0,0.5,170178.5,3.0,7.0,0.0,0.0,1.0,1.0,,0.0,17280.0,0.0,1.0,4.0,2.0,219.0,219.0,0.0,219.0,24:1,665.0,10.0,3.0,1.0,0.0,0.0,0.0,0.0,0.0,0.0,0.0,0.0,0.0,0.0,0.0,0.0,0.0,0.0,1.0,0.0,0.0,0.0,0.0,0.0,0.0,0.0,0.0,0.0,100000.0,0.0,0.0,,,,,,,,,,,,,,,,,,,,,,,,,,,,,,,,,,,,,,,,,,,,,,,,,,,,,,,
2025,DISTRICT_MANAGED_2025.xlsx,Traditional,MONARCAS,Elementary,GAGE PARK,Network 8,42,,,,462.0,,0.0,1.0,1.0,1.0,2.0,0.0,0.0,1.5,0.0,0.0,0.0,318256.0,6.0,8.0,1.0,0.0,8.0,5.0,,1.0,17280.0,0.0,1.0,7.0,3.0,692.0,692.0,10.0,702.0,22:1,701.0,32.0,7.0,2.0,0.0,0.0,0.0,0.0,1.0,0.0,1.0,0.0,1.0,0.0,1.0,2.0,0.0,0.0,0.0,0.0,0.0,0.0,0.0,0.0,0.0,0.0,0.0,0.0,0.0,0.0,0.0,,,,,,,,,,,,,,,,,,,,,,,,,,,,,,,,,,,,,,,,,,,,,,,,,,,,,,,
2025,DISTRICT_MANAGED_2025.xlsx,Traditional,MONROE,Elementary,LOGAN SQUARE,Network 4,34,,,,450.0,,0.0,1.0,1.0,1.0,1.0,1.0,0.0,1.0,0.0,0.0,0.0,269515.98,11.0,9.0,1.0,0.0,6.0,4.0,,1.0,17280.0,99640.0,0.0,7.0,2.0,551.0,551.0,0.0,551.0,24:1,605.0,23.0,5.0,2.0,0.0,0.0,0.0,0.0,1.0,0.0,0.0,0.0,1.0,0.0,0.0,0.0,0.0,0.0,0.0,0.0,0.0,0.0,0.0,0.0,0.0,0.0,0.0,0.0,0.0,0.0,0.0,,,,,,,,,,,,,,,,,,,,,,,,,,,,,,,,,,,,,,,,,,,,,,,,,,,,,,,
2025,DISTRICT_MANAGED_2025.xlsx,Traditional,MOOS,Elementary,WEST TOWN,Network 5,28,,,,390.0,,1.0,1.0,1.0,1.0,1.0,1.0,0.0,0.97,0.0,0.0,0.0,183285.43,11.0,12.0,0.5,0.0,3.0,3.0,,1.0,17280.0,73320.0,0.0,4.0,2.0,396.0,396.0,0.0,396.0,26:1,533.0,16.0,4.0,1.0,0.0,0.0,0.0,0.0,0.0,0.0,0.0,0.0,0.0,0.0,0.0,0.0,0.0,0.0,2.0,0.0,0.0,0.0,1.0,0.0,0.0,0.0,0.0,0.0,15000.0,0.0,0.0,,,,,,,,,,,,,,,,,,,,,,,,,,,,,,,,,,,,,,,,,,,,,,,,,,,,,,,
2025,DISTRICT_MANAGED_2025.xlsx,Traditional,MORGAN PARK HS,High School,MORGAN PARK,Network 16,32,,,,384.0,,0.0,1.0,1.0,1.0,3.0,0.0,0.0,0.0,1.0,0.0,10.3,458773.62,15.0,11.0,1.0,0.0,0.0,0.0,,0.0,17280.0,139120.0,0.0,5.0,14.0,1163.0,1142.0,0.0,1142.0,19:1,1419.0,61.0,0.0,2.0,0.0,0.0,0.0,-1.0,1.0,1.0,2.0,2.0,3.0,0.0,0.0,0.0,0.5,0.0,2.0,0.0,0.0,0.0,0.0,0.0,0.0,3.0,0.0,150000.0,0.0,0.0,0.0,,,,,,,,,,,,,,,,,,,,,,,,,,,,,,,,,,,,,,,,,,,,,,,,,,,,,,,
2025,DISTRICT_MANAGED_2025.xlsx,Traditional,MORRILL,Elementary,CHICAGO LAWN,Network 10,43,,,,474.0,,0.0,1.0,1.0,1.0,2.0,1.0,0.0,1.0,0.0,0.0,1.0,348990.48,12.0,16.0,0.5,0.0,2.0,2.0,,1.0,17280.0,0.0,1.0,5.0,2.0,469.0,456.0,30.0,486.0,22:1,713.0,23.0,5.0,2.0,0.0,0.0,0.0,0.0,0.0,0.0,0.0,0.0,0.0,0.0,0.0,0.0,0.0,0.0,0.0,0.0,0.0,0.0,0.0,0.0,0.0,0.0,1.0,0.0,0.0,0.0,0.0,,,,,,,,,,,,,,,,,,,,,,,,,,,,,,,,,,,,,,,,,,,,,,,,,,,,,,,
2025,DISTRICT_MANAGED_2025.xlsx,Traditional,MORTON,Elementary,HUMBOLDT PARK,Network 5,36,,,,444.0,,1.0,1.0,1.0,1.0,1.0,1.0,0.0,1.52,0.0,0.0,0.17,87929.0,7.0,7.0,0.0,0.0,2.0,2.0,,1.0,17280.0,50000.0,0.0,3.0,1.83,199.0,199.0,60.0,259.0,24:1,629.0,11.0,3.0,1.0,0.0,0.0,0.0,0.0,0.0,0.0,0.0,0.0,0.0,0.0,0.0,0.0,0.0,0.0,0.0,0.0,1.0,0.0,0.0,0.0,0.0,0.0,1.0,0.0,0.0,0.0,0.0,,,,,,,,,,,,,,,,,,,,,,,,,,,,,,,,,,,,,,,,,,,,,,,,,,,,,,,
2025,DISTRICT_MANAGED_2025.xlsx,Traditional,MOSAIC,Elementary,WEST RIDGE,Network 2,29,,,,444.0,,0.0,1.0,1.0,1.0,1.0,0.0,0.0,0.5,0.0,0.0,2.04,235097.89,13.0,15.0,0.5,0.0,3.0,3.0,,1.0,17280.0,0.0,0.0,6.0,0.9,658.0,658.0,50.0,708.0,26:1,545.0,28.0,6.0,2.0,0.0,0.0,0.0,0.0,0.0,0.0,1.0,0.0,1.0,0.0,1.0,0.0,0.0,0.0,0.0,0.0,0.0,0.0,0.0,0.0,0.0,0.0,0.0,0.0,0.0,0.0,0.0,,,,,,,,,,,,,,,,,,,,,,,,,,,,,,,,,,,,,,,,,,,,,,,,,,,,,,,
2025,DISTRICT_MANAGED_2025.xlsx,Traditional,MOUNT GREENWOOD,Elementary,MOUNT GREENWOOD,ISP,19,,,,0.0,,0.0,1.0,1.0,1.0,2.0,0.0,0.0,4.75,0.0,0.0,0.0,54659.89,11.0,27.0,1.0,0.0,2.0,2.0,,0.0,17280.0,0.0,0.0,2.0,1.0,1115.0,1091.0,0.0,1091.0,26:1,425.0,42.0,9.0,0.0,0.0,0.0,0.0,0.0,0.0,0.0,2.0,0.0,0.0,0.0,0.0,0.0,0.0,0.0,0.0,0.0,0.0,0.0,0.0,0.0,0.0,0.0,0.0,0.0,0.0,0.0,0.0,,,,,,,,,,,,,,,,,,,,,,,,,,,,,,,,,,,,,,,,,,,,,,,,,,,,,,,
2025,DISTRICT_MANAGED_2025.xlsx,Traditional,MOUNT VERNON,Elementary,WASHINGTON HEIGHTS,Network 13,42,,,,468.0,,0.0,1.0,1.0,1.0,1.0,1.0,0.0,0.0,0.0,0.0,0.0,251135.89,6.0,9.0,0.0,0.0,1.0,1.0,,0.0,17280.0,0.0,1.0,2.0,2.0,232.0,232.0,0.0,232.0,22:1,701.0,11.0,3.0,1.0,0.0,0.0,0.0,0.0,0.0,0.0,0.0,0.0,0.0,0.0,0.0,0.0,0.0,0.0,0.0,0.0,0.0,1.0,0.0,0.0,0.0,0.0,0.0,0.0,0.0,0.0,0.0,,,,,,,,,,,,,,,,,,,,,,,,,,,,,,,,,,,,,,,,,,,,,,,,,,,,,,,
2025,DISTRICT_MANAGED_2025.xlsx,Traditional,MOZART,Elementary,LOGAN SQUARE,Network 4,35,,,,414.0,,0.0,1.0,1.0,1.0,1.0,1.0,0.0,1.0,0.0,0.0,2.0,143051.43,8.5,20.0,0.0,0.0,4.0,3.0,,1.0,17280.0,71440.0,0.0,5.0,2.0,448.0,432.0,20.0,452.0,24:1,617.0,19.0,5.0,1.0,0.0,0.0,0.0,0.0,0.0,0.0,0.0,0.0,0.0,0.0,0.0,0.0,0.0,0.0,0.0,0.0,0.0,0.0,1.0,0.0,0.0,0.0,0.0,0.0,0.0,0.0,0.0,,,,,,,,,,,,,,,,,,,,,,,,,,,,,,,,,,,,,,,,,,,,,,,,,,,,,,,
2025,DISTRICT_MANAGED_2025.xlsx,Traditional,MULTICULTURAL ARTS HS,High School,SOUTH LAWNDALE,Network 15,42,,,,468.0,,0.0,1.0,1.0,1.0,1.0,1.0,0.0,0.5,0.0,1.0,0.9,198872.08,8.0,5.0,0.5,0.0,0.0,0.0,,1.0,17280.0,0.0,1.0,0.0,0.0,253.0,253.0,0.0,253.0,18:1,1599.0,15.0,0.0,1.0,0.0,0.0,0.0,0.0,0.0,0.0,0.0,0.0,1.0,0.0,0.0,0.0,0.3333333,0.0,0.0,0.0,0.0,0.0,0.0,0.0,0.0,0.0,0.0,0.0,100000.0,0.0,0.0,,,,,,,,,,,,,,,,,,,,,,,,,,,,,,,,,,,,,,,,,,,,,,,,,,,,,,,
2025,DISTRICT_MANAGED_2025.xlsx,Traditional,MURPHY,Elementary,IRVING PARK,Network 1,26,,,,300.0,,1.0,1.0,1.0,1.0,1.0,1.0,0.0,0.76,0.0,0.0,1.0,131235.6,11.0,12.0,1.0,0.0,5.0,3.0,,1.0,17280.0,0.0,0.0,3.0,1.0,416.0,416.0,20.0,436.0,26:1,509.0,17.0,4.0,1.0,0.0,0.0,0.0,0.0,0.0,0.0,0.0,0.0,0.0,0.0,0.0,0.0,0.0,0.0,0.0,0.0,0.0,0.0,0.0,0.0,0.0,0.0,0.0,0.0,0.0,0.0,0.0,,,,,,,,,,,,,,,,,,,,,,,,,,,,,,,,,,,,,,,,,,,,,,,,,,,,,,,
2025,DISTRICT_MANAGED_2025.xlsx,Traditional,MURRAY,Elementary,HYDE PARK,Network 9,31,,,,330.0,,0.0,1.0,1.0,1.0,1.0,1.0,0.0,0.5,0.0,0.0,0.0,296794.25,6.0,9.0,0.5,0.0,0.0,0.0,,0.0,17280.0,0.0,0.0,3.0,1.0,464.0,464.0,0.0,464.0,24:1,569.0,20.0,4.0,2.0,2.0,0.0,0.0,-1.0,0.0,0.0,0.0,0.0,0.0,1.0,0.0,0.0,0.0,0.0,0.0,0.0,0.0,0.0,0.0,0.0,0.0,0.0,0.0,0.0,0.0,0.0,0.0,,,,,,,,,,,,,,,,,,,,,,,,,,,,,,,,,,,,,,,,,,,,,,,,,,,,,,,
2025,DISTRICT_MANAGED_2025.xlsx,Traditional,NASH,Elementary,AUSTIN,Network 3,42,,,,474.0,,1.5,1.0,1.0,1.0,1.0,1.0,0.0,1.0,0.0,0.0,0.0,83721.3,9.0,21.0,0.5,0.0,2.0,2.0,,0.5,17280.0,0.0,1.0,3.0,2.0,238.0,219.0,0.0,219.0,22:1,701.0,10.0,3.0,1.0,1.0,0.0,0.0,0.0,0.0,0.0,0.0,0.0,0.0,0.0,0.0,0.0,0.0,0.0,0.0,0.0,0.0,0.0,0.0,0.0,0.0,0.0,1.0,0.0,70000.0,0.0,0.0,,,,,,,,,,,,,,,,,,,,,,,,,,,,,,,,,,,,,,,,,,,,,,,,,,,,,,,
2025,DISTRICT_MANAGED_2025.xlsx,Traditional,NATIONAL TEACHERS,Elementary,NEAR SOUTH SIDE,Network 6,23,,,,330.0,,0.0,1.0,1.0,1.0,2.0,0.0,0.0,0.0,0.0,0.0,0.0,441155.0,11.0,13.0,0.5,0.0,3.0,3.0,,0.0,17280.0,0.0,0.0,6.0,3.0,715.0,715.0,0.0,715.0,26:1,473.0,28.0,6.0,2.0,0.0,0.0,0.0,0.0,0.0,0.0,1.0,0.0,0.0,0.0,0.0,0.0,0.0,0.0,0.0,0.0,1.0,0.0,0.0,0.0,0.0,0.0,0.0,0.0,0.0,0.0,0.0,,,,,,,,,,,,,,,,,,,,,,,,,,,,,,,,,,,,,,,,,,,,,,,,,,,,,,,
2025,DISTRICT_MANAGED_2025.xlsx,Traditional,NEIL,Elementary,CHATHAM,Network 12,40,,,,438.0,,0.0,1.0,1.0,1.0,1.0,1.0,0.0,0.0,0.0,0.0,0.94,94452.98,12.0,42.0,0.5,0.0,1.0,1.0,,0.0,17280.0,0.0,1.0,3.0,2.0,236.0,164.0,0.0,164.0,24:1,677.0,10.0,4.0,1.0,0.0,0.0,0.0,0.0,0.0,0.0,0.0,0.0,1.0,0.0,0.0,0.0,0.0,0.0,0.0,0.0,0.0,0.0,0.0,0.0,0.0,0.0,0.0,0.0,0.0,0.0,0.0,,,,,,,,,,,,,,,,,,,,,,,,,,,,,,,,,,,,,,,,,,,,,,,,,,,,,,,
2025,DISTRICT_MANAGED_2025.xlsx,Traditional,NETTELHORST,Elementary,LAKE VIEW,Network 4,17,,,,0.0,,0.0,1.0,1.0,1.0,1.0,1.0,0.0,1.0,0.0,0.0,1.0,83559.14,8.0,17.0,0.5,0.0,3.0,3.0,,1.0,17280.0,0.0,0.0,2.0,1.0,589.0,576.0,0.0,576.0,26:1,401.0,23.0,5.0,0.0,0.0,0.0,0.0,0.0,0.0,0.0,0.0,0.0,0.0,0.0,0.0,0.0,0.0,0.0,0.0,0.0,0.0,0.0,0.0,0.0,0.0,0.0,0.0,0.0,0.0,1.0,1.0,,,,,,,,,,,,,,,,,,,,,,,,,,,,,,,,,,,,,,,,,,,,,,,,,,,,,,,
2025,DISTRICT_MANAGED_2025.xlsx,Traditional,NEW FIELD,Elementary,ROGERS PARK,Network 2,36,,,,420.0,,0.0,1.0,1.0,1.0,1.0,1.0,0.0,1.0,0.0,0.0,2.0,325186.36,10.0,20.0,1.0,0.0,5.0,4.0,,1.0,17280.0,0.0,0.0,6.0,1.0,480.0,467.0,0.0,467.0,24:1,629.0,20.0,5.0,2.0,0.0,0.0,0.0,-1.0,0.0,0.0,0.0,0.0,0.0,0.0,0.0,0.0,0.0,0.0,0.0,0.0,0.0,0.0,0.0,0.0,0.0,0.0,0.0,0.0,0.0,0.0,0.0,,,,,,,,,,,,,,,,,,,,,,,,,,,,,,,,,,,,,,,,,,,,,,,,,,,,,,,
2025,DISTRICT_MANAGED_2025.xlsx,Traditional,NEW SULLIVAN,Elementary,SOUTH CHICAGO,Network 12,46,,,,480.0,,0.0,1.0,1.0,1.0,2.0,1.0,0.0,0.05,0.0,0.0,1.15,129722.75,10.0,28.0,1.0,0.0,5.0,3.0,,1.0,17280.0,0.0,1.0,4.0,2.0,356.0,311.0,0.0,311.0,22:1,749.0,15.0,4.0,1.0,0.0,0.0,0.0,0.0,0.0,0.0,0.0,0.0,0.0,0.0,0.5,0.0,0.0,0.0,0.0,0.0,0.0,0.0,0.0,0.0,0.0,0.0,0.0,0.0,70000.0,0.0,0.0,,,,,,,,,,,,,,,,,,,,,,,,,,,,,,,,,,,,,,,,,,,,,,,,,,,,,,,
2025,DISTRICT_MANAGED_2025.xlsx,Traditional,NEWBERRY,Elementary,LINCOLN PARK,Network 4,25,,,,384.0,,1.0,1.0,1.0,1.0,1.0,1.0,1.0,1.12,0.0,0.0,0.0,42610.49,8.0,12.0,0.5,0.0,1.0,1.0,,0.5,17280.0,65800.0,0.0,3.0,1.0,311.0,311.0,0.0,311.0,26:1,497.0,12.0,3.0,1.0,0.0,0.0,0.0,0.0,0.0,0.0,0.0,0.0,0.0,0.0,0.0,0.0,0.0,0.0,0.0,0.0,0.0,0.0,0.0,0.0,0.0,0.0,0.0,0.0,0.0,0.0,0.0,,,,,,,,,,,,,,,,,,,,,,,,,,,,,,,,,,,,,,,,,,,,,,,,,,,,,,,
2025,DISTRICT_MANAGED_2025.xlsx,Traditional,NICHOLSON,Elementary,ENGLEWOOD,Network 11,47,,,,462.0,,0.0,1.0,1.0,1.0,2.0,1.0,0.0,0.0,0.0,0.0,1.0,340332.5,7.0,15.0,0.5,0.0,2.0,2.0,,0.5,17280.0,0.0,1.0,5.0,2.0,405.0,405.0,0.0,405.0,22:1,761.0,19.0,4.0,1.0,0.0,0.0,0.0,0.0,0.0,0.0,0.0,0.0,0.0,0.0,0.0,0.0,0.0,0.0,0.0,0.0,0.0,0.0,0.0,0.0,0.0,0.0,2.0,0.0,15000.0,0.0,0.0,,,,,,,,,,,,,,,,,,,,,,,,,,,,,,,,,,,,,,,,,,,,,,,,,,,,,,,
2025,DISTRICT_MANAGED_2025.xlsx,Traditional,NIGHTINGALE,Elementary,GAGE PARK,Network 8,38,,,,462.0,,0.0,1.0,1.0,1.0,2.0,0.0,0.0,1.0,0.0,1.0,3.0,286742.92,8.0,10.0,1.0,0.0,7.0,5.0,,1.0,17280.0,0.0,1.0,10.0,2.0,863.0,863.0,0.0,863.0,24:1,653.0,36.0,8.0,2.0,0.0,0.0,0.0,0.0,1.0,0.0,1.0,0.0,1.0,0.0,1.0,0.0,0.0,0.0,0.0,0.0,0.0,0.0,0.0,0.0,0.0,0.0,0.0,0.0,0.0,0.0,0.0,,,,,,,,,,,,,,,,,,,,,,,,,,,,,,,,,,,,,,,,,,,,,,,,,,,,,,,
2025,DISTRICT_MANAGED_2025.xlsx,Traditional,NINOS HEROES,Elementary,SOUTH CHICAGO,Network 12,36,,,,408.0,,0.0,1.0,1.0,1.0,1.0,1.0,0.0,0.0,0.0,1.0,0.1,87843.0,9.0,11.0,0.0,0.0,2.0,2.0,,1.0,17280.0,0.0,1.0,2.0,2.0,257.0,257.0,0.0,257.0,24:1,629.0,11.0,3.0,1.0,0.0,0.0,0.0,0.0,0.0,0.0,0.0,0.0,0.0,0.0,0.0,0.0,0.0,0.0,0.0,0.0,0.0,0.0,0.0,0.0,0.0,0.0,0.0,0.0,70000.0,0.0,0.0,,,,,,,,,,,,,,,,,,,,,,,,,,,,,,,,,,,,,,,,,,,,,,,,,,,,,,,
2025,DISTRICT_MANAGED_2025.xlsx,Traditional,NIXON,Elementary,HERMOSA,Network 4,43,,,,456.0,,0.0,1.0,1.0,1.0,2.0,0.0,0.0,2.76,0.0,0.0,1.0,144577.36,8.0,15.0,0.5,0.0,2.0,2.0,,1.0,17280.0,86480.0,0.0,7.0,2.0,601.0,601.0,20.0,621.0,22:1,713.0,29.0,6.0,2.0,0.0,0.0,0.0,0.0,1.0,0.0,1.0,0.0,0.0,0.0,1.0,0.0,0.0,0.0,0.0,0.0,0.0,0.0,1.0,0.0,0.0,0.0,1.0,0.0,0.0,0.0,0.0,,,,,,,,,,,,,,,,,,,,,,,,,,,,,,,,,,,,,,,,,,,,,,,,,,,,,,,
2025,DISTRICT_MANAGED_2025.xlsx,Traditional,NOBEL,Elementary,HUMBOLDT PARK,ISP,40,,,,462.0,,2.0,1.0,1.0,1.0,2.0,1.0,0.0,1.0,0.0,4.0,0.15,130753.5,7.0,7.0,0.5,0.0,3.0,3.0,,1.0,17280.0,0.0,1.0,5.0,1.85,564.0,564.0,10.0,574.0,24:1,677.0,24.0,5.0,2.0,0.0,0.0,0.0,0.0,1.0,0.0,0.0,0.0,1.0,0.0,0.0,0.0,0.0,0.0,0.0,0.0,0.0,0.0,1.0,0.0,0.0,0.0,0.0,0.0,0.0,0.0,0.0,,,,,,,,,,,,,,,,,,,,,,,,,,,,,,,,,,,,,,,,,,,,,,,,,,,,,,,
2025,DISTRICT_MANAGED_2025.xlsx,Traditional,NORTH RIVER,Elementary,ALBANY PARK,Network 1,28,,,,366.0,,0.0,1.0,1.0,1.0,1.0,1.0,0.0,0.0,0.0,0.0,0.7,147006.0,6.0,6.0,0.5,0.0,2.0,1.0,,1.0,17280.0,50000.0,0.0,0.0,2.0,239.0,239.0,10.0,249.0,26:1,533.0,10.0,3.0,1.0,0.0,0.0,0.0,-1.0,0.0,0.0,0.0,0.0,1.0,0.0,0.0,0.0,0.0,0.0,0.0,0.0,0.0,0.0,0.0,0.0,0.0,0.0,0.0,0.0,0.0,0.0,0.0,,,,,,,,,,,,,,,,,,,,,,,,,,,,,,,,,,,,,,,,,,,,,,,,,,,,,,,
2025,DISTRICT_MANAGED_2025.xlsx,Traditional,NORTH-GRAND HS,High School,HUMBOLDT PARK,Network 15,38,,,,450.0,,0.0,1.0,1.0,1.0,3.0,2.0,0.0,2.1,1.0,1.0,10.0,359920.99,16.0,19.0,1.5,0.0,0.0,0.0,,1.0,17280.0,144760.0,0.0,6.0,4.0,1047.0,1005.0,0.0,1005.0,19:1,1527.0,53.0,0.0,2.0,0.0,0.0,0.0,0.0,1.0,0.0,0.0,1.0,1.0,0.0,1.0,0.0,0.0,0.0,0.0,0.0,0.0,0.0,0.0,0.0,0.0,0.0,0.0,160000.0,0.0,0.0,1.0,,,,,,,,,,,,,,,,,,,,,,,,,,,,,,,,,,,,,,,,,,,,,,,,,,,,,,,
2025,DISTRICT_MANAGED_2025.xlsx,Traditional,NORTHSIDE PREP HS,High School,NORTH PARK,Network 14,17,,,,0.0,,1.0,1.0,1.0,1.0,3.0,0.0,0.0,5.5,1.0,0.0,3.0,39285.0,11.0,17.0,1.0,0.0,0.0,0.0,,0.5,17280.0,0.0,0.0,4.0,5.0,1033.0,1017.0,0.0,1017.0,21:1,1149.0,49.0,0.0,0.0,0.0,0.0,0.0,0.0,0.0,1.0,2.0,1.0,0.0,0.0,1.0,0.0,0.0,0.0,0.0,0.0,0.0,0.0,0.0,0.0,0.0,0.0,0.0,0.0,0.0,0.0,3.0,,,,,,,,,,,,,,,,,,,,,,,,,,,,,,,,,,,,,,,,,,,,,,,,,,,,,,,
2025,DISTRICT_MANAGED_2025.xlsx,Traditional,NORTHWEST,Elementary,BELMONT CRAGIN,Network 3,45,,,,390.0,,0.0,1.0,1.0,1.0,2.0,1.0,0.0,0.0,0.0,2.0,0.5,228985.43,9.0,13.0,0.5,0.0,0.0,0.0,,1.0,17280.0,60160.0,0.0,3.0,2.0,513.0,506.0,10.0,516.0,22:1,737.0,24.0,5.0,2.0,0.0,0.0,0.0,0.0,1.0,0.0,0.0,0.0,1.0,0.0,0.0,0.0,0.0,0.0,0.0,0.0,0.0,0.0,0.0,0.0,0.0,0.0,0.0,0.0,88901.0,0.0,0.0,,,,,,,,,,,,,,,,,,,,,,,,,,,,,,,,,,,,,,,,,,,,,,,,,,,,,,,
2025,DISTRICT_MANAGED_2025.xlsx,Traditional,NORWOOD PARK,Elementary,NORWOOD PARK,Network 1,18,,,,0.0,,1.0,1.0,1.0,1.0,1.0,1.0,0.0,1.0,0.0,0.0,0.0,45943.01,7.0,6.0,0.0,0.0,1.0,1.0,,0.5,17280.0,0.0,0.0,2.0,1.0,305.0,305.0,0.0,305.0,26:1,413.0,12.0,3.0,0.0,0.0,0.0,0.0,0.0,0.0,0.0,0.0,0.0,0.0,0.0,0.0,0.0,0.0,0.0,0.0,0.0,0.0,0.0,0.0,0.0,0.0,0.0,0.0,0.0,0.0,0.0,0.0,,,,,,,,,,,,,,,,,,,,,,,,,,,,,,,,,,,,,,,,,,,,,,,,,,,,,,,
2025,DISTRICT_MANAGED_2025.xlsx,Traditional,OGDEN ES & HS,Elementary,NEAR NORTH SIDE,Network 15,26,,,,312.0,,0.0,1.0,3.0,4.0,4.0,1.0,0.0,1.5,0.0,0.0,5.0,505198.33,18.0,19.0,1.5,2.0,3.0,3.0,,2.0,17280.0,206800.0,0.0,8.0,9.0,1375.0,1371.0,0.0,1371.0,26:1,509.0,59.0,12.0,4.0,0.0,1.0,0.0,0.0,0.0,0.0,0.0,1.0,1.0,0.0,1.0,0.0,0.5,0.0,4.0,0.0,0.0,0.0,0.0,0.0,0.0,0.0,1.0,0.0,0.0,2.0,0.0,,,,,,,,,,,,,,,,,,,,,,,,,,,,,,,,,,,,,,,,,,,,,,,,,,,,,,,
2025,DISTRICT_MANAGED_2025.xlsx,Traditional,OGLESBY,Elementary,AUBURN GRESHAM,Network 11,41,,,,480.0,,0.0,1.0,1.0,1.0,1.0,1.0,0.0,0.0,0.0,2.0,0.8,104425.58333,5.0,4.0,0.0,0.0,1.0,1.0,,0.0,17280.0,0.0,1.0,3.0,2.0,262.0,262.0,0.0,262.0,24:1,689.0,11.0,3.0,1.0,0.0,0.0,0.0,0.0,0.0,0.0,0.0,0.0,0.0,0.0,0.0,0.0,0.0,0.0,0.0,0.0,0.0,0.0,0.0,0.0,0.0,0.0,0.0,0.0,15000.0,0.0,0.0,,,,,,,,,,,,,,,,,,,,,,,,,,,,,,,,,,,,,,,,,,,,,,,,,,,,,,,
2025,DISTRICT_MANAGED_2025.xlsx,Traditional,OKEEFFE,Elementary,SOUTH SHORE,Network 12,44,,,,414.0,,0.0,1.0,1.0,1.0,2.0,1.0,0.0,0.0,0.0,1.0,2.0,182349.6,10.0,14.0,1.0,0.0,3.0,2.0,,0.5,17280.0,0.0,1.0,6.0,2.0,464.0,464.0,10.0,474.0,22:1,725.0,22.0,5.0,2.0,0.0,0.0,0.0,0.0,1.0,0.0,0.0,0.0,0.0,1.0,0.0,0.0,0.0,0.0,0.0,0.0,0.0,0.0,0.0,0.0,0.0,0.0,0.0,0.0,15000.0,0.0,0.0,,,,,,,,,,,,,,,,,,,,,,,,,,,,,,,,,,,,,,,,,,,,,,,,,,,,,,,
2025,DISTRICT_MANAGED_2025.xlsx,Traditional,ONAHAN,Elementary,NORWOOD PARK,Network 1,21,,,,0.0,,0.0,1.0,1.0,1.0,2.0,0.0,0.0,1.0,0.0,0.0,0.0,124624.38,10.0,10.0,1.0,0.0,1.0,1.0,,1.0,17280.0,82720.0,0.0,2.0,1.0,627.0,627.0,0.0,627.0,26:1,449.0,25.0,5.0,0.0,0.0,0.0,0.0,0.0,0.0,0.0,1.0,0.0,0.0,0.0,0.0,0.0,0.0,0.0,0.0,0.0,0.0,0.0,0.0,0.0,0.0,0.0,0.0,0.0,0.0,0.0,0.0,,,,,,,,,,,,,,,,,,,,,,,,,,,,,,,,,,,,,,,,,,,,,,,,,,,,,,,
2025,DISTRICT_MANAGED_2025.xlsx,Traditional,ORIOLE PARK,Elementary,NORWOOD PARK,Network 1,17,,,,0.0,,0.0,1.0,1.0,1.0,1.0,1.0,0.0,1.5,0.0,1.0,0.0,14888.2,11.5,12.0,0.0,0.0,2.0,2.0,,1.0,17280.0,0.0,0.0,2.0,2.0,547.0,547.0,0.0,547.0,26:1,401.0,22.0,5.0,0.0,0.0,2.0,0.0,0.0,0.0,0.0,0.0,0.0,0.0,0.0,0.0,0.0,0.0,0.0,0.0,0.0,0.0,0.0,0.0,0.0,0.0,0.0,0.0,0.0,0.0,0.0,0.0,,,,,,,,,,,,,,,,,,,,,,,,,,,,,,,,,,,,,,,,,,,,,,,,,,,,,,,
2025,DISTRICT_MANAGED_2025.xlsx,Traditional,OROZCO,Elementary,LOWER WEST SIDE,Network 7,35,,,,366.0,,0.0,1.0,1.0,1.0,1.0,1.0,0.0,0.0,0.0,1.0,1.0,26976.78,5.0,5.0,0.0,0.0,2.0,1.0,,1.0,17280.0,0.0,1.0,4.0,1.0,233.0,233.0,0.0,233.0,24:1,617.0,10.0,3.0,1.0,1.0,0.0,0.0,0.0,0.0,0.0,0.0,0.0,0.0,0.0,0.0,0.0,0.0,0.0,0.0,0.0,1.0,0.0,0.0,0.0,0.0,0.0,0.0,0.0,0.0,0.0,0.0,,,,,,,,,,,,,,,,,,,,,,,,,,,,,,,,,,,,,,,,,,,,,,,,,,,,,,,
2025,DISTRICT_MANAGED_2025.xlsx,Traditional,ORR HS,High School,HUMBOLDT PARK,Network 15,43,,,,426.0,,0.0,1.0,1.0,1.0,1.0,1.0,0.0,0.0,1.0,0.0,2.35,237692.23,7.0,5.0,0.5,0.0,0.0,0.0,,1.0,17280.0,0.0,1.0,9.0,4.0,230.0,230.0,30.0,260.0,18:1,1617.0,15.0,0.0,1.0,0.0,0.0,0.0,0.0,0.0,0.0,0.0,0.0,0.0,0.0,0.0,0.0,0.5,0.0,0.0,0.0,0.0,0.0,0.0,0.0,0.0,0.0,1.0,160000.0,100000.0,0.0,0.0,,,,,,,,,,,,,,,,,,,,,,,,,,,,,,,,,,,,,,,,,,,,,,,,,,,,,,,
2025,DISTRICT_MANAGED_2025.xlsx,Traditional,ORTIZ DE DOMINGUEZ,Elementary,SOUTH LAWNDALE,Network 7,41,,,,480.0,,0.0,1.0,1.0,1.0,1.0,1.0,0.0,0.0,0.0,1.0,1.0,75783.3,7.0,20.0,1.0,0.0,7.0,4.0,,1.0,17280.0,54520.0,0.0,5.0,1.0,290.0,266.0,10.0,276.0,24:1,689.0,12.0,3.0,1.0,0.0,0.0,0.0,0.0,0.0,0.0,0.0,0.0,0.0,0.0,0.0,0.0,0.0,0.0,0.0,0.0,0.0,0.0,0.0,0.0,0.0,0.0,0.0,0.0,15000.0,0.0,0.0,,,,,,,,,,,,,,,,,,,,,,,,,,,,,,,,,,,,,,,,,,,,,,,,,,,,,,,
2025,DISTRICT_MANAGED_2025.xlsx,Traditional,OTIS,Elementary,WEST TOWN,Network 6,39,,,,438.0,,0.0,1.0,1.0,1.0,1.0,0.0,0.0,0.0,0.0,1.0,0.05,164075.0,12.0,31.0,1.0,0.0,4.0,2.0,,1.0,17280.0,58280.0,0.0,4.0,1.95,291.0,252.0,20.0,272.0,24:1,665.0,12.0,3.0,1.0,0.0,0.0,0.0,0.0,0.0,0.0,0.0,0.0,0.0,1.0,0.0,0.0,0.0,0.0,0.0,0.0,0.0,1.0,0.0,0.0,0.0,0.0,0.0,0.0,70000.0,0.0,0.0,,,,,,,,,,,,,,,,,,,,,,,,,,,,,,,,,,,,,,,,,,,,,,,,,,,,,,,
2025,DISTRICT_MANAGED_2025.xlsx,Traditional,OTOOLE,Elementary,WEST ENGLEWOOD,Network 11,42,,,,462.0,,0.0,1.0,1.0,1.0,1.0,1.0,0.0,0.0,1.0,0.0,0.0,142009.75,5.0,5.0,0.0,0.0,1.0,1.0,,1.0,17280.0,0.0,1.0,4.0,2.0,265.0,265.0,10.0,275.0,22:1,701.0,13.0,3.0,1.0,0.0,0.0,0.0,0.0,0.0,0.0,0.0,0.0,0.0,0.0,0.0,0.0,0.0,0.0,0.0,0.0,0.0,0.0,0.0,0.0,0.0,0.0,0.0,0.0,15000.0,0.0,0.0,,,,,,,,,,,,,,,,,,,,,,,,,,,,,,,,,,,,,,,,,,,,,,,,,,,,,,,
2025,DISTRICT_MANAGED_2025.xlsx,Traditional,OWEN,Elementary,ASHBURN,Network 10,44,,,,300.0,,0.0,1.0,1.0,1.0,1.0,1.0,0.0,0.0,0.0,0.0,1.71,86754.84,5.0,10.0,0.0,0.0,1.0,1.0,,0.0,17280.0,50000.0,0.0,2.0,2.0,256.0,256.0,0.0,256.0,22:1,725.0,12.0,3.0,1.0,0.0,0.0,0.0,0.0,0.0,0.0,0.0,0.0,0.0,0.0,0.0,0.0,0.0,0.0,0.0,0.0,0.0,0.0,0.0,0.0,0.0,0.0,0.0,0.0,0.0,0.0,0.0,,,,,,,,,,,,,,,,,,,,,,,,,,,,,,,,,,,,,,,,,,,,,,,,,,,,,,,
2025,DISTRICT_MANAGED_2025.xlsx,Traditional,OWENS,Elementary,WEST PULLMAN,Network 13,49,,,,474.0,,0.0,1.0,1.0,2.0,2.0,1.0,0.0,0.0,0.0,0.0,1.5,199587.5,7.0,18.0,0.5,0.0,1.0,1.0,,0.0,17280.0,0.0,1.0,5.0,3.0,313.0,278.0,0.0,278.0,22:1,785.0,13.0,4.0,1.0,0.0,0.0,0.0,0.0,0.0,0.0,0.0,0.0,0.0,0.0,0.0,0.0,0.0,0.0,0.0,0.0,0.0,0.0,0.0,0.0,0.0,0.0,0.0,0.0,15000.0,0.0,0.0,,,,,,,,,,,,,,,,,,,,,,,,,,,,,,,,,,,,,,,,,,,,,,,,,,,,,,,
2025,DISTRICT_MANAGED_2025.xlsx,Traditional,PALMER,Elementary,ALBANY PARK,ISP,22,,,,372.0,,0.0,1.0,1.0,1.0,2.0,0.0,0.0,0.0,0.0,1.0,1.1,293863.18,11.0,19.0,1.0,0.0,3.0,3.0,,1.0,17280.0,84600.0,0.0,5.0,2.9,699.0,682.0,0.0,682.0,26:1,461.0,27.0,6.0,2.0,0.0,0.0,0.0,0.0,0.0,0.0,1.0,0.0,0.0,0.0,0.0,0.0,0.0,0.0,0.0,0.0,0.0,0.0,0.0,0.0,0.0,0.0,0.0,0.0,0.0,0.0,0.0,,,,,,,,,,,,,,,,,,,,,,,,,,,,,,,,,,,,,,,,,,,,,,,,,,,,,,,
2025,DISTRICT_MANAGED_2025.xlsx,Traditional,PARK MANOR,Elementary,GREATER GRAND CROSSING,Network 12,42,,,,474.0,,0.0,1.0,1.0,1.0,1.0,1.0,0.0,0.0,0.0,0.0,1.17,93903.1,6.0,15.0,0.5,0.0,1.0,1.0,,0.0,17280.0,50000.0,0.0,2.0,2.0,233.0,233.0,0.0,233.0,22:1,701.0,11.0,3.0,1.0,0.0,0.0,0.0,0.0,0.0,0.0,0.0,0.0,0.0,0.0,0.0,0.0,0.0,0.0,0.0,0.0,0.0,0.0,0.0,0.0,0.0,0.0,0.0,0.0,15000.0,0.0,0.0,,,,,,,,,,,,,,,,,,,,,,,,,,,,,,,,,,,,,,,,,,,,,,,,,,,,,,,
2025,DISTRICT_MANAGED_2025.xlsx,Traditional,PARKER,Elementary,ENGLEWOOD,Network 11,37,,,,468.0,,0.0,1.0,1.0,2.0,1.0,1.0,0.0,0.0,0.0,0.0,1.0,176697.69,7.0,15.0,0.0,0.0,4.0,3.0,,0.0,17280.0,0.0,0.0,7.0,3.0,301.0,301.0,0.0,301.0,24:1,641.0,13.0,3.0,1.0,0.0,0.0,0.0,0.0,0.0,0.0,0.0,0.0,0.0,0.4,0.0,2.0,0.0,0.0,0.0,0.0,0.0,0.0,0.0,0.0,0.0,0.0,1.0,0.0,15000.0,0.0,0.0,,,,,,,,,,,,,,,,,,,,,,,,,,,,,,,,,,,,,,,,,,,,,,,,,,,,,,,
2025,DISTRICT_MANAGED_2025.xlsx,Traditional,PARKSIDE,Elementary,SOUTH SHORE,Network 12,43,,,,432.0,,0.0,1.0,1.0,1.0,1.0,1.0,0.0,0.0,0.0,0.0,0.2,163515.0,6.0,8.0,0.0,0.0,2.0,2.0,,0.0,17280.0,0.0,1.0,3.0,0.95,227.0,227.0,0.0,227.0,22:1,713.0,11.0,3.0,1.0,0.0,0.0,0.0,0.0,0.0,0.0,0.0,0.0,0.0,0.0,0.0,0.0,0.0,0.0,0.0,0.0,0.0,0.0,0.0,0.0,0.0,0.0,0.0,0.0,15000.0,0.0,0.0,,,,,,,,,,,,,,,,,,,,,,,,,,,,,,,,,,,,,,,,,,,,,,,,,,,,,,,
2025,DISTRICT_MANAGED_2025.xlsx,Traditional,PASTEUR,Elementary,WEST ELSDON,Network 8,40,,,,456.0,,0.0,1.0,1.0,2.0,2.0,1.0,0.0,0.0,0.0,3.0,2.0,247663.48,8.0,19.0,0.5,0.0,5.0,4.0,,1.0,17280.0,73320.0,0.0,7.0,3.0,534.0,534.0,0.0,534.0,24:1,677.0,23.0,5.0,2.0,0.0,0.0,0.0,0.0,1.0,0.0,0.0,0.0,0.0,0.0,0.0,0.0,0.0,0.0,0.0,0.0,0.0,0.0,0.0,0.0,0.0,0.0,0.0,0.0,0.0,0.0,0.0,,,,,,,,,,,,,,,,,,,,,,,,,,,,,,,,,,,,,,,,,,,,,,,,,,,,,,,
2025,DISTRICT_MANAGED_2025.xlsx,Traditional,PAYTON HS,High School,NEAR NORTH SIDE,Network 15,16,,,,0.0,,0.0,1.0,1.0,1.0,3.0,0.0,0.0,0.0,2.0,0.0,5.0,77616.93,11.0,8.0,1.0,0.0,0.0,0.0,,0.5,17280.0,0.0,0.0,4.0,4.0,1260.0,1238.0,0.0,1238.0,21:1,1131.0,59.0,0.0,0.0,0.0,1.0,0.0,0.0,0.0,1.0,2.0,2.0,2.0,0.0,1.0,0.0,0.0,0.0,0.0,0.0,0.0,0.0,0.0,0.0,0.0,0.0,0.0,0.0,0.0,6.0,0.0,,,,,,,,,,,,,,,,,,,,,,,,,,,,,,,,,,,,,,,,,,,,,,,,,,,,,,,
2025,DISTRICT_MANAGED_2025.xlsx,Traditional,PECK,Elementary,WEST ELSDON,ISP,35,,,,456.0,,0.0,1.0,1.0,3.0,1.0,1.0,0.0,0.0,0.0,4.34,1.15,83969.2,5.0,5.0,0.5,0.0,14.0,10.0,,1.0,17280.0,95880.0,0.0,13.0,1.85,579.0,579.0,0.0,579.0,24:1,617.0,25.0,5.0,2.0,0.0,1.0,0.0,-1.0,1.0,0.0,0.0,1.0,0.0,0.0,0.0,2.0,0.0,0.0,0.0,0.0,0.0,0.0,0.0,0.0,0.0,0.0,0.0,0.0,0.0,0.0,0.0,,,,,,,,,,,,,,,,,,,,,,,,,,,,,,,,,,,,,,,,,,,,,,,,,,,,,,,
2025,DISTRICT_MANAGED_2025.xlsx,Traditional,PEIRCE,Elementary,EDGEWATER,ISP,20,,,,0.0,,0.0,1.0,2.0,2.0,2.0,0.0,0.0,2.0,0.0,0.0,2.0,106901.03,13.0,15.0,1.0,0.0,10.0,7.0,,1.0,17280.0,0.0,0.0,6.0,2.0,958.0,958.0,0.0,958.0,26:1,437.0,37.0,8.0,0.0,0.0,0.0,0.0,0.0,0.0,0.0,1.0,0.0,0.0,0.0,0.0,0.0,0.0,0.0,2.0,0.0,0.0,0.0,0.0,0.0,0.0,0.0,0.0,0.0,0.0,0.0,0.0,,,,,,,,,,,,,,,,,,,,,,,,,,,,,,,,,,,,,,,,,,,,,,,,,,,,,,,
2025,DISTRICT_MANAGED_2025.xlsx,Traditional,PENN,Elementary,NORTH LAWNDALE,Network 7,43,,,,486.0,,0.0,1.0,1.0,1.0,1.0,1.0,0.0,0.0,0.0,0.0,1.5,101222.8,7.0,7.0,0.5,0.0,3.0,2.0,,0.0,17280.0,0.0,1.0,5.0,2.0,172.0,172.0,0.0,172.0,22:1,713.0,10.0,3.0,1.0,0.0,0.0,0.0,0.0,0.0,0.0,0.0,0.0,0.0,0.0,0.0,0.0,0.0,0.0,0.0,0.0,0.0,0.0,0.0,0.0,0.0,0.0,0.0,0.0,0.0,0.0,0.0,,,,,,,,,,,,,,,,,,,,,,,,,,,,,,,,,,,,,,,,,,,,,,,,,,,,,,,
2025,DISTRICT_MANAGED_2025.xlsx,Traditional,PEREZ,Elementary,LOWER WEST SIDE,Network 7,34,,,,426.0,,0.0,1.0,1.0,1.0,1.0,1.0,0.0,0.0,0.0,0.0,1.0,185753.5,6.0,4.0,0.5,0.0,3.0,2.0,,1.0,17280.0,50000.0,0.0,3.0,2.0,271.0,271.0,10.0,281.0,24:1,605.0,12.0,3.0,1.0,1.0,1.0,0.0,0.0,0.0,0.0,0.0,0.0,0.0,0.0,0.0,0.0,0.0,0.0,0.0,0.0,0.0,0.0,0.0,0.0,0.0,0.0,0.0,0.0,0.0,0.0,0.0,,,,,,,,,,,,,,,,,,,,,,,,,,,,,,,,,,,,,,,,,,,,,,,,,,,,,,,
2025,DISTRICT_MANAGED_2025.xlsx,Traditional,PERSHING,Elementary,DOUGLAS,Network 9,33,,,,420.0,,0.0,1.0,1.0,1.0,1.0,1.0,0.0,1.0,0.0,0.0,0.9,108630.51,5.0,7.0,0.5,0.0,5.0,3.0,,0.0,17280.0,0.0,1.0,4.0,2.0,349.0,349.0,0.0,349.0,24:1,593.0,15.0,3.0,1.0,0.0,0.0,2.0,0.0,0.0,0.0,0.0,0.0,0.0,0.0,0.0,0.0,0.0,0.0,0.0,0.0,0.0,0.0,0.0,0.0,0.0,0.0,0.0,0.0,20000.0,0.0,0.0,,,,,,,,,,,,,,,,,,,,,,,,,,,,,,,,,,,,,,,,,,,,,,,,,,,,,,,
2025,DISTRICT_MANAGED_2025.xlsx,Traditional,PETERSON,Elementary,NORTH PARK,Network 1,25,,,,336.0,,0.0,1.0,1.0,1.0,2.0,0.0,0.0,1.0,0.0,0.0,2.15,110294.52,12.0,20.0,1.0,0.0,3.0,2.0,,1.0,17280.0,0.0,0.0,5.0,1.85,841.0,841.0,10.0,851.0,26:1,497.0,33.0,7.0,2.0,0.0,0.0,0.0,0.0,0.0,0.0,1.0,0.0,1.0,0.0,1.0,0.0,0.0,0.0,0.0,0.0,0.0,0.0,0.0,0.0,0.0,0.0,0.0,0.0,0.0,0.0,0.0,,,,,,,,,,,,,,,,,,,,,,,,,,,,,,,,,,,,,,,,,,,,,,,,,,,,,,,
2025,DISTRICT_MANAGED_2025.xlsx,Traditional,PHILLIPS HS,High School,DOUGLAS,Network 17,38,,,,456.0,,0.0,1.0,1.0,1.0,1.0,1.0,0.0,0.0,0.0,0.0,3.5,302254.82,8.0,3.0,0.5,0.0,0.0,0.0,,0.0,17280.0,0.0,1.0,4.0,6.0,385.0,385.0,0.0,385.0,19:1,1527.0,21.0,0.0,1.0,0.0,0.0,0.0,0.0,0.0,1.0,0.0,0.0,0.0,0.0,0.95,0.0,0.0,0.0,0.0,0.0,0.0,0.0,0.0,0.0,0.0,0.0,0.0,0.0,100000.0,0.0,0.0,,,,,,,,,,,,,,,,,,,,,,,,,,,,,,,,,,,,,,,,,,,,,,,,,,,,,,,
2025,DISTRICT_MANAGED_2025.xlsx,Traditional,PHOENIX MILITARY HS,High School,NEAR WEST SIDE,ISP,36,,,,438.0,,0.0,1.0,1.0,1.0,1.0,1.0,0.0,0.0,0.0,0.0,2.0,348578.62999999995,4.0,1.0,0.0,0.0,0.0,0.0,,1.0,17280.0,0.0,0.0,5.0,2.0,401.0,401.0,0.0,401.0,19:1,1491.0,22.0,0.0,1.0,0.0,0.0,0.0,-1.0,0.0,1.0,0.0,1.0,1.0,1.0,0.0,0.0,0.0,0.0,0.0,0.0,0.0,0.0,0.0,0.0,0.0,7.0,0.0,0.0,0.0,0.0,0.0,,,,,,,,,,,,,,,,,,,,,,,,,,,,,,,,,,,,,,,,,,,,,,,,,,,,,,,
2025,DISTRICT_MANAGED_2025.xlsx,Traditional,PICCOLO,Elementary,HUMBOLDT PARK,Network 5,43,,,,444.0,,0.0,1.0,1.0,1.0,2.0,1.0,0.0,1.0,0.0,1.0,1.2999999999999998,224882.0,11.0,14.0,1.0,0.0,7.0,4.0,,1.0,17280.0,0.0,1.0,6.0,1.7,555.0,554.0,0.0,554.0,22:1,713.0,26.0,6.0,2.0,0.0,0.0,0.0,0.0,1.0,0.0,0.0,0.0,0.0,0.0,0.0,0.0,0.0,0.0,0.0,0.0,0.0,0.0,0.0,0.0,0.0,0.0,0.0,0.0,79362.0,0.0,0.0,,,,,,,,,,,,,,,,,,,,,,,,,,,,,,,,,,,,,,,,,,,,,,,,,,,,,,,
2025,DISTRICT_MANAGED_2025.xlsx,Traditional,PICKARD,Elementary,LOWER WEST SIDE,Network 7,41,,,,474.0,,0.0,1.0,1.0,1.0,1.0,1.0,0.0,1.15,0.0,0.0,0.99,82060.0,7.0,9.0,0.5,0.0,4.0,2.0,,1.0,17280.0,50760.0,0.0,4.0,3.0,272.0,272.0,20.0,292.0,24:1,689.0,13.0,3.0,1.0,0.0,0.0,0.0,0.0,0.0,0.0,0.0,0.0,0.0,0.0,0.6,0.0,0.0,0.0,1.0,0.0,0.0,0.0,0.0,0.0,0.0,0.0,0.0,0.0,0.0,0.0,0.0,,,,,,,,,,,,,,,,,,,,,,,,,,,,,,,,,,,,,,,,,,,,,,,,,,,,,,,
2025,DISTRICT_MANAGED_2025.xlsx,Traditional,PILSEN,Elementary,LOWER WEST SIDE,Network 7,43,,,,444.0,,0.0,1.0,1.0,1.0,1.0,1.0,0.0,0.0,0.0,0.0,1.76,96652.05,7.0,11.0,0.0,0.0,1.0,1.0,,1.0,17280.0,50000.0,0.0,4.0,2.0,214.0,214.0,20.0,234.0,22:1,713.0,11.0,3.0,1.0,0.0,0.0,0.0,0.0,0.0,0.0,0.0,0.0,0.0,0.0,0.0,0.0,0.0,0.0,0.0,0.0,0.0,0.0,0.0,0.0,0.0,0.0,0.0,0.0,0.0,0.0,0.0,,,,,,,,,,,,,,,,,,,,,,,,,,,,,,,,,,,,,,,,,,,,,,,,,,,,,,,
2025,DISTRICT_MANAGED_2025.xlsx,Traditional,PIRIE,Elementary,CHATHAM,Network 12,41,,,,462.0,,0.0,1.0,0.0,1.0,1.0,1.0,0.0,0.56,0.0,0.0,1.0,209966.14,5.0,3.0,0.0,0.0,1.0,1.0,,0.0,17280.0,0.0,1.0,3.0,1.0,172.0,172.0,0.0,172.0,24:1,689.0,8.0,3.0,1.0,0.0,0.0,0.0,0.0,0.0,0.0,0.0,0.0,0.0,0.0,0.0,0.0,0.0,0.0,0.0,0.0,0.0,0.0,0.0,0.0,0.0,0.0,0.0,0.0,0.0,0.0,0.0,,,,,,,,,,,,,,,,,,,,,,,,,,,,,,,,,,,,,,,,,,,,,,,,,,,,,,,
2025,DISTRICT_MANAGED_2025.xlsx,Traditional,PLAMONDON,Elementary,NORTH LAWNDALE,ISP,45,,,,456.0,,0.0,1.0,1.0,1.0,1.0,1.0,0.0,0.5,0.0,0.0,2.0,174100.0,6.0,7.0,0.0,0.0,0.0,0.0,,0.5,17280.0,0.0,1.0,2.0,1.0,84.0,84.0,0.0,84.0,22:1,737.0,10.0,3.0,1.0,0.0,0.0,0.0,-1.0,0.0,0.0,0.0,0.0,0.0,0.0,0.0,0.0,0.0,0.0,0.0,0.0,0.0,0.0,0.0,0.0,0.0,0.0,0.0,0.0,0.0,0.0,0.0,,,,,,,,,,,,,,,,,,,,,,,,,,,,,,,,,,,,,,,,,,,,,,,,,,,,,,,
2025,DISTRICT_MANAGED_2025.xlsx,Traditional,POE,Elementary,PULLMAN,Network 13,27,,,,0.0,,1.0,1.0,1.0,1.0,1.0,1.0,0.0,0.0,0.0,0.0,0.0,140000.2,2.0,5.0,0.0,0.0,0.0,0.0,,0.0,17280.0,0.0,0.0,3.0,1.0,229.0,229.0,0.0,229.0,26:1,521.0,10.0,3.0,0.0,0.0,0.0,0.0,0.0,0.0,0.0,0.0,0.0,0.0,0.0,0.0,0.0,0.0,0.0,0.0,0.0,0.0,0.0,0.0,0.0,0.0,0.0,0.0,0.0,0.0,0.0,0.0,,,,,,,,,,,,,,,,,,,,,,,,,,,,,,,,,,,,,,,,,,,,,,,,,,,,,,,
2025,DISTRICT_MANAGED_2025.xlsx,Traditional,PORTAGE PARK,Elementary,PORTAGE PARK,Network 1,32,,,,366.0,,0.0,1.0,1.0,1.0,2.0,0.0,0.0,0.0,0.0,0.0,1.0,500770.4975,14.0,37.0,1.0,0.0,4.0,2.0,,1.0,17280.0,0.0,0.0,7.0,2.0,836.0,804.0,20.0,824.0,24:1,581.0,35.0,8.0,2.0,0.0,0.0,0.0,-1.0,1.0,0.0,1.0,0.0,1.0,0.0,1.0,0.0,0.0,0.0,0.0,0.0,0.0,0.0,0.0,0.0,0.0,0.0,0.0,0.0,0.0,0.0,0.0,,,,,,,,,,,,,,,,,,,,,,,,,,,,,,,,,,,,,,,,,,,,,,,,,,,,,,,
2025,DISTRICT_MANAGED_2025.xlsx,Traditional,POWELL,Elementary,SOUTH SHORE,Network 12,43,,,,474.0,,0.0,1.0,1.0,1.0,2.0,1.0,0.0,0.03,0.0,1.0,1.65,144921.65,9.0,13.0,0.5,0.0,2.0,2.0,,1.0,17280.0,0.0,1.0,3.0,2.0,509.0,509.0,0.0,509.0,22:1,713.0,24.0,5.0,2.0,0.0,0.0,0.0,0.0,1.0,0.0,0.0,0.0,1.0,0.0,1.0,0.0,0.0,0.0,0.0,0.0,0.0,0.0,0.0,0.0,0.0,0.0,0.0,0.0,70000.0,0.0,0.0,,,,,,,,,,,,,,,,,,,,,,,,,,,,,,,,,,,,,,,,,,,,,,,,,,,,,,,
2025,DISTRICT_MANAGED_2025.xlsx,Traditional,PRESCOTT,Elementary,LINCOLN PARK,Network 4,28,,,,0.0,,1.0,1.0,1.0,1.0,1.0,1.0,0.0,1.0,0.0,0.0,1.0,72931.1,10.0,13.0,0.5,0.0,0.0,0.0,,0.5,17280.0,0.0,0.0,2.0,1.0,415.0,415.0,0.0,415.0,26:1,533.0,16.0,4.0,0.0,0.0,0.0,0.0,0.0,0.0,0.0,0.0,0.0,0.0,0.0,0.0,0.0,0.0,0.0,0.0,0.0,0.0,0.0,0.0,0.0,0.0,0.0,0.0,0.0,0.0,0.0,0.0,,,,,,,,,,,,,,,,,,,,,,,,,,,,,,,,,,,,,,,,,,,,,,,,,,,,,,,
2025,DISTRICT_MANAGED_2025.xlsx,Traditional,PRIETO,Elementary,BELMONT CRAGIN,Network 3,43,,,,444.0,,0.0,1.0,1.0,1.0,2.0,0.0,0.0,2.0,0.0,0.0,1.0,371089.5071000001,11.0,14.0,1.0,0.0,2.0,2.0,,1.0,17280.0,0.0,1.0,5.0,1.85,721.0,703.0,10.0,713.0,22:1,713.0,33.0,7.0,2.0,0.0,0.0,0.0,0.0,1.0,0.0,1.0,0.0,1.0,0.0,0.0,0.0,0.0,0.0,0.0,0.0,0.0,0.0,1.0,0.0,0.0,0.0,0.0,0.0,0.0,0.0,0.0,,,,,,,,,,,,,,,,,,,,,,,,,,,,,,,,,,,,,,,,,,,,,,,,,,,,,,,
2025,DISTRICT_MANAGED_2025.xlsx,Traditional,PRITZKER,Elementary,WEST TOWN,Network 6,25,,,,0.0,,0.0,1.0,1.0,1.0,2.0,0.0,0.0,3.0,0.0,0.0,0.0,30600.5,6.0,9.0,0.5,0.0,1.0,1.0,,0.5,17280.0,0.0,0.0,4.0,1.0,633.0,633.0,0.0,633.0,26:1,497.0,25.0,5.0,0.0,0.0,0.0,0.0,0.0,0.0,0.0,1.0,0.0,0.0,0.0,0.0,0.0,0.0,0.0,0.0,0.0,1.0,0.0,0.0,0.0,0.0,0.0,0.0,0.0,0.0,0.0,0.0,,,,,,,,,,,,,,,,,,,,,,,,,,,,,,,,,,,,,,,,,,,,,,,,,,,,,,,
2025,DISTRICT_MANAGED_2025.xlsx,Traditional,PROSSER HS,High School,BELMONT CRAGIN,Network 15,33,,,,438.0,,0.0,1.0,1.0,1.0,3.0,0.0,0.0,2.0,3.0,0.0,9.37,288935.69,19.0,13.0,1.5,5.0,0.0,0.0,,1.0,17280.0,0.0,0.0,5.0,3.0,1170.0,1144.0,0.0,1144.0,19:1,1437.0,61.0,0.0,2.0,0.0,0.0,0.0,0.0,1.0,1.0,2.0,1.0,0.0,0.0,2.0,0.0,0.5,1.0,2.0,0.0,0.0,0.0,0.0,0.0,0.0,3.0,0.0,150000.0,0.0,0.0,0.0,,,,,,,,,,,,,,,,,,,,,,,,,,,,,,,,,,,,,,,,,,,,,,,,,,,,,,,
2025,DISTRICT_MANAGED_2025.xlsx,Traditional,PRUSSING,Elementary,PORTAGE PARK,Network 1,29,,,,360.0,,0.0,1.0,1.0,1.0,2.0,0.0,0.0,1.0,0.0,0.0,2.5,179621.3,11.0,11.0,0.5,0.0,0.0,0.0,,1.0,17280.0,88360.0,0.0,5.0,1.0,661.0,661.0,0.0,661.0,26:1,545.0,26.0,6.0,2.0,0.0,0.0,0.0,0.0,0.0,0.0,1.0,0.0,0.0,0.0,0.0,0.0,0.0,0.0,0.0,0.0,0.0,0.0,0.0,0.0,0.0,0.0,0.0,0.0,0.0,0.0,0.0,,,,,,,,,,,,,,,,,,,,,,,,,,,,,,,,,,,,,,,,,,,,,,,,,,,,,,,
2025,DISTRICT_MANAGED_2025.xlsx,Traditional,PULASKI,Elementary,LOGAN SQUARE,Network 6,23,,,,0.0,,2.0,1.0,1.0,1.0,2.0,0.0,0.0,1.0,0.0,0.0,1.0,120542.85,13.0,12.0,1.0,0.0,2.0,2.0,,1.0,17280.0,0.0,0.0,5.0,2.0,800.0,800.0,0.0,800.0,26:1,473.0,31.0,7.0,0.0,0.0,0.0,0.0,0.0,0.0,0.0,1.0,0.0,0.0,0.0,1.0,0.0,0.0,0.0,2.0,0.0,1.0,0.0,0.0,0.0,0.0,0.0,0.0,0.0,0.0,0.0,0.0,,,,,,,,,,,,,,,,,,,,,,,,,,,,,,,,,,,,,,,,,,,,,,,,,,,,,,,
2025,DISTRICT_MANAGED_2025.xlsx,Traditional,PULLMAN,Elementary,PULLMAN,Network 13,36,,,,402.0,,0.0,1.0,1.0,1.0,1.0,1.0,0.0,0.0,0.0,0.0,0.0,94369.22,5.0,9.0,0.0,0.0,1.0,1.0,,0.5,17280.0,0.0,1.0,2.0,1.0,295.0,295.0,10.0,305.0,24:1,629.0,13.0,3.0,1.0,0.0,0.0,0.0,0.0,0.0,0.0,0.0,0.0,0.0,1.0,1.0,0.0,0.0,0.0,0.0,0.0,0.0,1.0,0.0,0.0,0.0,0.0,0.0,0.0,0.0,0.0,0.0,,,,,,,,,,,,,,,,,,,,,,,,,,,,,,,,,,,,,,,,,,,,,,,,,,,,,,,
2025,DISTRICT_MANAGED_2025.xlsx,Traditional,RABY HS,High School,EAST GARFIELD PARK,Network 15,48,,,,474.0,,0.0,1.0,1.0,1.0,1.0,1.0,0.0,0.45,0.0,0.0,0.9,202094.44,12.0,17.0,0.5,0.0,0.0,0.0,,0.0,17280.0,0.0,1.0,3.0,3.0,149.0,107.0,0.0,107.0,18:1,1707.0,10.0,0.0,1.0,0.0,0.0,0.0,0.0,0.0,0.0,0.0,0.0,0.0,0.0,1.0,0.0,0.5,0.0,0.0,0.0,0.0,0.0,0.0,0.0,0.0,0.0,0.0,160000.0,0.0,0.0,0.0,,,,,,,,,,,,,,,,,,,,,,,,,,,,,,,,,,,,,,,,,,,,,,,,,,,,,,,
2025,DISTRICT_MANAGED_2025.xlsx,Traditional,RANDOLPH,Elementary,WEST ENGLEWOOD,Network 11,41,,,,480.0,,0.0,1.0,1.0,1.0,1.0,1.0,0.0,0.0,0.0,0.0,0.5,136019.25,6.0,12.0,0.5,0.0,3.0,2.0,,0.5,17280.0,0.0,0.0,3.0,1.0,260.0,260.0,0.0,260.0,24:1,689.0,11.0,3.0,1.0,0.0,0.0,0.0,0.0,0.0,0.0,0.0,0.0,0.0,0.0,0.0,0.0,0.0,0.0,0.0,0.0,0.0,0.0,0.0,0.0,0.0,0.0,0.0,0.0,70000.0,0.0,0.0,,,,,,,,,,,,,,,,,,,,,,,,,,,,,,,,,,,,,,,,,,,,,,,,,,,,,,,
2025,DISTRICT_MANAGED_2025.xlsx,Traditional,RAVENSWOOD,Elementary,LAKE VIEW,Network 2,21,,,,0.0,,0.0,1.0,1.0,1.0,1.0,1.0,0.0,0.5,0.0,0.0,0.0,167684.6,11.0,12.0,0.5,0.0,2.0,2.0,,1.0,17280.0,0.0,0.0,2.0,2.0,466.0,466.0,10.0,476.0,26:1,449.0,19.0,4.0,0.0,0.0,0.0,0.0,0.0,0.0,0.0,0.0,0.0,0.0,0.0,0.0,0.0,0.0,0.0,0.0,0.0,0.0,0.0,0.0,0.0,0.0,0.0,0.0,0.0,0.0,0.0,0.0,,,,,,,,,,,,,,,,,,,,,,,,,,,,,,,,,,,,,,,,,,,,,,,,,,,,,,,
2025,DISTRICT_MANAGED_2025.xlsx,Traditional,RAY,Elementary,HYDE PARK,Network 9,28,,,,306.0,,0.0,1.0,1.0,1.0,1.0,1.0,0.0,0.0,0.0,0.0,1.64,239847.0,9.0,16.0,0.5,2.0,3.0,3.0,,1.0,17280.0,0.0,0.0,3.0,2.0,545.0,531.0,0.0,531.0,26:1,533.0,21.0,5.0,2.0,0.0,0.0,0.0,0.0,0.0,0.0,0.0,0.0,0.0,0.0,0.0,0.0,0.0,0.0,0.0,0.0,0.0,0.0,0.0,0.0,0.0,0.0,0.0,0.0,70000.0,0.0,0.0,,,,,,,,,,,,,,,,,,,,,,,,,,,,,,,,,,,,,,,,,,,,,,,,,,,,,,,
2025,DISTRICT_MANAGED_2025.xlsx,Traditional,REAVIS,Elementary,KENWOOD,Network 9,35,,,,396.0,,0.0,1.0,1.0,1.0,1.0,1.0,0.0,0.0,0.0,1.0,0.0,134802.0,8.0,16.0,0.5,0.0,5.0,3.0,,0.5,17280.0,0.0,1.0,3.0,1.0,196.0,196.0,10.0,206.0,24:1,617.0,10.0,3.0,1.0,0.0,0.0,0.0,0.0,0.0,0.0,0.0,0.0,0.0,0.0,0.0,0.0,0.0,0.0,0.0,0.0,0.0,0.0,0.0,0.0,0.0,0.0,0.0,0.0,70000.0,0.0,0.0,,,,,,,,,,,,,,,,,,,,,,,,,,,,,,,,,,,,,,,,,,,,,,,,,,,,,,,
2025,DISTRICT_MANAGED_2025.xlsx,Traditional,REILLY,Elementary,AVONDALE,Network 4,33,,,,384.0,,0.0,1.0,1.0,2.0,1.0,1.0,0.0,0.0,0.0,0.0,0.1,304181.0671428571,10.0,12.0,0.5,0.0,3.0,2.0,,1.0,17280.0,92120.0,0.0,6.0,3.0,492.0,492.0,10.0,502.0,24:1,593.0,21.0,5.0,2.0,0.0,0.0,0.0,0.0,0.0,0.0,0.0,0.0,0.0,0.0,0.0,0.0,0.0,0.0,0.0,0.0,0.0,0.0,0.0,0.0,0.0,0.0,0.0,0.0,0.0,0.0,0.0,,,,,,,,,,,,,,,,,,,,,,,,,,,,,,,,,,,,,,,,,,,,,,,,,,,,,,,
2025,DISTRICT_MANAGED_2025.xlsx,Traditional,REINBERG,Elementary,PORTAGE PARK,Network 1,32,,,,408.0,,0.0,1.0,1.0,1.0,2.0,0.0,0.0,0.5,0.0,0.0,0.26,190986.25,16.0,26.0,1.5,0.0,11.0,6.0,,1.0,17280.0,120320.0,0.0,4.0,2.0,611.0,575.0,0.0,575.0,24:1,581.0,24.0,6.0,2.0,0.0,0.0,0.0,0.0,1.0,0.0,1.0,0.0,1.0,0.0,1.0,0.0,0.0,0.0,0.0,0.0,0.0,0.0,0.0,0.0,0.0,0.0,0.0,0.0,0.0,0.0,0.0,,,,,,,,,,,,,,,,,,,,,,,,,,,,,,,,,,,,,,,,,,,,,,,,,,,,,,,
2025,DISTRICT_MANAGED_2025.xlsx,Traditional,REVERE,Elementary,GREATER GRAND CROSSING,Network 12,37,,,,468.0,,0.0,1.0,1.0,1.0,1.0,1.0,0.0,0.0,0.0,0.5,0.0,68675.77,4.0,6.0,0.0,0.0,1.0,1.0,,0.0,17280.0,0.0,1.0,5.0,1.0,183.0,183.0,0.0,183.0,24:1,641.0,10.0,3.0,1.0,0.0,0.0,0.0,0.0,0.0,0.0,0.0,0.0,0.0,1.0,0.0,0.0,0.0,0.0,0.0,0.0,0.0,0.0,0.0,0.0,0.0,0.0,0.0,0.0,100000.0,0.0,0.0,,,,,,,,,,,,,,,,,,,,,,,,,,,,,,,,,,,,,,,,,,,,,,,,,,,,,,,
2025,DISTRICT_MANAGED_2025.xlsx,Traditional,RICHARDS HS,High School,NEW CITY,Network 16,43,,,,462.0,,2.0,1.0,1.0,1.0,1.0,1.0,0.0,0.0,0.0,1.0,3.0,212820.25,7.0,6.0,0.5,0.0,0.0,0.0,,1.0,17280.0,50000.0,0.0,2.0,4.0,278.0,278.0,20.0,298.0,18:1,1617.0,17.0,0.0,1.0,0.0,0.0,0.0,0.0,0.0,0.0,0.0,0.0,0.0,0.0,0.0,0.0,0.0,0.0,0.0,0.0,0.0,0.0,0.0,0.0,0.0,0.0,1.0,160000.0,100000.0,0.0,0.0,,,,,,,,,,,,,,,,,,,,,,,,,,,,,,,,,,,,,,,,,,,,,,,,,,,,,,,
2025,DISTRICT_MANAGED_2025.xlsx,Traditional,RICHARDSON,Elementary,WEST LAWN,Network 10,38,,,,456.0,,0.0,1.0,1.0,1.0,2.0,0.0,0.0,0.0,0.0,2.0,2.37,216421.0,8.0,8.0,1.0,0.0,0.0,0.0,,1.0,17280.0,0.0,1.0,8.0,3.0,841.0,841.0,10.0,851.0,24:1,653.0,36.0,8.0,2.0,0.0,0.0,0.0,0.0,1.0,0.0,1.0,1.0,0.0,0.0,1.0,0.0,0.0,0.0,0.0,0.0,0.0,0.0,0.0,0.0,0.0,0.0,0.0,0.0,70000.0,0.0,0.0,,,,,,,,,,,,,,,,,,,,,,,,,,,,,,,,,,,,,,,,,,,,,,,,,,,,,,,
2025,DISTRICT_MANAGED_2025.xlsx,Traditional,RICKOVER MILITARY HS,High School,PORTAGE PARK,ISP,26,,,,360.0,,0.0,1.0,1.0,1.0,2.0,1.0,0.0,0.5,0.0,0.0,3.31,323477.57,7.0,3.0,0.5,0.0,0.0,0.0,,1.0,17280.0,0.0,0.0,3.0,3.0,506.0,506.0,0.0,506.0,21:1,1311.0,25.0,0.0,1.0,0.0,0.0,0.0,-2.0,0.0,1.0,0.0,1.0,1.0,0.0,0.0,0.0,0.0,0.0,0.0,0.0,0.0,0.0,0.0,0.0,0.0,8.0,0.0,0.0,0.0,0.0,0.0,,,,,,,,,,,,,,,,,,,,,,,,,,,,,,,,,,,,,,,,,,,,,,,,,,,,,,,
2025,DISTRICT_MANAGED_2025.xlsx,Traditional,ROBINSON,Elementary,OAKLAND,Network 9,38,,,,402.0,,0.0,1.0,1.0,1.0,1.0,1.0,0.0,0.0,0.0,1.0,0.0,111874.55555555556,4.0,3.0,0.0,0.0,2.0,2.0,,0.0,17280.0,0.0,0.5,2.0,1.0,91.0,91.0,0.0,91.0,24:1,653.0,4.0,3.0,1.0,0.0,0.0,0.0,0.0,0.0,0.0,0.0,0.0,0.0,0.0,0.0,0.0,0.0,0.0,0.0,0.0,0.0,0.0,0.0,0.0,0.0,0.0,0.0,0.0,0.0,0.0,0.0,,,,,,,,,,,,,,,,,,,,,,,,,,,,,,,,,,,,,,,,,,,,,,,,,,,,,,,
2025,DISTRICT_MANAGED_2025.xlsx,Traditional,ROGERS,Elementary,WEST RIDGE,ISP,31,,,,336.0,,0.0,1.0,1.0,1.0,2.0,0.0,0.0,0.09,0.0,0.0,1.25,189290.5,13.0,26.0,1.0,0.0,6.0,4.0,,1.0,17280.0,99640.0,0.0,6.0,1.0,629.0,629.0,20.0,649.0,24:1,569.0,28.0,6.0,2.0,0.0,0.0,0.0,0.0,1.0,0.0,1.0,0.0,1.0,0.0,1.0,0.0,0.0,0.0,0.0,0.0,0.0,0.0,0.0,0.0,0.0,0.0,0.0,0.0,0.0,0.0,0.0,,,,,,,,,,,,,,,,,,,,,,,,,,,,,,,,,,,,,,,,,,,,,,,,,,,,,,,
2025,DISTRICT_MANAGED_2025.xlsx,Traditional,ROOSEVELT HS,High School,ALBANY PARK,Network 14,26,,,,426.0,,0.0,1.0,1.0,1.0,3.0,1.0,0.0,7.35,0.0,0.0,3.93,124624.0,15.0,14.0,1.5,0.0,0.0,0.0,,2.0,17280.0,146640.0,0.0,7.0,4.85,1084.0,1063.0,30.0,1093.0,21:1,1311.0,53.0,0.0,2.0,0.0,0.0,0.0,0.0,0.0,1.0,0.0,1.0,3.0,0.0,1.0,0.0,0.5,1.0,0.0,0.0,0.0,0.0,1.0,0.0,0.0,3.0,1.0,0.0,39817.0,0.0,2.0,,,,,,,,,,,,,,,,,,,,,,,,,,,,,,,,,,,,,,,,,,,,,,,,,,,,,,,
2025,DISTRICT_MANAGED_2025.xlsx,Traditional,RUGGLES,Elementary,GREATER GRAND CROSSING,Network 12,40,,,,480.0,,0.0,1.0,1.0,1.0,1.0,1.0,0.0,0.0,0.0,0.0,1.15,87598.25,4.0,7.0,0.0,0.0,2.0,2.0,,0.0,17280.0,0.0,1.0,4.0,0.85,301.0,301.0,0.0,301.0,24:1,677.0,13.0,3.0,1.0,0.0,0.0,0.0,0.0,0.0,0.0,0.0,0.0,0.0,0.0,1.0,0.0,0.0,0.0,0.0,0.0,0.0,0.0,0.0,0.0,0.0,0.0,0.0,0.0,65000.0,0.0,0.0,,,,,,,,,,,,,,,,,,,,,,,,,,,,,,,,,,,,,,,,,,,,,,,,,,,,,,,
2025,DISTRICT_MANAGED_2025.xlsx,Traditional,RUIZ,Elementary,LOWER WEST SIDE,Network 7,45,,,,426.0,,0.0,1.0,1.0,1.0,2.0,1.0,0.0,0.0,0.0,1.0,0.15,260550.82,10.0,24.0,1.0,0.0,4.0,2.0,,1.0,17280.0,69560.0,0.0,5.0,1.85,402.0,380.0,30.0,410.0,22:1,737.0,19.0,5.0,1.0,0.0,0.0,0.0,0.0,0.0,0.0,0.0,0.0,0.0,0.0,1.0,0.0,0.0,0.0,0.0,0.0,0.0,0.0,0.0,0.0,0.0,0.0,0.0,0.0,0.0,0.0,0.0,,,,,,,,,,,,,,,,,,,,,,,,,,,,,,,,,,,,,,,,,,,,,,,,,,,,,,,
2025,DISTRICT_MANAGED_2025.xlsx,Traditional,RYDER,Elementary,AUBURN GRESHAM,Network 11,44,,,,468.0,,0.0,1.0,1.0,1.0,1.0,1.0,0.0,0.0,1.0,0.0,1.0,139487.5,14.0,39.0,1.0,0.0,3.0,2.0,,0.0,17280.0,0.0,1.0,4.0,2.0,312.0,261.0,0.0,261.0,22:1,725.0,12.0,4.0,1.0,0.0,0.0,0.0,0.0,0.0,0.0,0.0,0.0,0.0,0.0,0.0,0.0,0.0,0.0,0.0,0.0,0.0,0.0,0.0,0.0,0.0,0.0,1.0,0.0,0.0,0.0,0.0,,,,,,,,,,,,,,,,,,,,,,,,,,,,,,,,,,,,,,,,,,,,,,,,,,,,,,,
2025,DISTRICT_MANAGED_2025.xlsx,Traditional,SABIN,Elementary,WEST TOWN,Network 6,30,,,,432.0,,3.0,1.0,1.0,1.0,1.0,1.0,0.0,0.81,0.0,0.0,0.0,80171.34,4.0,5.0,0.0,0.0,3.0,2.0,,1.0,17280.0,0.0,1.0,4.0,1.0,317.0,317.0,0.0,317.0,26:1,557.0,13.0,3.0,1.0,0.0,0.0,0.0,0.0,0.0,0.0,0.0,0.0,0.0,0.0,0.0,0.0,0.0,0.0,0.0,0.0,0.0,0.0,1.0,0.0,0.0,0.0,1.0,0.0,20000.0,0.0,0.0,,,,,,,,,,,,,,,,,,,,,,,,,,,,,,,,,,,,,,,,,,,,,,,,,,,,,,,
2025,DISTRICT_MANAGED_2025.xlsx,Traditional,SADLOWSKI,Elementary,EAST SIDE,Network 13,37,,,,444.0,,0.0,1.0,1.0,1.0,1.0,1.0,0.0,0.0,0.0,0.0,1.0,355840.965625,14.0,40.0,1.0,0.0,4.0,2.0,,1.0,17280.0,0.0,1.0,4.0,2.0,584.0,547.0,0.0,547.0,24:1,641.0,23.0,6.0,2.0,0.0,0.0,0.0,0.0,1.0,0.0,0.0,0.0,0.0,0.0,1.0,0.0,0.0,0.0,0.0,0.0,0.0,0.0,0.0,0.0,0.0,0.0,0.0,0.0,15000.0,0.0,0.0,,,,,,,,,,,,,,,,,,,,,,,,,,,,,,,,,,,,,,,,,,,,,,,,,,,,,,,
2025,DISTRICT_MANAGED_2025.xlsx,Traditional,SALAZAR,Elementary,NEAR NORTH SIDE,ISP,39,,,,444.0,,0.0,1.0,1.0,1.0,1.0,1.0,0.0,1.0,0.0,2.0,1.0,39602.97,3.0,6.0,0.0,0.0,1.0,1.0,,1.0,17280.0,50000.0,0.0,2.0,1.0,352.0,352.0,0.0,352.0,24:1,665.0,15.0,3.0,1.0,0.0,0.0,0.0,0.0,0.0,0.0,0.0,0.0,0.0,0.0,0.0,0.0,0.0,0.0,0.0,0.0,0.0,0.0,1.0,0.0,0.0,0.0,2.0,0.0,0.0,0.0,0.0,,,,,,,,,,,,,,,,,,,,,,,,,,,,,,,,,,,,,,,,,,,,,,,,,,,,,,,
2025,DISTRICT_MANAGED_2025.xlsx,Traditional,SANDOVAL,Elementary,GAGE PARK,ISP,42,,,,468.0,,0.0,1.0,1.0,1.0,2.0,0.0,0.0,0.0,0.0,2.36,1.5,312185.4,6.0,5.0,0.5,0.0,3.0,3.0,,1.0,17280.0,0.0,1.0,10.0,1.0,677.0,677.0,0.0,677.0,22:1,701.0,31.0,7.0,2.0,0.0,0.0,0.0,0.0,1.0,0.0,1.0,0.0,1.0,0.0,0.0,0.0,0.0,0.0,0.0,0.0,0.0,0.0,1.0,0.0,0.0,0.0,0.0,0.0,70000.0,0.0,0.0,,,,,,,,,,,,,,,,,,,,,,,,,,,,,,,,,,,,,,,,,,,,,,,,,,,,,,,
2025,DISTRICT_MANAGED_2025.xlsx,Traditional,SAUCEDO,Elementary,SOUTH LAWNDALE,Network 7,46,,,,414.0,,0.0,1.0,1.0,1.0,2.0,0.0,0.0,0.0,0.0,1.0,5.67,136900.85,12.0,19.0,1.5,0.0,6.0,4.0,,1.0,17280.0,0.0,1.0,11.0,1.83,739.0,739.0,100.0,839.0,22:1,749.0,39.0,8.0,2.0,0.0,0.0,3.0,-2.0,1.0,0.0,1.0,1.0,2.0,0.0,1.0,0.0,0.0,0.0,0.0,0.0,0.0,0.0,0.0,0.0,0.0,0.0,1.0,0.0,0.0,0.0,0.0,,,,,,,,,,,,,,,,,,,,,,,,,,,,,,,,,,,,,,,,,,,,,,,,,,,,,,,
2025,DISTRICT_MANAGED_2025.xlsx,Traditional,SAUGANASH,Elementary,FOREST GLEN,Network 1,18,,,,0.0,,0.0,1.0,1.0,1.0,2.0,0.0,0.0,1.5,0.0,0.0,1.0,53505.86,4.0,8.0,0.5,0.0,2.0,2.0,,1.0,17280.0,0.0,0.0,3.0,2.0,623.0,623.0,0.0,623.0,26:1,413.0,24.0,5.0,0.0,0.0,0.0,0.0,0.0,0.0,0.0,1.0,0.0,0.0,0.0,0.0,0.0,0.0,0.0,0.0,0.0,0.0,0.0,0.0,0.0,0.0,0.0,0.0,0.0,0.0,0.0,1.0,,,,,,,,,,,,,,,,,,,,,,,,,,,,,,,,,,,,,,,,,,,,,,,,,,,,,,,
2025,DISTRICT_MANAGED_2025.xlsx,Traditional,SAWYER,Elementary,GAGE PARK,Network 8,41,,,,480.0,,0.0,1.0,1.0,1.0,2.0,0.0,0.0,0.0,0.0,1.0,2.5,310707.79000000004,8.0,7.0,1.0,0.0,3.0,2.0,,1.0,17280.0,0.0,1.0,9.0,3.0,887.0,887.0,10.0,897.0,24:1,689.0,38.0,8.0,2.0,0.0,0.0,0.0,0.0,1.0,0.0,1.0,0.0,2.0,0.0,1.0,0.0,0.0,0.0,0.0,0.0,0.0,0.0,0.0,0.0,0.0,0.0,0.0,0.0,70000.0,0.0,0.0,,,,,,,,,,,,,,,,,,,,,,,,,,,,,,,,,,,,,,,,,,,,,,,,,,,,,,,
2025,DISTRICT_MANAGED_2025.xlsx,Traditional,SAYRE,Elementary,AUSTIN,Network 3,34,,,,342.0,,0.0,1.0,1.0,1.0,1.0,1.0,0.0,2.15,0.0,0.0,0.0,21994.0,10.0,10.0,0.5,0.0,2.0,2.0,,1.0,17280.0,0.0,0.0,3.0,1.0,360.0,360.0,0.0,360.0,24:1,605.0,15.0,3.0,1.0,0.0,0.0,0.0,0.0,0.0,0.0,0.0,0.0,0.0,0.0,0.0,0.0,0.0,0.0,1.0,0.0,0.0,0.0,0.0,0.0,0.0,0.0,0.0,0.0,0.0,0.0,0.0,,,,,,,,,,,,,,,,,,,,,,,,,,,,,,,,,,,,,,,,,,,,,,,,,,,,,,,
2025,DISTRICT_MANAGED_2025.xlsx,Traditional,SCAMMON,Elementary,IRVING PARK,Network 1,31,,,,444.0,,0.0,1.0,1.0,1.0,1.0,1.0,0.0,0.0,0.0,0.0,1.5,249258.1,11.0,4.0,0.5,0.0,3.0,3.0,,1.0,17280.0,0.0,1.0,5.0,2.0,582.0,582.0,10.0,592.0,24:1,569.0,25.0,5.0,2.0,0.0,0.0,0.0,0.0,1.0,0.0,0.0,0.0,1.0,0.0,0.5,0.0,0.0,0.0,0.0,0.0,0.0,0.0,0.0,0.0,0.0,0.0,0.0,0.0,0.0,0.0,0.0,,,,,,,,,,,,,,,,,,,,,,,,,,,,,,,,,,,,,,,,,,,,,,,,,,,,,,,
2025,DISTRICT_MANAGED_2025.xlsx,Traditional,SCHMID,Elementary,PULLMAN,Network 12,37,,,,474.0,,0.0,1.0,1.0,1.0,1.0,1.0,0.0,0.0,0.0,0.0,0.0,94711.35,6.0,9.0,0.0,0.0,4.0,2.0,,0.0,17280.0,50000.0,0.0,2.0,2.0,142.0,142.0,0.0,142.0,24:1,641.0,10.0,3.0,1.0,0.0,0.0,0.0,0.0,0.0,0.0,0.0,0.0,0.0,1.0,0.0,0.0,0.0,0.0,0.0,0.0,0.0,0.0,0.0,0.0,0.0,0.0,0.0,0.0,0.0,0.0,0.0,,,,,,,,,,,,,,,,,,,,,,,,,,,,,,,,,,,,,,,,,,,,,,,,,,,,,,,
2025,DISTRICT_MANAGED_2025.xlsx,Traditional,SCHUBERT,Elementary,BELMONT CRAGIN,Network 3,42,,,,444.0,,0.0,1.0,1.0,1.0,2.0,1.0,0.0,2.0,0.0,0.0,0.64,124295.57,5.5,11.0,0.0,0.0,3.0,3.0,,1.0,17280.0,0.0,0.0,6.0,2.0,507.0,507.0,20.0,527.0,22:1,701.0,24.0,5.0,2.0,0.0,0.0,0.0,0.0,1.0,0.0,0.0,0.0,1.0,0.0,0.0,0.0,0.0,0.0,0.0,0.0,0.0,0.0,1.0,0.0,0.0,0.0,0.0,0.0,70000.0,0.0,0.0,,,,,,,,,,,,,,,,,,,,,,,,,,,,,,,,,,,,,,,,,,,,,,,,,,,,,,,
2025,DISTRICT_MANAGED_2025.xlsx,Traditional,SCHURZ HS,High School,IRVING PARK,Network 14,30,,,,444.0,,0.0,1.0,1.0,1.0,3.0,0.0,0.0,1.0,2.0,0.0,10.0,365403.8605,21.0,26.0,2.0,0.0,0.0,0.0,,1.0,17280.0,191760.0,0.0,8.0,7.0,1217.0,1167.0,0.0,1167.0,21:1,1383.0,56.0,0.0,2.0,0.0,0.0,0.0,0.0,0.0,1.0,2.0,1.0,2.0,0.0,2.0,0.0,0.0,1.0,2.0,0.0,0.0,0.0,1.0,0.0,0.0,2.0,0.0,150000.0,15000.0,0.0,0.0,,,,,,,,,,,,,,,,,,,,,,,,,,,,,,,,,,,,,,,,,,,,,,,,,,,,,,,
2025,DISTRICT_MANAGED_2025.xlsx,Traditional,SENN HS,High School,EDGEWATER,Network 14,24,,,,378.0,,0.0,1.0,1.0,1.0,3.0,0.0,0.0,3.0,3.0,0.0,7.0,172670.08,15.0,5.0,1.5,0.0,0.0,0.0,,1.0,17280.0,0.0,0.0,9.0,6.0,1453.0,1453.0,30.0,1483.0,21:1,1275.0,71.0,0.0,3.0,0.0,0.0,0.0,0.0,0.0,1.0,1.0,2.0,3.0,0.0,2.0,0.0,0.0,0.0,3.0,0.0,0.0,0.0,0.0,0.0,0.0,2.0,0.0,0.0,0.0,0.0,0.0,,,,,,,,,,,,,,,,,,,,,,,,,,,,,,,,,,,,,,,,,,,,,,,,,,,,,,,
2025,DISTRICT_MANAGED_2025.xlsx,Traditional,SEWARD,Elementary,NEW CITY,Network 8,49,,,,480.0,,0.0,1.0,1.0,1.0,2.0,1.0,0.0,0.0,0.0,0.0,0.0,128148.62,5.0,5.0,0.5,0.0,3.0,2.0,,1.0,17280.0,0.0,1.0,6.0,2.0,388.0,388.0,0.0,388.0,22:1,785.0,18.0,4.0,1.0,0.0,0.0,0.0,0.0,0.0,0.0,0.0,0.0,1.0,1.0,1.0,0.0,0.0,0.0,1.0,0.0,0.0,0.0,0.0,0.0,0.0,0.0,0.0,0.0,20000.0,0.0,0.0,,,,,,,,,,,,,,,,,,,,,,,,,,,,,,,,,,,,,,,,,,,,,,,,,,,,,,,
2025,DISTRICT_MANAGED_2025.xlsx,Traditional,SHERIDAN,Elementary,BRIDGEPORT,ISP,24,,,,306.0,,0.0,1.0,1.0,1.0,1.0,1.0,0.0,0.0,0.0,4.0,0.0,90131.83,5.0,8.0,0.5,0.0,0.0,0.0,,1.0,17280.0,0.0,0.0,3.0,1.0,532.0,532.0,0.0,532.0,26:1,485.0,21.0,5.0,2.0,0.0,0.0,0.0,-1.0,0.0,0.0,0.0,0.0,1.0,0.0,0.0,0.0,0.0,0.0,0.0,0.0,0.0,0.0,0.0,0.0,0.0,0.0,0.0,0.0,0.0,0.0,0.0,,,,,,,,,,,,,,,,,,,,,,,,,,,,,,,,,,,,,,,,,,,,,,,,,,,,,,,
2025,DISTRICT_MANAGED_2025.xlsx,Traditional,SHERMAN,Elementary,NEW CITY,Network 8,45,,,,480.0,,0.0,1.0,1.0,1.0,1.0,1.0,0.0,0.0,0.0,0.0,0.07,185667.6,5.0,5.0,0.0,0.0,1.0,1.0,,0.0,17280.0,0.0,1.0,4.0,2.0,198.0,198.0,0.0,198.0,22:1,737.0,10.0,3.0,1.0,0.0,0.0,0.0,0.0,0.0,0.0,0.0,0.0,0.0,0.0,0.0,0.0,0.0,0.0,0.0,0.0,0.0,1.0,0.0,0.0,0.0,0.0,0.0,0.0,65000.0,0.0,0.0,,,,,,,,,,,,,,,,,,,,,,,,,,,,,,,,,,,,,,,,,,,,,,,,,,,,,,,
2025,DISTRICT_MANAGED_2025.xlsx,Traditional,SHERWOOD,Elementary,ENGLEWOOD,ISP,47,,,,474.0,,0.0,1.0,0.0,1.0,1.0,1.0,0.0,0.0,1.0,0.0,2.5,48373.6,7.0,14.0,0.5,0.0,4.0,2.0,,0.0,17280.0,0.0,1.0,2.0,1.0,161.0,160.0,0.0,160.0,22:1,761.0,10.0,3.0,1.0,0.0,0.0,0.0,0.0,0.0,0.0,0.0,0.0,0.0,0.0,0.0,0.0,0.0,0.0,0.0,0.0,0.0,0.0,0.0,0.0,0.0,0.0,0.0,0.0,0.0,0.0,0.0,,,,,,,,,,,,,,,,,,,,,,,,,,,,,,,,,,,,,,,,,,,,,,,,,,,,,,,
2025,DISTRICT_MANAGED_2025.xlsx,Traditional,SHIELDS,Elementary,BRIGHTON PARK,Network 8,41,,,,480.0,,0.0,1.0,1.0,1.0,2.0,1.0,0.0,0.0,0.0,0.0,1.0,188282.5,6.0,7.0,0.5,0.0,6.0,4.0,,1.0,17280.0,0.0,1.0,7.0,2.0,406.0,394.0,0.0,394.0,24:1,689.0,17.0,4.0,1.0,0.0,0.0,0.0,0.0,0.0,0.0,0.0,0.0,1.0,0.0,0.5,0.0,0.0,0.0,0.0,0.0,0.0,0.0,0.0,0.0,0.0,0.0,0.0,0.0,0.0,0.0,0.0,,,,,,,,,,,,,,,,,,,,,,,,,,,,,,,,,,,,,,,,,,,,,,,,,,,,,,,
2025,DISTRICT_MANAGED_2025.xlsx,Traditional,SHIELDS MIDDLE,Elementary,BRIGHTON PARK,ISP,42,,,,468.0,,0.0,1.0,1.0,1.0,2.0,1.0,0.0,0.0,0.0,1.0,1.0,188012.2,7.0,4.0,0.5,0.0,0.0,0.0,,1.0,17280.0,63920.0,0.0,4.0,3.0,373.0,373.0,0.0,373.0,22:1,701.0,17.0,4.0,1.0,0.0,0.0,0.0,0.0,0.0,0.0,0.0,0.0,0.0,0.0,0.5,0.0,0.0,0.0,0.0,0.0,0.0,0.0,0.0,0.0,0.0,0.0,0.0,0.0,0.0,0.0,0.0,,,,,,,,,,,,,,,,,,,,,,,,,,,,,,,,,,,,,,,,,,,,,,,,,,,,,,,
2025,DISTRICT_MANAGED_2025.xlsx,Traditional,SHOESMITH,Elementary,KENWOOD,Network 9,33,,,,348.0,,0.0,1.0,1.0,1.0,1.0,1.0,0.0,1.0,0.0,0.0,0.0,147030.9,5.0,13.0,0.5,0.0,0.0,0.0,,1.0,17280.0,0.0,0.0,3.0,1.0,327.0,327.0,20.0,347.0,24:1,593.0,15.0,3.0,1.0,0.0,0.0,0.0,0.0,0.0,0.0,0.0,0.0,0.0,0.0,0.0,0.0,0.0,0.0,0.0,0.0,0.0,0.0,0.0,0.0,0.0,0.0,0.0,0.0,0.0,0.0,0.0,,,,,,,,,,,,,,,,,,,,,,,,,,,,,,,,,,,,,,,,,,,,,,,,,,,,,,,
2025,DISTRICT_MANAGED_2025.xlsx,Traditional,SHOOP,Elementary,MORGAN PARK,Network 13,35,,,,468.0,,1.0,1.0,1.0,1.0,1.0,1.0,0.0,0.0,0.0,1.0,0.95,66389.8,8.0,21.0,1.0,0.0,2.0,2.0,,0.0,17280.0,0.0,0.0,4.0,2.0,374.0,361.0,0.0,361.0,24:1,617.0,16.0,4.0,1.0,0.0,0.0,0.0,0.0,0.0,0.0,0.0,0.0,0.0,0.0,1.0,0.0,0.0,0.0,0.0,0.0,0.0,0.0,0.0,0.0,0.0,0.0,0.0,0.0,20000.0,0.0,0.0,,,,,,,,,,,,,,,,,,,,,,,,,,,,,,,,,,,,,,,,,,,,,,,,,,,,,,,
2025,DISTRICT_MANAGED_2025.xlsx,Traditional,SIMEON HS,High School,CHATHAM,Network 17,41,,,,444.0,,0.0,1.0,1.0,1.0,3.0,0.0,0.0,2.0,0.0,0.0,11.0,346950.65,17.0,20.0,1.0,0.0,0.0,0.0,,0.0,17280.0,159800.0,0.0,4.0,5.0,1077.0,1033.0,0.0,1033.0,19:1,1581.0,55.0,0.0,2.0,0.0,0.0,0.0,0.0,1.0,1.0,2.0,2.0,2.0,0.0,0.0,0.0,0.0,1.0,0.0,0.0,0.0,0.0,0.0,0.0,0.0,0.0,1.0,160000.0,0.0,0.0,0.0,,,,,,,,,,,,,,,,,,,,,,,,,,,,,,,,,,,,,,,,,,,,,,,,,,,,,,,
2025,DISTRICT_MANAGED_2025.xlsx,Traditional,SKINNER,Elementary,NEAR WEST SIDE,Network 6,25,,,,0.0,,0.0,1.0,1.0,2.0,2.0,0.0,0.0,0.0,0.0,3.0,1.0,2985.0,8.0,21.0,0.5,0.0,2.0,2.0,,1.0,17280.0,0.0,0.0,3.0,2.0,1015.0,991.0,50.0,1041.0,26:1,497.0,41.0,9.0,0.0,0.0,1.0,0.0,0.0,0.0,0.0,2.0,1.0,0.0,0.0,0.0,0.0,0.0,0.0,0.0,0.0,0.0,0.0,0.0,0.0,0.0,0.0,0.0,0.0,0.0,0.0,0.0,,,,,,,,,,,,,,,,,,,,,,,,,,,,,,,,,,,,,,,,,,,,,,,,,,,,,,,
2025,DISTRICT_MANAGED_2025.xlsx,Traditional,SKINNER NORTH,Elementary,NEAR NORTH SIDE,Network 4,20,,,,0.0,,0.0,1.0,1.0,1.0,1.0,1.0,0.0,0.0,0.0,0.0,1.5,89418.18000000001,5.0,3.0,0.0,0.0,0.0,0.0,,0.0,17280.0,0.0,0.0,2.0,1.0,512.0,512.0,0.0,512.0,26:1,437.0,20.0,4.0,0.0,0.0,0.0,0.0,0.0,0.0,0.0,0.0,0.0,0.0,0.0,0.0,0.0,0.0,0.0,0.0,0.0,0.0,0.0,0.0,0.0,0.0,0.0,0.0,0.0,0.0,0.0,0.0,,,,,,,,,,,,,,,,,,,,,,,,,,,,,,,,,,,,,,,,,,,,,,,,,,,,,,,
2025,DISTRICT_MANAGED_2025.xlsx,Traditional,SMITH,Elementary,PULLMAN,Network 13,44,,,,456.0,,0.0,1.0,1.0,1.0,1.0,1.0,0.0,0.0,0.0,0.0,1.12,192083.1,7.0,20.0,0.5,0.0,2.0,2.0,,0.0,17280.0,50000.0,0.0,4.0,1.0,342.0,331.0,0.0,331.0,22:1,725.0,16.0,4.0,1.0,0.0,0.0,0.0,0.0,0.0,0.0,0.0,0.0,0.0,0.0,0.0,0.0,0.0,0.0,0.0,0.0,0.0,0.0,0.0,0.0,0.0,0.0,1.0,0.0,15000.0,0.0,0.0,,,,,,,,,,,,,,,,,,,,,,,,,,,,,,,,,,,,,,,,,,,,,,,,,,,,,,,
2025,DISTRICT_MANAGED_2025.xlsx,Traditional,SMYSER,Elementary,PORTAGE PARK,Network 1,23,,,,366.0,,0.0,1.0,1.0,2.0,2.0,0.0,0.0,0.5,0.0,0.0,2.05,242175.51,12.0,15.0,0.5,0.0,3.0,3.0,,1.0,17280.0,0.0,0.0,4.0,2.95,703.0,703.0,10.0,713.0,26:1,473.0,28.0,6.0,2.0,0.0,0.0,0.0,0.0,0.0,0.0,1.0,0.0,0.0,0.0,0.0,1.0,0.0,0.0,0.0,0.0,0.0,0.0,0.0,0.0,0.0,0.0,0.0,0.0,0.0,0.0,0.0,,,,,,,,,,,,,,,,,,,,,,,,,,,,,,,,,,,,,,,,,,,,,,,,,,,,,,,
2025,DISTRICT_MANAGED_2025.xlsx,Traditional,SMYTH,Elementary,NEAR WEST SIDE,Network 6,38,,,,444.0,,0.0,1.0,1.0,1.0,1.0,1.0,0.0,0.0,0.0,1.0,0.98,123784.62,9.0,17.0,0.5,0.0,3.0,2.0,,0.0,17280.0,0.0,1.0,4.0,2.0,349.0,321.0,0.0,321.0,24:1,653.0,14.0,4.0,1.0,0.0,0.0,0.0,0.0,0.0,0.0,0.0,0.0,0.0,0.0,0.0,0.0,0.0,0.0,2.0,0.0,0.0,0.0,0.0,0.0,0.0,0.0,0.0,0.0,65000.0,0.0,0.0,,,,,,,,,,,,,,,,,,,,,,,,,,,,,,,,,,,,,,,,,,,,,,,,,,,,,,,
2025,DISTRICT_MANAGED_2025.xlsx,Traditional,SOCIAL JUSTICE HS,High School,SOUTH LAWNDALE,Network 15,42,,,,468.0,,0.0,1.0,1.0,1.0,1.0,1.0,0.0,1.5,1.0,0.0,0.5,249884.0,6.0,3.0,0.0,0.0,0.0,0.0,,1.0,17280.0,0.0,1.0,7.0,0.0,302.0,302.0,0.0,302.0,18:1,1599.0,17.0,0.0,1.0,0.0,0.0,0.0,0.0,0.0,0.0,0.0,0.0,0.0,0.0,0.0,0.0,0.33333,0.0,0.0,0.0,0.0,0.0,0.0,0.0,0.0,0.0,0.0,0.0,15000.0,0.0,0.0,,,,,,,,,,,,,,,,,,,,,,,,,,,,,,,,,,,,,,,,,,,,,,,,,,,,,,,
2025,DISTRICT_MANAGED_2025.xlsx,Traditional,SOLOMON,Elementary,NORTH PARK,Network 1,31,,,,354.0,,0.0,1.0,1.0,1.0,1.0,1.0,0.0,0.0,0.0,0.0,1.31,84665.12,10.0,22.0,0.5,0.0,1.0,1.0,,1.0,17280.0,0.0,0.0,2.0,1.0,284.0,250.0,0.0,250.0,24:1,569.0,11.0,3.0,1.0,0.0,1.0,0.0,0.0,0.0,0.0,0.0,0.0,0.0,0.0,0.0,0.0,0.0,0.0,0.0,0.0,0.0,0.0,0.0,0.0,0.0,0.0,0.0,0.0,0.0,0.0,0.0,,,,,,,,,,,,,,,,,,,,,,,,,,,,,,,,,,,,,,,,,,,,,,,,,,,,,,,
2025,DISTRICT_MANAGED_2025.xlsx,Traditional,SOLORIO HS,High School,GAGE PARK,Network 15,39,,,,444.0,,0.0,1.0,1.0,1.0,3.0,0.0,0.0,0.0,2.0,6.0,8.25,709010.725,13.0,13.0,1.0,0.0,0.0,0.0,,1.0,17280.0,150400.0,0.0,7.0,3.83,1230.0,1206.0,0.0,1206.0,19:1,1545.0,64.0,0.0,3.0,0.0,0.0,0.0,-3.0,1.0,1.0,2.0,2.0,2.0,0.0,1.0,0.0,0.0,0.0,0.0,0.0,0.0,0.0,0.0,0.0,0.0,0.0,0.0,160000.0,0.0,0.0,0.0,,,,,,,,,,,,,,,,,,,,,,,,,,,,,,,,,,,,,,,,,,,,,,,,,,,,,,,
2025,DISTRICT_MANAGED_2025.xlsx,Traditional,SOR JUANA,Elementary,WEST ELSDON,Network 8,31,,,,0.0,,0.0,1.0,1.0,1.0,1.0,1.0,0.0,0.0,0.0,0.0,1.0,215722.91,3.0,4.0,0.0,0.0,3.0,3.0,,1.0,17280.0,0.0,0.0,5.0,2.0,433.0,433.0,0.0,433.0,24:1,569.0,21.0,5.0,0.0,0.0,0.0,0.0,0.0,0.0,0.0,0.0,0.0,0.0,0.0,0.0,0.0,0.0,0.0,0.0,0.0,0.0,0.0,0.0,0.0,0.0,0.0,0.0,0.0,0.0,0.0,0.0,,,,,,,,,,,,,,,,,,,,,,,,,,,,,,,,,,,,,,,,,,,,,,,,,,,,,,,
2025,DISTRICT_MANAGED_2025.xlsx,Traditional,SOUTH LOOP,Elementary,NEAR SOUTH SIDE,ISP,26,,,,0.0,,0.0,1.0,1.0,3.0,2.0,0.0,0.0,1.5,0.0,0.0,0.0,45251.0,8.0,23.0,1.0,0.0,6.0,4.0,,1.0,17280.0,0.0,0.0,8.0,4.0,745.0,745.0,0.0,745.0,26:1,509.0,29.0,6.0,0.0,0.0,0.0,0.0,0.0,0.0,0.0,1.0,1.0,0.0,0.0,0.0,0.0,0.0,0.0,0.0,0.0,0.0,0.0,0.0,0.0,0.0,0.0,0.0,0.0,0.0,0.0,0.0,,,,,,,,,,,,,,,,,,,,,,,,,,,,,,,,,,,,,,,,,,,,,,,,,,,,,,,
2025,DISTRICT_MANAGED_2025.xlsx,Traditional,SOUTH SHORE ES,Elementary,SOUTH SHORE,Network 12,39,,,,390.0,,0.0,1.0,1.0,1.0,1.0,1.0,0.0,0.0,0.235,0.0,0.2,146616.25,9.0,27.0,0.5,0.0,3.0,2.0,,0.0,17280.0,50000.0,0.0,3.0,2.0,202.0,164.0,0.0,164.0,24:1,665.0,10.0,3.0,1.0,0.0,0.0,0.0,0.0,0.0,0.0,0.0,0.0,0.0,0.0,0.0,0.5,0.0,0.0,0.0,0.0,0.0,0.0,0.0,0.0,0.0,0.0,0.0,0.0,0.0,0.0,0.0,,,,,,,,,,,,,,,,,,,,,,,,,,,,,,,,,,,,,,,,,,,,,,,,,,,,,,,
2025,DISTRICT_MANAGED_2025.xlsx,Traditional,SOUTH SHORE INTL HS,High School,SOUTH SHORE,Network 17,40,,,,366.0,,0.0,1.0,1.0,1.0,2.0,1.0,0.0,1.0,1.0,0.0,2.15,188117.0,9.0,16.0,0.5,0.0,0.0,0.0,,0.0,17280.0,0.0,1.0,4.0,5.85,565.0,530.0,0.0,530.0,19:1,1563.0,28.0,0.0,1.0,0.0,0.0,0.0,0.0,1.0,1.0,0.0,1.0,1.0,0.0,1.0,0.0,0.0,0.0,3.0,0.0,0.0,0.0,0.0,0.0,0.0,2.0,0.0,0.0,0.0,0.0,0.0,,,,,,,,,,,,,,,,,,,,,,,,,,,,,,,,,,,,,,,,,,,,,,,,,,,,,,,
2025,DISTRICT_MANAGED_2025.xlsx,Traditional,SPENCER,Elementary,AUSTIN,Network 3,42,,,,462.0,,0.0,1.0,1.0,1.0,1.0,1.0,0.0,0.83,1.0,0.0,0.0,149057.93,7.0,6.0,0.5,0.0,3.0,3.0,,0.5,17280.0,0.0,1.0,6.0,2.0,343.0,343.0,20.0,363.0,22:1,701.0,17.0,4.0,1.0,0.0,0.0,0.0,0.0,0.0,0.0,0.0,0.0,0.0,0.0,0.0,0.0,0.0,0.0,0.0,0.0,0.0,0.0,0.0,0.0,0.0,0.0,1.0,0.0,70000.0,0.0,0.0,,,,,,,,,,,,,,,,,,,,,,,,,,,,,,,,,,,,,,,,,,,,,,,,,,,,,,,
2025,DISTRICT_MANAGED_2025.xlsx,Traditional,SPRY ES,Elementary,SOUTH LAWNDALE,Network 7,36,,,,438.0,,0.0,1.0,1.0,1.0,1.0,1.0,0.0,1.72,0.0,0.0,0.1,70620.54,6.0,8.0,0.5,0.0,4.0,2.0,,1.0,17280.0,0.0,1.0,6.0,2.0,270.0,270.0,20.0,290.0,24:1,629.0,13.0,3.0,1.0,1.0,0.0,0.0,0.0,0.0,0.0,0.0,0.0,0.0,0.0,0.0,0.0,0.0,0.0,0.0,0.0,0.0,0.0,1.0,0.0,0.0,0.0,0.0,0.0,70000.0,0.0,0.0,,,,,,,,,,,,,,,,,,,,,,,,,,,,,,,,,,,,,,,,,,,,,,,,,,,,,,,
2025,DISTRICT_MANAGED_2025.xlsx,Traditional,SPRY HS,High School,SOUTH LAWNDALE,Network 16,37,,,,318.0,,0.0,1.0,1.0,1.0,1.0,1.0,1.0,0.0,0.0,0.0,2.5,96914.79,6.0,3.0,0.0,0.0,0.0,0.0,,1.0,17280.0,0.0,0.5,0.0,1.0,62.0,62.0,20.0,82.0,19:1,1509.0,10.0,0.0,1.0,0.0,0.0,0.0,0.0,0.0,0.0,0.0,0.0,0.0,0.0,1.0,0.0,0.5,0.0,0.0,0.0,0.0,0.0,0.0,0.0,0.0,0.0,0.0,0.0,65000.0,0.0,0.0,,,,,,,,,,,,,,,,,,,,,,,,,,,,,,,,,,,,,,,,,,,,,,,,,,,,,,,
2025,DISTRICT_MANAGED_2025.xlsx,Traditional,STAGG,Elementary,ENGLEWOOD,Network 11,46,,,,408.0,,0.0,1.0,1.0,1.0,1.0,1.0,0.0,0.0,0.0,0.0,3.0,81351.75,8.0,11.0,0.5,0.0,4.0,2.0,,0.0,17280.0,0.0,1.0,4.0,1.0,325.0,325.0,0.0,325.0,22:1,749.0,15.0,3.0,1.0,0.0,0.0,0.0,0.0,0.0,0.0,0.0,0.0,0.0,0.0,0.0,0.0,0.0,0.0,0.0,0.0,0.0,0.0,0.0,0.0,0.0,0.0,0.0,0.0,0.0,0.0,0.0,,,,,,,,,,,,,,,,,,,,,,,,,,,,,,,,,,,,,,,,,,,,,,,,,,,,,,,
2025,DISTRICT_MANAGED_2025.xlsx,Traditional,STEINMETZ HS,High School,BELMONT CRAGIN,Network 14,34,,,,438.0,,0.0,1.0,1.0,1.0,3.0,0.0,0.0,0.0,1.0,0.25,8.75,371559.35,15.0,5.0,1.5,0.0,0.0,0.0,,1.0,17280.0,157920.0,0.0,7.0,4.85,1158.0,1158.0,0.0,1158.0,19:1,1455.0,61.0,0.0,2.0,0.0,0.0,0.0,-1.0,0.0,1.0,2.0,2.0,4.0,0.0,2.0,0.0,0.5,0.0,2.0,0.0,0.0,0.0,0.0,0.0,0.0,3.0,1.0,150000.0,48937.0,0.0,0.0,,,,,,,,,,,,,,,,,,,,,,,,,,,,,,,,,,,,,,,,,,,,,,,,,,,,,,,
2025,DISTRICT_MANAGED_2025.xlsx,Traditional,STEM,Elementary,NEAR WEST SIDE,ISP,23,,,,0.0,,0.0,1.0,0.0,1.0,1.0,1.0,0.0,3.0,0.0,0.0,1.0,8850.25,5.0,9.0,0.0,0.0,0.0,0.0,,0.5,17280.0,0.0,0.0,2.0,1.0,403.0,403.0,0.0,403.0,26:1,473.0,16.0,4.0,0.0,0.0,0.0,0.0,0.0,0.0,0.0,0.0,0.0,0.0,0.0,0.0,0.0,0.0,0.0,0.0,0.0,0.0,0.0,0.0,0.0,0.0,0.0,0.0,0.0,0.0,0.0,0.0,,,,,,,,,,,,,,,,,,,,,,,,,,,,,,,,,,,,,,,,,,,,,,,,,,,,,,,
2025,DISTRICT_MANAGED_2025.xlsx,Traditional,STEVENSON,Elementary,ASHBURN,Network 10,42,,,,444.0,,0.0,1.0,1.0,2.0,2.0,0.0,0.0,1.0,0.0,0.0,4.5,273003.48,17.0,32.0,1.5,0.0,8.0,5.0,,1.0,17280.0,150400.0,0.0,11.0,3.0,1047.0,1000.0,10.0,1010.0,22:1,701.0,46.0,10.0,3.0,0.0,0.0,0.0,-1.0,0.0,0.0,2.0,1.0,1.0,0.0,1.0,0.0,0.0,0.0,0.0,0.0,0.0,0.0,0.0,0.0,0.0,0.0,0.0,0.0,0.0,0.0,0.0,,,,,,,,,,,,,,,,,,,,,,,,,,,,,,,,,,,,,,,,,,,,,,,,,,,,,,,
2025,DISTRICT_MANAGED_2025.xlsx,Traditional,STONE,Elementary,WEST RIDGE,Network 2,25,,,,312.0,,0.0,1.0,1.0,1.0,1.0,1.0,0.0,0.0,0.0,2.0,0.0,141308.75,9.0,11.0,0.5,0.0,0.0,0.0,,1.0,17280.0,0.0,0.0,2.0,1.0,554.0,554.0,0.0,554.0,26:1,497.0,22.0,5.0,2.0,0.0,0.0,0.0,0.0,0.0,0.0,0.0,0.0,0.0,0.0,1.0,0.0,0.0,0.0,0.0,0.0,0.0,0.0,0.0,0.0,0.0,0.0,0.0,0.0,0.0,0.0,2.0,,,,,,,,,,,,,,,,,,,,,,,,,,,,,,,,,,,,,,,,,,,,,,,,,,,,,,,
2025,DISTRICT_MANAGED_2025.xlsx,Traditional,STOWE,Elementary,HUMBOLDT PARK,Network 5,38,,,,420.0,,1.0,1.0,1.0,1.0,1.0,1.0,0.0,1.0,0.66,0.0,0.15,174651.09,7.0,8.0,1.0,0.0,7.0,4.0,,1.0,17280.0,0.0,1.0,6.0,2.85,462.0,462.0,60.0,522.0,24:1,653.0,22.0,5.0,2.0,0.0,0.0,0.0,0.0,0.0,0.0,0.0,0.0,1.0,0.0,0.5,0.0,0.0,0.0,0.0,0.0,0.0,0.0,1.0,0.0,0.0,0.0,0.0,0.0,79101.0,0.0,0.0,,,,,,,,,,,,,,,,,,,,,,,,,,,,,,,,,,,,,,,,,,,,,,,,,,,,,,,
2025,DISTRICT_MANAGED_2025.xlsx,Traditional,SUDER,Elementary,NEAR WEST SIDE,Network 6,25,,,,300.0,,0.0,1.0,1.0,1.0,1.0,1.0,0.0,0.5,0.0,0.0,1.11,14827.0,5.0,17.0,0.5,0.0,4.0,0.0,,0.0,17280.0,0.0,0.0,2.0,1.0,363.0,363.0,0.0,363.0,26:1,497.0,14.0,3.0,1.0,0.0,0.0,0.0,0.0,0.0,0.0,0.0,0.0,0.0,0.0,0.0,0.0,0.0,0.0,0.0,0.0,0.0,0.0,0.0,1.0,18.0,0.0,0.0,0.0,0.0,0.0,0.0,,,,,,,,,,,,,,,,,,,,,,,,,,,,,,,,,,,,,,,,,,,,,,,,,,,,,,,
2025,DISTRICT_MANAGED_2025.xlsx,Traditional,SULLIVAN HS,High School,ROGERS PARK,Network 14,35,,,,330.0,,0.0,1.0,1.0,1.0,2.0,1.0,1.0,0.0,1.0,0.0,4.15,475093.3,16.0,16.0,1.0,0.0,0.0,0.0,,1.0,17280.0,0.0,0.0,5.0,5.85,723.0,690.0,20.0,710.0,19:1,1473.0,38.0,0.0,2.0,0.0,0.0,0.0,0.0,1.0,1.0,0.0,1.0,1.0,0.0,1.0,0.0,1.0,0.0,0.0,0.0,0.0,0.0,0.0,0.0,0.0,2.0,2.0,0.0,15000.0,0.0,0.0,,,,,,,,,,,,,,,,,,,,,,,,,,,,,,,,,,,,,,,,,,,,,,,,,,,,,,,
2025,DISTRICT_MANAGED_2025.xlsx,Traditional,SUMNER,Elementary,WEST GARFIELD PARK,Network 5,40,,,,468.0,,0.0,1.0,1.0,1.0,1.0,1.0,0.0,0.0,0.0,0.0,0.0,239903.6,8.0,13.0,0.0,0.0,1.0,1.0,,0.0,17280.0,0.0,1.0,4.0,2.0,183.0,176.0,0.0,176.0,24:1,677.0,10.0,3.0,1.0,0.0,0.0,0.0,0.0,0.0,0.0,0.0,0.0,0.0,0.0,0.0,0.0,0.0,0.0,0.0,0.0,0.0,0.0,0.0,0.0,0.0,0.0,0.0,0.0,0.0,0.0,0.0,,,,,,,,,,,,,,,,,,,,,,,,,,,,,,,,,,,,,,,,,,,,,,,,,,,,,,,
2025,DISTRICT_MANAGED_2025.xlsx,Traditional,SUTHERLAND,Elementary,BEVERLY,Network 10,31,,,,0.0,,0.0,1.0,1.0,1.0,2.0,0.0,0.0,0.0,0.0,0.0,0.0,357901.0,11.0,20.0,0.5,0.0,0.0,0.0,,0.0,17280.0,0.0,0.0,2.0,2.0,629.0,629.0,0.0,629.0,24:1,569.0,27.0,6.0,0.0,0.0,0.0,0.0,0.0,1.0,0.0,1.0,0.0,0.0,0.0,0.0,0.0,0.0,0.0,1.0,0.0,0.0,0.0,0.0,0.0,0.0,0.0,0.0,0.0,0.0,1.0,0.0,,,,,,,,,,,,,,,,,,,,,,,,,,,,,,,,,,,,,,,,,,,,,,,,,,,,,,,
2025,DISTRICT_MANAGED_2025.xlsx,Traditional,SWIFT,Elementary,EDGEWATER,Network 2,35,,,,432.0,,0.0,1.0,1.0,1.0,1.0,1.0,0.0,0.98,0.0,0.0,2.0,248012.97,11.0,24.0,1.0,0.0,5.0,3.0,,1.0,17280.0,0.0,0.0,5.0,1.0,532.0,512.0,0.0,512.0,24:1,617.0,22.0,5.0,2.0,0.0,0.0,0.0,-1.0,1.0,0.0,0.0,0.0,1.0,0.0,0.0,0.0,0.0,0.0,0.0,0.0,0.0,0.0,0.0,0.0,0.0,0.0,0.0,0.0,0.0,0.0,0.0,,,,,,,,,,,,,,,,,,,,,,,,,,,,,,,,,,,,,,,,,,,,,,,,,,,,,,,
2025,DISTRICT_MANAGED_2025.xlsx,Traditional,TAFT HS,High School,NORWOOD PARK,Network 14,18,,,,0.0,,0.0,1.0,1.0,2.0,9.0,0.0,0.0,1.0,2.0,0.0,28.0,177122.77000000002,45.0,30.0,5.0,0.0,0.0,0.0,,2.0,17280.0,0.0,0.0,16.0,8.0,4228.0,4220.0,0.0,4220.0,21:1,1167.0,201.0,0.0,0.0,0.0,0.0,0.0,0.0,0.0,1.0,2.0,6.0,10.0,0.0,3.0,0.0,0.0,0.0,4.0,0.0,0.0,0.0,0.0,0.0,0.0,3.0,1.0,260000.0,0.0,0.0,0.0,,,,,,,,,,,,,,,,,,,,,,,,,,,,,,,,,,,,,,,,,,,,,,,,,,,,,,,
2025,DISTRICT_MANAGED_2025.xlsx,Traditional,TALCOTT,Elementary,WEST TOWN,Network 6,38,,,,390.0,,0.0,1.0,1.0,1.0,1.0,1.0,0.0,0.76,0.0,0.0,1.0,185753.15,11.0,12.0,0.5,0.0,3.0,2.0,,1.0,17280.0,0.0,0.0,5.0,2.0,439.0,405.0,50.0,455.0,24:1,653.0,19.0,5.0,1.0,0.0,0.0,0.0,0.0,0.0,0.0,0.0,0.0,0.0,0.0,1.0,0.0,0.0,0.0,0.0,0.0,0.0,0.0,1.0,0.0,0.0,0.0,0.0,0.0,0.0,0.0,1.0,,,,,,,,,,,,,,,,,,,,,,,,,,,,,,,,,,,,,,,,,,,,,,,,,,,,,,,
2025,DISTRICT_MANAGED_2025.xlsx,Traditional,TALMAN,Elementary,GAGE PARK,ISP,41,,,,450.0,,0.0,1.0,1.0,1.0,1.0,1.0,0.0,0.5,0.0,1.0,1.0,121244.54,8.5,16.0,0.0,0.0,2.0,2.0,,1.0,17280.0,0.0,0.0,3.0,2.0,318.0,302.0,0.0,302.0,24:1,689.0,13.0,3.0,1.0,0.0,0.0,0.0,0.0,0.0,0.0,0.0,0.0,0.0,0.0,0.0,0.0,0.0,0.0,0.0,0.0,0.0,0.0,0.0,0.0,0.0,0.0,0.0,0.0,0.0,0.0,0.0,,,,,,,,,,,,,,,,,,,,,,,,,,,,,,,,,,,,,,,,,,,,,,,,,,,,,,,
2025,DISTRICT_MANAGED_2025.xlsx,Traditional,TANNER,Elementary,GREATER GRAND CROSSING,Network 12,40,,,,462.0,,0.0,1.0,1.0,1.0,1.0,1.0,0.0,0.5,0.0,0.0,0.3,84430.9,5.0,10.0,0.5,0.0,4.0,2.0,,0.0,17280.0,0.0,1.0,4.0,1.0,224.0,224.0,0.0,224.0,24:1,677.0,10.0,3.0,1.0,0.0,0.0,0.0,0.0,0.0,0.0,0.0,0.0,0.0,0.0,0.0,0.0,0.0,0.0,0.0,0.0,0.0,1.0,0.0,0.0,0.0,0.0,0.0,0.0,0.0,0.0,0.0,,,,,,,,,,,,,,,,,,,,,,,,,,,,,,,,,,,,,,,,,,,,,,,,,,,,,,,
2025,DISTRICT_MANAGED_2025.xlsx,Traditional,TARKINGTON,Elementary,CHICAGO LAWN,Network 10,40,,,,468.0,,0.0,1.0,1.0,1.0,2.0,0.0,0.0,0.3,0.0,1.0,3.7,225195.0,10.0,14.0,1.0,0.0,1.0,1.0,,1.0,17280.0,0.0,0.0,9.0,2.0,835.0,835.0,0.0,835.0,24:1,677.0,35.0,7.0,2.0,0.0,0.0,0.0,0.0,1.0,0.0,1.0,0.0,1.0,0.0,1.0,0.0,0.0,0.0,0.0,0.0,0.0,0.0,1.0,0.0,0.0,0.0,0.0,0.0,0.0,0.0,0.0,,,,,,,,,,,,,,,,,,,,,,,,,,,,,,,,,,,,,,,,,,,,,,,,,,,,,,,
2025,DISTRICT_MANAGED_2025.xlsx,Traditional,TAYLOR,Elementary,EAST SIDE,Network 13,36,,,,468.0,,0.0,1.0,1.0,1.0,1.0,1.0,2.0,0.0,0.0,0.0,2.12,121117.9,8.0,13.0,0.5,0.0,3.0,2.0,,1.0,17280.0,0.0,1.0,4.0,1.85,301.0,301.0,0.0,301.0,24:1,629.0,13.0,3.0,1.0,0.0,0.0,0.0,0.0,0.0,0.0,0.0,0.0,0.0,0.0,0.0,0.0,0.0,0.0,0.0,0.0,0.0,0.0,0.0,0.0,0.0,0.0,0.0,0.0,70000.0,0.0,0.0,,,,,,,,,,,,,,,,,,,,,,,,,,,,,,,,,,,,,,,,,,,,,,,,,,,,,,,
2025,DISTRICT_MANAGED_2025.xlsx,Traditional,TELPOCHCALLI,Elementary,SOUTH LAWNDALE,Network 7,44,,,,450.0,,0.0,1.0,1.0,1.0,1.0,1.0,0.0,0.0,0.0,2.0,0.0,123793.98,6.0,8.0,0.5,0.0,1.0,1.0,,1.0,17280.0,50000.0,0.0,0.0,1.0,210.0,210.0,30.0,240.0,22:1,725.0,11.0,3.0,1.0,0.0,0.0,0.0,0.0,0.0,0.0,0.0,0.0,0.0,0.0,0.0,0.0,0.0,0.0,0.0,0.0,0.0,0.0,1.0,0.0,0.0,0.0,0.0,0.0,70000.0,0.0,0.0,,,,,,,,,,,,,,,,,,,,,,,,,,,,,,,,,,,,,,,,,,,,,,,,,,,,,,,
2025,DISTRICT_MANAGED_2025.xlsx,Traditional,THORP J,Elementary,SOUTH CHICAGO,Network 12,46,,,,480.0,,0.0,1.0,1.0,1.0,1.0,1.0,0.0,0.5,0.0,0.0,0.0,114946.34,10.0,33.0,1.0,0.0,2.0,1.0,,0.5,17280.0,50000.0,0.0,7.0,1.0,277.0,238.0,0.0,238.0,22:1,749.0,11.0,3.0,1.0,0.0,0.0,0.0,0.0,0.0,0.0,0.0,0.0,0.0,1.0,0.0,0.0,0.0,0.0,0.0,0.0,0.0,0.0,0.0,0.0,0.0,0.0,0.0,0.0,65000.0,0.0,0.0,,,,,,,,,,,,,,,,,,,,,,,,,,,,,,,,,,,,,,,,,,,,,,,,,,,,,,,
2025,DISTRICT_MANAGED_2025.xlsx,Traditional,THORP O,Elementary,DUNNING,ISP,32,,,,0.0,,0.0,1.0,1.0,1.0,2.0,0.0,0.0,0.0,0.0,0.0,0.0,124189.0,15.0,30.0,1.0,1.0,0.0,0.0,,1.0,17280.0,0.0,0.0,3.0,2.0,823.0,788.0,0.0,788.0,24:1,581.0,33.0,8.0,0.0,0.0,0.0,0.0,0.0,1.0,0.0,1.0,1.0,1.0,0.0,1.0,0.0,0.0,0.0,0.0,0.0,0.0,0.0,0.0,0.0,0.0,0.0,0.0,0.0,0.0,0.0,0.0,,,,,,,,,,,,,,,,,,,,,,,,,,,,,,,,,,,,,,,,,,,,,,,,,,,,,,,
2025,DISTRICT_MANAGED_2025.xlsx,Traditional,TILDEN HS,High School,NEW CITY,Network 16,42,,,,402.0,,0.0,1.0,1.0,1.0,1.0,1.0,0.0,1.11,0.0,0.0,2.95,128408.82,10.0,9.0,0.5,0.0,0.0,0.0,,1.0,17280.0,50000.0,0.0,2.0,5.0,223.0,207.0,20.0,227.0,18:1,1599.0,13.0,0.0,1.0,0.0,0.0,0.0,0.0,0.0,0.0,0.0,0.0,0.0,0.0,0.0,0.0,0.0,0.0,0.0,0.0,0.0,0.0,0.0,0.0,0.0,0.0,1.0,160000.0,100000.0,0.0,0.0,,,,,,,,,,,,,,,,,,,,,,,,,,,,,,,,,,,,,,,,,,,,,,,,,,,,,,,
2025,DISTRICT_MANAGED_2025.xlsx,Traditional,TILL,Elementary,WOODLAWN,Network 9,35,,,,456.0,,0.0,1.0,1.0,1.0,1.0,1.0,0.0,0.0,0.0,2.3000000000000003,0.45,87450.5,5.0,5.0,0.5,0.0,5.0,3.0,,0.5,17280.0,50000.0,0.0,3.0,2.0,274.0,274.0,0.0,274.0,24:1,617.0,12.0,3.0,1.0,1.0,0.0,0.0,0.0,0.0,0.0,0.0,0.0,0.0,0.0,0.0,0.0,0.0,0.0,0.0,0.0,0.0,0.0,0.0,0.0,0.0,0.0,0.0,0.0,70000.0,0.0,0.0,,,,,,,,,,,,,,,,,,,,,,,,,,,,,,,,,,,,,,,,,,,,,,,,,,,,,,,
2025,DISTRICT_MANAGED_2025.xlsx,Traditional,TILTON,Elementary,WEST GARFIELD PARK,Network 5,46,,,,456.0,,0.0,1.0,1.0,1.0,1.0,1.0,0.0,0.0,0.0,0.0,0.5,204733.6,4.0,5.0,0.0,0.0,1.0,1.0,,0.0,17280.0,0.0,1.0,3.0,2.0,223.0,223.0,0.0,223.0,22:1,749.0,11.0,3.0,1.0,0.0,0.0,0.0,0.0,0.0,0.0,0.0,0.0,0.0,0.0,0.0,0.0,0.0,0.0,0.0,1.0,0.0,0.0,0.0,0.0,0.0,0.0,1.0,0.0,65000.0,0.0,0.0,,,,,,,,,,,,,,,,,,,,,,,,,,,,,,,,,,,,,,,,,,,,,,,,,,,,,,,
2025,DISTRICT_MANAGED_2025.xlsx,Traditional,TUBMAN,Elementary,LAKE VIEW,Network 4,25,,,,0.0,,1.0,1.0,1.0,1.0,1.0,1.0,1.0,0.86,0.0,0.0,1.0,7601.6,9.5,9.0,0.0,0.0,1.0,1.0,,1.0,17280.0,0.0,0.0,2.0,1.0,259.0,259.0,10.0,269.0,26:1,497.0,11.0,3.0,0.0,1.0,1.0,0.0,0.0,0.0,0.0,0.0,0.0,0.0,0.0,0.0,0.0,0.0,0.0,2.0,0.0,0.0,0.0,0.0,0.0,0.0,0.0,0.0,0.0,0.0,0.0,0.0,,,,,,,,,,,,,,,,,,,,,,,,,,,,,,,,,,,,,,,,,,,,,,,,,,,,,,,
2025,DISTRICT_MANAGED_2025.xlsx,Traditional,TURNER-DREW,Elementary,ROSELAND,ISP,38,,,,420.0,,0.0,1.0,1.0,1.0,1.0,1.0,0.0,0.0,0.0,1.0,1.0,29311.120000000003,4.0,4.0,0.0,0.0,0.0,0.0,,0.0,17280.0,0.0,0.0,3.0,1.0,193.0,193.0,0.0,193.0,24:1,653.0,10.0,3.0,1.0,0.0,0.0,0.0,0.0,0.0,0.0,0.0,0.0,0.0,0.0,0.0,0.0,0.0,0.0,0.0,0.0,0.0,0.0,0.0,0.0,0.0,0.0,0.0,0.0,15000.0,0.0,0.0,,,,,,,,,,,,,,,,,,,,,,,,,,,,,,,,,,,,,,,,,,,,,,,,,,,,,,,
2025,DISTRICT_MANAGED_2025.xlsx,Traditional,TWAIN,Elementary,GARFIELD RIDGE,Network 10,30,,,,402.0,,0.0,1.0,1.0,1.0,2.0,0.0,0.0,1.0,0.0,3.0,1.0,183267.4,10.0,11.0,1.0,0.0,2.0,1.0,,1.0,17280.0,0.0,0.0,7.0,1.0,836.0,836.0,0.0,836.0,26:1,557.0,33.0,7.0,2.0,0.0,0.0,0.0,0.0,1.0,0.0,1.0,0.0,0.0,0.0,1.0,0.0,0.0,0.0,0.0,0.0,0.0,0.0,0.0,0.0,0.0,0.0,0.0,0.0,0.0,0.0,0.0,,,,,,,,,,,,,,,,,,,,,,,,,,,,,,,,,,,,,,,,,,,,,,,,,,,,,,,
2025,DISTRICT_MANAGED_2025.xlsx,Traditional,UPLIFT HS,High School,UPTOWN,Network 14,35,,,,372.0,,0.0,1.0,1.0,1.0,1.0,1.0,0.0,0.54,0.0,0.0,1.0,38288.08,10.0,27.0,0.5,0.0,0.0,0.0,,1.0,17280.0,50000.0,0.0,2.0,3.0,161.0,132.0,0.0,132.0,19:1,1473.0,10.0,0.0,1.0,0.0,0.0,0.0,0.0,0.0,0.0,0.0,0.0,2.0,0.0,0.5,0.0,0.0,0.0,0.0,0.0,0.0,0.0,0.0,0.0,0.0,0.0,0.0,0.0,0.0,0.0,0.0,,,,,,,,,,,,,,,,,,,,,,,,,,,,,,,,,,,,,,,,,,,,,,,,,,,,,,,
2025,DISTRICT_MANAGED_2025.xlsx,Traditional,VANDERPOEL,Elementary,BEVERLY,Network 10,33,,,,336.0,,0.0,1.0,1.0,1.0,1.0,1.0,0.0,0.0,0.0,0.0,0.7,64933.0,4.0,7.0,0.0,0.0,0.0,0.0,,0.0,17280.0,0.0,0.0,2.0,2.0,239.0,239.0,0.0,239.0,24:1,593.0,10.0,3.0,1.0,1.0,0.0,0.0,0.0,0.0,0.0,0.0,0.0,0.0,0.0,0.0,0.0,0.0,0.0,0.0,0.0,0.0,0.0,0.0,0.0,0.0,0.0,0.0,0.0,0.0,0.0,0.0,,,,,,,,,,,,,,,,,,,,,,,,,,,,,,,,,,,,,,,,,,,,,,,,,,,,,,,
2025,DISTRICT_MANAGED_2025.xlsx,Traditional,VOLTA,Elementary,ALBANY PARK,Network 1,32,,,,438.0,,1.0,1.0,1.0,1.0,2.0,0.0,0.0,0.0,0.0,2.0,0.5,313811.5,8.0,15.0,0.5,0.0,4.0,4.0,,1.0,17280.0,0.0,1.0,5.0,2.0,671.0,671.0,10.0,681.0,24:1,581.0,29.0,6.0,2.0,0.0,1.0,0.0,0.0,1.0,0.0,1.0,0.0,1.0,0.0,0.0,0.0,0.0,0.0,0.0,0.0,0.0,0.0,1.0,0.0,0.0,0.0,0.0,0.0,70000.0,0.0,0.0,,,,,,,,,,,,,,,,,,,,,,,,,,,,,,,,,,,,,,,,,,,,,,,,,,,,,,,
2025,DISTRICT_MANAGED_2025.xlsx,Traditional,VON LINNE,Elementary,AVONDALE,Network 4,24,,,,306.0,,0.0,1.0,1.0,1.0,2.0,0.0,0.0,1.55,0.0,0.0,0.0,209489.75,7.5,5.0,0.0,0.0,3.0,3.0,,1.0,17280.0,78960.0,0.0,4.0,2.0,620.0,620.0,20.0,640.0,26:1,485.0,25.0,5.0,2.0,0.0,0.0,0.0,0.0,0.0,0.0,1.0,0.0,0.0,0.0,0.0,0.0,0.0,0.0,0.0,0.0,0.0,0.0,1.0,0.0,0.0,0.0,0.0,0.0,0.0,0.0,0.0,,,,,,,,,,,,,,,,,,,,,,,,,,,,,,,,,,,,,,,,,,,,,,,,,,,,,,,
2025,DISTRICT_MANAGED_2025.xlsx,Traditional,VON STEUBEN HS,High School,NORTH PARK,Network 14,18,,,,318.0,,0.0,1.0,1.0,1.0,4.0,1.0,0.0,4.0,4.0,0.0,7.0,249622.52,14.0,11.0,1.0,0.0,0.0,0.0,,1.0,17280.0,0.0,0.0,8.0,4.0,1670.0,1647.0,0.0,1647.0,21:1,1167.0,79.0,0.0,3.0,0.0,0.0,0.0,0.0,0.0,1.0,0.0,2.0,2.0,0.0,1.0,0.0,0.0,0.0,0.0,0.0,0.0,0.0,0.0,0.0,0.0,0.0,0.0,130000.0,0.0,0.0,0.0,,,,,,,,,,,,,,,,,,,,,,,,,,,,,,,,,,,,,,,,,,,,,,,,,,,,,,,
2025,DISTRICT_MANAGED_2025.xlsx,Traditional,WACKER,Elementary,WASHINGTON HEIGHTS,ISP,39,,,,420.0,,0.0,1.0,1.0,1.0,1.0,1.0,0.0,0.0,0.0,0.0,0.83,72849.1,8.0,10.0,0.0,0.0,1.0,1.0,,0.0,17280.0,50000.0,0.0,2.0,1.0,203.0,203.0,0.0,203.0,24:1,665.0,10.0,3.0,1.0,0.0,0.0,0.0,0.0,0.0,0.0,0.0,0.0,0.0,0.0,0.0,0.0,0.0,0.0,0.0,0.0,0.0,0.0,0.0,0.0,0.0,0.0,0.0,0.0,0.0,0.0,0.0,,,,,,,,,,,,,,,,,,,,,,,,,,,,,,,,,,,,,,,,,,,,,,,,,,,,,,,
2025,DISTRICT_MANAGED_2025.xlsx,Traditional,WADSWORTH,Elementary,WOODLAWN,Network 9,33,,,,468.0,,0.0,1.0,1.0,1.0,1.0,1.0,0.0,0.0,0.0,3.0,0.0,152453.1,4.0,7.0,0.5,0.0,6.0,3.0,,0.0,17280.0,0.0,1.0,5.0,2.0,407.0,407.0,0.0,407.0,24:1,593.0,17.0,4.0,1.0,0.0,0.0,0.0,0.0,0.0,0.0,0.0,0.0,0.0,0.0,0.0,2.0,0.0,0.0,0.0,1.0,0.0,0.0,0.0,0.0,0.0,0.0,0.0,0.0,70000.0,0.0,0.0,,,,,,,,,,,,,,,,,,,,,,,,,,,,,,,,,,,,,,,,,,,,,,,,,,,,,,,
2025,DISTRICT_MANAGED_2025.xlsx,Traditional,WALSH,Elementary,LOWER WEST SIDE,Network 7,38,,,,366.0,,0.0,1.0,1.0,1.0,1.0,1.0,0.0,0.36,0.0,0.0,0.0,115806.5,13.0,21.0,1.0,0.0,2.0,1.0,,1.0,17280.0,50000.0,0.0,3.0,1.0,205.0,171.0,80.0,251.0,24:1,653.0,11.0,3.0,1.0,0.0,0.0,0.0,0.0,0.0,0.0,0.0,0.0,0.0,0.0,1.0,0.0,0.0,0.0,0.0,0.0,0.0,0.0,0.0,0.0,0.0,0.0,1.0,0.0,0.0,0.0,0.0,,,,,,,,,,,,,,,,,,,,,,,,,,,,,,,,,,,,,,,,,,,,,,,,,,,,,,,
2025,DISTRICT_MANAGED_2025.xlsx,Traditional,WARD J,Elementary,ARMOUR SQUARE,Network 6,33,,,,408.0,,0.0,1.0,1.0,1.0,1.0,1.0,0.0,1.0,0.0,1.0,0.0,208888.0,5.0,7.0,0.0,0.0,2.0,2.0,,1.0,17280.0,0.0,0.0,4.0,1.0,461.0,461.0,0.0,461.0,24:1,593.0,20.0,4.0,2.0,0.0,0.0,0.0,0.0,0.0,0.0,0.0,0.0,0.0,0.0,0.0,0.0,0.0,0.0,0.0,0.0,0.0,0.0,0.0,0.0,0.0,0.0,0.0,0.0,0.0,0.0,0.0,,,,,,,,,,,,,,,,,,,,,,,,,,,,,,,,,,,,,,,,,,,,,,,,,,,,,,,
2025,DISTRICT_MANAGED_2025.xlsx,Traditional,WARD L,Elementary,HUMBOLDT PARK,Network 5,47,,,,480.0,,0.0,1.0,1.0,1.0,1.0,1.0,0.0,0.0,0.0,0.0,0.0,255359.8333,7.0,13.0,0.5,0.0,5.0,3.0,,0.5,17280.0,0.0,1.0,4.0,2.0,216.0,204.0,10.0,214.0,22:1,761.0,10.0,3.0,1.0,0.0,0.0,0.0,0.0,0.0,0.0,0.0,0.0,0.0,0.0,0.0,0.0,0.0,0.0,0.0,0.0,0.0,0.0,0.0,0.0,0.0,0.0,0.0,0.0,100000.0,0.0,0.0,,,,,,,,,,,,,,,,,,,,,,,,,,,,,,,,,,,,,,,,,,,,,,,,,,,,,,,
2025,DISTRICT_MANAGED_2025.xlsx,Traditional,WARREN,Elementary,CALUMET HEIGHTS,Network 12,37,,,,468.0,,0.0,1.0,1.0,1.0,1.0,1.0,0.0,0.0,0.0,0.0,1.33,168099.25,4.0,4.0,0.0,0.0,1.0,1.0,,0.0,17280.0,50000.0,0.0,2.0,2.0,261.0,261.0,0.0,261.0,24:1,641.0,11.0,3.0,1.0,0.0,0.0,0.0,0.0,0.0,0.0,0.0,0.0,0.0,0.0,0.0,0.0,0.0,0.0,0.0,0.0,0.0,0.0,0.0,0.0,0.0,0.0,0.0,0.0,0.0,0.0,0.0,,,,,,,,,,,,,,,,,,,,,,,,,,,,,,,,,,,,,,,,,,,,,,,,,,,,,,,
2025,DISTRICT_MANAGED_2025.xlsx,Traditional,WASHINGTON G ES,Elementary,EAST SIDE,Network 13,38,,,,408.0,,0.0,1.0,1.0,1.0,1.0,1.0,0.0,0.0,0.0,2.0,1.98,200458.464,5.0,6.0,0.5,0.0,2.0,2.0,,1.0,17280.0,0.0,0.0,4.0,2.0,577.0,577.0,0.0,577.0,24:1,653.0,25.0,5.0,2.0,0.0,1.0,0.0,0.0,1.0,0.0,0.0,0.0,0.0,0.0,0.0,0.0,0.0,0.0,0.0,0.0,0.0,0.0,0.0,0.0,0.0,0.0,0.0,0.0,0.0,0.0,0.0,,,,,,,,,,,,,,,,,,,,,,,,,,,,,,,,,,,,,,,,,,,,,,,,,,,,,,,
2025,DISTRICT_MANAGED_2025.xlsx,Traditional,WASHINGTON H ES,Elementary,BURNSIDE,Network 12,40,,,,486.0,,0.0,1.0,1.0,1.0,1.0,1.0,0.0,0.0,0.0,0.0,0.15,249480.0,5.0,9.0,0.0,0.0,1.0,1.0,,0.0,17280.0,0.0,1.0,3.0,0.85,221.0,221.0,0.0,221.0,24:1,677.0,10.0,3.0,1.0,1.0,0.0,0.0,0.0,0.0,0.0,0.0,0.0,0.0,0.0,0.0,0.0,0.0,0.0,0.0,0.0,0.0,0.0,0.0,0.0,0.0,0.0,0.0,0.0,0.0,0.0,0.0,,,,,,,,,,,,,,,,,,,,,,,,,,,,,,,,,,,,,,,,,,,,,,,,,,,,,,,
2025,DISTRICT_MANAGED_2025.xlsx,Traditional,WASHINGTON HS,High School,EAST SIDE,Network 17,31,,,,420.0,,0.0,1.0,1.0,1.0,3.0,0.0,0.0,0.0,0.0,0.0,20.0,700971.25,21.0,16.0,2.0,0.0,0.0,0.0,,1.0,17280.0,0.0,0.0,8.0,3.0,1492.0,1467.0,0.0,1467.0,19:1,1401.0,78.0,0.0,3.0,0.0,0.0,0.0,0.0,1.0,1.0,2.0,1.0,1.0,1.0,1.0,0.0,0.0,0.0,2.0,0.0,0.0,0.0,0.0,0.0,0.0,0.0,0.0,0.0,15000.0,0.0,0.0,,,,,,,,,,,,,,,,,,,,,,,,,,,,,,,,,,,,,,,,,,,,,,,,,,,,,,,
2025,DISTRICT_MANAGED_2025.xlsx,Traditional,WATERS,Elementary,LINCOLN SQUARE,Network 2,21,,,,0.0,,0.0,1.0,1.0,1.0,2.0,0.0,0.0,2.0,0.0,0.0,0.5,23313.0,9.0,12.0,0.5,0.0,1.0,1.0,,1.0,17280.0,0.0,0.0,4.0,2.0,634.0,634.0,0.0,634.0,26:1,449.0,25.0,5.0,0.0,0.0,0.0,0.0,0.0,0.0,0.0,1.0,0.0,0.0,0.0,0.0,0.0,0.0,0.0,0.0,0.0,0.0,0.0,0.0,0.0,0.0,0.0,0.0,0.0,0.0,1.0,1.0,,,,,,,,,,,,,,,,,,,,,,,,,,,,,,,,,,,,,,,,,,,,,,,,,,,,,,,
2025,DISTRICT_MANAGED_2025.xlsx,Traditional,WEBSTER,Elementary,WEST GARFIELD PARK,Network 5,39,,,,438.0,,0.0,1.0,1.0,2.0,1.0,1.0,0.0,0.0,0.0,0.0,0.0,99161.44,4.0,3.0,0.0,0.0,3.0,2.0,,0.0,17280.0,50000.0,0.0,3.0,2.0,173.0,173.0,0.0,173.0,24:1,665.0,10.0,3.0,1.0,0.0,0.0,0.0,0.0,0.0,0.0,0.0,0.0,0.0,1.0,0.0,2.0,0.0,0.0,0.0,0.0,0.0,0.0,0.0,0.0,0.0,0.0,0.0,0.0,0.0,0.0,0.0,,,,,,,,,,,,,,,,,,,,,,,,,,,,,,,,,,,,,,,,,,,,,,,,,,,,,,,
2025,DISTRICT_MANAGED_2025.xlsx,Traditional,WELLS ES,Elementary,DOUGLAS,Network 9,33,,,,402.0,,0.0,1.0,1.0,1.0,1.0,1.0,0.0,0.52,0.0,0.0,0.0,117953.0,5.0,12.0,0.0,0.0,2.0,2.0,,0.0,17280.0,50000.0,0.0,3.0,2.0,283.0,283.0,0.0,283.0,24:1,593.0,12.0,3.0,1.0,0.0,0.0,0.0,0.0,0.0,0.0,0.0,0.0,0.0,0.0,1.0,0.0,0.0,0.0,1.0,0.0,0.0,0.0,0.0,0.0,0.0,0.0,0.0,0.0,0.0,0.0,0.0,,,,,,,,,,,,,,,,,,,,,,,,,,,,,,,,,,,,,,,,,,,,,,,,,,,,,,,
2025,DISTRICT_MANAGED_2025.xlsx,Traditional,WELLS HS,High School,WEST TOWN,Network 15,31,,,,390.0,,0.0,1.0,1.0,1.0,1.0,1.0,0.0,1.0,1.0,0.0,2.5,77433.57,7.0,5.0,0.5,0.0,0.0,0.0,,1.0,17280.0,58280.0,0.0,3.0,4.0,339.0,339.0,50.0,389.0,19:1,1401.0,21.0,0.0,1.0,0.0,0.0,0.0,0.0,0.0,1.0,0.0,0.0,1.0,0.0,0.0,0.0,0.5,0.0,0.0,0.0,0.0,0.0,0.0,0.0,0.0,0.0,1.0,150000.0,0.0,0.0,0.0,,,,,,,,,,,,,,,,,,,,,,,,,,,,,,,,,,,,,,,,,,,,,,,,,,,,,,,
2025,DISTRICT_MANAGED_2025.xlsx,Traditional,WENTWORTH,Elementary,WEST ENGLEWOOD,Network 11,50,,,,480.0,,0.0,1.0,1.0,1.0,2.0,1.0,0.0,0.0,0.0,1.0,2.0,191530.925,14.0,23.0,1.0,0.0,3.0,2.0,,0.5,17280.0,0.0,1.0,5.0,3.0,333.0,296.0,20.0,316.0,22:1,797.0,15.0,4.0,1.0,0.0,0.0,0.0,0.0,0.0,0.0,0.0,0.0,0.0,0.0,0.0,0.0,0.0,0.0,0.0,1.0,0.0,0.0,0.0,0.0,0.0,0.0,1.0,0.0,0.0,0.0,0.0,,,,,,,,,,,,,,,,,,,,,,,,,,,,,,,,,,,,,,,,,,,,,,,,,,,,,,,
2025,DISTRICT_MANAGED_2025.xlsx,Traditional,WEST PARK,Elementary,HUMBOLDT PARK,Network 5,44,,,,462.0,,0.0,1.0,1.0,1.0,2.0,1.0,0.0,1.0,0.0,0.0,1.5,211571.66,8.0,10.0,0.5,0.0,2.0,2.0,,1.0,17280.0,0.0,1.0,6.0,2.0,403.0,403.0,20.0,423.0,22:1,725.0,20.0,5.0,1.0,0.0,0.0,0.0,-1.0,0.0,0.0,0.0,0.0,1.0,0.0,0.0,0.0,0.0,0.0,0.0,0.0,0.0,0.0,0.0,0.0,0.0,0.0,0.0,0.0,70000.0,0.0,0.0,,,,,,,,,,,,,,,,,,,,,,,,,,,,,,,,,,,,,,,,,,,,,,,,,,,,,,,
2025,DISTRICT_MANAGED_2025.xlsx,Traditional,WEST RIDGE,Elementary,WEST RIDGE,ISP,29,,,,444.0,,0.0,1.0,1.0,1.0,1.0,1.0,0.0,0.0,0.0,4.0,2.0,103831.6,12.0,22.0,0.5,0.0,4.0,2.0,,1.0,17280.0,0.0,0.0,4.0,1.0,583.0,567.0,30.0,597.0,26:1,545.0,23.0,5.0,2.0,0.0,0.0,0.0,0.0,0.0,0.0,0.0,0.0,0.0,0.0,0.0,0.0,0.0,0.0,0.0,0.0,0.0,0.0,0.0,0.0,0.0,0.0,0.0,0.0,0.0,0.0,0.0,,,,,,,,,,,,,,,,,,,,,,,,,,,,,,,,,,,,,,,,,,,,,,,,,,,,,,,
2025,DISTRICT_MANAGED_2025.xlsx,Traditional,WESTCOTT,Elementary,CHATHAM,Network 11,49,,,,426.0,,0.0,1.0,1.0,1.0,2.0,1.0,0.0,0.0,0.0,0.0,1.8,191682.45,10.0,14.0,0.5,0.0,5.0,3.0,,0.0,17280.0,54520.0,0.0,4.0,1.0,339.0,338.0,0.0,338.0,22:1,785.0,16.0,4.0,1.0,0.0,0.0,0.0,0.0,0.0,0.0,0.0,0.0,0.0,0.0,0.0,0.0,0.0,0.0,0.0,0.0,0.0,0.0,0.0,0.0,0.0,0.0,0.0,0.0,65000.0,0.0,0.0,,,,,,,,,,,,,,,,,,,,,,,,,,,,,,,,,,,,,,,,,,,,,,,,,,,,,,,
2025,DISTRICT_MANAGED_2025.xlsx,Traditional,WESTINGHOUSE HS,High School,HUMBOLDT PARK,Network 15,34,,,,372.0,,0.0,1.0,1.0,1.0,3.0,1.0,0.0,2.0,3.0,0.0,3.0,677728.62,11.0,27.0,1.0,0.0,0.0,0.0,,1.0,17280.0,0.0,0.0,6.0,5.0,1236.0,1192.0,0.0,1192.0,19:1,1455.0,63.0,0.0,2.0,0.0,0.0,0.0,0.0,1.0,1.0,0.0,2.0,3.0,0.0,1.0,0.0,0.0,0.0,0.0,0.0,0.0,0.0,0.0,0.0,0.0,0.0,0.0,160000.0,0.0,0.0,0.0,,,,,,,,,,,,,,,,,,,,,,,,,,,,,,,,,,,,,,,,,,,,,,,,,,,,,,,
2025,DISTRICT_MANAGED_2025.xlsx,Traditional,WHISTLER,Elementary,WEST PULLMAN,Network 13,47,,,,456.0,,0.0,1.0,1.0,1.0,1.0,1.0,0.0,0.67,0.0,0.0,1.0,79130.0,7.0,20.0,0.5,0.0,1.0,1.0,,0.0,17280.0,50000.0,0.0,2.0,1.0,236.0,203.0,0.0,203.0,22:1,761.0,10.0,3.0,1.0,0.0,0.0,0.0,0.0,0.0,0.0,0.0,0.0,0.0,0.0,1.0,0.0,0.0,0.0,0.0,0.0,0.0,0.0,0.0,0.0,0.0,0.0,0.0,0.0,0.0,0.0,0.0,,,,,,,,,,,,,,,,,,,,,,,,,,,,,,,,,,,,,,,,,,,,,,,,,,,,,,,
2025,DISTRICT_MANAGED_2025.xlsx,Traditional,WHITE,Elementary,WEST PULLMAN,Network 13,37,,,,468.0,,0.0,1.0,1.0,1.0,1.0,1.0,0.0,0.0,0.0,0.0,0.0,173227.77999999997,3.0,3.0,0.0,0.0,1.0,1.0,,0.0,17280.0,0.0,1.0,2.0,1.0,108.0,108.0,0.0,108.0,24:1,641.0,10.0,3.0,1.0,0.0,0.0,0.0,0.0,0.0,0.0,0.0,0.0,0.0,0.0,0.0,0.0,0.0,0.0,0.0,0.0,0.0,0.0,0.0,0.0,0.0,0.0,0.0,0.0,0.0,0.0,0.0,,,,,,,,,,,,,,,,,,,,,,,,,,,,,,,,,,,,,,,,,,,,,,,,,,,,,,,
2025,DISTRICT_MANAGED_2025.xlsx,Traditional,WHITNEY,Elementary,SOUTH LAWNDALE,Network 7,40,,,,474.0,,0.0,1.0,1.0,1.0,2.0,1.0,0.0,0.02,0.0,1.0,2.67,82333.34499999999,7.0,7.0,0.5,0.0,4.0,3.0,,1.0,17280.0,82720.0,0.0,9.0,2.0,554.0,554.0,40.0,594.0,24:1,677.0,25.0,5.0,2.0,0.0,0.0,0.0,0.0,1.0,0.0,0.0,0.0,1.0,0.0,1.0,0.0,0.0,0.0,0.0,0.0,0.0,0.0,0.0,0.0,0.0,0.0,0.0,0.0,0.0,0.0,0.0,,,,,,,,,,,,,,,,,,,,,,,,,,,,,,,,,,,,,,,,,,,,,,,,,,,,,,,
2025,DISTRICT_MANAGED_2025.xlsx,Traditional,WHITTIER,Elementary,LOWER WEST SIDE,Network 7,41,,,,444.0,,0.0,1.0,1.0,1.0,1.0,1.0,0.0,0.0,0.0,0.0,1.19,106630.75,4.0,6.0,0.0,0.0,1.0,1.0,,1.0,17280.0,50000.0,0.0,2.0,1.0,159.0,159.0,70.0,229.0,24:1,689.0,10.0,3.0,1.0,0.0,0.0,0.0,0.0,0.0,0.0,0.0,0.0,0.0,0.0,0.0,0.0,0.0,0.0,0.0,0.0,0.0,0.0,1.0,0.0,0.0,0.0,0.0,0.0,15000.0,0.0,0.0,,,,,,,,,,,,,,,,,,,,,,,,,,,,,,,,,,,,,,,,,,,,,,,,,,,,,,,
2025,DISTRICT_MANAGED_2025.xlsx,Traditional,WILDWOOD,Elementary,FOREST GLEN,Network 1,19,,,,0.0,,0.0,1.0,1.0,1.0,1.0,1.0,0.0,0.74,0.0,0.0,1.0,21737.0,7.0,12.0,0.5,0.0,2.0,2.0,,0.5,17280.0,0.0,0.0,2.0,1.0,459.0,459.0,0.0,459.0,26:1,425.0,18.0,4.0,0.0,0.0,0.0,0.0,0.0,0.0,0.0,0.0,0.0,0.0,0.0,0.0,0.0,0.0,0.0,2.0,0.0,0.0,0.0,0.0,0.0,0.0,0.0,0.0,0.0,0.0,0.0,0.0,,,,,,,,,,,,,,,,,,,,,,,,,,,,,,,,,,,,,,,,,,,,,,,,,,,,,,,
2025,DISTRICT_MANAGED_2025.xlsx,Traditional,WILLIAMS HS,High School,GRAND BOULEVARD,Network 17,39,,,,402.0,,0.0,1.0,1.0,1.0,1.0,1.0,0.0,0.0,0.0,0.0,1.0,246611.65,4.0,1.0,0.0,0.0,0.0,0.0,,0.0,17280.0,0.0,1.0,2.0,4.0,79.0,79.0,0.0,79.0,19:1,1545.0,10.0,0.0,1.0,0.0,0.0,0.0,0.0,0.0,0.0,0.0,0.0,1.0,0.0,0.5,0.0,0.0,0.0,0.0,0.0,0.0,0.0,0.0,0.0,0.0,0.0,0.0,80000.0,0.0,0.0,0.0,,,,,,,,,,,,,,,,,,,,,,,,,,,,,,,,,,,,,,,,,,,,,,,,,,,,,,,
2025,DISTRICT_MANAGED_2025.xlsx,Traditional,WOODLAWN,Elementary,WOODLAWN,Network 9,40,,,,444.0,,0.0,1.0,1.0,1.0,1.0,1.0,0.0,1.0,0.0,0.0,0.0,104397.5,2.0,4.0,0.0,0.0,2.0,2.0,,0.0,17280.0,50000.0,0.0,2.0,1.0,142.0,142.0,0.0,142.0,24:1,677.0,7.0,3.0,1.0,0.0,0.0,0.0,0.0,0.0,0.0,0.0,0.0,0.0,0.0,0.0,0.0,0.0,0.0,0.0,0.0,0.0,0.0,0.0,0.0,0.0,0.0,0.0,0.0,0.0,0.0,0.0,,,,,,,,,,,,,,,,,,,,,,,,,,,,,,,,,,,,,,,,,,,,,,,,,,,,,,,
2025,DISTRICT_MANAGED_2025.xlsx,Traditional,WOODSON,Elementary,GRAND BOULEVARD,Network 9,43,,,,420.0,,0.0,1.0,1.0,1.0,1.0,1.0,0.0,0.0,0.0,0.0,1.0,186573.11,9.0,14.0,0.5,0.0,1.0,1.0,,0.0,17280.0,0.0,1.0,4.0,2.0,280.0,246.0,0.0,246.0,22:1,713.0,12.0,3.0,1.0,0.0,0.0,0.0,0.0,0.0,0.0,0.0,0.0,0.0,0.0,0.0,0.0,0.0,0.0,0.0,0.0,0.0,0.0,0.0,0.0,0.0,0.0,0.0,0.0,100000.0,0.0,0.0,,,,,,,,,,,,,,,,,,,,,,,,,,,,,,,,,,,,,,,,,,,,,,,,,,,,,,,
2025,DISTRICT_MANAGED_2025.xlsx,Traditional,WORLD LANGUAGE HS,High School,SOUTH LAWNDALE,Network 15,38,,,,408.0,,0.0,1.0,1.0,1.0,1.0,1.0,0.0,1.5,1.0,0.0,0.0,240723.1,10.0,5.0,0.5,0.0,0.0,0.0,,1.0,17280.0,0.0,1.0,0.0,6.0,326.0,326.0,10.0,336.0,19:1,1527.0,18.0,0.0,1.0,0.0,0.0,0.0,0.0,1.0,0.0,0.0,0.0,1.0,0.0,0.0,0.0,0.33333,0.0,0.0,0.0,0.0,0.0,0.0,0.0,0.0,0.0,0.0,0.0,0.0,0.0,0.0,,,,,,,,,,,,,,,,,,,,,,,,,,,,,,,,,,,,,,,,,,,,,,,,,,,,,,,
2025,DISTRICT_MANAGED_2025.xlsx,Traditional,YATES,Elementary,LOGAN SQUARE,Network 5,43,,,,468.0,,0.0,1.0,1.0,1.0,1.0,1.0,0.0,0.0,0.0,0.0,0.5,197421.2,13.0,22.0,0.5,0.0,1.0,1.0,,1.0,17280.0,0.0,1.0,4.0,3.0,287.0,249.0,30.0,279.0,22:1,713.0,13.0,4.0,1.0,0.0,0.0,0.0,0.0,0.0,0.0,0.0,0.0,0.0,1.0,0.0,0.0,0.0,0.0,0.0,0.0,0.0,0.0,0.0,0.0,0.0,0.0,1.0,0.0,0.0,0.0,0.0,,,,,,,,,,,,,,,,,,,,,,,,,,,,,,,,,,,,,,,,,,,,,,,,,,,,,,,
2025,DISTRICT_MANAGED_2025.xlsx,Traditional,YOUNG ES,Elementary,AUSTIN,Network 3,38,,,,486.0,,0.0,1.0,1.0,1.0,1.0,1.0,0.0,2.0,0.0,0.0,0.0,109129.67,7.0,7.0,0.5,0.0,2.0,2.0,,1.0,17280.0,0.0,1.0,6.0,1.0,367.0,367.0,10.0,377.0,24:1,653.0,16.0,4.0,1.0,0.0,0.0,0.0,0.0,0.0,0.0,0.0,0.0,0.0,0.0,0.0,0.0,0.0,0.0,0.0,0.0,0.0,0.0,0.0,0.0,0.0,0.0,0.0,0.0,70000.0,0.0,0.0,,,,,,,,,,,,,,,,,,,,,,,,,,,,,,,,,,,,,,,,,,,,,,,,,,,,,,,
2025,DISTRICT_MANAGED_2025.xlsx,Traditional,YOUNG HS,High School,NEAR WEST SIDE,Network 15,20,,,,0.0,,0.0,1.0,1.0,1.0,5.0,0.0,0.0,4.0,5.0,0.0,4.5,236064.5292,18.0,38.0,2.0,8.0,0.0,0.0,,0.5,17280.0,0.0,0.0,5.0,6.0,2224.0,2135.0,0.0,2135.0,21:1,1203.0,102.0,0.0,0.0,0.0,0.0,0.0,0.0,0.0,1.0,2.0,3.0,4.0,1.0,0.0,0.0,0.0,0.0,0.0,0.0,0.0,0.0,0.0,0.0,0.0,0.0,0.0,150000.0,0.0,0.0,0.0,,,,,,,,,,,,,,,,,,,,,,,,,,,,,,,,,,,,,,,,,,,,,,,,,,,,,,,
2025,DISTRICT_MANAGED_2025.xlsx,Traditional,ZAPATA,Elementary,SOUTH LAWNDALE,Network 7,40,,,,450.0,,0.0,1.0,1.0,2.0,2.0,1.0,0.0,2.0,0.0,1.0,1.0,159110.0,9.0,16.0,1.0,0.0,5.0,3.0,,1.0,17280.0,0.0,0.0,8.0,1.0,488.0,488.0,0.0,488.0,24:1,677.0,21.0,5.0,2.0,0.0,0.0,0.0,0.0,0.0,0.0,0.0,0.0,0.0,0.0,0.0,0.0,0.0,0.0,0.0,0.0,0.0,0.0,0.0,0.0,0.0,0.0,0.0,0.0,0.0,0.0,0.0,,,,,,,,,,,,,,,,,,,,,,,,,,,,,,,,,,,,,,,,,,,,,,,,,,,,,,,
2026,DISTRICT_MANAGED_2026.xlsx,Traditional,ADDAMS,Elementary,EAST SIDE,Network 13,31.0,,,,364.25,,0.0,1.0,1.0,1.0,1.0,0.0,,0.8,0.0,,0.0,198734.1,6.0,12.0,1.0,0.0,5.2,3.0,,,,,,4.0,2.0,,,,,24:1,593.0,20.0,4.0,2.0,0.0,0.0,0.0,,0.0,0.0,0.0,0.0,1.0,0.0,0.0,0.0,0.0,,0.0,,0.0,1.0,,0.0,0.0,0.0,0.0,0.0,0.0,0.0,0.0,541.0,475.0,459.0,16.0,0.0,0.0,0.0,0.0,0.0,0.0,0.0,0.0,0.0,0.0,1.0,18640.0,0.0,,,,,,,,,,,,,,,,,,,,,,,,,,,,,,,,,,,,,,
2026,DISTRICT_MANAGED_2026.xlsx,Traditional,AIR FORCE HS,High,ARMOUR SQUARE,Network 16,34.0,,,,377.0,,0.0,1.0,1.0,1.0,1.0,1.0,,1.0,1.0,,0.3199999999999999,138178.75,4.0,5.0,0.0,0.0,0.0,0.0,,,,,,2.0,2.0,,,,,19:1,1491.0,10.0,0.0,1.0,0.0,0.0,0.0,,0.0,0.0,0.0,0.0,0.0,0.0,0.0,0.0,0.5,,0.0,,0.0,0.0,,0.0,0.0,4.0,0.0,160000.0,0.0,0.0,0.0,130.0,130.0,118.0,12.0,0.0,60000.00000000001,0.0,0.0,0.0,0.0,0.0,0.0,0.0,0.0,0.5,18640.0,0.0,,,,,,,,,,,,,,,,,,,,,,,,,,,,,,,,,,,,,,
2026,DISTRICT_MANAGED_2026.xlsx,Traditional,ALBANY PARK,Elementary,ALBANY PARK,Network 1,37.0,,,,398.25,,0.0,1.0,1.0,1.0,1.0,0.0,,0.0,0.0,,2.0,126993.48,3.0,1.0,0.0,0.0,0.0,0.0,,,,,,3.0,1.0,,,,,24:1,665.0,11.0,3.0,1.0,0.0,0.0,0.0,,0.0,0.0,0.0,0.0,0.0,0.0,0.0,0.0,0.0,,0.0,,0.0,0.0,,0.0,0.0,0.0,0.0,0.0,75520.0,0.0,0.0,244.0,244.0,228.0,16.0,0.0,0.0,0.0,0.0,0.0,0.0,0.0,0.0,0.0,0.0,1.0,18640.0,0.0,,,,,,,,,,,,,,,,,,,,,,,,,,,,,,,,,,,,,,
2026,DISTRICT_MANAGED_2026.xlsx,Traditional,ALCOTT ES,Elementary,LINCOLN PARK,Network 4,19.0,,,,0.0,,0.0,1.0,1.0,2.0,1.0,1.0,,1.0,0.0,,0.5,21037.95,10.0,7.0,0.5,0.0,7.0,5.0,,,,,,4.0,2.0,,,,,26:1,449.0,18.0,4.0,0.0,0.0,2.0,0.0,,0.0,0.0,0.0,0.0,0.0,0.0,0.0,0.0,0.0,,0.0,,0.0,0.0,,0.0,0.0,0.0,0.0,0.0,0.0,2.0,1.0,559.0,468.0,468.0,0.0,0.0,0.0,1.0,0.0,0.0,0.0,0.0,0.0,0.0,0.0,0.5,18640.0,0.0,,,,,,,,,,,,,,,,,,,,,,,,,,,,,,,,,,,,,,
2026,DISTRICT_MANAGED_2026.xlsx,Traditional,ALCOTT HS,High,NORTH CENTER,Network 15,33.0,,,,313.25,,0.0,1.0,1.0,1.0,1.0,1.0,,0.0,0.0,,2.24,295369.74,19.0,13.0,1.0,0.0,0.0,0.0,,,,,,2.0,1.76,,,,,19:1,1473.0,20.0,0.0,1.0,0.0,0.0,0.0,,0.0,0.0,0.0,0.0,0.0,0.0,0.5,0.0,0.0,,0.0,,0.0,0.0,,0.0,0.0,0.0,0.0,0.0,0.0,0.0,0.0,363.0,363.0,371.0,-8.0,0.0,60000.0,0.0,0.0,0.0,0.0,0.0,0.0,0.0,0.0,1.0,18640.0,0.0,,,,,,,,,,,,,,,,,,,,,,,,,,,,,,,,,,,,,,
2026,DISTRICT_MANAGED_2026.xlsx,Traditional,ALDRIDGE,Elementary,RIVERDALE,Network 13,38.0,,,,449.25,,0.0,1.0,1.0,1.0,1.0,1.0,,0.0,0.0,,1.0,180640.68,5.0,11.0,0.5,0.0,1.0,1.0,,,,,,2.0,2.0,,,,,22:1,677.0,11.0,3.0,1.0,0.0,0.0,0.0,,0.0,0.0,0.0,0.0,0.0,0.0,0.0,0.0,0.0,,0.0,,0.0,0.0,,0.0,0.0,0.0,0.0,0.0,73933.0,0.0,0.0,256.0,226.0,224.0,2.0,0.0,0.0,0.0,0.0,0.0,0.0,0.0,0.0,0.0,0.0,0.0,18640.0,0.0,,,,,,,,,,,,,,,,,,,,,,,,,,,,,,,,,,,,,,
2026,DISTRICT_MANAGED_2026.xlsx,Traditional,AMUNDSEN HS,High,LINCOLN SQUARE,Network 14,18.0,,,,0.0,,0.0,1.0,1.0,1.0,3.0,0.0,,0.0,2.0,,6.69,68675.31,18.0,14.0,2.5,1.0,0.0,0.0,,,,,,6.0,4.85,,,,,21:1,1203.0,67.0,0.0,0.0,0.0,0.0,0.0,,0.0,1.0,0.0,3.0,2.0,0.0,2.0,0.0,0.0,,3.0,,0.0,0.0,,0.0,0.0,0.0,0.0,130000.0,0.0,0.0,0.0,1427.0,1403.0,1484.0,-81.0,0.0,0.0,0.0,0.0,0.0,0.0,0.0,0.0,0.0,0.0,1.0,18640.0,0.0,,,,,,,,,,,,,,,,,,,,,,,,,,,,,,,,,,,,,,
2026,DISTRICT_MANAGED_2026.xlsx,Traditional,ARIEL,Elementary,KENWOOD,Network 9,35.0,,,,402.5,,0.0,1.0,1.0,1.0,1.0,1.0,,3.0,0.0,,0.0,32074.27,11.0,22.0,0.5,0.0,2.0,2.0,,,,,,5.0,2.0,,,,,24:1,641.0,13.0,4.0,1.0,0.0,0.0,0.0,,0.0,0.0,0.0,0.0,0.0,0.0,0.0,0.0,0.0,,0.0,,0.0,0.0,,0.0,0.0,0.0,0.0,0.0,25000.0,1.0,0.0,372.0,303.0,287.0,16.0,0.0,0.0,0.0,0.0,0.0,0.0,0.0,0.0,0.0,0.0,0.0,18640.0,1.0,,,,,,,,,,,,,,,,,,,,,,,,,,,,,,,,,,,,,,
2026,DISTRICT_MANAGED_2026.xlsx,Traditional,ARMOUR,Elementary,BRIDGEPORT,Network 6,30.0,,,,381.25,,0.0,1.0,1.0,1.0,1.0,1.0,,0.0,0.0,,0.0,91694.0,7.0,8.0,0.5,0.0,3.0,2.0,,,,,,4.0,2.0,,,,,24:1,581.0,10.0,3.0,1.0,0.0,0.0,0.0,,0.0,0.0,0.0,0.0,0.0,0.0,1.0,0.0,0.0,,0.0,,0.0,0.0,,0.0,0.0,0.0,0.0,0.0,0.0,0.0,0.0,256.0,226.0,228.0,-2.0,0.0,0.0,0.0,0.0,0.0,0.0,0.0,0.0,0.0,1.0,1.0,18640.0,0.0,,,,,,,,,,,,,,,,,,,,,,,,,,,,,,,,,,,,,,
2026,DISTRICT_MANAGED_2026.xlsx,Traditional,ARMSTRONG G,Elementary,WEST RIDGE,ISP,26.0,,,,377.0,,2.0,1.0,1.0,1.0,3.0,0.0,,3.0,0.0,,0.5,300300.97,13.0,21.0,1.5,0.0,6.0,4.0,,,,,,9.0,2.0,,,,,26:1,533.0,47.0,10.0,3.0,0.0,0.0,0.0,,0.0,0.0,2.0,0.0,0.0,0.0,1.0,0.0,0.0,,0.0,,0.0,0.0,,0.0,0.0,0.0,0.0,0.0,0.0,0.0,0.0,1302.0,1213.0,1166.0,47.0,0.0,0.0,0.0,0.0,0.0,0.0,0.0,2.0,0.0,0.0,3.0,18640.0,0.0,,,,,,,,,,,,,,,,,,,,,,,,,,,,,,,,,,,,,,
2026,DISTRICT_MANAGED_2026.xlsx,Traditional,ASHBURN,Elementary,ASHBURN,Network 10,34.0,,,,364.25,,0.0,1.0,1.0,1.0,1.0,0.0,,0.0,0.0,,1.7000000000000002,3860.1,9.0,22.0,1.0,0.0,2.0,2.0,,,,,,2.0,1.0,,,,,24:1,629.0,11.0,3.0,1.0,0.0,0.0,0.0,,0.0,0.0,0.0,0.0,0.0,0.0,1.0,0.3,0.0,,0.0,,0.0,1.0,,0.0,0.0,0.0,0.0,0.0,0.0,0.0,0.0,326.0,254.0,260.0,-6.0,0.0,0.0,0.0,0.0,0.0,0.0,0.0,0.0,0.0,0.0,1.0,18640.0,0.0,,,,,,,,,,,,,,,,,,,,,,,,,,,,,,,,,,,,,,
2026,DISTRICT_MANAGED_2026.xlsx,Traditional,ASHE,Elementary,CHATHAM,Network 12,39.0,,,,411.0,,0.0,1.0,1.0,1.0,1.0,1.0,,0.0,0.0,,1.5,174455.54,5.0,13.0,0.5,0.0,2.0,2.0,,,,,,3.0,2.0,,,,,22:1,689.0,16.0,4.0,1.0,0.0,0.0,0.0,,0.0,0.0,0.0,0.0,0.0,0.0,0.0,0.0,0.0,,0.0,,0.0,0.0,,0.0,0.0,0.0,0.0,0.0,25000.0,0.0,0.0,380.0,348.0,338.0,10.0,0.0,0.0,0.0,0.0,0.0,0.0,0.0,0.0,0.0,0.0,1.0,18640.0,1.0,,,,,,,,,,,,,,,,,,,,,,,,,,,,,,,,,,,,,,
2026,DISTRICT_MANAGED_2026.xlsx,Traditional,AUDUBON,Elementary,NORTH CENTER,Network 4,17.0,,,,0.0,,0.0,1.0,2.0,2.0,1.0,1.0,,0.0,0.0,,0.0,115457.0,8.0,6.0,0.5,0.0,11.0,10.0,,,,,,4.0,3.0,,,,,26:1,425.0,18.0,4.0,0.0,0.0,0.0,0.0,,0.0,0.0,0.0,0.0,1.0,0.0,0.0,0.0,0.0,,0.0,,0.0,0.0,,0.0,0.0,0.0,0.0,0.0,0.0,3.0,0.0,606.0,444.0,450.0,-6.0,0.0,0.0,0.0,0.0,0.0,0.0,0.0,0.0,0.0,0.0,0.5,18640.0,0.0,,,,,,,,,,,,,,,,,,,,,,,,,,,,,,,,,,,,,,
2026,DISTRICT_MANAGED_2026.xlsx,Traditional,AUSTIN CCA HS,High,AUSTIN,Network 15,45.0,,,,419.5,,0.0,1.0,1.0,1.0,1.0,1.0,,2.0,0.0,,0.1,41257.44,5.0,2.0,0.0,0.0,0.0,0.0,,,,,,3.0,4.9,,,,,18:1,1689.0,10.0,0.0,0.0,0.0,0.0,0.0,,0.0,0.0,0.0,0.0,1.0,0.35,1.0,0.0,0.0,,0.0,,0.0,0.0,,0.0,0.0,0.0,0.0,160000.0,25000.0,0.0,0.0,140.0,140.0,172.0,-32.0,0.0,60000.0,0.0,0.0,0.0,0.0,0.0,0.0,0.0,0.0,0.5,18640.0,1.0,,,,,,,,,,,,,,,,,,,,,,,,,,,,,,,,,,,,,,
2026,DISTRICT_MANAGED_2026.xlsx,Traditional,AVALON PARK,Elementary,AVALON PARK,Network 12,36.0,,,,436.5,,0.0,1.0,1.0,1.0,1.0,1.0,,0.0,0.0,,0.0,73840.5,7.0,7.0,0.5,0.0,1.0,1.0,,,,,,2.0,2.0,,,,,24:1,653.0,10.0,3.0,0.0,1.0,0.0,1.0,,0.0,0.0,0.0,0.0,1.0,1.0,0.0,0.0,0.0,,0.0,,0.0,0.0,,0.0,0.0,0.0,0.0,0.0,25000.0,0.0,0.0,223.0,205.0,179.0,26.0,-1.0,0.0,0.0,0.0,0.0,0.0,0.0,1.59,0.0,0.0,0.0,18640.0,1.0,,,,,,,,,,,,,,,,,,,,,,,,,,,,,,,,,,,,,,
2026,DISTRICT_MANAGED_2026.xlsx,Traditional,AVONDALE-LOGANDALE,Elementary,AVONDALE,Network 4,27.0,,,,419.5,,0.0,1.0,1.0,1.0,1.0,1.0,,0.0,0.0,,1.0,175158.34,7.0,14.0,1.0,0.0,2.0,2.0,,,,,,7.0,2.0,,,,,24:1,545.0,19.0,4.0,1.0,0.0,0.0,0.0,,0.0,0.0,0.0,0.0,0.0,0.0,1.0,0.0,0.0,,0.0,,0.0,0.0,,0.0,0.0,0.0,0.0,0.0,0.0,0.0,0.0,458.0,434.0,458.0,-24.0,0.0,0.0,0.0,0.0,0.0,0.0,0.0,0.0,0.0,0.0,2.0,18640.0,0.0,,,,,,,,,,,,,,,,,,,,,,,,,,,,,,,,,,,,,,
2026,DISTRICT_MANAGED_2026.xlsx,Traditional,AZUELA,Elementary,WEST LAWN,Network 10,32.0,,,,355.75,,0.0,1.0,1.0,1.0,2.0,0.0,,1.0,0.0,,2.0,226285.8,9.0,15.0,1.0,0.0,0.0,0.0,,,,,,4.0,1.0,,,,,24:1,605.0,29.0,6.0,2.0,0.0,0.0,0.0,,0.0,0.0,1.0,0.0,1.0,0.0,0.0,0.0,0.0,,0.0,,0.0,0.0,,0.0,0.0,0.0,0.0,0.0,0.0,0.0,0.0,690.0,690.0,707.0,-17.0,0.0,0.0,0.0,0.0,0.0,0.0,0.0,1.0,0.0,0.0,2.0,18640.0,0.0,,,,,,,,,,,,,,,,,,,,,,,,,,,,,,,,,,,,,,
2026,DISTRICT_MANAGED_2026.xlsx,Traditional,BACK OF THE YARDS HS,High,NEW CITY,ISP,35.0,,,,411.0,,1.0,1.0,1.0,1.0,3.0,0.0,,6.0,1.0,,5.17,285107.88,9.0,2.0,1.0,0.0,0.0,0.0,,,,,,5.0,5.83,,,,,19:1,1509.0,54.0,0.0,2.0,0.0,0.0,0.0,,1.0,1.0,2.0,1.0,1.0,0.0,0.0,0.0,0.0,,3.0,,0.0,0.0,,0.0,0.0,0.0,0.0,0.0,0.0,0.0,0.0,1015.0,1015.0,1001.0,14.0,0.0,0.0,0.0,0.0,0.0,0.0,0.0,1.0,0.0,0.0,2.0,18640.0,0.0,,,,,,,,,,,,,,,,,,,,,,,,,,,,,,,,,,,,,,
2026,DISTRICT_MANAGED_2026.xlsx,Traditional,BARNARD,Elementary,BEVERLY,Network 10,26.0,,,,385.5,,0.0,1.0,1.0,1.0,1.0,1.0,,1.0,0.0,,0.05,69326.23000000001,4.0,6.0,0.5,0.0,2.0,1.0,,,,,,2.0,1.0,,,,,26:1,533.0,10.0,3.0,0.0,0.0,0.0,0.0,,0.0,0.0,0.0,0.0,0.0,0.0,0.0,0.0,0.0,,1.0,,0.0,0.0,,0.0,0.0,0.0,0.0,0.0,96009.0,0.0,0.0,242.0,224.0,228.0,-4.0,0.0,0.0,0.0,0.0,0.0,0.0,0.0,0.0,0.0,0.0,0.0,18640.0,0.0,,,,,,,,,,,,,,,,,,,,,,,,,,,,,,,,,,,,,,
2026,DISTRICT_MANAGED_2026.xlsx,Traditional,BARRY,Elementary,HERMOSA,Network 4,37.0,,,,411.0,,0.0,1.0,1.0,2.0,1.0,1.0,,0.0,0.0,,0.0,415273.06,8.0,17.0,1.0,0.0,2.0,2.0,,,,,,4.0,2.0,,,,,24:1,665.0,18.0,4.0,1.0,0.0,0.0,0.0,,0.0,0.0,0.0,0.0,0.0,0.0,0.0,0.0,0.0,,0.0,,0.0,0.0,,0.0,0.0,0.0,0.0,0.0,25000.0,0.0,0.0,475.0,422.0,422.0,0.0,0.0,0.0,0.0,0.0,0.0,0.0,0.0,0.0,0.0,0.0,2.0,18640.0,1.0,,,,,,,,,,,,,,,,,,,,,,,,,,,,,,,,,,,,,,
2026,DISTRICT_MANAGED_2026.xlsx,Traditional,BARTON,Elementary,AUBURN GRESHAM,Network 11,40.0,,,,411.0,,0.0,1.0,1.0,1.0,2.0,1.0,,1.0,0.0,,1.0,172059.3,9.0,17.0,1.0,1.0,4.0,2.0,,,,,,2.0,1.0,,,,,22:1,701.0,16.0,4.0,1.0,0.0,0.0,0.0,,0.0,0.0,0.0,0.0,0.0,0.0,0.0,0.0,0.0,,0.0,,0.0,0.0,,0.0,0.0,0.0,0.0,0.0,25000.0,0.0,0.0,412.0,342.0,334.0,8.0,0.0,0.0,0.0,0.0,0.0,0.0,0.0,0.0,0.0,0.0,1.0,18640.0,1.0,,,,,,,,,,,,,,,,,,,,,,,,,,,,,,,,,,,,,,
2026,DISTRICT_MANAGED_2026.xlsx,Traditional,BASS,Elementary,ENGLEWOOD,Network 11,41.0,,,,445.0,,0.0,1.0,1.0,1.0,1.0,1.0,,0.0,0.0,,0.8,106540.09,5.0,12.0,0.5,0.0,4.0,2.0,,,,,,4.0,2.0,,,,,22:1,713.0,13.0,3.0,1.0,1.0,0.0,0.0,,0.0,0.0,0.0,0.0,1.0,0.0,0.0,0.0,0.0,,0.0,,0.0,0.0,,0.0,0.0,0.0,0.0,0.0,25000.0,0.0,0.0,316.0,280.0,253.0,27.0,0.0,0.0,0.0,0.0,0.0,0.0,0.0,0.0,0.0,0.0,0.5,18640.0,1.0,,,,,,,,,,,,,,,,,,,,,,,,,,,,,,,,,,,,,,
2026,DISTRICT_MANAGED_2026.xlsx,Traditional,BATEMAN,Elementary,IRVING PARK,Network 1,23.0,,,,296.25,,0.0,1.0,1.0,1.0,2.0,0.0,,0.0,0.0,,2.0,147675.06,10.0,23.0,1.0,0.0,6.0,4.0,,,,,,6.0,1.0,,,,,26:1,497.0,32.0,7.0,2.0,0.0,0.0,0.0,,0.0,0.0,0.0,0.0,1.0,0.0,1.0,0.0,0.0,,0.0,,0.0,0.0,,0.0,0.0,0.0,0.0,0.0,0.0,0.0,0.0,901.0,807.0,857.0,-50.0,0.0,0.0,0.0,0.0,0.0,0.0,0.0,0.0,0.0,0.0,2.0,18640.0,0.0,,,,,,,,,,,,,,,,,,,,,,,,,,,,,,,,,,,,,,
2026,DISTRICT_MANAGED_2026.xlsx,Traditional,BEASLEY,Elementary,WASHINGTON PARK,Network 9,33.0,,,,385.5,,0.0,1.0,1.0,2.0,2.0,0.0,,0.0,0.0,,4.0,362454.0,8.0,38.0,1.5,0.0,10.0,6.0,,,,,,11.0,3.0,,,,,24:1,617.0,41.0,9.0,3.0,0.0,0.0,0.0,,1.0,0.0,2.0,1.0,0.0,0.0,0.0,2.0,0.0,,0.0,,1.0,0.0,,0.0,0.0,0.0,1.0,0.0,0.0,0.0,0.0,1130.0,980.0,885.0,95.0,0.0,0.0,0.0,0.0,0.0,0.0,0.0,0.0,0.0,0.0,0.0,18640.0,0.0,,,,,,,,,,,,,,,,,,,,,,,,,,,,,,,,,,,,,,
2026,DISTRICT_MANAGED_2026.xlsx,Traditional,BEAUBIEN,Elementary,JEFFERSON PARK,Network 1,21.0,,,,0.0,,0.0,1.0,1.0,1.0,2.0,0.0,,1.0,0.0,,1.0,112407.5,11.0,21.0,1.5,0.0,1.0,1.0,,,,,,3.0,3.0,,,,,26:1,473.0,37.0,8.0,0.0,0.0,0.0,0.0,,0.0,0.0,1.0,0.0,1.0,0.0,0.0,0.0,0.0,,0.0,,1.0,0.0,,0.0,0.0,0.0,0.0,0.0,0.0,0.0,0.0,1005.0,961.0,975.0,-14.0,0.0,0.0,0.0,0.0,0.0,0.0,0.0,1.0,0.0,0.0,1.0,18640.0,0.0,,,,,,,,,,,,,,,,,,,,,,,,,,,,,,,,,,,,,,
2026,DISTRICT_MANAGED_2026.xlsx,Traditional,BEETHOVEN,Elementary,GRAND BOULEVARD,Network 9,37.0,,,,428.0,,0.0,1.0,1.0,1.0,1.0,1.0,,1.0,0.0,,0.0,105788.69,7.0,8.0,1.0,0.0,3.0,2.0,,,,,,3.0,2.0,,,,,24:1,665.0,13.0,3.0,1.0,0.0,0.0,0.0,,0.0,0.0,0.0,0.0,0.0,0.8,0.0,0.0,0.0,,0.0,,0.0,0.0,,0.0,0.0,0.0,1.0,0.0,25000.0,0.0,0.0,334.0,293.0,283.0,10.0,0.0,0.0,0.0,0.0,0.0,0.0,0.0,0.0,0.0,0.0,1.0,18640.0,1.0,,,,,,,,,,,,,,,,,,,,,,,,,,,,,,,,,,,,,,
2026,DISTRICT_MANAGED_2026.xlsx,Traditional,BEIDLER,Elementary,EAST GARFIELD PARK,Network 5,37.0,,,,462.0,,0.0,1.0,1.0,1.0,1.0,1.0,,0.0,0.0,,2.15,72625.0,3.0,3.0,0.0,0.0,1.0,1.0,,,,,,3.0,0.85,,,,,24:1,665.0,10.0,3.0,0.0,0.0,0.0,0.0,,0.0,0.0,0.0,0.0,0.0,0.0,0.0,0.0,0.0,,0.0,,0.0,0.0,,0.0,0.0,0.0,0.0,0.0,25000.0,0.0,0.0,229.0,212.0,228.0,-16.0,0.0,0.0,0.0,0.0,0.0,0.0,0.0,0.0,0.0,0.0,0.5,18640.0,1.0,,,,,,,,,,,,,,,,,,,,,,,,,,,,,,,,,,,,,,
2026,DISTRICT_MANAGED_2026.xlsx,Traditional,BELDING,Elementary,IRVING PARK,Network 1,21.0,,,,275.0,,0.0,1.0,1.0,1.0,1.0,1.0,,0.0,0.0,,1.0,244272.0,9.0,12.0,1.0,0.0,2.0,2.0,,,,,,2.0,1.0,,,,,26:1,473.0,22.0,5.0,2.0,0.0,1.0,0.0,,0.0,0.0,0.0,0.0,0.0,0.0,0.0,0.0,0.0,,1.0,,0.0,0.0,,0.0,0.0,0.0,0.0,0.0,0.0,0.0,0.0,602.0,562.0,513.0,49.0,0.0,0.0,0.0,0.0,0.0,0.0,0.0,0.0,0.0,0.0,1.0,18640.0,0.0,,,,,,,,,,,,,,,,,,,,,,,,,,,,,,,,,,,,,,
2026,DISTRICT_MANAGED_2026.xlsx,Traditional,BELL,Elementary,NORTH CENTER,Network 4,13.0,,,,0.0,,0.0,1.0,1.0,1.0,2.0,0.0,,2.31,0.0,,0.0,21588.58,15.0,20.0,1.0,7.0,0.0,0.0,,,,,,2.0,2.0,,,,,26:1,377.0,34.0,8.0,0.0,0.0,1.0,0.0,,0.0,0.0,0.0,1.0,0.0,0.0,0.0,0.0,0.0,,0.0,,1.0,0.0,,0.0,0.0,0.0,0.0,0.0,0.0,0.69,2.0,902.0,873.0,825.0,48.0,0.0,0.0,1.0,0.0,0.0,0.0,0.0,0.0,0.0,0.0,1.0,18640.0,0.0,,,,,,,,,,,,,,,,,,,,,,,,,,,,,,,,,,,,,,
2026,DISTRICT_MANAGED_2026.xlsx,Traditional,BELMONT-CRAGIN,Elementary,BELMONT CRAGIN,Network 3,35.0,,,,389.75,,0.0,1.0,1.0,2.0,2.0,1.0,,1.0,0.0,,0.0,243122.0,8.0,12.0,1.0,0.0,9.0,6.0,,,,,,4.0,2.0,,,,,24:1,641.0,16.0,4.0,1.0,0.0,0.0,0.0,,0.0,0.0,0.0,0.0,0.0,0.0,0.0,1.0,0.0,,0.0,,0.0,0.0,,0.0,0.0,0.0,0.0,0.0,45707.0,0.0,0.0,528.0,384.0,391.0,-7.0,0.0,0.0,0.0,0.0,0.0,0.0,0.0,0.0,0.0,0.0,2.0,18640.0,0.0,,,,,,,,,,,,,,,,,,,,,,,,,,,,,,,,,,,,,,
2026,DISTRICT_MANAGED_2026.xlsx,Traditional,BENNETT,Elementary,ROSELAND,Network 13,37.0,,,,402.5,,0.0,1.0,1.0,1.0,1.0,1.0,,0.0,0.0,,1.76,99387.0,5.0,6.0,0.0,0.0,2.0,2.0,,,,,,2.0,1.0,,,,,24:1,665.0,12.0,3.0,1.0,0.0,0.0,0.0,,0.0,0.0,0.0,0.0,0.0,0.0,0.0,0.0,0.0,,0.0,,0.0,0.0,,0.0,0.0,0.0,0.0,0.0,25000.0,0.0,0.0,307.0,274.0,243.0,31.0,0.0,0.0,0.0,0.0,0.0,0.0,0.0,0.0,0.0,0.0,0.0,18640.0,1.0,,,,,,,,,,,,,,,,,,,,,,,,,,,,,,,,,,,,,,
2026,DISTRICT_MANAGED_2026.xlsx,Traditional,BLACK,Elementary,CALUMET HEIGHTS,Network 12,30.0,,,,355.75,,2.0,1.0,1.0,2.0,1.0,1.0,,0.0,0.0,,1.0,113770.24000000002,5.0,8.0,0.5,0.0,0.0,0.0,,,,,,3.0,2.0,,,,,24:1,581.0,14.0,3.0,1.0,0.0,0.0,0.0,,0.0,0.0,0.0,0.0,0.0,0.0,0.0,0.0,0.0,,0.0,,0.0,0.0,,0.0,0.0,0.0,0.0,0.0,0.0,0.0,0.0,336.0,336.0,356.0,-20.0,0.0,0.0,0.0,0.0,0.0,0.0,0.0,1.0,0.0,0.0,0.0,18640.0,0.0,,,,,,,,,,,,,,,,,,,,,,,,,,,,,,,,,,,,,,
2026,DISTRICT_MANAGED_2026.xlsx,Traditional,BLAINE,Elementary,LAKE VIEW,Network 4,20.0,,,,0.0,,0.0,1.0,1.0,1.0,1.0,0.0,,1.0,0.0,,0.17,40158.0,12.0,9.0,1.0,0.0,4.0,4.0,,,,,,3.0,1.83,,,,,26:1,461.0,22.0,5.0,0.0,0.0,0.0,0.0,,0.0,0.0,0.0,0.0,1.0,0.0,0.0,0.0,0.0,,0.0,,0.0,0.0,,0.0,0.0,0.0,0.0,0.0,0.0,2.0,0.0,634.0,557.0,553.0,4.0,0.0,0.0,2.0,0.0,0.0,0.0,-1.0,0.0,0.0,0.0,0.5,18640.0,0.0,,,,,,,,,,,,,,,,,,,,,,,,,,,,,,,,,,,,,,
2026,DISTRICT_MANAGED_2026.xlsx,Traditional,BOGAN HS,High,ASHBURN,Network 16,34.0,,,,381.25,,0.0,1.0,1.0,1.0,2.0,0.0,,1.0,0.0,,5.0,148245.5,12.0,15.0,1.5,0.0,0.0,0.0,,,,,,3.0,6.0,,,,,19:1,1491.0,30.0,0.0,1.0,0.0,0.0,0.0,,1.0,0.0,0.0,0.0,1.0,0.0,1.0,0.0,0.5,,2.0,,0.0,0.0,,0.0,0.0,2.0,0.0,150000.0,99000.0,0.0,0.0,599.0,564.0,537.0,27.0,0.0,60000.0,0.0,0.0,0.0,0.0,-1.0,0.45,0.0,0.0,1.0,18640.0,0.0,,,,,,,,,,,,,,,,,,,,,,,,,,,,,,,,,,,,,,
2026,DISTRICT_MANAGED_2026.xlsx,Traditional,BOND,Elementary,ENGLEWOOD,Network 11,44.0,,,,462.0,,0.0,1.0,1.0,1.0,1.0,1.0,,0.0,0.0,,0.0,262931.75,8.0,11.0,0.5,0.0,1.0,1.0,,,,,,3.0,2.0,,,,,22:1,749.0,10.0,3.0,1.0,0.0,0.0,0.0,,0.0,0.0,0.0,0.0,0.0,0.0,0.0,0.0,0.0,,0.0,,0.0,0.0,,0.0,0.0,0.0,0.0,0.0,0.0,0.0,0.0,232.0,180.0,200.0,-20.0,0.0,0.0,0.0,0.0,0.0,0.0,0.0,0.0,0.0,0.0,0.5,18640.0,0.0,,,,,,,,,,,,,,,,,,,,,,,,,,,,,,,,,,,,,,
2026,DISTRICT_MANAGED_2026.xlsx,Traditional,BOUCHET,Elementary,SOUTH SHORE,Network 12,34.0,,,,445.0,,0.0,1.0,1.0,1.0,2.0,0.0,,0.0,0.0,,2.5,278113.85,13.0,26.0,1.0,0.0,3.0,3.0,,,,,,6.0,3.0,,,,,24:1,629.0,24.0,6.0,2.0,0.0,0.0,0.0,,1.0,0.0,0.0,1.0,0.0,0.0,0.0,0.0,0.0,,2.0,,0.0,0.0,,0.0,0.0,0.0,1.0,0.0,97880.0,0.0,0.0,655.0,567.0,575.0,-8.0,0.0,0.0,0.0,0.0,0.0,-1.0,0.0,0.0,0.0,0.0,0.5,18640.0,0.0,,,,,,,,,,,,,,,,,,,,,,,,,,,,,,,,,,,,,,
2026,DISTRICT_MANAGED_2026.xlsx,Traditional,BOWEN HS,High,SOUTH CHICAGO,Network 17,44.0,,,,402.5,,0.0,1.0,1.0,1.0,1.0,1.0,,1.0,0.0,,2.75,69682.33,8.0,8.0,0.5,0.0,0.0,0.0,,,,,,5.0,6.0,,,,,18:1,1671.0,12.0,0.0,1.0,0.0,0.0,0.0,,0.0,0.0,0.0,0.0,0.0,0.0,1.0,0.0,0.5,,0.0,,0.0,0.0,,0.0,0.0,3.0,1.0,160000.0,25000.0,0.0,0.0,231.0,213.0,167.0,46.0,0.0,60000.0,0.0,0.0,0.0,0.0,0.0,0.0,0.0,0.0,1.0,18640.0,1.0,,,,,,,,,,,,,,,,,,,,,,,,,,,,,,,,,,,,,,
2026,DISTRICT_MANAGED_2026.xlsx,Traditional,BRADWELL,Elementary,SOUTH SHORE,Network 12,37.0,,,,402.5,,0.0,1.0,1.0,1.0,1.0,1.0,,0.0,0.0,,4.0,180142.04,9.0,7.0,0.5,0.0,2.0,2.0,,,,,,3.0,2.0,,,,,24:1,665.0,21.0,5.0,2.0,0.0,0.0,0.0,,0.0,0.0,0.0,0.0,0.0,0.0,0.0,0.0,0.0,,0.0,,0.0,0.0,,0.0,0.0,0.0,0.0,0.0,25000.0,0.0,0.0,516.0,492.0,420.0,72.0,0.0,0.0,0.0,0.0,0.0,0.0,0.0,0.0,0.0,0.0,1.0,18640.0,1.0,,,,,,,,,,,,,,,,,,,,,,,,,,,,,,,,,,,,,,
2026,DISTRICT_MANAGED_2026.xlsx,Traditional,BRENNEMANN,Elementary,UPTOWN,Network 2,31.0,,,,394.0,,0.0,1.0,1.0,1.0,1.0,1.0,,1.0,0.0,,1.0,203046.98,9.0,16.0,2.0,0.0,5.0,3.0,,,,,,4.0,1.0,,,,,24:1,593.0,17.0,4.0,1.0,0.0,0.0,0.0,,0.0,0.0,0.0,0.0,0.0,0.0,0.0,0.0,0.0,,0.0,,0.0,0.0,,0.0,0.0,0.0,0.0,0.0,0.0,0.0,0.0,480.0,395.0,388.0,7.0,0.0,0.0,0.0,0.0,0.0,0.0,0.0,0.0,0.0,0.0,1.0,18640.0,0.0,,,,,,,,,,,,,,,,,,,,,,,,,,,,,,,,,,,,,,
2026,DISTRICT_MANAGED_2026.xlsx,Traditional,BRENTANO,Elementary,LOGAN SQUARE,Network 4,23.0,,,,0.0,,0.0,1.0,1.0,1.0,2.0,0.0,,1.5,0.0,,0.87,130269.69999999998,10.0,15.0,1.0,0.0,6.0,3.0,,,,,,2.0,1.0,,,,,26:1,497.0,27.0,6.0,0.0,0.0,0.0,0.0,,0.0,0.0,1.0,0.0,0.0,0.0,0.0,0.0,0.0,,0.0,,0.0,0.0,,0.0,0.0,0.0,0.0,0.0,86708.0,0.0,1.0,764.0,692.0,664.0,28.0,0.0,0.0,0.0,0.0,0.0,0.0,0.0,0.0,0.0,0.0,1.0,18640.0,0.0,,,,,,,,,,,,,,,,,,,,,,,,,,,,,,,,,,,,,,
2026,DISTRICT_MANAGED_2026.xlsx,Traditional,BRIDGE,Elementary,DUNNING,Network 1,24.0,,,,300.5,,0.0,1.0,1.0,2.0,2.0,0.0,,0.0,0.0,,0.0,171825.73,10.0,17.0,1.5,0.0,7.0,4.0,,,,,,4.0,3.0,,,,,26:1,509.0,39.0,8.0,3.0,0.0,0.0,0.0,,0.0,0.0,0.0,1.0,2.0,0.0,1.0,0.0,0.0,,0.0,,0.0,0.0,,0.0,0.0,0.0,0.0,0.0,0.0,0.0,0.0,1091.0,999.0,1000.0,-1.0,0.0,0.0,0.0,0.0,0.0,-1.0,0.0,1.0,0.0,0.0,2.0,18640.0,0.0,,,,,,,,,,,,,,,,,,,,,,,,,,,,,,,,,,,,,,
2026,DISTRICT_MANAGED_2026.xlsx,Traditional,BRIGHT,Elementary,SOUTH DEERING,Network 13,39.0,,,,406.75,,0.0,1.0,1.0,1.0,1.0,1.0,,0.0,0.0,,0.0,243707.0,8.0,25.0,1.0,0.0,2.0,1.0,,,,,,2.0,1.0,,,,,22:1,689.0,10.0,3.0,0.0,1.0,0.0,0.0,,0.0,0.0,0.0,0.0,0.0,0.0,0.0,0.0,0.0,,0.0,,0.0,0.0,,0.0,0.0,0.0,0.0,0.0,26069.0,0.0,0.0,237.0,172.0,166.0,6.0,0.0,0.0,0.0,0.0,0.0,0.0,0.0,0.0,0.0,0.0,1.0,18640.0,1.0,,,,,,,,,,,,,,,,,,,,,,,,,,,,,,,,,,,,,,
2026,DISTRICT_MANAGED_2026.xlsx,Traditional,BRIGHTON PARK,Elementary,BRIGHTON PARK,Network 8,43.0,,,,406.75,,0.0,1.0,1.0,1.0,1.0,1.0,,0.0,0.0,,0.0,164197.09999999998,7.0,6.0,0.5,0.0,1.0,1.0,,,,,,3.0,1.0,,,,,22:1,737.0,13.0,3.0,1.0,0.0,0.0,0.0,,0.0,0.0,0.0,0.0,0.0,0.0,0.5,0.0,0.0,,0.0,,0.0,0.0,,0.0,0.0,0.0,0.0,0.0,25931.0,0.0,0.0,297.0,279.0,265.0,14.0,0.0,0.0,0.0,0.0,0.0,0.0,0.0,1.0,0.0,0.0,1.0,18640.0,1.0,,,,,,,,,,,,,,,,,,,,,,,,,,,,,,,,,,,,,,
2026,DISTRICT_MANAGED_2026.xlsx,Traditional,BRONZEVILLE CLASSICAL,Elementary,GRAND BOULEVARD,Network 9,23.0,,,,0.0,,0.0,1.0,1.0,1.0,1.0,1.0,,0.0,0.0,,1.0,157585.43,1.0,5.0,0.0,0.0,0.0,0.0,,,,,,3.0,1.0,,,,,26:1,497.0,18.0,4.0,0.0,0.0,0.0,0.0,,0.0,0.0,0.0,0.0,0.0,0.0,0.0,0.0,0.0,,0.0,,0.0,1.0,,0.0,0.0,0.0,0.0,0.0,0.0,0.0,0.0,457.0,457.0,423.0,34.0,0.0,0.0,0.0,0.0,0.0,0.0,0.0,0.0,0.0,0.0,0.0,18640.0,0.0,,,,,,,,,,,,,,,,,,,,,,,,,,,,,,,,,,,,,,
2026,DISTRICT_MANAGED_2026.xlsx,Traditional,BRONZEVILLE HS,High,GRAND BOULEVARD,Network 17,39.0,,,,419.5,,0.0,1.0,1.0,1.0,1.0,1.0,,1.0,0.0,,2.0,198458.5,6.0,5.0,0.0,0.0,0.0,0.0,,,,,,0.0,1.0,,,,,18:1,1581.0,10.0,0.0,0.0,0.0,0.0,0.0,,0.0,0.0,0.0,0.0,0.0,0.0,0.5,0.0,0.25,,1.0,,0.0,0.0,,0.0,0.0,0.0,0.0,80000.0,0.0,0.0,0.0,114.0,101.0,91.0,10.0,0.0,60000.0,0.0,0.0,0.0,0.0,0.0,0.0,0.0,0.0,0.0,18640.0,0.0,,,,,,,,,,,,,,,,,,,,,,,,,,,,,,,,,,,,,,
2026,DISTRICT_MANAGED_2026.xlsx,Traditional,BROOKS HS,High,ROSELAND,ISP,21.0,,,,283.5,,0.0,1.0,1.0,1.0,2.0,0.0,,1.0,2.0,,7.11,397329.52,6.0,16.0,1.0,0.0,0.0,0.0,,,,,,3.0,6.0,,,,,21:1,1257.0,46.0,0.0,2.0,0.0,0.0,0.0,,0.0,1.0,1.0,0.0,0.0,0.0,1.0,0.0,0.0,,0.0,,0.0,0.0,,0.0,0.0,0.0,0.0,0.0,0.0,0.0,0.89,994.0,957.0,942.0,15.0,0.0,0.0,0.0,0.0,0.0,0.0,0.0,0.0,0.0,0.0,0.0,18640.0,0.0,,,,,,,,,,,,,,,,,,,,,,,,,,,,,,,,,,,,,,
2026,DISTRICT_MANAGED_2026.xlsx,Traditional,BROWN R,Elementary,WEST PULLMAN,Network 13,40.0,,,,453.5,,0.0,1.0,1.0,1.0,1.0,1.0,,0.0,0.0,,0.5,60365.0,4.0,8.0,0.5,0.0,2.0,1.0,,,,,,2.0,1.0,,,,,22:1,701.0,11.0,3.0,1.0,0.0,0.0,0.0,,0.0,0.0,0.0,0.0,0.0,0.0,1.0,0.0,0.0,,0.0,,0.0,0.0,,0.0,0.0,0.0,0.0,0.0,0.0,0.0,0.0,281.0,238.0,245.0,-7.0,0.0,0.0,0.0,0.0,0.0,0.0,0.0,0.0,0.0,0.0,0.0,18640.0,1.0,,,,,,,,,,,,,,,,,,,,,,,,,,,,,,,,,,,,,,
2026,DISTRICT_MANAGED_2026.xlsx,Traditional,BROWN W,Elementary,NEAR WEST SIDE,Network 6,36.0,,,,445.0,,0.0,1.0,1.0,1.0,1.0,1.0,,0.38,0.0,,0.0,173702.49,9.0,7.0,1.0,0.0,2.12,1.0,,,,,,2.0,2.0,,,,,24:1,653.0,10.0,3.0,0.0,0.0,0.0,0.0,,0.0,0.0,0.0,0.0,0.0,0.0,0.0,0.0,0.0,,0.0,,0.0,0.0,,0.0,0.0,0.0,0.0,0.0,0.0,0.0,0.0,236.0,176.0,212.0,-36.0,0.0,0.0,0.0,0.0,0.0,0.0,0.0,0.0,0.0,1.0,0.0,18640.0,0.0,,,,,,,,,,,,,,,,,,,,,,,,,,,,,,,,,,,,,,
2026,DISTRICT_MANAGED_2026.xlsx,Traditional,BROWNELL,Elementary,GREATER GRAND CROSSING,Network 12,39.0,,,,440.75,,0.0,1.0,1.0,1.0,1.0,1.0,,0.0,0.0,,1.0,131439.1,3.0,6.0,0.0,0.0,1.0,1.0,,,,,,1.0,1.0,,,,,22:1,689.0,7.0,3.0,1.0,0.0,0.0,0.0,,0.0,0.0,0.0,0.0,0.0,0.0,0.0,0.0,0.0,,0.0,,0.0,0.0,,0.0,0.0,0.0,0.0,0.0,0.0,0.0,0.0,166.0,148.0,118.0,30.0,0.0,0.0,0.0,0.0,0.0,0.0,0.0,0.0,0.0,0.0,0.0,18640.0,0.0,,,,,,,,,,,,,,,,,,,,,,,,,,,,,,,,,,,,,,
2026,DISTRICT_MANAGED_2026.xlsx,Traditional,BRUNSON,Elementary,AUSTIN,Network 3,41.0,,,,436.5,,0.0,1.0,1.0,1.0,2.0,1.0,,1.0,0.0,,0.0,150802.34,8.0,16.0,1.0,0.0,5.0,3.0,,,,,,4.0,1.0,,,,,22:1,713.0,16.0,4.0,1.0,0.0,0.0,1.0,,0.0,0.0,0.0,0.0,0.0,0.0,1.0,0.0,0.0,,0.0,,0.0,0.0,,0.0,0.0,0.0,0.0,0.0,25000.0,0.0,0.0,464.0,348.0,337.0,11.0,0.0,0.0,0.0,0.0,0.0,0.0,0.0,0.0,0.0,0.0,1.0,18640.0,1.0,,,,,,,,,,,,,,,,,,,,,,,,,,,,,,,,,,,,,,
2026,DISTRICT_MANAGED_2026.xlsx,Traditional,BUDLONG,Elementary,LINCOLN SQUARE,ISP,25.0,,,,321.75,,0.0,1.0,1.0,1.0,2.0,0.0,,0.06,0.0,,1.0,152956.74000000002,13.0,14.0,1.0,0.0,6.94,5.0,,,,,,4.0,2.0,,,,,26:1,521.0,26.0,6.0,2.0,0.0,0.0,0.0,,0.0,0.0,1.0,0.0,1.0,0.0,0.0,0.0,0.0,,0.0,,0.0,0.0,,0.0,0.0,0.0,0.0,0.0,0.0,0.0,0.0,770.0,658.0,621.0,37.0,0.0,0.0,0.0,0.0,0.0,0.0,0.0,2.0,0.0,0.0,1.0,18640.0,0.0,,,,,,,,,,,,,,,,,,,,,,,,,,,,,,,,,,,,,,
2026,DISTRICT_MANAGED_2026.xlsx,Traditional,BURBANK,Elementary,BELMONT CRAGIN,Network 3,38.0,,,,415.25,,0.0,1.0,1.0,1.0,2.0,0.0,,2.0,0.0,,2.0,296386.02,9.0,30.0,1.5,0.0,4.0,3.0,,,,,,7.0,2.0,,,,,22:1,677.0,27.0,7.0,2.0,0.0,0.0,0.0,,1.0,0.0,1.0,0.0,0.0,0.0,0.81,0.19,0.0,,0.0,,0.0,0.0,,0.0,0.0,0.0,0.0,0.0,97880.0,0.0,0.0,691.0,589.0,610.0,-21.0,-1.0,0.0,0.0,0.0,0.0,0.0,0.0,0.0,0.0,0.0,2.0,18640.0,0.0,,,,,,,,,,,,,,,,,,,,,,,,,,,,,,,,,,,,,,
2026,DISTRICT_MANAGED_2026.xlsx,Traditional,BURKE,Elementary,WASHINGTON PARK,Network 9,35.0,,,,440.75,,0.0,1.0,1.0,2.0,1.0,1.0,,1.0,0.0,,0.365,106922.5,6.0,10.0,0.5,0.0,2.0,2.0,,,,,,2.0,2.0,,,,,24:1,641.0,12.0,3.0,1.0,0.0,0.0,0.0,,0.0,0.0,0.0,0.0,0.0,0.0,0.0,1.0,0.0,,0.0,,0.0,0.0,,0.0,0.0,0.0,0.0,0.0,25000.0,0.0,0.0,318.0,281.0,225.0,56.0,0.0,0.0,0.0,0.0,0.0,0.0,0.0,0.0,0.0,0.0,1.0,18640.0,1.0,,,,,,,,,,,,,,,,,,,,,,,,,,,,,,,,,,,,,,
2026,DISTRICT_MANAGED_2026.xlsx,Traditional,BURLEY,Elementary,LAKE VIEW,Network 4,21.0,,,,0.0,,0.0,1.0,1.0,1.0,1.0,1.0,,1.0,0.0,,0.0,117039.0,8.0,6.0,1.0,0.0,0.0,0.0,,,,,,2.0,1.0,,,,,26:1,473.0,19.0,4.0,0.0,0.0,0.0,0.0,,0.0,0.0,0.0,0.0,0.0,0.0,0.0,0.0,0.0,,0.0,,0.0,0.0,,0.0,0.0,0.0,0.0,0.0,0.0,1.5,2.0,494.0,494.0,496.0,-2.0,0.0,0.0,0.0,0.0,0.0,0.0,0.0,0.0,0.0,0.0,0.0,18640.0,0.0,,,,,,,,,,,,,,,,,,,,,,,,,,,,,,,,,,,,,,
2026,DISTRICT_MANAGED_2026.xlsx,Traditional,BURNHAM,Elementary,SOUTH DEERING,Network 13,35.0,,,,440.75,,0.0,1.0,1.0,1.0,1.0,1.0,,1.0,0.0,,0.7,195436.8,9.0,21.0,1.0,0.0,2.0,2.0,,,,,,4.0,2.0,,,,,24:1,641.0,15.0,4.0,1.0,0.0,0.0,0.0,,0.0,0.0,0.0,0.0,0.0,0.0,0.0,0.0,0.0,,0.0,,0.0,0.0,,0.0,0.0,0.0,0.0,0.0,25000.0,0.0,0.0,380.0,341.0,376.0,-35.0,0.0,0.0,0.0,0.0,0.0,0.0,0.0,0.0,0.0,0.0,0.0,18640.0,1.0,,,,,,,,,,,,,,,,,,,,,,,,,,,,,,,,,,,,,,
2026,DISTRICT_MANAGED_2026.xlsx,Traditional,BURNSIDE,Elementary,CHATHAM,Network 12,36.0,,,,398.25,,0.0,1.0,1.0,1.0,1.0,1.0,,0.0,0.0,,0.0,127499.32,5.0,17.0,0.5,0.0,1.0,1.0,,,,,,4.0,2.0,,,,,24:1,653.0,10.0,3.0,1.0,0.0,0.0,0.0,,0.0,0.0,0.0,0.0,1.0,0.0,0.0,0.0,0.0,,0.0,,0.0,0.0,,0.0,0.0,0.0,0.0,0.0,0.0,0.0,0.0,266.0,217.0,234.0,-17.0,0.0,0.0,0.0,0.0,0.0,0.0,0.0,0.0,0.0,0.0,0.0,18640.0,0.0,,,,,,,,,,,,,,,,,,,,,,,,,,,,,,,,,,,,,,
2026,DISTRICT_MANAGED_2026.xlsx,Traditional,BURR,Elementary,WEST TOWN,Network 6,22.0,,,,0.0,,0.0,1.0,1.0,1.0,1.0,0.0,,1.5,0.0,,0.0,56177.74,8.0,11.0,0.5,0.0,0.0,0.0,,,,,,1.0,1.0,,,,,26:1,485.0,18.0,4.0,0.0,0.0,0.0,0.0,,0.0,0.0,0.0,0.0,0.0,0.0,0.0,0.0,0.0,,0.0,,0.0,1.0,,0.0,0.0,0.0,0.0,0.0,0.0,0.0,0.0,465.0,465.0,457.0,8.0,0.0,0.0,0.0,0.0,0.0,0.0,-1.0,0.0,0.0,0.0,0.5,18640.0,0.0,,,,,,,,,,,,,,,,,,,,,,,,,,,,,,,,,,,,,,
2026,DISTRICT_MANAGED_2026.xlsx,Traditional,BURROUGHS,Elementary,BRIGHTON PARK,Network 8,40.0,,,,423.75,,0.0,1.0,1.0,1.0,1.0,1.0,,0.0,0.0,,0.0,182672.0,7.0,8.0,0.5,0.0,1.0,1.0,,,,,,4.0,1.0,,,,,22:1,701.0,14.0,3.0,1.0,0.0,0.0,0.0,,0.0,0.0,0.0,0.0,0.0,0.0,0.0,0.0,0.0,,0.0,,0.0,0.0,,0.0,0.0,0.0,0.0,0.0,0.0,0.0,0.0,303.0,290.0,288.0,2.0,0.0,0.0,0.0,0.0,0.0,0.0,0.0,2.0,0.0,0.0,1.0,18640.0,1.0,,,,,,,,,,,,,,,,,,,,,,,,,,,,,,,,,,,,,,
2026,DISTRICT_MANAGED_2026.xlsx,Traditional,BYRNE,Elementary,GARFIELD RIDGE,Network 10,20.0,,,,275.0,,0.0,1.0,1.0,1.0,2.0,0.0,,1.0,0.0,,0.0,176866.47,11.0,25.0,1.0,0.0,0.0,0.0,,,,,,3.0,2.0,,,,,26:1,461.0,22.0,5.0,2.0,0.0,0.0,0.0,,0.0,0.0,1.0,0.0,0.0,0.0,0.0,0.0,0.0,,1.0,,0.0,0.0,,0.0,0.0,0.0,0.0,0.0,0.0,0.0,0.0,607.0,572.0,541.0,31.0,0.0,0.0,0.0,0.0,0.0,0.0,0.0,1.0,0.0,0.0,1.0,18640.0,0.0,,,,,,,,,,,,,,,,,,,,,,,,,,,,,,,,,,,,,,
2026,DISTRICT_MANAGED_2026.xlsx,Traditional,CALMECA,Elementary,BRIGHTON PARK,Network 8,40.0,,,,402.5,,0.0,1.0,1.0,1.0,2.0,1.0,,0.0,0.0,,1.0,270198.75,8.0,13.0,1.0,0.0,4.0,2.0,,,,,,5.0,2.0,,,,,22:1,701.0,26.0,6.0,2.0,0.0,1.0,0.0,,1.0,0.0,0.0,0.0,0.0,0.0,0.0,0.0,0.0,,0.0,,0.0,0.0,,0.0,0.0,0.0,0.0,0.0,0.0,0.0,0.0,599.0,556.0,581.0,-25.0,0.0,0.0,0.0,0.0,0.0,0.0,0.0,3.0,0.0,0.0,2.0,18640.0,1.0,,,,,,,,,,,,,,,,,,,,,,,,,,,,,,,,,,,,,,
2026,DISTRICT_MANAGED_2026.xlsx,Traditional,CAMERON,Elementary,HUMBOLDT PARK,Network 5,38.0,,,,423.75,,0.0,1.0,1.0,1.0,2.0,0.0,,1.05,0.0,,3.0,239376.31,8.0,8.0,1.0,0.0,2.0,2.0,,,,,,7.0,2.0,,,,,22:1,677.0,29.0,6.0,2.0,0.0,0.0,0.0,,0.0,0.0,1.0,0.0,0.0,0.0,1.0,0.0,0.0,,0.0,,0.0,0.0,,0.0,0.0,0.0,2.0,0.0,0.0,0.0,0.0,666.0,629.0,630.0,-1.0,0.0,0.0,0.0,0.0,0.0,0.0,0.0,0.0,0.0,0.0,2.0,18640.0,0.0,,,,,,,,,,,,,,,,,,,,,,,,,,,,,,,,,,,,,,
2026,DISTRICT_MANAGED_2026.xlsx,Traditional,CAMRAS,Elementary,BELMONT CRAGIN,ISP,31.0,,,,385.5,,0.0,1.0,1.0,1.0,2.0,0.0,,0.0,0.0,,0.0,294716.29,10.0,11.0,1.0,0.0,7.0,4.0,,,,,,5.0,2.0,,,,,24:1,593.0,25.0,6.0,2.0,0.0,0.0,0.0,,1.0,0.0,1.0,0.0,1.0,0.0,1.0,0.0,0.0,,0.0,,0.0,0.0,,0.0,0.0,0.0,0.0,0.0,0.0,0.0,0.0,701.0,598.0,645.0,-47.0,0.0,0.0,1.0,0.0,0.0,0.0,0.0,0.0,0.0,1.0,2.0,18640.0,0.0,,,,,,,,,,,,,,,,,,,,,,,,,,,,,,,,,,,,,,
2026,DISTRICT_MANAGED_2026.xlsx,Traditional,CANTY,Elementary,DUNNING,Network 1,19.0,,,,279.25,,0.0,1.0,1.0,2.0,2.0,0.0,,0.5,0.0,,2.0,301537.38,16.0,19.0,1.5,0.0,5.0,4.0,,,,,,4.0,3.0,,,,,26:1,449.0,28.0,6.0,2.0,0.0,0.0,0.0,,0.0,0.0,0.0,0.0,0.0,0.0,0.0,0.0,0.0,,0.0,,0.0,0.0,,0.0,0.0,0.0,0.0,0.0,0.0,0.0,0.0,789.0,716.0,716.0,0.0,-1.0,0.0,0.0,0.0,0.0,-1.0,0.0,0.0,0.0,0.0,1.0,18640.0,0.0,,,,,,,,,,,,,,,,,,,,,,,,,,,,,,,,,,,,,,
2026,DISTRICT_MANAGED_2026.xlsx,Traditional,CARDENAS,Elementary,SOUTH LAWNDALE,ISP,37.0,,,,428.0,,1.0,1.0,1.0,3.0,2.0,0.0,,0.72,0.0,,0.0,528517.14,10.0,15.0,1.0,0.0,5.28,3.0,,,,,,8.0,5.0,,,,,24:1,665.0,31.0,7.0,2.0,0.0,0.0,0.0,,0.0,0.0,1.0,1.0,0.0,0.0,0.0,0.0,0.0,,0.0,,0.0,0.0,,0.0,0.0,0.0,0.0,0.0,0.0,0.0,0.0,770.0,729.0,754.0,-25.0,0.0,0.0,0.0,0.0,-1.0,0.0,0.0,0.0,0.0,0.0,2.0,18640.0,0.0,,,,,,,,,,,,,,,,,,,,,,,,,,,,,,,,,,,,,,
2026,DISTRICT_MANAGED_2026.xlsx,Traditional,CARNEGIE,Elementary,WOODLAWN,Network 9,31.0,,,,360.0,,0.0,1.0,1.0,1.0,1.0,1.0,,0.0,0.0,,1.0,243905.8,4.0,12.0,0.5,0.0,0.0,0.0,,,,,,4.0,2.0,,,,,24:1,593.0,17.0,4.0,1.0,1.0,0.0,0.0,,0.0,0.0,0.0,0.0,0.0,0.0,0.0,0.0,0.0,,1.0,,1.0,0.0,,0.0,0.0,0.0,0.0,0.0,87007.0,0.0,0.0,392.0,392.0,406.0,-14.0,0.0,0.0,0.0,0.0,0.0,0.0,0.0,0.0,0.0,0.0,0.0,18640.0,0.0,,,,,,,,,,,,,,,,,,,,,,,,,,,,,,,,,,,,,,
2026,DISTRICT_MANAGED_2026.xlsx,Traditional,CARROLL,Elementary,ASHBURN,Network 10,30.0,,,,402.5,,0.0,1.0,1.0,3.0,1.0,1.0,,1.0,0.0,,0.0,199342.99,7.0,8.0,1.0,0.0,4.0,3.0,,,,,,5.0,3.0,,,,,24:1,581.0,18.0,4.0,1.0,0.0,0.0,0.0,,0.0,0.0,0.0,0.0,0.0,0.0,0.0,0.0,0.0,,0.0,,0.0,0.0,,0.0,0.0,0.0,0.0,0.0,0.0,0.0,0.0,415.0,334.0,330.0,4.0,0.0,0.0,0.0,0.0,0.0,0.0,0.0,0.0,0.0,0.0,0.5,18640.0,0.0,,,,,,,,,,,,,,,,,,,,,,,,,,,,,,,,,,,,,,
2026,DISTRICT_MANAGED_2026.xlsx,Traditional,CARSON,Elementary,GAGE PARK,ISP,38.0,,,,406.75,,0.0,1.0,1.0,1.0,2.0,0.0,,0.5,0.0,,4.0,415841.0,6.0,5.0,0.5,0.0,3.0,3.0,,,,,,9.0,2.0,,,,,22:1,677.0,31.0,7.0,2.0,0.0,0.0,0.0,,0.0,0.0,1.0,1.0,2.0,0.0,0.0,0.0,0.0,,0.0,,0.0,0.0,,0.0,0.0,0.0,0.0,0.0,0.0,0.0,0.0,726.0,677.0,734.0,-57.0,-3.0,0.0,0.0,0.0,-1.0,0.0,0.0,0.0,0.0,0.0,2.0,18640.0,0.0,,,,,,,,,,,,,,,,,,,,,,,,,,,,,,,,,,,,,,
2026,DISTRICT_MANAGED_2026.xlsx,Traditional,CARTER,Elementary,WASHINGTON PARK,Network 9,38.0,,,,453.5,,0.0,1.0,1.0,1.0,1.0,1.0,,0.0,0.0,,1.0,167860.88,5.0,9.0,0.5,0.0,1.0,1.0,,,,,,4.0,1.0,,,,,22:1,677.0,12.0,3.0,1.0,0.0,0.0,0.0,,0.0,0.0,0.0,0.0,0.0,0.0,0.0,0.0,0.0,,0.0,,0.0,0.0,,0.0,0.0,0.0,0.0,0.0,91270.0,0.0,0.0,275.0,261.0,264.0,-3.0,0.0,0.0,0.0,0.0,0.0,0.0,0.0,1.0,0.0,0.0,0.0,18640.0,0.0,,,,,,,,,,,,,,,,,,,,,,,,,,,,,,,,,,,,,,
2026,DISTRICT_MANAGED_2026.xlsx,Traditional,CARVER G,Elementary,RIVERDALE,Network 13,37.0,,,,466.25,,0.0,1.0,1.0,2.0,1.0,1.0,,0.0,0.0,,2.0,229242.84,5.0,8.0,0.5,0.0,2.0,2.0,,,,,,4.0,4.0,,,,,24:1,665.0,18.0,4.0,1.0,0.0,0.0,0.0,,0.0,0.0,0.0,0.0,0.0,0.0,0.0,1.0,0.0,,0.0,,0.0,0.0,,0.0,0.0,0.0,1.0,0.0,98833.0,0.0,0.0,465.0,429.0,435.0,-6.0,0.0,0.0,0.0,0.0,0.0,0.0,0.0,0.0,0.0,0.0,0.0,18640.0,0.0,,,,,,,,,,,,,,,,,,,,,,,,,,,,,,,,,,,,,,
2026,DISTRICT_MANAGED_2026.xlsx,Traditional,CARVER MILITARY HS,High,RIVERDALE,Network 17,33.0,,,,389.75,,0.0,1.0,1.0,1.0,1.0,1.0,,0.0,0.0,,3.4,243763.48,6.0,5.0,0.5,0.0,0.0,0.0,,,,,,3.0,3.85,,,,,19:1,1473.0,22.0,0.0,1.0,0.0,0.0,0.0,,0.0,1.0,0.0,0.0,0.0,0.0,1.0,0.0,0.0,,0.0,,0.0,0.0,,0.0,0.0,7.0,0.0,150000.0,0.0,0.0,0.0,416.0,416.0,410.0,6.0,0.0,0.0,0.0,0.0,0.0,0.0,0.0,0.0,0.0,0.0,1.0,18640.0,0.0,,,,,,,,,,,,,,,,,,,,,,,,,,,,,,,,,,,,,,
2026,DISTRICT_MANAGED_2026.xlsx,Traditional,CASALS,Elementary,HUMBOLDT PARK,Network 5,38.0,,,,419.5,,0.0,1.0,1.0,1.0,1.0,1.0,,0.0,0.0,,1.0,158548.28999999998,4.0,2.0,0.5,0.0,5.0,3.0,,,,,,3.0,1.0,,,,,22:1,677.0,13.0,3.0,1.0,0.0,0.0,0.0,,0.0,0.0,0.0,0.0,0.0,0.0,0.0,0.0,0.0,,0.0,,0.0,0.0,,0.0,0.0,0.0,0.0,0.0,0.0,0.0,0.0,334.0,283.0,315.0,-32.0,0.0,0.0,0.0,0.0,0.0,0.0,0.0,0.0,0.0,0.0,1.0,18640.0,0.0,,,,,,,,,,,,,,,,,,,,,,,,,,,,,,,,,,,,,,
2026,DISTRICT_MANAGED_2026.xlsx,Traditional,CASSELL,Elementary,MOUNT GREENWOOD,ISP,21.0,,,,0.0,,1.0,1.0,1.0,1.0,1.0,1.0,,1.0,0.0,,0.0,84520.0,10.0,15.0,1.0,0.0,0.0,0.0,,,,,,2.0,1.0,,,,,26:1,473.0,14.0,4.0,0.0,0.0,0.0,0.0,,0.0,0.0,0.0,0.0,0.0,0.0,0.0,0.0,0.0,,0.0,,0.0,0.0,,0.0,0.0,0.0,0.0,0.0,0.0,0.0,0.0,362.0,348.0,340.0,8.0,0.0,0.0,1.0,0.0,0.0,0.0,0.0,0.0,0.0,0.0,0.0,18640.0,0.0,,,,,,,,,,,,,,,,,,,,,,,,,,,,,,,,,,,,,,
2026,DISTRICT_MANAGED_2026.xlsx,Traditional,CATHER,Elementary,EAST GARFIELD PARK,Network 5,37.0,,,,440.75,,0.0,1.0,1.0,1.0,1.0,1.0,,0.0,0.0,,0.0,221921.95,11.0,14.0,1.0,0.0,4.0,2.0,,,,,,2.0,2.0,,,,,24:1,665.0,11.0,3.0,1.0,0.0,0.0,0.0,,0.0,0.0,0.0,0.0,0.0,0.0,0.0,0.0,0.0,,0.0,,0.0,0.0,,0.0,0.0,0.0,0.0,0.0,25000.0,0.0,0.0,318.0,246.0,274.0,-28.0,0.0,0.0,0.0,0.0,0.0,0.0,0.0,0.9,0.0,0.0,0.0,18640.0,1.0,,,,,,,,,,,,,,,,,,,,,,,,,,,,,,,,,,,,,,
2026,DISTRICT_MANAGED_2026.xlsx,Traditional,CHALMERS,Elementary,NORTH LAWNDALE,Network 5,47.0,,,,462.0,,0.0,1.0,1.0,1.0,1.0,1.0,,0.0,0.0,,1.0,172265.0,4.0,10.0,0.5,0.0,4.0,2.0,,,,,,3.0,1.0,,,,,22:1,785.0,10.0,3.0,0.0,0.0,0.0,0.0,,0.0,0.0,0.0,0.0,0.0,0.0,0.0,0.0,0.0,,0.0,,0.0,0.0,,0.0,0.0,0.0,1.0,0.0,25000.0,0.0,0.0,208.0,173.0,203.0,-30.0,0.0,0.0,0.0,0.0,0.0,0.0,0.0,0.0,0.0,2.0,0.0,18640.0,1.0,,,,,,,,,,,,,,,,,,,,,,,,,,,,,,,,,,,,,,
2026,DISTRICT_MANAGED_2026.xlsx,Traditional,CHAPPELL,Elementary,LINCOLN SQUARE,Network 2,21.0,,,,0.0,,0.0,1.0,1.0,1.0,1.0,1.0,,1.0,0.0,,0.64,15282.32,12.0,37.0,1.0,0.0,2.0,2.0,,,,,,3.0,2.0,,,,,26:1,473.0,20.0,5.0,0.0,0.0,0.0,0.0,,0.0,0.0,0.0,0.0,0.0,0.0,0.0,0.0,0.0,,0.0,,0.0,0.0,,0.0,0.0,0.0,0.0,0.0,0.0,0.0,0.36,595.0,519.0,495.0,24.0,0.0,0.0,0.0,0.0,0.0,0.0,0.0,1.0,0.0,0.0,1.0,18640.0,0.0,,,,,,,,,,,,,,,,,,,,,,,,,,,,,,,,,,,,,,
2026,DISTRICT_MANAGED_2026.xlsx,Traditional,CHASE,Elementary,LOGAN SQUARE,Network 4,26.0,,,,309.0,,3.0,1.0,1.0,1.0,1.0,1.0,,1.79,0.0,,0.0,33060.05,13.0,27.0,1.0,5.0,5.21,3.0,,,,,,4.0,2.0,,,,,26:1,533.0,11.0,4.0,1.0,0.0,0.0,0.0,,0.0,0.0,0.0,0.0,0.0,0.0,0.0,0.0,0.0,,0.0,,0.0,0.0,,0.0,0.0,0.0,0.0,0.0,0.0,0.0,0.0,415.0,280.0,270.0,10.0,0.0,0.0,0.0,0.0,0.0,0.0,0.0,0.0,0.0,1.0,2.0,18640.0,0.0,,,,,,,,,,,,,,,,,,,,,,,,,,,,,,,,,,,,,,
2026,DISTRICT_MANAGED_2026.xlsx,Traditional,CHAVEZ,Elementary,NEW CITY,ISP,40.0,,,,432.25,,0.0,1.0,1.0,4.0,2.0,0.0,,1.0,0.0,,0.0,735168.75,9.0,14.0,1.0,0.0,4.0,3.0,,,,,,8.0,4.0,,,,,22:1,701.0,33.0,7.0,2.0,0.0,0.0,0.0,,1.0,0.0,1.0,1.0,0.0,0.0,0.0,0.0,0.0,,0.0,,0.0,0.0,,0.0,0.0,0.0,0.0,0.0,0.0,0.0,1.0,787.0,713.0,720.0,-7.0,-3.0,0.0,1.0,0.0,0.0,0.0,0.0,2.0,0.0,0.0,2.0,18640.0,1.0,,,,,,,,,,,,,,,,,,,,,,,,,,,,,,,,,,,,,,
2026,DISTRICT_MANAGED_2026.xlsx,Traditional,CHICAGO ACADEMY ES,Elementary,DUNNING,Network 1,32.0,,,,309.0,,0.0,1.0,1.0,1.0,1.0,1.0,,0.0,1.0,,0.0,241535.75,9.0,7.0,1.0,0.0,3.0,3.0,,,,,,6.0,1.0,,,,,24:1,605.0,21.0,5.0,2.0,0.0,0.0,0.0,,0.0,0.0,0.0,0.0,1.0,1.0,0.5,0.0,0.0,,0.0,,0.0,0.0,,0.0,0.0,0.0,0.0,0.0,0.0,0.0,0.0,550.0,492.0,509.0,-17.0,-2.0,0.0,0.0,0.0,0.0,0.0,0.0,0.0,0.0,0.0,1.0,18640.0,0.0,,,,,,,,,,,,,,,,,,,,,,,,,,,,,,,,,,,,,,
2026,DISTRICT_MANAGED_2026.xlsx,Traditional,CHICAGO ACADEMY HS,High,DUNNING,Network 14,30.0,,,,338.75,,0.0,1.0,1.0,1.0,2.0,1.0,,0.0,0.0,,6.0,287005.07,11.0,8.0,1.0,0.0,0.0,0.0,,,,,,0.0,2.0,,,,,19:1,1419.0,31.0,0.0,1.0,0.0,0.0,0.0,,1.0,1.0,0.0,0.0,0.0,0.0,0.5,0.0,0.0,,0.0,,0.0,0.0,,0.0,0.0,0.0,0.0,0.0,0.0,0.0,0.0,577.0,577.0,561.0,16.0,0.0,0.0,0.0,0.0,0.0,0.0,0.0,0.0,0.0,0.0,1.0,18640.0,0.0,,,,,,,,,,,,,,,,,,,,,,,,,,,,,,,,,,,,,,
2026,DISTRICT_MANAGED_2026.xlsx,Traditional,CHICAGO AGRICULTURE HS,High,MOUNT GREENWOOD,ISP,25.0,,,,275.0,,0.0,1.0,1.0,1.0,2.0,0.0,,1.9,0.0,,3.0,712065.5,21.0,39.0,2.0,0.0,0.0,0.0,,,,,,5.0,2.0,,,,,21:1,1329.0,33.0,0.0,0.0,0.0,0.0,0.0,,0.0,1.0,0.0,0.0,2.0,0.0,0.0,0.0,0.0,,0.0,,0.0,0.0,,0.0,0.0,0.0,0.0,0.0,0.0,0.0,0.0,758.0,681.0,702.0,-21.0,0.0,0.0,2.0,0.0,0.0,-1.0,0.0,0.0,1.0,0.0,0.5,18640.0,0.0,,,,,,,,,,,,,,,,,,,,,,,,,,,,,,,,,,,,,,
2026,DISTRICT_MANAGED_2026.xlsx,Traditional,CHICAGO MILITARY HS,High,DOUGLAS,Network 17,39.0,,,,389.75,,0.0,1.0,1.0,1.0,1.0,1.0,,2.5,0.0,,1.0,107219.24,4.0,6.0,0.5,0.0,0.0,0.0,,,,,,2.0,4.0,,,,,18:1,1581.0,11.0,0.0,0.0,0.0,0.0,0.0,,0.0,0.0,0.0,0.0,0.0,0.0,0.0,0.0,0.0,,0.0,,0.0,0.0,,0.0,0.0,5.0,0.0,160000.0,0.0,0.0,0.0,195.0,195.0,214.0,-19.0,0.0,60000.0,0.0,0.0,0.0,0.0,0.0,0.0,1.0,1.0,0.5,18640.0,0.0,,,,,,,,,,,,,,,,,,,,,,,,,,,,,,,,,,,,,,
2026,DISTRICT_MANAGED_2026.xlsx,Traditional,CHICAGO VOCATIONAL HS,High,AVALON PARK,Network 17,37.0,,,,406.75,,0.0,1.0,1.0,1.0,2.0,1.0,,2.0,0.4,,4.5,30352.5,13.0,20.0,1.5,3.0,0.0,0.0,,,,,,4.0,8.0,,,,,19:1,1545.0,27.0,0.0,1.0,0.0,0.0,0.0,,1.0,1.0,0.0,1.0,1.0,0.0,0.0,0.0,0.0,,0.0,,0.0,0.0,,0.0,0.0,2.0,2.0,160000.0,100840.0,0.0,1.0,579.0,503.0,519.0,-16.0,0.0,0.0,0.0,0.0,0.0,0.0,0.0,0.0,2.0,1.0,1.0,18640.0,0.0,,,,,,,,,,,,,,,,,,,,,,,,,,,,,,,,,,,,,,
2026,DISTRICT_MANAGED_2026.xlsx,Traditional,CHICAGO WORLD LANGUAGE ACADEMY,Elementary,NEAR WEST SIDE,Network 6,30.0,,,,0.0,,0.0,1.0,1.0,1.0,1.0,1.0,,0.0,0.0,,0.5,113774.26,5.0,10.0,0.5,0.0,0.0,0.0,,,,,,2.0,1.0,,,,,24:1,581.0,19.0,4.0,0.0,2.0,1.0,0.0,,0.0,0.0,0.0,0.0,1.0,0.0,0.0,0.0,0.0,,0.0,,0.0,0.0,,0.0,0.0,0.0,0.0,0.0,0.0,0.0,0.0,450.0,450.0,453.0,-3.0,0.0,0.0,0.0,0.0,0.0,0.0,0.0,0.0,0.0,0.0,1.0,18640.0,0.0,,,,,,,,,,,,,,,,,,,,,,,,,,,,,,,,,,,,,,
2026,DISTRICT_MANAGED_2026.xlsx,Traditional,CHOPIN,Elementary,WEST TOWN,Network 5,30.0,,,,419.5,,0.0,1.0,1.0,1.0,1.0,1.0,,0.0,0.0,,0.0,264234.62,8.0,24.0,1.0,0.0,4.0,2.0,,,,,,2.0,2.0,,,,,24:1,581.0,12.0,3.0,1.0,1.0,0.0,0.0,,0.0,0.0,0.0,0.0,0.0,0.0,0.0,0.0,0.0,,0.0,,0.0,0.0,,0.0,0.0,0.0,0.0,0.0,29096.0,0.0,0.0,327.0,268.0,273.0,-5.0,0.0,0.0,0.0,0.0,0.0,0.0,0.0,0.0,0.0,0.0,1.0,18640.0,1.0,,,,,,,,,,,,,,,,,,,,,,,,,,,,,,,,,,,,,,
2026,DISTRICT_MANAGED_2026.xlsx,Traditional,CHRISTOPHER,Elementary,GAGE PARK,Network 8,38.0,,,,419.5,,0.0,1.0,1.0,1.0,1.0,1.0,,0.0,0.0,,1.5,152984.63,18.0,73.0,1.5,0.0,0.0,0.0,,,,,,3.0,1.0,,,,,22:1,677.0,10.0,5.0,1.0,0.0,0.0,0.0,,0.0,0.0,0.0,0.0,0.0,0.0,0.0,0.0,0.0,,0.0,,0.0,0.0,,0.0,0.0,0.0,0.0,0.0,25000.0,0.0,0.0,319.0,166.0,188.0,-22.0,0.0,0.0,0.0,0.0,0.0,0.0,0.0,0.0,0.0,0.0,1.0,18640.0,1.0,,,,,,,,,,,,,,,,,,,,,,,,,,,,,,,,,,,,,,
2026,DISTRICT_MANAGED_2026.xlsx,Traditional,CLAREMONT,Elementary,CHICAGO LAWN,Network 10,43.0,,,,457.75,,0.0,1.0,1.0,1.0,1.0,1.0,,0.0,0.0,,0.0,339907.0,10.0,19.0,1.0,0.0,1.0,1.0,,,,,,4.0,2.0,,,,,22:1,737.0,12.0,4.0,1.0,0.0,0.0,0.0,,0.0,0.0,0.0,0.0,0.0,0.0,0.0,0.0,0.0,,0.0,,0.0,0.0,,0.0,0.0,0.0,1.0,0.0,0.0,0.0,0.0,333.0,262.0,264.0,-2.0,0.0,0.0,0.0,0.0,0.0,0.0,0.0,0.0,0.0,1.0,1.0,18640.0,1.0,,,,,,,,,,,,,,,,,,,,,,,,,,,,,,,,,,,,,,
2026,DISTRICT_MANAGED_2026.xlsx,Traditional,CLARK ES,Elementary,AUSTIN,ISP,37.0,,,,385.5,,0.0,1.0,1.0,1.0,1.0,1.0,,0.0,0.0,,1.0,69036.8,3.0,1.0,0.0,0.0,1.0,1.0,,,,,,2.0,1.0,,,,,24:1,665.0,10.0,3.0,1.0,0.0,0.0,0.0,,0.0,0.0,0.0,0.0,0.0,0.0,0.0,0.0,0.0,,0.0,,0.0,0.0,,0.0,0.0,0.0,0.0,0.0,0.0,0.0,0.0,132.0,123.0,129.0,-6.0,0.0,0.0,0.0,0.0,0.0,0.0,0.0,0.0,0.0,0.0,0.5,18640.0,0.0,,,,,,,,,,,,,,,,,,,,,,,,,,,,,,,,,,,,,,
2026,DISTRICT_MANAGED_2026.xlsx,Traditional,CLARK HS,High,AUSTIN,ISP,41.0,,,,432.25,,0.0,1.0,1.0,1.0,2.0,1.0,,1.0,0.0,,4.0,70672.29000000001,9.0,10.0,1.0,0.0,0.0,0.0,,,,,,5.0,4.0,,,,,18:1,1617.0,24.0,0.0,1.0,0.0,0.0,0.0,,0.0,1.0,0.0,0.0,0.0,1.0,1.0,0.0,0.0,,1.0,,0.0,0.0,,0.0,0.0,3.0,0.0,160000.0,0.0,0.0,0.0,445.0,422.0,370.0,52.0,0.0,0.0,0.0,0.0,0.0,0.0,0.0,0.0,1.0,1.0,0.0,18640.0,1.0,,,,,,,,,,,,,,,,,,,,,,,,,,,,,,,,,,,,,,
2026,DISTRICT_MANAGED_2026.xlsx,Traditional,CLAY,Elementary,HEGEWISCH,Network 13,24.0,,,,398.25,,0.0,1.0,1.0,3.0,1.0,1.0,,0.0,0.0,,1.0,193611.0,6.0,16.0,1.0,0.0,5.0,3.0,,,,,,6.0,2.0,,,,,26:1,509.0,20.0,4.0,2.0,0.0,0.0,0.0,,0.0,0.0,0.0,0.0,0.0,1.0,0.0,1.0,0.0,,0.0,,0.0,0.0,,0.0,0.0,0.0,0.0,0.0,0.0,0.0,0.0,577.0,513.0,537.0,-24.0,0.0,0.0,0.0,0.0,0.0,0.0,0.0,1.0,0.0,0.0,1.0,18640.0,0.0,,,,,,,,,,,,,,,,,,,,,,,,,,,,,,,,,,,,,,
2026,DISTRICT_MANAGED_2026.xlsx,Traditional,CLEMENTE HS,High,WEST TOWN,Network 15,33.0,,,,411.0,,0.0,1.0,1.0,1.0,2.0,0.0,,0.0,0.0,,8.0,293102.39,14.0,13.0,1.5,0.0,0.0,0.0,,,,,,6.0,7.0,,,,,19:1,1473.0,35.0,0.0,2.0,0.0,0.0,0.0,,1.0,0.0,1.0,0.0,0.0,0.0,1.0,0.0,0.75,,2.0,,0.0,0.0,,0.0,0.0,3.0,2.0,0.0,25000.0,0.0,0.0,673.0,657.0,749.0,-92.0,0.0,60000.0,0.0,0.0,0.0,0.0,0.0,0.0,0.0,0.0,1.0,18640.0,1.0,,,,,,,,,,,,,,,,,,,,,,,,,,,,,,,,,,,,,,
2026,DISTRICT_MANAGED_2026.xlsx,Traditional,CLEVELAND,Elementary,IRVING PARK,Network 1,27.0,,,,351.5,,0.0,1.0,1.0,1.0,1.0,1.0,,2.0,0.0,,0.0,115625.11,14.0,15.0,1.5,0.0,6.0,4.0,,,,,,3.0,1.0,,,,,24:1,545.0,17.0,4.0,1.0,0.0,0.0,0.0,,0.0,0.0,0.0,0.0,0.0,0.0,0.0,0.0,0.0,,0.0,,0.0,0.0,,0.0,0.0,0.0,0.0,0.0,0.0,0.0,0.0,507.0,385.0,379.0,6.0,0.0,0.0,0.0,0.0,0.0,0.0,0.0,0.0,0.0,0.0,2.0,18640.0,0.0,,,,,,,,,,,,,,,,,,,,,,,,,,,,,,,,,,,,,,
2026,DISTRICT_MANAGED_2026.xlsx,Traditional,CLINTON,Elementary,WEST RIDGE,ISP,27.0,,,,415.25,,0.0,1.0,1.0,1.0,2.0,0.0,,0.0,0.0,,0.0,342942.44,11.0,16.0,1.0,0.0,2.0,2.0,,,,,,5.0,2.0,,,,,24:1,545.0,43.0,9.0,3.0,0.0,0.0,0.0,,1.0,0.0,2.0,1.0,1.0,0.0,1.0,0.0,0.0,,0.0,,0.0,1.0,,0.0,0.0,0.0,0.0,0.0,0.0,0.0,0.0,1054.0,1015.0,1027.0,-12.0,0.0,0.0,0.0,0.0,0.0,0.0,0.0,2.0,0.0,0.0,3.0,18640.0,0.0,,,,,,,,,,,,,,,,,,,,,,,,,,,,,,,,,,,,,,
2026,DISTRICT_MANAGED_2026.xlsx,Traditional,CLISSOLD,Elementary,MORGAN PARK,Network 10,20.0,,,,287.75,,0.0,1.0,1.0,1.0,1.0,1.0,,1.0,0.0,,0.0,149784.37,14.0,18.0,1.0,0.0,4.0,4.0,,,,,,4.0,2.0,,,,,26:1,461.0,16.0,4.0,0.0,0.0,0.0,0.0,,0.0,0.0,0.0,0.0,0.0,0.0,0.0,0.0,0.0,,1.0,,0.0,0.0,,1.0,10.0,0.0,0.0,0.0,25068.0,0.0,0.0,511.0,399.0,357.0,42.0,0.0,0.0,0.0,0.0,0.0,0.0,0.0,0.0,0.0,0.0,0.0,18640.0,0.0,,,,,,,,,,,,,,,,,,,,,,,,,,,,,,,,,,,,,,
2026,DISTRICT_MANAGED_2026.xlsx,Traditional,COLEMON,Elementary,WEST PULLMAN,Network 13,39.0,,,,389.75,,0.0,1.0,1.0,1.0,1.0,1.0,,0.0,0.0,,0.0,217975.61,4.0,8.0,0.0,0.0,1.0,1.0,,,,,,2.0,1.0,,,,,22:1,689.0,10.0,3.0,1.0,0.0,0.0,0.0,,0.0,0.0,0.0,0.0,0.0,0.0,0.0,0.0,0.0,,0.0,,0.0,0.0,,0.0,0.0,0.0,0.0,0.0,0.0,0.0,0.0,169.0,151.0,159.0,-8.0,0.0,0.0,0.0,0.0,0.0,0.0,0.0,0.0,0.0,0.0,0.0,18640.0,0.0,,,,,,,,,,,,,,,,,,,,,,,,,,,,,,,,,,,,,,
2026,DISTRICT_MANAGED_2026.xlsx,Traditional,COLES,Elementary,SOUTH CHICAGO,Network 12,32.0,,,,428.0,,0.0,1.0,1.0,1.0,1.0,1.0,,0.0,0.0,,0.57,196690.03,6.0,9.0,0.5,0.0,1.0,1.0,,,,,,3.0,2.0,,,,,24:1,605.0,11.0,3.0,1.0,0.0,0.0,0.0,,0.0,0.0,0.0,0.0,0.0,0.0,0.0,0.0,0.0,,0.0,,0.0,0.0,,0.0,0.0,0.0,0.0,0.0,25000.0,0.0,0.0,290.0,248.0,218.0,30.0,0.0,0.0,0.0,0.0,0.0,0.0,0.0,0.0,0.0,0.0,0.5,18640.0,1.0,,,,,,,,,,,,,,,,,,,,,,,,,,,,,,,,,,,,,,
2026,DISTRICT_MANAGED_2026.xlsx,Traditional,COLLINS STEAM HS,High,NORTH LAWNDALE,Network 15,41.0,,,,470.5,,0.0,1.0,0.0,1.0,1.0,0.0,,5.0,0.0,,1.0,66365.14,6.0,6.0,0.5,0.0,0.0,0.0,,,,,,4.0,5.0,,,,,18:1,1617.0,11.0,0.0,0.0,0.0,0.0,0.0,,0.0,0.0,0.0,0.0,0.0,0.0,0.0,0.0,0.0,,0.0,,0.0,0.0,,0.0,0.0,0.0,0.0,160000.0,0.0,0.0,0.0,198.0,198.0,213.0,-15.0,0.0,60000.0,0.0,-1.0,0.0,0.0,-1.0,0.0,1.0,2.0,0.0,18640.0,0.0,,,,,,,,,,,,,,,,,,,,,,,,,,,,,,,,,,,,,,
2026,DISTRICT_MANAGED_2026.xlsx,Traditional,COLUMBIA EXPLORERS,Elementary,BRIGHTON PARK,ISP,39.0,,,,385.5,,0.0,1.0,1.0,3.0,2.0,0.0,,0.0,0.0,,0.0,411662.55,10.0,15.0,1.0,0.0,7.0,4.0,,,,,,6.0,2.0,,,,,22:1,689.0,29.0,6.0,2.0,0.0,0.0,0.0,,0.0,0.0,1.0,1.0,0.0,0.0,1.0,0.0,0.0,,0.0,,0.0,0.0,,0.0,0.0,0.0,0.0,0.0,0.0,0.0,0.0,718.0,617.0,647.0,-30.0,-2.0,0.0,0.0,0.0,-1.0,0.0,0.0,3.0,0.0,1.0,2.0,18640.0,1.0,,,,,,,,,,,,,,,,,,,,,,,,,,,,,,,,,,,,,,
2026,DISTRICT_MANAGED_2026.xlsx,Traditional,COOK,Elementary,AUBURN GRESHAM,Network 11,37.0,,,,411.0,,2.0,1.0,1.0,1.0,1.0,1.0,,1.0,0.0,,0.0,89517.88,7.0,11.0,0.5,0.0,2.0,2.0,,,,,,2.0,2.0,,,,,24:1,665.0,12.0,3.0,1.0,0.0,0.0,0.0,,0.0,0.0,0.0,0.0,0.0,0.0,0.0,0.0,0.0,,0.0,,0.0,0.0,,0.0,0.0,0.0,0.0,0.0,0.0,0.0,0.0,307.0,281.0,250.0,31.0,0.0,0.0,0.0,0.0,0.0,0.0,0.0,2.0,0.0,0.0,1.0,18640.0,0.0,,,,,,,,,,,,,,,,,,,,,,,,,,,,,,,,,,,,,,
2026,DISTRICT_MANAGED_2026.xlsx,Traditional,COONLEY,Elementary,NORTH CENTER,Network 2,17.0,,,,0.0,,0.0,1.0,1.0,1.0,2.0,0.0,,1.5,0.0,,1.0,152994.38,10.0,27.0,1.0,0.0,0.0,0.0,,,,,,2.0,2.0,,,,,26:1,425.0,27.0,6.0,0.0,0.0,0.0,0.0,,0.0,0.0,0.0,0.0,0.0,0.0,0.0,0.0,0.0,,0.0,,1.0,0.0,,0.0,0.0,0.0,0.0,0.0,0.0,0.0,5.0,722.0,689.0,739.0,-50.0,0.0,0.0,0.0,0.0,0.0,-1.0,0.0,0.0,0.0,0.0,0.5,18640.0,0.0,,,,,,,,,,,,,,,,,,,,,,,,,,,,,,,,,,,,,,
2026,DISTRICT_MANAGED_2026.xlsx,Traditional,COOPER,Elementary,LOWER WEST SIDE,Network 7,37.0,,,,406.75,,0.0,1.0,1.0,1.0,1.0,1.0,,1.0,0.0,,0.0,186483.0,9.0,7.0,1.0,3.0,1.0,1.0,,,,,,7.0,2.0,,,,,24:1,665.0,16.0,4.0,1.0,1.0,0.0,0.0,,0.0,0.0,0.0,0.0,1.0,0.0,0.0,0.0,0.0,,0.0,,0.0,0.0,,0.0,0.0,0.0,0.0,0.0,42981.0,0.0,0.0,428.0,364.0,429.0,-65.0,0.0,0.0,0.0,0.0,0.0,0.0,0.0,0.0,0.0,0.0,2.0,18640.0,0.0,,,,,,,,,,,,,,,,,,,,,,,,,,,,,,,,,,,,,,
2026,DISTRICT_MANAGED_2026.xlsx,Traditional,CORKERY,Elementary,SOUTH LAWNDALE,Network 7,43.0,,,,419.5,,0.0,1.0,1.0,1.0,2.0,1.0,,0.0,0.0,,1.0,281924.64,10.0,15.0,1.0,0.0,1.0,1.0,,,,,,5.0,1.0,,,,,22:1,737.0,18.0,5.0,1.0,0.0,0.0,0.0,,0.0,0.0,0.0,0.0,0.0,0.0,0.0,0.0,0.0,,0.0,,0.0,0.0,,0.0,0.0,0.0,0.0,0.0,48880.0,0.0,0.0,438.0,381.0,386.0,-5.0,0.0,0.0,0.0,0.0,0.0,0.0,0.0,1.0,0.0,0.0,1.0,18640.0,1.0,,,,,,,,,,,,,,,,,,,,,,,,,,,,,,,,,,,,,,
2026,DISTRICT_MANAGED_2026.xlsx,Traditional,CORLISS HS,High,PULLMAN,Network 17,40.0,,,,415.25,,0.0,1.0,1.0,1.0,2.0,1.0,,0.0,0.0,,3.0,267738.5,8.0,7.0,1.5,0.0,0.0,0.0,,,,,,6.0,5.0,,,,,18:1,1599.0,20.0,0.0,1.0,0.0,0.0,0.0,,0.0,0.0,0.0,0.0,0.0,0.0,1.0,0.0,1.0,,0.0,,0.0,0.0,,0.0,0.0,2.0,0.0,160000.0,0.0,1.0,0.0,364.0,351.0,264.0,87.0,0.0,60000.0,0.0,0.0,0.0,0.0,0.0,0.0,1.0,1.0,0.5,18640.0,1.0,,,,,,,,,,,,,,,,,,,,,,,,,,,,,,,,,,,,,,
2026,DISTRICT_MANAGED_2026.xlsx,Traditional,COURTENAY,Elementary,UPTOWN,Network 2,32.0,,,,440.75,,0.0,1.0,1.0,2.0,1.0,1.0,,1.0,0.0,,0.0,103020.16,11.0,22.0,1.0,0.0,4.0,2.0,,,,,,1.0,2.0,,,,,24:1,605.0,10.0,3.0,1.0,0.0,0.0,0.0,,0.0,0.0,0.0,0.0,0.0,0.0,0.0,1.0,0.0,,0.0,,0.0,0.0,,0.0,0.0,0.0,0.0,0.0,25000.0,0.0,0.0,267.0,186.0,219.0,-33.0,0.0,0.0,0.0,0.0,0.0,0.0,0.0,0.0,0.0,0.0,1.0,18640.0,1.0,,,,,,,,,,,,,,,,,,,,,,,,,,,,,,,,,,,,,,
2026,DISTRICT_MANAGED_2026.xlsx,Traditional,CRANE MEDICAL HS,High,NEAR WEST SIDE,Network 15,36.0,,,,415.25,,2.0,1.0,1.0,1.0,1.0,0.0,,3.0,0.0,,1.0,62883.53,5.0,4.0,0.5,0.0,0.0,0.0,,,,,,4.0,3.0,,,,,19:1,1527.0,15.0,0.0,1.0,0.0,0.0,0.0,,0.0,0.0,0.0,0.0,1.0,0.0,0.0,0.0,0.75,,0.0,,0.0,0.0,,0.0,0.0,0.0,0.0,160000.0,0.0,0.0,0.0,283.0,283.0,274.0,9.0,0.0,60000.0,0.0,0.0,0.0,0.0,-1.0,0.0,1.0,1.0,0.5,18640.0,0.0,,,,,,,,,,,,,,,,,,,,,,,,,,,,,,,,,,,,,,
2026,DISTRICT_MANAGED_2026.xlsx,Traditional,CROWN,Elementary,NORTH LAWNDALE,Network 5,40.0,,,,436.5,,0.0,1.0,1.0,1.0,1.0,1.0,,0.0,0.0,,0.2,196849.05,3.0,2.0,0.0,0.0,0.0,0.0,,,,,,2.0,0.8,,,,,22:1,701.0,10.0,3.0,1.0,0.0,0.0,0.0,,0.0,0.0,0.0,0.0,0.0,0.0,0.0,0.0,0.0,,0.0,,0.0,0.0,,0.0,0.0,0.0,0.0,0.0,0.0,0.0,0.0,94.0,94.0,105.0,-11.0,0.0,0.0,0.0,0.0,0.0,0.0,0.0,0.0,0.0,0.0,0.0,18640.0,0.0,,,,,,,,,,,,,,,,,,,,,,,,,,,,,,,,,,,,,,
2026,DISTRICT_MANAGED_2026.xlsx,Traditional,CUFFE,Elementary,AUBURN GRESHAM,Network 11,39.0,,,,462.0,,0.0,1.0,1.0,1.0,1.0,1.0,,1.0,0.0,,1.0,93800.58,4.0,7.0,0.5,0.0,1.0,1.0,,,,,,3.0,1.0,,,,,22:1,689.0,10.0,3.0,1.0,0.0,0.0,0.0,,0.0,0.0,0.0,0.0,0.0,0.0,0.0,0.125,0.0,,0.0,,0.0,0.0,,0.0,0.0,0.0,0.0,0.0,53880.0,0.0,0.0,250.0,216.0,199.0,17.0,0.0,0.0,0.0,0.0,0.0,0.0,0.0,0.0,0.0,1.0,0.0,18640.0,1.0,,,,,,,,,,,,,,,,,,,,,,,,,,,,,,,,,,,,,,
2026,DISTRICT_MANAGED_2026.xlsx,Traditional,CULLEN,Elementary,ROSELAND,Network 13,41.0,,,,436.5,,0.0,1.0,1.0,1.0,1.0,1.0,,0.0,0.0,,0.0,236617.775,4.0,6.0,0.5,0.0,0.0,0.0,,,,,,2.0,1.0,,,,,22:1,713.0,10.0,3.0,1.0,0.0,0.0,0.0,,0.0,0.0,0.0,0.0,0.0,0.0,0.0,0.0,0.0,,0.0,,0.0,0.0,,0.0,0.0,0.0,0.0,0.0,0.0,0.0,0.0,176.0,176.0,169.0,7.0,0.0,0.0,0.0,0.0,0.0,0.0,0.0,0.0,0.0,0.0,0.0,18640.0,0.0,,,,,,,,,,,,,,,,,,,,,,,,,,,,,,,,,,,,,,
2026,DISTRICT_MANAGED_2026.xlsx,Traditional,CURIE HS,High,ARCHER HEIGHTS,Network 15,30.0,,,,355.75,,0.0,1.0,1.0,1.0,6.0,0.0,,2.5,4.0,,25.25,366950.52,27.0,17.0,2.5,3.0,0.0,0.0,,,,,,13.0,7.75,,,,,19:1,1419.0,151.0,0.0,5.0,0.0,0.0,0.0,,0.0,1.0,2.0,4.0,2.0,0.0,4.0,0.0,0.0,,3.0,,0.0,0.0,,0.0,0.0,2.0,0.0,0.0,0.0,0.0,0.0,2888.0,2867.0,2888.0,-21.0,0.0,0.0,0.0,0.0,-1.0,0.0,0.0,0.0,1.0,0.0,4.0,18640.0,0.0,,,,,,,,,,,,,,,,,,,,,,,,,,,,,,,,,,,,,,
2026,DISTRICT_MANAGED_2026.xlsx,Traditional,CURTIS,Elementary,ROSELAND,Network 13,38.0,,,,436.5,,0.0,1.0,1.0,1.0,1.0,1.0,,0.5,0.0,,0.64,197291.0,6.0,7.0,0.5,0.0,1.0,1.0,,,,,,6.0,2.8,,,,,22:1,677.0,15.0,3.0,1.0,0.0,0.0,0.0,,0.0,0.0,0.0,0.0,0.0,0.0,0.0,0.0,0.0,,0.0,,0.0,0.0,,0.0,0.0,0.0,0.0,0.0,53880.0,0.0,0.0,348.0,330.0,304.0,26.0,0.0,0.0,0.0,0.0,0.0,0.0,0.0,0.0,0.0,0.0,0.5,18640.0,1.0,,,,,,,,,,,,,,,,,,,,,,,,,,,,,,,,,,,,,,
2026,DISTRICT_MANAGED_2026.xlsx,Traditional,DAISY BATES,Elementary,AVALON PARK,ISP,33.0,,,,389.75,,0.0,1.0,1.0,1.0,1.0,1.0,,0.0,0.0,,2.215,40605.72,6.0,7.0,0.5,0.0,2.0,2.0,,,,,,2.0,1.0,,,,,24:1,617.0,10.0,3.0,1.0,0.0,0.0,0.0,,0.0,0.0,0.0,0.0,0.0,0.0,0.0,0.0,0.0,,0.0,,0.0,0.0,,0.0,0.0,0.0,0.0,0.0,33026.0,0.0,0.0,224.0,181.0,200.0,-19.0,0.0,0.0,0.0,0.0,0.0,0.0,0.0,0.0,0.0,0.0,0.0,18640.0,0.0,,,,,,,,,,,,,,,,,,,,,,,,,,,,,,,,,,,,,,
2026,DISTRICT_MANAGED_2026.xlsx,Traditional,DALEY,Elementary,NEW CITY,Network 8,45.0,,,,432.25,,0.0,1.0,1.0,1.0,2.0,1.0,,1.0,0.0,,1.78,137965.5,4.0,4.0,0.5,0.0,2.0,2.0,,,,,,5.0,2.0,,,,,22:1,761.0,22.0,5.0,2.0,0.0,0.0,0.0,,0.0,0.0,0.0,0.0,0.0,0.0,0.0,0.0,0.0,,0.0,,0.0,0.0,,0.0,0.0,0.0,0.0,0.0,25000.0,0.0,0.0,511.0,477.0,472.0,5.0,-1.0,0.0,0.0,0.0,0.0,0.0,0.0,4.0,0.0,0.0,2.0,18640.0,1.0,,,,,,,,,,,,,,,,,,,,,,,,,,,,,,,,,,,,,,
2026,DISTRICT_MANAGED_2026.xlsx,Traditional,DARWIN,Elementary,LOGAN SQUARE,Network 4,28.0,,,,355.75,,1.0,1.0,1.0,1.0,1.0,1.0,,1.0,0.0,,1.0,136594.98,8.0,21.0,1.0,0.0,5.0,4.0,,,,,,5.0,1.89,,,,,24:1,557.0,17.0,4.0,1.0,0.0,0.0,0.0,,0.0,0.0,0.0,0.0,0.0,0.0,0.0,0.0,0.0,,0.0,,0.0,0.0,,0.0,0.0,0.0,0.0,0.0,0.0,0.0,0.11,502.0,390.0,413.0,-23.0,0.0,0.0,0.0,0.0,0.0,0.0,0.0,0.0,0.0,0.0,2.0,18640.0,0.0,,,,,,,,,,,,,,,,,,,,,,,,,,,,,,,,,,,,,,
2026,DISTRICT_MANAGED_2026.xlsx,Traditional,DAVIS M,Elementary,WEST ENGLEWOOD,ISP,44.0,,,,449.25,,0.0,1.0,1.0,1.0,1.0,1.0,,0.0,0.0,,0.5,143293.53,4.0,9.0,0.0,0.0,2.0,1.0,,,,,,2.0,1.0,,,,,22:1,749.0,10.0,3.0,0.0,0.0,0.0,0.0,,0.0,0.0,0.0,0.0,0.0,0.0,0.0,0.0,0.0,,0.0,,0.0,0.0,,0.0,0.0,0.0,0.0,0.0,0.0,0.0,0.0,121.0,101.0,127.0,-26.0,0.0,0.0,0.0,0.0,0.0,0.0,0.0,0.0,0.0,1.0,0.0,18640.0,0.0,,,,,,,,,,,,,,,,,,,,,,,,,,,,,,,,,,,,,,
2026,DISTRICT_MANAGED_2026.xlsx,Traditional,DAVIS N,Elementary,BRIGHTON PARK,Network 8,37.0,,,,419.5,,0.0,1.0,1.0,1.0,1.0,1.0,,0.0,0.0,,0.0,273551.0,5.0,11.0,1.0,0.0,8.0,4.0,,,,,,6.0,2.0,,,,,24:1,665.0,19.0,4.0,2.0,0.0,0.0,0.0,,0.0,0.0,0.0,0.0,1.0,0.0,1.0,2.0,0.0,,0.0,,0.0,0.0,,0.0,0.0,0.0,0.0,0.0,25000.0,0.0,0.0,540.0,454.0,445.0,9.0,0.0,0.0,0.0,0.0,0.0,0.0,0.0,0.0,0.0,0.0,2.0,18640.0,1.0,,,,,,,,,,,,,,,,,,,,,,,,,,,,,,,,,,,,,,
2026,DISTRICT_MANAGED_2026.xlsx,Traditional,DAWES,Elementary,ASHBURN,Network 10,28.0,,,,364.25,,0.0,1.0,1.0,1.0,2.0,0.0,,2.0,0.0,,1.0,144026.75,9.0,15.0,1.5,0.0,8.0,5.0,,,,,,6.0,1.0,,,,,24:1,557.0,34.0,7.0,2.0,0.0,0.0,0.0,,1.0,0.0,1.0,0.0,2.0,0.0,0.0,0.0,0.0,,0.0,,0.0,0.0,,0.0,0.0,0.0,0.0,0.0,47040.0,0.0,0.0,921.0,810.0,836.0,-26.0,0.0,0.0,0.0,0.0,0.0,0.0,0.0,0.0,0.0,0.0,1.0,18640.0,0.0,,,,,,,,,,,,,,,,,,,,,,,,,,,,,,,,,,,,,,
2026,DISTRICT_MANAGED_2026.xlsx,Traditional,DE DIEGO,Elementary,WEST TOWN,Network 5,32.0,,,,428.0,,0.0,1.0,1.0,1.0,1.0,1.0,,1.0,0.0,,1.13,139730.40000000002,10.0,27.0,1.0,0.0,6.0,3.0,,,,,,5.0,2.87,,,,,24:1,605.0,17.0,4.0,1.0,0.0,0.0,0.0,,0.0,0.0,0.0,0.0,0.0,0.0,0.0,2.0,0.0,,1.0,,0.0,1.0,,0.0,0.0,0.0,1.0,0.0,31703.0,0.0,0.0,522.0,407.0,478.0,-71.0,0.0,0.0,0.0,0.0,0.0,0.0,0.0,1.0,0.0,0.0,1.0,18640.0,1.0,,,,,,,,,,,,,,,,,,,,,,,,,,,,,,,,,,,,,,
2026,DISTRICT_MANAGED_2026.xlsx,Traditional,DECATUR,Elementary,WEST RIDGE,Network 2,20.0,,,,0.0,,0.0,1.0,1.0,1.0,1.0,1.0,,0.0,0.0,,0.12,89960.5,4.0,9.0,0.0,0.0,0.0,0.0,,,,,,2.0,1.88,,,,,26:1,461.0,14.0,3.0,0.0,0.0,0.0,0.0,,0.0,0.0,0.0,0.0,0.0,0.0,0.0,0.0,0.0,,0.0,,0.0,0.0,,0.0,0.0,0.0,0.0,0.0,0.0,1.0,0.0,341.0,341.0,329.0,12.0,0.0,0.0,0.0,0.0,0.0,0.0,0.0,1.0,0.0,0.0,0.0,18640.0,0.0,,,,,,,,,,,,,,,,,,,,,,,,,,,,,,,,,,,,,,
2026,DISTRICT_MANAGED_2026.xlsx,Traditional,DENEEN,Elementary,GREATER GRAND CROSSING,Network 12,36.0,,,,432.25,,0.0,1.0,1.0,1.0,1.0,1.0,,0.0,0.0,,2.0,177362.31,8.0,11.0,1.0,0.0,3.0,2.0,,,,,,4.0,1.0,,,,,24:1,653.0,17.0,4.0,1.0,0.0,0.0,0.0,,0.0,0.0,0.0,0.0,0.0,0.0,0.0,0.0,0.0,,0.0,,0.0,0.0,,0.0,0.0,0.0,0.0,0.0,25000.0,0.0,0.0,448.0,393.0,415.0,-22.0,0.0,0.0,0.0,0.0,0.0,0.0,0.0,0.0,0.0,0.0,0.0,18640.0,1.0,,,,,,,,,,,,,,,,,,,,,,,,,,,,,,,,,,,,,,
2026,DISTRICT_MANAGED_2026.xlsx,Traditional,DEPRIEST,Elementary,AUSTIN,Network 3,43.0,,,,440.75,,0.0,1.0,0.0,1.0,2.0,1.0,,3.295,0.0,,0.15,187292.6,12.0,23.0,1.0,0.0,3.205,2.0,,,,,,3.0,1.85,,,,,22:1,737.0,15.0,4.0,1.0,0.0,0.0,0.0,,0.0,0.0,0.0,0.0,0.0,0.0,0.0,0.0,0.0,,1.0,,0.0,0.0,,0.0,0.0,0.0,1.0,0.0,25000.0,0.0,0.0,414.0,324.0,394.0,-70.0,0.0,0.0,0.0,-1.0,0.0,0.0,0.0,0.0,0.0,0.0,0.5,18640.0,1.0,,,,,,,,,,,,,,,,,,,,,,,,,,,,,,,,,,,,,,
2026,DISTRICT_MANAGED_2026.xlsx,Traditional,DETT,Elementary,NEAR WEST SIDE,Network 6,34.0,,,,436.5,,0.0,1.0,1.0,1.0,1.0,1.0,,0.0,0.0,,0.39,118432.6,11.0,23.0,1.0,0.0,4.0,2.0,,,,,,3.0,2.0,,,,,24:1,629.0,11.0,3.0,1.0,0.0,0.0,0.0,,0.0,0.0,0.0,0.0,0.0,1.0,0.0,0.0,0.0,,0.0,,0.0,0.0,,0.0,0.0,0.0,0.0,0.0,99000.0,0.0,0.0,325.0,243.0,202.0,41.0,0.0,0.0,0.0,0.0,0.0,0.0,0.0,0.0,0.0,0.0,0.0,18640.0,0.0,,,,,,,,,,,,,,,,,,,,,,,,,,,,,,,,,,,,,,
2026,DISTRICT_MANAGED_2026.xlsx,Traditional,DEVER,Elementary,DUNNING,Network 1,22.0,,,,304.75,,1.0,1.0,1.0,1.0,2.0,0.0,,1.0,0.0,,0.0699999999999999,82284.83000000002,6.0,2.0,1.0,0.0,7.0,4.0,,,,,,3.0,3.0,,,,,26:1,485.0,25.0,5.0,2.0,0.0,0.0,0.0,,0.0,0.0,1.0,0.0,1.0,1.0,0.5,0.0,0.0,,0.0,,0.0,0.0,,0.0,0.0,0.0,0.0,0.0,130840.0,0.0,0.0,728.0,645.0,676.0,-31.0,0.0,0.0,0.0,0.0,0.0,0.0,0.0,0.0,0.0,0.0,1.0,18640.0,0.0,,,,,,,,,,,,,,,,,,,,,,,,,,,,,,,,,,,,,,
2026,DISTRICT_MANAGED_2026.xlsx,Traditional,DEVRY HS,High,LINCOLN SQUARE,Network 14,31.0,,,,317.5,,0.0,1.0,1.0,1.0,1.0,0.0,,0.0,0.0,,1.0,751029.0,1.0,0.0,0.0,0.0,0.0,0.0,,,,,,0.0,1.0,,,,,19:1,1437.0,10.0,0.0,1.0,0.0,0.0,0.0,,0.0,0.0,0.0,0.0,1.0,0.0,1.0,0.0,0.0,,0.0,,0.0,0.0,,0.0,0.0,0.0,0.0,0.0,0.0,0.0,0.0,152.0,152.0,130.0,22.0,0.0,0.0,0.0,0.0,0.0,0.0,-1.0,0.0,0.0,0.0,0.0,18640.0,0.0,,,,,,,,,,,,,,,,,,,,,,,,,,,,,,,,,,,,,,
2026,DISTRICT_MANAGED_2026.xlsx,Traditional,DEWEY,Elementary,NEW CITY,Network 8,43.0,,,,453.5,,0.0,1.0,1.0,2.0,1.0,1.0,,1.0,0.0,,0.0,86423.5,8.0,12.0,0.5,0.0,3.0,2.0,,,,,,4.0,2.0,,,,,22:1,737.0,10.0,3.0,1.0,1.0,0.0,0.0,,0.0,0.0,0.0,0.0,0.0,0.8,0.0,1.2,0.0,,0.0,,0.0,0.0,,0.0,0.0,0.0,0.0,0.0,0.0,0.0,0.0,270.0,220.0,218.0,2.0,0.0,0.0,0.0,0.0,0.0,0.0,0.0,0.0,0.0,0.0,0.5,18640.0,1.0,,,,,,,,,,,,,,,,,,,,,,,,,,,,,,,,,,,,,,
2026,DISTRICT_MANAGED_2026.xlsx,Traditional,DIRKSEN,Elementary,OHARE,Network 1,23.0,,,,351.5,,0.0,1.0,1.0,1.0,2.0,0.0,,1.0,0.0,,1.0,233660.74,9.0,12.0,1.0,0.0,8.0,6.0,,,,,,5.0,1.0,,,,,26:1,497.0,44.0,9.0,3.0,0.0,0.0,0.0,,0.0,0.0,2.0,1.0,1.0,0.0,1.0,0.0,0.0,,0.0,,0.0,0.0,,0.0,0.0,0.0,0.0,0.0,0.0,0.0,0.0,1254.0,1124.0,1100.0,24.0,-1.0,0.0,0.0,0.0,0.0,0.0,0.0,1.0,0.0,0.0,3.0,18640.0,0.0,,,,,,,,,,,,,,,,,,,,,,,,,,,,,,,,,,,,,,
2026,DISTRICT_MANAGED_2026.xlsx,Traditional,DISNEY,Elementary,UPTOWN,Network 2,24.0,,,,326.0,,0.0,1.0,1.0,1.0,3.0,0.0,,0.0,0.0,,2.0,77680.705,11.0,12.0,1.5,0.0,3.0,3.0,,,,,,8.0,3.0,,,,,26:1,509.0,52.0,11.0,3.0,0.0,2.0,0.0,,0.0,0.0,0.0,1.0,3.0,0.0,1.0,0.0,0.0,,0.0,,0.0,0.0,,0.0,0.0,0.0,0.0,0.0,0.0,1.0,2.0,1394.0,1334.0,1361.0,-27.0,0.0,0.0,0.0,0.0,0.0,-2.0,0.0,3.0,0.0,0.0,1.0,18640.0,0.0,,,,,,,,,,,,,,,,,,,,,,,,,,,,,,,,,,,,,,
2026,DISTRICT_MANAGED_2026.xlsx,Traditional,DISNEY II ES & HS,ES + HS,IRVING PARK,Network 14,24.0,,,,0.0,,0.0,1.0,2.0,2.0,3.0,0.0,,0.0,1.0,,4.49,179037.1,17.0,18.0,1.5,0.0,2.0,2.0,,,,,,5.0,3.0,,,,,26:1 | 21:1,1097.01,50.0,10.0,0.0,0.0,0.0,0.0,,0.0,0.0,2.0,2.0,0.0,0.0,1.0,0.0,0.0,,0.0,,0.0,0.0,,0.0,0.0,0.0,0.0,0.0,41887.0,0.0,0.0,1151.0,1112.0,1136.0,-24.0,0.0,60000.0,0.0,0.0,0.0,0.0,0.0,1.0,0.0,0.0,2.0,18640.0,0.0,,,,,,,,,,,,,,,,,,,,,,,,,,,,,,,,,,,,,,
2026,DISTRICT_MANAGED_2026.xlsx,Traditional,DIXON,Elementary,CHATHAM,Network 12,28.0,,,,368.5,,1.0,1.0,1.0,1.0,1.0,1.0,,0.0,0.0,,2.0,96918.55,5.0,3.0,0.5,0.0,1.0,1.0,,,,,,4.0,1.0,,,,,24:1,557.0,17.0,4.0,1.0,0.0,0.0,0.0,,0.0,0.0,0.0,0.0,0.0,0.0,0.5,0.0,0.0,,0.0,,0.0,0.0,,0.0,0.0,0.0,0.0,0.0,0.0,0.0,0.0,411.0,391.0,448.0,-57.0,0.0,0.0,1.0,0.0,0.0,0.0,0.0,0.0,0.0,0.0,0.0,18640.0,0.0,,,,,,,,,,,,,,,,,,,,,,,,,,,,,,,,,,,,,,
2026,DISTRICT_MANAGED_2026.xlsx,Traditional,DOOLITTLE,Elementary,DOUGLAS,Network 9,43.0,,,,470.5,,0.0,1.0,0.0,1.0,1.0,1.0,,2.0,0.0,,1.355,142782.0,4.0,10.0,0.5,0.0,2.0,2.0,,,,,,3.0,2.0,,,,,22:1,737.0,11.0,3.0,1.0,0.0,0.0,0.0,,0.0,0.0,0.0,0.0,0.0,0.0,0.0,0.0,0.0,,0.0,,0.0,0.0,,0.0,0.0,0.0,0.0,0.0,63940.0,0.0,0.0,257.0,228.0,227.0,1.0,0.0,0.0,0.0,-1.0,0.0,0.0,0.0,0.0,0.0,0.0,0.0,18640.0,1.0,,,,,,,,,,,,,,,,,,,,,,,,,,,,,,,,,,,,,,
2026,DISTRICT_MANAGED_2026.xlsx,Traditional,DORE,Elementary,CLEARING,Network 10,25.0,,,,275.0,,0.0,1.0,1.0,2.0,1.0,0.0,,1.21,0.0,,1.0,153732.27,14.0,20.0,1.5,0.0,7.79,5.0,,,,,,6.0,4.0,,,,,26:1,521.0,24.0,6.0,2.0,0.0,0.0,0.0,,0.0,0.0,1.0,0.0,0.0,1.0,0.0,1.0,0.0,,0.0,,0.0,0.0,,0.0,0.0,0.0,0.0,0.0,0.0,0.0,0.0,742.0,620.0,616.0,4.0,0.0,0.0,0.0,0.0,0.0,0.0,0.0,0.0,0.0,0.0,1.0,18640.0,0.0,,,,,,,,,,,,,,,,,,,,,,,,,,,,,,,,,,,,,,
2026,DISTRICT_MANAGED_2026.xlsx,Traditional,DOUGLASS HS,High,AUSTIN,Network 15,47.0,,,,449.25,,0.0,1.0,1.0,1.0,1.0,0.0,,0.0,0.0,,3.0,365248.0,4.0,2.0,0.0,0.0,0.0,0.0,,,,,,2.0,2.0,,,,,18:1,1725.0,10.0,0.0,1.0,0.0,0.0,0.0,,0.0,0.0,0.0,0.0,0.0,0.0,1.0,0.0,0.0,,0.0,,0.0,0.0,,0.0,0.0,0.0,0.0,160000.0,0.0,0.0,0.0,28.0,28.0,35.0,-7.0,-2.0,60000.0,0.0,0.0,0.0,0.0,-1.0,0.0,0.0,0.0,0.0,18640.0,0.0,,,,,,,,,,,,,,,,,,,,,,,,,,,,,,,,,,,,,,
2026,DISTRICT_MANAGED_2026.xlsx,Traditional,DRAKE,Elementary,DOUGLAS,Network 9,37.0,,,,466.25,,0.0,1.0,1.0,1.0,1.0,1.0,,1.0,0.0,,0.0,210295.0,8.0,15.0,1.0,0.0,1.0,1.0,,,,,,3.0,2.0,,,,,24:1,665.0,11.0,3.0,1.0,0.0,0.0,0.0,,0.0,0.0,0.0,0.0,0.0,0.0,0.0,0.0,0.0,,0.0,,0.0,0.0,,0.0,0.0,0.0,0.0,0.0,25000.0,0.0,0.0,302.0,255.0,264.0,-9.0,0.0,0.0,0.0,0.0,0.0,0.0,0.0,0.0,0.0,0.0,0.0,18640.0,0.0,,,,,,,,,,,,,,,,,,,,,,,,,,,,,,,,,,,,,,
2026,DISTRICT_MANAGED_2026.xlsx,Traditional,DRUMMOND,Elementary,LOGAN SQUARE,Network 6,24.0,,,,0.0,,0.0,1.0,1.0,1.0,1.0,1.0,,1.0,0.0,,0.0,36050.28,4.0,7.0,0.5,0.0,3.0,0.0,,,,,,2.0,1.0,,,,,26:1,509.0,11.0,3.0,0.0,0.0,0.0,0.0,,0.0,0.0,0.0,0.0,0.0,0.0,0.0,0.0,0.0,,0.0,,0.0,0.0,,1.0,17.0,0.0,0.0,0.0,0.0,0.0,0.0,338.0,275.0,276.0,-1.0,0.0,0.0,0.0,0.0,0.0,0.0,0.0,0.0,0.0,0.0,0.0,18640.0,0.0,,,,,,,,,,,,,,,,,,,,,,,,,,,,,,,,,,,,,,
2026,DISTRICT_MANAGED_2026.xlsx,Traditional,DUBOIS,Elementary,RIVERDALE,Network 13,40.0,,,,470.5,,0.0,1.0,1.0,1.0,1.0,1.0,,0.0,0.0,,0.77,82369.00000000001,4.0,5.0,0.5,0.0,1.0,1.0,,,,,,2.0,1.0,,,,,22:1,701.0,10.0,3.0,0.0,0.0,0.0,0.0,,0.0,0.0,0.0,0.0,0.0,0.0,0.0,0.0,0.0,,0.0,,0.0,0.0,,0.0,0.0,0.0,0.0,0.0,25000.0,0.0,0.0,205.0,185.0,176.0,9.0,0.0,0.0,0.0,0.0,0.0,0.0,0.0,1.0,0.0,0.0,0.0,18640.0,1.0,,,,,,,,,,,,,,,,,,,,,,,,,,,,,,,,,,,,,,
2026,DISTRICT_MANAGED_2026.xlsx,Traditional,DULLES,Elementary,GREATER GRAND CROSSING,Network 9,36.0,,,,462.0,,0.0,1.0,1.0,1.0,2.0,0.0,,0.0,0.0,,3.5,191062.54,8.0,19.0,1.0,0.0,3.0,3.0,,,,,,5.0,3.0,,,,,24:1,653.0,26.0,6.0,2.0,0.0,0.0,0.0,,1.0,0.0,1.0,0.0,0.0,0.0,1.0,0.0,0.0,,0.0,,0.0,0.0,,0.0,0.0,0.0,0.0,0.0,25000.0,0.0,0.0,671.0,621.0,625.0,-4.0,0.0,0.0,0.0,0.0,0.0,0.0,0.0,0.0,0.0,0.0,0.0,18640.0,1.0,,,,,,,,,,,,,,,,,,,,,,,,,,,,,,,,,,,,,,
2026,DISTRICT_MANAGED_2026.xlsx,Traditional,DUNBAR HS,High,DOUGLAS,Network 17,38.0,,,,440.75,,0.0,1.0,1.0,1.0,1.0,1.0,,1.0,0.0,,1.0,141796.12,8.0,6.0,0.5,0.0,0.0,0.0,,,,,,3.0,6.0,,,,,18:1,1563.0,19.0,0.0,1.0,0.0,0.0,0.0,,0.0,0.0,0.0,0.0,1.0,0.0,1.0,0.0,0.0,,0.0,,0.0,0.0,,0.0,0.0,2.0,0.0,160000.0,25000.0,0.0,0.0,334.0,326.0,356.0,-30.0,0.0,60000.0,0.0,0.0,0.0,0.0,0.0,0.0,9.0,0.0,0.0,18640.0,0.0,,,,,,,,,,,,,,,,,,,,,,,,,,,,,,,,,,,,,,
2026,DISTRICT_MANAGED_2026.xlsx,Traditional,DUNNE,Elementary,ROSELAND,Network 13,31.0,,,,364.25,,0.0,1.0,1.0,1.0,1.0,1.0,,0.0,0.0,,0.0,180888.5,4.0,9.0,0.5,0.0,1.0,1.0,,,,,,2.0,1.0,,,,,24:1,593.0,10.0,3.0,0.0,0.0,0.0,0.0,,0.0,0.0,0.0,0.0,0.0,0.0,0.0,0.0,0.0,,0.0,,0.0,0.0,,0.0,0.0,0.0,0.0,0.0,0.0,0.0,0.0,201.0,187.0,180.0,7.0,0.0,0.0,0.0,0.0,0.0,0.0,0.0,0.0,0.0,1.0,0.0,18640.0,0.0,,,,,,,,,,,,,,,,,,,,,,,,,,,,,,,,,,,,,,
2026,DISTRICT_MANAGED_2026.xlsx,Traditional,DURKIN PARK,Elementary,ASHBURN,Network 10,29.0,,,,343.0,,0.0,1.0,1.0,1.0,1.0,1.0,,1.45,0.0,,0.0,111451.15,8.0,10.0,1.0,0.0,9.55,5.0,,,,,,4.0,2.0,,,,,24:1,569.0,25.0,5.0,2.0,0.0,1.0,0.0,,1.0,0.0,0.0,0.0,0.0,0.0,0.0,0.0,0.0,,0.0,,0.0,0.0,,0.0,0.0,0.0,0.0,0.0,0.0,0.0,0.0,674.0,577.0,582.0,-5.0,0.0,0.0,0.0,0.0,0.0,0.0,0.0,2.0,0.0,0.0,1.0,18640.0,0.0,,,,,,,,,,,,,,,,,,,,,,,,,,,,,,,,,,,,,,
2026,DISTRICT_MANAGED_2026.xlsx,Traditional,DVORAK,Elementary,NORTH LAWNDALE,Network 7,41.0,,,,440.75,,0.0,1.0,1.0,1.0,1.0,1.0,,0.5,0.0,,2.0,54473.35999999999,4.0,6.0,0.5,0.0,2.0,2.0,,,,,,3.0,1.0,,,,,22:1,713.0,12.0,3.0,1.0,0.0,0.0,0.0,,0.0,0.0,0.0,0.0,0.0,0.0,0.0,0.0,0.0,,0.0,,0.0,0.0,,0.0,0.0,0.0,0.0,0.0,25000.0,0.0,0.0,276.0,259.0,277.0,-18.0,0.0,0.0,0.0,0.0,0.0,0.0,0.0,0.0,0.0,0.0,0.5,18640.0,1.0,,,,,,,,,,,,,,,,,,,,,,,,,,,,,,,,,,,,,,
2026,DISTRICT_MANAGED_2026.xlsx,Traditional,DYETT ARTS HS,High,WASHINGTON PARK,Network 17,32.0,,,,406.75,,0.0,1.0,1.0,1.0,2.0,1.0,,0.0,1.0,,6.17,213167.46,8.0,4.0,1.0,0.0,0.0,0.0,,,,,,3.0,6.0,,,,,19:1,1455.0,27.0,0.0,1.0,0.0,0.0,0.0,,0.0,0.0,0.0,0.0,0.0,0.0,0.0,0.0,0.0,,0.0,,0.0,0.0,,0.0,0.0,0.0,0.0,160000.0,0.0,0.0,0.0,516.0,505.0,496.0,9.0,0.0,60000.0,0.0,0.0,0.0,0.0,0.0,0.0,0.0,0.0,0.0,18640.0,0.0,,,,,,,,,,,,,,,,,,,,,,,,,,,,,,,,,,,,,,
2026,DISTRICT_MANAGED_2026.xlsx,Traditional,EARHART,Elementary,CALUMET HEIGHTS,Network 12,26.0,,,,347.25,,0.0,1.0,1.0,1.0,1.0,1.0,,1.0,0.0,,0.0,97888.5,3.0,2.0,0.0,0.0,0.0,0.0,,,,,,2.0,2.0,,,,,26:1,533.0,10.0,3.0,0.0,0.0,0.0,0.0,,0.0,0.0,0.0,0.0,0.0,0.0,0.0,0.0,0.0,,0.0,,0.0,0.0,,0.0,0.0,0.0,0.0,0.0,0.0,0.0,0.0,194.0,194.0,201.0,-7.0,0.0,0.0,0.0,0.0,0.0,0.0,0.0,0.0,0.0,1.0,0.0,18640.0,0.0,,,,,,,,,,,,,,,,,,,,,,,,,,,,,,,,,,,,,,
2026,DISTRICT_MANAGED_2026.xlsx,Traditional,EARLE,Elementary,WEST ENGLEWOOD,Network 11,44.0,,,,423.75,,0.0,1.0,1.0,1.0,1.0,1.0,,0.0,0.0,,0.5,185491.46,6.0,4.0,0.5,0.0,4.0,2.0,,,,,,4.0,2.0,,,,,22:1,749.0,12.0,3.0,1.0,0.0,0.0,0.0,,0.0,0.0,0.0,0.0,0.0,0.0,0.0,0.0,0.0,,0.0,,0.0,0.0,,0.0,0.0,0.0,1.0,0.0,0.0,0.0,0.0,285.0,243.0,228.0,15.0,0.0,0.0,0.0,0.0,0.0,0.0,0.0,0.0,0.0,1.0,1.0,18640.0,1.0,,,,,,,,,,,,,,,,,,,,,,,,,,,,,,,,,,,,,,
2026,DISTRICT_MANAGED_2026.xlsx,Traditional,EBERHART,Elementary,CHICAGO LAWN,Network 10,37.0,,,,385.5,,0.0,1.0,1.0,1.0,2.0,0.0,,2.0,0.0,,2.0,79042.0,10.0,8.0,1.0,0.0,3.0,3.0,,,,,,9.0,2.0,,,,,24:1,665.0,40.0,8.0,3.0,0.0,0.0,0.0,,1.0,0.0,1.0,1.0,1.0,0.0,1.0,0.0,0.0,,0.0,,0.0,0.0,,0.0,0.0,0.0,0.0,0.0,130969.0,0.0,0.0,1006.0,954.0,979.0,-25.0,0.0,0.0,0.0,0.0,0.0,0.0,0.0,0.0,0.0,0.0,2.0,18640.0,0.0,,,,,,,,,,,,,,,,,,,,,,,,,,,,,,,,,,,,,,
2026,DISTRICT_MANAGED_2026.xlsx,Traditional,EBINGER,Elementary,EDISON PARK,Network 1,16.0,,,,0.0,,0.0,1.0,1.0,1.0,2.0,0.0,,2.0,0.0,,0.0,38976.5,10.0,16.0,1.0,0.0,0.0,0.0,,,,,,3.0,2.0,,,,,26:1,413.0,27.0,6.0,0.0,0.0,0.0,0.0,,0.0,0.0,0.0,0.0,1.0,0.0,0.0,0.0,0.0,,2.0,,0.0,0.0,,0.0,0.0,0.0,0.0,0.0,0.0,0.0,0.0,688.0,688.0,694.0,-6.0,0.0,0.0,0.0,0.0,0.0,-1.0,0.0,0.0,0.0,0.0,0.5,18640.0,0.0,,,,,,,,,,,,,,,,,,,,,,,,,,,,,,,,,,,,,,
2026,DISTRICT_MANAGED_2026.xlsx,Traditional,EDGEBROOK,Elementary,FOREST GLEN,Network 1,17.0,,,,0.0,,0.0,1.0,1.0,2.0,1.0,1.0,,1.5,0.0,,0.0,46488.42,7.0,5.0,1.0,0.0,7.5,5.0,,,,,,3.0,2.0,,,,,26:1,425.0,18.0,4.0,0.0,0.0,0.0,0.0,,0.0,0.0,0.0,0.0,0.0,0.0,0.0,1.0,0.0,,0.0,,0.0,0.0,,0.0,0.0,0.0,0.0,0.0,0.0,0.0,0.0,551.0,455.0,438.0,17.0,0.0,0.0,2.0,0.0,0.0,0.0,0.0,0.0,0.0,0.0,1.0,18640.0,0.0,,,,,,,,,,,,,,,,,,,,,,,,,,,,,,,,,,,,,,
2026,DISTRICT_MANAGED_2026.xlsx,Traditional,EDISON,Elementary,ALBANY PARK,Network 1,21.0,,,,0.0,,0.0,1.0,0.0,1.0,1.0,0.0,,1.0,0.0,,1.0,81099.4,3.0,3.0,0.0,0.0,0.0,0.0,,,,,,0.0,2.0,,,,,26:1,473.0,11.0,3.0,0.0,0.0,0.0,0.0,,0.0,0.0,0.0,0.0,0.0,0.0,0.0,0.0,0.0,,0.0,,1.0,0.0,,0.0,0.0,0.0,0.0,0.0,0.0,0.0,0.0,265.0,265.0,266.0,-1.0,0.0,0.0,0.0,-1.0,0.0,0.0,-1.0,1.0,0.0,0.0,0.0,18640.0,0.0,,,,,,,,,,,,,,,,,,,,,,,,,,,,,,,,,,,,,,
2026,DISTRICT_MANAGED_2026.xlsx,Traditional,EDISON PARK,Elementary,NORWOOD PARK,Network 1,19.0,,,,0.0,,1.0,1.0,1.0,1.0,1.0,1.0,,1.0,0.0,,0.0,68003.0,11.0,26.0,1.0,0.0,0.0,0.0,,,,,,2.0,1.0,,,,,26:1,449.0,15.0,4.0,0.0,0.0,0.0,0.0,,0.0,0.0,0.0,0.0,0.0,0.0,0.0,0.0,0.0,,0.0,,0.0,0.0,,0.0,0.0,0.0,0.0,0.0,0.0,0.0,0.0,408.0,378.0,389.0,-11.0,0.0,0.0,0.0,0.0,0.0,0.0,0.0,0.0,0.0,0.0,0.5,18640.0,0.0,,,,,,,,,,,,,,,,,,,,,,,,,,,,,,,,,,,,,,
2026,DISTRICT_MANAGED_2026.xlsx,Traditional,EDWARDS,Elementary,ARCHER HEIGHTS,Network 8,34.0,,,,389.75,,0.0,1.0,1.0,3.0,2.0,0.0,,0.0,0.0,,3.0,445622.0,14.0,28.0,2.0,0.0,11.0,6.0,,,,,,10.0,4.0,,,,,24:1,629.0,44.0,9.0,3.0,0.0,0.0,0.0,,0.0,0.0,2.0,1.0,0.0,0.0,1.0,2.0,0.0,,1.0,,0.0,0.0,,0.0,0.0,0.0,0.0,0.0,0.0,0.0,0.0,1217.0,1051.0,1056.0,-5.0,0.0,0.0,0.0,0.0,-1.0,0.0,0.0,0.0,0.0,0.0,3.0,18640.0,0.0,,,,,,,,,,,,,,,,,,,,,,,,,,,,,,,,,,,,,,
2026,DISTRICT_MANAGED_2026.xlsx,Traditional,ELLINGTON,Elementary,AUSTIN,Network 3,37.0,,,,423.75,,0.0,1.0,1.0,1.0,1.0,1.0,,0.0,0.0,,1.0,273068.8,10.0,24.0,1.0,0.0,7.0,4.0,,,,,,5.0,2.0,,,,,24:1,665.0,18.0,4.0,1.0,0.0,0.0,0.0,,0.0,0.0,0.0,0.0,0.0,1.0,0.0,0.0,0.0,,1.0,,0.0,0.0,,0.0,0.0,0.0,0.0,0.0,25000.0,0.0,0.0,520.0,417.0,422.0,-5.0,0.0,0.0,0.0,0.0,0.0,0.0,0.0,0.0,0.0,0.0,1.0,18640.0,1.0,,,,,,,,,,,,,,,,,,,,,,,,,,,,,,,,,,,,,,
2026,DISTRICT_MANAGED_2026.xlsx,Traditional,ENGLEWOOD STEM HS,High,ENGLEWOOD,Network 16,41.0,,,,428.0,,0.0,1.0,1.0,1.0,2.0,0.0,,0.0,1.0,,2.55,474206.92999999993,9.0,7.0,1.0,0.0,0.0,0.0,,,,,,5.0,10.0,,,,,18:1,1617.0,35.0,0.0,2.0,0.0,0.0,0.0,,1.0,1.0,1.0,1.0,1.0,0.0,1.0,0.0,0.0,,0.0,,0.0,0.0,,0.0,0.0,2.0,0.0,160000.0,51294.0,0.0,0.0,631.0,619.0,602.0,17.0,0.0,0.0,0.0,0.0,0.0,0.0,0.0,0.0,1.0,1.0,1.0,18640.0,1.0,,,,,,,,,,,,,,,,,,,,,,,,,,,,,,,,,,,,,,
2026,DISTRICT_MANAGED_2026.xlsx,Traditional,ERICSON,Elementary,EAST GARFIELD PARK,Network 5,39.0,,,,453.5,,0.0,1.0,1.0,1.0,1.0,1.0,,0.63,0.0,,0.0,178121.08,5.0,5.0,0.0,0.0,2.37,2.0,,,,,,4.0,2.0,,,,,22:1,689.0,14.0,3.0,1.0,0.0,0.0,0.0,,0.0,0.0,0.0,0.0,0.0,0.0,0.0,0.0,0.0,,0.0,,0.0,0.0,,0.0,0.0,0.0,0.0,0.0,0.0,0.0,0.0,327.0,288.0,283.0,5.0,0.0,0.0,0.0,0.0,0.0,0.0,0.0,1.0,0.0,0.0,0.0,18640.0,1.0,,,,,,,,,,,,,,,,,,,,,,,,,,,,,,,,,,,,,,
2026,DISTRICT_MANAGED_2026.xlsx,Traditional,ESMOND,Elementary,MORGAN PARK,Network 10,30.0,,,,419.5,,0.0,1.0,1.0,1.0,1.0,1.0,,0.0,0.0,,0.15,132216.49999999997,4.0,6.0,0.0,0.0,1.0,1.0,,,,,,4.0,0.85,,,,,24:1,581.0,10.0,3.0,0.0,0.0,0.0,0.0,,0.0,0.0,0.0,0.0,0.0,0.0,0.0,0.0,0.0,,1.0,,0.0,0.0,,0.0,0.0,0.0,0.0,0.0,33367.0,0.0,0.0,222.0,210.0,240.0,-30.0,0.0,0.0,0.0,0.0,0.0,0.0,0.0,1.0,0.0,0.0,0.0,18640.0,0.0,,,,,,,,,,,,,,,,,,,,,,,,,,,,,,,,,,,,,,
2026,DISTRICT_MANAGED_2026.xlsx,Traditional,EVERETT,Elementary,MCKINLEY PARK,ISP,39.0,,,,377.0,,0.0,1.0,0.0,1.0,1.0,1.0,,0.0,0.0,,0.0,368719.0,3.0,2.0,0.0,0.0,2.0,1.0,,,,,,2.0,1.0,,,,,22:1,689.0,6.0,3.0,0.0,0.0,0.0,0.0,,0.0,0.0,0.0,0.0,0.0,0.0,0.0,0.0,0.0,,0.0,,0.0,0.0,,0.0,0.0,0.0,0.0,0.0,0.0,0.0,0.0,89.0,74.0,78.0,-4.0,0.0,0.0,0.0,-1.0,0.0,0.0,0.0,0.0,0.0,1.0,1.0,18640.0,0.0,,,,,,,,,,,,,,,,,,,,,,,,,,,,,,,,,,,,,,
2026,DISTRICT_MANAGED_2026.xlsx,Traditional,EVERGREEN,Elementary,MCKINLEY PARK,Network 8,33.0,,,,351.5,,0.0,1.0,1.0,1.0,1.0,1.0,,0.0,0.0,,0.0,177312.75,3.0,5.0,0.0,0.0,0.0,0.0,,,,,,2.0,1.0,,,,,24:1,617.0,8.0,3.0,0.0,0.0,1.0,0.0,,0.0,0.0,0.0,0.0,0.0,0.0,0.0,0.0,0.0,,0.0,,0.0,0.0,,0.0,0.0,0.0,0.0,0.0,0.0,0.0,0.0,188.0,188.0,198.0,-10.0,0.0,0.0,0.0,0.0,0.0,0.0,0.0,0.0,0.0,1.0,1.0,18640.0,0.0,,,,,,,,,,,,,,,,,,,,,,,,,,,,,,,,,,,,,,
2026,DISTRICT_MANAGED_2026.xlsx,Traditional,EVERS,Elementary,WASHINGTON HEIGHTS,Network 11,36.0,,,,406.75,,0.0,1.0,1.0,1.0,1.0,1.0,,0.0,0.0,,0.0,132864.0,6.0,6.0,0.0,0.0,2.0,2.0,,,,,,3.0,1.0,,,,,24:1,653.0,10.0,3.0,1.0,1.0,0.0,0.0,,0.0,0.0,0.0,0.0,0.0,0.0,0.0,0.0,0.0,,0.0,,0.0,0.0,,0.0,0.0,0.0,0.0,0.0,25000.0,0.0,0.0,233.0,208.0,185.0,23.0,0.0,0.0,0.0,0.0,0.0,0.0,0.0,1.0,0.0,0.0,0.0,18640.0,0.0,,,,,,,,,,,,,,,,,,,,,,,,,,,,,,,,,,,,,,
2026,DISTRICT_MANAGED_2026.xlsx,Traditional,FAIRFIELD,Elementary,CHICAGO LAWN,Network 10,40.0,,,,411.0,,0.0,1.0,1.0,1.0,2.0,1.0,,0.0,0.0,,1.0,279299.01,6.0,9.0,0.5,0.0,1.0,1.0,,,,,,3.0,2.0,,,,,22:1,701.0,22.0,5.0,2.0,0.0,0.0,0.0,,0.0,0.0,0.0,0.0,1.0,0.0,0.0,0.0,0.0,,1.0,,0.0,0.0,,0.0,0.0,0.0,0.0,0.0,99000.0,0.0,0.0,485.0,465.0,463.0,2.0,-1.0,0.0,0.0,0.0,0.0,0.0,0.0,4.0,0.0,0.0,2.0,18640.0,0.0,,,,,,,,,,,,,,,,,,,,,,,,,,,,,,,,,,,,,,
2026,DISTRICT_MANAGED_2026.xlsx,Traditional,FALCONER,Elementary,BELMONT CRAGIN,Network 3,30.0,,,,385.5,,0.0,1.0,1.0,1.0,2.0,0.0,,0.0,0.5,,2.01,379502.93,11.0,16.0,1.5,0.0,3.0,3.0,,,,,,7.0,2.0,,,,,24:1,581.0,38.0,8.0,2.0,0.0,0.0,0.0,,0.0,0.0,1.0,0.0,2.0,0.0,0.0,0.49,0.0,,0.0,,0.0,0.0,,0.0,0.0,0.0,0.0,0.0,0.0,0.0,0.0,835.0,758.0,796.0,-38.0,0.0,0.0,0.0,0.0,-1.0,0.0,0.0,0.0,0.0,0.0,2.0,18640.0,0.0,,,,,,,,,,,,,,,,,,,,,,,,,,,,,,,,,,,,,,
2026,DISTRICT_MANAGED_2026.xlsx,Traditional,FARADAY,Elementary,EAST GARFIELD PARK,Network 5,43.0,,,,466.25,,0.0,1.0,1.0,1.0,1.0,1.0,,1.0,0.0,,0.5,75968.72,7.0,9.0,0.5,0.0,2.0,1.0,,,,,,4.0,2.0,,,,,22:1,737.0,10.0,3.0,0.0,0.0,0.0,0.0,,0.0,0.0,0.0,0.0,0.0,0.0,0.0,0.0,0.0,,1.0,,0.0,0.0,,0.0,0.0,0.0,0.0,0.0,0.0,0.0,0.0,180.0,161.0,146.0,15.0,0.0,0.0,0.0,0.0,0.0,0.0,0.0,0.0,0.0,0.0,0.0,18640.0,0.0,,,,,,,,,,,,,,,,,,,,,,,,,,,,,,,,,,,,,,
2026,DISTRICT_MANAGED_2026.xlsx,Traditional,FARMER,Elementary,GRAND BOULEVARD,Network 9,35.0,,,,453.5,,0.0,1.0,1.0,1.0,1.0,1.0,,0.0,0.0,,1.0,120534.5,5.0,6.0,0.5,0.0,1.0,1.0,,,,,,4.0,1.0,,,,,24:1,641.0,13.0,3.0,1.0,0.0,0.0,0.0,,0.0,0.0,0.0,0.0,0.0,0.0,0.0,0.0,0.0,,0.0,,0.0,0.0,,0.0,0.0,0.0,0.0,0.0,0.0,0.0,0.0,312.0,291.0,272.0,19.0,0.0,0.0,0.0,0.0,0.0,0.0,0.0,1.0,0.0,0.0,0.0,18640.0,0.0,,,,,,,,,,,,,,,,,,,,,,,,,,,,,,,,,,,,,,
2026,DISTRICT_MANAGED_2026.xlsx,Traditional,FARNSWORTH,Elementary,JEFFERSON PARK,Network 1,22.0,,,,283.5,,0.0,1.0,1.0,1.0,1.0,1.0,,1.0,0.0,,0.0,168732.0,12.0,35.0,1.5,0.0,4.0,2.0,,,,,,2.0,1.0,,,,,26:1,485.0,16.0,5.0,2.0,0.0,0.0,0.0,,0.0,0.0,0.0,0.0,0.0,0.0,0.0,0.0,0.0,,0.0,,0.0,0.0,,0.0,0.0,0.0,0.0,0.0,0.0,0.0,0.0,496.0,398.0,405.0,-7.0,0.0,0.0,0.0,0.0,0.0,0.0,0.0,0.0,0.0,0.0,1.0,18640.0,0.0,,,,,,,,,,,,,,,,,,,,,,,,,,,,,,,,,,,,,,
2026,DISTRICT_MANAGED_2026.xlsx,Traditional,FARRAGUT HS,High,SOUTH LAWNDALE,Network 16,42.0,,,,411.0,,0.0,1.0,1.0,1.0,2.0,1.0,,1.43,0.0,,3.35,209748.5,10.0,7.0,1.0,0.0,0.0,0.0,,,,,,6.0,9.0,,,,,18:1,1635.0,24.0,0.0,1.0,0.0,0.0,0.0,,0.0,0.0,0.0,1.0,0.0,0.0,0.0,0.0,0.0,,2.0,,0.0,0.0,,0.0,0.0,3.0,0.0,160000.0,110692.0,1.0,0.0,435.0,415.0,488.0,-73.0,0.0,60000.0,0.0,0.0,0.0,0.0,0.0,0.0,0.0,0.0,1.0,18640.0,0.0,,,,,,,,,,,,,,,,,,,,,,,,,,,,,,,,,,,,,,
2026,DISTRICT_MANAGED_2026.xlsx,Traditional,FENGER HS,High,ROSELAND,Network 17,44.0,,,,432.25,,0.0,1.0,1.0,1.0,1.0,1.0,,1.0,0.0,,1.9,212531.0,6.0,3.0,0.5,0.0,0.0,0.0,,,,,,2.0,7.0,,,,,18:1,1671.0,11.0,0.0,0.0,0.0,0.0,0.0,,0.0,0.0,0.0,0.0,0.0,0.0,0.0,0.0,0.75,,0.0,,0.0,0.0,,0.0,0.0,2.0,0.0,160000.0,60380.0,0.0,0.0,196.0,196.0,210.0,-14.0,0.0,60000.0,0.0,0.0,0.0,0.0,0.0,0.0,0.0,0.0,0.0,18640.0,1.0,,,,,,,,,,,,,,,,,,,,,,,,,,,,,,,,,,,,,,
2026,DISTRICT_MANAGED_2026.xlsx,Traditional,FERNWOOD,Elementary,WASHINGTON HEIGHTS,Network 13,33.0,,,,406.75,,0.0,1.0,1.0,1.0,1.0,1.0,,0.0,0.0,,1.15,34063.0,3.0,6.0,0.5,0.0,1.0,1.0,,,,,,1.0,0.85,,,,,24:1,617.0,11.0,3.0,1.0,0.0,0.0,0.0,,0.0,0.0,0.0,0.0,0.0,0.0,0.0,0.0,0.0,,0.0,,0.0,0.0,,0.0,0.0,0.0,0.0,0.0,0.0,0.0,0.0,258.0,241.0,239.0,2.0,0.0,0.0,0.0,0.0,0.0,0.0,0.0,0.0,0.0,0.0,0.0,18640.0,0.0,,,,,,,,,,,,,,,,,,,,,,,,,,,,,,,,,,,,,,
2026,DISTRICT_MANAGED_2026.xlsx,Traditional,FIELD,Elementary,ROGERS PARK,Network 2,38.0,,,,411.0,,0.0,1.0,1.0,1.0,1.0,1.0,,0.0,0.0,,0.0,165098.0,3.0,1.0,0.0,0.0,0.0,0.0,,,,,,2.0,1.0,,,,,22:1,677.0,7.0,3.0,0.0,0.0,0.0,0.0,,0.0,0.0,0.0,0.0,0.0,0.0,0.0,0.0,0.0,,0.0,,0.0,0.0,,0.0,0.0,0.0,0.0,0.0,25000.0,0.0,0.0,150.0,150.0,152.0,-2.0,0.0,0.0,0.0,0.0,0.0,0.0,0.0,1.0,0.0,0.0,1.0,18640.0,1.0,,,,,,,,,,,,,,,,,,,,,,,,,,,,,,,,,,,,,,
2026,DISTRICT_MANAGED_2026.xlsx,Traditional,FINKL,Elementary,LOWER WEST SIDE,Network 7,45.0,,,,449.25,,0.0,1.0,1.0,1.0,1.0,1.0,,0.0,0.0,,2.0,94990.81,11.0,20.0,1.0,0.0,2.0,1.0,,,,,,2.0,1.0,,,,,22:1,761.0,10.0,3.0,1.0,0.0,0.0,0.0,,0.0,0.0,0.0,0.0,0.0,0.0,0.0,0.0,0.0,,0.0,,0.0,0.0,,0.0,0.0,0.0,0.0,0.0,53880.0,0.0,0.0,240.0,177.0,223.0,-46.0,0.0,0.0,0.0,0.0,0.0,0.0,0.0,0.08,0.0,0.0,1.0,18640.0,1.0,,,,,,,,,,,,,,,,,,,,,,,,,,,,,,,,,,,,,,
2026,DISTRICT_MANAGED_2026.xlsx,Traditional,FISKE,Elementary,WOODLAWN,Network 9,35.0,,,,428.0,,0.0,1.0,1.0,1.0,1.0,1.0,,1.0,0.0,,0.59,97130.05,7.0,12.0,0.5,0.0,3.0,2.0,,,,,,4.0,2.0,,,,,24:1,641.0,15.0,3.0,1.0,0.0,0.0,0.0,,0.0,0.0,0.0,0.0,0.0,0.0,0.0,1.0,0.0,,1.0,,0.0,0.0,,0.0,0.0,0.0,0.0,0.0,35867.0,0.0,0.0,372.0,338.0,342.0,-4.0,0.0,0.0,0.0,0.0,0.0,0.0,0.0,1.0,0.0,0.0,0.0,18640.0,1.0,,,,,,,,,,,,,,,,,,,,,,,,,,,,,,,,,,,,,,
2026,DISTRICT_MANAGED_2026.xlsx,Traditional,FOREMAN HS,High,PORTAGE PARK,Network 14,40.0,,,,377.0,,0.0,1.0,1.0,1.0,2.0,1.0,,1.0,1.0,,3.33,149087.14,11.0,7.0,1.0,0.0,0.0,0.0,,,,,,4.0,6.0,,,,,18:1,1599.0,30.0,0.0,1.0,0.0,0.0,0.0,,1.0,0.0,0.0,1.0,1.0,0.0,1.0,0.0,0.5,,0.0,,0.0,0.0,,0.0,0.0,3.0,0.0,150000.0,43705.0,0.0,0.0,563.0,538.0,605.0,-67.0,0.0,60000.0,0.0,0.0,0.0,0.0,0.0,0.0,0.0,0.0,2.0,18640.0,1.0,,,,,,,,,,,,,,,,,,,,,,,,,,,,,,,,,,,,,,
2026,DISTRICT_MANAGED_2026.xlsx,Traditional,FORT DEARBORN,Elementary,WASHINGTON HEIGHTS,Network 11,33.0,,,,423.75,,0.0,1.0,1.0,1.0,1.0,1.0,,0.0,0.0,,0.0,243840.42,7.0,14.0,1.0,0.0,4.0,2.0,,,,,,2.0,1.0,,,,,24:1,617.0,12.0,3.0,1.0,1.0,0.0,0.0,,0.0,0.0,0.0,0.0,0.0,0.0,0.0,0.0,0.0,,0.0,,0.0,0.0,,0.0,0.0,0.0,1.0,0.0,0.0,0.0,0.0,308.0,270.0,278.0,-8.0,0.0,0.0,0.0,0.0,0.0,0.0,0.0,0.0,0.0,0.0,0.0,18640.0,0.0,,,,,,,,,,,,,,,,,,,,,,,,,,,,,,,,,,,,,,
2026,DISTRICT_MANAGED_2026.xlsx,Traditional,FOSTER PARK,Elementary,AUBURN GRESHAM,Network 11,42.0,,,,415.25,,0.0,1.0,1.0,1.0,1.0,1.0,,0.0,0.0,,1.0,153642.3,10.0,23.0,1.0,0.0,3.0,2.0,,,,,,4.0,2.0,,,,,22:1,725.0,13.0,4.0,1.0,0.0,0.0,0.0,,0.0,0.0,0.0,0.0,0.0,0.0,0.0,0.0,0.0,,0.0,,0.0,0.0,,0.0,0.0,0.0,0.0,0.0,0.0,0.0,0.0,359.0,267.0,256.0,11.0,0.0,0.0,0.0,0.0,0.0,0.0,0.0,1.0,0.0,0.0,0.0,18640.0,1.0,,,,,,,,,,,,,,,,,,,,,,,,,,,,,,,,,,,,,,
2026,DISTRICT_MANAGED_2026.xlsx,Traditional,FRANKLIN,Elementary,NEAR NORTH SIDE,Network 4,21.0,,,,275.0,,0.0,1.0,1.0,1.0,1.0,1.0,,1.0,0.0,,0.5,24095.77,7.0,7.0,0.5,0.0,0.0,0.0,,,,,,2.0,1.0,,,,,26:1,473.0,14.0,3.0,0.0,1.0,0.0,0.0,,0.0,0.0,0.0,0.0,0.0,0.0,0.0,0.0,0.0,,0.0,,0.0,0.0,,0.0,0.0,0.0,0.0,0.0,0.0,0.0,0.0,349.0,349.0,359.0,-10.0,0.0,0.0,0.0,0.0,0.0,0.0,0.0,0.0,0.0,0.0,0.0,18640.0,0.0,,,,,,,,,,,,,,,,,,,,,,,,,,,,,,,,,,,,,,
2026,DISTRICT_MANAGED_2026.xlsx,Traditional,FRAZIER PROSPECTIVE,Elementary,NORTH LAWNDALE,ISP,43.0,,,,394.0,,0.0,1.0,0.0,1.0,1.0,1.0,,1.0,0.0,,1.0,186960.1,5.0,5.0,0.0,0.0,0.0,0.0,,,,,,3.0,1.0,,,,,22:1,737.0,10.0,3.0,0.0,0.0,0.0,0.0,,0.0,0.0,0.0,0.0,0.0,0.0,0.0,0.0,0.0,,1.0,,0.0,0.0,,0.0,0.0,0.0,0.0,0.0,0.0,0.0,0.0,130.0,130.0,134.0,-4.0,0.0,0.0,0.0,-1.0,0.0,0.0,0.0,0.0,0.0,0.0,0.0,18640.0,0.0,,,,,,,,,,,,,,,,,,,,,,,,,,,,,,,,,,,,,,
2026,DISTRICT_MANAGED_2026.xlsx,Traditional,FULTON,Elementary,NEW CITY,Network 8,39.0,,,,419.5,,0.0,1.0,1.0,1.0,1.0,1.0,,1.0,0.0,,0.0,117933.0,5.0,3.0,0.5,0.0,4.0,2.0,,,,,,3.0,2.0,,,,,22:1,689.0,13.0,3.0,1.0,0.0,0.0,0.0,,0.0,0.0,0.0,0.0,0.0,0.0,0.0,0.0,0.0,,0.0,,0.0,0.0,,0.0,0.0,0.0,0.0,0.0,25000.0,0.0,0.0,326.0,280.0,303.0,-23.0,0.0,0.0,0.0,0.0,0.0,0.0,0.0,1.0,0.0,0.0,1.0,18640.0,1.0,,,,,,,,,,,,,,,,,,,,,,,,,,,,,,,,,,,,,,
2026,DISTRICT_MANAGED_2026.xlsx,Traditional,FUNSTON,Elementary,LOGAN SQUARE,Network 4,41.0,,,,423.75,,0.0,1.0,1.0,1.0,2.0,1.0,,0.0,0.0,,2.0,158869.40999999997,13.0,25.0,1.0,0.0,3.0,2.0,,,,,,4.0,2.0,,,,,22:1,713.0,16.0,4.0,1.0,2.0,0.0,0.0,,0.0,0.0,0.0,0.0,1.0,0.0,0.0,0.0,0.0,,0.0,,0.0,0.0,,0.0,0.0,0.0,0.0,0.0,0.0,0.0,0.0,446.0,352.0,337.0,15.0,0.0,0.0,0.0,0.0,0.0,0.0,0.0,0.0,0.0,0.0,2.0,18640.0,1.0,,,,,,,,,,,,,,,,,,,,,,,,,,,,,,,,,,,,,,
2026,DISTRICT_MANAGED_2026.xlsx,Traditional,GAGE PARK HS,High,GAGE PARK,Network 16,48.0,,,,398.25,,0.0,1.0,1.0,1.0,2.0,1.0,,3.0,0.0,,2.0,184611.25,7.0,7.0,0.5,0.0,0.0,0.0,,,,,,6.0,5.0,,,,,18:1,1743.0,19.0,0.0,1.0,0.0,0.0,0.0,,0.0,0.0,0.0,0.0,0.0,0.0,0.0,0.0,0.75,,0.0,,0.0,0.0,,0.0,0.0,1.0,0.0,160000.0,56440.0,0.0,0.0,342.0,330.0,342.0,-12.0,0.0,60000.0,0.0,0.0,0.0,0.0,0.0,0.0,0.0,0.0,1.0,18640.0,1.0,,,,,,,,,,,,,,,,,,,,,,,,,,,,,,,,,,,,,,
2026,DISTRICT_MANAGED_2026.xlsx,Traditional,GALE,Elementary,ROGERS PARK,Network 2,39.0,,,,402.5,,0.0,1.0,1.0,1.0,1.0,1.0,,0.0,0.0,,0.0,217052.79,12.0,31.0,1.0,0.0,2.0,2.0,,,,,,3.0,3.0,,,,,22:1,689.0,13.0,4.0,1.0,0.0,0.0,0.0,,0.0,0.0,0.0,0.0,0.0,1.0,0.0,0.0,0.0,,0.0,,0.0,0.0,,0.0,0.0,0.0,0.0,0.0,56440.0,0.0,0.0,347.0,269.0,259.0,10.0,0.0,0.0,0.0,0.0,0.0,0.0,0.0,0.0,0.0,0.0,1.0,18640.0,1.0,,,,,,,,,,,,,,,,,,,,,,,,,,,,,,,,,,,,,,
2026,DISTRICT_MANAGED_2026.xlsx,Traditional,GALILEO,Elementary,NEAR WEST SIDE,Network 6,25.0,,,,275.0,,0.0,1.0,1.0,1.0,1.0,1.0,,1.0,0.0,,1.0,135711.19,10.0,12.0,1.0,0.0,0.0,0.0,,,,,,2.0,2.0,,,,,26:1,521.0,22.0,5.0,0.0,0.0,0.0,0.0,,0.0,0.0,0.0,0.0,0.0,0.0,0.0,0.0,0.0,,0.0,,0.0,0.0,,0.0,0.0,0.0,0.0,0.0,0.0,0.0,0.0,550.0,550.0,533.0,17.0,0.0,0.0,0.0,0.0,0.0,0.0,0.0,0.0,0.0,0.0,1.0,18640.0,0.0,,,,,,,,,,,,,,,,,,,,,,,,,,,,,,,,,,,,,,
2026,DISTRICT_MANAGED_2026.xlsx,Traditional,GALLISTEL,Elementary,EAST SIDE,Network 13,37.0,,,,398.25,,0.0,1.0,1.0,1.0,1.0,1.0,,3.0,0.0,,0.0,162295.38,7.0,9.0,1.0,0.0,2.0,2.0,,,,,,6.0,2.0,,,,,24:1,665.0,24.0,5.0,2.0,0.0,0.0,0.0,,1.0,0.0,0.0,0.0,1.0,0.0,0.0,0.0,0.0,,0.0,,0.0,0.0,,0.0,0.0,0.0,0.0,0.0,0.0,0.0,0.0,597.0,565.0,564.0,1.0,0.0,0.0,0.0,0.0,0.0,0.0,0.0,0.0,0.0,0.0,1.0,18640.0,0.0,,,,,,,,,,,,,,,,,,,,,,,,,,,,,,,,,,,,,,
2026,DISTRICT_MANAGED_2026.xlsx,Traditional,GARVEY,Elementary,WASHINGTON HEIGHTS,Network 13,27.0,,,,432.25,,0.0,1.0,1.0,1.0,1.0,1.0,,0.0,0.0,,0.0,149950.95,3.0,5.0,0.0,0.0,1.0,1.0,,,,,,2.0,1.0,,,,,24:1,545.0,10.0,3.0,1.0,0.0,0.0,0.0,,0.0,0.0,0.0,0.0,0.0,0.0,0.0,0.0,0.0,,0.0,,0.0,0.0,,0.0,0.0,0.0,0.0,0.0,126918.0,0.0,0.0,256.0,234.0,211.0,23.0,0.0,0.0,0.0,0.0,0.0,0.0,0.0,1.0,0.0,0.0,0.0,18640.0,0.0,,,,,,,,,,,,,,,,,,,,,,,,,,,,,,,,,,,,,,
2026,DISTRICT_MANAGED_2026.xlsx,Traditional,GARVY,Elementary,NORWOOD PARK,Network 1,17.0,,,,0.0,,0.0,1.0,1.0,1.0,2.0,0.0,,0.0,0.0,,0.0,174121.29,9.0,6.0,1.0,0.0,0.0,0.0,,,,,,2.0,1.0,,,,,26:1,425.0,29.0,6.0,0.0,0.0,0.0,0.0,,0.0,0.0,1.0,0.0,1.0,0.0,0.0,0.0,0.0,,0.0,,0.0,0.0,,0.0,0.0,0.0,0.0,0.0,0.0,0.0,0.0,731.0,731.0,741.0,-10.0,0.0,0.0,0.0,0.0,0.0,0.0,0.0,1.0,0.0,0.0,1.0,18640.0,0.0,,,,,,,,,,,,,,,,,,,,,,,,,,,,,,,,,,,,,,
2026,DISTRICT_MANAGED_2026.xlsx,Traditional,GARY,Elementary,SOUTH LAWNDALE,Network 7,41.0,,,,423.75,,0.0,1.0,1.0,1.0,2.0,0.0,,0.5,0.0,,5.0,294615.38,9.0,19.0,1.5,0.0,3.0,2.0,,,,,,6.0,2.0,,,,,22:1,713.0,29.0,7.0,2.0,0.0,0.0,0.0,,1.0,0.0,1.0,0.0,1.0,0.0,0.0,0.0,0.0,,0.0,,0.0,0.0,,0.0,0.0,0.0,0.0,0.0,56440.0,0.0,0.0,714.0,638.0,687.0,-49.0,-1.0,0.0,0.0,0.0,0.0,0.0,0.0,0.0,0.0,0.0,2.0,18640.0,1.0,,,,,,,,,,,,,,,,,,,,,,,,,,,,,,,,,,,,,,
2026,DISTRICT_MANAGED_2026.xlsx,Traditional,GILLESPIE,Elementary,ROSELAND,Network 12,40.0,,,,436.5,,0.0,1.0,1.0,1.0,1.0,1.0,,1.0,0.0,,1.0,109998.7,8.0,14.0,1.0,0.0,1.0,1.0,,,,,,4.0,1.0,,,,,22:1,701.0,11.0,3.0,1.0,0.0,0.0,0.0,,0.0,0.0,0.0,0.0,0.0,0.0,0.0,0.0,0.0,,0.0,,0.0,0.0,,0.0,0.0,0.0,0.0,0.0,25000.0,0.0,0.0,286.0,227.0,295.0,-68.0,0.0,0.0,0.0,0.0,0.0,0.0,0.0,0.0,0.0,0.0,0.0,18640.0,1.0,,,,,,,,,,,,,,,,,,,,,,,,,,,,,,,,,,,,,,
2026,DISTRICT_MANAGED_2026.xlsx,Traditional,GINSBURG,Elementary,WEST TOWN,ISP,29.0,,,,347.25,,0.0,1.0,1.0,1.0,1.0,1.0,,0.0,0.0,,0.0,123186.12,4.0,3.0,0.0,0.0,1.0,1.0,,,,,,2.0,1.0,,,,,24:1,569.0,11.0,3.0,1.0,0.0,0.0,0.0,,0.0,0.0,0.0,0.0,0.0,0.0,0.0,0.0,0.0,,0.0,,0.0,0.0,,0.0,0.0,0.0,0.0,0.0,0.0,0.0,0.0,261.0,241.0,253.0,-12.0,0.0,0.0,0.0,0.0,0.0,0.0,0.0,1.0,0.0,0.0,1.0,18640.0,0.0,,,,,,,,,,,,,,,,,,,,,,,,,,,,,,,,,,,,,,
2026,DISTRICT_MANAGED_2026.xlsx,Traditional,GOETHE,Elementary,LOGAN SQUARE,Network 4,23.0,,,,283.5,,0.0,1.0,1.0,1.0,2.0,0.0,,3.78,0.0,,0.0,13996.51,10.0,20.0,1.0,0.0,5.22,3.0,,,,,,6.0,2.0,,,,,26:1,497.0,25.0,5.0,0.0,0.0,0.0,0.0,,0.0,0.0,1.0,0.0,0.0,0.0,0.0,0.0,0.0,,0.0,,0.0,0.0,,0.0,0.0,0.0,0.0,0.0,0.0,0.0,0.0,717.0,644.0,651.0,-7.0,0.0,0.0,2.0,0.0,0.0,0.0,0.0,0.0,0.0,0.0,2.0,18640.0,0.0,,,,,,,,,,,,,,,,,,,,,,,,,,,,,,,,,,,,,,
2026,DISTRICT_MANAGED_2026.xlsx,Traditional,GOODE HS,High,ASHBURN,Network 16,28.0,,,,355.75,,0.0,1.0,1.0,1.0,2.0,0.0,,0.0,2.0,,5.0,521416.96,13.0,21.0,1.5,0.0,0.0,0.0,,,,,,4.0,5.0,,,,,19:1,1383.0,51.0,0.0,2.0,0.0,0.0,0.0,,1.0,1.0,1.0,1.0,2.0,0.0,2.0,0.0,0.0,,0.0,,0.0,0.0,,0.0,0.0,0.0,0.0,150000.0,0.0,0.0,0.0,967.0,953.0,944.0,9.0,-3.0,0.0,0.0,0.0,0.0,0.0,0.0,1.0,1.0,1.0,1.0,18640.0,0.0,,,,,,,,,,,,,,,,,,,,,,,,,,,,,,,,,,,,,,
2026,DISTRICT_MANAGED_2026.xlsx,Traditional,GOUDY,Elementary,UPTOWN,Network 2,28.0,,,,372.75,,0.0,1.0,1.0,1.0,1.0,1.0,,2.0,0.0,,0.0,192292.07,10.0,15.0,0.5,0.0,2.0,2.0,,,,,,6.0,2.0,,,,,24:1,557.0,20.0,5.0,2.0,0.0,0.0,0.0,,0.0,0.0,0.0,0.0,0.0,0.0,0.0,0.0,0.0,,0.0,,0.0,0.0,,0.0,0.0,0.0,0.0,0.0,0.0,0.0,0.0,494.0,457.0,522.0,-65.0,0.0,0.0,0.0,0.0,0.0,0.0,0.0,0.0,0.0,0.0,1.0,18640.0,0.0,,,,,,,,,,,,,,,,,,,,,,,,,,,,,,,,,,,,,,
2026,DISTRICT_MANAGED_2026.xlsx,Traditional,GRAHAM ES,Elementary,NEW CITY,Network 6,40.0,,,,428.0,,0.0,1.0,1.0,1.0,1.0,0.0,,2.0,0.0,,0.5,17068.4,8.0,12.0,0.5,0.0,2.0,2.0,,,,,,4.0,2.0,,,,,22:1,701.0,15.0,3.0,1.0,0.0,0.0,0.0,,0.0,0.0,0.0,0.0,0.0,0.0,0.0,0.0,0.0,,0.0,,0.0,0.0,,0.0,0.0,0.0,1.0,0.0,25000.0,0.0,0.0,348.0,324.0,358.0,-34.0,0.0,0.0,0.0,0.0,0.0,0.0,0.0,1.0,0.0,0.0,1.0,18640.0,1.0,,,,,,,,,,,,,,,,,,,,,,,,,,,,,,,,,,,,,,
2026,DISTRICT_MANAGED_2026.xlsx,Traditional,GRAY,Elementary,PORTAGE PARK,Network 1,26.0,,,,364.25,,0.0,1.0,1.0,1.0,2.0,0.0,,0.0,0.0,,0.0,157360.21999999997,9.0,8.0,1.0,0.0,3.0,3.0,,,,,,7.0,2.0,,,,,26:1,533.0,37.0,8.0,3.0,0.0,0.0,0.0,,0.0,0.0,1.0,1.0,2.0,0.0,0.0,0.0,0.0,,0.0,,0.0,0.0,,0.0,0.0,0.0,0.0,0.0,0.0,0.0,0.0,1000.0,940.0,949.0,-9.0,0.0,0.0,0.0,0.0,0.0,0.0,0.0,2.0,0.0,0.0,2.0,18640.0,0.0,,,,,,,,,,,,,,,,,,,,,,,,,,,,,,,,,,,,,,
2026,DISTRICT_MANAGED_2026.xlsx,Traditional,GREELEY,Elementary,LAKE VIEW,Network 4,32.0,,,,368.5,,0.0,1.0,1.0,1.0,1.0,0.0,,0.0,0.0,,0.0,171392.5,7.0,9.0,0.0,0.0,2.0,2.0,,,,,,3.0,1.0,,,,,24:1,605.0,14.0,3.0,1.0,0.0,0.0,0.0,,0.0,0.0,0.0,0.0,1.0,0.0,0.0,0.0,0.0,,0.0,,1.0,0.0,,0.0,0.0,0.0,1.0,0.0,0.0,0.0,0.0,339.0,316.0,411.0,-95.0,0.0,0.0,0.0,0.0,0.0,0.0,-1.0,0.0,0.0,0.0,1.0,18640.0,0.0,,,,,,,,,,,,,,,,,,,,,,,,,,,,,,,,,,,,,,
2026,DISTRICT_MANAGED_2026.xlsx,Traditional,GREEN,Elementary,WASHINGTON HEIGHTS,Network 11,32.0,,,,402.5,,0.0,1.0,1.0,1.0,1.0,1.0,,0.0,0.0,,0.0,215462.55,11.0,20.0,1.0,0.0,1.0,1.0,,,,,,3.0,1.0,,,,,24:1,605.0,10.0,3.0,1.0,0.0,0.0,0.0,,0.0,0.0,0.0,0.0,0.0,0.0,0.0,0.0,0.0,,0.0,,0.0,0.0,,0.0,0.0,0.0,0.0,0.0,0.0,0.0,0.0,266.0,207.0,245.0,-38.0,0.0,0.0,0.0,0.0,0.0,0.0,0.0,0.0,0.0,0.0,0.0,18640.0,0.0,,,,,,,,,,,,,,,,,,,,,,,,,,,,,,,,,,,,,,
2026,DISTRICT_MANAGED_2026.xlsx,Traditional,GREENE,Elementary,MCKINLEY PARK,Network 8,39.0,,,,385.5,,0.0,1.0,1.0,1.0,1.0,1.0,,0.5,0.0,,0.0,97656.13,6.0,9.0,0.5,0.0,5.0,3.0,,,,,,4.0,1.0,,,,,22:1,689.0,12.0,3.0,1.0,0.0,0.0,0.0,,0.0,0.0,0.0,0.0,0.0,0.0,0.0,0.0,0.0,,0.0,,0.0,0.0,,0.0,0.0,0.0,0.0,0.0,0.0,0.0,0.0,326.0,263.0,276.0,-13.0,0.0,0.0,0.0,0.0,0.0,0.0,0.0,1.0,0.0,0.0,1.0,18640.0,1.0,,,,,,,,,,,,,,,,,,,,,,,,,,,,,,,,,,,,,,
2026,DISTRICT_MANAGED_2026.xlsx,Traditional,GREGORY,Elementary,EAST GARFIELD PARK,Network 5,41.0,,,,436.5,,0.0,1.0,1.0,1.0,1.0,1.0,,0.0,0.0,,0.0,190892.2,7.0,10.0,0.5,0.0,1.0,1.0,,,,,,2.0,2.0,,,,,22:1,713.0,11.0,3.0,1.0,0.0,0.0,0.0,,0.0,0.0,0.0,0.0,0.0,0.0,0.0,0.0,0.0,,0.0,,0.0,0.0,,0.0,0.0,0.0,0.0,0.0,0.0,0.0,0.0,280.0,234.0,208.0,26.0,0.0,0.0,0.0,0.0,0.0,0.0,0.0,1.0,0.0,0.0,0.5,18640.0,1.0,,,,,,,,,,,,,,,,,,,,,,,,,,,,,,,,,,,,,,
2026,DISTRICT_MANAGED_2026.xlsx,Traditional,GRESHAM,Elementary,AUBURN GRESHAM,Network 11,33.0,,,,449.25,,0.0,1.0,0.0,1.0,1.0,1.0,,1.0,0.0,,2.07,208340.31,5.0,10.0,0.5,0.0,2.0,2.0,,,,,,3.0,2.0,,,,,24:1,617.0,13.0,3.0,1.0,0.0,0.0,0.0,,0.0,0.0,0.0,0.0,0.0,0.0,0.0,0.0,0.0,,0.0,,0.0,0.0,,0.0,0.0,0.0,0.0,0.0,115918.0,0.0,0.0,327.0,301.0,295.0,6.0,0.0,0.0,0.0,-1.0,0.0,0.0,0.0,0.0,0.0,0.0,0.0,18640.0,0.0,,,,,,,,,,,,,,,,,,,,,,,,,,,,,,,,,,,,,,
2026,DISTRICT_MANAGED_2026.xlsx,Traditional,GRIMES,Elementary,CLEARING,Network 10,32.0,,,,321.75,,1.5,1.0,1.0,2.0,1.0,1.0,,2.0,0.0,,0.0,77488.25,8.0,7.0,0.5,0.0,1.0,1.0,,,,,,3.0,2.0,,,,,24:1,605.0,15.0,3.0,1.0,0.0,0.0,0.0,,0.0,0.0,0.0,0.0,0.0,0.0,0.0,0.0,0.0,,0.0,,0.0,0.0,,0.0,0.0,0.0,0.0,0.0,0.0,0.0,0.0,374.0,354.0,349.0,5.0,0.0,0.0,0.0,0.0,0.0,0.0,0.0,0.0,0.0,0.0,1.0,18640.0,0.0,,,,,,,,,,,,,,,,,,,,,,,,,,,,,,,,,,,,,,
2026,DISTRICT_MANAGED_2026.xlsx,Traditional,GRISSOM,Elementary,HEGEWISCH,Network 13,28.0,,,,343.0,,0.0,1.0,1.0,2.0,1.0,1.0,,0.0,0.0,,0.0,173569.62,5.0,10.0,0.5,0.0,1.0,1.0,,,,,,2.0,2.0,,,,,24:1,557.0,12.0,3.0,1.0,1.0,0.0,0.0,,0.0,0.0,0.0,0.0,0.0,0.0,0.0,0.0,0.0,,0.0,,0.0,0.0,,0.0,0.0,0.0,0.0,0.0,0.0,0.0,0.0,288.0,268.0,276.0,-8.0,-1.0,0.0,0.0,0.0,0.0,0.0,0.0,2.0,0.0,0.0,1.0,18640.0,0.0,,,,,,,,,,,,,,,,,,,,,,,,,,,,,,,,,,,,,,
2026,DISTRICT_MANAGED_2026.xlsx,Traditional,GUNSAULUS,Elementary,BRIGHTON PARK,Network 8,35.0,,,,372.75,,0.0,1.0,1.0,1.0,2.0,0.0,,0.0,0.0,,1.0,479938.1,8.0,6.0,1.0,0.0,4.0,3.0,,,,,,5.0,2.0,,,,,24:1,641.0,26.0,6.0,2.0,0.0,0.0,0.0,,1.0,0.0,1.0,0.0,0.0,0.0,0.0,0.0,0.0,,0.0,,0.0,0.0,,0.0,0.0,0.0,0.0,0.0,0.0,0.0,0.0,663.0,616.0,615.0,1.0,0.0,0.0,0.0,0.0,0.0,0.0,0.0,0.0,0.0,0.0,2.0,18640.0,0.0,,,,,,,,,,,,,,,,,,,,,,,,,,,,,,,,,,,,,,
2026,DISTRICT_MANAGED_2026.xlsx,Traditional,HAINES,Elementary,ARMOUR SQUARE,Network 6,35.0,,,,372.75,,0.0,1.0,1.0,1.0,1.0,1.0,,0.5,0.0,,0.0,160103.7,6.0,4.0,0.5,0.0,1.0,1.0,,,,,,6.0,1.0,,,,,24:1,641.0,19.0,4.0,1.0,0.0,0.0,0.0,,0.0,0.0,0.0,0.0,1.0,0.0,0.0,0.0,0.0,,0.0,,0.0,0.0,,0.0,0.0,0.0,0.0,0.0,0.0,0.0,0.0,460.0,448.0,461.0,-13.0,0.0,0.0,0.0,0.0,0.0,0.0,0.0,1.0,0.0,0.0,1.0,18640.0,0.0,,,,,,,,,,,,,,,,,,,,,,,,,,,,,,,,,,,,,,
2026,DISTRICT_MANAGED_2026.xlsx,Traditional,HALE,Elementary,CLEARING,Network 10,19.0,,,,330.25,,0.0,1.0,1.0,1.0,2.0,0.0,,0.0,0.0,,0.79,205394.11,8.0,5.0,1.0,0.0,1.0,1.0,,,,,,5.0,2.0,,,,,26:1,449.0,30.0,6.0,2.0,0.0,0.0,0.0,,0.0,0.0,1.0,0.0,2.0,0.0,0.0,0.21,0.0,,0.0,,0.0,0.0,,0.0,0.0,0.0,0.0,0.0,0.0,0.0,0.0,775.0,755.0,751.0,4.0,0.0,0.0,0.0,0.0,0.0,0.0,0.0,0.0,0.0,0.0,1.0,18640.0,0.0,,,,,,,,,,,,,,,,,,,,,,,,,,,,,,,,,,,,,,
2026,DISTRICT_MANAGED_2026.xlsx,Traditional,HALEY,Elementary,ROSELAND,Network 13,33.0,,,,445.0,,0.0,1.0,1.0,1.0,1.0,1.0,,0.0,0.0,,1.75,65759.0,7.0,17.0,1.0,0.0,3.0,2.0,,,,,,5.0,2.0,,,,,24:1,617.0,17.0,4.0,1.0,0.0,0.0,0.0,,0.0,0.0,0.0,0.0,0.0,0.0,1.0,0.0,0.0,,0.0,,0.0,0.0,,0.0,0.0,0.0,1.0,0.0,25000.0,0.0,0.0,456.0,405.0,398.0,7.0,0.0,0.0,0.0,0.0,0.0,0.0,0.0,0.0,0.0,0.0,0.5,18640.0,0.0,,,,,,,,,,,,,,,,,,,,,,,,,,,,,,,,,,,,,,
2026,DISTRICT_MANAGED_2026.xlsx,Traditional,HAMILTON,Elementary,LAKE VIEW,Network 4,22.0,,,,0.0,,0.0,1.0,1.0,1.0,1.0,1.0,,1.0,0.0,,0.0,130571.0,9.0,11.0,1.0,0.0,1.0,1.0,,,,,,2.0,1.0,,,,,26:1,485.0,18.0,4.0,0.0,0.0,0.0,0.0,,0.0,0.0,0.0,0.0,0.0,0.0,0.0,0.0,0.0,,0.0,,0.0,0.0,,0.0,0.0,0.0,0.0,0.0,0.0,0.0,1.0,484.0,465.0,464.0,1.0,0.0,0.0,0.0,0.0,0.0,0.0,0.0,0.0,0.0,0.0,0.5,18640.0,0.0,,,,,,,,,,,,,,,,,,,,,,,,,,,,,,,,,,,,,,
2026,DISTRICT_MANAGED_2026.xlsx,Traditional,HAMLINE,Elementary,NEW CITY,Network 8,43.0,,,,419.5,,0.0,1.0,1.0,2.0,2.0,1.0,,0.0,0.0,,0.0,464231.91,11.0,17.0,1.0,0.0,5.0,3.0,,,,,,6.0,3.0,,,,,22:1,737.0,22.0,5.0,2.0,0.0,0.0,0.0,,1.0,0.0,0.0,0.0,0.0,0.0,0.5,0.0,0.0,,0.0,,0.0,0.0,,0.0,0.0,0.0,1.0,0.0,56440.0,0.0,0.0,569.0,465.0,486.0,-21.0,0.0,0.0,0.0,0.0,0.0,0.0,0.0,0.0,0.0,0.0,2.0,18640.0,1.0,,,,,,,,,,,,,,,,,,,,,,,,,,,,,,,,,,,,,,
2026,DISTRICT_MANAGED_2026.xlsx,Traditional,HAMMOND,Elementary,SOUTH LAWNDALE,Network 7,38.0,,,,419.5,,0.0,1.0,1.0,1.0,1.0,1.0,,0.0,0.0,,1.0,181471.0,7.0,5.0,0.5,0.0,4.0,2.0,,,,,,2.0,1.0,,,,,22:1,677.0,11.0,3.0,0.0,0.0,0.0,0.0,,0.0,0.0,0.0,0.0,0.0,0.0,0.0,0.0,0.0,,0.0,,0.0,0.0,,0.0,0.0,0.0,0.0,0.0,37787.0,0.0,0.0,254.0,221.0,244.0,-23.0,0.0,0.0,0.0,0.0,0.0,0.0,0.0,0.0,0.0,0.0,1.0,18640.0,0.0,,,,,,,,,,,,,,,,,,,,,,,,,,,,,,,,,,,,,,
2026,DISTRICT_MANAGED_2026.xlsx,Traditional,HAMPTON,Elementary,ASHBURN,Network 10,36.0,,,,385.5,,0.0,1.0,1.0,1.0,1.0,1.0,,0.0,0.0,,1.83,82279.75,8.0,12.0,1.0,0.0,2.0,2.0,,,,,,3.0,1.0,,,,,24:1,653.0,17.0,4.0,1.0,0.0,0.0,0.0,,0.0,0.0,0.0,0.0,0.0,1.0,0.0,0.17,0.0,,0.0,,0.0,0.0,,0.0,0.0,0.0,0.0,0.0,0.0,0.0,0.0,459.0,402.0,382.0,20.0,0.0,0.0,0.0,0.0,0.0,0.0,0.0,0.0,0.0,0.0,1.0,18640.0,0.0,,,,,,,,,,,,,,,,,,,,,,,,,,,,,,,,,,,,,,
2026,DISTRICT_MANAGED_2026.xlsx,Traditional,HANCOCK HS,High,CLEARING,Network 15,22.0,,,,279.25,,1.0,1.0,1.0,1.0,3.0,0.0,,2.5,1.0,,3.0,421356.04,8.0,8.0,1.0,0.0,0.0,0.0,,,,,,5.0,5.0,,,,,21:1,1275.0,50.0,0.0,2.0,0.0,0.0,0.0,,0.0,1.0,2.0,1.0,2.0,0.0,0.0,0.0,0.0,,0.0,,0.0,0.0,,0.0,0.0,0.0,0.0,0.0,0.0,0.0,0.0,1043.0,1030.0,1015.0,15.0,0.0,0.0,0.0,0.0,0.0,0.0,0.0,0.0,0.0,0.0,0.5,18640.0,0.0,,,,,,,,,,,,,,,,,,,,,,,,,,,,,,,,,,,,,,
2026,DISTRICT_MANAGED_2026.xlsx,Traditional,HANSON PARK,Elementary,BELMONT CRAGIN,Network 3,40.0,,,,406.75,,0.0,1.0,1.0,2.0,2.0,0.0,,1.0,0.0,,2.0,171041.46,22.0,61.0,2.5,0.0,11.0,6.0,,,,,,6.0,2.0,,,,,22:1,701.0,42.0,10.0,3.0,0.0,0.0,0.0,,0.0,0.0,1.0,0.0,1.0,0.0,1.0,2.0,0.0,,0.0,,0.0,0.0,,0.0,0.0,0.0,0.0,0.0,0.0,0.0,0.0,1127.0,908.0,945.0,-37.0,0.0,0.0,0.0,0.0,-1.0,0.0,0.0,5.0,0.0,0.0,3.0,18640.0,1.0,,,,,,,,,,,,,,,,,,,,,,,,,,,,,,,,,,,,,,
2026,DISTRICT_MANAGED_2026.xlsx,Traditional,HARLAN HS,High,ROSELAND,Network 17,41.0,,,,415.25,,0.0,1.0,1.0,1.0,1.0,1.0,,3.0,0.0,,0.2,50497.11,6.0,11.0,0.5,0.0,0.0,0.0,,,,,,3.0,4.0,,,,,18:1,1617.0,10.0,0.0,0.0,0.0,0.0,0.0,,0.0,0.0,0.0,0.0,0.0,0.0,1.0,0.0,0.5,,0.0,,0.0,0.0,,0.0,0.0,2.0,0.0,160000.0,39104.0,0.0,0.0,159.0,157.0,205.0,-48.0,0.0,60000.0,0.0,0.0,0.0,0.0,0.0,0.0,0.0,0.0,0.0,18640.0,1.0,,,,,,,,,,,,,,,,,,,,,,,,,,,,,,,,,,,,,,
2026,DISTRICT_MANAGED_2026.xlsx,Traditional,HARTE,Elementary,HYDE PARK,Network 9,31.0,,,,377.0,,0.0,1.0,1.0,1.0,1.0,1.0,,1.0,0.0,,0.0,85856.33333333333,7.0,11.0,0.5,0.0,3.0,2.0,,,,,,2.0,1.0,,,,,24:1,593.0,12.0,3.0,1.0,0.0,0.0,0.0,,0.0,0.0,0.0,0.0,0.0,0.0,0.0,0.0,0.0,,0.0,,0.0,0.0,,0.0,0.0,0.0,0.0,0.0,25000.0,0.0,0.0,334.0,287.0,297.0,-10.0,0.0,0.0,0.0,0.0,0.0,0.0,0.0,1.0,0.0,0.0,0.5,18640.0,1.0,,,,,,,,,,,,,,,,,,,,,,,,,,,,,,,,,,,,,,
2026,DISTRICT_MANAGED_2026.xlsx,Traditional,HARVARD,Elementary,GREATER GRAND CROSSING,Network 11,37.0,,,,462.0,,0.0,1.0,1.0,1.0,1.0,1.0,,0.0,0.7,,0.0,150208.52,9.0,27.0,1.0,0.0,1.0,1.0,,,,,,2.0,1.0,,,,,24:1,665.0,12.0,3.0,1.0,0.0,0.0,0.0,,0.0,0.0,0.0,0.0,0.0,0.0,0.0,0.0,0.0,,0.0,,0.0,0.0,,0.0,0.0,0.0,0.0,0.0,39993.0,0.0,0.0,338.0,281.0,302.0,-21.0,0.0,0.0,0.0,0.0,0.0,0.0,0.0,1.0,0.0,0.0,0.5,18640.0,1.0,,,,,,,,,,,,,,,,,,,,,,,,,,,,,,,,,,,,,,
2026,DISTRICT_MANAGED_2026.xlsx,Traditional,HAUGAN,Elementary,ALBANY PARK,ISP,30.0,,,,398.25,,0.0,1.0,1.0,1.0,2.0,0.0,,0.0,0.5,,0.125,412962.05,18.0,20.0,1.5,0.0,8.0,5.0,,,,,,6.0,3.0,,,,,24:1,581.0,39.0,9.0,3.0,0.0,0.0,0.0,,1.0,0.0,1.0,1.0,1.0,0.0,0.5,0.0,0.0,,0.0,,0.0,0.0,,0.0,0.0,0.0,0.0,0.0,52346.0,0.0,0.0,1074.0,922.0,883.0,39.0,-1.0,0.0,0.0,0.0,0.0,0.0,0.0,2.0,0.0,0.0,3.0,18640.0,0.0,,,,,,,,,,,,,,,,,,,,,,,,,,,,,,,,,,,,,,
2026,DISTRICT_MANAGED_2026.xlsx,Traditional,HAWTHORNE,Elementary,LAKE VIEW,Network 4,16.0,,,,0.0,,1.0,1.0,1.0,1.0,2.0,0.0,,0.5,0.0,,0.0,133052.5,7.0,8.0,0.5,0.0,0.0,0.0,,,,,,1.0,2.0,,,,,26:1,413.0,25.0,5.0,0.0,0.0,0.0,0.0,,0.0,0.0,1.0,0.0,0.0,0.0,0.0,0.0,0.0,,0.0,,0.0,1.0,,0.0,0.0,0.0,0.0,0.0,0.0,0.0,0.0,642.0,642.0,619.0,23.0,0.0,0.0,0.0,0.0,0.0,0.0,0.0,1.0,0.0,0.0,0.5,18640.0,0.0,,,,,,,,,,,,,,,,,,,,,,,,,,,,,,,,,,,,,,
2026,DISTRICT_MANAGED_2026.xlsx,Traditional,HAY,Elementary,AUSTIN,Network 3,42.0,,,,428.0,,0.0,1.0,1.0,1.0,1.0,1.0,,1.0,0.21,,0.5,80045.01,4.0,4.0,0.5,0.0,2.0,2.0,,,,,,4.0,2.0,,,,,22:1,725.0,10.0,3.0,0.0,0.0,0.0,0.0,,0.0,0.0,0.0,0.0,0.0,0.0,0.0,0.34,0.0,,0.0,,0.0,0.0,,0.0,0.0,0.0,0.0,0.0,49005.0,0.0,0.0,245.0,220.0,232.0,-12.0,0.0,0.0,0.0,0.0,0.0,0.0,0.0,0.0,0.0,0.0,1.0,18640.0,1.0,,,,,,,,,,,,,,,,,,,,,,,,,,,,,,,,,,,,,,
2026,DISTRICT_MANAGED_2026.xlsx,Traditional,HAYT,Elementary,EDGEWATER,Network 2,29.0,,,,389.75,,0.0,1.0,1.0,1.0,2.0,0.0,,3.0,0.0,,1.0,210493.79000000004,17.0,25.0,1.5,0.0,6.0,4.54,,,,,,5.0,2.0,,,,,24:1,569.0,31.0,7.0,2.0,0.0,0.0,0.0,,1.0,0.0,1.0,0.0,1.0,0.0,1.0,0.0,0.0,,0.0,,0.0,0.0,,0.0,0.0,0.0,0.0,0.0,0.0,0.0,0.0,842.0,736.0,761.0,-25.0,-2.0,0.0,0.0,0.0,0.0,0.0,0.0,0.46,0.0,0.0,2.0,18640.0,0.0,,,,,,,,,,,,,,,,,,,,,,,,,,,,,,,,,,,,,,
2026,DISTRICT_MANAGED_2026.xlsx,Traditional,HEALY,Elementary,BRIDGEPORT,Network 6,21.0,,,,364.25,,0.0,1.0,1.0,1.0,2.0,0.0,,1.5,0.0,,0.0,226080.95,8.0,9.0,1.0,0.0,0.0,0.0,,,,,,10.0,2.0,,,,,26:1,473.0,47.0,10.0,3.0,0.0,1.0,0.0,,0.0,0.0,2.0,0.0,2.0,0.0,0.0,0.0,0.0,,0.0,,0.0,0.0,,0.0,0.0,0.0,0.0,0.0,0.0,0.0,0.0,1197.0,1197.0,1216.0,-19.0,0.0,0.0,0.0,0.0,0.0,0.0,0.0,3.0,0.0,0.0,2.0,18640.0,0.0,,,,,,,,,,,,,,,,,,,,,,,,,,,,,,,,,,,,,,
2026,DISTRICT_MANAGED_2026.xlsx,Traditional,HEARST,Elementary,GARFIELD RIDGE,Network 10,31.0,,,,381.25,,0.0,1.0,1.0,1.0,1.0,1.0,,0.0,0.0,,0.71,111198.5,11.0,22.0,1.0,0.0,4.0,2.0,,,,,,2.0,2.0,,,,,24:1,593.0,10.0,3.0,1.0,0.0,0.0,0.0,,0.0,0.0,0.0,0.0,0.0,0.0,0.0,0.29,0.0,,0.0,,0.0,0.0,,0.0,0.0,0.0,0.0,0.0,0.0,0.0,0.0,282.0,192.0,200.0,-8.0,0.0,0.0,0.0,0.0,0.0,0.0,0.0,0.0,0.0,0.0,1.0,18640.0,0.0,,,,,,,,,,,,,,,,,,,,,,,,,,,,,,,,,,,,,,
2026,DISTRICT_MANAGED_2026.xlsx,Traditional,HEDGES,Elementary,NEW CITY,Network 8,47.0,,,,419.5,,0.0,1.0,1.0,1.0,2.0,1.0,,0.0,0.0,,1.0,373020.84,6.0,10.0,1.0,0.0,4.0,2.0,,,,,,6.0,2.0,,,,,22:1,785.0,20.0,4.0,1.0,0.0,0.0,0.0,,0.0,0.0,0.0,0.0,0.0,0.0,0.0,0.0,0.0,,0.0,,0.0,0.0,,0.0,0.0,0.0,0.0,0.0,0.0,0.0,0.0,504.0,422.0,424.0,-2.0,0.0,0.0,0.0,0.0,0.0,0.0,0.0,0.0,0.0,0.0,2.0,18640.0,1.0,,,,,,,,,,,,,,,,,,,,,,,,,,,,,,,,,,,,,,
2026,DISTRICT_MANAGED_2026.xlsx,Traditional,HEFFERAN,Elementary,WEST GARFIELD PARK,Network 5,41.0,,,,423.75,,0.0,1.0,1.0,1.0,1.0,1.0,,0.0,0.0,,1.72,116738.79,4.0,5.0,0.5,0.0,1.0,1.0,,,,,,2.0,2.0,,,,,22:1,713.0,10.0,3.0,0.0,0.0,0.0,0.0,,0.0,0.0,0.0,0.0,0.0,0.0,0.0,0.0,0.0,,0.0,,0.0,0.0,,0.0,0.0,0.0,0.0,0.0,49756.0,0.0,0.0,208.0,191.0,162.0,29.0,0.0,0.0,0.0,0.0,0.0,0.0,0.0,0.0,0.0,1.0,0.5,18640.0,1.0,,,,,,,,,,,,,,,,,,,,,,,,,,,,,,,,,,,,,,
2026,DISTRICT_MANAGED_2026.xlsx,Traditional,HENDERSON,Elementary,WEST ENGLEWOOD,Network 8,47.0,,,,415.25,,0.0,1.0,1.0,1.0,1.0,1.0,,2.0,0.0,,0.0,50594.5,8.0,11.0,0.5,0.0,1.0,1.0,,,,,,2.0,2.0,,,,,22:1,785.0,10.0,3.0,0.0,0.0,0.0,0.0,,0.0,0.0,0.0,0.0,0.0,0.0,0.0,0.0,0.0,,0.0,,0.0,0.0,,0.0,0.0,0.0,0.0,0.0,43367.0,0.0,0.0,242.0,196.0,188.0,8.0,0.0,0.0,0.0,0.0,0.0,0.0,0.0,0.0,0.0,0.0,1.0,18640.0,1.0,,,,,,,,,,,,,,,,,,,,,,,,,,,,,,,,,,,,,,
2026,DISTRICT_MANAGED_2026.xlsx,Traditional,HENDRICKS,Elementary,FULLER PARK,Network 9,41.0,,,,462.0,,0.0,1.0,1.0,1.0,1.0,0.0,,0.0,0.0,,1.0,172660.95,7.0,9.0,0.5,0.0,4.0,3.0,,,,,,2.0,2.0,,,,,22:1,713.0,10.0,3.0,1.0,0.0,0.0,0.0,,0.0,0.0,0.0,0.0,0.0,0.0,0.0,0.0,0.0,,0.0,,0.0,0.0,,0.0,0.0,0.0,0.0,0.0,0.0,0.0,0.0,221.0,167.0,164.0,3.0,0.0,0.0,0.0,0.0,0.0,0.0,-1.0,0.0,0.0,0.0,0.5,18640.0,0.0,,,,,,,,,,,,,,,,,,,,,,,,,,,,,,,,,,,,,,
2026,DISTRICT_MANAGED_2026.xlsx,Traditional,HENRY,Elementary,IRVING PARK,Network 1,31.0,,,,389.75,,0.0,1.0,1.0,1.0,1.0,1.0,,1.5,0.0,,1.0,130508.1,7.0,11.0,0.5,0.0,2.0,2.0,,,,,,2.0,2.0,,,,,24:1,593.0,17.0,4.0,1.0,0.0,0.0,0.0,,0.0,0.0,0.0,0.0,0.0,0.0,0.0,0.0,0.0,,0.0,,0.0,0.0,,0.0,0.0,0.0,0.0,0.0,25000.0,0.0,0.0,436.0,390.0,430.0,-40.0,0.0,0.0,0.0,0.0,0.0,0.0,0.0,0.0,0.0,0.0,1.0,18640.0,1.0,,,,,,,,,,,,,,,,,,,,,,,,,,,,,,,,,,,,,,
2026,DISTRICT_MANAGED_2026.xlsx,Traditional,HERNANDEZ,Elementary,GAGE PARK,ISP,33.0,,,,394.0,,0.0,1.0,1.0,1.0,2.0,0.0,,0.0,0.0,,1.0,308744.35,7.0,5.0,1.0,0.0,0.0,0.0,,,,,,6.0,2.0,,,,,24:1,617.0,30.0,6.0,2.0,0.0,0.0,0.0,,1.0,0.0,1.0,1.0,2.0,0.0,1.0,0.0,0.0,,0.0,,0.0,0.0,,0.0,0.0,0.0,0.0,0.0,0.0,0.0,0.0,720.0,720.0,761.0,-41.0,-2.0,0.0,0.0,0.0,0.0,0.0,0.0,0.0,0.0,1.0,2.0,18640.0,0.0,,,,,,,,,,,,,,,,,,,,,,,,,,,,,,,,,,,,,,
2026,DISTRICT_MANAGED_2026.xlsx,Traditional,HERZL,Elementary,NORTH LAWNDALE,Network 7,41.0,,,,440.75,,0.0,1.0,1.0,2.0,2.0,1.0,,0.0,0.0,,3.6,70372.35,9.0,21.0,1.0,0.0,4.0,3.0,,,,,,6.0,3.0,,,,,22:1,713.0,16.0,4.0,1.0,0.0,0.0,0.0,,0.0,0.0,0.0,0.0,0.0,0.0,0.0,2.0,0.0,,0.0,,0.0,0.0,,0.0,0.0,0.0,0.0,0.0,58880.0,0.0,0.0,427.0,332.0,330.0,2.0,0.0,0.0,0.0,0.0,0.0,0.0,0.0,0.0,0.0,0.0,0.5,18640.0,1.0,,,,,,,,,,,,,,,,,,,,,,,,,,,,,,,,,,,,,,
2026,DISTRICT_MANAGED_2026.xlsx,Traditional,HIBBARD,Elementary,ALBANY PARK,Network 1,31.0,,,,398.25,,0.0,1.0,1.0,1.0,2.0,0.0,,0.53,0.0,,2.0,289985.26666666666,8.0,8.0,1.0,0.0,6.0,6.0,,,,,,7.0,2.0,,,,,24:1,593.0,35.0,7.0,2.0,0.0,0.0,0.0,,0.0,0.0,1.0,0.0,1.0,0.0,0.0,0.0,0.0,,0.0,,0.0,0.0,,0.0,0.0,0.0,0.0,0.0,0.0,0.47,0.0,928.0,822.0,825.0,-3.0,0.0,0.0,0.0,0.0,-1.0,0.0,0.0,2.0,0.0,0.0,3.0,18640.0,0.0,,,,,,,,,,,,,,,,,,,,,,,,,,,,,,,,,,,,,,
2026,DISTRICT_MANAGED_2026.xlsx,Traditional,HIGGINS,Elementary,WEST PULLMAN,Network 13,34.0,,,,445.0,,0.0,1.0,1.0,1.0,1.0,1.0,,0.0,0.0,,0.0,152467.25,5.0,11.0,0.5,0.0,2.0,2.0,,,,,,2.0,1.0,,,,,24:1,629.0,11.0,3.0,1.0,1.0,0.0,0.0,,0.0,0.0,0.0,0.0,0.0,0.0,0.0,0.255,0.0,,0.0,,0.0,0.0,,0.0,0.0,0.0,0.0,0.0,72880.0,0.0,0.0,273.0,241.0,239.0,2.0,0.0,0.0,0.0,0.0,0.0,0.0,0.0,1.0,0.0,0.0,0.0,18640.0,1.0,,,,,,,,,,,,,,,,,,,,,,,,,,,,,,,,,,,,,,
2026,DISTRICT_MANAGED_2026.xlsx,Traditional,HIRSCH HS,High,GREATER GRAND CROSSING,Network 17,44.0,,,,372.75,,0.0,1.0,1.0,1.0,1.0,1.0,,0.0,0.0,,1.7,336587.4733333333,4.0,5.0,0.0,0.0,0.0,0.0,,,,,,2.0,3.0,,,,,18:1,1671.0,10.0,0.0,0.0,0.0,0.0,0.0,,0.0,0.0,0.0,0.0,0.0,0.0,0.0,0.0,0.25,,0.0,,0.0,0.0,,0.0,0.0,0.0,0.0,160000.0,74630.0,0.0,0.0,102.0,102.0,104.0,-2.0,0.0,60000.0,0.0,0.0,0.0,0.0,0.0,0.0,0.0,0.0,0.0,18640.0,1.0,,,,,,,,,,,,,,,,,,,,,,,,,,,,,,,,,,,,,,
2026,DISTRICT_MANAGED_2026.xlsx,Traditional,HITCH,Elementary,NORWOOD PARK,Network 1,21.0,,,,0.0,,0.0,1.0,1.0,1.0,1.0,1.0,,0.0,0.0,,2.0,73097.45999999999,8.0,11.0,1.0,0.0,1.0,1.0,,,,,,2.0,1.0,,,,,26:1,473.0,19.0,4.0,0.0,0.0,0.0,0.0,,0.0,0.0,0.0,0.0,0.0,0.0,0.0,0.0,0.0,,0.0,,0.0,0.0,,0.0,0.0,0.0,0.0,0.0,0.0,0.0,0.0,490.0,470.0,484.0,-14.0,0.0,0.0,0.0,0.0,0.0,0.0,0.0,0.0,0.0,0.0,1.0,18640.0,0.0,,,,,,,,,,,,,,,,,,,,,,,,,,,,,,,,,,,,,,
2026,DISTRICT_MANAGED_2026.xlsx,Traditional,HOLDEN,Elementary,BRIDGEPORT,ISP,30.0,,,,372.75,,0.0,1.0,0.0,1.0,1.0,1.0,,2.0,0.0,,0.0,196175.95,7.0,9.0,0.5,0.0,2.0,2.0,,,,,,4.0,1.0,,,,,24:1,581.0,16.0,4.0,1.0,0.0,0.0,0.0,,0.0,0.0,0.0,0.0,1.0,0.0,0.0,0.0,0.0,,0.0,,0.0,0.0,,0.0,0.0,0.0,0.0,0.0,0.0,0.0,0.0,406.0,363.0,397.0,-34.0,0.0,0.0,0.0,-1.0,0.0,0.0,0.0,0.0,0.0,0.0,1.0,18640.0,0.0,,,,,,,,,,,,,,,,,,,,,,,,,,,,,,,,,,,,,,
2026,DISTRICT_MANAGED_2026.xlsx,Traditional,HOLMES,Elementary,ENGLEWOOD,Network 8,35.0,,,,449.25,,0.0,1.0,1.0,1.0,1.0,1.0,,0.0,0.0,,0.5,141469.72,4.0,8.0,0.5,0.0,1.0,1.0,,,,,,2.0,1.0,,,,,24:1,641.0,10.0,3.0,0.0,0.0,0.0,0.0,,0.0,0.0,0.0,0.0,0.0,0.0,0.0,0.0,0.0,,0.0,,0.0,0.0,,0.0,0.0,0.0,0.0,0.0,65380.0,0.0,0.0,160.0,132.0,127.0,5.0,0.0,0.0,0.0,0.0,0.0,0.0,0.0,0.0,0.0,0.0,0.5,18640.0,1.0,,,,,,,,,,,,,,,,,,,,,,,,,,,,,,,,,,,,,,
2026,DISTRICT_MANAGED_2026.xlsx,Traditional,HOWE,Elementary,AUSTIN,Network 3,41.0,,,,440.75,,0.0,1.0,1.0,1.0,1.0,1.0,,1.65,0.0,,0.1,150894.18,6.0,7.0,0.5,0.0,2.35,2.0,,,,,,3.0,1.9,,,,,22:1,713.0,14.0,3.0,1.0,0.0,0.0,0.0,,0.0,0.0,0.0,0.0,0.0,0.0,0.0,0.0,0.0,,0.0,,0.0,0.0,,0.0,0.0,0.0,0.0,0.0,25000.0,0.0,1.0,340.0,304.0,326.0,-22.0,0.0,0.0,0.0,0.0,0.0,0.0,0.0,0.0,0.0,0.0,1.0,18640.0,1.0,,,,,,,,,,,,,,,,,,,,,,,,,,,,,,,,,,,,,,
2026,DISTRICT_MANAGED_2026.xlsx,Traditional,HOYNE,Elementary,CALUMET HEIGHTS,Network 12,31.0,,,,385.5,,0.0,1.0,1.0,1.0,1.0,1.0,,0.0,0.0,,0.0,192199.25000000003,3.0,7.0,0.5,0.0,1.0,1.0,,,,,,2.0,1.0,,,,,24:1,593.0,10.0,3.0,1.0,1.0,0.0,0.0,,0.0,0.0,0.0,0.0,0.0,0.0,0.0,0.0,0.0,,0.0,,0.0,0.0,,0.0,0.0,0.0,0.0,0.0,0.0,0.0,0.0,231.0,214.0,231.0,-17.0,0.0,0.0,0.0,0.0,0.0,0.0,0.0,0.0,0.0,0.0,0.0,18640.0,0.0,,,,,,,,,,,,,,,,,,,,,,,,,,,,,,,,,,,,,,
2026,DISTRICT_MANAGED_2026.xlsx,Traditional,HUBBARD HS,High,WEST LAWN,Network 16,34.0,,,,360.0,,0.0,1.0,1.0,1.0,4.0,0.0,,0.0,1.0,,16.5,425452.942,14.0,4.0,1.5,0.0,0.0,0.0,,,,,,7.0,5.0,,,,,19:1,1491.0,84.0,0.0,3.0,0.0,0.0,0.0,,1.0,1.0,2.0,2.0,3.0,0.0,2.0,0.0,0.0,,1.0,,0.0,0.0,,0.0,0.0,4.0,1.0,160000.0,0.0,0.0,0.0,1588.0,1587.0,1671.0,-84.0,-1.0,0.0,0.0,0.0,0.0,0.0,0.0,0.0,0.0,0.0,2.0,18640.0,0.0,,,,,,,,,,,,,,,,,,,,,,,,,,,,,,,,,,,,,,
2026,DISTRICT_MANAGED_2026.xlsx,Traditional,HUGHES C,Elementary,NORTH LAWNDALE,Network 7,42.0,,,,394.0,,0.0,1.0,1.0,1.0,1.0,1.0,,0.0,0.0,,0.0,131479.5,4.0,3.0,0.5,0.0,4.0,2.0,,,,,,3.0,2.0,,,,,22:1,725.0,10.0,3.0,0.0,0.0,0.0,0.0,,0.0,0.0,0.0,0.0,0.0,0.0,0.0,0.0,0.0,,0.0,,0.0,0.0,,0.0,0.0,0.0,0.0,0.0,25000.0,0.0,0.0,172.0,148.0,149.0,-1.0,0.0,0.0,0.0,0.0,0.0,0.0,0.0,1.0,0.0,0.0,0.5,18640.0,1.0,,,,,,,,,,,,,,,,,,,,,,,,,,,,,,,,,,,,,,
2026,DISTRICT_MANAGED_2026.xlsx,Traditional,HUGHES L,Elementary,ROSELAND,Network 13,36.0,,,,440.75,,0.0,1.0,1.0,1.0,1.0,1.0,,0.3,0.0,,0.86,185463.7,11.5,19.0,1.5,0.0,4.0,2.0,,,,,,4.0,2.0,,,,,24:1,653.0,14.0,3.0,1.0,0.0,0.0,0.0,,0.0,0.0,0.0,0.0,0.0,0.0,0.0,0.0,0.0,,0.0,,0.0,0.0,,0.0,0.0,0.0,1.0,0.0,25000.0,0.0,0.0,432.0,319.0,316.0,3.0,0.0,0.0,0.0,0.0,0.0,0.0,0.0,0.0,0.0,1.0,1.0,18640.0,1.0,,,,,,,,,,,,,,,,,,,,,,,,,,,,,,,,,,,,,,
2026,DISTRICT_MANAGED_2026.xlsx,Traditional,HURLEY,Elementary,WEST LAWN,Network 10,37.0,,,,389.75,,0.0,1.0,1.0,1.0,2.0,0.0,,0.0,0.0,,3.0,243180.5,8.0,16.0,1.0,0.0,3.0,2.0,,,,,,6.0,2.0,,,,,24:1,665.0,30.0,6.0,2.0,0.0,1.0,0.0,,1.0,0.0,1.0,0.0,0.0,0.0,0.0,0.0,0.0,,0.0,,0.0,0.0,,0.0,0.0,0.0,0.0,0.0,0.0,0.0,0.0,754.0,698.0,707.0,-9.0,0.0,0.0,0.0,0.0,0.0,0.0,0.0,3.0,0.0,0.0,2.0,18640.0,0.0,,,,,,,,,,,,,,,,,,,,,,,,,,,,,,,,,,,,,,
2026,DISTRICT_MANAGED_2026.xlsx,Traditional,HYDE PARK HS,High,WOODLAWN,Network 17,34.0,,,,428.0,,0.0,1.0,1.0,1.0,2.0,0.0,,1.0,1.0,,4.265,170436.51,13.0,11.0,1.5,0.0,0.0,0.0,,,,,,3.0,8.0,,,,,19:1,1491.0,39.0,0.0,2.0,0.0,0.0,0.0,,1.0,1.0,1.0,1.0,0.0,0.0,2.0,0.0,0.5,,2.0,,0.0,0.0,,0.0,0.0,2.0,0.0,160000.0,40302.0,0.0,0.0,755.0,735.0,787.0,-52.0,0.0,0.0,0.0,0.0,0.0,0.0,0.0,0.0,0.0,0.0,0.0,18640.0,0.0,,,,,,,,,,,,,,,,,,,,,,,,,,,,,,,,,,,,,,
2026,DISTRICT_MANAGED_2026.xlsx,Traditional,INFINITY HS,High,SOUTH LAWNDALE,Network 15,38.0,,,,381.25,,0.0,1.0,1.0,1.0,2.0,0.0,,1.0,0.0,,2.0,418244.399,7.0,6.0,0.5,0.0,0.0,0.0,,,,,,0.0,0.0,,,,,18:1,1563.0,23.0,0.0,1.0,0.0,0.0,0.0,,0.0,0.0,0.0,0.0,1.0,0.0,0.0,0.0,0.0,,0.0,,0.0,0.0,,0.0,0.0,0.0,0.0,0.0,0.0,0.0,0.0,409.0,409.0,420.0,-11.0,-1.0,0.0,0.0,0.0,0.0,0.0,-1.0,0.0,1.0,1.0,1.0,18640.0,0.0,,,,,,,,,,,,,,,,,,,,,,,,,,,,,,,,,,,,,,
2026,DISTRICT_MANAGED_2026.xlsx,Traditional,INTER-AMERICAN,Elementary,LAKE VIEW,Network 4,27.0,,,,0.0,,0.0,1.0,1.0,1.0,1.0,1.0,,2.0,0.0,,0.0,71954.31,10.0,13.0,1.0,0.0,3.0,3.0,,,,,,4.0,2.0,,,,,24:1,545.0,24.0,5.0,0.0,0.0,0.0,0.0,,1.0,0.0,0.0,0.0,0.0,0.0,0.0,0.0,0.0,,0.0,,0.0,0.0,,0.0,0.0,0.0,0.0,0.0,0.0,0.0,0.0,618.0,560.0,590.0,-30.0,0.0,0.0,0.0,0.0,0.0,0.0,0.0,0.0,0.0,0.0,2.0,18640.0,0.0,,,,,,,,,,,,,,,,,,,,,,,,,,,,,,,,,,,,,,
2026,DISTRICT_MANAGED_2026.xlsx,Traditional,IRVING,Elementary,NEAR WEST SIDE,Network 6,37.0,,,,402.5,,0.0,1.0,1.0,1.0,1.0,1.0,,0.0,0.0,,0.1,79485.72,6.0,9.0,0.5,0.0,3.0,2.0,,,,,,2.0,2.0,,,,,24:1,665.0,12.0,3.0,1.0,0.0,0.0,0.0,,0.0,0.0,0.0,0.0,1.0,0.0,0.0,0.0,0.0,,0.0,,0.0,0.0,,0.0,0.0,0.0,0.0,0.0,125068.0,0.0,0.0,310.0,266.0,250.0,16.0,0.0,0.0,0.0,0.0,0.0,0.0,0.0,1.0,0.0,0.0,0.5,18640.0,0.0,,,,,,,,,,,,,,,,,,,,,,,,,,,,,,,,,,,,,,
2026,DISTRICT_MANAGED_2026.xlsx,Traditional,JACKSON M,Elementary,AUBURN GRESHAM,Network 11,36.0,,,,445.0,,0.0,1.0,1.0,1.0,1.0,1.0,,1.0,0.0,,1.0,74811.63,11.0,22.0,1.0,0.0,3.0,2.0,,,,,,4.0,1.0,,,,,24:1,653.0,11.0,3.0,1.0,0.0,0.0,0.0,,0.0,0.0,0.0,0.0,0.0,0.0,0.0,0.0,0.0,,0.0,,0.0,0.0,,0.0,0.0,0.0,0.0,0.0,33850.0,0.0,0.0,304.0,243.0,252.0,-9.0,0.0,0.0,0.0,0.0,0.0,0.0,0.0,0.0,0.0,0.0,0.0,18640.0,0.0,,,,,,,,,,,,,,,,,,,,,,,,,,,,,,,,,,,,,,
2026,DISTRICT_MANAGED_2026.xlsx,Traditional,JAHN,Elementary,NORTH CENTER,Network 4,26.0,,,,309.0,,0.0,1.0,1.0,1.0,1.0,1.0,,1.0,0.0,,0.0,23004.6,7.0,7.0,0.5,0.0,8.0,5.0,,,,,,2.0,1.0,,,,,26:1,533.0,10.0,3.0,1.0,1.0,0.0,0.0,,0.0,0.0,0.0,0.0,0.0,0.0,0.0,0.0,0.0,,0.0,,0.0,0.0,,0.0,0.0,0.0,0.0,0.0,130440.0,0.0,0.0,358.0,252.0,238.0,14.0,0.0,0.0,0.0,0.0,0.0,0.0,0.0,0.0,0.0,0.0,1.0,18640.0,0.0,,,,,,,,,,,,,,,,,,,,,,,,,,,,,,,,,,,,,,
2026,DISTRICT_MANAGED_2026.xlsx,Traditional,JAMIESON,Elementary,WEST RIDGE,Network 2,24.0,,,,334.5,,0.0,1.0,1.0,1.0,2.0,0.0,,0.0,0.0,,1.0,369286.76,14.0,21.0,1.5,2.0,1.0,1.0,,,,,,4.0,2.0,,,,,26:1,509.0,31.0,7.0,2.0,0.0,0.0,0.0,,0.0,0.0,1.0,0.0,1.0,0.0,0.0,0.0,0.0,,0.0,,0.0,0.0,,0.0,0.0,0.0,0.0,0.0,0.0,0.0,0.0,823.0,788.0,789.0,-1.0,0.0,0.0,0.0,0.0,0.0,0.0,0.0,0.0,0.0,0.0,2.0,18640.0,0.0,,,,,,,,,,,,,,,,,,,,,,,,,,,,,,,,,,,,,,
2026,DISTRICT_MANAGED_2026.xlsx,Traditional,JENSEN,Elementary,EAST GARFIELD PARK,Network 5,34.0,,,,466.25,,1.0,1.0,1.0,1.0,1.0,1.0,,1.0,0.0,,0.0,115755.25,4.0,13.0,0.5,0.0,1.0,1.0,,,,,,3.0,2.0,,,,,24:1,629.0,10.0,3.0,1.0,0.0,0.0,0.0,,0.0,0.0,0.0,0.0,0.0,0.0,0.0,0.0,0.0,,0.0,,0.0,0.0,,0.0,0.0,0.0,0.0,0.0,0.0,0.0,0.0,254.0,235.0,245.0,-10.0,0.0,0.0,0.0,0.0,0.0,0.0,0.0,0.0,0.0,0.0,0.0,18640.0,0.0,,,,,,,,,,,,,,,,,,,,,,,,,,,,,,,,,,,,,,
2026,DISTRICT_MANAGED_2026.xlsx,Traditional,JOHNSON,Elementary,NORTH LAWNDALE,Network 5,43.0,,,,474.75,,0.0,1.0,1.0,1.0,1.0,1.0,,0.0,0.0,,2.0,95298.6,6.0,7.0,0.5,0.0,1.0,1.0,,,,,,3.0,2.0,,,,,22:1,737.0,10.0,3.0,0.0,0.0,0.0,0.0,,0.0,0.0,0.0,0.0,0.0,0.0,0.0,0.0,0.0,,0.0,,0.0,0.0,,0.0,0.0,0.0,0.0,0.0,53405.0,0.0,0.0,208.0,180.0,194.0,-14.0,0.0,0.0,0.0,0.0,0.0,0.0,0.0,0.0,0.0,2.0,0.0,18640.0,1.0,,,,,,,,,,,,,,,,,,,,,,,,,,,,,,,,,,,,,,
2026,DISTRICT_MANAGED_2026.xlsx,Traditional,JONES HS,High,LOOP,Network 15,13.0,,,,0.0,,0.0,1.0,1.0,1.0,4.0,0.0,,4.0,2.0,,2.0,332491.74,15.0,20.0,2.0,0.0,0.0,0.0,,,,,,8.0,9.9,,,,,21:1,1113.0,91.0,0.0,0.0,0.0,0.0,0.0,,0.0,1.0,0.0,2.0,5.0,0.0,1.0,0.0,0.0,,0.0,,0.0,0.0,,0.0,0.0,0.0,0.0,130000.0,0.0,0.0,0.0,1939.0,1892.0,1923.0,-31.0,0.0,0.0,0.0,0.0,0.0,-2.0,0.0,0.0,0.0,0.0,1.0,18640.0,0.0,,,,,,,,,,,,,,,,,,,,,,,,,,,,,,,,,,,,,,
2026,DISTRICT_MANAGED_2026.xlsx,Traditional,JOPLIN,Elementary,AUBURN GRESHAM,Network 11,38.0,,,,449.25,,0.0,1.0,1.0,1.0,1.0,1.0,,1.0,0.0,,0.0,170855.0,4.0,5.0,0.5,0.0,1.0,1.0,,,,,,3.0,2.0,,,,,22:1,677.0,13.0,3.0,1.0,0.0,0.0,0.0,,0.0,0.0,0.0,0.0,0.0,0.0,0.0,0.0,0.0,,0.0,,0.0,0.0,,0.0,0.0,0.0,0.0,0.0,0.0,0.0,0.0,285.0,267.0,264.0,3.0,0.0,0.0,0.0,0.0,0.0,0.0,0.0,0.0,0.0,0.0,0.5,18640.0,0.0,,,,,,,,,,,,,,,,,,,,,,,,,,,,,,,,,,,,,,
2026,DISTRICT_MANAGED_2026.xlsx,Traditional,JORDAN,Elementary,ROGERS PARK,Network 2,39.0,,,,415.25,,1.0,1.0,1.0,1.0,2.0,1.0,,1.0,0.0,,1.0,188610.89,12.0,19.0,1.0,0.0,5.0,3.0,,,,,,4.0,2.0,,,,,22:1,689.0,19.0,5.0,1.0,0.0,0.0,0.0,,0.0,0.0,0.0,0.0,0.0,0.0,0.0,0.0,0.0,,0.0,,0.0,0.0,,0.0,0.0,0.0,1.0,0.0,25000.0,0.0,0.0,490.0,399.0,411.0,-12.0,0.0,0.0,0.0,0.0,0.0,0.0,0.0,1.0,0.0,0.0,2.0,18640.0,1.0,,,,,,,,,,,,,,,,,,,,,,,,,,,,,,,,,,,,,,
2026,DISTRICT_MANAGED_2026.xlsx,Traditional,JUAREZ HS,High,LOWER WEST SIDE,Network 15,37.0,,,,402.5,,0.0,1.0,1.0,1.0,4.0,0.0,,0.0,2.0,,14.25,880308.3999999999,15.0,3.0,2.0,0.0,0.0,0.0,,,,,,9.0,6.75,,,,,19:1,1545.0,80.0,0.0,3.0,0.0,0.0,0.0,,1.0,1.0,2.0,2.0,0.0,0.0,2.0,0.0,0.0,,2.0,,0.0,0.0,,0.0,0.0,0.0,1.0,0.0,0.0,0.0,0.0,1520.0,1520.0,1557.0,-37.0,-3.0,0.0,0.0,0.0,0.0,0.0,0.0,1.0,1.0,0.0,3.0,18640.0,0.0,,,,,,,,,,,,,,,,,,,,,,,,,,,,,,,,,,,,,,
2026,DISTRICT_MANAGED_2026.xlsx,Traditional,JULIAN HS,High,WASHINGTON HEIGHTS,Network 16,36.0,,,,406.75,,0.0,1.0,1.0,1.0,1.0,1.0,,1.0,0.0,,3.0,209050.5,10.0,8.0,1.0,0.0,0.0,0.0,,,,,,6.0,6.0,,,,,19:1,1527.0,21.0,0.0,1.0,0.0,0.0,0.0,,0.0,0.0,0.0,0.0,0.0,0.0,1.0,0.0,0.0,,0.0,,0.0,0.0,,0.0,0.0,2.0,0.0,160000.0,25000.0,0.0,1.0,404.0,394.0,460.0,-66.0,0.0,60000.0,0.0,0.0,0.0,0.0,0.0,0.0,2.0,0.0,0.0,18640.0,0.0,,,,,,,,,,,,,,,,,,,,,,,,,,,,,,,,,,,,,,
2026,DISTRICT_MANAGED_2026.xlsx,Traditional,JUNGMAN,Elementary,LOWER WEST SIDE,ISP,29.0,,,,351.5,,1.0,1.0,1.0,1.0,1.0,0.0,,0.0,0.0,,1.0,139078.4,12.0,16.0,1.0,0.0,4.0,2.0,,,,,,2.0,1.0,,,,,24:1,569.0,10.0,3.0,1.0,0.0,0.0,0.0,,0.0,0.0,0.0,0.0,0.0,0.0,0.0,0.0,0.0,,0.0,,0.0,0.0,,0.0,0.0,0.0,0.0,0.0,0.0,0.0,0.0,301.0,215.0,217.0,-2.0,0.0,0.0,0.0,0.0,0.0,0.0,-1.0,0.0,0.0,1.0,1.0,18640.0,0.0,,,,,,,,,,,,,,,,,,,,,,,,,,,,,,,,,,,,,,
2026,DISTRICT_MANAGED_2026.xlsx,Traditional,KANOON,Elementary,SOUTH LAWNDALE,Network 7,40.0,,,,436.5,,0.0,1.0,1.0,1.0,2.0,1.0,,1.0,0.0,,0.0,195001.75,6.0,9.0,0.5,0.0,2.0,2.0,,,,,,4.0,1.0,,,,,22:1,701.0,17.0,4.0,1.0,0.0,0.0,0.0,,0.0,0.0,0.0,0.0,0.0,0.0,0.0,0.0,0.0,,0.0,,0.0,0.0,,0.0,0.0,0.0,0.0,0.0,56440.0,0.0,0.0,389.0,354.0,392.0,-38.0,0.0,0.0,0.0,0.0,0.0,0.0,0.0,1.0,0.0,0.0,1.0,18640.0,1.0,,,,,,,,,,,,,,,,,,,,,,,,,,,,,,,,,,,,,,
2026,DISTRICT_MANAGED_2026.xlsx,Traditional,KELLER,Elementary,MOUNT GREENWOOD,Network 10,23.0,,,,0.0,,0.0,1.0,1.0,1.0,1.0,1.0,,1.0,0.0,,0.0,48031.5,1.0,2.0,0.0,0.0,0.0,0.0,,,,,,2.0,1.0,,,,,26:1,497.0,9.0,3.0,0.0,0.0,0.0,0.0,,0.0,0.0,0.0,0.0,0.0,0.0,0.0,0.0,0.0,,0.0,,1.0,0.0,,0.0,0.0,0.0,0.0,0.0,0.0,0.0,0.0,222.0,222.0,220.0,2.0,0.0,0.0,0.0,0.0,0.0,0.0,0.0,0.0,0.0,0.0,0.0,18640.0,0.0,,,,,,,,,,,,,,,,,,,,,,,,,,,,,,,,,,,,,,
2026,DISTRICT_MANAGED_2026.xlsx,Traditional,KELLMAN,Elementary,EAST GARFIELD PARK,Network 5,42.0,,,,440.75,,0.0,1.0,1.0,1.0,1.0,1.0,,1.0,0.0,,0.0,76158.11,2.0,1.0,0.0,0.0,1.0,1.0,,,,,,4.0,1.0,,,,,22:1,725.0,10.0,3.0,0.0,0.0,0.0,0.0,,0.0,0.0,0.0,0.0,0.0,0.0,0.0,0.0,0.0,,0.0,,0.0,0.0,,0.0,0.0,0.0,0.0,0.0,25000.0,0.0,1.0,207.0,187.0,172.0,15.0,0.0,0.0,0.0,0.0,0.0,0.0,0.0,1.0,0.0,0.0,0.0,18640.0,1.0,,,,,,,,,,,,,,,,,,,,,,,,,,,,,,,,,,,,,,
2026,DISTRICT_MANAGED_2026.xlsx,Traditional,KELLOGG,Elementary,BEVERLY,Network 10,23.0,,,,0.0,,0.0,1.0,1.0,1.0,1.0,1.0,,0.0,0.0,,0.17,60108.25,4.0,7.0,0.5,0.0,0.0,0.0,,,,,,2.0,0.83,,,,,26:1,497.0,12.0,3.0,0.0,0.0,0.0,0.0,,0.0,0.0,0.0,0.0,0.0,0.0,0.0,0.0,0.0,,1.0,,0.0,0.0,,0.0,0.0,0.0,0.0,0.0,0.0,0.0,0.0,297.0,297.0,289.0,8.0,-1.0,0.0,2.0,0.0,0.0,0.0,0.0,3.0,0.0,0.0,0.0,18640.0,0.0,,,,,,,,,,,,,,,,,,,,,,,,,,,,,,,,,,,,,,
2026,DISTRICT_MANAGED_2026.xlsx,Traditional,KELLY HS,High,BRIGHTON PARK,Network 16,36.0,,,,0.0,,0.0,1.0,1.0,1.0,4.0,0.0,,7.5,3.1,,5.7,256238.85,20.0,23.0,2.0,0.0,0.0,0.0,,,,,,9.0,10.0,,,,,19:1,1527.0,84.0,0.0,3.0,0.0,0.0,0.0,,0.0,0.0,2.0,3.0,3.0,0.0,0.0,0.0,0.0,,1.0,,0.0,0.0,,0.0,0.0,0.0,1.0,0.0,42500.0,0.0,1.0,1604.0,1587.0,1693.0,-106.0,0.0,60000.0,0.0,0.0,0.0,0.0,0.0,1.0,0.0,0.0,3.0,18640.0,0.0,,,,,,,,,,,,,,,,,,,,,,,,,,,,,,,,,,,,,,
2026,DISTRICT_MANAGED_2026.xlsx,Traditional,KELVYN PARK HS,High,HERMOSA,Network 14,37.0,,,,0.0,,0.0,1.0,1.0,1.0,2.0,1.0,,0.0,0.0,,3.2,257789.9,10.0,11.0,1.0,0.0,0.0,0.0,,,,,,3.0,5.0,,,,,19:1,1545.0,29.0,0.0,1.0,0.0,0.0,0.0,,1.0,0.0,0.0,1.0,2.0,0.0,1.0,0.0,0.5,,0.0,,0.0,0.0,,0.0,0.0,2.0,0.0,0.0,78940.0,0.0,0.0,542.0,542.0,509.0,33.0,0.0,60000.0,0.0,0.0,0.0,0.0,0.0,0.0,0.0,0.0,2.0,18640.0,1.0,,,,,,,,,,,,,,,,,,,,,,,,,,,,,,,,,,,,,,
2026,DISTRICT_MANAGED_2026.xlsx,Traditional,KENNEDY HS,High,GARFIELD RIDGE,Network 16,25.0,,,,309.0,,2.0,1.0,1.0,1.0,4.0,0.0,,4.0,1.0,,7.0,316107.0925,22.0,15.0,2.5,0.0,0.0,0.0,,,,,,8.0,8.0,,,,,21:1,1329.0,72.0,0.0,3.0,0.0,0.0,0.0,,0.0,1.0,2.0,2.0,2.0,0.0,0.0,0.0,0.0,,2.0,,0.0,0.0,,0.0,0.0,0.0,0.0,150000.0,42489.0,0.0,0.0,1550.0,1492.0,1544.0,-52.0,0.0,0.0,0.0,0.0,0.0,0.0,0.0,4.0,0.0,0.0,2.0,18640.0,0.0,,,,,,,,,,,,,,,,,,,,,,,,,,,,,,,,,,,,,,
2026,DISTRICT_MANAGED_2026.xlsx,Traditional,KENWOOD HS,High,KENWOOD,Network 17,22.0,,,,296.25,,0.0,1.0,1.0,2.0,5.0,0.0,,0.0,0.0,,11.0,970317.24,11.0,10.0,1.5,0.0,0.0,0.0,,,,,,7.0,12.0,,,,,21:1,1275.0,106.0,0.0,4.0,0.0,1.0,0.0,,0.0,1.0,2.0,4.0,4.0,0.0,0.0,0.0,0.0,,0.0,,0.0,0.0,,0.0,0.0,0.0,1.0,150000.0,0.0,0.0,0.0,2233.0,2207.0,2280.0,-73.0,0.0,0.0,0.0,0.0,0.0,0.0,0.0,0.0,0.0,0.0,1.0,18640.0,0.0,,,,,,,,,,,,,,,,,,,,,,,,,,,,,,,,,,,,,,
2026,DISTRICT_MANAGED_2026.xlsx,Traditional,KERSHAW,Elementary,ENGLEWOOD,Network 11,43.0,,,,436.5,,0.0,1.0,1.0,1.0,1.0,0.0,,1.0,0.0,,1.0,73035.5,7.0,14.0,0.5,0.0,1.0,1.0,,,,,,2.0,1.0,,,,,22:1,737.0,10.0,3.0,0.0,0.0,0.0,0.0,,0.0,0.0,0.0,0.0,0.0,0.0,0.0,0.0,0.0,,2.0,,0.0,0.0,,0.0,0.0,0.0,0.0,0.0,0.0,0.0,0.0,225.0,172.0,156.0,16.0,0.0,0.0,0.0,0.0,0.0,0.0,-1.0,0.0,0.0,0.0,0.0,18640.0,0.0,,,,,,,,,,,,,,,,,,,,,,,,,,,,,,,,,,,,,,
2026,DISTRICT_MANAGED_2026.xlsx,Traditional,KILMER,Elementary,ROGERS PARK,Network 2,34.0,,,,377.0,,0.0,1.0,1.0,1.0,2.0,0.0,,0.0,0.0,,1.5,459112.74,18.0,21.0,1.5,0.0,4.0,2.0,,,,,,6.0,2.0,,,,,24:1,629.0,30.0,7.0,2.0,0.0,0.0,0.0,,0.0,0.0,1.0,0.0,1.0,0.0,0.0,0.0,0.0,,1.0,,0.0,0.0,,0.0,0.0,0.0,0.0,0.0,50681.0,0.0,0.0,796.0,699.0,679.0,20.0,0.0,0.0,0.0,0.0,-1.0,0.0,0.0,0.0,0.0,0.0,2.0,18640.0,0.0,,,,,,,,,,,,,,,,,,,,,,,,,,,,,,,,,,,,,,
2026,DISTRICT_MANAGED_2026.xlsx,Traditional,KING ES,Elementary,ENGLEWOOD,Network 11,44.0,,,,449.25,,0.0,1.0,1.0,1.0,1.0,1.0,,0.0,0.0,,1.5,149715.25,4.0,4.0,0.0,0.0,1.0,1.0,,,,,,2.0,1.0,,,,,22:1,749.0,10.0,3.0,1.0,0.0,0.0,0.0,,0.0,0.0,0.0,0.0,0.0,0.0,0.0,0.0,0.0,,0.0,,0.0,0.0,,0.0,0.0,0.0,0.0,0.0,0.0,0.0,0.0,209.0,198.0,232.0,-34.0,0.0,0.0,0.0,0.0,0.0,0.0,0.0,0.0,0.0,0.0,0.5,18640.0,0.0,,,,,,,,,,,,,,,,,,,,,,,,,,,,,,,,,,,,,,
2026,DISTRICT_MANAGED_2026.xlsx,Traditional,KING HS,High,KENWOOD,Network 17,31.0,,,,381.25,,0.0,1.0,1.0,1.0,2.0,0.0,,1.5,1.0,,3.0,464814.32,10.0,14.0,1.0,0.0,0.0,0.0,,,,,,3.0,6.0,,,,,19:1,1437.0,41.0,0.0,2.0,0.0,0.0,0.0,,1.0,1.0,1.0,0.0,2.0,0.0,1.0,0.0,0.0,,0.0,,0.0,0.0,,0.0,0.0,3.0,0.0,160000.0,0.0,0.0,0.0,799.0,765.0,668.0,97.0,0.0,0.0,0.0,0.0,0.0,0.0,0.0,0.0,0.0,0.0,0.0,18640.0,0.0,,,,,,,,,,,,,,,,,,,,,,,,,,,,,,,,,,,,,,
2026,DISTRICT_MANAGED_2026.xlsx,Traditional,KINZIE,Elementary,GARFIELD RIDGE,ISP,26.0,,,,283.5,,0.0,1.0,1.0,1.0,1.0,1.0,,0.0,0.0,,1.0,215655.0,15.0,19.0,1.5,7.0,1.0,1.0,,,,,,3.0,1.0,,,,,26:1,533.0,22.0,6.0,2.0,0.0,0.0,0.0,,0.0,0.0,0.0,0.0,0.0,0.0,1.0,0.0,0.0,,1.0,,0.0,0.0,,0.0,0.0,0.0,0.0,0.0,0.0,1.0,0.0,629.0,563.0,598.0,-35.0,0.0,0.0,0.0,0.0,0.0,0.0,0.0,0.0,0.0,0.0,1.0,18640.0,0.0,,,,,,,,,,,,,,,,,,,,,,,,,,,,,,,,,,,,,,
2026,DISTRICT_MANAGED_2026.xlsx,Traditional,KIPLING,Elementary,WASHINGTON HEIGHTS,Network 11,33.0,,,,381.25,,0.0,1.0,1.0,1.0,1.0,1.0,,0.0,0.0,,2.0,48675.3,4.0,5.0,0.0,0.0,1.0,1.0,,,,,,2.0,1.0,,,,,24:1,617.0,10.0,3.0,1.0,1.0,0.0,1.0,,0.0,0.0,0.0,0.0,0.0,0.0,0.0,0.0,0.0,,0.0,,0.0,0.0,,0.0,0.0,0.0,0.0,0.0,0.0,0.0,0.0,232.0,215.0,209.0,6.0,0.0,0.0,0.0,0.0,0.0,0.0,0.0,0.0,0.0,0.0,0.0,18640.0,0.0,,,,,,,,,,,,,,,,,,,,,,,,,,,,,,,,,,,,,,
2026,DISTRICT_MANAGED_2026.xlsx,Traditional,KOZMINSKI,Elementary,HYDE PARK,Network 9,32.0,,,,389.75,,0.0,1.0,1.0,1.0,1.0,1.0,,0.0,0.0,,0.0,205559.91,7.0,12.0,0.5,0.0,4.0,2.0,,,,,,2.0,2.0,,,,,24:1,605.0,10.0,3.0,1.0,0.0,0.0,0.0,,0.0,0.0,0.0,0.0,0.0,0.0,0.0,0.0,0.0,,0.0,,0.0,0.0,,0.0,0.0,0.0,0.0,0.0,148410.0,0.0,0.0,278.0,228.0,214.0,14.0,0.0,0.0,0.0,0.0,0.0,0.0,0.0,0.0,0.0,0.0,1.0,18640.0,0.0,,,,,,,,,,,,,,,,,,,,,,,,,,,,,,,,,,,,,,
2026,DISTRICT_MANAGED_2026.xlsx,Traditional,LAKE VIEW HS,High,LAKE VIEW,Network 14,20.0,,,,355.75,,3.0,1.0,1.0,1.0,3.0,0.0,,1.0,3.0,,11.0,26215.1,25.0,7.0,2.0,0.0,0.0,0.0,,,,,,6.0,5.0,,,,,21:1,1239.0,65.0,0.0,3.0,0.0,0.0,0.0,,0.0,1.0,2.0,2.0,1.0,0.0,1.42,0.0,0.0,,0.0,,0.0,0.0,,0.0,0.0,2.0,0.0,150000.0,0.0,0.0,0.58,1369.0,1347.0,1383.0,-36.0,0.0,0.0,0.0,0.0,0.0,0.0,0.0,0.0,1.0,1.0,2.0,18640.0,0.0,,,,,,,,,,,,,,,,,,,,,,,,,,,,,,,,,,,,,,
2026,DISTRICT_MANAGED_2026.xlsx,Traditional,LANE TECH HS,High,NORTH CENTER,Network 14,13.0,,,,0.0,,0.0,1.0,1.0,1.0,10.0,0.0,,10.5,3.0,,12.0,242723.01000000004,37.0,31.0,4.5,0.0,0.0,0.0,,,,,,8.0,10.0,,,,,21:1,1113.0,217.0,0.0,0.0,0.0,1.0,0.0,,0.0,1.0,2.0,5.0,8.0,0.0,5.0,0.0,0.0,,0.0,,0.0,0.0,,0.0,0.0,4.0,0.0,0.0,0.0,0.0,0.0,4596.0,4539.0,4469.0,70.0,0.0,0.0,0.0,0.0,0.0,0.0,0.0,0.0,0.0,0.0,1.0,18640.0,0.0,,,,,,,,,,,,,,,,,,,,,,,,,,,,,,,,,,,,,,
2026,DISTRICT_MANAGED_2026.xlsx,Traditional,LANGFORD,Elementary,WEST ENGLEWOOD,Network 11,40.0,,,,440.75,,0.0,1.0,1.0,1.0,1.0,1.0,,0.0,0.0,,1.5,121444.96,4.0,6.0,0.0,0.0,1.0,1.0,,,,,,2.0,2.0,,,,,22:1,701.0,10.0,3.0,1.0,0.0,0.0,0.0,,0.0,0.0,0.0,0.0,0.0,0.0,0.0,0.0,0.0,,0.0,,0.0,0.0,,0.0,0.0,0.0,0.0,0.0,0.0,0.0,0.0,178.0,166.0,168.0,-2.0,0.0,0.0,0.0,0.0,0.0,0.0,0.0,0.0,0.0,0.0,0.5,18640.0,0.0,,,,,,,,,,,,,,,,,,,,,,,,,,,,,,,,,,,,,,
2026,DISTRICT_MANAGED_2026.xlsx,Traditional,LARA,Elementary,NEW CITY,ISP,46.0,,,,402.5,,0.0,1.0,1.0,1.0,2.0,1.0,,0.0,0.0,,0.0,184950.8,13.0,21.0,1.0,0.0,2.0,2.0,,,,,,5.0,1.0,,,,,22:1,773.0,14.0,4.0,1.0,0.0,0.0,0.0,,0.0,0.0,0.0,0.0,1.0,0.0,1.0,0.0,0.0,,0.0,,0.0,0.0,,0.0,0.0,0.0,0.0,0.0,28919.0,0.0,0.0,364.0,297.0,291.0,6.0,0.0,0.0,0.0,0.0,0.0,0.0,0.0,0.0,0.0,0.0,1.0,18640.0,1.0,,,,,,,,,,,,,,,,,,,,,,,,,,,,,,,,,,,,,,
2026,DISTRICT_MANAGED_2026.xlsx,Traditional,LASALLE,Elementary,LINCOLN PARK,Network 4,21.0,,,,0.0,,0.0,1.0,1.0,1.0,1.0,1.0,,1.0,0.0,,0.0,86568.87999999999,7.0,3.0,0.5,0.0,0.0,0.0,,,,,,2.0,2.0,,,,,26:1,473.0,18.0,4.0,0.0,2.0,1.0,0.0,,0.0,0.0,0.0,0.0,0.0,0.0,0.0,0.0,0.0,,0.0,,0.0,0.0,,0.0,0.0,0.0,0.0,0.0,0.0,0.5,1.0,455.0,455.0,488.0,-33.0,0.0,0.0,0.0,0.0,0.0,0.0,0.0,0.0,0.0,0.0,0.0,18640.0,0.0,,,,,,,,,,,,,,,,,,,,,,,,,,,,,,,,,,,,,,
2026,DISTRICT_MANAGED_2026.xlsx,Traditional,LASALLE II,Elementary,WEST TOWN,ISP,28.0,,,,0.0,,0.0,1.0,1.0,1.0,1.0,0.0,,0.0,0.0,,0.0,217896.39,8.0,13.0,1.0,0.0,4.0,2.0,,,,,,3.0,2.0,,,,,24:1,557.0,21.0,5.0,0.0,1.0,0.0,0.0,,0.0,0.0,0.0,0.0,1.0,0.0,0.0,0.0,0.0,,0.0,,0.0,0.0,,0.0,0.0,0.0,0.0,0.0,0.0,0.0,0.0,594.0,497.0,499.0,-2.0,0.0,0.0,0.0,0.0,0.0,0.0,-1.0,0.0,0.0,0.0,1.0,18640.0,0.0,,,,,,,,,,,,,,,,,,,,,,,,,,,,,,,,,,,,,,
2026,DISTRICT_MANAGED_2026.xlsx,Traditional,LAVIZZO,Elementary,ROSELAND,Network 13,40.0,,,,432.25,,0.0,1.0,1.0,1.0,2.0,1.0,,1.0,0.0,,1.5,125010.0,6.0,9.0,0.5,0.0,1.0,1.0,,,,,,4.0,2.0,,,,,22:1,701.0,18.0,4.0,1.0,0.0,0.0,0.0,,0.0,0.0,0.0,0.0,0.0,0.0,0.0,0.0,0.0,,1.0,,0.0,0.0,,0.0,0.0,0.0,0.0,0.0,25207.0,0.0,0.0,394.0,376.0,312.0,64.0,0.0,0.0,0.0,0.0,0.0,0.0,0.0,0.0,0.0,0.0,0.5,18640.0,1.0,,,,,,,,,,,,,,,,,,,,,,,,,,,,,,,,,,,,,,
2026,DISTRICT_MANAGED_2026.xlsx,Traditional,LAWNDALE,Elementary,NORTH LAWNDALE,Network 5,41.0,,,,457.75,,0.0,1.0,1.0,1.0,1.0,1.0,,0.0,0.0,,1.75,106804.177,3.0,5.0,0.0,0.0,2.0,2.0,,,,,,3.0,2.0,,,,,22:1,713.0,10.0,3.0,0.0,0.0,0.0,0.0,,0.0,0.0,0.0,0.0,0.0,0.0,0.0,0.0,0.0,,0.0,,0.0,0.0,,0.0,0.0,0.0,0.0,0.0,27407.0,0.0,0.0,196.0,164.0,173.0,-9.0,0.0,0.0,0.0,0.0,0.0,0.0,0.0,0.0,0.0,0.0,0.5,18640.0,1.0,,,,,,,,,,,,,,,,,,,,,,,,,,,,,,,,,,,,,,
2026,DISTRICT_MANAGED_2026.xlsx,Traditional,LEE,Elementary,WEST LAWN,ISP,33.0,,,,377.0,,0.0,1.0,1.0,1.0,1.0,1.0,,0.0,0.0,,2.0,359228.29000000004,6.0,9.0,1.0,0.0,0.0,0.0,,,,,,8.0,3.0,,,,,24:1,617.0,25.0,5.0,2.0,0.0,0.0,0.0,,1.0,0.0,0.0,0.0,1.0,0.0,0.0,0.0,0.0,,0.0,,0.0,0.0,,0.0,0.0,0.0,0.0,0.0,0.0,0.0,0.0,580.0,580.0,578.0,2.0,-1.0,0.0,0.0,0.0,0.0,0.0,0.0,0.0,0.0,0.0,1.0,18640.0,0.0,,,,,,,,,,,,,,,,,,,,,,,,,,,,,,,,,,,,,,
2026,DISTRICT_MANAGED_2026.xlsx,Traditional,LELAND,Elementary,AUSTIN,Network 3,40.0,,,,453.5,,2.0,1.0,1.0,1.0,1.0,1.0,,1.0,0.0,,1.17,56211.0,4.0,11.0,0.5,0.0,6.0,3.0,,,,,,5.0,3.0,,,,,22:1,701.0,14.0,3.0,1.0,0.0,0.0,0.0,,0.0,0.0,0.0,0.0,0.0,0.0,1.0,0.4,0.0,,0.0,,0.0,0.0,,0.0,0.0,0.0,0.0,0.0,33320.0,0.0,0.0,350.0,296.0,260.0,36.0,0.0,0.0,0.0,0.0,0.0,0.0,0.0,0.0,0.0,1.0,1.0,18640.0,1.0,,,,,,,,,,,,,,,,,,,,,,,,,,,,,,,,,,,,,,
2026,DISTRICT_MANAGED_2026.xlsx,Traditional,LENART,Elementary,CHATHAM,Network 11,25.0,,,,0.0,,0.0,1.0,1.0,1.0,1.0,1.0,,0.0,0.0,,0.0,139999.71,1.0,7.0,0.0,0.0,2.0,2.0,,,,,,2.0,1.0,,,,,26:1,521.0,11.0,3.0,0.0,0.0,0.0,0.0,,0.0,0.0,0.0,0.0,0.0,0.0,0.0,0.0,0.0,,0.0,,1.0,0.0,,0.0,0.0,0.0,0.0,0.0,0.0,0.0,0.0,301.0,261.0,259.0,2.0,0.0,0.0,0.0,0.0,0.0,0.0,0.0,0.0,0.0,0.0,0.0,18640.0,0.0,,,,,,,,,,,,,,,,,,,,,,,,,,,,,,,,,,,,,,
2026,DISTRICT_MANAGED_2026.xlsx,Traditional,LEWIS,Elementary,AUSTIN,Network 3,41.0,,,,432.25,,0.0,1.0,1.0,1.0,2.0,1.0,,0.0,0.0,,1.4,178131.5,9.0,28.0,1.0,0.0,1.0,1.0,,,,,,4.0,1.0,,,,,22:1,713.0,18.0,4.0,1.0,0.0,0.0,0.0,,0.0,0.0,0.0,0.0,1.0,0.0,0.0,0.0,0.0,,0.0,,0.0,0.0,,0.0,0.0,0.0,1.0,0.0,25000.0,0.0,0.0,415.0,379.0,388.0,-9.0,0.0,0.0,0.0,0.0,0.0,0.0,0.0,0.0,0.0,0.0,1.0,18640.0,1.0,,,,,,,,,,,,,,,,,,,,,,,,,,,,,,,,,,,,,,
2026,DISTRICT_MANAGED_2026.xlsx,Traditional,LIBBY,Elementary,NEW CITY,Network 8,44.0,,,,423.75,,0.0,1.0,1.0,1.0,2.0,1.0,,0.0,0.0,,1.1,125291.38,6.0,11.0,0.5,0.0,1.0,1.0,,,,,,3.0,1.9,,,,,22:1,749.0,12.0,3.0,1.0,0.0,0.0,0.0,,0.0,0.0,0.0,0.0,0.0,0.0,0.0,0.0,0.0,,0.0,,0.0,1.0,,0.0,0.0,0.0,0.0,0.0,39920.0,0.0,0.0,282.0,243.0,216.0,27.0,0.0,0.0,0.0,0.0,0.0,0.0,0.0,1.0,0.0,0.0,1.0,18640.0,1.0,,,,,,,,,,,,,,,,,,,,,,,,,,,,,,,,,,,,,,
2026,DISTRICT_MANAGED_2026.xlsx,Traditional,LINCOLN,Elementary,LINCOLN PARK,Network 4,15.0,,,,0.0,,0.0,1.0,1.0,1.0,2.0,0.0,,2.0,0.0,,2.0,106643.62000000002,8.0,5.0,1.0,0.0,0.0,0.0,,,,,,1.0,2.0,,,,,26:1,401.0,34.0,7.0,0.0,0.0,0.0,0.0,,0.0,0.0,0.0,0.0,0.0,0.0,0.0,0.0,0.0,,0.0,,0.0,0.0,,0.0,0.0,0.0,0.0,0.0,0.0,2.0,2.0,859.0,859.0,843.0,16.0,0.0,0.0,0.0,0.0,0.0,-1.0,0.0,0.0,0.0,0.0,1.0,18640.0,0.0,,,,,,,,,,,,,,,,,,,,,,,,,,,,,,,,,,,,,,
2026,DISTRICT_MANAGED_2026.xlsx,Traditional,LINCOLN PARK HS,High,LINCOLN PARK,Network 14,16.0,,,,0.0,,3.0,1.0,1.0,1.0,5.0,0.0,,7.5,1.0,,5.0,72314.1,16.0,14.0,2.0,0.0,0.0,0.0,,,,,,5.0,12.0,,,,,21:1,1167.0,103.0,0.0,0.0,0.0,0.0,0.0,,0.0,1.0,2.0,2.0,5.0,0.0,1.0,0.0,0.0,,3.0,,0.0,0.0,,0.0,0.0,2.0,0.0,0.0,0.0,0.0,0.0,2179.0,2158.0,2077.0,81.0,0.0,0.0,0.0,0.0,0.0,0.0,0.0,0.0,0.0,0.0,1.0,18640.0,0.0,,,,,,,,,,,,,,,,,,,,,,,,,,,,,,,,,,,,,,
2026,DISTRICT_MANAGED_2026.xlsx,Traditional,LINDBLOM HS,High,WEST ENGLEWOOD,Network 16,26.0,,,,283.5,,0.0,1.0,1.0,1.0,3.0,0.0,,2.0,3.0,,6.000000000000001,203040.0,11.0,20.0,1.0,0.0,0.0,0.0,,,,,,5.0,7.0,,,,,21:1,1347.0,60.0,0.0,3.0,0.0,1.5,0.0,,0.0,1.0,2.0,2.0,1.0,0.0,1.0,0.0,0.0,,0.0,,0.0,0.0,,0.0,0.0,4.0,0.0,150000.0,0.0,1.0,0.0,1290.0,1241.0,1307.0,-66.0,0.0,0.0,0.0,0.0,0.0,0.0,0.0,0.0,0.0,0.0,0.5,18640.0,0.0,,,,,,,,,,,,,,,,,,,,,,,,,,,,,,,,,,,,,,
2026,DISTRICT_MANAGED_2026.xlsx,Traditional,LITTLE VILLAGE,Elementary,SOUTH LAWNDALE,ISP,40.0,,,,398.25,,0.0,1.0,1.0,1.0,2.0,1.0,,1.76,0.0,,2.0,226245.62,10.0,13.0,1.0,0.0,3.24,2.0,,,,,,6.0,2.0,,,,,22:1,701.0,25.0,5.0,2.0,0.0,0.0,0.0,,1.0,0.0,0.0,0.0,0.0,0.0,0.0,0.0,0.0,,1.0,,0.0,0.0,,0.0,0.0,0.0,0.0,0.0,43633.0,0.0,0.0,570.0,543.0,559.0,-16.0,0.0,0.0,0.0,0.0,0.0,0.0,0.0,0.0,0.0,0.0,2.0,18640.0,1.0,,,,,,,,,,,,,,,,,,,,,,,,,,,,,,,,,,,,,,
2026,DISTRICT_MANAGED_2026.xlsx,Traditional,LLOYD,Elementary,BELMONT CRAGIN,Network 3,39.0,,,,411.0,,0.0,1.0,1.0,1.0,2.0,0.0,,0.0,0.0,,2.0,363382.0,7.0,10.0,1.0,0.0,9.0,6.0,,,,,,9.0,1.0,,,,,22:1,689.0,33.0,7.0,2.0,0.0,0.0,0.0,,1.0,0.0,1.0,1.0,0.0,0.0,1.0,0.0,0.0,,0.0,,0.0,0.0,,0.0,0.0,0.0,1.0,0.0,42670.0,0.0,0.0,840.0,705.0,687.0,18.0,-1.0,0.0,0.0,0.0,0.0,0.0,0.0,0.0,0.0,0.0,2.0,18640.0,1.0,,,,,,,,,,,,,,,,,,,,,,,,,,,,,,,,,,,,,,
2026,DISTRICT_MANAGED_2026.xlsx,Traditional,LOCKE J,Elementary,MONTCLARE,Network 3,24.0,,,,372.75,,0.0,1.0,1.0,1.0,2.0,0.0,,2.0,0.0,,1.15,16528.000000000004,13.0,14.0,2.0,0.0,8.0,5.53,,,,,,8.0,1.85,,,,,26:1,509.0,38.0,8.0,3.0,0.0,0.0,0.0,,0.0,0.0,1.0,2.0,0.0,0.0,0.0,0.0,0.0,,2.0,,0.0,0.0,,0.0,0.0,0.0,0.0,0.0,0.0,0.0,0.0,1090.0,975.0,1016.0,-41.0,0.0,0.0,0.0,0.0,0.0,0.0,0.0,0.47,0.0,0.0,2.0,18640.0,0.0,,,,,,,,,,,,,,,,,,,,,,,,,,,,,,,,,,,,,,
2026,DISTRICT_MANAGED_2026.xlsx,Traditional,LOGAN SQUARE,Elementary,LOGAN SQUARE,Network 4,33.0,,,,385.5,,0.0,1.0,1.0,1.0,1.0,0.0,,1.0,0.0,,1.0,174191.99,13.0,13.0,1.0,0.0,6.0,4.0,,,,,,6.0,2.0,,,,,24:1,617.0,24.0,5.0,2.0,0.0,0.0,1.0,,1.0,0.0,0.0,0.0,1.0,0.0,0.0,0.0,0.0,,0.0,,0.0,0.0,,0.0,0.0,0.0,0.0,0.0,43205.0,0.0,0.0,632.0,553.0,551.0,2.0,0.0,0.0,0.0,0.0,0.0,0.0,-1.0,1.0,0.0,0.0,1.0,18640.0,0.0,,,,,,,,,,,,,,,,,,,,,,,,,,,,,,,,,,,,,,
2026,DISTRICT_MANAGED_2026.xlsx,Traditional,LORCA,Elementary,AVONDALE,Network 4,30.0,,,,402.5,,0.0,1.0,1.0,1.0,1.0,1.0,,1.0,1.0,,2.0,35911.149999999994,10.0,7.0,1.0,0.0,3.0,3.0,,,,,,6.0,1.0,,,,,24:1,581.0,25.0,5.0,2.0,0.0,0.0,0.0,,1.0,0.0,0.0,0.0,0.0,0.0,0.0,0.0,0.0,,0.0,,0.0,1.0,,0.0,0.0,0.0,0.0,0.0,0.0,0.0,0.0,638.0,591.0,582.0,9.0,0.0,0.0,0.0,0.0,-1.0,0.0,0.0,3.0,0.0,0.0,2.0,18640.0,0.0,,,,,,,,,,,,,,,,,,,,,,,,,,,,,,,,,,,,,,
2026,DISTRICT_MANAGED_2026.xlsx,Traditional,LOVETT,Elementary,AUSTIN,Network 3,33.0,,,,423.75,,0.0,1.0,1.0,1.0,1.0,1.0,,1.6800000000000002,0.0,,0.0,122317.1,4.0,4.0,0.5,0.0,2.32,2.0,,,,,,4.0,2.0,,,,,24:1,617.0,14.0,3.0,1.0,0.0,0.0,0.0,,0.0,0.0,0.0,0.0,0.0,0.0,0.0,0.0,0.0,,0.0,,0.0,0.0,,0.0,0.0,0.0,0.0,0.0,0.0,0.0,0.0,347.0,321.0,324.0,-3.0,0.0,0.0,0.0,0.0,0.0,0.0,0.0,0.0,0.0,0.0,1.0,18640.0,0.0,,,,,,,,,,,,,,,,,,,,,,,,,,,,,,,,,,,,,,
2026,DISTRICT_MANAGED_2026.xlsx,Traditional,LOWELL,Elementary,HUMBOLDT PARK,Network 5,38.0,,,,432.25,,0.0,1.0,1.0,1.0,1.0,1.0,,0.0,0.0,,1.0,197376.5,8.0,20.0,1.0,0.0,4.0,2.0,,,,,,5.0,2.0,,,,,22:1,677.0,11.0,3.0,1.0,0.0,0.0,0.0,,0.0,0.0,0.0,0.0,0.0,0.0,0.0,0.0,0.0,,0.0,,0.0,0.0,,0.0,0.0,0.0,0.0,0.0,111308.0,0.0,0.0,314.0,227.0,253.0,-26.0,0.0,0.0,0.0,0.0,0.0,0.0,0.0,0.0,0.0,0.0,1.0,18640.0,0.0,,,,,,,,,,,,,,,,,,,,,,,,,,,,,,,,,,,,,,
2026,DISTRICT_MANAGED_2026.xlsx,Traditional,LOZANO,Elementary,WEST TOWN,Network 6,34.0,,,,406.75,,0.0,1.0,1.0,1.0,1.0,1.0,,1.0,0.0,,0.0,91966.15,8.0,14.0,1.0,0.0,5.0,3.0,,,,,,1.0,2.0,,,,,24:1,629.0,10.0,3.0,0.0,0.0,0.0,0.0,,0.0,0.0,0.0,0.0,0.0,0.0,0.0,0.0,0.0,,0.0,,0.0,0.0,,0.0,0.0,0.0,0.0,0.0,28644.0,0.0,0.0,245.0,160.0,190.0,-30.0,0.0,0.0,0.0,0.0,0.0,0.0,0.0,0.0,0.0,0.0,1.0,18640.0,1.0,,,,,,,,,,,,,,,,,,,,,,,,,,,,,,,,,,,,,,
2026,DISTRICT_MANAGED_2026.xlsx,Traditional,LYON,Elementary,BELMONT CRAGIN,Network 3,35.0,,,,372.75,,0.0,1.0,1.0,1.0,2.0,0.0,,0.0,0.0,,1.5,518253.05,12.0,17.0,1.5,0.0,2.0,2.0,,,,,,7.0,2.0,,,,,24:1,641.0,40.0,8.0,3.0,0.0,0.0,0.0,,1.0,0.0,1.0,0.0,0.0,0.0,1.0,0.0,0.0,,0.0,,0.0,0.0,,0.0,0.0,0.0,0.0,0.0,0.0,0.0,0.0,997.0,958.0,973.0,-15.0,0.0,0.0,0.0,0.0,0.0,0.0,0.0,0.0,0.0,0.0,2.0,18640.0,0.0,,,,,,,,,,,,,,,,,,,,,,,,,,,,,,,,,,,,,,
2026,DISTRICT_MANAGED_2026.xlsx,Traditional,MADERO,Elementary,SOUTH LAWNDALE,Network 7,44.0,,,,423.75,,0.0,1.0,1.0,1.0,1.0,1.0,,0.0,0.0,,0.0,251885.69,3.0,3.0,0.5,0.0,0.0,0.0,,,,,,3.0,1.0,,,,,22:1,749.0,11.0,3.0,1.0,0.0,0.0,0.0,,0.0,0.0,0.0,0.0,0.0,0.0,0.0,0.0,0.0,,1.0,,0.0,0.0,,0.0,0.0,0.0,0.0,0.0,31945.0,0.0,0.0,232.0,232.0,248.0,-16.0,0.0,0.0,0.0,0.0,0.0,0.0,0.0,0.0,0.0,0.0,1.0,18640.0,1.0,,,,,,,,,,,,,,,,,,,,,,,,,,,,,,,,,,,,,,
2026,DISTRICT_MANAGED_2026.xlsx,Traditional,MADISON,Elementary,SOUTH SHORE,Network 12,35.0,,,,436.5,,0.0,1.0,1.0,1.0,1.0,1.0,,0.0,0.0,,1.0,149279.12,5.0,9.0,0.5,0.0,1.0,1.0,,,,,,2.0,2.0,,,,,24:1,641.0,10.0,3.0,1.0,1.0,0.0,0.0,,0.0,0.0,0.0,0.0,0.0,0.0,0.0,0.0,0.0,,0.0,,0.0,0.0,,0.0,0.0,0.0,0.0,0.0,0.0,0.0,0.0,221.0,200.0,197.0,3.0,0.0,0.0,0.0,0.0,0.0,0.0,0.0,0.0,0.0,0.0,0.5,18640.0,0.0,,,,,,,,,,,,,,,,,,,,,,,,,,,,,,,,,,,,,,
2026,DISTRICT_MANAGED_2026.xlsx,Traditional,MANIERRE,Elementary,NEAR NORTH SIDE,Network 4,30.0,,,,474.75,,0.0,1.0,1.0,2.0,1.0,1.0,,1.0,1.0,,0.0,49197.89,4.0,11.0,0.5,0.0,2.0,2.0,,,,,,3.0,2.0,,,,,24:1,581.0,10.0,3.0,1.0,0.0,0.0,0.0,,0.0,0.0,0.0,0.0,0.0,0.0,0.0,1.0,0.0,,0.0,,0.0,0.0,,0.0,0.0,0.0,0.0,0.0,45558.0,0.0,0.0,269.0,231.0,255.0,-24.0,0.0,0.0,0.0,0.0,0.0,0.0,0.0,0.0,0.0,0.0,0.0,18640.0,1.0,,,,,,,,,,,,,,,,,,,,,,,,,,,,,,,,,,,,,,
2026,DISTRICT_MANAGED_2026.xlsx,Traditional,MANLEY HS,High,EAST GARFIELD PARK,Network 15,45.0,,,,402.5,,0.0,1.0,1.0,1.0,1.0,1.0,,0.0,0.0,,2.8,213377.74,5.0,3.0,0.5,0.0,0.0,0.0,,,,,,1.0,4.0,,,,,18:1,1689.0,10.0,0.0,0.0,0.0,0.0,0.0,,0.0,0.0,0.0,0.0,0.0,0.0,0.5,0.0,0.0,,0.0,,0.0,0.0,,0.0,0.0,1.0,0.0,160000.0,25000.0,0.0,0.0,128.0,128.0,78.0,50.0,0.0,60000.0,0.0,0.0,0.0,0.0,0.0,0.0,0.0,0.0,0.0,18640.0,1.0,,,,,,,,,,,,,,,,,,,,,,,,,,,,,,,,,,,,,,
2026,DISTRICT_MANAGED_2026.xlsx,Traditional,MANN,Elementary,SOUTH CHICAGO,Network 12,35.0,,,,432.25,,0.0,1.0,1.0,1.0,1.0,1.0,,0.0,0.0,,1.0,69244.55,6.0,3.0,0.5,0.0,1.0,1.0,,,,,,3.0,2.0,,,,,24:1,641.0,11.0,3.0,1.0,0.0,0.0,0.0,,0.0,0.0,0.0,0.0,0.0,0.0,0.0,0.0,0.0,,0.0,,0.0,0.0,,0.0,0.0,0.0,0.0,0.0,0.0,0.0,0.0,278.0,259.0,263.0,-4.0,0.0,0.0,0.0,0.0,0.0,0.0,0.0,1.0,0.0,0.0,0.5,18640.0,0.0,,,,,,,,,,,,,,,,,,,,,,,,,,,,,,,,,,,,,,
2026,DISTRICT_MANAGED_2026.xlsx,Traditional,MARINE LEADERSHIP AT AMES HS,High,LOGAN SQUARE,Network 14,31.0,,,,411.0,,0.0,1.0,1.0,1.0,2.0,1.0,,2.0,0.0,,1.0,376532.43000000005,10.0,4.0,1.0,0.0,0.0,0.0,,,,,,4.0,3.0,,,,,19:1,1437.0,29.0,0.0,1.0,0.0,0.0,0.0,,1.0,0.0,0.0,0.0,1.0,0.0,0.5,0.0,0.5,,0.0,,0.0,0.0,,0.0,0.0,6.0,0.0,0.0,110620.0,0.0,0.0,546.0,546.0,628.0,-82.0,0.0,60000.0,0.0,0.0,0.0,0.0,0.0,0.0,0.0,0.0,1.0,18640.0,0.0,,,,,,,,,,,,,,,,,,,,,,,,,,,,,,,,,,,,,,
2026,DISTRICT_MANAGED_2026.xlsx,Traditional,MARQUETTE,Elementary,CHICAGO LAWN,Network 10,37.0,,,,428.0,,0.0,1.0,1.0,1.0,2.0,0.0,,0.0,0.0,,4.4,158256.8,9.0,20.0,1.5,0.0,7.0,4.0,,,,,,12.0,3.0,,,,,24:1,665.0,38.0,8.0,3.0,0.0,0.0,0.0,,1.0,0.0,1.0,1.0,1.0,0.0,1.0,0.0,0.0,,1.0,,0.0,0.0,,0.0,0.0,0.0,0.0,0.0,102782.0,0.0,0.0,1025.0,911.0,935.0,-24.0,0.0,0.0,0.0,0.0,0.0,0.0,0.0,0.0,0.0,0.0,2.0,18640.0,0.0,,,,,,,,,,,,,,,,,,,,,,,,,,,,,,,,,,,,,,
2026,DISTRICT_MANAGED_2026.xlsx,Traditional,MARSH,Elementary,SOUTH DEERING,Network 13,39.0,,,,406.75,,0.0,1.0,1.0,1.0,2.0,1.0,,0.0,0.0,,0.0,296728.25,9.0,28.0,1.0,0.0,5.0,3.0,,,,,,7.0,2.0,,,,,22:1,689.0,25.0,6.0,2.0,0.0,0.0,0.0,,1.0,0.0,0.0,0.0,1.0,0.0,1.0,0.0,0.0,,1.0,,0.0,0.0,,0.0,0.0,0.0,0.0,0.0,0.0,0.0,0.0,622.0,542.0,542.0,0.0,0.0,0.0,0.0,0.0,0.0,0.0,0.0,1.0,0.0,0.0,1.0,18640.0,1.0,,,,,,,,,,,,,,,,,,,,,,,,,,,,,,,,,,,,,,
2026,DISTRICT_MANAGED_2026.xlsx,Traditional,MARSHALL HS,High,EAST GARFIELD PARK,Network 15,41.0,,,,432.25,,0.0,1.0,1.0,1.0,1.0,1.0,,3.0,0.0,,0.0,175026.36,6.0,4.0,0.5,0.0,0.0,0.0,,,,,,2.0,5.0,,,,,18:1,1617.0,12.0,0.0,0.0,0.0,0.0,0.0,,0.0,0.0,0.0,0.0,0.0,0.0,0.0,0.0,0.5,,0.0,,0.0,0.0,,0.0,0.0,0.0,0.0,160000.0,118046.0,0.0,0.0,199.0,199.0,174.0,25.0,0.0,60000.0,0.0,0.0,0.0,0.0,0.0,0.0,0.0,0.0,0.0,18640.0,0.0,,,,,,,,,,,,,,,,,,,,,,,,,,,,,,,,,,,,,,
2026,DISTRICT_MANAGED_2026.xlsx,Traditional,MASON,Elementary,NORTH LAWNDALE,Network 7,45.0,,,,415.25,,0.0,1.0,1.0,1.0,1.0,1.0,,0.5,0.0,,1.0,97501.05,6.0,7.0,0.5,0.0,4.0,2.0,,,,,,3.0,1.0,,,,,22:1,761.0,10.0,3.0,0.0,0.0,0.0,0.0,,0.0,0.0,0.0,0.0,0.0,0.0,0.0,0.0,0.0,,0.0,,0.0,0.0,,0.0,0.0,0.0,0.0,0.0,25000.0,0.0,0.0,238.0,208.0,213.0,-5.0,0.0,0.0,0.0,0.0,0.0,0.0,0.0,0.0,0.0,0.0,1.0,18640.0,1.0,,,,,,,,,,,,,,,,,,,,,,,,,,,,,,,,,,,,,,
2026,DISTRICT_MANAGED_2026.xlsx,Traditional,MATHER HS,High,WEST RIDGE,Network 14,29.0,,,,372.75,,0.0,1.0,1.0,1.0,4.0,0.0,,1.0,2.0,,11.0,393190.73,18.0,7.0,2.0,0.0,0.0,0.0,,,,,,8.0,5.0,,,,,19:1,1401.0,88.0,0.0,3.0,0.0,0.0,0.0,,1.0,1.0,1.0,2.0,4.0,0.0,1.0,0.0,0.0,,0.0,,0.0,0.0,,0.0,0.0,0.0,1.0,0.0,0.0,0.0,0.0,1665.0,1665.0,1683.0,-18.0,0.0,0.0,0.0,0.0,0.0,-1.0,0.0,3.0,1.0,0.0,3.0,18640.0,0.0,,,,,,,,,,,,,,,,,,,,,,,,,,,,,,,,,,,,,,
2026,DISTRICT_MANAGED_2026.xlsx,Traditional,MAYER,Elementary,LINCOLN PARK,Network 4,16.0,,,,0.0,,0.0,1.0,1.0,1.0,2.0,0.0,,1.45,0.0,,0.0,108086.75,7.0,4.0,1.0,0.0,4.55,0.0,,,,,,2.0,1.0,,,,,26:1,413.0,25.0,5.0,0.0,0.0,0.0,0.0,,0.0,0.0,1.0,0.0,0.0,0.0,0.0,0.0,0.0,,1.0,,0.0,0.0,,1.0,16.0,0.0,0.0,0.0,0.0,3.0,2.0,710.0,629.0,630.0,-1.0,0.0,0.0,0.0,0.0,0.0,0.0,0.0,0.0,0.0,0.0,0.0,18640.0,0.0,,,,,,,,,,,,,,,,,,,,,,,,,,,,,,,,,,,,,,
2026,DISTRICT_MANAGED_2026.xlsx,Traditional,MAYS,Elementary,ENGLEWOOD,Network 11,43.0,,,,402.5,,0.0,1.0,1.0,1.0,1.0,1.0,,0.0,0.0,,1.1,163896.15,4.0,7.0,0.5,0.0,1.0,1.0,,,,,,4.0,1.9,,,,,22:1,737.0,12.0,3.0,1.0,0.0,0.0,0.0,,0.0,0.0,0.0,0.0,0.0,0.0,0.0,0.0,0.0,,0.0,,0.0,0.0,,0.0,0.0,0.0,0.0,0.0,0.0,0.0,0.0,280.0,263.0,234.0,29.0,0.0,0.0,0.0,0.0,0.0,0.0,0.0,0.0,0.0,0.0,0.5,18640.0,1.0,,,,,,,,,,,,,,,,,,,,,,,,,,,,,,,,,,,,,,
2026,DISTRICT_MANAGED_2026.xlsx,Traditional,MCAULIFFE,Elementary,HERMOSA,Network 4,34.0,,,,415.25,,0.0,1.0,1.0,1.0,1.0,0.0,,0.0,0.0,,1.0,328811.5,10.0,11.0,1.0,0.0,5.0,3.0,,,,,,5.0,1.0,,,,,24:1,629.0,19.0,4.0,2.0,0.0,0.0,0.0,,0.0,0.0,0.0,0.0,0.0,0.0,0.5,0.0,0.0,,0.0,,0.0,0.0,,0.0,0.0,0.0,0.0,0.0,0.0,0.0,0.0,522.0,453.0,499.0,-46.0,0.0,0.0,0.0,0.0,0.0,0.0,-1.0,0.0,0.0,0.0,1.0,18640.0,0.0,,,,,,,,,,,,,,,,,,,,,,,,,,,,,,,,,,,,,,
2026,DISTRICT_MANAGED_2026.xlsx,Traditional,MCCORMICK,Elementary,SOUTH LAWNDALE,Network 7,47.0,,,,419.5,,0.0,1.0,1.0,1.0,2.0,1.0,,0.65,0.0,,0.0,192916.0,5.0,14.0,1.0,0.0,7.35,4.0,,,,,,6.0,2.0,,,,,22:1,785.0,19.0,4.0,1.0,0.0,0.0,0.0,,0.0,0.0,0.0,0.0,1.0,0.0,0.68,0.0,0.0,,0.0,,0.0,0.0,,0.0,0.0,0.0,1.0,0.0,86440.0,0.0,0.0,501.0,418.0,382.0,36.0,0.0,0.0,0.0,0.0,0.0,0.0,0.0,0.0,0.0,0.0,1.0,18640.0,1.0,,,,,,,,,,,,,,,,,,,,,,,,,,,,,,,,,,,,,,
2026,DISTRICT_MANAGED_2026.xlsx,Traditional,MCCUTCHEON,Elementary,UPTOWN,Network 2,30.0,,,,415.25,,0.0,1.0,1.0,2.0,1.0,1.0,,1.0,0.0,,1.0,20322.88,13.0,27.0,1.5,0.0,4.0,2.0,,,,,,2.0,4.0,,,,,24:1,581.0,10.0,3.0,1.0,0.0,0.0,0.0,,0.0,0.0,0.0,0.0,0.0,0.0,0.0,0.0,0.0,,0.0,,0.0,0.0,,0.0,0.0,0.0,0.0,0.0,0.0,0.0,0.0,322.0,230.0,240.0,-10.0,0.0,0.0,0.0,0.0,0.0,0.0,0.0,0.0,0.0,1.0,1.0,18640.0,0.0,,,,,,,,,,,,,,,,,,,,,,,,,,,,,,,,,,,,,,
2026,DISTRICT_MANAGED_2026.xlsx,Traditional,MCDADE,Elementary,CHATHAM,Network 12,28.0,,,,0.0,,0.0,1.0,1.0,1.0,1.0,1.0,,0.0,0.0,,0.0,139999.65,2.0,2.0,0.0,0.0,0.0,0.0,,,,,,3.0,1.0,,,,,24:1,557.0,10.0,3.0,0.0,0.0,0.0,0.0,,0.0,0.0,0.0,0.0,0.0,0.0,0.0,0.0,0.0,,0.0,,0.0,0.0,,0.0,0.0,0.0,0.0,0.0,0.0,0.0,0.0,208.0,208.0,217.0,-9.0,0.0,0.0,0.0,0.0,0.0,0.0,0.0,0.0,0.0,0.0,0.0,18640.0,0.0,,,,,,,,,,,,,,,,,,,,,,,,,,,,,,,,,,,,,,
2026,DISTRICT_MANAGED_2026.xlsx,Traditional,MCDOWELL,Elementary,CALUMET HEIGHTS,ISP,35.0,,,,372.75,,0.0,1.0,1.0,1.0,1.0,1.0,,0.0,0.0,,1.0,64815.0,2.0,3.0,0.0,0.0,1.0,1.0,,,,,,2.0,1.0,,,,,24:1,641.0,6.0,3.0,1.0,0.0,0.0,0.0,,0.0,0.0,0.0,0.0,0.0,0.0,0.0,0.0,0.0,,0.0,,0.0,0.0,,0.0,0.0,0.0,0.0,0.0,0.0,0.0,0.0,111.0,98.0,101.0,-3.0,0.0,0.0,0.0,0.0,0.0,0.0,0.0,0.0,0.0,0.0,0.0,18640.0,0.0,,,,,,,,,,,,,,,,,,,,,,,,,,,,,,,,,,,,,,
2026,DISTRICT_MANAGED_2026.xlsx,Traditional,MCKAY,Elementary,CHICAGO LAWN,Network 10,37.0,,,,419.5,,0.0,1.0,1.0,1.0,1.0,1.0,,1.0,0.0,,2.0,62779.46000000001,8.0,11.0,1.0,0.0,4.0,3.0,,,,,,5.0,2.0,,,,,24:1,665.0,21.0,5.0,2.0,0.0,0.0,0.0,,1.0,0.0,0.0,1.0,0.0,0.0,0.0,0.0,0.0,,0.0,,0.0,0.0,,0.0,0.0,0.0,1.0,0.0,113233.0,0.0,0.0,620.0,498.0,530.0,-32.0,0.0,0.0,0.0,0.0,0.0,0.0,0.0,0.1,0.0,0.0,2.0,18640.0,0.0,,,,,,,,,,,,,,,,,,,,,,,,,,,,,,,,,,,,,,
2026,DISTRICT_MANAGED_2026.xlsx,Traditional,MCNAIR,Elementary,AUSTIN,Network 3,42.0,,,,406.75,,0.0,1.0,1.0,1.0,1.0,1.0,,0.0,0.0,,1.38,185916.0,12.0,41.0,1.0,0.0,3.0,2.0,,,,,,3.0,1.0,,,,,22:1,725.0,12.0,4.0,1.0,0.0,0.0,0.0,,0.0,0.0,0.0,0.0,0.0,0.0,0.0,0.0,0.0,,0.0,,0.0,0.0,,0.0,0.0,0.0,1.0,0.0,46383.0,0.0,0.0,338.0,264.0,276.0,-12.0,0.0,0.0,0.0,0.0,0.0,0.0,0.0,0.0,0.0,0.0,1.0,18640.0,1.0,,,,,,,,,,,,,,,,,,,,,,,,,,,,,,,,,,,,,,
2026,DISTRICT_MANAGED_2026.xlsx,Traditional,MCPHERSON,Elementary,LINCOLN SQUARE,Network 2,26.0,,,,0.0,,2.0,1.0,1.0,1.0,2.0,0.0,,0.0,0.0,,0.5,51995.76,18.0,41.0,1.5,0.0,8.0,5.0,,,,,,6.0,2.0,,,,,26:1,533.0,24.0,7.0,0.0,0.0,0.0,0.0,,0.0,0.0,1.0,0.0,1.0,0.0,0.0,0.0,0.0,,2.0,,1.0,0.0,,0.0,0.0,0.0,0.0,0.0,0.0,0.0,0.0,796.0,600.0,556.0,44.0,0.0,0.0,0.0,0.0,0.0,0.0,0.0,2.0,0.0,0.0,1.0,18640.0,0.0,,,,,,,,,,,,,,,,,,,,,,,,,,,,,,,,,,,,,,
2026,DISTRICT_MANAGED_2026.xlsx,Traditional,MELODY,Elementary,WEST GARFIELD PARK,Network 5,41.0,,,,440.75,,0.0,1.0,1.0,2.0,1.0,1.0,,0.0,1.0,,2.0,158519.34,5.0,10.0,0.5,0.0,2.0,2.0,,,,,,5.0,3.0,,,,,22:1,713.0,14.0,3.0,1.0,0.0,0.0,0.0,,0.0,0.0,0.0,0.0,0.0,0.0,0.0,1.0,0.0,,0.0,,0.0,0.0,,0.0,0.0,0.0,0.0,0.0,86440.0,0.0,0.0,344.0,293.0,280.0,13.0,-1.0,0.0,0.0,0.0,0.0,0.0,0.0,0.0,0.0,1.0,1.0,18640.0,1.0,,,,,,,,,,,,,,,,,,,,,,,,,,,,,,,,,,,,,,
2026,DISTRICT_MANAGED_2026.xlsx,Traditional,METCALFE,Elementary,WEST PULLMAN,Network 13,36.0,,,,440.75,,0.0,1.0,1.0,1.0,1.0,1.0,,1.0,0.0,,0.75,137542.43,4.0,10.0,0.5,0.0,1.0,1.0,,,,,,4.0,3.0,,,,,24:1,653.0,14.0,3.0,1.0,0.0,0.0,0.0,,0.0,0.0,0.0,0.0,0.0,0.0,0.0,0.0,0.0,,0.0,,0.0,0.0,,0.0,0.0,0.0,0.0,0.0,50646.0,0.0,0.0,352.0,333.0,289.0,44.0,0.0,0.0,0.0,0.0,0.0,0.0,0.0,0.0,0.0,0.0,0.5,18640.0,1.0,,,,,,,,,,,,,,,,,,,,,,,,,,,,,,,,,,,,,,
2026,DISTRICT_MANAGED_2026.xlsx,Traditional,MIÑOSO,Elementary,BRIDGEPORT,Network 6,33.0,,,,423.75,,0.0,1.0,1.0,1.0,1.0,1.0,,1.0,0.0,,2.0,88853.0,11.0,34.0,1.0,0.0,1.0,1.0,,,,,,1.0,1.0,,,,,24:1,617.0,11.0,3.0,1.0,0.0,0.0,0.0,,0.0,0.0,0.0,0.0,0.0,0.0,0.0,0.0,0.0,,0.0,,0.0,0.0,,0.0,0.0,0.0,0.0,0.0,0.0,0.0,0.0,304.0,251.0,266.0,-15.0,-1.0,0.0,0.0,0.0,0.0,0.0,0.0,0.0,0.0,0.0,0.5,18640.0,0.0,,,,,,,,,,,,,,,,,,,,,,,,,,,,,,,,,,,,,,
2026,DISTRICT_MANAGED_2026.xlsx,Traditional,MIRELES,Elementary,SOUTH CHICAGO,Network 12,37.0,,,,423.75,,0.0,1.0,1.0,1.0,1.0,1.0,,0.0,0.69,,2.0,171200.15,10.0,15.0,1.0,0.0,2.0,2.0,,,,,,5.0,1.0,,,,,24:1,665.0,21.0,5.0,2.0,0.0,0.0,0.0,,1.0,0.0,0.0,0.0,0.0,0.0,1.0,0.0,0.0,,0.0,,0.0,0.0,,0.0,0.0,0.0,0.0,0.0,35520.0,0.0,0.0,540.0,494.0,424.0,70.0,0.0,0.0,0.0,0.0,0.0,0.0,0.0,0.0,0.0,0.0,1.0,18640.0,1.0,,,,,,,,,,,,,,,,,,,,,,,,,,,,,,,,,,,,,,
2026,DISTRICT_MANAGED_2026.xlsx,Traditional,MITCHELL,Elementary,WEST TOWN,ISP,25.0,,,,0.0,,0.0,1.0,1.0,1.0,1.0,1.0,,1.0,0.0,,0.0,102028.45,6.0,7.0,0.5,0.0,1.0,1.0,,,,,,4.0,1.0,,,,,26:1,521.0,17.0,4.0,0.0,0.0,1.0,0.0,,0.0,0.0,0.0,0.0,0.0,0.0,0.0,0.0,0.0,,0.0,,0.0,0.0,,0.0,0.0,0.0,0.0,0.0,0.0,0.5,0.0,446.0,426.0,376.0,50.0,0.0,0.0,0.0,0.0,0.0,0.0,0.0,0.0,0.0,0.0,1.0,18640.0,0.0,,,,,,,,,,,,,,,,,,,,,,,,,,,,,,,,,,,,,,
2026,DISTRICT_MANAGED_2026.xlsx,Traditional,MOLLISON,Elementary,GRAND BOULEVARD,Network 9,38.0,,,,449.25,,0.0,1.0,1.0,1.0,1.0,1.0,,0.0,0.0,,0.5,217629.0,4.0,8.0,0.5,0.0,1.0,1.0,,,,,,4.0,2.0,,,,,22:1,677.0,10.0,3.0,0.0,0.0,0.0,0.0,,0.0,0.0,0.0,0.0,0.0,0.0,0.0,0.0,0.0,,1.0,,0.0,0.0,,0.0,0.0,0.0,0.0,0.0,86440.0,0.0,0.0,234.0,216.0,219.0,-3.0,0.0,0.0,0.0,0.0,0.0,0.0,0.0,0.0,0.0,0.0,0.0,18640.0,1.0,,,,,,,,,,,,,,,,,,,,,,,,,,,,,,,,,,,,,,
2026,DISTRICT_MANAGED_2026.xlsx,Traditional,MONARCAS,Elementary,GAGE PARK,Network 8,38.0,,,,406.75,,0.0,1.0,1.0,1.0,2.0,0.0,,0.0,0.0,,0.0,425854.9,5.0,6.0,1.0,0.0,8.0,5.0,,,,,,7.0,3.0,,,,,22:1,677.0,31.0,7.0,2.0,0.0,0.0,0.0,,1.0,0.0,1.0,0.0,1.0,0.0,1.0,2.0,0.0,,0.0,,0.0,0.0,,0.0,0.0,0.0,0.0,0.0,0.0,0.0,0.0,801.0,682.0,702.0,-20.0,0.0,0.0,0.0,0.0,0.0,0.0,0.0,0.0,0.0,0.0,2.0,18640.0,0.0,,,,,,,,,,,,,,,,,,,,,,,,,,,,,,,,,,,,,,
2026,DISTRICT_MANAGED_2026.xlsx,Traditional,MOOS,Elementary,WEST TOWN,Network 5,30.0,,,,372.75,,0.0,1.0,1.0,1.0,1.0,1.0,,1.0,0.0,,0.0,199175.61,10.0,17.0,1.0,0.0,3.0,3.0,,,,,,3.0,2.0,,,,,24:1,581.0,16.0,4.0,1.0,2.0,0.0,0.0,,0.0,0.0,0.0,0.0,0.0,0.0,0.0,0.0,0.0,,2.0,,0.0,0.0,,0.0,0.0,0.0,0.0,0.0,117908.0,0.0,0.0,437.0,366.0,396.0,-30.0,0.0,0.0,0.0,0.0,0.0,0.0,0.0,0.0,0.0,0.0,2.0,18640.0,0.0,,,,,,,,,,,,,,,,,,,,,,,,,,,,,,,,,,,,,,
2026,DISTRICT_MANAGED_2026.xlsx,Traditional,MORGAN PARK HS,High,MORGAN PARK,Network 16,25.0,,,,364.25,,2.0,1.0,1.0,1.0,3.0,0.0,,0.5,1.0,,9.0,414805.3,12.0,10.0,1.5,0.0,0.0,0.0,,,,,,5.0,14.0,,,,,21:1,1329.0,57.0,0.0,3.0,0.0,0.0,0.0,,0.0,1.0,2.0,1.0,2.4,0.38,0.0,0.0,0.5,,2.0,,0.0,0.0,,0.0,0.0,3.0,0.0,150000.0,0.0,0.0,0.0,1218.0,1193.0,1142.0,51.0,0.0,0.0,0.0,0.0,0.0,0.0,0.0,0.0,0.0,0.0,0.0,18640.0,0.0,,,,,,,,,,,,,,,,,,,,,,,,,,,,,,,,,,,,,,
2026,DISTRICT_MANAGED_2026.xlsx,Traditional,MORRILL,Elementary,CHICAGO LAWN,Network 10,42.0,,,,423.75,,0.0,1.0,1.0,1.0,2.0,1.0,,1.0,0.0,,1.0,353521.25,13.0,15.0,1.0,0.0,2.0,2.0,,,,,,4.0,2.0,,,,,22:1,725.0,25.0,6.0,2.0,0.0,0.0,0.0,,0.0,0.0,0.0,0.0,0.0,0.0,0.0,0.0,0.0,,0.0,,0.0,0.0,,0.0,0.0,0.0,1.0,0.0,44183.0,0.0,0.0,598.0,536.0,486.0,50.0,0.0,0.0,0.0,0.0,0.0,0.0,0.0,1.0,0.0,0.0,2.0,18640.0,1.0,,,,,,,,,,,,,,,,,,,,,,,,,,,,,,,,,,,,,,
2026,DISTRICT_MANAGED_2026.xlsx,Traditional,MORTON,Elementary,HUMBOLDT PARK,Network 5,34.0,,,,372.75,,0.0,1.0,1.0,1.0,1.0,1.0,,0.0,0.0,,0.17,196038.46,9.0,9.0,0.5,0.0,2.0,2.0,,,,,,2.0,1.83,,,,,24:1,629.0,11.0,3.0,1.0,3.0,0.0,0.0,,0.0,0.0,0.0,0.0,0.0,0.0,0.0,0.0,0.0,,0.0,,1.0,0.0,,0.0,0.0,0.0,0.0,0.0,0.0,0.0,0.0,269.0,245.0,259.0,-14.0,0.0,0.0,0.0,0.0,0.0,0.0,0.0,0.0,0.0,0.0,0.5,18640.0,0.0,,,,,,,,,,,,,,,,,,,,,,,,,,,,,,,,,,,,,,
2026,DISTRICT_MANAGED_2026.xlsx,Traditional,MOSAIC,Elementary,WEST RIDGE,Network 2,29.0,,,,385.5,,0.0,1.0,1.0,1.0,2.0,0.0,,0.0,0.0,,1.1,217206.02,12.0,16.0,1.0,0.0,3.0,3.0,,,,,,6.0,0.9,,,,,24:1,569.0,29.0,6.0,2.0,0.0,0.0,0.0,,1.0,0.0,1.0,0.0,1.0,0.0,1.0,0.0,0.0,,0.0,,0.0,0.0,,0.0,0.0,0.0,0.0,0.0,0.0,1.0,0.0,745.0,675.0,708.0,-33.0,0.0,0.0,0.0,0.0,0.0,0.0,0.0,0.0,0.0,0.0,2.0,18640.0,0.0,,,,,,,,,,,,,,,,,,,,,,,,,,,,,,,,,,,,,,
2026,DISTRICT_MANAGED_2026.xlsx,Traditional,MOUNT GREENWOOD,Elementary,MOUNT GREENWOOD,ISP,15.0,,,,0.0,,1.0,1.0,1.0,1.0,2.0,0.0,,2.33,0.0,,0.0,119538.41,11.0,29.0,1.5,0.0,2.17,2.0,,,,,,2.0,1.0,,,,,26:1,401.0,43.0,9.0,0.0,0.0,0.0,0.0,,0.0,0.0,2.0,0.0,0.0,0.0,0.0,0.0,0.0,,0.0,,0.0,0.0,,0.0,0.0,0.0,0.0,0.0,0.0,0.0,0.0,1178.0,1113.0,1091.0,22.0,0.0,0.0,0.0,0.0,0.0,0.0,0.0,2.0,0.0,0.0,0.0,18640.0,0.0,,,,,,,,,,,,,,,,,,,,,,,,,,,,,,,,,,,,,,
2026,DISTRICT_MANAGED_2026.xlsx,Traditional,MOUNT VERNON,Elementary,WASHINGTON HEIGHTS,Network 13,31.0,,,,419.5,,1.0,1.0,1.0,1.0,1.0,1.0,,0.0,0.0,,0.0,212671.23,4.0,9.0,0.5,0.0,1.0,1.0,,,,,,2.0,2.0,,,,,24:1,593.0,10.0,3.0,0.0,0.0,0.0,0.0,,0.0,0.0,0.0,0.0,0.0,0.0,0.0,0.0,0.0,,0.0,,0.0,1.0,,0.0,0.0,0.0,0.0,0.0,0.0,0.0,0.0,240.0,224.0,232.0,-8.0,0.0,0.0,0.0,0.0,0.0,0.0,0.0,0.0,0.0,0.0,0.0,18640.0,0.0,,,,,,,,,,,,,,,,,,,,,,,,,,,,,,,,,,,,,,
2026,DISTRICT_MANAGED_2026.xlsx,Traditional,MOZART,Elementary,LOGAN SQUARE,Network 4,36.0,,,,411.0,,0.0,1.0,1.0,1.0,1.0,1.0,,2.0,0.0,,1.5,74065.06,8.0,23.0,1.0,0.0,4.0,3.0,,,,,,5.0,2.0,,,,,24:1,653.0,19.0,5.0,2.0,0.0,0.0,0.0,,0.0,0.0,0.0,0.0,0.0,0.0,0.0,0.0,0.0,,0.0,,0.0,0.0,,0.0,0.0,0.0,0.0,0.0,127551.0,0.0,0.0,500.0,437.0,452.0,-15.0,0.0,0.0,0.0,0.0,0.0,0.0,0.0,0.0,0.0,0.0,2.0,18640.0,0.0,,,,,,,,,,,,,,,,,,,,,,,,,,,,,,,,,,,,,,
2026,DISTRICT_MANAGED_2026.xlsx,Traditional,MULTICULTURAL ARTS HS,High,SOUTH LAWNDALE,Network 15,46.0,,,,394.0,,0.0,1.0,1.0,1.0,2.0,1.0,,0.0,0.0,,2.0,265139.23,6.0,5.0,0.5,0.0,0.0,0.0,,,,,,0.0,0.0,,,,,18:1,1707.0,16.0,0.0,1.0,0.0,0.0,0.0,,0.0,0.0,0.0,0.0,1.0,0.0,0.0,0.0,0.33,,0.0,,0.0,0.0,,0.0,0.0,0.0,0.0,0.0,25000.0,0.0,0.0,276.0,276.0,253.0,23.0,0.0,0.0,0.0,0.0,0.0,0.0,0.0,0.0,0.0,0.0,1.0,18640.0,1.0,,,,,,,,,,,,,,,,,,,,,,,,,,,,,,,,,,,,,,
2026,DISTRICT_MANAGED_2026.xlsx,Traditional,MURPHY,Elementary,IRVING PARK,Network 1,33.0,,,,283.5,,0.0,1.0,1.0,1.0,1.0,1.0,,0.0,0.0,,1.0,188313.75,11.0,11.0,1.0,0.0,5.0,3.0,,,,,,3.0,1.0,,,,,24:1,617.0,19.0,4.0,2.0,0.0,0.0,0.0,,0.0,0.0,0.0,0.0,0.0,0.0,0.0,0.0,0.0,,0.0,,0.0,0.0,,0.0,0.0,0.0,0.0,0.0,0.0,0.0,0.0,516.0,454.0,436.0,18.0,0.0,0.0,0.0,0.0,0.0,0.0,0.0,1.0,0.0,0.0,1.0,18640.0,0.0,,,,,,,,,,,,,,,,,,,,,,,,,,,,,,,,,,,,,,
2026,DISTRICT_MANAGED_2026.xlsx,Traditional,MURRAY,Elementary,HYDE PARK,Network 9,32.0,,,,313.25,,0.0,1.0,1.0,1.0,1.0,1.0,,0.0,0.0,,0.0,399230.65,7.0,14.0,1.0,0.0,0.0,0.0,,,,,,3.0,1.0,,,,,24:1,605.0,21.0,5.0,2.0,1.0,0.0,0.0,,0.0,0.0,0.0,0.0,0.0,1.0,0.0,0.0,0.0,,0.0,,0.0,0.0,,0.0,0.0,0.0,0.0,0.0,0.0,0.0,0.0,481.0,481.0,464.0,17.0,-1.0,0.0,0.0,0.0,0.0,0.0,0.0,0.0,0.0,0.0,0.0,18640.0,0.0,,,,,,,,,,,,,,,,,,,,,,,,,,,,,,,,,,,,,,
2026,DISTRICT_MANAGED_2026.xlsx,Traditional,NASH,Elementary,AUSTIN,Network 3,40.0,,,,487.5,,0.0,1.0,1.0,1.0,1.0,1.0,,2.0,0.0,,0.0,72246.55,8.0,21.0,1.0,0.0,1.0,1.0,,,,,,3.0,2.0,,,,,22:1,701.0,10.0,3.0,1.0,1.0,0.0,0.0,,0.0,0.0,0.0,0.0,0.0,0.0,0.0,0.0,0.0,,0.0,,0.0,0.0,,0.0,0.0,0.0,1.0,0.0,86440.0,0.0,0.0,258.0,204.0,219.0,-15.0,0.0,0.0,0.0,0.0,0.0,0.0,0.0,0.0,0.0,0.0,1.0,18640.0,1.0,,,,,,,,,,,,,,,,,,,,,,,,,,,,,,,,,,,,,,
2026,DISTRICT_MANAGED_2026.xlsx,Traditional,NATIONAL TEACHERS,Elementary,NEAR SOUTH SIDE,Network 6,19.0,,,,330.25,,0.0,1.0,1.0,1.0,2.0,0.0,,0.0,0.0,,0.0,408369.28,10.0,16.0,1.0,0.0,3.0,3.0,,,,,,6.0,3.0,,,,,26:1,449.0,28.0,6.0,2.0,0.0,0.0,0.0,,0.0,0.0,1.0,0.0,0.0,0.0,0.0,0.0,0.0,,0.0,,1.0,0.0,,0.0,0.0,0.0,0.0,0.0,0.0,0.0,0.0,796.0,726.0,715.0,11.0,0.0,0.0,0.0,0.0,0.0,0.0,0.0,1.0,0.0,0.0,0.5,18640.0,0.0,,,,,,,,,,,,,,,,,,,,,,,,,,,,,,,,,,,,,,
2026,DISTRICT_MANAGED_2026.xlsx,Traditional,NEIL,Elementary,CHATHAM,Network 12,35.0,,,,440.75,,0.0,1.0,1.0,1.0,1.0,1.0,,0.0,0.0,,1.0,68357.44,11.0,38.0,1.0,0.0,1.0,1.0,,,,,,3.0,2.0,,,,,24:1,641.0,10.0,4.0,1.0,0.0,0.0,0.0,,0.0,0.0,0.0,0.0,1.0,0.0,0.0,0.0,0.0,,0.0,,0.0,0.0,,0.0,0.0,0.0,0.0,0.0,0.0,0.0,0.0,263.0,167.0,164.0,3.0,0.0,0.0,0.0,0.0,0.0,0.0,0.0,0.0,0.0,0.0,0.0,18640.0,0.0,,,,,,,,,,,,,,,,,,,,,,,,,,,,,,,,,,,,,,
2026,DISTRICT_MANAGED_2026.xlsx,Traditional,NETTELHORST,Elementary,LAKE VIEW,Network 4,17.0,,,,0.0,,0.0,1.0,1.0,1.0,1.0,1.0,,1.0,0.0,,1.0,78153.0,10.0,22.0,1.0,0.0,3.0,3.0,,,,,,2.0,1.0,,,,,26:1,425.0,23.0,5.0,0.0,0.0,0.0,0.0,,0.0,0.0,0.0,0.0,0.0,0.0,0.0,0.0,0.0,,0.0,,0.0,0.0,,0.0,0.0,0.0,0.0,0.0,0.0,1.0,1.0,650.0,584.0,576.0,8.0,0.0,0.0,0.0,0.0,0.0,0.0,0.0,0.0,0.0,0.0,1.0,18640.0,0.0,,,,,,,,,,,,,,,,,,,,,,,,,,,,,,,,,,,,,,
2026,DISTRICT_MANAGED_2026.xlsx,Traditional,NEW FIELD,Elementary,ROGERS PARK,Network 2,35.0,,,,381.25,,0.0,1.0,1.0,1.0,1.0,1.0,,1.5,0.0,,2.0,104561.29,9.0,14.0,1.0,0.0,5.0,4.0,,,,,,5.0,1.0,,,,,24:1,641.0,19.0,4.0,2.0,0.0,0.0,0.0,,0.0,0.0,0.0,0.0,0.0,0.0,0.0,0.0,0.0,,0.0,,0.0,0.0,,0.0,0.0,0.0,0.0,0.0,43362.0,0.0,0.0,541.0,446.0,467.0,-21.0,0.0,0.0,0.0,0.0,0.0,0.0,0.0,0.0,0.0,0.0,1.0,18640.0,0.0,,,,,,,,,,,,,,,,,,,,,,,,,,,,,,,,,,,,,,
2026,DISTRICT_MANAGED_2026.xlsx,Traditional,NEW SULLIVAN,Elementary,SOUTH CHICAGO,Network 12,37.0,,,,419.5,,1.0,1.0,1.0,1.0,1.0,1.0,,1.0,0.0,,1.47,95296.1,10.0,23.0,1.0,0.0,5.0,3.0,,,,,,4.0,2.0,,,,,24:1,665.0,15.0,4.0,1.0,0.0,0.0,0.0,,0.0,0.0,0.0,0.0,0.0,0.0,0.5,0.0,0.0,,0.0,,0.0,0.0,,0.0,0.0,0.0,0.0,0.0,54040.0,0.0,0.0,435.0,338.0,311.0,27.0,0.0,0.0,0.0,0.0,0.0,0.0,0.0,0.0,0.0,0.0,1.0,18640.0,1.0,,,,,,,,,,,,,,,,,,,,,,,,,,,,,,,,,,,,,,
2026,DISTRICT_MANAGED_2026.xlsx,Traditional,NEWBERRY,Elementary,LINCOLN PARK,Network 4,26.0,,,,394.0,,0.0,1.0,0.0,1.0,1.0,1.0,,2.0,0.0,,1.0,65095.67,7.0,13.0,0.5,0.0,1.0,1.0,,,,,,3.0,1.0,,,,,26:1,533.0,13.0,3.0,1.0,0.0,0.0,0.0,,0.0,0.0,0.0,0.0,0.0,0.0,0.0,0.0,0.0,,0.0,,0.0,0.0,,0.0,0.0,0.0,0.0,0.0,0.0,0.0,0.0,331.0,320.0,311.0,9.0,0.0,0.0,0.0,-1.0,0.0,0.0,0.0,1.0,0.0,0.0,0.5,18640.0,0.0,,,,,,,,,,,,,,,,,,,,,,,,,,,,,,,,,,,,,,
2026,DISTRICT_MANAGED_2026.xlsx,Traditional,NICHOLSON,Elementary,ENGLEWOOD,Network 11,41.0,,,,432.25,,0.0,1.0,1.0,1.0,2.0,1.0,,0.0,0.0,,1.0,345657.06,7.0,23.0,1.0,0.0,2.0,2.0,,,,,,5.0,2.0,,,,,22:1,713.0,21.0,5.0,2.0,0.0,0.0,0.0,,0.0,0.0,0.0,0.0,0.0,0.0,0.0,0.0,0.0,,0.0,,0.0,0.0,,0.0,0.0,0.0,2.0,0.0,87940.0,0.0,0.0,495.0,444.0,405.0,39.0,0.0,0.0,0.0,0.0,0.0,0.0,0.0,0.3,0.0,1.0,1.0,18640.0,1.0,,,,,,,,,,,,,,,,,,,,,,,,,,,,,,,,,,,,,,
2026,DISTRICT_MANAGED_2026.xlsx,Traditional,NIGHTINGALE,Elementary,GAGE PARK,Network 8,34.0,,,,398.25,,0.0,1.0,1.0,1.0,2.0,0.0,,2.0,0.0,,2.0,283938.34,7.0,13.0,1.5,0.0,7.0,5.0,,,,,,9.0,2.0,,,,,24:1,629.0,35.0,7.0,2.0,0.0,0.0,0.0,,0.0,0.0,1.0,0.0,1.0,0.0,1.0,0.0,0.0,,0.0,,0.0,0.0,,0.0,0.0,0.0,0.0,0.0,0.0,0.0,0.0,918.0,825.0,863.0,-38.0,0.0,0.0,0.0,0.0,-1.0,0.0,0.0,0.0,0.0,0.0,2.0,18640.0,0.0,,,,,,,,,,,,,,,,,,,,,,,,,,,,,,,,,,,,,,
2026,DISTRICT_MANAGED_2026.xlsx,Traditional,NINOS HEROES,Elementary,SOUTH CHICAGO,Network 12,33.0,,,,423.75,,0.0,1.0,1.0,1.0,1.0,1.0,,0.0,0.0,,1.0,122523.95,6.0,11.0,0.5,0.0,2.0,2.0,,,,,,2.0,2.0,,,,,24:1,617.0,12.0,3.0,1.0,0.0,0.0,0.0,,0.0,0.0,0.0,0.0,0.0,0.0,0.0,0.0,0.0,,0.0,,0.0,0.0,,0.0,0.0,0.0,0.0,0.0,25000.0,0.0,0.0,311.0,279.0,257.0,22.0,0.0,0.0,0.0,0.0,0.0,0.0,0.0,1.0,0.0,0.0,1.0,18640.0,1.0,,,,,,,,,,,,,,,,,,,,,,,,,,,,,,,,,,,,,,
2026,DISTRICT_MANAGED_2026.xlsx,Traditional,NIXON,Elementary,HERMOSA,Network 4,39.0,,,,415.25,,0.0,1.0,1.0,1.0,2.0,0.0,,3.0,0.0,,1.0,134402.91999999998,8.0,11.0,1.0,0.0,2.0,2.0,,,,,,5.0,2.0,,,,,22:1,689.0,29.0,6.0,2.0,0.0,0.0,0.0,,1.0,0.0,1.0,0.0,0.0,0.0,1.0,0.0,0.0,,0.0,,0.0,0.0,,0.0,0.0,0.0,1.0,0.0,25000.0,0.0,0.0,674.0,634.0,621.0,13.0,0.0,0.0,0.0,0.0,0.0,0.0,0.0,0.0,0.0,0.0,2.0,18640.0,1.0,,,,,,,,,,,,,,,,,,,,,,,,,,,,,,,,,,,,,,
2026,DISTRICT_MANAGED_2026.xlsx,Traditional,NOBEL,Elementary,HUMBOLDT PARK,ISP,38.0,,,,415.25,,0.0,1.0,1.0,1.0,2.0,1.0,,2.0,0.0,,0.15,107347.2,7.0,4.0,1.0,0.0,2.0,2.0,,,,,,5.0,1.85,,,,,22:1,677.0,26.0,6.0,2.0,0.0,0.0,0.0,,1.0,0.0,0.0,0.0,1.0,0.0,0.0,0.0,0.0,,0.0,,0.0,0.0,,0.0,0.0,0.0,0.0,0.0,0.0,0.0,0.0,594.0,560.0,574.0,-14.0,0.0,0.0,0.0,0.0,0.0,0.0,0.0,2.0,0.0,0.0,2.0,18640.0,0.0,,,,,,,,,,,,,,,,,,,,,,,,,,,,,,,,,,,,,,
2026,DISTRICT_MANAGED_2026.xlsx,Traditional,NORTH RIVER,Elementary,ALBANY PARK,Network 1,39.0,,,,377.0,,1.0,1.0,1.0,1.0,1.0,0.0,,0.0,0.0,,0.0,186562.0,7.0,6.0,0.5,0.0,2.0,1.0,,,,,,0.0,2.0,,,,,22:1,689.0,13.0,3.0,1.0,0.0,0.0,0.0,,0.0,0.0,0.0,0.0,1.0,0.0,0.0,0.0,0.0,,0.0,,0.0,0.0,,0.0,0.0,0.0,0.0,0.0,100440.0,0.0,0.0,322.0,265.0,249.0,16.0,-1.0,0.0,0.0,0.0,0.0,0.0,-1.0,2.0,0.0,0.0,1.0,18640.0,1.0,,,,,,,,,,,,,,,,,,,,,,,,,,,,,,,,,,,,,,
2026,DISTRICT_MANAGED_2026.xlsx,Traditional,NORTH-GRAND HS,High,HUMBOLDT PARK,Network 15,38.0,,,,406.75,,0.0,1.0,1.0,1.0,3.0,0.0,,0.5,1.0,,10.0,377026.52,16.0,19.0,1.5,0.0,0.0,0.0,,,,,,6.0,4.0,,,,,18:1,1563.0,54.0,0.0,2.0,0.0,0.0,0.0,,1.0,0.0,0.0,1.0,1.0,0.0,1.0,0.0,0.0,,0.0,,0.0,0.0,,0.0,0.0,0.0,0.0,160000.0,0.0,0.0,1.0,1015.0,968.0,1005.0,-37.0,0.0,60000.0,0.0,0.0,0.0,-2.0,0.0,1.0,1.0,1.0,2.0,18640.0,0.0,,,,,,,,,,,,,,,,,,,,,,,,,,,,,,,,,,,,,,
2026,DISTRICT_MANAGED_2026.xlsx,Traditional,NORTHSIDE PREP HS,High,NORTH PARK,Network 14,22.0,,,,0.0,,0.0,1.0,1.0,1.0,3.0,0.0,,5.0,1.0,,3.0,133039.00000000003,12.0,15.0,1.5,0.0,0.0,0.0,,,,,,4.0,5.0,,,,,21:1,1275.0,50.0,0.0,0.0,0.0,0.0,0.0,,0.0,1.0,2.0,1.0,0.0,0.0,1.0,0.0,0.0,,0.0,,0.0,0.0,,0.0,0.0,0.0,0.0,0.0,0.0,0.0,3.0,1063.0,1048.0,1017.0,31.0,0.0,0.0,0.0,0.0,0.0,0.0,0.0,0.0,0.0,0.0,0.5,18640.0,0.0,,,,,,,,,,,,,,,,,,,,,,,,,,,,,,,,,,,,,,
2026,DISTRICT_MANAGED_2026.xlsx,Traditional,NORTHWEST,Elementary,BELMONT CRAGIN,Network 3,42.0,,,,394.0,,0.0,1.0,1.0,1.0,2.0,1.0,,0.0,0.0,,0.16,231055.22,7.0,10.0,1.0,0.0,0.0,0.0,,,,,,3.0,2.0,,,,,22:1,725.0,24.0,5.0,2.0,0.0,0.0,0.0,,1.0,0.0,0.0,0.0,1.0,0.0,0.0,0.0,0.0,,0.0,,0.0,0.0,,0.0,0.0,0.0,0.0,0.0,89322.0,0.0,0.0,525.0,520.0,516.0,4.0,0.0,0.0,0.0,0.0,0.0,0.0,0.0,3.0,0.0,0.0,2.0,18640.0,1.0,,,,,,,,,,,,,,,,,,,,,,,,,,,,,,,,,,,,,,
2026,DISTRICT_MANAGED_2026.xlsx,Traditional,NORWOOD PARK,Elementary,NORWOOD PARK,Network 1,20.0,,,,0.0,,0.0,1.0,1.0,1.0,1.0,1.0,,0.88,0.0,,0.13,41998.85,5.0,5.0,0.5,0.0,1.12,1.0,,,,,,2.0,0.87,,,,,26:1,461.0,12.0,3.0,0.0,0.0,0.0,0.0,,0.0,0.0,0.0,0.0,0.0,0.0,0.0,0.0,0.0,,0.0,,0.0,0.0,,0.0,0.0,0.0,0.0,0.0,0.0,0.0,0.0,314.0,295.0,305.0,-10.0,0.0,0.0,0.0,0.0,0.0,0.0,0.0,0.0,0.0,0.0,0.5,18640.0,0.0,,,,,,,,,,,,,,,,,,,,,,,,,,,,,,,,,,,,,,
2026,DISTRICT_MANAGED_2026.xlsx,Traditional,OGDEN ES & HS,ES + HS,NEAR NORTH SIDE,Network 15,21.0,,,,330.25,,0.0,1.0,3.0,3.0,4.0,0.0,,2.0,0.0,,5.0,463679.58,18.0,18.0,1.5,2.0,3.0,3.0,,,,,,8.0,9.0,,,,,26:1 | 21:1,845.71,55.0,11.0,3.0,0.0,1.0,0.0,,0.0,1.0,0.0,0.0,2.0,0.0,1.0,0.0,0.0,,4.0,,0.0,0.0,,0.0,0.0,0.0,1.0,0.0,160440.0,3.0,0.0,1321.0,1279.0,1371.0,-92.0,0.0,0.0,0.0,0.0,0.0,-2.0,0.0,0.0,0.0,0.0,2.0,18640.0,0.0,,,,,,,,,,,,,,,,,,,,,,,,,,,,,,,,,,,,,,
2026,DISTRICT_MANAGED_2026.xlsx,Traditional,OGLESBY,Elementary,AUBURN GRESHAM,Network 11,41.0,,,,445.0,,0.0,1.0,1.0,1.0,1.0,1.0,,0.0,0.0,,1.06,214264.0,3.0,5.0,0.0,0.0,1.0,1.0,,,,,,3.0,2.0,,,,,22:1,713.0,13.0,3.0,1.0,0.0,0.0,0.0,,0.0,0.0,0.0,0.0,0.0,0.0,0.0,0.0,0.0,,0.0,,0.0,0.0,,0.0,0.0,0.0,0.0,0.0,95440.0,0.0,0.0,290.0,272.0,262.0,10.0,0.0,0.0,0.0,0.0,0.0,0.0,0.0,0.0,0.0,0.0,0.0,18640.0,1.0,,,,,,,,,,,,,,,,,,,,,,,,,,,,,,,,,,,,,,
2026,DISTRICT_MANAGED_2026.xlsx,Traditional,OKEEFFE,Elementary,SOUTH SHORE,Network 12,32.0,,,,436.5,,0.0,1.0,1.0,1.0,1.0,1.0,,0.0,0.0,,0.0,231566.47,9.0,13.0,1.0,0.0,3.0,2.0,,,,,,5.0,2.0,,,,,24:1,605.0,22.0,5.0,2.0,0.0,0.0,0.0,,1.0,0.0,0.0,0.0,0.0,2.0,0.0,0.0,0.0,,0.0,,0.0,0.0,,0.0,0.0,0.0,0.0,0.0,143455.0,0.0,0.0,570.0,515.0,474.0,41.0,0.0,0.0,0.0,0.0,0.0,0.0,0.0,1.0,0.0,0.0,1.0,18640.0,0.0,,,,,,,,,,,,,,,,,,,,,,,,,,,,,,,,,,,,,,
2026,DISTRICT_MANAGED_2026.xlsx,Traditional,ONAHAN,Elementary,NORWOOD PARK,Network 1,18.0,,,,0.0,,0.0,1.0,1.0,1.0,2.0,0.0,,2.0,0.0,,0.0,78752.96,9.0,11.0,1.0,0.0,1.0,1.0,,,,,,1.0,1.0,,,,,26:1,437.0,25.0,5.0,0.0,0.0,0.0,0.0,,0.0,0.0,1.0,0.0,0.0,0.0,0.0,0.0,0.0,,0.0,,0.0,0.0,,0.0,0.0,0.0,0.0,0.0,0.0,0.0,0.0,652.0,632.0,627.0,5.0,0.0,0.0,0.0,0.0,0.0,0.0,0.0,0.0,0.0,0.0,1.0,18640.0,0.0,,,,,,,,,,,,,,,,,,,,,,,,,,,,,,,,,,,,,,
2026,DISTRICT_MANAGED_2026.xlsx,Traditional,ORIOLE PARK,Elementary,NORWOOD PARK,Network 1,15.0,,,,0.0,,0.0,1.0,1.0,1.0,1.0,1.0,,1.0,0.0,,0.0,48250.3,10.0,10.0,1.0,0.0,2.0,2.0,,,,,,2.0,2.0,,,,,26:1,401.0,23.0,5.0,0.0,0.0,2.0,0.0,,0.0,0.0,0.0,0.0,0.0,0.0,0.0,0.0,0.0,,0.0,,0.0,0.0,,0.0,0.0,0.0,0.0,0.0,0.0,0.0,0.0,615.0,576.0,547.0,29.0,0.0,0.0,0.0,0.0,0.0,0.0,0.0,2.0,0.0,0.0,1.0,18640.0,0.0,,,,,,,,,,,,,,,,,,,,,,,,,,,,,,,,,,,,,,
2026,DISTRICT_MANAGED_2026.xlsx,Traditional,OROZCO,Elementary,LOWER WEST SIDE,Network 7,37.0,,,,343.0,,0.0,1.0,1.0,1.0,1.0,1.0,,0.0,0.0,,1.0,61420.0,5.0,5.0,0.5,0.0,2.0,1.0,,,,,,4.0,1.0,,,,,24:1,665.0,11.0,3.0,1.0,1.0,0.0,0.0,,0.0,0.0,0.0,0.0,0.0,0.0,0.0,0.0,0.0,,0.0,,1.0,0.0,,0.0,0.0,0.0,0.0,0.0,0.0,0.0,0.0,281.0,247.0,233.0,14.0,0.0,0.0,0.0,0.0,0.0,0.0,0.0,1.0,0.0,0.0,1.0,18640.0,0.0,,,,,,,,,,,,,,,,,,,,,,,,,,,,,,,,,,,,,,
2026,DISTRICT_MANAGED_2026.xlsx,Traditional,ORR HS,High,HUMBOLDT PARK,Network 15,46.0,,,,385.5,,0.0,1.0,1.0,1.0,2.0,0.0,,1.0,0.0,,1.85,237875.04,7.0,3.0,0.5,0.0,0.0,0.0,,,,,,9.0,4.0,,,,,18:1,1707.0,17.0,0.0,1.0,0.0,0.0,0.0,,0.0,0.0,0.0,0.0,1.0,0.0,0.0,0.0,0.5,,0.0,,0.0,0.0,,0.0,0.0,0.0,0.0,160000.0,87971.0,0.0,0.0,302.0,302.0,260.0,42.0,0.0,60000.0,0.0,0.0,0.0,0.0,-1.0,0.0,0.0,0.0,1.0,18640.0,1.0,,,,,,,,,,,,,,,,,,,,,,,,,,,,,,,,,,,,,,
2026,DISTRICT_MANAGED_2026.xlsx,Traditional,ORTIZ DE DOMINGUEZ,Elementary,SOUTH LAWNDALE,Network 7,45.0,,,,398.25,,0.0,1.0,1.0,1.0,2.0,1.0,,1.0,0.0,,1.0,119822.5,6.0,18.0,1.0,0.0,7.0,4.0,,,,,,4.0,1.0,,,,,22:1,761.0,13.0,3.0,1.0,0.0,0.0,0.0,,0.0,0.0,0.0,0.0,0.0,0.0,0.0,0.0,0.0,,0.0,,0.0,0.0,,0.0,0.0,0.0,0.0,0.0,25000.0,0.0,0.0,407.0,279.0,276.0,3.0,0.0,0.0,0.0,0.0,0.0,0.0,0.0,0.0,0.0,0.0,1.0,18640.0,1.0,,,,,,,,,,,,,,,,,,,,,,,,,,,,,,,,,,,,,,
2026,DISTRICT_MANAGED_2026.xlsx,Traditional,OTIS,Elementary,WEST TOWN,Network 6,31.0,,,,423.75,,0.0,1.0,1.0,1.0,1.0,0.0,,0.0,0.0,,1.05,109452.98,12.0,26.0,1.0,0.0,4.0,2.0,,,,,,3.0,1.95,,,,,24:1,593.0,11.0,4.0,1.0,0.0,0.0,0.0,,0.0,0.0,0.0,0.0,0.0,0.0,0.0,0.0,0.0,,0.0,,0.0,1.0,,0.0,0.0,0.0,0.0,0.0,25000.0,0.0,0.0,364.0,254.0,272.0,-18.0,0.0,0.0,0.0,0.0,0.0,0.0,-1.0,1.0,0.0,0.0,1.0,18640.0,1.0,,,,,,,,,,,,,,,,,,,,,,,,,,,,,,,,,,,,,,
2026,DISTRICT_MANAGED_2026.xlsx,Traditional,OTOOLE,Elementary,WEST ENGLEWOOD,Network 11,40.0,,,,436.5,,0.0,1.0,1.0,1.0,1.0,1.0,,0.0,1.0,,0.0,109673.5,4.0,5.0,0.5,0.0,1.0,1.0,,,,,,3.0,2.0,,,,,22:1,701.0,13.0,3.0,1.0,0.0,0.0,0.0,,0.0,0.0,0.0,0.0,0.0,0.0,0.0,0.0,0.0,,0.0,,0.0,0.0,,0.0,0.0,0.0,0.0,0.0,34630.0,0.0,0.0,311.0,282.0,275.0,7.0,0.0,0.0,0.0,0.0,0.0,0.0,0.0,1.0,0.0,0.0,1.0,18640.0,1.0,,,,,,,,,,,,,,,,,,,,,,,,,,,,,,,,,,,,,,
2026,DISTRICT_MANAGED_2026.xlsx,Traditional,OWEN,Elementary,ASHBURN,Network 10,33.0,,,,283.5,,0.0,1.0,1.0,1.0,1.0,1.0,,0.0,0.0,,2.0,66614.59999999999,5.0,5.0,0.5,0.0,1.0,1.0,,,,,,2.0,2.0,,,,,24:1,617.0,11.0,3.0,1.0,0.0,0.0,0.0,,0.0,0.0,0.0,0.0,0.0,0.0,0.0,0.0,0.0,,0.0,,0.0,0.0,,0.0,0.0,0.0,0.0,0.0,0.0,0.0,0.0,283.0,263.0,256.0,7.0,0.0,0.0,0.0,0.0,0.0,0.0,-1.0,0.0,0.0,0.0,0.0,18640.0,0.0,,,,,,,,,,,,,,,,,,,,,,,,,,,,,,,,,,,,,,
2026,DISTRICT_MANAGED_2026.xlsx,Traditional,OWENS,Elementary,WEST PULLMAN,Network 13,41.0,,,,428.0,,0.0,1.0,1.0,2.0,1.0,1.0,,0.0,1.0,,0.0,180036.45,7.0,16.0,1.0,0.0,1.0,1.0,,,,,,5.0,3.0,,,,,22:1,713.0,13.0,4.0,1.0,0.0,0.0,0.0,,0.0,0.0,0.0,0.0,0.0,0.0,0.0,0.0,0.0,,0.0,,0.0,0.0,,0.0,0.0,0.0,0.0,0.0,42880.0,0.0,0.0,339.0,285.0,278.0,7.0,0.0,0.0,0.0,0.0,0.0,0.0,0.0,0.0,0.0,1.0,0.0,18640.0,1.0,,,,,,,,,,,,,,,,,,,,,,,,,,,,,,,,,,,,,,
2026,DISTRICT_MANAGED_2026.xlsx,Traditional,PALMER,Elementary,ALBANY PARK,ISP,17.0,,,,304.75,,0.0,1.0,1.0,1.0,2.0,0.0,,0.0,0.0,,1.0,222187.51,9.0,16.0,1.0,0.0,3.0,3.0,,,,,,5.0,3.0,,,,,26:1,425.0,26.0,6.0,2.0,0.0,0.0,0.0,,0.0,0.0,1.0,0.0,0.0,0.0,0.0,0.0,0.0,,0.0,,0.0,0.0,,0.0,0.0,0.0,0.0,0.0,0.0,0.0,0.0,746.0,668.0,682.0,-14.0,0.0,0.0,0.0,0.0,0.0,0.0,0.0,1.0,0.0,0.0,2.0,18640.0,0.0,,,,,,,,,,,,,,,,,,,,,,,,,,,,,,,,,,,,,,
2026,DISTRICT_MANAGED_2026.xlsx,Traditional,PARK MANOR,Elementary,GREATER GRAND CROSSING,Network 12,42.0,,,,406.75,,0.0,1.0,1.0,1.0,1.0,1.0,,0.0,0.0,,2.0,122930.35,6.0,12.0,0.5,0.0,1.0,1.0,,,,,,1.0,2.0,,,,,22:1,725.0,13.0,3.0,1.0,0.0,0.0,0.0,,0.0,0.0,0.0,0.0,0.0,0.0,0.0,0.0,0.0,,0.0,,0.0,0.0,,0.0,0.0,0.0,0.0,0.0,54431.0,0.0,0.0,313.0,284.0,233.0,51.0,0.0,0.0,0.0,0.0,0.0,0.0,0.0,0.0,0.0,0.0,1.0,18640.0,1.0,,,,,,,,,,,,,,,,,,,,,,,,,,,,,,,,,,,,,,
2026,DISTRICT_MANAGED_2026.xlsx,Traditional,PARKER,Elementary,ENGLEWOOD,Network 11,36.0,,,,453.5,,0.0,1.0,1.0,2.0,1.0,1.0,,1.0,0.0,,1.0,119303.85,9.0,16.0,0.5,0.0,5.0,3.0,,,,,,7.0,3.0,,,,,24:1,653.0,13.0,3.0,1.0,0.0,0.0,0.0,,0.0,0.0,0.0,0.0,0.0,0.0,0.0,2.0,0.0,,0.0,,0.0,0.0,,0.0,0.0,0.0,1.0,0.0,122940.0,0.0,0.0,362.0,308.0,301.0,7.0,0.0,0.0,0.0,0.0,0.0,0.0,0.0,0.0,0.0,0.0,0.0,18640.0,0.0,,,,,,,,,,,,,,,,,,,,,,,,,,,,,,,,,,,,,,
2026,DISTRICT_MANAGED_2026.xlsx,Traditional,PARKSIDE,Elementary,SOUTH SHORE,Network 12,37.0,,,,445.0,,0.0,1.0,1.0,1.0,1.0,1.0,,0.0,0.0,,0.08,241185.26,6.0,10.0,0.0,0.0,2.0,2.0,,,,,,3.0,0.95,,,,,24:1,665.0,11.0,3.0,1.0,0.0,0.0,0.0,,0.0,0.0,0.0,0.0,0.0,0.0,0.0,0.0,0.0,,0.0,,0.0,0.0,,0.0,0.0,0.0,0.0,0.0,101754.0,0.0,0.0,283.0,245.0,227.0,18.0,0.0,0.0,0.0,0.0,0.0,0.0,0.0,0.0,0.0,1.0,0.0,18640.0,0.0,,,,,,,,,,,,,,,,,,,,,,,,,,,,,,,,,,,,,,
2026,DISTRICT_MANAGED_2026.xlsx,Traditional,PASTEUR,Elementary,WEST ELSDON,Network 8,32.0,,,,389.75,,0.0,1.0,1.0,2.0,1.0,1.0,,0.0,0.0,,2.0,167857.57,7.0,15.0,1.0,0.0,5.0,4.0,,,,,,6.0,3.0,,,,,24:1,605.0,23.0,5.0,2.0,0.0,0.0,0.0,,1.0,0.0,0.0,0.0,0.0,0.0,0.0,0.0,0.0,,0.0,,0.0,0.0,,0.0,0.0,0.0,0.0,0.0,0.0,0.0,0.0,615.0,530.0,534.0,-4.0,0.0,0.0,0.0,0.0,0.0,0.0,0.0,3.0,0.0,0.0,1.0,18640.0,0.0,,,,,,,,,,,,,,,,,,,,,,,,,,,,,,,,,,,,,,
2026,DISTRICT_MANAGED_2026.xlsx,Traditional,PAYTON HS,High,NEAR NORTH SIDE,Network 15,12.0,,,,0.0,,1.0,1.0,1.0,1.0,3.0,0.0,,0.0,2.0,,3.55,64268.03,12.0,9.0,1.5,0.0,0.0,0.0,,,,,,2.0,5.0,,,,,21:1,1095.0,59.0,0.0,0.0,0.0,1.0,0.0,,0.0,1.0,2.0,2.0,2.0,0.0,1.0,0.0,0.0,,0.0,,0.0,0.0,,0.0,0.0,0.0,0.0,0.0,0.0,6.0,1.0,1257.0,1235.0,1238.0,-3.0,0.0,0.0,0.0,0.0,0.0,0.0,0.0,0.0,0.0,0.0,0.5,18640.0,0.0,,,,,,,,,,,,,,,,,,,,,,,,,,,,,,,,,,,,,,
2026,DISTRICT_MANAGED_2026.xlsx,Traditional,PECK,Elementary,WEST ELSDON,ISP,31.0,,,,377.0,,0.0,1.0,1.0,3.0,1.0,1.0,,0.0,0.0,,3.15,84620.69,5.0,12.0,1.0,0.0,13.0,8.0,,,,,,12.0,1.85,,,,,24:1,593.0,25.0,5.0,2.0,0.0,1.0,0.0,,0.0,0.0,0.0,1.0,0.0,0.0,0.0,2.0,0.0,,0.0,,0.0,0.0,,0.0,0.0,0.0,0.0,0.0,0.0,0.0,0.0,774.0,583.0,579.0,4.0,-2.0,0.0,0.0,0.0,-1.0,0.0,0.0,4.0,0.0,1.0,2.0,18640.0,0.0,,,,,,,,,,,,,,,,,,,,,,,,,,,,,,,,,,,,,,
2026,DISTRICT_MANAGED_2026.xlsx,Traditional,PEIRCE,Elementary,EDGEWATER,ISP,22.0,,,,0.0,,0.0,1.0,2.0,2.0,2.0,0.0,,0.0,0.0,,3.5,208606.8,14.0,22.0,1.5,0.0,10.0,7.0,,,,,,5.0,2.0,,,,,26:1,485.0,38.0,8.0,0.0,0.0,0.0,0.0,,0.0,0.0,1.0,0.0,0.0,0.0,0.0,0.0,0.0,,2.0,,0.0,0.0,,0.0,0.0,0.0,0.0,0.0,0.0,0.0,0.0,1119.0,978.0,958.0,20.0,0.0,0.0,0.0,0.0,0.0,0.0,0.0,0.0,0.0,0.0,1.0,18640.0,0.0,,,,,,,,,,,,,,,,,,,,,,,,,,,,,,,,,,,,,,
2026,DISTRICT_MANAGED_2026.xlsx,Traditional,PENN,Elementary,NORTH LAWNDALE,Network 7,44.0,,,,470.5,,0.0,1.0,1.0,1.0,1.0,1.0,,0.0,0.0,,2.0,105357.0,6.0,6.0,0.5,0.0,3.0,2.0,,,,,,5.0,2.0,,,,,22:1,749.0,10.0,3.0,1.0,0.0,0.0,0.0,,0.0,0.0,0.0,0.0,0.0,0.0,0.0,0.0,0.0,,0.0,,0.0,0.0,,0.0,0.0,0.0,0.0,0.0,0.0,0.0,0.0,217.0,169.0,172.0,-3.0,0.0,0.0,0.0,0.0,0.0,0.0,0.0,0.0,0.0,0.0,0.5,18640.0,0.0,,,,,,,,,,,,,,,,,,,,,,,,,,,,,,,,,,,,,,
2026,DISTRICT_MANAGED_2026.xlsx,Traditional,PEREZ,Elementary,LOWER WEST SIDE,Network 7,35.0,,,,372.75,,0.0,1.0,1.0,1.0,1.0,0.0,,1.0,0.0,,0.15,143582.4,6.0,5.0,0.5,0.0,2.0,1.0,,,,,,3.0,2.0,,,,,24:1,641.0,12.0,3.0,1.0,1.0,1.0,0.0,,0.0,0.0,0.0,0.0,0.0,0.0,0.0,0.0,0.0,,0.0,,0.0,0.0,,0.0,0.0,0.0,0.0,0.0,108355.0,0.0,0.0,292.0,273.0,281.0,-8.0,0.0,0.0,0.0,0.0,0.0,0.0,-1.0,0.0,0.0,0.0,1.0,18640.0,0.0,,,,,,,,,,,,,,,,,,,,,,,,,,,,,,,,,,,,,,
2026,DISTRICT_MANAGED_2026.xlsx,Traditional,PERSHING,Elementary,DOUGLAS,Network 9,35.0,,,,398.25,,0.0,1.0,1.0,1.0,1.0,1.0,,1.5,0.0,,0.32,131248.18,5.0,8.0,0.5,0.0,5.0,3.0,,,,,,4.0,2.0,,,,,24:1,641.0,16.0,4.0,1.0,0.0,0.0,2.0,,0.0,0.0,0.0,0.0,0.0,0.0,0.0,0.0,0.0,,0.0,,0.0,0.0,,0.0,0.0,0.0,0.0,0.0,25323.0,0.0,0.0,441.0,384.0,349.0,35.0,0.0,0.0,0.0,0.0,0.0,0.0,0.0,0.0,0.0,0.0,0.5,18640.0,0.0,,,,,,,,,,,,,,,,,,,,,,,,,,,,,,,,,,,,,,
2026,DISTRICT_MANAGED_2026.xlsx,Traditional,PETERSON,Elementary,NORTH PARK,Network 1,23.0,,,,313.25,,0.0,1.0,1.0,1.0,2.0,0.0,,0.0,0.0,,1.15,179981.34,11.0,19.0,1.0,0.0,3.0,2.0,,,,,,5.0,1.85,,,,,26:1,497.0,34.0,7.0,2.0,0.0,0.0,0.0,,0.0,0.0,1.0,0.0,1.0,1.0,1.0,0.0,0.0,,0.0,,0.0,0.0,,0.0,0.0,0.0,0.0,0.0,0.0,0.0,0.0,917.0,859.0,851.0,8.0,0.0,0.0,0.0,0.0,0.0,-1.0,0.0,0.0,0.0,1.0,2.0,18640.0,0.0,,,,,,,,,,,,,,,,,,,,,,,,,,,,,,,,,,,,,,
2026,DISTRICT_MANAGED_2026.xlsx,Traditional,PHILLIPS HS,High,DOUGLAS,Network 17,37.0,,,,419.5,,0.0,1.0,1.0,1.0,1.0,1.0,,0.0,0.0,,4.05,239897.0,7.0,5.0,1.0,0.0,0.0,0.0,,,,,,4.0,6.0,,,,,19:1,1545.0,22.0,0.0,1.0,0.0,0.0,0.0,,0.0,1.0,0.0,0.0,0.0,0.0,1.0,0.0,0.0,,0.0,,0.0,0.0,,0.0,0.0,0.0,0.0,0.0,91828.0,0.0,0.0,402.0,402.0,385.0,17.0,0.0,0.0,0.0,0.0,0.0,0.0,0.0,0.0,0.0,0.0,0.0,18640.0,1.0,,,,,,,,,,,,,,,,,,,,,,,,,,,,,,,,,,,,,,
2026,DISTRICT_MANAGED_2026.xlsx,Traditional,PHOENIX MILITARY HS,High,NEAR WEST SIDE,ISP,32.0,,,,381.25,,0.0,1.0,1.0,1.0,1.0,1.0,,1.5,0.0,,2.0,195267.61,3.0,1.0,0.5,0.0,0.0,0.0,,,,,,5.0,2.0,,,,,19:1,1455.0,20.0,0.0,1.0,0.0,0.0,0.0,,0.0,1.0,0.0,0.0,1.0,0.0,0.0,0.0,0.0,,0.0,,0.0,0.0,,0.0,0.0,7.0,0.0,0.0,0.0,0.0,0.0,367.0,367.0,401.0,-34.0,0.0,0.0,0.0,0.0,0.0,0.0,0.0,0.0,0.0,0.0,1.0,18640.0,0.0,,,,,,,,,,,,,,,,,,,,,,,,,,,,,,,,,,,,,,
2026,DISTRICT_MANAGED_2026.xlsx,Traditional,PICCOLO,Elementary,HUMBOLDT PARK,Network 5,37.0,,,,432.25,,0.0,1.0,1.0,1.0,1.0,1.0,,2.42,0.0,,1.3,192512.77,11.0,10.0,1.0,0.0,7.58,4.0,,,,,,6.0,1.7,,,,,24:1,665.0,24.0,5.0,2.0,0.0,0.0,0.0,,1.0,0.0,0.0,0.0,0.0,0.0,0.0,0.0,0.0,,0.0,,0.0,0.0,,0.0,0.0,0.0,0.0,0.0,91983.0,0.0,0.0,645.0,572.0,554.0,18.0,0.0,0.0,0.0,0.0,0.0,0.0,0.0,0.0,0.0,0.0,2.0,18640.0,1.0,,,,,,,,,,,,,,,,,,,,,,,,,,,,,,,,,,,,,,
2026,DISTRICT_MANAGED_2026.xlsx,Traditional,PICKARD,Elementary,LOWER WEST SIDE,Network 7,37.0,,,,394.0,,0.0,1.0,1.0,1.0,1.0,1.0,,1.0,0.0,,1.46,71612.5,5.0,9.0,0.5,0.0,4.0,2.0,,,,,,4.0,3.0,,,,,24:1,665.0,13.0,3.0,1.0,0.0,0.0,0.0,,0.0,0.0,0.0,0.0,0.0,0.0,0.0,0.54,0.0,,1.0,,0.0,0.0,,0.0,0.0,0.0,0.0,0.0,0.0,0.0,0.0,322.0,303.0,292.0,11.0,0.0,0.0,0.0,0.0,0.0,0.0,0.0,0.0,0.0,0.0,1.0,18640.0,0.0,,,,,,,,,,,,,,,,,,,,,,,,,,,,,,,,,,,,,,
2026,DISTRICT_MANAGED_2026.xlsx,Traditional,PILSEN,Elementary,LOWER WEST SIDE,Network 7,41.0,,,,432.25,,0.0,1.0,1.0,1.0,1.0,1.0,,0.0,0.0,,2.0,83373.55333333333,6.0,10.0,0.5,0.0,1.0,1.0,,,,,,3.0,2.0,,,,,22:1,713.0,10.0,3.0,0.0,0.0,0.0,0.0,,0.0,0.0,0.0,0.0,0.0,0.0,0.0,0.0,0.0,,0.0,,0.0,0.0,,0.0,0.0,0.0,0.0,0.0,0.0,0.0,0.0,224.0,213.0,234.0,-21.0,0.0,0.0,0.0,0.0,0.0,0.0,0.0,0.0,0.0,0.0,1.0,18640.0,0.0,,,,,,,,,,,,,,,,,,,,,,,,,,,,,,,,,,,,,,
2026,DISTRICT_MANAGED_2026.xlsx,Traditional,PIRIE,Elementary,CHATHAM,Network 12,39.0,,,,445.0,,0.0,1.0,1.0,1.0,1.0,1.0,,0.0,0.0,,1.0,181988.35,5.0,5.0,0.5,0.0,1.0,1.0,,,,,,3.0,1.0,,,,,22:1,689.0,9.0,3.0,1.0,0.0,0.0,0.0,,0.0,0.0,0.0,0.0,0.0,0.0,0.0,0.0,0.0,,0.0,,0.0,0.0,,0.0,0.0,0.0,0.0,0.0,0.0,0.0,0.0,213.0,197.0,172.0,25.0,0.0,0.0,0.0,0.0,0.0,0.0,0.0,0.0,0.0,0.0,0.0,18640.0,0.0,,,,,,,,,,,,,,,,,,,,,,,,,,,,,,,,,,,,,,
2026,DISTRICT_MANAGED_2026.xlsx,Traditional,PLAMONDON,Elementary,NORTH LAWNDALE,ISP,38.0,,,,364.25,,0.0,1.0,0.0,1.0,1.0,1.0,,1.0,0.0,,3.0,140890.56,5.0,6.0,0.0,0.0,0.0,0.0,,,,,,1.0,1.0,,,,,22:1,677.0,10.0,3.0,0.0,0.0,0.0,0.0,,0.0,0.0,0.0,0.0,0.0,0.0,0.0,0.0,0.0,,0.0,,0.0,0.0,,0.0,0.0,0.0,0.0,0.0,0.0,0.0,0.0,91.0,91.0,84.0,7.0,-1.0,0.0,0.0,-1.0,0.0,0.0,0.0,0.0,0.0,1.0,0.5,18640.0,0.0,,,,,,,,,,,,,,,,,,,,,,,,,,,,,,,,,,,,,,
2026,DISTRICT_MANAGED_2026.xlsx,Traditional,POE,Elementary,PULLMAN,Network 13,23.0,,,,0.0,,1.0,1.0,1.0,1.0,1.0,1.0,,0.0,0.0,,0.0,139999.6,2.0,4.0,0.0,0.0,0.0,0.0,,,,,,2.0,1.0,,,,,26:1,497.0,10.0,3.0,0.0,0.0,0.0,0.0,,0.0,0.0,0.0,0.0,0.0,0.0,0.0,0.0,0.0,,0.0,,0.0,0.0,,0.0,0.0,0.0,0.0,0.0,0.0,0.0,0.0,224.0,224.0,229.0,-5.0,0.0,0.0,0.0,0.0,0.0,0.0,0.0,0.0,0.0,0.0,0.0,18640.0,0.0,,,,,,,,,,,,,,,,,,,,,,,,,,,,,,,,,,,,,,
2026,DISTRICT_MANAGED_2026.xlsx,Traditional,PORTAGE PARK,Elementary,PORTAGE PARK,Network 1,26.0,,,,326.0,,0.0,1.0,1.0,1.0,2.0,0.0,,0.0,0.0,,2.62,193343.77,14.0,40.0,1.5,0.0,4.0,2.0,,,,,,7.0,1.88,,,,,26:1,533.0,33.0,8.0,2.0,0.0,0.0,0.0,,0.0,0.0,1.0,0.0,1.0,1.0,1.0,0.0,0.0,,0.0,,0.0,0.0,,0.0,0.0,0.0,0.0,0.0,0.0,0.0,0.0,929.0,844.0,824.0,20.0,-1.0,0.0,0.0,0.0,0.0,0.0,0.0,0.0,0.0,0.0,1.0,18640.0,0.0,,,,,,,,,,,,,,,,,,,,,,,,,,,,,,,,,,,,,,
2026,DISTRICT_MANAGED_2026.xlsx,Traditional,POWELL,Elementary,SOUTH SHORE,Network 12,31.0,,,,436.5,,0.0,1.0,1.0,1.0,1.0,1.0,,0.0,0.0,,0.66,307234.7,9.0,13.0,0.5,0.0,2.0,2.0,,,,,,3.0,2.0,,,,,24:1,593.0,22.0,5.0,2.0,0.0,0.0,0.0,,1.0,0.0,0.0,0.0,0.0,0.0,1.0,0.0,0.0,,0.0,,0.0,0.0,,0.0,0.0,0.0,0.0,0.0,46440.0,0.0,0.0,544.0,519.0,509.0,10.0,0.0,0.0,0.0,0.0,0.0,0.0,0.0,0.0,0.0,0.0,1.0,18640.0,1.0,,,,,,,,,,,,,,,,,,,,,,,,,,,,,,,,,,,,,,
2026,DISTRICT_MANAGED_2026.xlsx,Traditional,PRESCOTT,Elementary,LINCOLN PARK,Network 4,22.0,,,,0.0,,0.0,1.0,1.0,1.0,1.0,1.0,,1.0,0.0,,1.0,41788.6,9.0,11.0,1.0,0.0,0.0,0.0,,,,,,2.0,1.0,,,,,26:1,485.0,18.0,4.0,0.0,0.0,0.0,0.0,,0.0,0.0,0.0,0.0,0.0,0.0,0.0,0.0,0.0,,0.0,,0.0,0.0,,0.0,0.0,0.0,0.0,0.0,0.0,0.0,0.0,465.0,465.0,415.0,50.0,0.0,0.0,0.0,0.0,0.0,0.0,0.0,0.0,0.0,0.0,0.5,18640.0,0.0,,,,,,,,,,,,,,,,,,,,,,,,,,,,,,,,,,,,,,
2026,DISTRICT_MANAGED_2026.xlsx,Traditional,PRIETO,Elementary,BELMONT CRAGIN,Network 3,35.0,,,,402.5,,0.0,1.0,1.0,1.0,2.0,0.0,,2.79,0.0,,0.15,172394.34,11.0,13.0,1.0,0.0,3.21,2.0,,,,,,5.0,1.85,,,,,24:1,641.0,29.0,7.0,2.0,0.0,0.0,0.0,,1.0,0.0,1.0,0.0,1.0,0.0,0.0,0.0,0.0,,0.0,,0.0,0.0,,0.0,0.0,0.0,0.0,0.0,0.0,0.0,0.0,731.0,678.0,713.0,-35.0,0.0,0.0,0.0,0.0,0.0,0.0,0.0,0.0,0.0,0.0,2.0,18640.0,0.0,,,,,,,,,,,,,,,,,,,,,,,,,,,,,,,,,,,,,,
2026,DISTRICT_MANAGED_2026.xlsx,Traditional,PRITZKER,Elementary,WEST TOWN,Network 6,20.0,,,,0.0,,0.0,1.0,1.0,1.0,2.0,0.0,,3.0,0.0,,0.0,9476.46,6.0,10.0,1.0,0.0,1.0,1.0,,,,,,4.0,1.0,,,,,26:1,461.0,26.0,6.0,0.0,0.0,0.0,0.0,,0.0,0.0,1.0,0.0,0.0,0.0,0.0,0.0,0.0,,0.0,,1.0,0.0,,0.0,0.0,0.0,0.0,0.0,0.0,0.0,0.0,677.0,657.0,633.0,24.0,0.0,0.0,0.0,0.0,0.0,0.0,0.0,0.0,0.0,0.0,0.5,18640.0,0.0,,,,,,,,,,,,,,,,,,,,,,,,,,,,,,,,,,,,,,
2026,DISTRICT_MANAGED_2026.xlsx,Traditional,PROSSER HS,High,BELMONT CRAGIN,Network 15,31.0,,,,381.25,,0.0,1.0,1.0,1.0,3.0,0.0,,4.0,2.0,,9.0,325131.09,17.0,10.0,1.5,5.0,0.0,0.0,,,,,,5.0,3.0,,,,,19:1,1437.0,60.0,0.0,2.0,0.0,0.0,0.0,,1.0,1.0,2.0,1.0,0.0,0.0,1.0,0.0,0.5,,2.0,,0.0,0.0,,0.0,0.0,3.0,0.0,150000.0,0.0,0.0,0.0,1165.0,1137.0,1144.0,-7.0,0.0,0.0,0.0,0.0,0.0,0.0,0.0,0.0,1.0,0.0,2.0,18640.0,0.0,,,,,,,,,,,,,,,,,,,,,,,,,,,,,,,,,,,,,,
2026,DISTRICT_MANAGED_2026.xlsx,Traditional,PRUSSING,Elementary,PORTAGE PARK,Network 1,20.0,,,,317.5,,0.0,1.0,1.0,1.0,2.0,0.0,,2.0,0.0,,2.0,133938.84,10.0,9.0,1.0,0.0,0.0,0.0,,,,,,5.0,1.0,,,,,26:1,461.0,25.0,5.0,2.0,0.0,0.0,0.0,,0.0,0.0,0.0,0.0,0.0,0.0,0.0,0.0,0.0,,0.0,,0.0,0.0,,0.0,0.0,0.0,0.0,0.0,0.0,0.0,0.0,647.0,647.0,661.0,-14.0,0.0,0.0,0.0,0.0,0.0,-1.0,0.0,0.0,0.0,0.0,1.0,18640.0,0.0,,,,,,,,,,,,,,,,,,,,,,,,,,,,,,,,,,,,,,
2026,DISTRICT_MANAGED_2026.xlsx,Traditional,PULASKI,Elementary,LOGAN SQUARE,Network 6,21.0,,,,0.0,,0.0,1.0,1.0,1.0,2.0,0.0,,1.0,0.0,,1.0,180893.55,13.0,12.0,1.0,0.0,2.0,2.0,,,,,,4.0,2.0,,,,,26:1,473.0,33.0,7.0,0.0,2.0,0.0,0.0,,0.0,0.0,1.0,0.0,0.0,0.0,0.0,0.0,0.0,,2.0,,1.0,0.0,,0.0,0.0,0.0,0.0,0.0,0.0,0.0,0.0,888.0,850.0,800.0,50.0,0.0,0.0,0.0,0.0,0.0,0.0,0.0,0.0,0.0,0.0,1.0,18640.0,0.0,,,,,,,,,,,,,,,,,,,,,,,,,,,,,,,,,,,,,,
2026,DISTRICT_MANAGED_2026.xlsx,Traditional,PULLMAN,Elementary,PULLMAN,Network 13,34.0,,,,440.75,,0.0,1.0,1.0,1.0,1.0,1.0,,1.5,0.0,,0.33,100715.95,5.0,10.0,0.5,0.0,1.0,1.0,,,,,,2.0,1.0,,,,,24:1,629.0,12.0,3.0,1.0,0.0,0.0,0.0,,0.0,0.0,0.0,0.0,0.0,0.0,0.0,0.0,0.0,,0.0,,0.0,1.0,,0.0,0.0,0.0,0.0,0.0,130440.0,0.0,0.0,302.0,286.0,305.0,-19.0,0.0,0.0,1.0,0.0,0.0,0.0,0.0,0.0,0.0,0.0,1.0,18640.0,0.0,,,,,,,,,,,,,,,,,,,,,,,,,,,,,,,,,,,,,,
2026,DISTRICT_MANAGED_2026.xlsx,Traditional,RABY HS,High,EAST GARFIELD PARK,Network 15,42.0,,,,432.25,,0.0,1.0,1.0,1.0,1.0,0.0,,0.0,0.0,,2.5,133953.559,8.0,11.0,0.5,0.0,0.0,0.0,,,,,,3.0,3.0,,,,,18:1,1635.0,10.0,0.0,1.0,0.0,0.0,0.0,,0.0,0.0,0.0,0.0,0.0,0.0,1.0,0.0,0.25,,0.0,,0.0,0.0,,0.0,0.0,0.0,0.0,160000.0,0.0,0.0,0.0,110.0,75.0,107.0,-32.0,0.0,60000.0,0.0,0.0,0.0,0.0,-1.0,0.0,0.0,0.0,0.0,18640.0,0.0,,,,,,,,,,,,,,,,,,,,,,,,,,,,,,,,,,,,,,
2026,DISTRICT_MANAGED_2026.xlsx,Traditional,RANDOLPH,Elementary,WEST ENGLEWOOD,Network 11,38.0,,,,445.0,,0.0,1.0,1.0,1.0,1.0,1.0,,1.0,0.0,,1.15,115431.7,6.0,13.0,0.5,0.0,3.0,2.0,,,,,,3.0,1.0,,,,,22:1,677.0,15.0,4.0,1.0,0.0,0.0,0.0,,0.0,0.0,0.0,0.0,0.0,0.0,0.0,0.0,0.0,,0.0,,0.0,0.0,,0.0,0.0,0.0,0.0,0.0,53543.0,0.0,0.0,368.0,321.0,260.0,61.0,0.0,0.0,0.0,0.0,0.0,0.0,0.0,0.0,0.0,0.0,1.0,18640.0,1.0,,,,,,,,,,,,,,,,,,,,,,,,,,,,,,,,,,,,,,
2026,DISTRICT_MANAGED_2026.xlsx,Traditional,RAVENSWOOD,Elementary,LAKE VIEW,Network 2,22.0,,,,0.0,,0.0,1.0,1.0,1.0,1.0,1.0,,1.0,0.0,,0.0,117632.28,10.0,12.0,1.0,0.0,2.0,2.0,,,,,,2.0,2.0,,,,,26:1,485.0,19.0,4.0,0.0,0.0,0.0,0.0,,0.0,0.0,0.0,0.0,0.0,0.0,0.0,0.0,0.0,,0.0,,0.0,0.0,,0.0,0.0,0.0,0.0,0.0,0.0,0.0,0.0,523.0,483.0,476.0,7.0,0.0,0.0,0.0,0.0,0.0,0.0,0.0,0.0,0.0,0.0,1.0,18640.0,0.0,,,,,,,,,,,,,,,,,,,,,,,,,,,,,,,,,,,,,,
2026,DISTRICT_MANAGED_2026.xlsx,Traditional,RAY,Elementary,HYDE PARK,Network 9,26.0,,,,304.75,,0.0,1.0,1.0,1.0,1.0,1.0,,0.0,0.0,,2.59,200744.0,8.0,13.0,1.0,2.0,3.0,3.0,,,,,,3.0,2.0,,,,,26:1,533.0,22.0,6.0,2.0,0.0,0.0,0.0,,0.0,0.0,0.0,0.0,0.0,0.0,0.0,0.0,0.0,,0.0,,0.0,0.0,,0.0,0.0,0.0,0.0,0.0,91983.0,0.0,0.0,627.0,549.0,531.0,18.0,0.0,0.0,0.0,0.0,0.0,0.0,0.0,0.0,0.0,0.0,1.0,18640.0,1.0,,,,,,,,,,,,,,,,,,,,,,,,,,,,,,,,,,,,,,
2026,DISTRICT_MANAGED_2026.xlsx,Traditional,REAVIS,Elementary,KENWOOD,Network 9,34.0,,,,457.75,,0.0,1.0,1.0,1.0,1.0,1.0,,0.0,0.0,,0.22,180830.75,9.0,12.0,1.0,0.0,5.0,3.0,,,,,,3.0,1.0,,,,,24:1,629.0,12.0,3.0,1.0,0.0,0.0,0.0,,0.0,0.0,0.0,0.0,0.0,0.0,0.0,0.0,0.0,,0.0,,0.0,0.0,,0.0,0.0,0.0,0.0,0.0,63306.0,0.0,0.0,357.0,272.0,206.0,66.0,0.0,0.0,0.0,0.0,0.0,0.0,0.0,1.0,0.0,0.0,0.5,18640.0,1.0,,,,,,,,,,,,,,,,,,,,,,,,,,,,,,,,,,,,,,
2026,DISTRICT_MANAGED_2026.xlsx,Traditional,REILLY,Elementary,AVONDALE,Network 4,33.0,,,,402.5,,0.0,1.0,1.0,2.0,1.0,1.0,,1.0,0.0,,0.0,321697.36,9.0,11.0,1.0,0.0,3.0,2.0,,,,,,6.0,3.0,,,,,24:1,617.0,21.0,5.0,2.0,0.0,0.0,0.0,,0.0,0.0,0.0,0.0,0.0,0.0,0.0,0.0,0.0,,0.0,,0.0,0.0,,0.0,0.0,0.0,0.0,0.0,0.0,0.0,0.0,537.0,492.0,502.0,-10.0,0.0,0.0,0.0,0.0,0.0,0.0,0.0,0.0,0.0,0.0,1.0,18640.0,0.0,,,,,,,,,,,,,,,,,,,,,,,,,,,,,,,,,,,,,,
2026,DISTRICT_MANAGED_2026.xlsx,Traditional,REINBERG,Elementary,PORTAGE PARK,Network 1,30.0,,,,355.75,,0.0,1.0,1.0,1.0,2.0,0.0,,0.5,0.0,,0.0,191027.578,16.0,27.0,1.5,0.0,11.0,6.0,,,,,,4.0,2.0,,,,,24:1,581.0,25.0,6.0,2.0,0.0,0.0,0.0,,1.0,0.0,1.0,0.0,1.0,0.0,1.0,0.0,0.0,,0.0,,0.0,0.0,,0.0,0.0,0.0,0.0,0.0,0.0,0.0,0.0,763.0,578.0,575.0,3.0,0.0,0.0,0.0,0.0,0.0,0.0,0.0,0.0,0.0,0.0,2.0,18640.0,0.0,,,,,,,,,,,,,,,,,,,,,,,,,,,,,,,,,,,,,,
2026,DISTRICT_MANAGED_2026.xlsx,Traditional,REVERE,Elementary,GREATER GRAND CROSSING,Network 12,43.0,,,,491.75,,0.0,1.0,1.0,1.0,1.0,1.0,,0.0,0.0,,1.31,171367.5,4.0,6.0,0.5,0.0,1.0,1.0,,,,,,5.0,1.0,,,,,22:1,737.0,10.0,3.0,0.0,0.0,0.0,0.0,,0.0,0.0,0.0,0.0,0.0,0.0,0.0,0.0,0.0,,0.0,,0.0,0.0,,0.0,0.0,0.0,0.0,0.0,56293.0,0.0,0.0,186.0,170.0,183.0,-13.0,0.0,0.0,0.0,0.0,0.0,0.0,0.0,0.0,0.0,0.0,0.0,18640.0,1.0,,,,,,,,,,,,,,,,,,,,,,,,,,,,,,,,,,,,,,
2026,DISTRICT_MANAGED_2026.xlsx,Traditional,RICHARDS HS,High,NEW CITY,Network 16,44.0,,,,389.75,,3.0,1.0,1.0,1.0,2.0,1.0,,1.0,0.0,,1.1,343796.58,6.0,7.0,0.5,0.0,0.0,0.0,,,,,,1.0,4.0,,,,,18:1,1671.0,17.0,0.0,1.0,0.0,0.0,0.0,,0.0,0.0,0.0,0.0,0.0,0.0,0.0,0.0,0.5,,0.0,,0.0,0.0,,0.0,0.0,0.0,1.0,160000.0,149133.0,0.0,0.0,305.0,305.0,298.0,7.0,0.0,60000.0,0.0,0.0,0.0,0.0,0.0,1.0,0.0,0.0,1.0,18640.0,0.0,,,,,,,,,,,,,,,,,,,,,,,,,,,,,,,,,,,,,,
2026,DISTRICT_MANAGED_2026.xlsx,Traditional,RICHARDSON,Elementary,WEST LAWN,Network 10,25.0,,,,355.75,,0.0,1.0,1.0,1.0,2.0,0.0,,0.0,0.0,,1.1,168919.89,7.0,9.0,1.0,0.0,0.0,0.0,,,,,,7.0,3.0,,,,,26:1,521.0,33.0,7.0,2.0,0.0,0.0,0.0,,0.0,0.0,1.0,1.0,0.0,0.0,0.0,0.0,0.0,,0.0,,0.0,0.0,,0.0,0.0,0.0,0.0,0.0,78940.0,0.0,0.0,838.0,838.0,851.0,-13.0,0.0,0.0,0.0,0.0,0.0,0.0,0.0,3.0,0.0,0.0,2.0,18640.0,1.0,,,,,,,,,,,,,,,,,,,,,,,,,,,,,,,,,,,,,,
2026,DISTRICT_MANAGED_2026.xlsx,Traditional,RICKOVER MILITARY HS,High,PORTAGE PARK,ISP,25.0,,,,309.0,,1.0,1.0,1.0,1.0,2.0,1.0,,0.0,0.0,,1.0,382974.87,6.0,4.0,1.0,0.0,0.0,0.0,,,,,,3.0,3.0,,,,,21:1,1329.0,25.0,0.0,1.0,0.0,0.0,0.0,,0.0,1.0,0.0,1.0,1.0,0.0,0.0,0.0,0.0,,0.0,,0.0,0.0,,0.0,0.0,8.0,0.0,0.0,0.0,0.0,0.0,525.0,525.0,506.0,19.0,0.0,0.0,0.0,0.0,0.0,0.0,0.0,0.0,0.0,0.0,1.0,18640.0,0.0,,,,,,,,,,,,,,,,,,,,,,,,,,,,,,,,,,,,,,
2026,DISTRICT_MANAGED_2026.xlsx,Traditional,ROBINSON,Elementary,OAKLAND,Network 9,35.0,,,,428.0,,0.0,1.0,1.0,1.0,1.0,1.0,,0.0,0.0,,0.0,112881.5,3.0,2.0,0.0,0.0,3.0,2.0,,,,,,2.0,1.0,,,,,24:1,641.0,4.0,3.0,0.0,0.0,0.0,0.0,,0.0,0.0,0.0,0.0,0.0,0.0,0.0,0.0,0.0,,0.0,,0.0,0.0,,0.0,0.0,0.0,0.0,0.0,97630.0,0.0,0.0,114.0,94.0,91.0,3.0,0.0,0.0,0.0,0.0,0.0,0.0,0.0,1.0,0.0,0.0,0.0,18640.0,1.0,,,,,,,,,,,,,,,,,,,,,,,,,,,,,,,,,,,,,,
2026,DISTRICT_MANAGED_2026.xlsx,Traditional,ROGERS,Elementary,WEST RIDGE,Network 2,26.0,,,,317.5,,0.0,1.0,1.0,1.0,2.0,0.0,,0.0,0.0,,1.0,115142.5,15.0,26.0,1.5,0.0,6.0,4.0,,,,,,6.0,1.0,,,,,26:1,533.0,27.0,6.0,2.0,0.0,0.0,0.0,,0.0,0.0,1.0,0.0,1.0,1.0,1.0,0.0,0.0,,0.0,,0.0,0.0,,0.0,0.0,0.0,0.0,0.0,0.0,0.0,0.0,785.0,697.0,649.0,48.0,0.0,0.0,0.0,0.0,0.0,0.0,0.0,0.0,0.0,0.0,1.0,18640.0,0.0,,,,,,,,,,,,,,,,,,,,,,,,,,,,,,,,,,,,,,
2026,DISTRICT_MANAGED_2026.xlsx,Traditional,ROOSEVELT HS,High,ALBANY PARK,Network 14,30.0,,,,368.5,,0.0,1.0,1.0,1.0,3.0,0.0,,7.0,0.0,,3.15,210872.78,13.0,13.0,1.5,0.0,0.0,0.0,,,,,,5.0,4.85,,,,,19:1,1419.0,55.0,0.0,2.0,0.0,0.0,0.0,,1.0,1.0,1.0,1.0,3.0,0.0,1.0,0.0,0.5,,0.0,,0.0,0.0,,0.0,0.0,3.0,1.0,0.0,163322.0,0.0,0.0,1055.0,1030.0,1093.0,-63.0,0.0,0.0,0.0,0.0,0.0,-1.0,0.0,0.0,1.0,0.0,3.0,18640.0,0.0,,,,,,,,,,,,,,,,,,,,,,,,,,,,,,,,,,,,,,
2026,DISTRICT_MANAGED_2026.xlsx,Traditional,RUGGLES,Elementary,GREATER GRAND CROSSING,Network 12,34.0,,,,398.25,,1.0,1.0,1.0,1.0,1.0,1.0,,1.0,0.0,,0.85,54884.69999999999,3.0,7.0,0.0,0.0,2.0,2.0,,,,,,4.0,0.85,,,,,24:1,629.0,11.0,3.0,1.0,0.0,0.0,0.0,,0.0,0.0,0.0,0.0,0.0,0.0,0.0,0.0,0.0,,0.0,,0.0,0.0,,0.0,0.0,0.0,0.0,0.0,39920.0,0.0,0.0,289.0,264.0,301.0,-37.0,0.0,0.0,0.0,0.0,0.0,0.0,0.0,0.0,0.0,1.0,0.0,18640.0,1.0,,,,,,,,,,,,,,,,,,,,,,,,,,,,,,,,,,,,,,
2026,DISTRICT_MANAGED_2026.xlsx,Traditional,RUIZ,Elementary,LOWER WEST SIDE,Network 7,35.0,,,,372.75,,0.0,1.0,1.0,1.0,1.0,1.0,,1.0,0.0,,0.15,210035.03,12.0,20.0,1.5,0.0,4.0,2.0,,,,,,4.0,1.85,,,,,24:1,641.0,17.0,4.0,1.0,0.0,0.0,0.0,,0.0,0.0,0.0,0.0,0.0,0.0,0.0,0.0,0.0,,0.0,,0.0,0.0,,0.0,0.0,0.0,0.0,0.0,0.0,0.0,0.0,468.0,396.0,410.0,-14.0,0.0,0.0,0.0,0.0,0.0,0.0,0.0,1.0,0.0,0.0,1.0,18640.0,0.0,,,,,,,,,,,,,,,,,,,,,,,,,,,,,,,,,,,,,,
2026,DISTRICT_MANAGED_2026.xlsx,Traditional,RYDER,Elementary,AUBURN GRESHAM,Network 11,37.0,,,,423.75,,0.0,1.0,1.0,1.0,1.0,1.0,,1.0,0.0,,0.0,195783.7,12.0,36.0,1.0,0.0,3.0,2.0,,,,,,4.0,2.0,,,,,24:1,665.0,11.0,3.0,1.0,0.0,0.0,0.0,,0.0,0.0,0.0,0.0,0.0,0.0,0.0,0.0,0.0,,0.0,,0.0,0.0,,0.0,0.0,0.0,1.0,0.0,119652.0,0.0,0.0,354.0,258.0,261.0,-3.0,0.0,0.0,0.0,0.0,0.0,0.0,0.0,0.0,0.0,0.0,0.0,18640.0,0.0,,,,,,,,,,,,,,,,,,,,,,,,,,,,,,,,,,,,,,
2026,DISTRICT_MANAGED_2026.xlsx,Traditional,SABIN,Elementary,WEST TOWN,Network 6,35.0,,,,385.5,,0.0,1.0,1.0,1.0,1.0,1.0,,0.5,0.0,,1.0,158082.0,3.0,7.0,0.5,0.0,3.0,2.0,,,,,,3.0,1.0,,,,,24:1,641.0,14.0,3.0,1.0,3.0,0.0,0.0,,0.0,0.0,0.0,0.0,0.0,0.0,0.0,0.0,0.0,,0.0,,0.0,0.0,,0.0,0.0,0.0,0.0,0.0,122539.0,0.0,0.0,366.0,332.0,317.0,15.0,0.0,0.0,0.0,0.0,0.0,0.0,0.0,0.0,0.0,0.0,2.0,18640.0,0.0,,,,,,,,,,,,,,,,,,,,,,,,,,,,,,,,,,,,,,
2026,DISTRICT_MANAGED_2026.xlsx,Traditional,SADLOWSKI,Elementary,EAST SIDE,Network 13,30.0,,,,372.75,,0.0,1.0,1.0,1.0,1.0,1.0,,0.0,0.0,,1.08,253823.73,16.0,33.0,1.5,0.0,4.0,2.0,,,,,,3.0,2.0,,,,,24:1,581.0,23.0,6.0,2.0,0.0,0.0,0.0,,1.0,0.0,0.0,0.0,0.0,0.0,1.0,0.0,0.0,,0.0,,0.0,0.0,,0.0,0.0,0.0,0.0,0.0,123639.0,0.0,0.0,656.0,549.0,547.0,2.0,0.0,0.0,0.0,0.0,0.0,0.0,0.0,0.0,0.0,0.0,2.0,18640.0,0.0,,,,,,,,,,,,,,,,,,,,,,,,,,,,,,,,,,,,,,
2026,DISTRICT_MANAGED_2026.xlsx,Traditional,SALAZAR,Elementary,NEAR NORTH SIDE,ISP,35.0,,,,385.5,,0.0,1.0,1.0,1.0,1.0,1.0,,1.0,0.0,,1.0,32860.48,3.0,6.0,0.0,0.0,1.0,1.0,,,,,,2.0,1.0,,,,,24:1,641.0,14.0,3.0,1.0,0.0,0.0,0.0,,0.0,0.0,0.0,0.0,0.0,0.0,0.0,0.0,0.0,,0.0,,0.0,0.0,,0.0,0.0,0.0,2.0,0.0,0.0,0.0,0.0,349.0,329.0,352.0,-23.0,0.0,0.0,0.0,0.0,0.0,0.0,0.0,1.0,0.0,0.0,2.0,18640.0,0.0,,,,,,,,,,,,,,,,,,,,,,,,,,,,,,,,,,,,,,
2026,DISTRICT_MANAGED_2026.xlsx,Traditional,SANDOVAL,Elementary,GAGE PARK,Network 8,37.0,,,,398.25,,0.0,1.0,1.0,1.0,2.0,0.0,,0.0,0.0,,1.0,349885.5,7.0,8.0,1.0,0.0,3.0,3.54,,,,,,7.0,1.0,,,,,24:1,665.0,29.0,6.0,2.0,0.0,0.0,0.0,,1.0,0.0,1.0,0.0,1.0,0.0,0.0,0.0,0.0,,0.0,,0.0,0.0,,0.0,0.0,0.0,0.0,0.0,52527.0,0.0,0.0,732.0,685.0,677.0,8.0,0.0,0.0,0.0,0.0,0.0,0.0,0.0,1.46,0.0,0.0,2.0,18640.0,1.0,,,,,,,,,,,,,,,,,,,,,,,,,,,,,,,,,,,,,,
2026,DISTRICT_MANAGED_2026.xlsx,Traditional,SAUCEDO,Elementary,SOUTH LAWNDALE,Network 7,41.0,,,,406.75,,0.0,1.0,1.0,1.0,2.0,0.0,,0.0,0.0,,4.67,56234.55,13.0,27.0,2.0,0.0,6.0,4.0,,,,,,11.0,1.83,,,,,22:1,713.0,37.0,8.0,2.0,0.0,0.0,3.0,,1.0,0.0,1.0,1.0,2.0,0.0,0.0,0.0,0.0,,0.0,,0.0,0.0,,0.0,0.0,0.0,1.0,0.0,46383.0,0.0,0.0,933.0,804.0,839.0,-35.0,0.0,0.0,0.0,0.0,0.0,0.0,0.0,1.0,0.0,0.0,2.0,18640.0,1.0,,,,,,,,,,,,,,,,,,,,,,,,,,,,,,,,,,,,,,
2026,DISTRICT_MANAGED_2026.xlsx,Traditional,SAUGANASH,Elementary,FOREST GLEN,Network 1,16.0,,,,0.0,,0.0,1.0,1.0,1.0,2.0,0.0,,2.0,0.0,,1.0,24589.71,4.0,7.0,1.0,0.0,2.0,2.0,,,,,,3.0,2.0,,,,,26:1,413.0,26.0,6.0,0.0,0.0,0.0,0.0,,0.0,0.0,1.0,0.0,0.0,0.0,0.0,0.0,0.0,,0.0,,0.0,0.0,,0.0,0.0,0.0,0.0,0.0,0.0,0.0,0.0,694.0,655.0,623.0,32.0,0.0,0.0,0.0,0.0,0.0,0.0,0.0,0.0,0.0,0.0,1.0,18640.0,0.0,,,,,,,,,,,,,,,,,,,,,,,,,,,,,,,,,,,,,,
2026,DISTRICT_MANAGED_2026.xlsx,Traditional,SAWYER,Elementary,GAGE PARK,Network 8,36.0,,,,415.25,,0.0,1.0,1.0,1.0,2.0,0.0,,0.0,0.0,,2.0,230740.53,7.0,8.0,1.0,0.0,3.0,2.0,,,,,,9.0,3.0,,,,,24:1,653.0,36.0,8.0,2.0,0.0,0.0,0.0,,1.0,0.0,1.0,1.0,2.0,0.0,0.0,0.0,0.0,,0.0,,0.0,0.0,,0.0,0.0,0.0,0.0,0.0,55002.0,0.0,0.0,889.0,854.0,897.0,-43.0,0.0,0.0,0.0,0.0,0.0,0.0,0.0,0.0,0.0,0.0,2.0,18640.0,1.0,,,,,,,,,,,,,,,,,,,,,,,,,,,,,,,,,,,,,,
2026,DISTRICT_MANAGED_2026.xlsx,Traditional,SAYRE,Elementary,AUSTIN,Network 3,31.0,,,,338.75,,1.0,1.0,1.0,1.0,1.0,1.0,,2.0,0.0,,0.0,84157.92300000001,9.0,13.0,0.5,0.0,2.0,2.0,,,,,,3.0,1.0,,,,,24:1,593.0,15.0,3.0,1.0,0.0,0.0,0.0,,0.0,0.0,0.0,0.0,0.0,0.0,0.0,0.0,0.0,,1.0,,0.0,0.0,,0.0,0.0,0.0,0.0,0.0,0.0,0.0,0.0,379.0,344.0,360.0,-16.0,0.0,0.0,0.0,0.0,0.0,0.0,0.0,0.0,0.0,0.0,1.0,18640.0,0.0,,,,,,,,,,,,,,,,,,,,,,,,,,,,,,,,,,,,,,
2026,DISTRICT_MANAGED_2026.xlsx,Traditional,SCAMMON,Elementary,IRVING PARK,Network 1,28.0,,,,389.75,,0.0,1.0,1.0,1.0,1.0,1.0,,0.0,0.0,,1.0,327050.8,9.0,6.0,1.0,0.0,3.0,3.0,,,,,,5.0,2.0,,,,,24:1,557.0,24.0,5.0,2.0,0.0,0.0,0.0,,1.0,0.0,0.0,0.0,0.0,0.0,0.5,0.0,0.0,,0.0,,0.0,0.0,,0.0,0.0,0.0,0.0,0.0,0.0,0.0,0.0,618.0,571.0,592.0,-21.0,0.0,0.0,0.0,0.0,0.0,0.0,0.0,0.0,0.0,0.0,2.0,18640.0,0.0,,,,,,,,,,,,,,,,,,,,,,,,,,,,,,,,,,,,,,
2026,DISTRICT_MANAGED_2026.xlsx,Traditional,SCHMID,Elementary,PULLMAN,Network 12,35.0,,,,474.75,,0.0,1.0,1.0,1.0,1.0,1.0,,0.0,0.0,,0.0,102006.83,6.0,7.0,0.5,0.0,4.0,2.0,,,,,,2.0,2.0,,,,,24:1,641.0,10.0,3.0,1.0,0.0,0.0,0.0,,0.0,0.0,0.0,0.0,0.0,1.0,0.0,0.0,0.0,,0.0,,0.0,0.0,,0.0,0.0,0.0,0.0,0.0,0.0,0.0,0.0,201.0,164.0,142.0,22.0,0.0,0.0,0.0,0.0,0.0,0.0,0.0,0.0,0.0,0.0,0.0,18640.0,0.0,,,,,,,,,,,,,,,,,,,,,,,,,,,,,,,,,,,,,,
2026,DISTRICT_MANAGED_2026.xlsx,Traditional,SCHUBERT,Elementary,BELMONT CRAGIN,Network 3,38.0,,,,385.5,,0.0,1.0,1.0,1.0,2.0,1.0,,2.0,0.0,,1.385,151826.5,4.0,8.0,0.5,0.0,4.0,3.0,,,,,,6.0,2.0,,,,,22:1,677.0,23.0,5.0,2.0,0.0,0.0,0.0,,1.0,0.0,0.0,0.0,0.0,0.0,0.0,0.0,0.0,,0.0,,0.0,0.0,,0.0,0.0,0.0,0.0,0.0,49227.0,0.0,0.115,561.0,502.0,527.0,-25.0,0.0,0.0,0.0,0.0,0.0,0.0,0.0,0.0,0.0,0.0,2.0,18640.0,1.0,,,,,,,,,,,,,,,,,,,,,,,,,,,,,,,,,,,,,,
2026,DISTRICT_MANAGED_2026.xlsx,Traditional,SCHURZ HS,High,IRVING PARK,Network 14,32.0,,,,360.0,,0.0,1.0,1.0,1.0,3.0,0.0,,0.0,2.0,,4.0,636666.71,19.0,21.0,2.0,0.0,0.0,0.0,,,,,,7.0,7.0,,,,,19:1,1455.0,57.0,0.0,2.0,0.0,0.0,0.0,,0.0,1.0,2.0,1.0,2.0,0.0,2.0,0.0,0.0,,2.0,,0.0,0.0,,0.0,0.0,2.0,0.0,150000.0,129277.0,0.0,0.0,1127.0,1079.0,1167.0,-88.0,0.0,0.0,0.0,0.0,0.0,0.0,0.0,0.0,1.0,0.0,3.0,18640.0,0.0,,,,,,,,,,,,,,,,,,,,,,,,,,,,,,,,,,,,,,
2026,DISTRICT_MANAGED_2026.xlsx,Traditional,SENN HS,High,EDGEWATER,Network 14,26.0,,,,326.0,,0.0,1.0,1.0,1.0,3.0,0.0,,3.0,3.0,,7.0,117920.69,18.0,7.0,1.5,0.0,0.0,0.0,,,,,,7.0,6.0,,,,,21:1,1347.0,72.0,0.0,3.0,0.0,0.0,0.0,,0.0,1.0,1.0,2.0,3.0,0.0,2.0,0.0,0.0,,3.0,,0.0,0.0,,0.0,0.0,2.0,1.0,0.0,0.0,0.0,0.0,1496.0,1496.0,1483.0,13.0,0.0,0.0,0.0,0.0,0.0,-1.0,0.0,0.0,0.0,0.0,2.0,18640.0,0.0,,,,,,,,,,,,,,,,,,,,,,,,,,,,,,,,,,,,,,
2026,DISTRICT_MANAGED_2026.xlsx,Traditional,SEWARD,Elementary,NEW CITY,Network 8,43.0,,,,432.25,,0.0,1.0,1.0,1.0,2.0,1.0,,0.0,0.0,,0.5,105403.8,3.0,3.0,0.5,0.0,3.0,2.0,,,,,,5.0,2.0,,,,,22:1,737.0,17.0,4.0,1.0,0.0,0.0,0.0,,0.0,0.0,0.0,0.0,0.0,1.0,1.0,0.0,0.0,,1.0,,0.0,0.0,,0.0,0.0,0.0,0.0,0.0,56652.0,0.0,0.0,388.0,367.0,388.0,-21.0,0.0,0.0,0.0,0.0,0.0,0.0,0.0,0.0,0.0,0.0,1.0,18640.0,1.0,,,,,,,,,,,,,,,,,,,,,,,,,,,,,,,,,,,,,,
2026,DISTRICT_MANAGED_2026.xlsx,Traditional,SHERIDAN,Elementary,BRIDGEPORT,Network 6,24.0,,,,304.75,,0.0,1.0,1.0,1.0,1.0,1.0,,0.0,0.0,,0.0,193259.1433333333,4.0,7.0,0.5,0.0,0.0,0.0,,,,,,3.0,1.0,,,,,26:1,509.0,21.0,5.0,2.0,0.0,0.0,0.0,,0.0,0.0,0.0,0.0,0.0,0.0,0.0,0.0,0.0,,0.0,,0.0,0.0,,0.0,0.0,0.0,0.0,0.0,0.0,0.0,0.0,530.0,530.0,532.0,-2.0,-1.0,0.0,0.0,0.0,0.0,0.0,0.0,4.0,0.0,0.0,1.0,18640.0,0.0,,,,,,,,,,,,,,,,,,,,,,,,,,,,,,,,,,,,,,
2026,DISTRICT_MANAGED_2026.xlsx,Traditional,SHERMAN,Elementary,NEW CITY,Network 8,41.0,,,,445.0,,0.0,1.0,1.0,1.0,1.0,1.0,,0.0,0.0,,1.66,113722.5,5.0,8.0,0.5,0.0,1.0,1.0,,,,,,4.0,2.0,,,,,22:1,713.0,10.0,3.0,0.0,0.0,0.0,0.0,,0.0,0.0,0.0,0.0,0.0,0.0,0.0,0.0,0.0,,0.0,,0.0,1.0,,0.0,0.0,0.0,0.0,0.0,35751.0,0.0,0.0,230.0,210.0,198.0,12.0,0.0,0.0,0.0,0.0,0.0,0.0,0.0,0.0,0.0,0.0,0.5,18640.0,1.0,,,,,,,,,,,,,,,,,,,,,,,,,,,,,,,,,,,,,,
2026,DISTRICT_MANAGED_2026.xlsx,Traditional,SHERWOOD,Elementary,ENGLEWOOD,ISP,38.0,,,,440.75,,0.0,1.0,0.0,1.0,1.0,0.0,,0.0,0.0,,2.5,151555.1,6.0,10.0,1.0,0.0,4.0,2.0,,,,,,2.0,1.0,,,,,22:1,677.0,10.0,3.0,1.0,0.0,0.0,0.0,,0.0,0.0,0.0,0.0,0.0,0.0,0.0,0.0,0.0,,0.0,,0.0,0.0,,0.0,0.0,0.0,0.0,0.0,135740.0,0.0,0.0,201.0,156.0,160.0,-4.0,0.0,0.0,0.0,-1.0,0.0,0.0,-1.0,0.55,0.0,0.0,0.5,18640.0,0.0,,,,,,,,,,,,,,,,,,,,,,,,,,,,,,,,,,,,,,
2026,DISTRICT_MANAGED_2026.xlsx,Traditional,SHIELDS,Elementary,BRIGHTON PARK,Network 8,38.0,,,,432.25,,0.0,1.0,1.0,1.0,2.0,1.0,,0.0,0.0,,0.0,208508.0,5.0,4.0,1.0,0.0,6.0,4.0,,,,,,7.0,2.0,,,,,22:1,677.0,16.0,4.0,1.0,0.0,0.0,0.0,,0.0,0.0,0.0,0.0,1.0,0.0,0.5,0.0,0.0,,0.0,,0.0,0.0,,0.0,0.0,0.0,0.0,0.0,0.0,0.0,0.0,441.0,346.0,394.0,-48.0,0.0,0.0,0.0,0.0,0.0,0.0,0.0,0.0,0.0,0.0,1.0,18640.0,0.0,,,,,,,,,,,,,,,,,,,,,,,,,,,,,,,,,,,,,,
2026,DISTRICT_MANAGED_2026.xlsx,Traditional,SHIELDS MIDDLE,Elementary,BRIGHTON PARK,Network 8,37.0,,,,423.75,,0.0,1.0,1.0,1.0,1.0,1.0,,0.0,0.0,,0.8400000000000001,172181.716,5.0,2.0,0.5,0.0,0.0,0.0,,,,,,3.0,3.0,,,,,24:1,665.0,14.0,3.0,1.0,0.0,0.0,0.0,,0.0,0.0,0.0,0.0,0.0,0.0,0.5,0.0,0.0,,0.0,,0.0,0.0,,0.0,0.0,0.0,0.0,0.0,135740.0,0.0,0.0,327.0,327.0,373.0,-46.0,0.0,0.0,0.0,0.0,0.0,0.0,0.0,0.0,0.0,0.0,1.0,18640.0,0.0,,,,,,,,,,,,,,,,,,,,,,,,,,,,,,,,,,,,,,
2026,DISTRICT_MANAGED_2026.xlsx,Traditional,SHOESMITH,Elementary,KENWOOD,Network 9,32.0,,,,372.75,,0.0,1.0,1.0,1.0,1.0,1.0,,1.0,0.0,,0.0,142375.0,5.0,12.0,0.5,0.0,0.0,0.0,,,,,,3.0,1.0,,,,,24:1,605.0,13.0,3.0,1.0,0.0,0.0,0.0,,0.0,0.0,0.0,0.0,0.0,0.0,0.0,0.0,0.0,,0.0,,0.0,0.0,,0.0,0.0,0.0,0.0,0.0,129140.0,0.0,0.0,293.0,293.0,347.0,-54.0,0.0,0.0,0.0,0.0,0.0,0.0,0.0,0.0,0.0,0.0,1.0,18640.0,0.0,,,,,,,,,,,,,,,,,,,,,,,,,,,,,,,,,,,,,,
2026,DISTRICT_MANAGED_2026.xlsx,Traditional,SHOOP,Elementary,MORGAN PARK,Network 13,30.0,,,,436.5,,0.0,1.0,1.0,1.0,1.0,1.0,,0.0,0.0,,0.0,247462.5,10.0,22.0,1.0,0.0,2.0,2.0,,,,,,4.0,2.0,,,,,24:1,581.0,19.0,5.0,2.0,0.0,0.0,0.0,,0.0,0.0,0.0,0.0,0.0,0.0,1.0,0.0,0.0,,0.0,,0.0,0.0,,0.0,0.0,0.0,0.0,0.0,135053.0,0.0,0.0,514.0,442.0,361.0,81.0,0.0,0.0,0.0,0.0,0.0,0.0,0.0,1.0,0.0,1.0,0.0,18640.0,0.0,,,,,,,,,,,,,,,,,,,,,,,,,,,,,,,,,,,,,,
2026,DISTRICT_MANAGED_2026.xlsx,Traditional,SIMEON HS,High,CHATHAM,Network 17,36.0,,,,402.5,,2.0,1.0,1.0,1.0,3.0,0.0,,0.0,0.0,,10.0,419985.89,15.0,16.0,1.5,0.0,0.0,0.0,,,,,,4.0,5.0,,,,,19:1,1527.0,53.0,0.0,2.0,0.0,0.0,0.0,,1.0,1.0,2.0,1.0,2.0,0.0,1.0,0.0,0.0,,0.0,,0.0,0.0,,0.0,0.0,0.0,0.0,160000.0,0.0,0.0,0.0,1052.0,1001.0,1033.0,-32.0,0.0,0.0,0.0,0.0,0.0,0.0,0.0,0.0,1.0,0.0,0.0,18640.0,0.0,,,,,,,,,,,,,,,,,,,,,,,,,,,,,,,,,,,,,,
2026,DISTRICT_MANAGED_2026.xlsx,Traditional,SKINNER,Elementary,NEAR WEST SIDE,Network 6,20.0,,,,0.0,,0.0,1.0,1.0,2.0,2.0,0.0,,0.0,0.0,,1.0,34950.0,8.0,18.0,1.0,0.0,2.0,2.0,,,,,,3.0,2.0,,,,,26:1,461.0,42.0,9.0,0.0,0.0,1.0,0.0,,0.0,0.0,2.0,1.0,0.0,0.0,0.0,0.0,0.0,,0.0,,0.0,0.0,,0.0,0.0,0.0,0.0,0.0,0.0,0.0,0.0,1141.0,1074.0,1041.0,33.0,0.0,0.0,0.0,0.0,0.0,0.0,0.0,2.0,0.0,0.0,1.0,18640.0,0.0,,,,,,,,,,,,,,,,,,,,,,,,,,,,,,,,,,,,,,
2026,DISTRICT_MANAGED_2026.xlsx,Traditional,SKINNER NORTH,Elementary,NEAR NORTH SIDE,Network 4,17.0,,,,0.0,,0.0,1.0,1.0,1.0,1.0,1.0,,0.0,0.0,,1.0,135209.0,4.0,4.0,0.5,0.0,0.0,0.0,,,,,,2.0,1.0,,,,,26:1,425.0,20.0,4.0,0.0,0.0,0.0,0.0,,0.0,0.0,0.0,0.0,0.0,0.0,0.0,0.0,0.0,,0.0,,0.0,0.0,,0.0,0.0,0.0,0.0,0.0,0.0,0.0,0.0,515.0,515.0,512.0,3.0,0.0,0.0,0.0,0.0,0.0,0.0,0.0,0.0,0.0,0.0,0.0,18640.0,0.0,,,,,,,,,,,,,,,,,,,,,,,,,,,,,,,,,,,,,,
2026,DISTRICT_MANAGED_2026.xlsx,Traditional,SMITH,Elementary,PULLMAN,Network 13,35.0,,,,428.0,,2.0,1.0,1.0,1.0,1.0,1.0,,0.0,0.0,,1.0,200847.0,8.0,19.0,1.0,0.0,3.0,2.0,,,,,,3.0,1.0,,,,,24:1,641.0,12.0,3.0,1.0,0.0,0.0,0.0,,0.0,0.0,0.0,0.0,0.0,0.0,0.0,0.0,0.0,,0.0,,0.0,0.0,,0.0,0.0,0.0,1.0,0.0,136290.0,0.0,0.0,341.0,288.0,331.0,-43.0,0.0,0.0,1.0,0.0,0.0,0.0,0.0,0.0,0.0,0.0,0.0,18640.0,0.0,,,,,,,,,,,,,,,,,,,,,,,,,,,,,,,,,,,,,,
2026,DISTRICT_MANAGED_2026.xlsx,Traditional,SMYSER,Elementary,PORTAGE PARK,Network 1,24.0,,,,330.25,,0.0,1.0,1.0,2.0,2.0,0.0,,0.0,0.0,,2.0500000000000003,302590.0,11.0,16.0,1.0,0.0,2.0,2.0,,,,,,4.0,2.95,,,,,26:1,509.0,28.0,6.0,2.0,0.0,0.0,0.0,,0.0,0.0,1.0,0.0,0.0,0.0,0.0,1.0,0.0,,0.0,,0.0,0.0,,0.0,0.0,0.0,0.0,0.0,0.0,0.0,0.0,766.0,724.0,713.0,11.0,0.0,0.0,0.0,0.0,0.0,0.0,0.0,0.0,0.0,0.0,1.0,18640.0,0.0,,,,,,,,,,,,,,,,,,,,,,,,,,,,,,,,,,,,,,
2026,DISTRICT_MANAGED_2026.xlsx,Traditional,SMYTH,Elementary,NEAR WEST SIDE,Network 6,38.0,,,,470.5,,0.0,1.0,1.0,1.0,1.0,1.0,,0.0,0.0,,1.46,158482.13,10.0,16.0,1.0,0.0,3.0,2.0,,,,,,4.0,2.0,,,,,22:1,677.0,14.0,4.0,1.0,0.0,0.0,0.0,,0.0,0.0,0.0,0.0,0.0,0.0,0.0,0.0,0.0,,2.0,,0.0,0.0,,0.0,0.0,0.0,0.0,0.0,54177.0,0.0,0.0,339.0,294.0,321.0,-27.0,0.0,0.0,0.0,0.0,0.0,0.0,0.0,1.0,0.0,0.0,0.0,18640.0,1.0,,,,,,,,,,,,,,,,,,,,,,,,,,,,,,,,,,,,,,
2026,DISTRICT_MANAGED_2026.xlsx,Traditional,SOCIAL JUSTICE HS,High,SOUTH LAWNDALE,Network 15,46.0,,,,398.25,,0.0,1.0,1.0,1.0,2.0,1.0,,2.5,0.0,,0.0,259460.84,5.0,2.0,0.5,0.0,0.0,0.0,,,,,,7.0,0.0,,,,,18:1,1707.0,15.0,0.0,1.0,0.0,0.0,0.0,,0.0,0.0,0.0,0.0,0.0,0.0,1.0,0.0,0.33,,0.0,,0.0,0.0,,0.0,0.0,0.0,0.0,0.0,91440.0,0.0,0.0,253.0,253.0,302.0,-49.0,0.0,0.0,0.0,0.0,0.0,0.0,0.0,0.0,0.0,0.0,1.0,18640.0,1.0,,,,,,,,,,,,,,,,,,,,,,,,,,,,,,,,,,,,,,
2026,DISTRICT_MANAGED_2026.xlsx,Traditional,SOLOMON,Elementary,NORTH PARK,Network 1,29.0,,,,275.0,,0.0,1.0,1.0,1.0,1.0,1.0,,0.0,0.0,,1.0,121941.46,12.0,20.0,1.0,0.0,1.0,1.0,,,,,,2.0,1.0,,,,,24:1,569.0,11.0,3.0,1.0,0.0,1.0,0.0,,0.0,0.0,0.0,0.0,0.0,0.0,0.0,0.0,0.0,,0.0,,0.0,0.0,,0.0,0.0,0.0,0.0,0.0,0.0,0.0,0.0,319.0,244.0,250.0,-6.0,0.0,0.0,0.0,0.0,0.0,0.0,0.0,0.0,0.0,0.0,1.0,18640.0,0.0,,,,,,,,,,,,,,,,,,,,,,,,,,,,,,,,,,,,,,
2026,DISTRICT_MANAGED_2026.xlsx,Traditional,SOLORIO HS,High,GAGE PARK,Network 15,31.0,,,,360.0,,0.0,1.0,1.0,1.0,3.0,0.0,,0.0,2.0,,10.83,371686.1,13.0,12.0,1.0,0.0,0.0,0.0,,,,,,7.0,3.83,,,,,19:1,1437.0,65.0,0.0,3.0,0.0,0.0,0.0,,1.0,1.0,2.0,2.0,2.0,0.0,1.0,0.0,0.0,,0.0,,0.0,0.0,,0.0,0.0,0.0,0.0,160000.0,0.0,0.0,0.0,1252.0,1227.0,1206.0,21.0,-3.0,0.0,0.0,0.0,0.0,0.0,0.0,4.0,1.0,1.0,2.0,18640.0,0.0,,,,,,,,,,,,,,,,,,,,,,,,,,,,,,,,,,,,,,
2026,DISTRICT_MANAGED_2026.xlsx,Traditional,SOR JUANA,Elementary,WEST ELSDON,Network 8,28.0,,,,0.0,,0.0,1.0,1.0,1.0,1.0,1.0,,0.0,0.0,,1.0,202543.31,2.0,6.0,0.5,0.0,3.0,3.0,,,,,,5.0,2.0,,,,,24:1,557.0,21.0,5.0,0.0,0.0,0.0,0.0,,0.0,0.0,0.0,0.0,0.0,0.0,0.0,0.0,0.0,,0.0,,0.0,0.0,,0.0,0.0,0.0,0.0,0.0,0.0,0.0,0.0,545.0,496.0,433.0,63.0,0.0,0.0,0.0,0.0,0.0,0.0,0.0,0.0,0.0,1.0,1.0,18640.0,0.0,,,,,,,,,,,,,,,,,,,,,,,,,,,,,,,,,,,,,,
2026,DISTRICT_MANAGED_2026.xlsx,Traditional,SOUTH LOOP,Elementary,NEAR SOUTH SIDE,ISP,17.0,,,,0.0,,0.0,1.0,1.0,3.0,2.0,0.0,,1.0,0.0,,0.0,48404.7,8.0,19.0,1.0,0.0,6.0,4.0,,,,,,8.0,4.0,,,,,26:1,425.0,29.0,6.0,0.0,0.0,0.0,0.0,,0.0,0.0,1.0,1.0,0.0,0.0,0.0,0.0,0.0,,0.0,,0.0,0.0,,0.0,0.0,0.0,0.0,0.0,0.0,0.0,0.0,846.0,745.0,745.0,0.0,0.0,0.0,0.0,0.0,0.0,0.0,0.0,0.0,0.0,0.0,1.0,18640.0,0.0,,,,,,,,,,,,,,,,,,,,,,,,,,,,,,,,,,,,,,
2026,DISTRICT_MANAGED_2026.xlsx,Traditional,SOUTH SHORE ES,Elementary,SOUTH SHORE,Network 12,36.0,,,,432.25,,0.0,1.0,1.0,1.0,1.0,1.0,,0.0,0.5,,0.0,138489.75,9.0,22.0,1.0,0.0,3.0,2.0,,,,,,3.0,2.0,,,,,24:1,653.0,10.0,3.0,1.0,0.0,0.0,0.0,,0.0,0.0,0.0,0.0,0.0,0.0,0.0,0.0,0.0,,0.0,,0.0,0.0,,0.0,0.0,0.0,0.0,0.0,0.0,0.0,0.0,222.0,141.0,164.0,-23.0,0.0,0.0,0.0,0.0,0.0,0.0,0.0,0.0,0.0,0.0,0.0,18640.0,0.0,,,,,,,,,,,,,,,,,,,,,,,,,,,,,,,,,,,,,,
2026,DISTRICT_MANAGED_2026.xlsx,Traditional,SOUTH SHORE INTL HS,High,SOUTH SHORE,Network 17,32.0,,,,377.0,,0.0,1.0,1.0,1.0,2.0,0.0,,0.0,1.0,,3.15,128954.1,9.0,15.0,1.0,0.0,0.0,0.0,,,,,,4.0,5.85,,,,,19:1,1455.0,30.0,0.0,1.0,0.0,0.0,0.0,,1.0,1.0,0.0,1.0,1.0,0.0,1.0,0.0,0.0,,3.0,,0.0,0.0,,0.0,0.0,2.0,0.0,0.0,0.0,0.0,0.0,595.0,564.0,530.0,34.0,0.0,0.0,0.0,0.0,0.0,0.0,-1.0,0.0,0.0,0.0,0.0,18640.0,0.0,,,,,,,,,,,,,,,,,,,,,,,,,,,,,,,,,,,,,,
2026,DISTRICT_MANAGED_2026.xlsx,Traditional,SPENCER,Elementary,AUSTIN,Network 3,37.0,,,,453.5,,0.0,1.0,1.0,1.0,1.0,1.0,,2.0,0.0,,1.0,107551.85,7.0,7.0,0.5,0.0,3.0,3.0,,,,,,6.0,2.0,,,,,24:1,665.0,16.0,4.0,1.0,0.0,0.0,0.0,,0.0,0.0,0.0,0.0,0.0,0.0,0.0,0.0,0.0,,0.0,,0.0,0.0,,0.0,0.0,0.0,1.0,0.0,54452.0,0.0,0.0,427.0,382.0,363.0,19.0,0.0,0.0,0.0,0.0,0.0,0.0,0.0,0.0,0.0,0.0,1.0,18640.0,1.0,,,,,,,,,,,,,,,,,,,,,,,,,,,,,,,,,,,,,,
2026,DISTRICT_MANAGED_2026.xlsx,Traditional,SPRY ES,Elementary,SOUTH LAWNDALE,Network 16,39.0,,,,428.0,,0.0,1.0,1.0,1.0,1.0,1.0,,1.0,0.0,,0.0,206084.81,6.0,9.0,0.5,0.0,4.0,2.0,,,,,,4.0,2.0,,,,,22:1,689.0,14.0,3.0,1.0,1.0,0.0,0.0,,0.0,0.0,0.0,0.0,0.0,0.0,0.0,0.0,0.0,,0.0,,0.0,0.0,,0.0,0.0,0.0,0.0,0.0,66828.0,0.0,0.0,315.0,287.0,290.0,-3.0,0.0,0.0,0.0,0.0,0.0,0.0,0.0,0.0,0.0,0.0,2.0,18640.0,1.0,,,,,,,,,,,,,,,,,,,,,,,,,,,,,,,,,,,,,,
2026,DISTRICT_MANAGED_2026.xlsx,Traditional,SPRY HS,High,SOUTH LAWNDALE,Network 16,43.0,,,,457.75,,0.0,0.0,1.0,1.0,1.0,1.0,,0.0,0.0,,2.26,175635.25,4.0,3.0,0.0,0.0,0.0,0.0,,,,,,0.0,1.0,,,,,18:1,1653.0,10.0,0.0,0.0,0.0,0.0,0.0,,0.0,0.0,0.0,0.0,0.0,0.0,1.0,0.0,0.25,,0.0,,0.0,0.0,,0.0,0.0,0.0,0.0,0.0,25000.0,0.0,0.0,82.0,82.0,82.0,0.0,0.0,60000.0,0.0,0.0,0.0,0.0,0.0,0.0,0.0,0.0,1.0,18640.0,1.0,,,,,,,,,,,,,,,,,,,,,,,,,,,,,,,,,,,,,,
2026,DISTRICT_MANAGED_2026.xlsx,Traditional,STAGG,Elementary,ENGLEWOOD,Network 11,41.0,,,,432.25,,0.0,1.0,1.0,1.0,1.0,0.0,,0.0,0.0,,3.0,138019.0,8.0,9.0,1.0,0.0,4.0,2.0,,,,,,3.0,1.0,,,,,22:1,713.0,16.0,4.0,1.0,0.0,0.0,0.0,,0.0,0.0,0.0,0.0,0.0,0.0,0.0,0.0,0.0,,0.0,,0.0,0.0,,0.0,0.0,0.0,0.0,0.0,25000.0,0.0,0.0,381.0,336.0,325.0,11.0,0.0,0.0,0.0,0.0,0.0,0.0,-1.0,0.0,0.0,0.0,1.0,18640.0,1.0,,,,,,,,,,,,,,,,,,,,,,,,,,,,,,,,,,,,,,
2026,DISTRICT_MANAGED_2026.xlsx,Traditional,STEINMETZ HS,High,BELMONT CRAGIN,Network 14,32.0,,,,364.25,,0.0,1.0,1.0,1.0,3.0,0.0,,0.0,0.0,,7.91,303097.13,14.0,6.0,1.5,0.0,0.0,0.0,,,,,,6.0,4.85,,,,,19:1,1455.0,56.0,0.0,2.0,0.0,0.0,0.0,,0.0,1.0,2.0,1.03,3.0,0.0,2.0,0.0,0.0,,2.0,,0.0,0.0,,0.0,0.0,3.0,1.0,150000.0,161971.0,0.0,1.0,1059.0,1059.0,1158.0,-99.0,0.0,0.0,0.0,0.0,0.0,0.0,0.0,1.25,0.0,1.0,2.0,18640.0,0.0,,,,,,,,,,,,,,,,,,,,,,,,,,,,,,,,,,,,,,
2026,DISTRICT_MANAGED_2026.xlsx,Traditional,STEM,Elementary,NEAR WEST SIDE,ISP,27.0,,,,275.0,,0.0,1.0,0.0,1.0,1.0,1.0,,3.0,0.0,,1.0,30520.29,5.0,11.0,0.5,0.0,0.0,0.0,,,,,,2.0,1.0,,,,,24:1,545.0,17.0,4.0,0.0,0.0,0.0,0.0,,0.0,0.0,0.0,0.0,0.0,0.0,0.0,0.0,0.0,,0.0,,0.0,0.0,,0.0,0.0,0.0,0.0,0.0,0.0,0.0,0.0,401.0,401.0,403.0,-2.0,0.0,0.0,0.0,-1.0,0.0,0.0,0.0,0.0,0.0,1.0,1.0,18640.0,0.0,,,,,,,,,,,,,,,,,,,,,,,,,,,,,,,,,,,,,,
2026,DISTRICT_MANAGED_2026.xlsx,Traditional,STEVENSON,Elementary,ASHBURN,Network 10,32.0,,,,355.75,,0.0,1.0,1.0,2.0,2.0,0.0,,0.0,0.0,,3.71,339388.54,16.0,28.0,2.0,0.0,8.0,5.0,,,,,,11.0,3.0,,,,,24:1,605.0,44.0,10.0,3.0,0.0,0.0,0.0,,0.0,0.0,2.0,0.0,0.0,0.0,1.0,0.0,0.0,,0.0,,0.0,0.0,,0.0,0.0,0.0,0.0,0.0,148200.0,0.0,0.0,1204.0,1042.0,1010.0,32.0,0.0,0.0,0.0,0.0,0.0,0.0,0.0,0.0,0.0,0.0,2.0,18640.0,0.0,,,,,,,,,,,,,,,,,,,,,,,,,,,,,,,,,,,,,,
2026,DISTRICT_MANAGED_2026.xlsx,Traditional,STONE,Elementary,WEST RIDGE,Network 2,27.0,,,,317.5,,0.0,1.0,1.0,1.0,1.0,0.0,,0.5,0.0,,0.0,331433.7,9.0,12.0,0.5,0.0,0.0,0.0,,,,,,2.0,1.0,,,,,24:1,545.0,24.0,5.0,2.0,0.0,0.0,0.0,,0.0,0.0,0.0,0.0,0.0,0.0,1.0,0.0,0.0,,0.0,,0.0,0.0,,0.0,0.0,0.0,0.0,0.0,0.0,0.0,2.0,554.0,554.0,554.0,0.0,-1.0,0.0,0.0,0.0,-1.0,0.0,0.0,2.0,0.0,0.0,1.0,18640.0,0.0,,,,,,,,,,,,,,,,,,,,,,,,,,,,,,,,,,,,,,
2026,DISTRICT_MANAGED_2026.xlsx,Traditional,STOWE,Elementary,HUMBOLDT PARK,Network 5,39.0,,,,411.0,,0.0,1.0,1.0,1.0,2.0,1.0,,2.0,0.0,,0.15,173178.99,7.0,14.0,1.0,0.0,7.0,4.0,,,,,,5.0,2.85,,,,,22:1,689.0,23.0,5.0,2.0,0.0,0.0,0.0,,1.0,0.0,0.0,0.0,1.0,0.0,0.0,0.0,0.0,,0.0,,0.0,0.0,,0.0,0.0,0.0,0.0,0.0,91828.0,0.0,0.0,568.0,500.0,522.0,-22.0,0.0,0.0,0.0,0.0,0.0,0.0,0.0,0.0,0.0,0.0,2.0,18640.0,1.0,,,,,,,,,,,,,,,,,,,,,,,,,,,,,,,,,,,,,,
2026,DISTRICT_MANAGED_2026.xlsx,Traditional,SUDER,Elementary,NEAR WEST SIDE,Network 6,26.0,,,,279.25,,0.0,1.0,1.0,1.0,1.0,1.0,,0.09,0.0,,1.5,35042.61,6.0,10.0,0.5,0.0,4.41,0.0,,,,,,2.0,1.0,,,,,26:1,533.0,13.0,3.0,1.0,0.0,0.0,0.0,,0.0,0.0,0.0,0.0,0.0,0.0,0.0,0.0,0.0,,0.0,,0.0,0.0,,1.0,24.0,0.0,0.0,0.0,0.0,0.0,0.0,425.0,320.0,363.0,-43.0,0.0,0.0,0.0,0.0,0.0,0.0,0.0,0.0,0.0,0.0,0.5,18640.0,0.0,,,,,,,,,,,,,,,,,,,,,,,,,,,,,,,,,,,,,,
2026,DISTRICT_MANAGED_2026.xlsx,Traditional,SULLIVAN HS,High,ROGERS PARK,Network 14,37.0,,,,381.25,,3.0,1.0,1.0,1.0,2.0,0.0,,2.0,0.5,,4.15,408149.64,15.0,12.0,1.5,0.0,0.0,0.0,,,,,,4.0,5.85,,,,,19:1,1545.0,36.0,0.0,2.0,0.0,0.0,0.0,,1.0,1.0,0.0,1.0,0.0,0.0,1.0,0.0,0.75,,0.0,,0.0,0.0,,0.0,0.0,2.0,2.0,0.0,132440.0,0.0,0.0,713.0,683.0,710.0,-27.0,0.0,0.0,0.0,0.0,0.0,-1.0,0.0,0.0,0.0,0.0,2.0,18640.0,0.0,,,,,,,,,,,,,,,,,,,,,,,,,,,,,,,,,,,,,,
2026,DISTRICT_MANAGED_2026.xlsx,Traditional,SUMNER,Elementary,WEST GARFIELD PARK,Network 5,39.0,,,,440.75,,0.0,1.0,1.0,1.0,1.0,1.0,,0.0,0.0,,0.0,242468.5,6.0,11.0,0.5,0.0,1.0,1.0,,,,,,3.0,2.0,,,,,22:1,689.0,10.0,3.0,1.0,0.0,0.0,0.0,,0.0,0.0,0.0,0.0,0.0,0.0,0.0,0.0,0.0,,0.0,,0.0,0.0,,0.0,0.0,0.0,0.0,0.0,0.0,0.0,0.0,200.0,176.0,176.0,0.0,0.0,0.0,0.0,0.0,0.0,0.0,0.0,0.0,0.0,0.0,0.0,18640.0,0.0,,,,,,,,,,,,,,,,,,,,,,,,,,,,,,,,,,,,,,
2026,DISTRICT_MANAGED_2026.xlsx,Traditional,SUTHERLAND,Elementary,BEVERLY,Network 10,20.0,,,,0.0,,0.0,1.0,1.0,1.0,2.0,0.0,,0.75,0.0,,0.0,195018.0,12.0,22.0,1.0,0.0,0.0,0.0,,,,,,2.0,2.0,,,,,26:1,461.0,25.0,5.0,0.0,0.0,0.0,0.0,,0.0,0.0,1.0,0.0,0.0,1.0,0.0,0.0,0.0,,1.0,,0.0,0.0,,0.0,0.0,0.0,0.0,0.0,0.0,0.25,0.0,641.0,641.0,629.0,12.0,0.0,0.0,0.0,0.0,0.0,-1.0,0.0,0.0,0.0,0.0,0.0,18640.0,0.0,,,,,,,,,,,,,,,,,,,,,,,,,,,,,,,,,,,,,,
2026,DISTRICT_MANAGED_2026.xlsx,Traditional,SWIFT,Elementary,EDGEWATER,Network 2,31.0,,,,385.5,,0.0,1.0,1.0,1.0,1.0,1.0,,1.0,0.0,,2.0,151514.3,15.0,23.0,1.0,0.0,5.0,3.0,,,,,,4.0,1.0,,,,,24:1,593.0,18.0,5.0,2.0,0.0,0.0,0.0,,0.0,0.0,0.0,0.0,1.0,0.0,0.0,0.0,0.0,,0.0,,0.0,0.0,,0.0,0.0,0.0,0.0,0.0,0.0,0.0,0.0,530.0,429.0,512.0,-83.0,-1.0,0.0,0.0,0.0,0.0,0.0,0.0,0.0,0.0,0.0,2.0,18640.0,0.0,,,,,,,,,,,,,,,,,,,,,,,,,,,,,,,,,,,,,,
2026,DISTRICT_MANAGED_2026.xlsx,Traditional,TAFT HS,High,NORWOOD PARK,Network 14,14.0,,,,0.0,,0.0,1.0,1.0,2.0,9.0,0.0,,1.0,2.0,,22.0,458585.08,55.0,22.0,4.0,0.0,0.0,0.0,,,,,,16.0,8.0,,,,,21:1,1131.0,205.0,0.0,0.0,0.0,0.0,0.0,,0.0,1.0,2.0,5.0,10.0,0.0,3.0,0.0,0.0,,4.0,,0.0,0.0,,0.0,0.0,3.0,0.0,260000.0,0.0,0.0,0.0,4303.0,4293.0,4220.0,73.0,0.0,0.0,0.0,0.0,0.0,0.0,0.0,0.0,0.0,0.0,4.0,18640.0,0.0,,,,,,,,,,,,,,,,,,,,,,,,,,,,,,,,,,,,,,
2026,DISTRICT_MANAGED_2026.xlsx,Traditional,TALCOTT,Elementary,WEST TOWN,Network 6,34.0,,,,364.25,,0.0,1.0,1.0,1.0,1.0,1.0,,0.0,0.0,,1.0,153675.33000000002,11.0,10.0,1.0,0.0,3.0,2.0,,,,,,4.0,2.0,,,,,24:1,629.0,18.0,5.0,2.0,0.0,0.0,0.0,,0.0,0.0,0.0,0.0,0.0,0.0,1.0,0.0,0.0,,0.0,,0.0,0.0,,0.0,0.0,0.0,0.0,0.0,0.0,0.0,1.0,495.0,428.0,455.0,-27.0,0.0,0.0,0.0,0.0,0.0,0.0,0.0,1.0,0.0,0.0,2.0,18640.0,0.0,,,,,,,,,,,,,,,,,,,,,,,,,,,,,,,,,,,,,,
2026,DISTRICT_MANAGED_2026.xlsx,Traditional,TALMAN,Elementary,GAGE PARK,ISP,42.0,,,,398.25,,0.0,1.0,1.0,1.0,1.0,1.0,,0.0,0.0,,1.0,175647.68,6.0,12.0,0.5,0.0,3.0,2.0,,,,,,3.0,2.0,,,,,22:1,725.0,14.0,4.0,1.0,0.0,0.0,0.0,,0.0,0.0,0.0,0.0,0.0,0.0,0.0,0.0,0.0,,0.0,,0.0,0.0,,0.0,0.0,0.0,0.0,0.0,0.0,0.0,0.0,332.0,294.0,302.0,-8.0,0.0,0.0,0.0,0.0,0.0,0.0,0.0,1.0,0.0,0.0,1.0,18640.0,1.0,,,,,,,,,,,,,,,,,,,,,,,,,,,,,,,,,,,,,,
2026,DISTRICT_MANAGED_2026.xlsx,Traditional,TANNER,Elementary,GREATER GRAND CROSSING,Network 12,37.0,,,,432.25,,0.0,1.0,1.0,1.0,1.0,1.0,,0.5,0.0,,1.0,90308.1,4.0,10.0,0.5,0.0,4.0,2.0,,,,,,4.0,1.0,,,,,24:1,665.0,11.0,3.0,1.0,0.0,0.0,0.0,,0.0,0.0,0.0,0.0,0.0,0.0,0.0,0.0,0.0,,0.0,,0.0,1.0,,0.0,0.0,0.0,0.0,0.0,0.0,0.0,0.0,276.0,257.0,224.0,33.0,0.0,0.0,0.0,0.0,0.0,0.0,0.0,0.0,0.0,0.0,0.5,18640.0,0.0,,,,,,,,,,,,,,,,,,,,,,,,,,,,,,,,,,,,,,
2026,DISTRICT_MANAGED_2026.xlsx,Traditional,TARKINGTON,Elementary,CHICAGO LAWN,Network 10,40.0,,,,398.25,,0.0,1.0,1.0,1.0,2.0,0.0,,0.0,0.0,,3.0,211840.04,10.0,12.0,1.0,0.0,1.0,1.0,,,,,,8.0,2.0,,,,,22:1,701.0,36.0,8.0,2.0,0.0,0.0,0.0,,1.0,0.0,1.0,0.0,1.0,0.0,1.0,0.0,0.0,,0.0,,0.0,0.0,,0.0,0.0,0.0,0.0,0.0,0.0,0.0,0.0,791.0,772.0,835.0,-63.0,0.0,0.0,0.0,0.0,0.0,0.0,0.0,1.0,0.0,0.0,2.0,18640.0,1.0,,,,,,,,,,,,,,,,,,,,,,,,,,,,,,,,,,,,,,
2026,DISTRICT_MANAGED_2026.xlsx,Traditional,TAYLOR,Elementary,EAST SIDE,Network 13,40.0,,,,415.25,,0.0,1.0,1.0,1.0,1.0,1.0,,0.0,0.0,,2.03,80759.746,7.0,6.0,0.5,0.0,3.0,2.0,,,,,,4.0,1.85,,,,,22:1,701.0,15.0,3.0,1.0,0.0,0.0,0.0,,0.0,0.0,0.0,0.0,0.0,0.0,0.0,0.0,0.0,,0.0,,0.0,0.0,,0.0,0.0,0.0,0.0,0.0,67103.0,0.0,0.0,337.0,309.0,301.0,8.0,0.0,0.0,0.0,0.0,0.0,0.0,0.0,1.0,0.0,0.0,1.0,18640.0,1.0,,,,,,,,,,,,,,,,,,,,,,,,,,,,,,,,,,,,,,
2026,DISTRICT_MANAGED_2026.xlsx,Traditional,TELPOCHCALLI,Elementary,SOUTH LAWNDALE,Network 7,45.0,,,,419.5,,0.0,1.0,1.0,1.0,1.0,1.0,,0.0,0.0,,0.06,152555.449,6.0,6.0,0.5,0.0,1.0,1.0,,,,,,0.0,1.0,,,,,22:1,761.0,10.0,3.0,0.0,0.0,0.0,0.0,,0.0,0.0,0.0,0.0,0.0,0.0,0.0,0.0,0.0,,0.0,,0.0,0.0,,0.0,0.0,0.0,0.0,0.0,74200.0,0.0,0.0,207.0,195.0,240.0,-45.0,0.0,0.0,0.0,0.0,0.0,0.0,0.0,1.0,0.0,0.0,2.0,18640.0,1.0,,,,,,,,,,,,,,,,,,,,,,,,,,,,,,,,,,,,,,
2026,DISTRICT_MANAGED_2026.xlsx,Traditional,THORP J,Elementary,SOUTH CHICAGO,Network 12,44.0,,,,470.5,,0.0,1.0,1.0,1.0,2.0,1.0,,0.0,0.0,,0.0,179583.04,11.0,24.0,1.0,0.0,2.0,1.0,,,,,,6.0,1.0,,,,,22:1,749.0,11.0,3.0,1.0,0.0,0.0,0.0,,0.0,0.0,0.0,0.0,0.0,1.0,0.0,0.0,0.0,,0.0,,0.0,0.0,,0.0,0.0,0.0,0.0,0.0,36620.0,0.0,0.0,300.0,226.0,238.0,-12.0,0.0,0.0,0.0,0.0,0.0,0.0,0.0,0.0,0.0,0.0,1.0,18640.0,1.0,,,,,,,,,,,,,,,,,,,,,,,,,,,,,,,,,,,,,,
2026,DISTRICT_MANAGED_2026.xlsx,Traditional,THORP O,Elementary,DUNNING,ISP,27.0,,,,0.0,,0.0,1.0,1.0,1.0,2.0,0.0,,0.0,0.0,,0.0,148631.5,13.0,35.0,1.5,1.0,0.0,0.0,,,,,,3.0,2.0,,,,,24:1,545.0,34.0,8.0,0.0,0.0,0.0,0.0,,0.0,0.0,1.0,1.0,1.0,0.0,1.0,0.0,0.0,,0.0,,0.0,0.0,,0.0,0.0,0.0,0.0,0.0,0.0,0.0,0.0,833.0,795.0,788.0,7.0,0.0,0.0,0.0,0.0,-1.0,0.0,0.0,0.0,0.0,0.0,1.0,18640.0,0.0,,,,,,,,,,,,,,,,,,,,,,,,,,,,,,,,,,,,,,
2026,DISTRICT_MANAGED_2026.xlsx,Traditional,TILDEN HS,High,NEW CITY,Network 16,44.0,,,,385.5,,0.0,1.0,1.0,1.0,1.0,1.0,,2.0,0.0,,2.27,148192.77000000002,9.0,8.0,0.5,0.0,0.0,0.0,,,,,,2.0,5.0,,,,,18:1,1671.0,13.0,0.0,1.0,0.0,0.0,0.0,,0.0,0.0,0.0,0.0,0.0,0.0,0.0,0.0,0.0,,0.0,,0.0,0.0,,0.0,0.0,0.0,1.0,160000.0,145440.0,0.0,0.0,239.0,221.0,227.0,-6.0,0.0,60000.0,0.0,0.0,0.0,0.0,0.0,0.0,0.0,0.0,1.0,18640.0,0.0,,,,,,,,,,,,,,,,,,,,,,,,,,,,,,,,,,,,,,
2026,DISTRICT_MANAGED_2026.xlsx,Traditional,TILL,Elementary,WOODLAWN,Network 9,39.0,,,,406.75,,0.0,1.0,1.0,1.0,1.0,1.0,,0.0,0.0,,0.26,20942.1,4.0,3.0,0.5,0.0,5.0,3.0,,,,,,3.0,2.0,,,,,22:1,689.0,14.0,3.0,1.0,1.0,0.0,0.0,,0.0,0.0,0.0,0.0,0.0,0.0,0.0,0.0,0.0,,0.0,,0.0,0.0,,0.0,0.0,0.0,0.0,0.0,68690.0,0.0,0.0,369.0,307.0,274.0,33.0,0.0,0.0,0.0,0.0,0.0,0.0,0.0,4.0,0.0,0.0,0.5,18640.0,1.0,,,,,,,,,,,,,,,,,,,,,,,,,,,,,,,,,,,,,,
2026,DISTRICT_MANAGED_2026.xlsx,Traditional,TILTON,Elementary,WEST GARFIELD PARK,Network 5,41.0,,,,445.0,,0.0,1.0,1.0,1.0,1.0,1.0,,0.0,0.0,,0.5,214217.0,4.0,6.0,0.5,0.0,1.0,1.0,,,,,,2.0,2.0,,,,,22:1,713.0,11.0,3.0,1.0,0.0,0.0,0.0,,0.0,0.0,0.0,0.0,0.0,0.0,0.0,0.0,0.0,,0.0,,0.0,0.0,,0.0,0.0,0.0,1.0,0.0,71440.0,0.0,0.0,241.0,226.0,223.0,3.0,0.0,0.0,0.0,0.0,0.0,0.0,0.0,0.0,0.0,1.0,0.5,18640.0,1.0,,,,,,,,,,,,,,,,,,,,,,,,,,,,,,,,,,,,,,
2026,DISTRICT_MANAGED_2026.xlsx,Traditional,TUBMAN,Elementary,LAKE VIEW,Network 4,25.0,,,,0.0,,0.0,1.0,1.0,1.0,1.0,1.0,,1.0,0.0,,0.45,15073.25,10.0,11.0,0.5,0.0,1.0,1.0,,,,,,2.0,1.0,,,,,26:1,521.0,11.0,3.0,0.0,1.0,1.0,0.0,,0.0,0.0,0.0,0.0,0.0,0.0,0.0,0.0,0.0,,2.0,,0.0,0.0,,0.0,0.0,0.0,0.0,0.0,0.0,2.0,0.55,306.0,286.0,269.0,17.0,0.0,0.0,1.0,0.0,0.0,0.0,0.0,0.0,0.0,0.0,0.5,18640.0,0.0,,,,,,,,,,,,,,,,,,,,,,,,,,,,,,,,,,,,,,
2026,DISTRICT_MANAGED_2026.xlsx,Traditional,TURNER-DREW,Elementary,ROSELAND,Network 11,39.0,,,,372.75,,0.0,1.0,1.0,1.0,1.0,1.0,,0.0,0.0,,0.0,94156.5,4.0,7.0,0.5,0.0,0.0,0.0,,,,,,2.0,1.0,,,,,22:1,689.0,10.0,3.0,1.0,0.0,0.0,0.0,,0.0,0.0,0.0,0.0,0.0,0.0,0.0,0.0,0.0,,0.0,,0.0,0.0,,0.0,0.0,0.0,0.0,0.0,27500.0,0.0,0.0,195.0,195.0,193.0,2.0,0.0,0.0,0.0,0.0,0.0,0.0,0.0,1.7,0.0,0.0,0.0,18640.0,0.0,,,,,,,,,,,,,,,,,,,,,,,,,,,,,,,,,,,,,,
2026,DISTRICT_MANAGED_2026.xlsx,Traditional,TWAIN,Elementary,GARFIELD RIDGE,Network 10,28.0,,,,330.25,,0.0,1.0,1.0,1.0,2.0,0.0,,0.0,0.0,,0.0,263364.1,10.0,16.0,1.0,0.0,2.0,1.0,,,,,,7.0,1.0,,,,,24:1,557.0,34.0,7.0,2.0,0.0,0.0,0.0,,1.0,0.0,1.0,0.0,0.0,0.0,1.0,0.0,0.0,,0.0,,0.0,0.0,,0.0,0.0,0.0,0.0,0.0,0.0,0.0,0.0,845.0,811.0,836.0,-25.0,0.0,0.0,0.0,0.0,0.0,0.0,0.0,3.0,0.0,0.0,1.0,18640.0,0.0,,,,,,,,,,,,,,,,,,,,,,,,,,,,,,,,,,,,,,
2026,DISTRICT_MANAGED_2026.xlsx,Traditional,UPLIFT HS,High,UPTOWN,Network 14,38.0,,,,394.0,,0.0,1.0,1.0,1.0,1.0,1.0,,1.97,0.0,,1.0,25742.5,10.0,25.0,1.0,0.0,0.0,0.0,,,,,,2.0,3.0,,,,,18:1,1563.0,12.0,0.0,1.0,0.0,0.0,0.0,,0.0,0.0,0.0,0.0,2.0,0.0,0.0,0.0,0.25,,0.0,,0.0,0.0,,0.0,0.0,0.0,0.0,0.0,0.0,0.0,0.0,226.0,200.0,132.0,68.0,0.0,60000.0,0.0,0.0,0.0,0.0,0.0,0.0,1.0,1.0,1.0,18640.0,0.0,,,,,,,,,,,,,,,,,,,,,,,,,,,,,,,,,,,,,,
2026,DISTRICT_MANAGED_2026.xlsx,Traditional,VANDERPOEL,Elementary,BEVERLY,Network 10,31.0,,,,300.5,,0.0,1.0,1.0,1.0,1.0,1.0,,0.0,0.0,,0.0,176462.75,4.0,6.0,0.5,0.0,0.0,0.0,,,,,,1.0,2.0,,,,,24:1,593.0,11.0,3.0,1.0,1.0,0.0,0.0,,0.0,0.0,0.0,0.0,0.0,0.0,0.0,0.0,0.0,,0.0,,0.0,0.0,,0.0,0.0,0.0,0.0,0.0,139940.0,0.0,0.0,242.0,242.0,239.0,3.0,0.0,0.0,0.0,0.0,0.0,0.0,0.0,0.0,0.0,0.0,0.0,18640.0,0.0,,,,,,,,,,,,,,,,,,,,,,,,,,,,,,,,,,,,,,
2026,DISTRICT_MANAGED_2026.xlsx,Traditional,VOLTA,Elementary,ALBANY PARK,Network 1,30.0,,,,406.75,,2.0,1.0,1.0,1.0,2.0,0.0,,3.0,0.0,,0.0,210888.74,7.0,9.0,0.5,0.0,3.0,3.0,,,,,,5.0,2.0,,,,,24:1,581.0,29.0,6.0,2.0,0.0,1.0,0.0,,1.0,0.0,1.0,0.0,0.0,0.0,0.0,0.0,0.0,,0.0,,0.0,0.0,,0.0,0.0,0.0,0.0,0.0,25000.0,0.0,0.0,736.0,688.0,681.0,7.0,0.0,0.0,0.0,0.0,0.0,0.0,0.0,1.0,0.0,0.0,3.0,18640.0,1.0,,,,,,,,,,,,,,,,,,,,,,,,,,,,,,,,,,,,,,
2026,DISTRICT_MANAGED_2026.xlsx,Traditional,VON LINNE,Elementary,AVONDALE,Network 4,28.0,,,,292.0,,0.0,1.0,1.0,1.0,2.0,0.0,,0.0,0.0,,1.0,359429.79,6.0,6.0,1.0,0.0,3.0,3.0,,,,,,4.0,2.0,,,,,24:1,557.0,27.0,6.0,2.0,0.0,0.0,0.0,,1.0,0.0,1.0,0.0,0.0,0.0,0.0,0.0,0.0,,0.0,,0.0,0.0,,0.0,0.0,0.0,0.0,0.0,0.0,0.0,0.0,685.0,627.0,640.0,-13.0,0.0,0.0,0.0,0.0,0.0,0.0,0.0,0.0,0.0,0.0,2.0,18640.0,0.0,,,,,,,,,,,,,,,,,,,,,,,,,,,,,,,,,,,,,,
2026,DISTRICT_MANAGED_2026.xlsx,Traditional,VON STEUBEN HS,High,NORTH PARK,Network 14,20.0,,,,296.25,,0.0,1.0,1.0,1.0,4.0,0.0,,5.5,3.0,,7.0,198151.19,12.0,5.0,1.5,0.0,0.0,0.0,,,,,,7.0,4.0,,,,,21:1,1239.0,79.0,0.0,3.0,0.0,0.0,0.0,,0.0,1.0,0.0,2.0,2.0,0.0,1.0,0.0,0.0,,0.0,,0.0,0.0,,0.0,0.0,0.0,0.0,130000.0,0.0,0.0,0.0,1675.0,1651.0,1647.0,4.0,0.0,0.0,0.0,0.0,0.0,-2.0,0.0,0.0,0.0,0.0,1.0,18640.0,0.0,,,,,,,,,,,,,,,,,,,,,,,,,,,,,,,,,,,,,,
2026,DISTRICT_MANAGED_2026.xlsx,Traditional,WACKER,Elementary,WASHINGTON HEIGHTS,ISP,30.0,,,,360.0,,0.0,1.0,1.0,1.0,1.0,1.0,,0.5,0.0,,0.0,64554.6,6.0,10.0,0.5,0.0,1.0,1.0,,,,,,2.0,1.0,,,,,24:1,581.0,10.0,3.0,1.0,0.0,0.0,0.0,,0.0,0.0,0.0,0.0,0.0,0.0,0.0,0.0,0.0,,0.0,,0.0,0.0,,0.0,0.0,0.0,0.0,0.0,0.0,0.0,0.0,216.0,201.0,203.0,-2.0,0.0,0.0,0.0,0.0,0.0,0.0,0.0,1.0,0.0,0.0,0.0,18640.0,0.0,,,,,,,,,,,,,,,,,,,,,,,,,,,,,,,,,,,,,,
2026,DISTRICT_MANAGED_2026.xlsx,Traditional,WADSWORTH,Elementary,WOODLAWN,Network 9,30.0,,,,415.25,,0.0,1.0,1.0,1.0,1.0,1.0,,0.0,0.0,,0.0,130862.85,4.0,11.0,0.5,0.0,6.0,3.0,,,,,,4.0,2.0,,,,,24:1,581.0,18.0,4.0,1.0,0.0,0.0,0.0,,0.0,0.0,0.0,0.0,0.0,0.0,0.0,2.0,0.0,,0.0,,0.0,0.0,,0.0,0.0,0.0,0.0,0.0,80929.0,0.0,0.0,487.0,422.0,407.0,15.0,0.0,0.0,0.0,0.0,0.0,0.0,0.0,3.0,0.0,1.0,0.5,18640.0,1.0,,,,,,,,,,,,,,,,,,,,,,,,,,,,,,,,,,,,,,
2026,DISTRICT_MANAGED_2026.xlsx,Traditional,WALSH,Elementary,LOWER WEST SIDE,Network 7,37.0,,,,385.5,,0.0,1.0,1.0,1.0,1.0,1.0,,0.0,0.0,,0.0,61980.67,11.0,14.0,1.0,0.0,2.0,1.0,,,,,,3.0,1.0,,,,,24:1,665.0,10.0,3.0,0.0,0.0,0.0,0.0,,0.0,0.0,0.0,0.0,0.0,0.0,1.0,0.0,0.0,,0.0,,0.0,0.0,,0.0,0.0,0.0,0.0,0.0,37852.0,0.0,0.0,253.0,181.0,251.0,-70.0,0.0,0.0,0.0,0.0,0.0,0.0,0.0,0.0,0.0,0.0,1.0,18640.0,0.0,,,,,,,,,,,,,,,,,,,,,,,,,,,,,,,,,,,,,,
2026,DISTRICT_MANAGED_2026.xlsx,Traditional,WARD J,Elementary,ARMOUR SQUARE,Network 6,32.0,,,,381.25,,0.0,1.0,1.0,1.0,1.0,1.0,,1.0,0.0,,0.0,283624.25,6.0,9.0,0.5,0.0,2.0,2.0,,,,,,4.0,1.0,,,,,24:1,605.0,20.0,4.0,2.0,0.0,0.0,0.0,,0.0,0.0,0.0,0.0,0.0,0.0,0.0,0.0,0.0,,0.0,,0.0,0.0,,0.0,0.0,0.0,0.0,0.0,0.0,0.0,0.0,499.0,460.0,461.0,-1.0,0.0,0.0,0.0,0.0,0.0,0.0,0.0,0.0,0.0,0.0,1.0,18640.0,0.0,,,,,,,,,,,,,,,,,,,,,,,,,,,,,,,,,,,,,,
2026,DISTRICT_MANAGED_2026.xlsx,Traditional,WARD L,Elementary,HUMBOLDT PARK,Network 5,41.0,,,,411.0,,0.0,1.0,1.0,1.0,1.0,1.0,,0.0,0.0,,0.0,248980.3,7.0,14.0,1.0,0.0,3.0,2.0,,,,,,3.0,2.0,,,,,22:1,713.0,10.0,3.0,1.0,0.0,0.0,0.0,,0.0,0.0,0.0,0.0,0.0,0.0,0.0,0.0,0.0,,0.0,,0.0,0.0,,0.0,0.0,0.0,0.0,0.0,25000.0,0.0,0.0,277.0,213.0,214.0,-1.0,0.0,0.0,0.0,0.0,0.0,0.0,0.0,0.0,0.0,1.0,1.0,18640.0,1.0,,,,,,,,,,,,,,,,,,,,,,,,,,,,,,,,,,,,,,
2026,DISTRICT_MANAGED_2026.xlsx,Traditional,WARREN,Elementary,CALUMET HEIGHTS,Network 12,32.0,,,,436.5,,0.0,1.0,1.0,1.0,1.0,1.0,,0.0,0.0,,1.0,149622.65,4.0,5.0,0.5,0.0,1.0,1.0,,,,,,3.0,2.0,,,,,24:1,605.0,13.0,3.0,1.0,0.0,0.0,0.0,,0.0,0.0,0.0,0.0,0.0,0.0,0.0,0.0,0.0,,0.0,,0.0,0.0,,0.0,0.0,0.0,0.0,0.0,0.0,0.0,0.0,315.0,294.0,261.0,33.0,0.0,0.0,0.0,0.0,0.0,0.0,0.0,1.0,0.0,0.0,0.0,18640.0,0.0,,,,,,,,,,,,,,,,,,,,,,,,,,,,,,,,,,,,,,
2026,DISTRICT_MANAGED_2026.xlsx,Traditional,WASHINGTON G ES,Elementary,EAST SIDE,Network 13,28.0,,,,343.0,,0.0,1.0,1.0,1.0,1.0,1.0,,0.0,0.0,,2.0,139512.19,6.0,7.0,1.0,0.0,2.0,2.0,,,,,,4.0,2.0,,,,,24:1,557.0,23.0,5.0,2.0,0.0,1.0,0.0,,1.0,0.0,0.0,0.0,0.0,0.0,0.0,0.0,0.0,,0.0,,0.0,0.0,,0.0,0.0,0.0,0.0,0.0,0.0,0.0,0.0,570.0,541.0,577.0,-36.0,0.0,0.0,0.0,0.0,0.0,0.0,0.0,2.0,0.0,0.0,1.0,18640.0,0.0,,,,,,,,,,,,,,,,,,,,,,,,,,,,,,,,,,,,,,
2026,DISTRICT_MANAGED_2026.xlsx,Traditional,WASHINGTON H ES,Elementary,BURNSIDE,Network 12,38.0,,,,449.25,,0.0,1.0,1.0,1.0,1.0,1.0,,0.0,0.0,,2.15,82735.78,4.0,8.0,0.5,0.0,1.0,1.0,,,,,,3.0,0.85,,,,,22:1,677.0,12.0,3.0,1.0,1.0,0.0,0.0,,0.0,0.0,0.0,0.0,0.0,0.0,0.0,0.0,0.0,,0.0,,0.0,0.0,,0.0,0.0,0.0,0.0,0.0,0.0,0.0,0.0,274.0,252.0,221.0,31.0,0.0,0.0,0.0,0.0,0.0,0.0,0.0,0.0,0.0,0.0,0.0,18640.0,0.0,,,,,,,,,,,,,,,,,,,,,,,,,,,,,,,,,,,,,,
2026,DISTRICT_MANAGED_2026.xlsx,Traditional,WASHINGTON HS,High,EAST SIDE,Network 17,30.0,,,,351.5,,0.0,1.0,1.0,1.0,3.0,0.0,,1.0,0.0,,20.0,327433.3,18.0,15.0,2.0,0.0,0.0,0.0,,,,,,6.0,3.0,,,,,19:1,1419.0,77.0,0.0,3.0,0.0,0.0,0.0,,1.0,1.0,2.0,1.0,1.0,0.0,1.0,0.0,0.0,,2.0,,0.0,0.0,,0.0,0.0,0.0,0.0,0.0,139380.0,0.0,1.0,1468.0,1445.0,1467.0,-22.0,0.0,0.0,0.0,0.0,0.0,0.0,0.0,0.0,0.0,0.0,2.0,18640.0,0.0,,,,,,,,,,,,,,,,,,,,,,,,,,,,,,,,,,,,,,
2026,DISTRICT_MANAGED_2026.xlsx,Traditional,WATERS,Elementary,LINCOLN SQUARE,Network 2,20.0,,,,0.0,,0.0,1.0,1.0,1.0,2.0,0.0,,3.0,0.0,,0.0,4183.74,8.0,13.0,1.0,0.0,1.0,1.0,,,,,,4.0,2.0,,,,,26:1,461.0,27.0,6.0,0.0,0.0,0.0,0.0,,0.0,0.0,0.0,0.0,0.0,0.0,0.0,0.0,0.0,,0.0,,0.0,0.0,,0.0,0.0,0.0,0.0,0.0,0.0,0.0,3.0,701.0,680.0,634.0,46.0,0.0,0.0,0.0,0.0,0.0,-1.0,0.0,1.0,0.0,0.0,1.0,18640.0,0.0,,,,,,,,,,,,,,,,,,,,,,,,,,,,,,,,,,,,,,
2026,DISTRICT_MANAGED_2026.xlsx,Traditional,WEBSTER,Elementary,WEST GARFIELD PARK,Network 5,42.0,,,,470.5,,0.0,1.0,1.0,2.0,1.0,1.0,,0.0,0.0,,0.0,141049.6,3.0,2.0,0.0,0.0,2.0,2.0,,,,,,2.0,2.0,,,,,22:1,725.0,10.0,3.0,1.0,0.0,0.0,0.0,,0.0,0.0,0.0,0.0,0.0,1.0,0.0,1.0,0.0,,0.0,,0.0,0.0,,0.0,0.0,0.0,0.0,0.0,0.0,0.0,0.0,188.0,152.0,173.0,-21.0,0.0,0.0,0.0,0.0,0.0,0.0,0.0,0.0,0.0,0.0,0.0,18640.0,0.0,,,,,,,,,,,,,,,,,,,,,,,,,,,,,,,,,,,,,,
2026,DISTRICT_MANAGED_2026.xlsx,Traditional,WELLS ES,Elementary,DOUGLAS,Network 9,32.0,,,,457.75,,0.0,1.0,1.0,1.0,1.0,1.0,,0.0,0.0,,0.0,141653.5,5.0,12.0,0.5,0.0,2.0,2.0,,,,,,3.0,2.0,,,,,24:1,605.0,12.0,3.0,1.0,0.0,0.0,0.0,,0.0,0.0,0.0,0.0,0.0,0.0,1.0,0.0,0.0,,1.0,,0.0,0.0,,0.0,0.0,0.0,0.0,0.0,153141.0,0.0,0.0,312.0,276.0,283.0,-7.0,0.0,0.0,0.0,0.0,0.0,0.0,0.0,0.0,0.0,0.0,0.0,18640.0,0.0,,,,,,,,,,,,,,,,,,,,,,,,,,,,,,,,,,,,,,
2026,DISTRICT_MANAGED_2026.xlsx,Traditional,WELLS HS,High,WEST TOWN,Network 15,30.0,,,,402.5,,0.0,1.0,1.0,1.0,1.0,0.0,,0.0,0.0,,2.0,313959.35,5.0,4.0,0.5,0.0,0.0,0.0,,,,,,1.0,4.0,,,,,19:1,1419.0,20.0,0.0,1.0,0.0,0.0,0.0,,0.0,0.0,0.0,0.0,1.0,0.0,0.0,0.0,0.5,,0.0,,0.0,0.0,,0.0,0.0,0.0,1.0,150000.0,0.0,0.0,0.43,366.0,366.0,389.0,-23.0,0.0,60000.0,0.0,0.0,0.0,0.0,-1.0,0.0,0.0,0.0,1.0,18640.0,0.0,,,,,,,,,,,,,,,,,,,,,,,,,,,,,,,,,,,,,,
2026,DISTRICT_MANAGED_2026.xlsx,Traditional,WENTWORTH,Elementary,WEST ENGLEWOOD,Network 11,42.0,,,,428.0,,0.0,1.0,1.0,1.0,2.0,1.0,,0.0,0.0,,2.0,220085.5,15.0,16.0,1.0,0.0,3.0,2.0,,,,,,5.0,3.0,,,,,22:1,725.0,16.0,4.0,1.0,0.0,0.0,0.0,,0.0,0.0,0.0,0.0,0.0,0.0,0.0,0.0,0.0,,0.0,,0.0,0.0,,0.0,0.0,0.0,1.0,0.0,25000.0,0.0,0.0,434.0,337.0,316.0,21.0,0.0,0.0,0.0,0.0,0.0,0.0,0.0,0.0,0.0,1.0,1.0,18640.0,1.0,,,,,,,,,,,,,,,,,,,,,,,,,,,,,,,,,,,,,,
2026,DISTRICT_MANAGED_2026.xlsx,Traditional,WEST PARK,Elementary,HUMBOLDT PARK,Network 5,40.0,,,,449.25,,0.0,1.0,1.0,1.0,2.0,1.0,,0.0,0.0,,1.0,354856.0220108077,9.0,12.0,1.0,0.0,2.0,2.0,,,,,,4.0,2.0,,,,,22:1,701.0,19.0,4.0,1.0,0.0,0.0,0.0,,0.0,0.0,0.0,0.0,0.0,0.0,0.0,0.0,0.0,,0.0,,0.0,0.0,,0.0,0.0,0.0,0.0,0.0,25000.0,0.0,0.0,443.0,405.0,423.0,-18.0,0.0,0.0,0.0,0.0,0.0,0.0,0.0,0.0,0.0,1.0,1.0,18640.0,1.0,,,,,,,,,,,,,,,,,,,,,,,,,,,,,,,,,,,,,,
2026,DISTRICT_MANAGED_2026.xlsx,Traditional,WEST RIDGE,Elementary,WEST RIDGE,ISP,23.0,,,,398.25,,0.0,1.0,1.0,1.0,2.0,0.0,,0.0,0.0,,1.0,101436.8,10.0,26.0,1.5,0.0,4.0,2.0,,,,,,4.0,1.0,,,,,26:1,497.0,24.0,6.0,2.0,0.0,0.0,0.0,,0.0,0.0,1.0,0.0,0.0,0.0,0.0,0.0,0.0,,0.0,,0.0,0.0,,0.0,0.0,0.0,0.0,0.0,0.0,0.0,0.0,683.0,614.0,597.0,17.0,0.0,0.0,0.0,0.0,0.0,0.0,0.0,4.0,0.0,0.0,2.0,18640.0,0.0,,,,,,,,,,,,,,,,,,,,,,,,,,,,,,,,,,,,,,
2026,DISTRICT_MANAGED_2026.xlsx,Traditional,WESTCOTT,Elementary,CHATHAM,Network 11,40.0,,,,432.25,,0.0,1.0,1.0,1.0,1.0,1.0,,0.0,0.0,,1.8,136039.25,9.0,8.0,1.0,0.0,5.0,3.0,,,,,,4.0,1.0,,,,,22:1,701.0,15.0,3.0,1.0,0.0,0.0,0.0,,0.0,0.0,0.0,0.0,0.0,0.0,0.0,0.0,0.0,,0.0,,0.0,0.0,,0.0,0.0,0.0,0.0,0.0,25000.0,0.0,0.0,389.0,323.0,338.0,-15.0,0.0,0.0,0.0,0.0,0.0,0.0,0.0,1.0,0.0,0.0,0.0,18640.0,1.0,,,,,,,,,,,,,,,,,,,,,,,,,,,,,,,,,,,,,,
2026,DISTRICT_MANAGED_2026.xlsx,Traditional,WESTINGHOUSE HS,High,HUMBOLDT PARK,Network 15,25.0,,,,360.0,,4.0,1.0,1.0,1.0,3.0,0.0,,1.0,3.0,,3.22,622749.8,11.0,19.0,1.0,0.0,0.0,0.0,,,,,,4.0,4.78,,,,,21:1,1329.0,57.0,0.0,3.0,0.0,0.0,0.0,,0.0,1.0,0.0,1.0,3.0,1.0,1.0,0.0,0.0,,0.0,,0.0,0.0,,0.0,0.0,0.0,0.0,160000.0,0.0,0.0,0.0,1226.0,1182.0,1192.0,-10.0,0.0,0.0,0.0,0.0,0.0,-2.0,0.0,0.0,0.0,0.0,1.0,18640.0,0.0,,,,,,,,,,,,,,,,,,,,,,,,,,,,,,,,,,,,,,
2026,DISTRICT_MANAGED_2026.xlsx,Traditional,WHISTLER,Elementary,WEST PULLMAN,Network 13,35.0,,,,411.0,,0.0,1.0,1.0,1.0,1.0,1.0,,0.0,0.0,,0.0,208624.0,7.0,20.0,0.5,0.0,1.0,1.0,,,,,,2.0,1.0,,,,,24:1,641.0,10.0,3.0,1.0,0.0,0.0,0.0,,0.0,0.0,0.0,0.0,0.0,0.0,0.0,0.0,0.0,,0.0,,0.0,0.0,,0.0,0.0,0.0,0.0,0.0,0.0,0.0,0.0,244.0,189.0,203.0,-14.0,0.0,0.0,0.0,0.0,0.0,0.0,0.0,0.0,0.0,0.0,0.0,18640.0,0.0,,,,,,,,,,,,,,,,,,,,,,,,,,,,,,,,,,,,,,
2026,DISTRICT_MANAGED_2026.xlsx,Traditional,WHITE,Elementary,WEST PULLMAN,Network 13,34.0,,,,462.0,,0.0,1.0,1.0,1.0,1.0,1.0,,0.0,0.0,,0.0,177656.49,2.0,5.0,0.0,0.0,1.0,1.0,,,,,,2.0,1.0,,,,,24:1,629.0,10.0,3.0,1.0,0.0,0.0,0.0,,0.0,0.0,0.0,0.0,0.0,0.0,0.0,0.0,0.0,,0.0,,0.0,0.0,,0.0,0.0,0.0,0.0,0.0,0.0,0.0,0.0,117.0,99.0,108.0,-9.0,0.0,0.0,0.0,0.0,0.0,0.0,0.0,0.0,0.0,0.0,0.0,18640.0,0.0,,,,,,,,,,,,,,,,,,,,,,,,,,,,,,,,,,,,,,
2026,DISTRICT_MANAGED_2026.xlsx,Traditional,WHITNEY,Elementary,SOUTH LAWNDALE,Network 7,37.0,,,,419.5,,0.0,1.0,1.0,1.0,1.0,1.0,,0.0,0.0,,2.13,99721.7,6.0,5.0,0.5,0.0,3.0,2.0,,,,,,8.0,2.0,,,,,24:1,665.0,23.0,5.0,2.0,0.0,0.0,0.0,,1.0,0.0,0.0,0.0,1.0,0.0,0.0,0.37,0.0,,0.0,,0.0,0.0,,0.0,0.0,0.0,0.0,0.0,0.0,0.0,0.0,558.0,530.0,594.0,-64.0,0.0,0.0,0.0,0.0,0.0,0.0,0.0,1.0,0.0,0.0,2.0,18640.0,0.0,,,,,,,,,,,,,,,,,,,,,,,,,,,,,,,,,,,,,,
2026,DISTRICT_MANAGED_2026.xlsx,Traditional,WHITTIER,Elementary,LOWER WEST SIDE,Network 7,41.0,,,,423.75,,0.0,1.0,1.0,1.0,1.0,1.0,,0.0,0.0,,1.67,99685.25,3.0,6.0,0.0,0.0,1.0,1.0,,,,,,2.0,1.0,,,,,22:1,713.0,10.0,3.0,0.0,0.0,0.0,0.0,,0.0,0.0,0.0,0.0,0.0,0.0,0.0,0.0,0.0,,0.0,,0.0,0.0,,0.0,0.0,0.0,0.0,0.0,99000.0,0.0,0.0,219.0,201.0,229.0,-28.0,0.0,0.0,0.0,0.0,0.0,0.0,0.0,0.0,0.0,0.0,2.0,18640.0,0.0,,,,,,,,,,,,,,,,,,,,,,,,,,,,,,,,,,,,,,
2026,DISTRICT_MANAGED_2026.xlsx,Traditional,WILDWOOD,Elementary,FOREST GLEN,Network 1,16.0,,,,0.0,,0.0,1.0,1.0,1.0,1.0,1.0,,0.0,0.0,,0.82,88665.3,6.0,10.0,0.5,0.0,2.0,2.0,,,,,,2.0,1.0,,,,,26:1,413.0,19.0,4.0,0.0,0.0,0.0,0.0,,0.0,0.0,0.0,0.0,0.0,0.0,0.0,0.18,0.0,,2.0,,0.0,0.0,,0.0,0.0,0.0,0.0,0.0,0.0,0.0,0.0,517.0,478.0,459.0,19.0,0.0,0.0,0.0,0.0,0.0,0.0,0.0,0.0,0.0,0.0,0.5,18640.0,0.0,,,,,,,,,,,,,,,,,,,,,,,,,,,,,,,,,,,,,,
2026,DISTRICT_MANAGED_2026.xlsx,Traditional,WILLIAMS HS,High,GRAND BOULEVARD,Network 17,35.0,,,,436.5,,0.0,1.0,1.0,1.0,1.0,1.0,,0.0,0.0,,0.0,253175.15,2.0,0.0,0.0,0.0,0.0,0.0,,,,,,1.0,4.0,,,,,19:1,1509.0,10.0,0.0,1.0,0.0,0.0,0.0,,0.0,0.0,0.0,0.0,1.3,0.0,0.5,0.0,0.25,,0.0,,0.0,0.0,,0.0,0.0,0.0,0.0,80000.0,0.0,0.0,0.0,72.0,72.0,79.0,-7.0,0.0,0.0,0.0,0.0,0.0,0.0,0.0,0.0,0.0,0.0,0.0,18640.0,0.0,,,,,,,,,,,,,,,,,,,,,,,,,,,,,,,,,,,,,,
2026,DISTRICT_MANAGED_2026.xlsx,Traditional,WOODLAWN,Elementary,WOODLAWN,Network 9,35.0,,,,419.5,,0.0,1.0,1.0,1.0,1.0,1.0,,0.0,0.0,,0.0,183565.1,2.0,3.0,0.0,0.0,2.0,2.0,,,,,,2.0,1.0,,,,,24:1,641.0,7.0,3.0,1.0,0.0,0.0,0.0,,0.0,0.0,0.0,0.0,0.0,0.0,0.0,0.0,0.0,,0.0,,0.0,0.0,,0.0,0.0,0.0,0.0,0.0,0.0,0.0,0.0,167.0,149.0,142.0,7.0,0.0,0.0,0.0,0.0,0.0,0.0,0.0,0.0,0.0,0.0,0.0,18640.0,0.0,,,,,,,,,,,,,,,,,,,,,,,,,,,,,,,,,,,,,,
2026,DISTRICT_MANAGED_2026.xlsx,Traditional,WOODSON,Elementary,GRAND BOULEVARD,Network 9,38.0,,,,428.0,,0.0,1.0,1.0,1.0,1.0,1.0,,0.0,0.0,,1.0,186521.05,8.0,14.0,1.0,0.0,1.0,1.0,,,,,,3.0,2.0,,,,,22:1,677.0,11.0,3.0,1.0,0.0,0.0,0.0,,0.0,0.0,0.0,0.0,0.0,0.0,0.0,0.0,0.0,,0.0,,0.0,0.0,,0.0,0.0,0.0,0.0,0.0,25000.0,0.0,0.0,294.0,241.0,246.0,-5.0,0.0,0.0,0.0,0.0,0.0,0.0,0.0,0.0,0.0,0.0,0.0,18640.0,1.0,,,,,,,,,,,,,,,,,,,,,,,,,,,,,,,,,,,,,,
2026,DISTRICT_MANAGED_2026.xlsx,Traditional,WORLD LANGUAGE HS,High,SOUTH LAWNDALE,Network 15,46.0,,,,428.0,,0.0,1.0,1.0,1.0,2.0,1.0,,0.5,0.0,,3.0,486446.05,8.0,3.0,0.5,0.0,0.0,0.0,,,,,,0.0,6.0,,,,,18:1,1707.0,21.0,0.0,1.0,0.0,0.0,0.0,,0.0,0.0,0.0,0.0,1.0,0.0,0.0,0.0,0.33,,0.0,,0.0,0.0,,0.0,0.0,0.0,0.0,160000.0,0.0,0.0,0.0,377.0,377.0,336.0,41.0,0.0,0.0,0.0,0.0,-1.0,0.0,0.0,0.0,0.0,0.0,1.0,18640.0,1.0,,,,,,,,,,,,,,,,,,,,,,,,,,,,,,,,,,,,,,
2026,DISTRICT_MANAGED_2026.xlsx,Traditional,YATES,Elementary,LOGAN SQUARE,Network 5,40.0,,,,423.75,,0.0,1.0,1.0,1.0,1.0,1.0,,1.0,0.0,,1.0,105048.6,12.0,18.0,1.0,0.0,1.0,1.0,,,,,,2.0,3.0,,,,,22:1,701.0,10.0,3.0,1.0,0.0,0.0,0.0,,0.0,0.0,0.0,0.0,0.0,0.0,0.0,0.0,0.0,,0.0,,0.0,0.0,,0.0,0.0,0.0,0.0,0.0,0.0,0.0,0.0,271.0,214.0,279.0,-65.0,0.0,0.0,0.0,0.0,0.0,0.0,0.0,0.0,0.0,0.0,1.0,18640.0,1.0,,,,,,,,,,,,,,,,,,,,,,,,,,,,,,,,,,,,,,
2026,DISTRICT_MANAGED_2026.xlsx,Traditional,YOUNG ES,Elementary,AUSTIN,Network 3,33.0,,,,394.0,,0.0,1.0,1.0,1.0,1.0,1.0,,2.0,0.0,,0.0,70926.881,6.0,7.0,0.5,0.0,2.0,2.0,,,,,,5.0,1.0,,,,,24:1,617.0,16.0,4.0,1.0,0.0,0.0,0.0,,0.0,0.0,0.0,0.0,0.0,0.0,0.0,0.0,0.0,,0.0,,0.0,0.0,,0.0,0.0,0.0,0.0,0.0,61219.0,0.0,0.0,408.0,381.0,377.0,4.0,0.0,0.0,0.0,0.0,0.0,0.0,0.0,0.0,0.0,0.0,1.0,18640.0,1.0,,,,,,,,,,,,,,,,,,,,,,,,,,,,,,,,,,,,,,
2026,DISTRICT_MANAGED_2026.xlsx,Traditional,YOUNG HS,High,NEAR WEST SIDE,Network 15,15.0,,,,0.0,,2.0,1.0,1.0,1.0,5.0,0.0,,3.5,5.0,,4.0,232557.35,17.0,35.0,2.0,8.0,0.0,0.0,,,,,,4.0,6.0,,,,,21:1,1149.0,102.0,0.0,0.0,0.0,0.0,0.0,,0.0,1.0,2.0,3.0,3.0,0.0,1.0,0.0,0.0,,0.0,,0.0,0.0,,0.0,0.0,0.0,0.0,150000.0,0.0,0.0,0.0,2210.0,2127.0,2135.0,-8.0,0.0,0.0,0.0,0.0,0.0,0.0,0.0,0.0,0.0,0.0,1.0,18640.0,0.0,,,,,,,,,,,,,,,,,,,,,,,,,,,,,,,,,,,,,,
2026,DISTRICT_MANAGED_2026.xlsx,Traditional,ZAPATA,Elementary,SOUTH LAWNDALE,Network 7,39.0,,,,398.25,,0.0,1.0,1.0,2.0,2.0,1.0,,1.0,0.0,,1.0,241072.5,9.0,24.0,1.0,0.0,5.0,3.0,,,,,,8.0,1.0,,,,,22:1,689.0,22.0,5.0,2.0,0.0,0.0,0.0,,0.0,0.0,0.0,0.0,0.0,0.0,0.0,0.0,0.0,,0.0,,0.0,0.0,,0.0,0.0,0.0,0.0,0.0,0.0,0.0,0.0,522.0,470.0,488.0,-18.0,0.0,0.0,0.0,0.0,0.0,0.0,0.0,1.0,0.0,0.0,2.0,18640.0,1.0,,,,,,,,,,,,,,,,,,,,,,,,,,,,,,,,,,,,,,
2026,DISTRICT_MANAGED_2026.xlsx,Traditional,Projected Additional Resources Budgeted Citywide,,,,,,,,,,,,,,,,,,,,,3000000.0,100.0,350.0,,,,,,,,,,,,,,,,,,60.0,,,,,,,,,,,,,,,,,,,,,,,,,,,,,,,,,,,,,,,,,75.0,,,,,,,,,,,,,,,,,,,,,,,,,,,,,,,,,,,,,,,,,,,
2026,DISTRICT_MANAGED_2026.xlsx,Alt-Spec,CATALPA,Specialty,PORTAGE PARK,Network 1,,,,,0.0,,0.0,1.0,1.0,1.0,1.0,1.0,,1.0,0.0,,1.0,13277.0,3.0,9.0,0.5,0.0,12.6,8.0,,,,,,2.0,1.0,,,,,,,,,0.0,,,,,,,,0.0,,,,0.0,,,,,,,,,,,0.0,,,,,223.0,,,,,0.0,,,,,0.0,0.0,,,1.0,18640.0,0.0,223.0,0.0,181.0,42.0,0.0,,,,,,,,,,,,,,,,,,,,,,,,,,,,,,,,,
2026,DISTRICT_MANAGED_2026.xlsx,Alt-Spec,VICK,Specialty,MORGAN PARK,Network 10,,,,,0.0,,0.0,1.0,2.0,3.0,1.0,1.0,,0.0,0.0,,0.0,275182.0,5.0,17.0,2.0,0.0,27.0,13.0,,,,,,2.0,2.0,,,,,,,,,0.0,,,,,,,,0.0,,,,1.0,,,,,,,,,,,0.0,,,,,446.0,,,,,0.0,,,,,0.0,0.0,,,1.0,18640.0,0.0,446.0,0.0,420.0,26.0,1.0,,,,,,,,,,,,,,,,,,,,,,,,,,,,,,,,,
2026,DISTRICT_MANAGED_2026.xlsx,Alt-Spec,THOMAS,Specialty,MCKINLEY PARK,ISP,,,,,0.0,,0.0,1.0,1.0,1.0,1.0,1.0,,0.0,0.0,,0.0,139999.61000000002,2.0,8.0,0.5,0.0,11.0,6.0,,,,,,2.0,1.0,,,,,,,,,0.0,,,,,,,,0.0,,,,2.0,,,,,,,,,,,0.0,,,,,131.0,,,,,0.0,,,,,0.0,0.0,,,2.0,18640.0,0.0,131.0,0.0,128.0,3.0,1.0,,,,,,,,,,,,,,,,,,,,,,,,,,,,,,,,,
2026,DISTRICT_MANAGED_2026.xlsx,Alt-Spec,VIRTUAL ACADEMY,Specialty,VIRTUAL,ISP,,,,,389.75,,0.0,1.0,2.0,2.0,2.0,0.0,,3.5,0.0,,1.0,186468.5,23.0,43.0,2.5,0.0,0.0,0.0,,,,,,0.0,0.0,,,,,,,,,2.0,,,,,,,,0.0,,,,0.0,,,,,,,,,,,0.0,,,,,544.0,,,,,0.0,1.0,,,,-1.0,0.0,,,2.0,18640.0,0.0,0.0,544.0,452.0,92.0,45.0,,,,,,,,,,,,,,,,,,,,,,,,,,,,,,,,,
2026,DISTRICT_MANAGED_2026.xlsx,Alt-Spec,JEFFERSON HS,Alternative,NEAR WEST SIDE,Options,,,,,317.5,,0.0,1.0,2.0,1.0,1.0,1.0,,0.0,0.0,,0.0,447257.8,15.0,8.0,0.5,0.0,0.0,0.0,,,,,,0.0,0.0,,,,,,,,,1.0,,,,,,,,0.0,,,,0.0,,,,,,,,,,,0.0,,,,,191.0,,,,,0.0,1.0,,,,0.0,0.0,,,0.0,18640.0,0.5,0.0,191.0,174.0,17.0,8.0,,,,,,,,,,,,,,,,,,,,,,,,,,,,,,,,,
2026,DISTRICT_MANAGED_2026.xlsx,Alt-Spec,BEARD,Specialty,NORWOOD PARK,Network 1,,,,,364.25,,0.0,1.0,1.0,2.0,1.0,1.0,,0.0,0.0,,0.5,163124.2,13.0,63.0,1.5,0.0,21.0,12.0,,,,,,3.0,2.0,,,,,,,,,1.0,,,,,,,,0.0,,,,1.0,,,,,,,,,,,0.0,,,,,396.0,,,,,0.0,1.0,,,,0.0,1.0,,,1.0,18640.0,0.0,332.0,64.0,348.0,48.0,3.0,,,,,,,,,,,,,,,,,,,,,,,,,,,,,,,,,
2026,DISTRICT_MANAGED_2026.xlsx,Alt-Spec,BLAIR,Specialty,CLEARING,Network 10,,,,,321.75,,0.0,1.0,1.0,1.0,1.0,1.0,,0.0,0.0,,0.0,194988.85,17.0,40.0,1.5,0.0,6.0,3.0,,,,,,1.0,1.0,,,,,,,,,1.0,,,,,,,,0.0,,,,0.0,,,,,,,,,,,0.0,,,,,262.0,,,,,0.0,,,,,0.0,0.0,,,1.0,18640.0,0.0,177.0,85.0,256.0,6.0,2.0,,,,,,,,,,,,,,,,,,,,,,,,,,,,,,,,,
2026,DISTRICT_MANAGED_2026.xlsx,Alt-Spec,STOCK,Specialty,EDISON PARK,Network 1,,,,,0.0,,1.0,1.0,1.0,1.0,1.0,0.0,,0.0,0.0,,0.0,160499.6,4.0,11.0,1.0,0.0,12.0,6.0,,,,,,1.0,0.0,,,,,,,,,0.0,,,,,,,,0.0,,,,0.0,,,,,,,,,,,0.0,,,,,208.0,,,,,0.0,,,,,-1.0,0.0,,,1.0,18640.0,0.0,208.0,0.0,212.0,-4.0,1.0,,,,,,,,,,,,,,,,,,,,,,,,,,,,,,,,,
2026,DISTRICT_MANAGED_2026.xlsx,Alt-Spec,RUDOLPH,Specialty,NEAR WEST SIDE,Network 6,,,,,423.75,,0.0,1.0,1.0,1.0,1.0,1.0,,0.0,0.0,,0.0,163578.2,13.0,39.0,1.0,0.0,0.0,0.0,,,,,,2.0,1.0,,,,,,,,,1.0,,,,,,,,0.0,,,,0.0,,,,,,,,,,,0.0,,,,,100.0,,,,,0.0,,,,,0.0,0.0,,,0.5,18640.0,0.0,27.0,73.0,99.0,1.0,2.0,,,,,,,,,,,,,,,,,,,,,,,,,,,,,,,,,
2026,DISTRICT_MANAGED_2026.xlsx,Alt-Spec,FISHER,Specialty,LINCOLN PARK,Network 4,,,,,0.0,,0.0,1.0,1.0,1.0,1.0,1.0,,0.0,0.0,,1.0,58663.05,2.0,5.0,0.5,0.0,9.0,5.3,,,,,,2.0,1.0,,,,,,,,,0.0,,,,,,,,0.0,,,,0.0,,,,,,,,,,,0.0,,,,,139.0,,,,,0.0,,,,,0.0,0.0,,,0.5,18640.0,0.0,139.0,0.0,124.0,15.0,0.0,,,,,,,,,,,,,,,,,,,,,,,,,,,,,,,,,
2026,DISTRICT_MANAGED_2026.xlsx,Alt-Spec,NORTHSIDE LEARNING HS,Specialty,NORTH PARK,Network 14,,,,,385.5,,0.0,1.0,1.0,2.0,1.0,1.0,,0.0,0.0,,0.0,357207.5,32.5,87.0,2.0,0.0,0.0,0.0,,,,,,3.0,1.0,,,,,,,,,1.0,,,,,,,,0.0,,,,0.0,,,,,,,,,,,0.0,,,,,269.0,,,,,60000.0,,,,,0.0,0.0,,,1.0,18640.0,0.0,0.0,269.0,277.0,-8.0,4.0,,,,,,,,,,,,,,,,,,,,,,,,,,,,,,,,,
2026,DISTRICT_MANAGED_2026.xlsx,Alt-Spec,SOUTHSIDE HS,Specialty,WEST ENGLEWOOD,Network 16,,,,,411.0,,0.0,1.0,2.0,2.0,1.0,0.0,,1.0,0.0,,1.0,556866.5,42.0,76.0,3.0,2.0,0.0,0.0,,,,,,2.0,3.0,,,,,,,,,1.0,,,,,,,,0.0,,,,0.0,,,,,,,,,,,0.0,,,,,376.0,,,,,60000.0,,,,,-1.0,0.0,,,1.0,18640.0,1.0,0.0,376.0,370.0,6.0,2.5,,,,,,,,,,,,,,,,,,,,,,,,,,,,,,,,,
2026,DISTRICT_MANAGED_2026.xlsx,Alt-Spec,YORK HS,Alternative,SOUTH LAWNDALE,Options,,,,,283.5,,0.0,1.0,2.0,2.0,1.0,1.0,,0.0,0.0,,0.0,440830.25,9.0,6.0,1.0,0.0,0.0,0.0,,,,,,0.0,0.0,,,,,,,,,1.0,,,,,,,,0.0,,,,0.0,,,,,,,,,,,0.0,,,,,161.0,,,,,0.0,2.0,,,,0.0,0.0,,,0.0,18640.0,0.5,0.0,161.0,165.0,-4.0,9.0,,,,,,,,,,,,,,,,,,,,,,,,,,,,,,,,,
2026,DISTRICT_MANAGED_2026.xlsx,Alt-Spec,SIMPSON HS,Alternative,NEAR WEST SIDE,Options,,,,,470.5,,0.0,1.0,1.0,1.0,1.0,0.0,,1.0,1.0,,0.1,166599.25,3.0,3.0,0.0,0.0,0.0,0.0,,,,,,1.0,0.9,,,,,,,,,1.0,,,,,,,,0.0,,,,0.0,,,,,,,,,,,0.0,,,,,34.0,,,,,0.0,,,,,-1.0,1.0,,,0.0,18640.0,0.0,0.0,34.0,22.0,12.0,2.0,,,,,,,,,,,,,,,,,,,,,,,,,,,,,,,,,
2026,DISTRICT_MANAGED_2026.xlsx,Alt-Spec,VAUGHN HS,Specialty,PORTAGE PARK,Network 14,,,,,372.75,,0.0,1.0,1.0,1.0,1.0,1.0,,1.0,0.0,,1.0,268030.8,23.0,58.0,2.0,3.0,0.0,0.0,,,,,,2.0,2.0,,,,,,,,,1.0,,,,,,,,0.0,,,,0.0,,,,,,,,,,,0.0,,,,,225.0,,,,,60000.0,,,,,0.0,0.0,,,1.0,18640.0,0.0,0.0,225.0,214.0,11.0,4.0,,,,,,,,,,,,,,,,,,,,,,,,,,,,,,,,,
2026,DISTRICT_MANAGED_2026.xlsx,Alt-Spec,GRAHAM HS,Specialty,NEAR SOUTH SIDE,Network 14,,,,,411.0,,0.0,1.0,1.0,2.0,1.0,1.0,,0.0,0.0,,0.0,492569.0,33.0,53.0,2.0,1.0,0.0,0.0,,,,,,2.0,1.0,,,,,,,,,1.0,,,,,,,,0.0,,,,0.0,,,,,,,,,,,0.0,,,,,259.0,,,,,60000.0,,,,,0.0,0.0,,,1.0,18640.0,0.0,0.0,259.0,255.0,4.0,2.0,,,,,,,,,,,,,,,,,,,,,,,,,,,,,,,,,
2026,DISTRICT_MANAGED_2026.xlsx,Alt-Spec,PEACE AND EDUCATION HS,Alternative,NEW CITY,Options,,,,,368.5,,3.0,1.0,1.0,3.0,1.0,1.0,,0.0,0.0,,1.0,355766.5,4.0,3.0,0.0,0.0,0.0,0.0,,,,,,2.0,4.0,,,,,,,,,1.0,,,,,,,,1.0,,,,0.0,,,,,,,,,,,1.0,,,,,191.0,,,,,0.0,1.0,,,,0.0,0.0,,,1.0,18640.0,1.0,0.0,191.0,146.0,45.0,3.0,,,,,,,,,,,,,,,,,,,,,,,,,,,,,,,,,
2027,DISTRICT_MANAGED_2027.xlsx,Traditional,COLUMBIA EXPLORERS,Elementary,BRIGHTON PARK,ISP,35.0,,,,454.0,,0.0,1.0,1.0,3.0,1.0,,,0.0,0.0,,0.0,370083.62,9.0,13.0,1.0,0.0,7.0,4.0,,,,,,6.0,2.0,,,,,25:1,653.0,23.0,5.0,1.0,,,,,0.0,0.0,0.0,1.0,0.0,0.0,0.0,0.0,,,0.0,,0.0,0.0,,0.0,0.0,0.0,0.0,0.0,0.0,0.0,0.0,,617.0,,,-2.0,,,0.0,-1.0,,,3.0,0.0,1.0,2.0,15000.0,0.0,,,,,,671.0,574.0,-43.0,3.0,0.0,20000.0,0.0,0.0,,,,,,,,,,,,,,,,,,,,,,,,,
2027,DISTRICT_MANAGED_2027.xlsx,Traditional,ADDAMS,Elementary,EAST SIDE,Network 13,31.0,,,,437.5,,0.0,1.0,1.0,1.0,1.0,,,1.0,0.0,,0.0,198196.0,7.0,12.0,1.0,0.0,5.0,3.0,,,,,,4.0,2.0,,,,,25:1,605.0,19.0,4.0,1.0,,,,,0.0,0.0,0.0,0.0,1.0,0.0,0.0,0.0,,,0.0,,0.0,1.0,,0.0,0.0,0.0,0.0,0.0,31000.0,0.0,0.0,,475.0,,,0.0,,,0.0,0.0,,,0.0,0.0,0.0,1.0,15000.0,1.0,,,,,,518.0,455.0,-20.0,0.0,0.0,20000.0,0.0,0.0,,,,,,,,,,,,,,,,,,,,,,,,,
2027,DISTRICT_MANAGED_2027.xlsx,Traditional,TUBMAN,Elementary,LAKE VIEW,Network 4,22.0,,,,0.0,,0.0,1.0,1.0,1.0,1.0,,,1.5,0.0,,0.0,36333.7,8.0,14.0,0.5,0.0,1.0,1.0,,,,,,2.0,1.0,,,,,27:1,497.0,10.0,3.0,0.0,,,,,0.0,0.0,0.0,0.0,0.0,0.0,0.0,0.0,,,2.0,,0.0,0.0,,0.0,0.0,0.0,0.0,0.0,0.0,2.0,0.0,,286.0,,,0.0,,,0.0,0.0,,,0.0,0.0,0.0,0.0,15000.0,0.0,,,,,,283.0,263.0,-23.0,0.0,1.0,20000.0,1.0,0.0,,,,,,,,,,,,,,,,,,,,,,,,,
2027,DISTRICT_MANAGED_2027.xlsx,Traditional,ALCOTT ES,Elementary,LINCOLN PARK,Network 4,19.0,,,,0.0,,0.0,1.0,1.0,2.0,1.0,,,0.0,0.0,,0.0,238975.1,10.0,9.0,0.5,0.0,6.0,5.0,,,,,,4.0,2.0,,,,,27:1,461.0,18.0,4.0,0.0,,,,,0.0,0.0,0.0,0.0,0.0,0.0,0.0,1.0,,,0.0,,0.0,0.0,,0.0,0.0,0.0,0.0,0.0,0.0,1.5,0.0,,468.0,,,0.0,,,0.0,0.0,,,0.0,0.0,0.0,0.5,15000.0,0.0,,,,,,569.0,475.0,7.0,0.0,2.0,20000.0,1.0,0.0,,,,,,,,,,,,,,,,,,,,,,,,,
2027,DISTRICT_MANAGED_2027.xlsx,Traditional,ARMOUR,Elementary,BRIDGEPORT,Network 6,32.0,,,,393.5,,0.0,1.0,0.0,1.0,1.0,,,0.0,0.0,,0.0,52651.5,7.0,10.0,0.5,0.0,3.0,2.0,,,,,,4.0,2.0,,,,,25:1,617.0,10.0,3.0,0.0,,,,,0.0,0.0,0.0,1.0,0.0,0.0,0.0,0.0,,,0.0,,0.0,0.0,,0.0,0.0,0.0,0.0,0.0,0.0,0.0,0.0,,226.0,,,0.0,,,0.0,0.0,,,0.0,0.0,1.0,1.0,15000.0,0.0,,,,,,229.0,205.0,-21.0,0.0,0.0,20000.0,0.0,0.0,,,,,,,,,,,,,,,,,,,,,,,,,
2027,DISTRICT_MANAGED_2027.xlsx,Traditional,NEW FIELD,Elementary,ROGERS PARK,Network 2,32.0,,,,421.0,,0.0,1.0,1.0,1.0,1.0,,,1.0,0.0,,1.0,137370.09,8.0,14.0,1.0,0.0,5.0,4.0,,,,,,5.0,1.0,,,,,25:1,617.0,17.0,4.0,1.0,,,,,0.0,0.0,1.0,0.0,0.0,0.0,0.0,0.0,,,0.0,,0.0,0.0,,0.0,0.0,0.0,0.0,0.0,15000.0,0.0,0.0,,446.0,,,0.0,,,0.0,0.0,,,0.0,0.0,0.0,1.0,15000.0,0.0,,,,,,512.0,414.0,-32.0,0.0,0.0,20000.0,0.0,0.0,,,,,,,,,,,,,,,,,,,,,,,,,
2027,DISTRICT_MANAGED_2027.xlsx,Traditional,ARMSTRONG G,Elementary,WEST RIDGE,ISP,29.0,,,,437.5,,0.0,1.0,1.0,1.0,3.0,,,0.0,0.0,,0.5,634720.95,17.0,29.0,1.5,0.0,6.0,4.0,,,,,,9.0,2.0,,,,,25:1,581.0,52.0,11.0,2.0,,,,,1.0,0.0,0.0,0.0,0.0,0.0,1.0,0.0,,,0.0,,0.0,0.0,,0.0,0.0,0.0,0.0,0.0,0.0,0.0,0.0,,1213.0,,,0.0,,,0.0,0.0,,,5.0,0.0,0.0,3.0,15000.0,0.0,,,,,,1375.0,1279.0,66.0,0.0,0.0,60000.0,0.0,0.0,,,,,,,,,,,,,,,,,,,,,,,,,
2027,DISTRICT_MANAGED_2027.xlsx,Traditional,AUDUBON,Elementary,NORTH CENTER,Network 4,15.0,,,,0.0,,2.0,1.0,1.0,2.0,1.0,,,0.5,0.0,,1.0,36240.5,8.0,7.0,0.5,0.0,11.0,10.0,,,,,,4.0,2.85,,,,,27:1,413.0,16.0,4.0,0.0,,,,,0.0,0.0,0.0,0.0,1.0,0.0,0.0,1.0,,,0.0,,0.0,0.0,,0.0,0.0,0.0,0.0,0.0,0.0,3.0,0.0,,444.0,,,0.0,,,0.0,0.0,,,0.0,0.0,0.0,0.5,15000.0,0.0,,,,,,591.0,418.0,-26.0,0.0,0.0,20000.0,0.0,0.0,,,,,,,,,,,,,,,,,,,,,,,,,
2027,DISTRICT_MANAGED_2027.xlsx,Traditional,AVALON PARK,Elementary,AVALON PARK,Network 12,33.0,,,,520.0,,0.0,1.0,0.0,1.0,1.0,,,0.0,0.0,,0.0,56135.42,6.0,8.0,0.0,0.0,1.0,1.0,,,,,,2.0,2.0,,,,,25:1,629.0,10.0,3.0,0.0,,,,,0.0,0.0,0.0,1.0,1.0,0.0,0.0,0.0,,,0.0,,0.0,1.0,,0.0,0.0,0.0,0.0,0.0,0.0,0.0,0.0,,205.0,,,-1.0,,,0.0,0.0,,,0.0,0.0,0.0,0.0,15000.0,0.0,,,,,,208.0,197.0,-8.0,0.0,0.0,20000.0,0.0,0.0,,,,,,,,,,,,,,,,,,,,,,,,,
2027,DISTRICT_MANAGED_2027.xlsx,Traditional,BARNARD,Elementary,BEVERLY,Network 10,29.0,,,,448.5,,0.0,1.0,0.0,1.0,1.0,,,0.0,0.0,,0.0,111829.8,5.0,5.0,0.5,0.0,2.0,1.0,,,,,,2.0,1.0,,,,,25:1,581.0,10.0,3.0,1.0,,,,,0.0,0.0,0.0,1.0,0.0,0.0,0.0,0.0,,,1.0,,0.0,0.0,,0.0,0.0,0.0,0.0,0.0,0.0,0.0,0.0,,224.0,,,-1.0,,,0.0,0.0,,,0.0,0.0,0.0,0.0,15000.0,0.0,,,,,,250.0,233.0,9.0,0.0,0.0,20000.0,0.0,0.0,,,,,,,,,,,,,,,,,,,,,,,,,
2027,DISTRICT_MANAGED_2027.xlsx,Traditional,BARRY,Elementary,HERMOSA,Network 4,42.0,,,,454.0,,0.0,1.0,1.0,2.0,2.0,,,0.0,0.0,,0.0,369018.19,10.0,20.0,1.0,0.0,2.0,2.0,,,,,,3.0,2.0,,,,,23:1,737.0,17.0,4.0,1.0,,,,,0.0,0.0,0.0,0.0,0.0,0.0,0.0,0.0,,,0.0,,0.0,0.0,,0.0,0.0,0.0,0.0,0.0,20000.0,0.0,0.0,,422.0,,,0.0,,,0.0,0.0,,,1.0,0.0,0.0,2.0,15000.0,0.0,,,,,,417.0,378.0,-44.0,0.0,0.0,20000.0,0.0,0.0,,,,,,,,,,,,,,,,,,,,,,,,,
2027,DISTRICT_MANAGED_2027.xlsx,Traditional,BARTON,Elementary,AUBURN GRESHAM,Network 11,40.0,,,,492.5,,0.0,1.0,1.0,1.0,2.0,,,1.0,0.0,,1.0,269350.1,9.0,18.0,1.0,1.0,4.0,2.0,,,,,,3.0,1.0,,,,,23:1,713.0,15.0,4.0,1.0,,,,,0.0,0.0,0.0,0.0,0.0,0.0,0.0,0.0,,,0.0,,0.0,0.0,,0.0,0.0,0.0,0.0,0.0,75000.0,0.0,0.0,,342.0,,,0.0,,,0.0,0.0,,,0.0,0.0,0.0,1.0,15000.0,1.0,,,,,,411.0,337.0,-5.0,0.0,0.0,20000.0,0.0,0.0,,,,,,,,,,,,,,,,,,,,,,,,,
2027,DISTRICT_MANAGED_2027.xlsx,Traditional,BASS,Elementary,ENGLEWOOD,Network 11,40.0,,,,492.5,,1.0,1.0,0.0,1.0,1.0,,,0.0,0.0,,1.0,63821.21,6.0,11.0,0.5,0.0,4.0,2.0,,,,,,4.0,2.0,,,,,23:1,713.0,10.0,3.0,1.0,,,,,0.0,0.0,0.0,0.0,1.0,0.0,0.0,0.0,,,0.0,,0.0,0.0,,0.0,0.0,0.0,0.0,0.0,0.0,0.0,0.0,,280.0,,,0.0,,,0.0,0.0,,,0.0,0.0,0.0,0.5,15000.0,0.0,,,,,,248.0,209.0,-71.0,0.0,0.0,20000.0,0.0,0.0,,,,,,,,,,,,,,,,,,,,,,,,,
2027,DISTRICT_MANAGED_2027.xlsx,Traditional,BATEMAN,Elementary,IRVING PARK,Network 1,26.0,,,,327.5,,0.0,1.0,1.0,1.0,2.0,,,0.0,0.0,,2.0,147814.85,13.0,28.0,1.0,0.0,7.0,5.0,,,,,,6.0,1.0,,,,,25:1,545.0,31.0,7.0,2.0,,,,,0.0,0.0,0.0,0.0,1.0,0.0,1.0,0.0,,,0.0,,0.0,0.0,,0.0,0.0,0.0,0.0,0.0,0.0,0.0,0.0,,807.0,,,0.0,,,0.0,0.0,,,0.0,0.0,0.0,2.0,15000.0,0.0,,,,,,856.0,760.0,-47.0,0.0,0.0,40000.0,0.0,0.0,,,,,,,,,,,,,,,,,,,,,,,,,
2027,DISTRICT_MANAGED_2027.xlsx,Traditional,NICHOLSON,Elementary,ENGLEWOOD,Network 11,42.0,,,,448.5,,0.0,1.0,1.0,1.0,2.0,,,0.0,0.0,,1.0,331872.0,8.0,24.0,1.0,0.0,2.0,2.0,,,,,,4.0,2.0,,,,,23:1,737.0,20.0,5.0,1.0,,,,,0.0,0.0,0.0,0.0,0.0,0.0,0.0,0.0,,,0.0,,0.0,0.0,,0.0,0.0,0.0,2.0,0.0,75000.0,0.0,0.0,,444.0,,,0.0,,,0.0,0.0,,,1.0,0.0,1.0,1.0,15000.0,1.0,,,,,,490.0,443.0,-1.0,0.0,0.0,20000.0,0.0,0.0,,,,,,,,,,,,,,,,,,,,,,,,,
2027,DISTRICT_MANAGED_2027.xlsx,Traditional,CLARK ES,Elementary,AUSTIN,ISP,39.0,,,,432.0,,0.0,1.0,0.0,1.0,1.0,,,0.0,0.0,,1.0,125766.8,2.0,3.0,0.0,0.0,2.0,1.0,,,,,,2.0,1.0,,,,,23:1,701.0,10.0,3.0,0.0,,,,,0.0,0.0,0.0,0.0,0.0,0.0,0.0,0.0,,,0.0,,0.0,0.0,,0.0,0.0,0.0,0.0,0.0,0.0,0.0,0.0,,123.0,,,0.0,,,0.0,0.0,,,0.0,0.0,0.0,0.5,15000.0,0.0,,,,,,123.0,115.0,-8.0,0.0,0.0,20000.0,0.0,0.0,,,,,,,,,,,,,,,,,,,,,,,,,
2027,DISTRICT_MANAGED_2027.xlsx,Traditional,BEAUBIEN,Elementary,JEFFERSON PARK,Network 1,24.0,,,,0.0,,0.0,1.0,1.0,1.0,2.0,,,2.0,0.0,,1.0,153725.5,13.0,24.0,1.5,0.0,1.0,1.0,,,,,,3.0,3.0,,,,,27:1,521.0,36.0,8.0,0.0,,,,,0.0,0.0,0.0,0.0,1.0,0.0,0.0,0.0,,,0.0,,1.0,0.0,,0.0,0.0,0.0,0.0,0.0,0.0,0.0,0.0,,961.0,,,0.0,,,0.0,0.0,,,0.0,0.0,0.0,1.0,15000.0,0.0,,,,,,1014.0,969.0,8.0,0.0,0.0,40000.0,0.0,0.0,,,,,,,,,,,,,,,,,,,,,,,,,
2027,DISTRICT_MANAGED_2027.xlsx,Traditional,BEIDLER,Elementary,EAST GARFIELD PARK,Network 5,37.0,,,,520.0,,0.0,1.0,0.0,1.0,1.0,,,0.0,0.0,,1.0,101775.0,4.0,3.0,0.0,0.0,1.0,1.0,,,,,,3.0,0.85,,,,,23:1,677.0,10.0,3.0,0.0,,,,,0.0,0.0,0.0,1.0,0.0,0.0,0.0,0.0,,,0.0,,0.0,0.0,,0.0,0.0,0.0,0.0,0.0,0.0,0.0,0.0,,212.0,,,0.0,,,0.0,0.0,,,0.0,0.0,0.0,0.5,15000.0,0.0,,,,,,211.0,197.0,-15.0,0.0,0.0,20000.0,0.0,0.0,,,,,,,,,,,,,,,,,,,,,,,,,
2027,DISTRICT_MANAGED_2027.xlsx,Traditional,BELDING,Elementary,IRVING PARK,Network 1,22.0,,,,0.0,,2.0,1.0,1.0,1.0,1.0,,,1.0,0.0,,1.0,94699.95,8.0,12.0,1.0,0.0,2.0,2.0,,,,,,2.0,1.0,,,,,27:1,497.0,21.0,5.0,0.0,,,,,0.0,0.0,0.0,0.0,0.0,0.0,0.0,0.0,,,1.0,,0.0,0.0,,0.0,0.0,0.0,0.0,0.0,0.0,0.0,0.0,,562.0,,,0.0,,,0.0,0.0,,,0.0,0.0,0.0,1.0,15000.0,0.0,,,,,,603.0,563.0,1.0,0.0,1.0,20000.0,0.0,0.0,,,,,,,,,,,,,,,,,,,,,,,,,
2027,DISTRICT_MANAGED_2027.xlsx,Traditional,BELL,Elementary,NORTH CENTER,Network 4,13.0,,,,0.0,,1.0,1.0,1.0,1.0,2.0,,,3.0,0.0,,0.0,678.0,19.0,26.0,1.0,7.0,0.0,0.0,,,,,,2.0,2.0,,,,,27:1,389.0,33.0,8.0,0.0,,,,,0.0,0.0,0.0,1.0,0.0,0.0,0.0,0.0,,,0.0,,1.0,0.0,,0.0,0.0,0.0,0.0,0.0,0.0,0.0,0.0,,873.0,,,0.0,,,0.0,0.0,,,0.0,0.0,0.0,1.0,15000.0,0.0,,,,,,923.0,891.0,18.0,0.0,1.0,40000.0,0.0,0.0,,,,,,,,,,,,,,,,,,,,,,,,,
2027,DISTRICT_MANAGED_2027.xlsx,Traditional,BENNETT,Elementary,ROSELAND,Network 13,35.0,,,,498.0,,0.0,1.0,1.0,1.0,1.0,,,0.0,0.0,,2.0,103721.05,6.0,7.0,0.5,0.0,2.0,2.0,,,,,,2.0,1.0,,,,,25:1,653.0,11.0,3.0,1.0,,,,,0.0,0.0,0.0,0.0,0.0,0.0,0.0,0.0,,,0.0,,0.0,0.0,,0.0,0.0,0.0,0.0,0.0,0.0,0.0,0.0,,274.0,,,0.0,,,0.0,0.0,,,0.0,0.0,0.0,0.0,15000.0,0.0,,,,,,302.0,270.0,-4.0,0.0,0.0,20000.0,0.0,0.0,,,,,,,,,,,,,,,,,,,,,,,,,
2027,DISTRICT_MANAGED_2027.xlsx,Traditional,SOUTH SHORE ES,Elementary,SOUTH SHORE,Network 12,38.0,,,,503.5,,0.0,1.0,0.0,1.0,1.0,,,0.5,0.0,,0.0,94347.0,9.0,23.0,1.0,0.0,3.0,2.0,,,,,,3.0,2.0,,,,,23:1,689.0,10.0,3.0,0.0,,,,,0.0,0.0,0.0,1.0,0.0,0.0,0.0,0.0,,,0.0,,0.0,0.0,,0.0,0.0,0.0,0.0,0.0,0.0,0.0,0.0,,141.0,,,-1.0,,,0.0,0.0,,,0.0,0.0,0.0,0.0,15000.0,0.0,,,,,,236.0,153.0,12.0,0.0,0.0,20000.0,0.0,0.0,,,,,,,,,,,,,,,,,,,,,,,,,
2027,DISTRICT_MANAGED_2027.xlsx,Traditional,BLAINE,Elementary,LAKE VIEW,Network 4,19.0,,,,0.0,,3.0,1.0,1.0,1.0,1.0,,,0.0,0.0,,0.1699999999999999,8391.0,11.0,11.0,1.0,0.0,4.0,4.0,,,,,,3.0,1.83,,,,,27:1,461.0,21.0,5.0,0.0,,,,,0.0,0.0,0.0,0.0,1.0,0.0,0.0,0.0,,,0.0,,0.0,0.0,,0.0,0.0,0.0,0.0,0.0,0.0,2.0,0.0,,557.0,,,0.0,,,0.0,0.0,,,2.0,0.0,0.0,0.5,15000.0,0.0,,,,,,633.0,554.0,-3.0,0.0,0.0,20000.0,0.0,0.0,,,,,,,,,,,,,,,,,,,,,,,,,
2027,DISTRICT_MANAGED_2027.xlsx,Traditional,MOSAIC,Elementary,WEST RIDGE,Network 2,29.0,,,,443.0,,0.0,1.0,1.0,1.0,2.0,,,0.0,0.0,,1.0999999999999996,226106.2,12.0,16.0,1.0,0.0,3.0,3.0,,,,,,6.0,0.9,,,,,25:1,581.0,29.0,6.0,2.0,,,,,1.0,0.0,1.0,0.0,1.0,0.0,1.0,0.0,,,0.0,,0.0,0.0,,0.0,0.0,0.0,0.0,0.0,0.0,0.0,0.0,,675.0,,,0.0,,,0.0,0.0,,,0.0,0.0,0.0,2.0,15000.0,0.0,,,,,,769.0,706.0,31.0,0.0,0.0,40000.0,0.0,0.0,,,,,,,,,,,,,,,,,,,,,,,,,
2027,DISTRICT_MANAGED_2027.xlsx,Traditional,JOPLIN,Elementary,AUBURN GRESHAM,Network 11,37.0,,,,503.5,,0.0,1.0,1.0,1.0,1.0,,,0.5,0.0,,0.0,237264.25,6.0,5.0,0.0,0.0,1.0,1.0,,,,,,3.0,2.0,,,,,23:1,677.0,11.0,3.0,1.0,,,,,0.0,0.0,0.0,0.0,0.0,0.0,0.0,0.0,,,0.0,,0.0,0.0,,0.0,0.0,0.0,0.0,0.0,0.0,0.0,0.0,,267.0,,,0.0,,,0.0,0.0,,,0.0,0.0,0.0,0.5,15000.0,0.0,,,,,,273.0,253.0,-14.0,0.0,0.0,20000.0,0.0,0.0,,,,,,,,,,,,,,,,,,,,,,,,,
2027,DISTRICT_MANAGED_2027.xlsx,Traditional,BRADWELL,Elementary,SOUTH SHORE,Network 12,37.0,,,,437.5,,0.0,1.0,1.0,1.0,1.0,,,0.0,0.0,,3.0,191911.52,10.0,14.0,0.5,0.0,1.0,1.0,,,,,,3.0,2.0,,,,,23:1,677.0,20.0,4.0,1.0,,,,,0.0,0.0,0.0,0.0,0.0,0.0,0.0,0.0,,,0.0,,0.0,0.0,,0.0,0.0,0.0,0.0,0.0,50000.0,0.0,0.0,,492.0,,,0.0,,,0.0,0.0,,,0.0,0.0,0.0,1.0,15000.0,1.0,,,,,,476.0,456.0,-36.0,0.0,0.0,20000.0,0.0,0.0,,,,,,,,,,,,,,,,,,,,,,,,,
2027,DISTRICT_MANAGED_2027.xlsx,Traditional,HALEY,Elementary,ROSELAND,Network 13,39.0,,,,503.5,,0.0,1.0,1.0,1.0,2.0,,,0.0,0.0,,1.0,167826.45,11.0,17.0,1.0,0.0,3.0,2.0,,,,,,6.0,2.0,,,,,23:1,701.0,17.0,4.0,1.0,,,,,0.0,0.0,0.0,0.0,0.0,0.0,1.0,0.0,,,0.0,,0.0,0.0,,0.0,0.0,0.0,1.0,0.0,5500.0,0.0,0.0,,405.0,,,0.0,,,0.0,0.0,,,0.0,0.0,0.0,0.5,15000.0,0.0,,,,,,434.0,378.0,-27.0,0.0,0.0,20000.0,0.0,0.0,,,,,,,,,,,,,,,,,,,,,,,,,
2027,DISTRICT_MANAGED_2027.xlsx,Traditional,BRENTANO,Elementary,LOGAN SQUARE,Network 4,21.0,,,,0.0,,1.0,1.0,1.0,1.0,2.0,,,1.0,0.0,,1.0,95821.0,12.0,17.0,1.0,0.0,6.0,3.0,,,,,,2.0,2.0,,,,,27:1,485.0,26.0,6.0,0.0,,,,,0.0,0.0,0.0,0.0,0.0,0.0,0.0,0.0,,,0.0,,0.0,0.0,,0.0,0.0,0.0,0.0,0.0,15000.0,0.0,0.0,,692.0,,,0.0,,,0.0,0.0,,,1.0,0.0,0.0,1.0,15000.0,0.0,,,,,,762.0,693.0,1.0,0.0,0.0,40000.0,0.0,0.0,,,,,,,,,,,,,,,,,,,,,,,,,
2027,DISTRICT_MANAGED_2027.xlsx,Traditional,BRIDGE,Elementary,DUNNING,Network 1,23.0,,,,349.5,,0.0,1.0,1.0,2.0,2.0,,,0.0,0.0,,0.0,185448.59,12.0,19.0,1.5,0.0,7.0,4.0,,,,,,4.0,3.0,,,,,27:1,509.0,36.0,8.0,2.0,,,,,0.0,0.0,0.0,1.0,2.0,0.0,1.0,0.0,,,0.0,,0.0,0.0,,0.0,0.0,0.0,0.0,0.0,31000.0,0.0,0.0,,999.0,,,0.0,,,0.0,0.0,,,0.0,0.0,0.0,2.0,15000.0,1.0,,,,,,1058.0,956.0,-43.0,0.0,0.0,40000.0,0.0,0.0,,,,,,,,,,,,,,,,,,,,,,,,,
2027,DISTRICT_MANAGED_2027.xlsx,Traditional,BRIGHT,Elementary,SOUTH DEERING,Network 13,39.0,,,,509.0,,0.0,1.0,0.0,1.0,1.0,,,0.0,0.0,,0.0,189865.95,8.5,19.0,0.0,0.0,2.0,1.0,,,,,,2.0,1.0,,,,,23:1,701.0,10.0,3.0,1.0,,,,,0.0,0.0,0.0,0.0,0.0,1.0,0.0,0.0,,,0.0,,0.0,0.0,,0.0,0.0,0.0,0.0,0.0,0.0,0.0,0.0,,172.0,,,0.0,,,0.0,0.0,,,0.0,0.0,0.0,1.0,15000.0,0.0,,,,,,242.0,182.0,10.0,0.0,0.0,20000.0,0.0,0.0,,,,,,,,,,,,,,,,,,,,,,,,,
2027,DISTRICT_MANAGED_2027.xlsx,Traditional,LORCA,Elementary,AVONDALE,Network 4,29.0,,,,437.5,,0.0,1.0,1.0,1.0,1.0,,,1.0,0.0,,1.0,119053.3,10.0,6.0,1.0,0.0,3.0,3.0,,,,,,6.0,1.0,,,,,25:1,581.0,22.0,5.0,1.0,,,,,0.0,0.0,1.0,0.0,0.0,0.0,0.0,0.0,,,0.0,,0.0,1.0,,0.0,0.0,0.0,0.0,0.0,0.0,0.0,0.0,,591.0,,,0.0,,,0.0,-1.0,,,2.0,0.0,0.0,1.0,15000.0,0.0,,,,,,561.0,528.0,-63.0,0.0,0.0,20000.0,0.0,0.0,,,,,,,,,,,,,,,,,,,,,,,,,
2027,DISTRICT_MANAGED_2027.xlsx,Traditional,BROWN W,Elementary,NEAR WEST SIDE,Network 6,33.0,,,,536.5,,0.0,1.0,0.0,1.0,1.0,,,0.0,0.0,,0.0,56365.95,10.0,9.0,1.0,0.0,2.0,1.0,,,,,,2.0,2.0,,,,,25:1,629.0,10.0,3.0,0.0,,,,,0.0,0.0,0.0,1.0,0.0,0.0,0.0,0.0,,,0.0,,0.0,0.0,,0.0,0.0,0.0,0.0,0.0,0.0,0.0,0.0,,176.0,,,0.0,,,0.0,0.0,,,0.0,0.0,1.0,0.0,15000.0,0.0,,,,,,236.0,180.0,4.0,0.0,0.0,20000.0,0.0,0.0,,,,,,,,,,,,,,,,,,,,,,,,,
2027,DISTRICT_MANAGED_2027.xlsx,Traditional,BROWNELL,Elementary,GREATER GRAND CROSSING,Network 12,38.0,,,,503.5,,0.0,1.0,0.0,1.0,1.0,,,0.0,0.0,,0.8900000000000001,39666.1,3.0,5.0,0.0,0.0,2.0,1.0,,,,,,2.0,1.0,,,,,23:1,689.0,7.0,3.0,0.0,,,,,0.0,0.0,0.0,1.0,0.0,0.0,0.0,0.1099999999999998,,,0.0,,0.0,0.0,,0.0,0.0,0.0,0.0,0.0,0.0,0.0,0.0,,148.0,,,-1.0,,,0.0,0.0,,,0.0,0.0,0.0,0.0,15000.0,0.0,,,,,,132.0,125.0,-23.0,0.0,0.0,20000.0,0.0,0.0,,,,,,,,,,,,,,,,,,,,,,,,,
2027,DISTRICT_MANAGED_2027.xlsx,Traditional,BOUCHET,Elementary,SOUTH SHORE,Network 12,35.0,,,,525.5,,0.0,1.0,1.0,1.0,2.0,,,0.0,0.0,,3.0,289526.45,12.0,30.0,1.0,0.0,3.0,3.0,,,,,,6.0,3.0,,,,,25:1,653.0,25.0,6.0,1.0,,,,,1.0,0.0,0.0,1.0,0.0,0.0,0.0,0.0,,,2.0,,0.0,0.0,,0.0,0.0,0.0,1.0,0.0,0.0,0.0,0.0,,567.0,,,0.0,,,0.0,0.0,,,0.0,0.0,0.0,0.5,15000.0,1.0,,,,,,686.0,601.0,34.0,0.0,0.0,40000.0,0.0,0.0,,,,,,,,,,,,,,,,,,,,,,,,,
2027,DISTRICT_MANAGED_2027.xlsx,Traditional,WEST RIDGE,Elementary,WEST RIDGE,ISP,25.0,,,,448.5,,0.0,1.0,1.0,1.0,2.0,,,1.0,0.0,,1.0,55140.1,12.0,32.0,1.0,0.0,4.0,2.13,,,,,,4.0,1.0,,,,,27:1,533.0,24.0,6.0,1.0,,,,,0.0,0.0,1.0,0.0,0.0,0.0,0.0,0.0,,,0.0,,0.0,0.0,,0.0,0.0,0.0,0.0,0.0,0.0,0.0,0.0,,614.0,,,0.0,,,0.0,0.0,,,2.87,0.0,0.0,2.0,15000.0,0.0,,,,,,698.0,628.0,14.0,0.0,0.0,40000.0,0.0,0.0,,,,,,,,,,,,,,,,,,,,,,,,,
2027,DISTRICT_MANAGED_2027.xlsx,Traditional,BUDLONG,Elementary,LINCOLN SQUARE,ISP,28.0,,,,344.0,,0.0,1.0,1.0,1.0,2.0,,,2.23,0.0,,0.0,207569.49,11.0,15.0,1.0,0.0,6.77,5.0,,,,,,5.0,2.0,,,,,25:1,569.0,26.0,6.0,1.0,,,,,1.0,0.0,0.0,0.0,1.0,0.0,0.0,0.0,,,0.0,,0.0,0.0,,0.0,0.0,0.0,0.0,0.0,0.0,0.0,0.0,,658.0,,,0.0,,,0.0,0.0,,,0.0,0.0,0.0,1.0,15000.0,0.0,,,,,,742.0,630.0,-28.0,0.0,0.0,40000.0,0.0,0.0,,,,,,,,,,,,,,,,,,,,,,,,,
2027,DISTRICT_MANAGED_2027.xlsx,Traditional,BURBANK,Elementary,BELMONT CRAGIN,Network 3,32.0,,,,465.0,,0.0,1.0,1.0,1.0,1.0,,,2.0,0.0,,2.0,161053.25,11.0,32.0,1.0,0.0,4.0,3.41,,,,,,7.0,2.0,,,,,25:1,617.0,22.0,6.0,1.0,,,,,1.0,0.0,0.0,0.0,0.0,0.0,0.0,0.0,,,0.0,,0.0,0.0,,0.0,0.0,0.0,0.0,0.0,15000.0,0.0,0.0,,589.0,,,0.0,,,0.0,0.0,,,0.59,0.0,0.0,3.0,15000.0,0.0,,,,,,649.0,543.0,-46.0,2.0,0.0,20000.0,0.0,0.0,,,,,,,,,,,,,,,,,,,,,,,,,
2027,DISTRICT_MANAGED_2027.xlsx,Traditional,BURKE,Elementary,WASHINGTON PARK,Network 9,34.0,,,,509.0,,1.0,1.0,1.0,1.0,1.0,,,1.0,0.0,,0.0,150426.35,5.0,15.0,0.5,0.0,2.0,2.0,,,,,,2.0,2.0,,,,,25:1,641.0,10.0,3.0,0.0,,,,,0.0,0.0,0.0,0.0,0.0,0.0,0.0,2.0,,,0.0,,0.0,0.0,,0.0,0.0,0.0,0.0,0.0,30000.0,0.0,0.0,,281.0,,,0.0,,,0.0,0.0,,,0.0,0.0,0.0,0.5,15000.0,1.0,,,,,,282.0,247.0,-34.0,0.0,0.0,20000.0,0.0,0.0,,,,,,,,,,,,,,,,,,,,,,,,,
2027,DISTRICT_MANAGED_2027.xlsx,Traditional,BURLEY,Elementary,LAKE VIEW,Network 4,20.0,,,,0.0,,0.0,1.0,1.0,1.0,1.0,,,0.5,0.0,,0.0,112140.95,7.0,7.0,1.0,0.0,0.0,0.0,,,,,,2.0,1.0,,,,,27:1,473.0,19.0,4.0,0.0,,,,,0.0,0.0,1.0,0.0,0.0,0.0,0.0,0.0,,,0.0,,0.0,0.0,,0.0,0.0,0.0,0.0,0.0,0.0,1.5,0.0,,494.0,,,0.0,,,0.0,0.0,,,0.0,0.0,0.0,0.0,15000.0,0.0,,,,,,494.0,494.0,0.0,0.0,0.0,20000.0,1.0,0.0,,,,,,,,,,,,,,,,,,,,,,,,,
2027,DISTRICT_MANAGED_2027.xlsx,Traditional,BURNHAM,Elementary,SOUTH DEERING,Network 13,37.0,,,,520.0,,0.0,1.0,1.0,1.0,1.0,,,0.0,0.0,,2.0,139982.1,11.0,28.0,1.0,0.0,2.0,2.0,,,,,,4.0,2.0,,,,,23:1,677.0,15.0,4.0,1.0,,,,,0.0,0.0,0.0,0.0,0.0,0.0,0.0,0.0,,,0.0,,0.0,0.0,,0.0,0.0,0.0,0.0,0.0,30000.0,0.0,0.0,,341.0,,,0.0,,,0.0,0.0,,,0.0,0.0,0.0,0.0,15000.0,0.0,,,,,,372.0,340.0,-1.0,0.0,0.0,20000.0,0.0,0.0,,,,,,,,,,,,,,,,,,,,,,,,,
2027,DISTRICT_MANAGED_2027.xlsx,Traditional,HERNANDEZ,Elementary,GAGE PARK,Network 8,35.0,,,,470.5,,0.0,1.0,1.0,1.0,2.0,,,0.0,0.0,,0.0,199899.07000000004,6.0,5.0,1.0,0.0,0.0,0.0,,,,,,6.0,2.0,,,,,25:1,653.0,28.0,6.0,2.0,,,,,1.0,0.0,1.0,1.0,2.0,0.0,1.0,0.0,,,0.0,,0.0,0.0,,0.0,0.0,0.0,0.0,0.0,31000.0,0.0,0.0,,720.0,,,-2.0,,,0.0,0.0,,,1.0,0.0,1.0,2.0,15000.0,1.0,,,,,,694.0,694.0,-26.0,0.0,0.0,40000.0,0.0,0.0,,,,,,,,,,,,,,,,,,,,,,,,,
2027,DISTRICT_MANAGED_2027.xlsx,Traditional,HUGHES L,Elementary,ROSELAND,Network 13,37.0,,,,492.5,,0.0,1.0,1.0,1.0,1.0,,,0.0,0.0,,0.0,222041.57,12.585,24.0,1.0,0.0,4.085,2.0,,,,,,4.0,2.0,,,,,23:1,677.0,14.0,3.0,1.0,,,,,0.0,0.0,0.0,0.0,0.0,0.0,0.0,0.0,,,0.0,,0.0,0.0,,0.0,0.0,0.0,1.0,0.0,30000.0,0.0,0.0,,319.0,,,0.0,,,0.0,0.0,,,0.0,0.0,1.0,0.5,15000.0,0.0,,,,,,413.0,309.0,-10.0,0.0,0.0,20000.0,0.0,0.0,,,,,,,,,,,,,,,,,,,,,,,,,
2027,DISTRICT_MANAGED_2027.xlsx,Traditional,BURR,Elementary,WEST TOWN,Network 6,19.0,,,,0.0,,0.0,1.0,1.0,1.0,1.0,,,1.5,0.0,,0.0,47267.0,8.0,12.0,1.0,0.0,0.0,0.0,,,,,,2.0,1.0,,,,,27:1,461.0,17.0,4.0,0.0,,,,,0.0,0.0,0.0,0.0,0.0,0.0,0.0,0.0,,,0.0,,0.0,1.0,,0.0,0.0,0.0,0.0,0.0,0.0,0.0,0.0,,465.0,,,0.0,,,0.0,0.0,,,0.0,0.0,0.0,0.5,15000.0,0.0,,,,,,458.0,458.0,-7.0,0.0,0.0,20000.0,0.0,0.0,,,,,,,,,,,,,,,,,,,,,,,,,
2027,DISTRICT_MANAGED_2027.xlsx,Traditional,BURROUGHS,Elementary,BRIGHTON PARK,Network 8,41.0,,,,481.5,,0.0,1.0,1.0,1.0,1.0,,,1.0,0.0,,0.0,133281.94,6.0,10.0,0.5,0.0,1.0,1.0,,,,,,3.0,1.0,,,,,23:1,725.0,12.0,3.0,1.0,,,,,0.0,0.0,0.0,0.0,0.0,0.0,0.0,0.0,,,0.0,,0.0,0.0,,0.0,0.0,0.0,0.0,0.0,0.0,0.0,0.0,,290.0,,,0.0,,,0.0,0.0,,,1.0,0.0,0.0,1.0,15000.0,0.0,,,,,,285.0,269.0,-21.0,0.0,0.0,20000.0,0.0,0.0,,,,,,,,,,,,,,,,,,,,,,,,,
2027,DISTRICT_MANAGED_2027.xlsx,Traditional,BRUNSON,Elementary,AUSTIN,Network 3,38.0,,,,503.5,,0.0,1.0,1.0,1.0,2.0,,,2.0,0.0,,0.0,221251.75,8.0,22.0,1.0,0.0,5.0,3.0,,,,,,4.0,1.0,,,,,23:1,689.0,16.0,4.0,1.0,,,,,0.0,0.0,0.0,0.0,0.0,0.0,0.0,0.0,,,0.0,,0.0,1.0,,0.0,0.0,0.0,0.0,0.0,75000.0,0.0,0.0,,348.0,,,0.0,,,0.0,0.0,,,0.0,0.0,0.0,1.0,15000.0,1.0,,,,,,486.0,366.0,18.0,0.0,0.0,20000.0,0.0,0.0,,,,,,,,,,,,,,,,,,,,,,,,,
2027,DISTRICT_MANAGED_2027.xlsx,Traditional,BYRNE,Elementary,GARFIELD RIDGE,Network 10,22.0,,,,305.5,,0.0,1.0,1.0,1.0,2.0,,,2.0,0.0,,0.0,167585.28,12.0,30.0,1.0,0.0,0.0,0.0,,,,,,4.0,2.0,,,,,27:1,497.0,22.0,5.0,1.0,,,,,0.0,0.0,0.0,0.0,0.0,0.0,0.0,0.0,,,1.0,,0.0,0.0,,0.0,0.0,0.0,0.0,0.0,0.0,0.0,0.0,,572.0,,,0.0,,,0.0,0.0,,,1.0,0.0,0.0,1.0,15000.0,0.0,,,,,,624.0,587.0,15.0,0.0,0.0,40000.0,0.0,0.0,,,,,,,,,,,,,,,,,,,,,,,,,
2027,DISTRICT_MANAGED_2027.xlsx,Traditional,DAISY BATES,Elementary,AVALON PARK,ISP,35.0,,,,487.0,,0.0,1.0,0.0,1.0,1.0,,,1.0,0.0,,1.0,75894.12,7.0,12.0,0.5,0.0,2.0,2.0,,,,,,3.0,1.0,,,,,25:1,653.0,10.0,3.0,1.0,,,,,0.0,0.0,0.0,0.0,0.0,0.0,0.0,0.0,,,0.0,,0.0,0.0,,0.0,0.0,0.0,0.0,0.0,15000.0,0.0,0.0,,181.0,,,0.0,,,0.0,0.0,,,0.0,0.0,0.0,0.0,15000.0,0.0,,,,,,261.0,205.0,24.0,0.0,0.0,20000.0,0.0,0.0,,,,,,,,,,,,,,,,,,,,,,,,,
2027,DISTRICT_MANAGED_2027.xlsx,Traditional,LITTLE VILLAGE,Elementary,SOUTH LAWNDALE,ISP,38.0,,,,437.5,,0.0,1.0,1.0,1.0,2.0,,,3.0,0.0,,0.0,194785.62,11.0,13.0,1.0,0.0,3.0,2.0,,,,,,6.0,2.0,,,,,23:1,689.0,22.0,5.0,1.0,,,,,1.0,0.0,0.0,0.0,0.0,0.0,0.0,0.0,,,1.0,,0.0,0.0,,0.0,0.0,0.0,0.0,0.0,0.0,0.0,0.0,,543.0,,,0.0,,,0.0,0.0,,,0.0,0.0,0.0,2.0,15000.0,1.0,,,,,,522.0,502.0,-41.0,0.0,0.0,20000.0,0.0,0.0,,,,,,,,,,,,,,,,,,,,,,,,,
2027,DISTRICT_MANAGED_2027.xlsx,Traditional,CAMERON,Elementary,HUMBOLDT PARK,Network 5,40.0,,,,404.5,,0.0,1.0,1.0,1.0,2.0,,,1.77,0.0,,3.0,221386.08,8.0,8.0,1.0,0.0,2.23,2.0,,,,,,6.0,2.0,,,,,23:1,713.0,27.0,6.0,1.0,,,,,0.0,0.0,0.0,0.0,0.0,0.0,0.0,0.0,,,0.0,,0.0,0.0,,0.0,0.0,0.0,1.0,0.0,0.0,0.0,0.0,,629.0,,,0.0,,,0.0,0.0,,,0.0,0.0,0.0,2.0,15000.0,0.0,,,,,,644.0,609.0,-20.0,0.0,0.0,40000.0,0.0,0.0,,,,,,,,,,,,,,,,,,,,,,,,,
2027,DISTRICT_MANAGED_2027.xlsx,Traditional,CANTY,Elementary,DUNNING,Network 1,18.0,,,,327.5,,0.0,1.0,1.0,2.0,2.0,,,0.5,0.0,,1.0,140956.68,16.0,22.0,1.5,0.0,5.0,4.0,,,,,,4.0,3.0,,,,,27:1,449.0,27.0,6.0,2.0,,,,,0.0,0.0,0.0,0.0,0.0,0.0,1.0,0.0,,,0.0,,0.0,0.0,,0.0,0.0,0.0,0.0,0.0,0.0,0.0,0.0,,716.0,,,0.0,,,0.0,0.0,,,0.0,0.0,0.0,1.0,15000.0,0.0,,,,,,818.0,727.0,11.0,0.0,0.0,40000.0,0.0,0.0,,,,,,,,,,,,,,,,,,,,,,,,,
2027,DISTRICT_MANAGED_2027.xlsx,Traditional,CARNEGIE,Elementary,WOODLAWN,Network 9,34.0,,,,454.0,,0.0,1.0,1.0,1.0,1.0,,,0.0,0.0,,1.5,311586.5,5.0,15.0,0.5,0.0,0.0,0.0,,,,,,3.0,2.0,,,,,25:1,641.0,19.0,4.0,1.0,,,,,0.0,0.0,0.0,0.0,0.0,0.0,0.0,0.0,,,1.0,,1.0,0.0,,0.0,0.0,0.0,0.0,0.0,0.0,0.0,0.0,,392.0,,,0.0,,,0.0,0.0,,,0.0,0.0,0.0,0.0,15000.0,0.0,,,,,,456.0,456.0,64.0,0.0,0.0,20000.0,0.0,0.0,,,,,,,,,,,,,,,,,,,,,,,,,
2027,DISTRICT_MANAGED_2027.xlsx,Traditional,CARROLL,Elementary,ASHBURN,Network 10,33.0,,,,470.5,,0.0,1.0,1.0,3.0,1.0,,,2.0,0.0,,0.0,140816.29,8.0,13.0,1.0,0.0,4.0,3.0,,,,,,5.0,3.0,,,,,25:1,629.0,18.0,4.0,1.0,,,,,0.0,0.0,0.0,0.0,0.0,0.0,0.0,0.0,,,0.0,,0.0,0.0,,0.0,0.0,0.0,0.0,0.0,0.0,0.0,0.0,,334.0,,,0.0,,,0.0,0.0,,,0.0,0.0,0.0,0.5,15000.0,0.0,,,,,,443.0,356.0,22.0,0.0,0.0,20000.0,0.0,0.0,,,,,,,,,,,,,,,,,,,,,,,,,
2027,DISTRICT_MANAGED_2027.xlsx,Traditional,PRIETO,Elementary,BELMONT CRAGIN,Network 3,34.0,,,,454.0,,0.0,1.0,1.0,1.0,2.0,,,2.0,0.0,,0.1500000000000003,204511.0,12.0,16.0,1.0,0.0,3.2,2.0,,,,,,5.0,1.85,,,,,25:1,641.0,27.0,6.0,2.0,,,,,1.0,0.0,1.0,0.0,1.0,0.0,0.0,0.0,,,0.0,,0.0,0.0,,0.0,0.0,0.0,0.0,0.0,0.0,0.0,0.0,,678.0,,,0.0,,,0.0,0.0,,,0.0,0.0,0.0,2.0,15000.0,0.0,,,,,,720.0,655.0,-23.0,0.0,0.0,40000.0,0.0,0.0,,,,,,,,,,,,,,,,,,,,,,,,,
2027,DISTRICT_MANAGED_2027.xlsx,Traditional,SKINNER NORTH,Elementary,NEAR NORTH SIDE,Network 4,14.0,,,,0.0,,0.0,1.0,1.0,1.0,1.0,,,0.0,0.0,,0.0,46935.23,5.0,2.0,0.5,0.0,0.0,0.0,,,,,,2.0,1.0,,,,,27:1,401.0,19.0,4.0,0.0,,,,,0.0,0.0,2.0,0.0,0.0,0.0,0.0,0.0,,,0.0,,0.0,0.0,,0.0,0.0,0.0,0.0,0.0,0.0,0.0,0.0,,515.0,,,0.0,,,0.0,0.0,,,0.0,0.0,0.0,0.0,15000.0,0.0,,,,,,505.0,505.0,-10.0,0.0,0.0,20000.0,0.0,0.0,,,,,,,,,,,,,,,,,,,,,,,,,
2027,DISTRICT_MANAGED_2027.xlsx,Traditional,CARSON,Elementary,GAGE PARK,ISP,35.0,,,,470.5,,0.0,1.0,1.0,1.0,2.0,,,0.5,0.0,,2.0,199618.85,5.0,8.0,0.5,0.0,3.0,3.0,,,,,,9.0,2.0,,,,,25:1,653.0,26.0,6.0,1.0,,,,,0.0,0.0,0.0,1.0,1.0,0.0,0.0,0.0,,,0.0,,0.0,0.0,,0.0,0.0,0.0,0.0,0.0,0.0,0.0,0.0,,677.0,,,0.0,,,0.0,-1.0,,,0.0,0.0,0.0,2.0,15000.0,0.0,,,,,,666.0,632.0,-45.0,2.0,0.0,40000.0,0.0,0.0,,,,,,,,,,,,,,,,,,,,,,,,,
2027,DISTRICT_MANAGED_2027.xlsx,Traditional,CARTER,Elementary,WASHINGTON PARK,Network 9,42.0,,,,525.5,,0.0,1.0,0.0,1.0,1.0,,,0.5,0.0,,1.0,287148.51,4.0,9.0,0.5,0.0,1.0,1.0,,,,,,4.0,1.0,,,,,23:1,737.0,11.0,3.0,1.0,,,,,0.0,0.0,0.0,0.0,0.0,0.0,0.0,0.0,,,0.0,,0.0,0.0,,0.0,0.0,0.0,0.0,0.0,15000.0,0.0,0.0,,261.0,,,0.0,,,-1.0,0.0,,,0.0,0.0,0.0,0.0,15000.0,0.0,,,,,,269.0,251.0,-10.0,0.0,0.0,20000.0,0.0,0.0,,,,,,,,,,,,,,,,,,,,,,,,,
2027,DISTRICT_MANAGED_2027.xlsx,Traditional,CARVER G,Elementary,RIVERDALE,Network 13,35.0,,,,558.5,,1.0,1.0,1.0,2.0,1.0,,,0.0,0.0,,2.0,245157.5,5.0,13.0,0.5,0.0,2.0,2.0,,,,,,4.0,4.0,,,,,25:1,653.0,16.0,4.0,1.0,,,,,0.0,0.0,0.0,0.0,0.0,0.0,0.0,2.0,,,0.0,,0.0,0.0,,0.0,0.0,0.0,1.0,0.0,5500.0,0.0,0.0,,429.0,,,0.0,,,0.0,0.0,,,0.0,0.0,0.0,0.0,15000.0,0.0,,,,,,428.0,397.0,-32.0,0.0,0.0,20000.0,0.0,0.0,,,,,,,,,,,,,,,,,,,,,,,,,
2027,DISTRICT_MANAGED_2027.xlsx,Traditional,SADLOWSKI,Elementary,EAST SIDE,Network 13,30.0,,,,432.0,,0.0,1.0,1.0,1.0,1.0,,,0.0,0.0,,0.0,337677.98,19.0,46.0,1.5,0.0,4.0,2.0,,,,,,3.0,2.0,,,,,25:1,593.0,23.0,6.0,1.0,,,,,1.0,0.0,0.0,0.0,0.0,0.0,1.0,0.0,,,0.0,,0.0,0.0,,0.0,0.0,0.0,0.0,0.0,5500.0,0.0,0.0,,549.0,,,0.0,,,0.0,0.0,,,1.0,0.0,0.0,3.0,15000.0,0.0,,,,,,685.0,561.0,12.0,0.0,0.0,20000.0,0.0,0.0,,,,,,,,,,,,,,,,,,,,,,,,,
2027,DISTRICT_MANAGED_2027.xlsx,Traditional,ALDRIDGE,Elementary,RIVERDALE,Network 13,40.0,,,,547.5,,0.0,1.0,0.0,1.0,1.0,,,0.0,0.0,,0.0,87115.05,6.0,15.0,0.5,0.0,1.0,1.0,,,,,,2.0,2.0,,,,,23:1,713.0,10.0,3.0,0.0,,,,,0.0,0.0,0.0,1.0,0.0,0.0,0.0,0.0,,,0.0,,0.0,0.0,,0.0,0.0,0.0,0.0,0.0,15000.0,0.0,0.0,,226.0,,,0.0,,,0.0,0.0,,,1.0,0.0,0.0,0.0,15000.0,0.0,,,,,,231.0,208.0,-18.0,0.0,0.0,20000.0,0.0,0.0,,,,,,,,,,,,,,,,,,,,,,,,,
2027,DISTRICT_MANAGED_2027.xlsx,Traditional,CASSELL,Elementary,MOUNT GREENWOOD,ISP,21.0,,,,0.0,,3.0,1.0,1.0,1.0,1.0,,,1.0,0.0,,0.0,109279.08,11.0,20.0,1.0,0.0,0.0,0.0,,,,,,2.0,1.0,,,,,27:1,485.0,14.0,3.0,0.0,,,,,0.0,0.0,0.0,0.0,0.0,0.0,0.0,0.0,,,0.0,,0.0,0.0,,0.0,0.0,0.0,0.0,0.0,0.0,0.0,0.0,,348.0,,,0.0,,,0.0,0.0,,,0.0,0.0,0.0,0.0,15000.0,0.0,,,,,,373.0,365.0,17.0,0.0,0.0,20000.0,0.0,0.0,,,,,,,,,,,,,,,,,,,,,,,,,
2027,DISTRICT_MANAGED_2027.xlsx,Traditional,GREELEY,Elementary,LAKE VIEW,Network 4,31.0,,,,355.0,,2.0,1.0,1.0,1.0,1.0,,,0.0,0.0,,0.0,121901.75,6.0,6.0,0.0,0.0,2.0,2.0,,,,,,3.0,1.0,,,,,25:1,605.0,12.0,3.0,1.0,,,,,0.0,0.0,0.0,0.0,1.0,0.0,0.0,0.0,,,0.0,,1.0,0.0,,0.0,0.0,0.0,1.0,0.0,31000.0,0.0,0.0,,316.0,,,0.0,,,0.0,0.0,,,0.0,0.0,0.0,1.0,15000.0,0.0,,,,,,304.0,278.0,-38.0,0.0,0.0,20000.0,0.0,0.0,,,,,,,,,,,,,,,,,,,,,,,,,
2027,DISTRICT_MANAGED_2027.xlsx,Traditional,CHALMERS,Elementary,NORTH LAWNDALE,Network 5,47.0,,,,542.0,,0.0,1.0,0.0,1.0,1.0,,,0.0,0.0,,0.0,94709.0,5.0,9.0,0.5,0.0,4.0,2.0,,,,,,3.0,1.0,,,,,23:1,797.0,10.0,3.0,0.0,,,,,0.0,0.0,0.0,1.0,0.0,0.0,0.0,0.0,,,0.0,,0.0,0.0,,0.0,0.0,0.0,1.0,0.0,0.0,0.0,0.0,,173.0,,,0.0,,,0.0,0.0,,,0.0,0.0,2.0,0.0,15000.0,0.0,,,,,,205.0,173.0,0.0,0.0,0.0,20000.0,0.0,0.0,,,,,,,,,,,,,,,,,,,,,,,,,
2027,DISTRICT_MANAGED_2027.xlsx,Traditional,CHAPPELL,Elementary,LINCOLN SQUARE,Network 2,23.0,,,,0.0,,0.0,1.0,1.0,1.0,1.0,,,1.0,0.0,,0.0,121560.63,11.0,36.0,1.0,0.0,2.0,2.0,,,,,,3.0,2.0,,,,,27:1,509.0,20.0,5.0,0.0,,,,,0.0,0.0,0.0,0.0,0.0,0.0,0.0,0.0,,,0.0,,0.0,0.0,,0.0,0.0,0.0,0.0,0.0,0.0,0.0,0.0,,519.0,,,0.0,,,0.0,0.0,,,0.0,0.0,0.0,1.0,15000.0,0.0,,,,,,590.0,519.0,0.0,0.0,0.0,20000.0,0.0,0.0,,,,,,,,,,,,,,,,,,,,,,,,,
2027,DISTRICT_MANAGED_2027.xlsx,Traditional,CAMRAS,Elementary,BELMONT CRAGIN,ISP,30.0,,,,432.0,,1.0,1.0,1.0,1.0,2.0,,,0.0,0.0,,1.0,317110.38,11.0,15.0,1.0,0.0,7.0,4.0,,,,,,4.0,2.0,,,,,25:1,593.0,24.0,5.0,1.0,,,,,1.0,0.0,0.0,0.0,1.0,0.0,0.0,0.0,,,0.0,,0.0,0.0,,0.0,0.0,0.0,0.0,0.0,31000.0,0.0,0.0,,598.0,,,0.0,,,0.0,0.0,,,0.0,0.0,1.0,2.0,15000.0,1.0,,,,,,684.0,591.0,-7.0,0.0,0.0,40000.0,0.0,0.0,,,,,,,,,,,,,,,,,,,,,,,,,
2027,DISTRICT_MANAGED_2027.xlsx,Traditional,CHASE,Elementary,LOGAN SQUARE,Network 4,25.0,,,,355.0,,3.0,1.0,1.0,1.0,1.0,,,0.81,0.0,,0.0,145653.79,20.0,32.0,1.0,6.0,5.19,3.0,,,,,,4.0,2.0,,,,,27:1,533.0,12.0,4.0,1.0,,,,,0.0,0.0,0.0,0.0,0.0,0.0,0.0,0.0,,,0.0,,0.0,0.0,,0.0,0.0,0.0,0.0,0.0,0.0,0.0,0.0,,280.0,,,0.0,,,0.0,0.0,,,0.0,0.0,1.0,2.0,15000.0,0.0,,,,,,445.0,306.0,26.0,0.0,0.0,20000.0,0.0,0.0,,,,,,,,,,,,,,,,,,,,,,,,,
2027,DISTRICT_MANAGED_2027.xlsx,Traditional,STEM,Elementary,NEAR WEST SIDE,ISP,25.0,,,,333.0,,0.0,1.0,0.0,1.0,1.0,,,4.0,0.0,,0.0,18698.23,4.0,9.0,0.5,0.0,0.0,0.0,,,,,,2.0,1.0,,,,,27:1,533.0,15.0,3.0,1.0,,,,,0.0,0.0,0.0,0.0,0.0,0.0,0.0,0.0,,,0.0,,0.0,0.0,,0.0,0.0,0.0,0.0,0.0,0.0,0.0,0.0,,401.0,,,0.0,,,-1.0,0.0,,,0.0,0.0,1.0,1.0,15000.0,0.0,,,,,,404.0,404.0,3.0,0.0,0.0,20000.0,0.0,0.0,,,,,,,,,,,,,,,,,,,,,,,,,
2027,DISTRICT_MANAGED_2027.xlsx,Traditional,CHOPIN,Elementary,WEST TOWN,Network 5,27.0,,,,443.0,,0.0,1.0,1.0,1.0,1.0,,,0.0,0.0,,0.0,251559.74,9.0,24.0,1.0,1.0,4.0,2.0,,,,,,4.0,2.0,,,,,25:1,557.0,10.0,3.0,0.0,,,,,0.0,0.0,0.0,0.0,0.0,0.0,0.0,0.0,,,0.0,,0.0,0.0,,0.0,0.0,0.0,0.0,0.0,30000.0,0.0,0.0,,268.0,,,0.0,,,0.0,0.0,,,0.0,0.0,0.0,1.0,15000.0,1.0,,,,,,283.0,232.0,-36.0,0.0,0.0,20000.0,0.0,0.0,,,,,,,,,,,,,,,,,,,,,,,,,
2027,DISTRICT_MANAGED_2027.xlsx,Traditional,CLAY,Elementary,HEGEWISCH,Network 13,26.0,,,,459.5,,0.0,1.0,1.0,2.0,1.0,,,0.0,0.0,,1.0,195884.0,7.0,23.0,1.0,0.0,5.0,3.0,,,,,,6.0,2.0,,,,,25:1,545.0,20.0,4.0,1.0,,,,,0.0,0.0,0.0,0.0,0.0,1.0,0.0,1.0,,,0.0,,0.0,0.0,,0.0,0.0,0.0,0.0,0.0,0.0,0.0,0.0,,513.0,,,0.0,,,0.0,0.0,,,1.0,0.0,0.0,1.0,15000.0,0.0,,,,,,555.0,488.0,-25.0,0.0,0.0,20000.0,0.0,0.0,,,,,,,,,,,,,,,,,,,,,,,,,
2027,DISTRICT_MANAGED_2027.xlsx,Traditional,CLEVELAND,Elementary,IRVING PARK,Network 1,30.0,,,,382.5,,0.0,1.0,1.0,1.0,1.0,,,2.0,0.0,,0.0,137280.79,17.0,19.0,1.5,0.0,6.0,4.0,,,,,,3.0,1.0,,,,,25:1,593.0,16.0,4.0,1.0,,,,,0.0,0.0,0.0,0.0,0.0,0.0,0.0,0.0,,,0.0,,0.0,0.0,,0.0,0.0,0.0,0.0,0.0,0.0,0.0,0.0,,385.0,,,0.0,,,0.0,0.0,,,0.0,0.0,0.0,2.0,15000.0,0.0,,,,,,484.0,377.0,-8.0,0.0,0.0,20000.0,0.0,0.0,,,,,,,,,,,,,,,,,,,,,,,,,
2027,DISTRICT_MANAGED_2027.xlsx,Traditional,CLINTON,Elementary,WEST RIDGE,ISP,27.0,,,,459.5,,0.0,1.0,1.0,1.0,2.0,,,0.0,0.0,,1.0,461713.08,10.0,16.0,1.0,0.0,2.0,2.0,,,,,,5.0,2.0,,,,,25:1,557.0,41.0,9.0,2.0,,,,,1.0,0.0,1.0,1.0,1.0,0.0,0.5,0.0,,,0.0,,0.0,1.0,,0.0,0.0,0.0,0.0,0.0,0.0,0.0,0.0,,1015.0,,,0.0,,,0.0,0.0,,,0.0,0.0,0.0,3.0,15000.0,0.0,,,,,,1059.0,1020.0,5.0,0.0,0.0,60000.0,0.0,0.0,,,,,,,,,,,,,,,,,,,,,,,,,
2027,DISTRICT_MANAGED_2027.xlsx,Traditional,CLISSOLD,Elementary,MORGAN PARK,Network 10,21.0,,,,349.5,,1.0,1.0,1.0,1.0,1.0,,,1.46,0.0,,0.0,112545.16,13.0,20.0,1.0,0.0,4.54,4.0,,,,,,4.0,3.0,,,,,27:1,485.0,14.0,4.0,1.0,,,,,0.0,0.0,0.0,0.0,0.0,0.0,0.0,0.0,,,1.0,,0.0,0.0,,1.0,10.0,0.0,0.0,0.0,0.0,0.0,0.0,,399.0,,,0.0,,,0.0,0.0,,,0.0,0.0,0.0,0.0,15000.0,0.0,,,,,,471.0,369.0,-30.0,0.0,0.0,20000.0,0.0,0.0,,,,,,,,,,,,,,,,,,,,,,,,,
2027,DISTRICT_MANAGED_2027.xlsx,Traditional,COLES,Elementary,SOUTH CHICAGO,Network 12,38.0,,,,481.5,,0.0,1.0,0.0,1.0,1.0,,,0.0,0.0,,0.0,83073.91,6.0,9.0,0.5,0.0,1.0,1.0,,,,,,3.0,2.0,,,,,23:1,689.0,10.0,3.0,1.0,,,,,0.0,0.0,0.0,1.0,0.0,0.0,0.0,0.0,,,0.0,,0.0,0.0,,0.0,0.0,0.0,0.0,0.0,0.0,0.0,0.0,,248.0,,,0.0,,,0.0,0.0,,,0.0,0.0,0.0,0.0,15000.0,0.0,,,,,,257.0,223.0,-25.0,0.0,0.0,20000.0,1.0,0.0,,,,,,,,,,,,,,,,,,,,,,,,,
2027,DISTRICT_MANAGED_2027.xlsx,Traditional,GINSBURG,Elementary,WEST TOWN,ISP,27.0,,,,399.0,,0.0,1.0,0.0,1.0,1.0,,,0.0,0.0,,0.0,76630.6,5.0,3.0,0.0,0.0,1.0,1.0,,,,,,2.0,1.0,,,,,25:1,557.0,10.0,3.0,0.0,,,,,0.0,0.0,0.0,0.0,0.0,0.0,0.0,0.0,,,0.0,,0.0,0.0,,0.0,0.0,0.0,0.0,0.0,0.0,0.0,0.0,,241.0,,,0.0,,,0.0,0.0,,,1.0,0.0,0.0,1.0,15000.0,0.0,,,,,,230.0,210.0,-31.0,0.0,0.0,20000.0,0.0,1.0,,,,,,,,,,,,,,,,,,,,,,,,,
2027,DISTRICT_MANAGED_2027.xlsx,Traditional,COOK,Elementary,AUBURN GRESHAM,Network 11,36.0,,,,454.0,,1.0,1.0,1.0,1.0,1.0,,,2.0,0.0,,0.5800000000000001,95642.5,6.0,6.0,0.5,0.0,3.0,2.0,,,,,,3.0,2.0,,,,,25:1,665.0,13.0,3.0,1.0,,,,,0.0,0.0,0.0,0.0,0.0,0.0,0.0,0.4199999999999999,,,0.0,,0.0,0.0,,0.0,0.0,0.0,0.0,0.0,75000.0,0.0,0.0,,281.0,,,0.0,,,0.0,0.0,,,0.0,0.0,0.0,1.0,15000.0,1.0,,,,,,326.0,306.0,25.0,0.0,0.0,20000.0,0.0,0.0,,,,,,,,,,,,,,,,,,,,,,,,,
2027,DISTRICT_MANAGED_2027.xlsx,Traditional,JORDAN,Elementary,ROGERS PARK,Network 2,37.0,,,,481.5,,0.0,1.0,1.0,1.0,1.0,,,0.0,0.0,,1.0,461382.5,15.0,25.0,1.0,0.0,5.0,3.0,,,,,,4.0,2.0,,,,,23:1,677.0,22.0,5.0,1.0,,,,,1.0,0.0,0.0,0.0,0.0,0.0,0.0,0.0,,,0.0,,0.0,0.0,,0.0,0.0,0.0,1.0,0.0,0.0,0.0,0.0,,399.0,,,0.0,,,0.0,0.0,,,0.0,0.0,0.0,2.0,15000.0,0.0,,,,,,575.0,485.0,86.0,0.0,0.0,20000.0,0.0,0.0,,,,,,,,,,,,,,,,,,,,,,,,,
2027,DISTRICT_MANAGED_2027.xlsx,Traditional,COONLEY,Elementary,NORTH CENTER,Network 2,17.0,,,,0.0,,1.0,1.0,1.0,1.0,2.0,,,1.0,0.0,,1.0,145038.2,13.0,32.0,1.0,0.0,0.0,0.0,,,,,,3.0,2.0,,,,,27:1,437.0,26.0,6.0,0.0,,,,,0.0,0.0,0.0,0.0,0.0,0.0,0.0,0.0,,,0.0,,0.0,0.0,,0.0,0.0,0.0,0.0,0.0,0.0,0.5,0.0,,689.0,,,0.0,,,0.0,0.0,,,0.0,0.0,0.0,0.5,15000.0,0.0,,,,,,729.0,695.0,6.0,0.0,0.0,40000.0,0.0,0.0,,,,,,,,,,,,,,,,,,,,,,,,,
2027,DISTRICT_MANAGED_2027.xlsx,Traditional,COOPER,Elementary,LOWER WEST SIDE,Network 7,35.0,,,,443.0,,0.0,1.0,1.0,1.0,1.0,,,1.0,0.0,,0.5,172911.0,10.0,10.0,0.5,3.0,1.0,1.0,,,,,,6.0,2.0,,,,,25:1,653.0,14.0,4.0,1.0,,,,,0.0,0.0,0.0,0.0,0.0,0.0,0.0,0.0,,,0.0,,0.0,0.0,,0.0,0.0,0.0,0.0,0.0,15000.0,0.0,0.0,,364.0,,,0.0,,,0.0,0.0,,,0.0,0.0,0.0,2.0,15000.0,0.0,,,,,,391.0,342.0,-22.0,0.0,0.0,20000.0,0.0,0.0,,,,,,,,,,,,,,,,,,,,,,,,,
2027,DISTRICT_MANAGED_2027.xlsx,Traditional,LANGFORD,Elementary,WEST ENGLEWOOD,Network 11,38.0,,,,470.5,,0.0,1.0,0.0,1.0,1.0,,,0.0,0.0,,0.0,64915.46,5.0,8.0,0.5,0.0,1.0,1.0,,,,,,2.0,2.0,,,,,23:1,689.0,10.0,3.0,0.0,,,,,0.0,0.0,0.0,1.0,0.0,0.0,0.0,0.0,,,0.0,,0.0,0.0,,0.0,0.0,0.0,0.0,0.0,0.0,0.0,0.0,,166.0,,,0.0,,,0.0,0.0,,,0.0,0.0,0.0,1.0,15000.0,0.0,,,,,,177.0,166.0,0.0,0.0,0.0,20000.0,0.0,0.0,,,,,,,,,,,,,,,,,,,,,,,,,
2027,DISTRICT_MANAGED_2027.xlsx,Traditional,CORKERY,Elementary,SOUTH LAWNDALE,Network 7,45.0,,,,437.5,,0.0,1.0,1.0,1.0,2.0,,,2.0,0.0,,1.0,138523.12,11.0,24.0,1.0,0.0,1.0,1.0,,,,,,4.0,1.0,,,,,23:1,773.0,16.0,4.0,1.0,,,,,0.0,0.0,0.0,0.0,0.0,0.0,0.0,0.0,,,0.0,,0.0,0.0,,0.0,0.0,0.0,0.0,0.0,30000.0,0.0,0.0,,381.0,,,0.0,,,0.0,0.0,,,0.0,0.0,0.0,1.0,15000.0,1.0,,,,,,416.0,368.0,-13.0,0.0,0.0,20000.0,0.0,0.0,,,,,,,,,,,,,,,,,,,,,,,,,
2027,DISTRICT_MANAGED_2027.xlsx,Traditional,PEREZ,Elementary,LOWER WEST SIDE,Network 7,36.0,,,,426.5,,0.0,1.0,1.0,1.0,1.0,,,2.0,0.0,,0.0,115406.7,4.0,5.0,0.5,0.0,2.0,1.0,,,,,,3.0,2.0,,,,,25:1,665.0,11.0,3.0,1.0,,,,,0.0,0.0,0.0,0.0,0.0,0.0,0.0,0.0,,,0.0,,0.0,0.0,,0.0,0.0,0.0,0.0,0.0,15000.0,0.0,0.0,,273.0,,,0.0,,,0.0,0.0,,,0.0,0.0,0.0,1.0,15000.0,0.0,,,,,,287.0,267.0,-6.0,0.0,1.0,20000.0,0.0,0.0,,,,,,,,,,,,,,,,,,,,,,,,,
2027,DISTRICT_MANAGED_2027.xlsx,Traditional,DIRKSEN,Elementary,OHARE,Network 1,22.0,,,,415.5,,0.0,1.0,1.0,1.0,2.0,,,0.0,0.0,,2.0,245830.08,8.0,10.0,1.0,0.0,8.0,6.0,,,,,,6.0,1.0,,,,,27:1,497.0,41.0,9.0,2.0,,,,,0.0,0.0,0.0,1.0,1.0,0.0,1.0,0.0,,,0.0,,0.0,0.0,,0.0,0.0,0.0,0.0,0.0,0.0,0.0,0.0,,1124.0,,,0.0,,,0.0,0.0,,,0.0,0.0,0.0,3.0,15000.0,0.0,,,,,,1213.0,1084.0,-40.0,0.0,0.0,60000.0,0.0,0.0,,,,,,,,,,,,,,,,,,,,,,,,,
2027,DISTRICT_MANAGED_2027.xlsx,Traditional,DARWIN,Elementary,LOGAN SQUARE,Network 4,25.0,,,,415.5,,2.0,1.0,1.0,1.0,1.0,,,2.0,0.0,,0.0,150602.25,12.0,23.0,1.0,0.0,5.0,4.0,,,,,,5.0,1.89,,,,,27:1,533.0,15.0,4.0,1.0,,,,,0.0,0.0,0.0,0.0,0.0,0.0,0.0,0.0,,,0.0,,0.0,0.0,,0.0,0.0,0.0,0.0,0.0,0.0,0.0,0.0,,390.0,,,0.0,,,0.0,0.0,,,0.0,0.0,0.0,2.0,15000.0,0.0,,,,,,523.0,404.0,14.0,0.0,0.0,20000.0,0.0,0.0,,,,,,,,,,,,,,,,,,,,,,,,,
2027,DISTRICT_MANAGED_2027.xlsx,Traditional,DAVIS N,Elementary,BRIGHTON PARK,Network 8,39.0,,,,459.5,,0.0,1.0,1.0,1.0,2.0,,,0.0,0.0,,0.0,263328.1,6.0,10.0,1.0,0.0,7.0,3.0,,,,,,6.0,2.0,,,,,23:1,701.0,19.0,4.0,1.0,,,,,0.0,0.0,0.0,0.0,1.0,0.0,1.0,2.0,,,0.0,,0.0,0.0,,0.0,0.0,0.0,0.0,0.0,20000.0,0.0,0.0,,454.0,,,0.0,,,0.0,0.0,,,0.0,0.0,0.0,2.0,15000.0,0.0,,,,,,492.0,426.0,-28.0,0.0,0.0,20000.0,0.0,0.0,,,,,,,,,,,,,,,,,,,,,,,,,
2027,DISTRICT_MANAGED_2027.xlsx,Traditional,DAWES,Elementary,ASHBURN,Network 10,28.0,,,,454.0,,0.0,1.0,1.0,1.0,2.0,,,2.0,0.0,,1.0,249418.79,11.0,20.0,1.5,0.0,8.0,5.0,,,,,,6.0,1.0,,,,,25:1,569.0,33.0,7.0,2.0,,,,,1.0,0.0,1.0,0.0,1.0,0.0,0.0,0.0,,,0.0,,0.0,0.0,,0.0,0.0,0.0,0.0,0.0,15000.0,0.0,0.0,,810.0,,,0.0,,,0.0,0.0,,,0.0,0.0,0.0,1.0,15000.0,0.0,,,,,,904.0,802.0,-8.0,0.0,0.0,40000.0,0.0,0.0,,,,,,,,,,,,,,,,,,,,,,,,,
2027,DISTRICT_MANAGED_2027.xlsx,Traditional,AZUELA,Elementary,WEST LAWN,Network 10,28.0,,,,432.0,,0.0,1.0,1.0,1.0,2.0,,,0.0,0.0,,2.0,343215.59,9.0,14.0,1.0,0.0,0.0,0.0,,,,,,4.0,1.0,,,,,25:1,569.0,28.0,6.0,2.0,,,,,0.0,0.0,0.0,0.0,1.0,0.0,0.0,0.0,,,0.0,,0.0,0.0,,0.0,0.0,0.0,0.0,0.0,31000.0,0.0,0.0,,690.0,,,0.0,,,0.0,-1.0,,,1.0,0.0,0.0,2.0,15000.0,1.0,,,,,,677.0,677.0,-13.0,0.0,0.0,40000.0,0.0,0.0,,,,,,,,,,,,,,,,,,,,,,,,,
2027,DISTRICT_MANAGED_2027.xlsx,Traditional,DENEEN,Elementary,GREATER GRAND CROSSING,Network 12,41.0,,,,531.0,,0.0,1.0,1.0,1.0,2.0,,,0.0,0.0,,2.0,253827.52,8.0,15.0,1.0,0.0,3.0,2.0,,,,,,4.0,1.0,,,,,23:1,725.0,17.0,4.0,1.0,,,,,0.0,0.0,0.0,0.0,0.0,0.0,0.0,0.0,,,0.0,,0.0,0.0,,0.0,0.0,0.0,0.0,0.0,20000.0,0.0,0.0,,393.0,,,0.0,,,0.0,0.0,,,0.0,0.0,0.0,0.0,15000.0,0.0,,,,,,444.0,388.0,-5.0,0.0,0.0,20000.0,0.0,0.0,,,,,,,,,,,,,,,,,,,,,,,,,
2027,DISTRICT_MANAGED_2027.xlsx,Traditional,DEVER,Elementary,DUNNING,Network 1,23.0,,,,360.5,,0.0,1.0,1.0,1.0,2.0,,,1.0,0.0,,1.0,83420.77,6.0,6.0,1.0,0.0,7.0,4.0,,,,,,4.0,3.0,,,,,27:1,509.0,24.0,5.0,1.0,,,,,0.0,0.0,0.0,0.0,1.0,0.0,0.5,0.0,,,0.0,,0.0,0.0,,0.0,0.0,0.0,0.0,0.0,5500.0,0.0,0.0,,645.0,,,0.0,,,0.0,0.0,,,0.0,0.0,0.0,1.0,15000.0,0.0,,,,,,705.0,628.0,-17.0,0.0,0.0,40000.0,0.0,0.0,,,,,,,,,,,,,,,,,,,,,,,,,
2027,DISTRICT_MANAGED_2027.xlsx,Traditional,DEWEY,Elementary,NEW CITY,Network 8,42.0,,,,498.0,,0.0,1.0,1.0,2.0,1.0,,,1.0,0.0,,0.0,115333.5,8.0,13.0,0.5,0.0,2.0,2.0,,,,,,4.0,3.0,,,,,23:1,737.0,11.0,3.0,1.0,,,,,0.0,0.0,0.0,0.0,0.0,0.78,0.0,3.22,,,0.0,,0.0,0.0,,0.0,0.0,0.0,0.0,0.0,0.0,0.0,0.0,,220.0,,,0.0,,,0.0,0.0,,,0.0,0.0,0.0,0.5,15000.0,0.0,,,,,,291.0,242.0,22.0,0.0,0.0,20000.0,0.0,0.0,,,,,,,,,,,,,,,,,,,,,,,,,
2027,DISTRICT_MANAGED_2027.xlsx,Traditional,DIXON,Elementary,CHATHAM,Network 12,30.0,,,,437.5,,0.0,1.0,1.0,1.0,1.0,,,1.0,0.0,,1.0,119667.5,5.0,5.0,0.5,0.0,1.0,1.0,,,,,,4.0,1.0,,,,,25:1,593.0,16.0,4.0,1.0,,,,,0.0,0.0,0.0,0.0,0.0,0.0,0.5,0.0,,,0.0,,0.0,0.0,,0.0,0.0,0.0,0.0,0.0,0.0,0.0,0.0,,391.0,,,0.0,,,0.0,0.0,,,0.0,0.0,0.0,0.0,15000.0,0.0,,,,,,407.0,389.0,-2.0,0.0,0.0,20000.0,0.0,0.0,,,,,,,,,,,,,,,,,,,,,,,,,
2027,DISTRICT_MANAGED_2027.xlsx,Traditional,DOOLITTLE,Elementary,DOUGLAS,Network 9,42.0,,,,553.0,,0.0,1.0,0.0,1.0,1.0,,,1.0,0.0,,0.0,32281.08,3.0,10.0,0.5,0.0,1.0,1.0,,,,,,3.0,2.0,,,,,23:1,737.0,10.0,3.0,0.0,,,,,0.0,0.0,0.0,1.0,0.0,0.0,0.0,0.0,,,0.0,,0.0,0.0,,0.0,0.0,0.0,0.0,0.0,30000.0,0.0,0.0,,228.0,,,0.0,,,0.0,0.0,,,0.0,0.0,0.0,0.0,15000.0,1.0,,,,,,240.0,225.0,-3.0,0.0,0.0,20000.0,0.0,0.0,,,,,,,,,,,,,,,,,,,,,,,,,
2027,DISTRICT_MANAGED_2027.xlsx,Traditional,DORE,Elementary,CLEARING,Network 10,24.0,,,,333.0,,1.0,1.0,1.0,2.0,2.0,,,1.33,0.0,,1.0,169967.61,14.0,28.0,1.5,0.0,7.67,5.0,,,,,,6.0,4.0,,,,,27:1,521.0,24.0,6.0,2.0,,,,,0.0,0.0,0.0,0.0,0.0,1.0,0.0,1.0,,,0.0,,0.0,0.0,,0.0,0.0,0.0,0.0,0.0,31000.0,0.0,0.0,,620.0,,,0.0,,,0.0,0.0,,,0.0,0.0,0.0,1.0,15000.0,1.0,,,,,,758.0,636.0,16.0,0.0,0.0,40000.0,0.0,0.0,,,,,,,,,,,,,,,,,,,,,,,,,
2027,DISTRICT_MANAGED_2027.xlsx,Traditional,DRAKE,Elementary,DOUGLAS,Network 9,36.0,,,,564.0,,0.0,1.0,1.0,1.0,1.0,,,1.0,0.0,,0.5,169072.1,6.0,14.0,0.5,0.0,1.0,1.0,,,,,,4.0,2.0,,,,,25:1,665.0,11.0,3.0,1.0,,,,,0.0,0.0,0.0,0.0,0.0,0.0,0.0,0.0,,,0.0,,0.0,0.0,,0.0,0.0,0.0,0.0,0.0,5500.0,0.0,0.0,,255.0,,,0.0,,,0.0,0.0,,,0.0,0.0,0.0,0.0,15000.0,0.0,,,,,,309.0,274.0,19.0,0.0,0.0,20000.0,0.0,0.0,,,,,,,,,,,,,,,,,,,,,,,,,
2027,DISTRICT_MANAGED_2027.xlsx,Traditional,DRUMMOND,Elementary,LOGAN SQUARE,Network 6,25.0,,,,0.0,,0.0,1.0,0.0,1.0,1.0,,,1.0,0.0,,0.0,14386.67,4.0,11.0,0.5,0.0,3.0,0.0,,,,,,2.0,1.0,,,,,27:1,533.0,11.0,3.0,0.0,,,,,0.0,0.0,0.0,0.0,0.0,0.0,0.0,0.0,,,0.0,,0.0,0.0,,1.0,15.0,0.0,0.0,0.0,0.0,0.0,0.0,,275.0,,,0.0,,,-1.0,0.0,,,2.0,0.0,0.0,0.0,15000.0,0.0,,,,,,347.0,278.0,3.0,0.0,0.0,20000.0,0.0,0.0,,,,,,,,,,,,,,,,,,,,,,,,,
2027,DISTRICT_MANAGED_2027.xlsx,Traditional,EARLE,Elementary,WEST ENGLEWOOD,Network 11,43.0,,,,492.5,,0.0,1.0,1.0,1.0,1.0,,,0.0,0.0,,0.5,226499.25,7.0,7.0,0.5,0.0,4.0,2.0,,,,,,3.0,2.0,,,,,23:1,749.0,12.0,3.0,1.0,,,,,0.0,0.0,0.0,0.0,0.0,0.0,0.0,0.0,,,0.0,,0.0,0.0,,0.0,0.0,0.0,1.0,0.0,0.0,0.0,0.0,,243.0,,,0.0,,,0.0,0.0,,,0.0,0.0,1.0,1.0,15000.0,0.0,,,,,,290.0,255.0,12.0,0.0,0.0,20000.0,0.0,0.0,,,,,,,,,,,,,,,,,,,,,,,,,
2027,DISTRICT_MANAGED_2027.xlsx,Traditional,EBERHART,Elementary,CHICAGO LAWN,Network 10,34.0,,,,465.0,,0.0,1.0,1.0,1.0,2.0,,,3.0,0.0,,3.0,220261.0,9.0,14.0,1.0,0.0,3.0,3.0,,,,,,8.0,2.0,,,,,25:1,641.0,36.0,8.0,2.0,,,,,1.0,0.0,0.0,0.0,0.0,0.0,0.0,0.0,,,0.0,,0.0,0.0,,0.0,0.0,0.0,0.0,0.0,15000.0,0.0,0.0,,954.0,,,0.0,,,0.0,0.0,,,1.0,0.0,0.0,2.0,15000.0,1.0,,,,,,939.0,883.0,-71.0,0.0,0.0,40000.0,0.0,0.0,,,,,,,,,,,,,,,,,,,,,,,,,
2027,DISTRICT_MANAGED_2027.xlsx,Traditional,EBINGER,Elementary,EDISON PARK,Network 1,15.0,,,,0.0,,0.0,1.0,1.0,1.0,2.0,,,2.0,0.0,,0.0,19554.5,10.0,23.0,1.0,0.0,0.0,0.0,,,,,,4.0,2.0,,,,,27:1,413.0,26.0,6.0,0.0,,,,,0.0,0.0,0.0,0.0,1.0,0.0,0.0,0.0,,,2.0,,0.0,0.0,,0.0,0.0,0.0,0.0,0.0,0.0,0.0,0.0,,688.0,,,0.0,,,0.0,0.0,,,0.0,0.0,0.0,0.5,15000.0,0.0,,,,,,685.0,685.0,-3.0,0.0,0.0,40000.0,0.0,0.0,,,,,,,,,,,,,,,,,,,,,,,,,
2027,DISTRICT_MANAGED_2027.xlsx,Traditional,CURTIS,Elementary,ROSELAND,Network 13,37.0,,,,487.0,,0.0,1.0,1.0,1.0,1.0,,,0.5,0.0,,1.2,118132.8,5.0,8.0,0.5,0.0,1.0,1.0,,,,,,6.0,2.8,,,,,23:1,677.0,12.0,3.0,0.0,,,,,0.0,0.0,0.0,0.0,0.0,0.0,0.0,0.0,,,0.0,,0.0,0.0,,0.0,0.0,0.0,0.0,0.0,30000.0,0.0,0.0,,330.0,,,0.0,,,0.0,0.0,,,0.0,0.0,0.0,0.5,15000.0,1.0,,,,,,291.0,275.0,-55.0,0.0,0.0,20000.0,0.0,0.0,,,,,,,,,,,,,,,,,,,,,,,,,
2027,DISTRICT_MANAGED_2027.xlsx,Traditional,EDGEBROOK,Elementary,FOREST GLEN,Network 1,18.0,,,,0.0,,0.0,1.0,1.0,2.0,1.0,,,1.5,0.0,,0.0,80760.15000000001,7.0,5.0,1.0,0.0,8.5,5.0,,,,,,3.0,2.0,,,,,27:1,449.0,18.0,4.0,0.0,,,,,0.0,0.0,0.0,0.0,0.0,0.0,0.0,1.0,,,0.0,,0.0,0.0,,0.0,0.0,0.0,0.0,0.0,0.0,0.0,0.0,,455.0,,,0.0,,,0.0,0.0,,,0.0,0.0,0.0,1.0,15000.0,0.0,,,,,,576.0,465.0,10.0,0.0,0.0,20000.0,0.0,0.0,,,,,,,,,,,,,,,,,,,,,,,,,
2027,DISTRICT_MANAGED_2027.xlsx,Traditional,EDWARDS,Elementary,ARCHER HEIGHTS,Network 8,33.0,,,,443.0,,0.0,1.0,1.0,3.0,2.0,,,0.0,0.0,,2.0,408132.5,14.0,35.0,2.0,0.0,11.0,6.0,,,,,,10.0,4.0,,,,,25:1,629.0,42.0,9.0,2.0,,,,,1.0,0.0,2.0,1.0,0.0,0.0,1.0,2.0,,,1.0,,0.0,0.0,,0.0,0.0,0.0,0.0,0.0,0.0,0.0,0.0,,1051.0,,,0.0,,,0.0,0.0,,,0.0,0.0,0.0,3.0,15000.0,0.0,,,,,,1220.0,1034.0,-17.0,0.0,0.0,60000.0,0.0,0.0,,,,,,,,,,,,,,,,,,,,,,,,,
2027,DISTRICT_MANAGED_2027.xlsx,Traditional,ELLINGTON,Elementary,AUSTIN,Network 3,41.0,,,,476.0,,0.0,1.0,1.0,1.0,2.0,,,0.0,0.0,,1.0,191320.5,11.0,22.0,1.0,0.0,7.0,4.0,,,,,,5.0,2.0,,,,,23:1,725.0,18.0,4.0,1.0,,,,,0.0,0.0,3.0,0.0,0.0,0.0,0.0,0.0,,,1.0,,0.0,0.0,,0.0,0.0,0.0,0.0,0.0,50000.0,0.0,0.0,,417.0,,,0.0,,,0.0,0.0,,,0.0,0.0,0.0,1.0,15000.0,1.0,,,,,,514.0,409.0,-8.0,0.0,0.0,20000.0,0.0,0.0,,,,,,,,,,,,,,,,,,,,,,,,,
2027,DISTRICT_MANAGED_2027.xlsx,Traditional,ESMOND,Elementary,MORGAN PARK,Network 10,29.0,,,,520.0,,0.0,1.0,0.0,1.0,1.0,,,0.0,0.0,,2.15,66745.0,5.0,6.0,0.0,0.0,1.0,1.0,,,,,,4.0,0.85,,,,,25:1,581.0,10.0,3.0,0.0,,,,,0.0,0.0,0.0,0.0,0.0,0.0,0.0,0.0,,,1.0,,0.0,0.0,,0.0,0.0,0.0,0.0,0.0,15000.0,0.0,0.0,,210.0,,,0.0,,,0.0,0.0,,,0.0,0.0,0.0,0.0,15000.0,0.0,,,,,,232.0,217.0,7.0,0.0,0.0,20000.0,0.0,0.0,,,,,,,,,,,,,,,,,,,,,,,,,
2027,DISTRICT_MANAGED_2027.xlsx,Traditional,EVERETT,Elementary,MCKINLEY PARK,ISP,36.0,,,,382.5,,0.0,1.0,0.0,1.0,1.0,,,0.0,0.0,,1.0,149957.5,4.0,3.0,0.0,0.0,2.0,1.0,,,,,,2.0,1.0,,,,,25:1,665.0,6.0,3.0,0.0,,,,,0.0,0.0,0.0,0.0,0.0,0.0,0.0,0.0,,,0.0,,0.0,0.0,,0.0,0.0,0.0,0.0,0.0,0.0,0.0,0.0,,74.0,,,0.0,,,0.0,0.0,,,0.0,0.0,1.0,1.0,15000.0,0.0,,,,,,103.0,88.0,14.0,0.0,0.0,20000.0,0.0,0.0,,,,,,,,,,,,,,,,,,,,,,,,,
2027,DISTRICT_MANAGED_2027.xlsx,Traditional,FALCONER,Elementary,BELMONT CRAGIN,Network 3,31.0,,,,432.0,,0.0,1.0,1.0,1.0,2.0,,,1.0,0.5,,1.5,330326.35,14.0,27.0,1.5,0.0,3.0,3.0,,,,,,7.0,2.0,,,,,25:1,605.0,39.0,8.0,2.0,,,,,0.0,0.0,0.0,0.0,1.0,0.0,0.0,0.5199999999999996,,,0.0,,0.0,0.0,,0.0,0.0,0.0,0.0,0.0,0.0,0.0,0.0,,892.0,,,0.0,,,0.0,-1.0,,,1.0,0.0,0.0,2.0,15000.0,0.0,,,,,,884.0,892.0,0.0,0.0,0.0,40000.0,0.0,0.0,,,,,,,,,,,,,,,,,,,,,,,,,
2027,DISTRICT_MANAGED_2027.xlsx,Traditional,FARNSWORTH,Elementary,JEFFERSON PARK,Network 1,22.0,,,,311.0,,2.0,1.0,1.0,1.0,1.0,,,1.0,0.0,,0.0,179246.0,12.0,34.0,1.0,0.0,4.0,2.0,,,,,,2.0,1.0,,,,,27:1,497.0,15.0,4.0,1.0,,,,,0.0,0.0,0.0,0.0,0.0,0.0,0.0,0.0,,,0.0,,0.0,0.0,,0.0,0.0,0.0,0.0,0.0,0.0,0.0,0.0,,398.0,,,0.0,,,0.0,0.0,,,0.0,0.0,0.0,1.0,15000.0,0.0,,,,,,483.0,383.0,-15.0,0.0,0.0,20000.0,0.0,0.0,,,,,,,,,,,,,,,,,,,,,,,,,
2027,DISTRICT_MANAGED_2027.xlsx,Traditional,FERNWOOD,Elementary,WASHINGTON HEIGHTS,Network 13,37.0,,,,503.5,,0.0,1.0,1.0,1.0,1.0,,,0.5,0.0,,0.15,216734.02,2.0,8.0,0.5,0.0,1.0,1.0,,,,,,2.0,0.85,,,,,23:1,677.0,11.0,3.0,1.0,,,,,0.0,0.0,0.0,0.0,0.0,0.0,0.0,0.0,,,0.0,,0.0,0.0,,0.0,0.0,0.0,0.0,0.0,0.0,0.0,0.0,,241.0,,,0.0,,,0.0,0.0,,,0.0,0.0,0.0,0.0,15000.0,0.0,,,,,,272.0,253.0,12.0,0.0,0.0,20000.0,0.0,0.0,,,,,,,,,,,,,,,,,,,,,,,,,
2027,DISTRICT_MANAGED_2027.xlsx,Traditional,FIELD,Elementary,ROGERS PARK,Network 2,39.0,,,,465.0,,0.0,1.0,0.0,1.0,1.0,,,0.0,0.0,,0.0,128412.35,3.0,2.0,0.0,0.0,0.0,0.0,,,,,,2.0,1.0,,,,,23:1,701.0,6.0,3.0,0.0,,,,,0.0,0.0,0.0,1.0,0.0,0.0,0.0,0.0,,,0.0,,0.0,0.0,,0.0,0.0,0.0,0.0,0.0,30000.0,0.0,0.0,,150.0,,,-1.0,,,0.0,0.0,,,0.0,0.0,0.0,1.0,15000.0,0.0,,,,,,138.0,138.0,-12.0,0.0,0.0,20000.0,0.0,0.0,,,,,,,,,,,,,,,,,,,,,,,,,
2027,DISTRICT_MANAGED_2027.xlsx,Traditional,FISKE,Elementary,WOODLAWN,Network 9,39.0,,,,492.5,,0.0,1.0,1.0,1.0,1.0,,,1.0,0.0,,0.0,198867.32,4.0,14.0,0.5,0.0,3.0,2.0,,,,,,4.0,2.0,,,,,23:1,701.0,15.0,3.0,1.0,,,,,0.0,0.0,0.0,0.0,0.0,0.0,0.0,2.0,,,1.0,,0.0,0.0,,0.0,0.0,0.0,0.0,0.0,30000.0,0.0,0.0,,338.0,,,0.0,,,0.0,0.0,,,0.0,0.0,0.0,0.5,15000.0,1.0,,,,,,357.0,325.0,-13.0,0.0,0.0,20000.0,0.0,0.0,,,,,,,,,,,,,,,,,,,,,,,,,
2027,DISTRICT_MANAGED_2027.xlsx,Traditional,TELPOCHCALLI,Elementary,SOUTH LAWNDALE,Network 7,43.0,,,,410.0,,0.0,1.0,0.0,1.0,1.0,,,1.0,0.0,,0.0,63642.5,6.0,6.0,0.5,0.0,1.0,1.0,,,,,,0.0,1.0,,,,,23:1,749.0,10.0,3.0,0.0,,,,,0.0,0.0,0.0,0.0,0.0,0.0,0.0,0.0,,,0.0,,0.0,0.0,,0.0,0.0,0.0,0.0,0.0,20000.0,0.0,0.0,,195.0,,,0.0,,,0.0,0.0,,,1.0,0.0,0.0,2.0,15000.0,0.0,,,,,,198.0,191.0,-4.0,0.0,0.0,20000.0,0.0,0.0,,,,,,,,,,,,,,,,,,,,,,,,,
2027,DISTRICT_MANAGED_2027.xlsx,Traditional,FORT DEARBORN,Elementary,WASHINGTON HEIGHTS,Network 11,37.0,,,,503.5,,0.0,1.0,1.0,1.0,1.0,,,0.0,0.0,,0.5,235883.61,5.0,17.0,0.5,0.0,4.0,2.0,,,,,,2.0,1.0,,,,,23:1,677.0,11.0,3.0,1.0,,,,,0.0,0.0,0.0,0.0,0.0,0.0,0.0,0.0,,,0.0,,0.0,0.0,,0.0,0.0,0.0,1.0,0.0,31000.0,0.0,0.0,,270.0,,,0.0,,,0.0,0.0,,,0.0,0.0,0.0,0.0,15000.0,0.0,,,,,,271.0,247.0,-23.0,0.0,0.0,20000.0,0.0,0.0,,,,,,,,,,,,,,,,,,,,,,,,,
2027,DISTRICT_MANAGED_2027.xlsx,Traditional,KELLMAN,Elementary,EAST GARFIELD PARK,Network 5,42.0,,,,531.0,,0.0,1.0,0.0,1.0,1.0,,,0.0,0.0,,0.0,93057.8,3.0,5.0,0.5,0.0,1.0,1.0,,,,,,4.0,1.0,,,,,23:1,737.0,10.0,3.0,0.0,,,,,0.0,0.0,0.0,1.0,0.0,0.0,0.0,0.0,,,0.0,,0.0,0.0,,0.0,0.0,0.0,0.0,0.0,30000.0,0.0,0.0,,187.0,,,0.0,,,0.0,0.0,,,0.0,0.0,0.0,0.0,15000.0,1.0,,,,,,214.0,195.0,8.0,0.0,0.0,20000.0,0.0,0.0,,,,,,,,,,,,,,,,,,,,,,,,,
2027,DISTRICT_MANAGED_2027.xlsx,Traditional,FOSTER PARK,Elementary,AUBURN GRESHAM,Network 11,40.0,,,,498.0,,0.0,1.0,1.0,1.0,1.0,,,0.0,0.0,,1.0,245684.0,9.0,21.0,1.0,0.0,3.0,2.0,,,,,,4.0,2.0,,,,,23:1,713.0,12.0,3.0,1.0,,,,,0.0,0.0,0.0,0.0,0.0,0.0,0.0,0.0,,,0.0,,0.0,0.0,,0.0,0.0,0.0,0.0,0.0,0.0,0.0,0.0,,267.0,,,0.0,,,0.0,0.0,,,0.0,0.0,0.0,0.0,15000.0,0.0,,,,,,367.0,275.0,8.0,0.0,0.0,20000.0,0.0,0.0,,,,,,,,,,,,,,,,,,,,,,,,,
2027,DISTRICT_MANAGED_2027.xlsx,Traditional,FARMER,Elementary,GRAND BOULEVARD,Network 9,31.0,,,,531.0,,0.0,1.0,0.0,1.0,1.0,,,0.0,0.0,,2.0,163125.75,7.0,9.0,0.5,0.0,1.0,1.0,,,,,,4.0,1.0,,,,,25:1,605.0,12.0,3.0,1.0,,,,,0.0,0.0,0.0,0.0,0.0,0.0,0.0,0.0,,,0.0,,0.0,0.0,,0.0,0.0,0.0,0.0,0.0,31000.0,0.0,0.0,,291.0,,,0.0,,,-1.0,0.0,,,0.0,0.0,0.0,0.0,15000.0,0.0,,,,,,297.0,282.0,-9.0,0.0,0.0,20000.0,0.0,0.0,,,,,,,,,,,,,,,,,,,,,,,,,
2027,DISTRICT_MANAGED_2027.xlsx,Traditional,FULTON,Elementary,NEW CITY,Network 8,38.0,,,,377.0,,1.0,1.0,1.0,1.0,1.0,,,0.0,0.0,,0.0,211495.35,6.0,7.0,0.5,0.0,4.0,2.0,,,,,,3.0,2.0,,,,,23:1,689.0,12.0,3.0,1.0,,,,,0.0,0.0,0.0,0.0,0.0,0.0,0.0,0.0,,,0.0,,0.0,0.0,,0.0,0.0,0.0,0.0,0.0,15000.0,0.0,0.0,,280.0,,,0.0,,,0.0,0.0,,,1.0,0.0,0.0,1.0,15000.0,0.0,,,,,,313.0,271.0,-9.0,0.0,0.0,20000.0,0.0,0.0,,,,,,,,,,,,,,,,,,,,,,,,,
2027,DISTRICT_MANAGED_2027.xlsx,Traditional,FUNSTON,Elementary,LOGAN SQUARE,Network 4,41.0,,,,498.0,,1.0,1.0,1.0,1.0,2.0,,,1.0,0.0,,1.0,118553.1,14.0,29.0,1.0,0.0,3.0,2.0,,,,,,5.0,2.0,,,,,23:1,725.0,15.0,4.0,1.0,,,,,0.0,0.0,0.0,0.0,1.0,0.0,0.0,0.0,,,0.0,,0.0,0.0,,0.0,0.0,0.0,0.0,0.0,0.0,0.0,0.0,,352.0,,,0.0,,,0.0,0.0,,,0.0,0.0,0.0,2.0,15000.0,0.0,,,,,,429.0,324.0,-28.0,0.0,0.0,20000.0,0.0,0.0,,,,,,,,,,,,,,,,,,,,,,,,,
2027,DISTRICT_MANAGED_2027.xlsx,Traditional,GARVY,Elementary,NORWOOD PARK,Network 1,18.0,,,,0.0,,0.0,1.0,1.0,1.0,2.0,,,1.0,0.0,,0.0,153453.43,8.0,6.0,1.0,0.0,0.0,0.0,,,,,,2.0,1.0,,,,,27:1,449.0,28.0,6.0,0.0,,,,,0.0,0.0,1.0,0.0,0.0,0.0,0.0,0.0,,,0.0,,0.0,0.0,,0.0,0.0,0.0,0.0,0.0,0.0,0.0,0.0,,731.0,,,0.0,,,0.0,0.0,,,1.0,0.0,0.0,1.0,15000.0,0.0,,,,,,734.0,734.0,3.0,0.0,0.0,40000.0,1.0,0.0,,,,,,,,,,,,,,,,,,,,,,,,,
2027,DISTRICT_MANAGED_2027.xlsx,Traditional,GARY,Elementary,SOUTH LAWNDALE,Network 7,38.0,,,,492.5,,0.0,1.0,1.0,1.0,2.0,,,0.0,0.0,,4.0,189431.65,8.0,17.0,1.0,0.0,4.0,2.0,,,,,,6.0,2.0,,,,,23:1,689.0,25.0,6.0,1.0,,,,,1.0,0.0,1.0,0.0,1.0,0.0,0.0,0.0,,,0.0,,0.0,0.0,,0.0,0.0,0.0,0.0,0.0,15000.0,0.0,0.0,,638.0,,,0.0,,,0.0,0.0,,,0.0,0.0,0.0,2.0,15000.0,1.0,,,,,,628.0,573.0,-65.0,1.0,0.0,40000.0,0.0,0.0,,,,,,,,,,,,,,,,,,,,,,,,,
2027,DISTRICT_MANAGED_2027.xlsx,Traditional,GILLESPIE,Elementary,ROSELAND,Network 12,39.0,,,,514.5,,0.0,1.0,1.0,1.0,1.0,,,0.5,0.0,,1.0,71466.1,8.0,13.0,0.5,0.0,1.0,1.0,,,,,,4.0,1.0,,,,,23:1,701.0,11.0,3.0,1.0,,,,,0.0,0.0,0.0,0.0,0.0,0.0,0.0,0.0,,,0.0,,0.0,0.0,,0.0,0.0,0.0,0.0,0.0,0.0,0.0,0.0,,227.0,,,0.0,,,0.0,0.0,,,0.0,0.0,0.0,0.0,15000.0,0.0,,,,,,288.0,231.0,4.0,0.0,0.0,20000.0,0.0,0.0,,,,,,,,,,,,,,,,,,,,,,,,,
2027,DISTRICT_MANAGED_2027.xlsx,Traditional,GOETHE,Elementary,LOGAN SQUARE,Network 4,24.0,,,,333.0,,3.0,1.0,1.0,1.0,2.0,,,3.0,0.0,,0.0,89316.68,9.0,17.0,1.0,0.0,5.0,3.0,,,,,,6.0,2.0,,,,,27:1,521.0,24.0,5.0,1.0,,,,,0.0,0.0,1.0,0.0,0.0,0.0,0.0,0.0,,,0.0,,0.0,0.0,,0.0,0.0,0.0,0.0,0.0,0.0,0.0,0.0,,644.0,,,0.0,,,0.0,0.0,,,0.0,0.0,0.0,2.0,15000.0,0.0,,,,,,716.0,641.0,-3.0,0.0,0.0,40000.0,0.0,0.0,,,,,,,,,,,,,,,,,,,,,,,,,
2027,DISTRICT_MANAGED_2027.xlsx,Traditional,OWENS,Elementary,WEST PULLMAN,Network 13,38.0,,,,525.5,,0.0,1.0,1.0,2.0,1.0,,,0.0,0.0,,1.0,163786.0,8.0,13.0,1.0,0.0,1.0,1.0,,,,,,5.0,3.0,,,,,23:1,689.0,11.0,3.0,1.0,,,,,0.0,0.0,0.0,0.0,0.0,0.0,0.0,0.0,,,0.0,,0.0,0.0,,0.0,0.0,0.0,0.0,0.0,5500.0,0.0,0.0,,285.0,,,0.0,,,0.0,0.0,,,0.0,0.0,1.0,0.0,15000.0,0.0,,,,,,298.0,243.0,-42.0,0.0,0.0,20000.0,0.0,0.0,,,,,,,,,,,,,,,,,,,,,,,,,
2027,DISTRICT_MANAGED_2027.xlsx,Traditional,GRISSOM,Elementary,HEGEWISCH,Network 13,25.0,,,,410.0,,2.0,1.0,1.0,2.0,1.0,,,0.0,0.0,,0.0,222730.14,4.0,10.0,0.5,0.0,1.0,1.0,,,,,,2.0,2.0,,,,,27:1,533.0,10.0,3.0,1.0,,,,,0.0,0.0,0.0,0.0,0.0,0.0,0.0,0.0,,,0.0,,0.0,0.0,,0.0,0.0,0.0,0.0,0.0,0.0,0.0,0.0,,268.0,,,0.0,,,0.0,0.0,,,0.0,0.0,0.0,1.0,15000.0,0.0,,,,,,271.0,258.0,-10.0,0.0,0.0,20000.0,0.0,0.0,,,,,,,,,,,,,,,,,,,,,,,,,
2027,DISTRICT_MANAGED_2027.xlsx,Traditional,GOUDY,Elementary,UPTOWN,Network 2,25.0,,,,404.5,,1.0,1.0,1.0,1.0,1.0,,,1.0,0.0,,0.0,252835.43,10.0,15.0,1.0,0.0,2.0,2.0,,,,,,6.0,2.0,,,,,27:1,533.0,17.0,4.0,1.0,,,,,0.0,0.0,0.0,0.0,0.0,0.0,0.0,0.0,,,0.0,,0.0,0.0,,0.0,0.0,0.0,0.0,0.0,0.0,0.0,0.0,,457.0,,,0.0,,,0.0,0.0,,,0.0,0.0,0.0,1.0,15000.0,0.0,,,,,,485.0,435.0,-22.0,0.0,0.0,20000.0,0.0,0.0,,,,,,,,,,,,,,,,,,,,,,,,,
2027,DISTRICT_MANAGED_2027.xlsx,Traditional,RICHARDSON,Elementary,WEST LAWN,Network 10,28.0,,,,454.0,,0.0,1.0,1.0,1.0,2.0,,,0.0,0.0,,2.0,225335.46,7.0,8.0,1.0,0.0,0.0,0.0,,,,,,7.0,3.0,,,,,25:1,569.0,32.0,7.0,2.0,,,,,1.0,0.0,1.0,0.0,0.0,0.0,0.0,0.0,,,0.0,,0.0,0.0,,0.0,0.0,0.0,0.0,0.0,20000.0,0.0,0.0,,838.0,,,0.0,,,0.0,0.0,,,5.0,0.0,0.0,2.0,15000.0,1.0,,,,,,785.0,785.0,-53.0,0.0,0.0,40000.0,0.0,0.0,,,,,,,,,,,,,,,,,,,,,,,,,
2027,DISTRICT_MANAGED_2027.xlsx,Traditional,GRAHAM ES,Elementary,NEW CITY,Network 6,39.0,,,,432.0,,0.0,1.0,1.0,1.0,1.0,,,1.0,0.0,,0.0,142872.8,8.0,14.0,0.5,0.0,3.0,2.0,,,,,,4.0,2.0,,,,,23:1,701.0,14.0,3.0,1.0,,,,,0.0,0.0,0.0,0.0,0.0,0.0,0.0,0.0,,,0.0,,0.0,0.0,,0.0,0.0,0.0,1.0,0.0,75000.0,0.0,0.0,,324.0,,,0.0,,,0.0,0.0,,,1.0,0.0,0.0,1.0,15000.0,1.0,,,,,,331.0,300.0,-24.0,0.0,0.0,20000.0,0.0,0.0,,,,,,,,,,,,,,,,,,,,,,,,,
2027,DISTRICT_MANAGED_2027.xlsx,Traditional,GRAY,Elementary,PORTAGE PARK,Network 1,24.0,,,,399.0,,0.0,1.0,1.0,1.0,2.0,,,1.0,0.0,,0.0,258317.06,9.0,9.0,1.0,0.0,3.0,3.0,,,,,,7.0,2.0,,,,,27:1,521.0,35.0,7.0,2.0,,,,,0.0,0.0,1.0,0.0,2.0,0.0,0.0,0.0,,,0.0,,0.0,0.0,,0.0,0.0,0.0,0.0,0.0,0.0,0.0,0.0,,940.0,,,0.0,,,0.0,0.0,,,1.0,0.0,0.0,2.0,15000.0,0.0,,,,,,994.0,934.0,-6.0,0.0,0.0,40000.0,0.0,0.0,,,,,,,,,,,,,,,,,,,,,,,,,
2027,DISTRICT_MANAGED_2027.xlsx,Traditional,ORTIZ DE DOMINGUEZ,Elementary,SOUTH LAWNDALE,Network 7,42.0,,,,470.5,,1.0,1.0,1.0,1.0,1.0,,,0.0,0.0,,1.0,139716.45,7.0,19.0,1.0,0.0,7.0,4.0,,,,,,5.0,1.0,,,,,23:1,737.0,11.0,3.0,1.0,,,,,0.0,0.0,1.0,0.0,0.0,0.0,0.0,0.0,,,0.0,,0.0,0.0,,0.0,0.0,0.0,0.0,0.0,5500.0,0.0,0.0,,279.0,,,0.0,,,0.0,0.0,,,0.0,0.0,0.0,1.0,15000.0,0.0,,,,,,364.0,236.0,-43.0,0.0,0.0,20000.0,0.0,0.0,,,,,,,,,,,,,,,,,,,,,,,,,
2027,DISTRICT_MANAGED_2027.xlsx,Traditional,ARIEL,Elementary,KENWOOD,Network 9,32.0,,,,503.5,,0.0,1.0,1.0,1.0,1.0,,,3.0,0.0,,0.0,86789.8,12.0,23.0,1.0,0.0,2.0,2.0,,,,,,5.0,2.0,,,,,25:1,617.0,13.0,4.0,1.0,,,,,0.0,0.0,0.0,0.0,0.0,0.0,0.0,0.0,,,0.0,,0.0,0.0,,0.0,0.0,0.0,0.0,0.0,0.0,1.0,0.0,,303.0,,,0.0,,,0.0,0.0,,,0.0,0.0,0.0,0.0,15000.0,0.0,,,,,,389.0,321.0,18.0,0.0,0.0,20000.0,0.0,0.0,,,,,,,,,,,,,,,,,,,,,,,,,
2027,DISTRICT_MANAGED_2027.xlsx,Traditional,GREENE,Elementary,MCKINLEY PARK,Network 8,38.0,,,,454.0,,0.0,1.0,1.0,1.0,1.0,,,1.5,0.0,,0.0,88931.87,5.0,10.0,0.5,0.0,6.0,3.0,,,,,,4.0,1.0,,,,,23:1,689.0,11.0,3.0,1.0,,,,,0.0,0.0,0.0,0.0,0.0,0.0,0.0,0.0,,,0.0,,0.0,0.0,,0.0,0.0,0.0,0.0,0.0,0.0,0.0,0.0,,263.0,,,0.0,,,0.0,0.0,,,0.0,0.0,0.0,1.0,15000.0,0.0,,,,,,297.0,249.0,-14.0,0.0,0.0,20000.0,0.0,0.0,,,,,,,,,,,,,,,,,,,,,,,,,
2027,DISTRICT_MANAGED_2027.xlsx,Traditional,GREGORY,Elementary,EAST GARFIELD PARK,Network 5,41.0,,,,470.5,,0.0,1.0,1.0,1.0,1.0,,,0.0,0.0,,1.0,231822.1,7.0,11.0,0.5,0.0,1.0,1.0,,,,,,2.0,2.0,,,,,23:1,725.0,12.0,3.0,1.0,,,,,0.0,0.0,0.0,0.0,0.0,0.0,0.0,0.0,,,0.0,,0.0,0.0,,0.0,0.0,0.0,0.0,0.0,31000.0,0.0,0.0,,234.0,,,0.0,,,0.0,0.0,,,0.0,0.0,0.0,1.0,15000.0,0.0,,,,,,300.0,261.0,27.0,0.0,0.0,20000.0,0.0,0.0,,,,,,,,,,,,,,,,,,,,,,,,,
2027,DISTRICT_MANAGED_2027.xlsx,Traditional,GRESHAM,Elementary,AUBURN GRESHAM,Network 11,33.0,,,,525.5,,1.0,1.0,1.0,1.0,1.0,,,0.0,0.0,,1.0,242241.26,6.0,10.0,0.5,0.0,2.0,2.0,,,,,,3.0,2.0,,,,,25:1,629.0,12.0,3.0,1.0,,,,,0.0,0.0,0.0,0.0,0.0,0.0,0.0,0.0,,,0.0,,0.0,0.0,,0.0,0.0,0.0,0.0,0.0,15000.0,0.0,0.0,,301.0,,,0.0,,,0.0,0.0,,,0.0,0.0,0.0,0.0,15000.0,0.0,,,,,,306.0,279.0,-22.0,0.0,0.0,20000.0,0.0,0.0,,,,,,,,,,,,,,,,,,,,,,,,,
2027,DISTRICT_MANAGED_2027.xlsx,Traditional,GRIMES,Elementary,CLEARING,Network 10,30.0,,,,393.5,,2.0,1.0,1.0,2.0,1.0,,,1.5,0.0,,0.0,102060.3,8.0,7.0,0.5,0.0,1.0,1.0,,,,,,3.0,2.0,,,,,25:1,593.0,14.0,3.0,1.0,,,,,0.0,0.0,0.0,0.0,0.0,0.0,0.0,0.0,,,0.0,,0.0,0.0,,0.0,0.0,0.0,0.0,0.0,0.0,0.0,0.0,,354.0,,,0.0,,,0.0,0.0,,,0.0,0.0,0.0,1.0,15000.0,0.0,,,,,,366.0,346.0,-8.0,0.0,0.0,20000.0,0.0,0.0,,,,,,,,,,,,,,,,,,,,,,,,,
2027,DISTRICT_MANAGED_2027.xlsx,Traditional,HAINES,Elementary,ARMOUR SQUARE,Network 6,34.0,,,,454.0,,1.0,1.0,1.0,1.0,1.0,,,1.5,0.0,,0.0,151006.5,6.0,4.0,0.0,0.0,1.0,1.0,,,,,,5.0,1.0,,,,,25:1,641.0,18.0,4.0,1.0,,,,,0.0,0.0,0.0,0.0,1.0,0.0,0.0,0.0,,,0.0,,0.0,0.0,,0.0,0.0,0.0,0.0,0.0,0.0,0.0,0.0,,448.0,,,0.0,,,0.0,0.0,,,0.0,0.0,0.0,1.0,15000.0,0.0,,,,,,445.0,429.0,-19.0,0.0,0.0,20000.0,0.0,0.0,,,,,,,,,,,,,,,,,,,,,,,,,
2027,DISTRICT_MANAGED_2027.xlsx,Traditional,HALE,Elementary,CLEARING,Network 10,21.0,,,,377.0,,0.0,1.0,1.0,1.0,2.0,,,0.0,0.0,,0.0,237411.45,8.0,7.0,1.0,0.0,1.0,1.0,,,,,,5.0,2.0,,,,,27:1,485.0,28.0,6.0,2.0,,,,,0.0,0.0,1.0,0.0,2.0,0.0,0.0,0.0,,,0.0,,0.0,0.0,,0.0,0.0,0.0,0.0,0.0,0.0,0.0,0.0,,755.0,,,0.0,,,0.0,0.0,,,1.0,0.0,0.0,1.0,15000.0,0.0,,,,,,756.0,737.0,-18.0,0.0,0.0,40000.0,0.0,0.0,,,,,,,,,,,,,,,,,,,,,,,,,
2027,DISTRICT_MANAGED_2027.xlsx,Traditional,HAMILTON,Elementary,LAKE VIEW,Network 4,25.0,,,,0.0,,1.0,1.0,1.0,1.0,1.0,,,1.0,0.0,,0.0,163939.76,8.0,11.0,1.0,0.0,1.0,1.0,,,,,,3.0,1.0,,,,,27:1,533.0,18.0,4.0,0.0,,,,,0.0,0.0,0.0,0.0,0.0,0.0,0.0,0.0,,,0.0,,0.0,0.0,,0.0,0.0,0.0,0.0,0.0,0.0,0.0,0.0,,465.0,,,0.0,,,0.0,0.0,,,0.0,0.0,0.0,0.5,15000.0,0.0,,,,,,486.0,466.0,1.0,0.0,0.0,20000.0,0.0,0.0,,,,,,,,,,,,,,,,,,,,,,,,,
2027,DISTRICT_MANAGED_2027.xlsx,Traditional,HAMLINE,Elementary,NEW CITY,Network 8,43.0,,,,448.5,,0.0,1.0,1.0,2.0,2.0,,,0.0,0.0,,0.0,413466.59,10.0,19.0,1.0,0.0,5.0,3.0,,,,,,7.0,3.0,,,,,23:1,749.0,20.0,5.0,1.0,,,,,0.0,0.0,0.0,0.0,0.0,1.0,0.0,0.0,,,0.0,,0.0,0.0,,0.0,0.0,0.0,1.0,0.0,30000.0,0.0,0.0,,465.0,,,0.0,,,0.0,0.0,,,0.0,0.0,0.0,2.0,15000.0,0.0,,,,,,554.0,452.0,-13.0,0.0,0.0,20000.0,0.0,0.0,,,,,,,,,,,,,,,,,,,,,,,,,
2027,DISTRICT_MANAGED_2027.xlsx,Traditional,SOR JUANA,Elementary,WEST ELSDON,Network 8,27.0,,,,0.0,,0.0,1.0,1.0,1.0,1.0,,,0.0,0.0,,1.0,213427.75,4.0,7.0,0.5,0.0,3.0,3.0,,,,,,5.0,2.0,,,,,25:1,557.0,20.0,4.0,0.0,,,,,0.0,0.0,0.0,0.0,0.0,0.0,0.0,0.0,,,0.0,,0.0,0.0,,0.0,0.0,0.0,0.0,0.0,0.0,0.0,0.0,,496.0,,,0.0,,,0.0,0.0,,,0.0,0.0,1.0,1.0,15000.0,0.0,,,,,,538.0,491.0,-5.0,0.0,0.0,20000.0,0.0,0.0,,,,,,,,,,,,,,,,,,,,,,,,,
2027,DISTRICT_MANAGED_2027.xlsx,Traditional,HAMMOND,Elementary,SOUTH LAWNDALE,Network 7,42.0,,,,437.5,,0.0,1.0,0.0,1.0,1.0,,,0.0,0.0,,0.0,136487.18,8.0,9.0,0.5,0.0,4.0,2.0,,,,,,3.0,1.0,,,,,23:1,737.0,10.0,3.0,0.0,,,,,0.0,0.0,0.0,1.0,0.0,0.0,0.0,0.0,,,0.0,,0.0,0.0,,0.0,0.0,0.0,0.0,0.0,15000.0,0.0,0.0,,221.0,,,-1.0,,,0.0,0.0,,,0.0,0.0,0.0,1.0,15000.0,0.0,,,,,,226.0,197.0,-24.0,0.0,0.0,20000.0,0.0,0.0,,,,,,,,,,,,,,,,,,,,,,,,,
2027,DISTRICT_MANAGED_2027.xlsx,Traditional,FINKL,Elementary,LOWER WEST SIDE,Network 7,45.0,,,,481.5,,0.0,1.0,0.0,1.0,1.0,,,0.0,0.0,,0.0,89014.2,9.0,26.0,1.0,0.0,2.0,1.0,,,,,,2.0,1.0,,,,,23:1,773.0,10.0,3.0,1.0,,,,,0.0,0.0,0.0,1.0,0.0,0.0,0.0,0.0,,,0.0,,0.0,0.0,,0.0,0.0,0.0,0.0,0.0,15000.0,0.0,0.0,,177.0,,,0.0,,,0.0,0.0,,,0.0,0.0,0.0,1.0,15000.0,0.0,,,,,,232.0,169.0,-8.0,0.0,0.0,20000.0,0.0,0.0,,,,,,,,,,,,,,,,,,,,,,,,,
2027,DISTRICT_MANAGED_2027.xlsx,Traditional,MCAULIFFE,Elementary,HERMOSA,Network 4,36.0,,,,487.0,,0.0,1.0,1.0,1.0,1.0,,,0.0,0.0,,1.0,347947.5,9.0,12.0,1.0,0.0,5.0,3.0,,,,,,5.0,1.0,,,,,25:1,665.0,18.0,4.0,1.0,,,,,0.0,0.0,0.0,0.0,0.0,0.0,0.5,0.0,,,0.0,,0.0,0.0,,0.0,0.0,0.0,0.0,0.0,0.0,0.0,0.0,,453.0,,,0.0,,,0.0,0.0,,,0.0,0.0,0.0,1.0,15000.0,0.0,,,,,,502.0,429.0,-24.0,0.0,0.0,20000.0,0.0,0.0,,,,,,,,,,,,,,,,,,,,,,,,,
2027,DISTRICT_MANAGED_2027.xlsx,Traditional,HARTE,Elementary,HYDE PARK,Network 9,32.0,,,,437.5,,0.0,1.0,1.0,1.0,1.0,,,0.5,0.0,,0.0,145718.5,6.0,10.0,0.5,0.0,3.0,2.18,,,,,,2.0,1.0,,,,,25:1,617.0,11.0,3.0,1.0,,,,,0.0,0.0,0.0,0.0,0.0,0.0,0.0,0.0,,,0.0,,0.0,0.0,,0.0,0.0,0.0,0.0,0.0,20000.0,0.0,0.0,,287.0,,,0.0,,,0.0,0.0,,,0.82,0.0,0.0,0.5,15000.0,0.0,,,,,,314.0,272.0,-15.0,0.0,0.0,20000.0,0.0,0.0,,,,,,,,,,,,,,,,,,,,,,,,,
2027,DISTRICT_MANAGED_2027.xlsx,Traditional,HARVARD,Elementary,GREATER GRAND CROSSING,Network 11,39.0,,,,525.5,,0.0,1.0,1.0,1.0,1.0,,,0.0,0.0,,0.0,278315.0,10.0,28.0,1.0,0.0,1.0,1.0,,,,,,3.0,2.0,,,,,23:1,701.0,13.0,4.0,1.0,,,,,0.0,0.0,0.0,0.0,0.0,0.0,0.0,0.0,,,0.0,,0.0,0.0,,0.0,0.0,0.0,0.0,0.0,0.0,0.0,0.0,,281.0,,,0.0,,,0.0,0.0,,,1.0,0.0,0.0,0.5,15000.0,0.0,,,,,,332.0,284.0,3.0,0.0,0.0,20000.0,0.0,0.0,,,,,,,,,,,,,,,,,,,,,,,,,
2027,DISTRICT_MANAGED_2027.xlsx,Traditional,HAUGAN,Elementary,ALBANY PARK,ISP,30.0,,,,404.5,,0.0,1.0,1.0,1.0,2.0,,,0.0,0.0,,0.69,505507.6,20.0,35.0,2.0,0.0,8.0,5.0,,,,,,6.0,3.0,,,,,25:1,593.0,38.0,9.0,2.0,,,,,1.0,0.0,0.6,1.0,1.0,0.0,0.5,0.7100000000000009,,,0.0,,0.0,0.0,,0.0,0.0,0.0,0.0,0.0,15000.0,0.0,0.0,,922.0,,,-1.0,,,0.0,0.0,,,0.0,0.0,0.0,3.0,15000.0,0.0,,,,,,1086.0,931.0,9.0,0.0,0.0,40000.0,0.0,0.0,,,,,,,,,,,,,,,,,,,,,,,,,
2027,DISTRICT_MANAGED_2027.xlsx,Traditional,ZAPATA,Elementary,SOUTH LAWNDALE,Network 7,35.0,,,,476.0,,0.0,1.0,1.0,1.0,1.0,,,1.0,0.0,,0.0,151450.5,10.0,26.0,1.0,0.0,5.0,3.0,,,,,,7.0,1.0,,,,,25:1,653.0,17.0,4.0,1.0,,,,,0.0,0.0,0.0,0.0,1.0,0.0,0.0,0.0,,,0.0,,0.0,0.0,,0.0,0.0,0.0,0.0,0.0,0.0,0.0,0.0,,470.0,,,0.0,,,0.0,0.0,,,1.0,0.0,0.0,1.0,15000.0,0.0,,,,,,477.0,420.0,-50.0,2.0,0.0,20000.0,0.0,0.0,,,,,,,,,,,,,,,,,,,,,,,,,
2027,DISTRICT_MANAGED_2027.xlsx,Traditional,HAYT,Elementary,EDGEWATER,Network 2,29.0,,,,443.0,,0.0,1.0,1.0,1.0,2.0,,,1.0,0.0,,0.0,298528.86,14.0,21.0,1.5,0.0,6.0,4.0,,,,,,5.0,2.0,,,,,25:1,581.0,32.0,7.0,2.0,,,,,1.0,0.0,0.37,0.0,1.0,0.0,1.0,0.629999999999999,,,0.0,,0.0,0.0,,0.0,0.0,0.0,0.0,0.0,0.0,0.0,0.0,,736.0,,,-1.0,,,0.0,0.0,,,2.0,0.0,0.0,2.0,15000.0,0.0,,,,,,891.0,776.0,40.0,0.0,0.0,40000.0,0.0,0.0,,,,,,,,,,,,,,,,,,,,,,,,,
2027,DISTRICT_MANAGED_2027.xlsx,Traditional,WOODLAWN,Elementary,WOODLAWN,Network 9,35.0,,,,503.5,,0.0,1.0,0.0,1.0,1.0,,,1.0,0.0,,0.0,122974.5,2.0,3.0,0.0,0.0,2.0,2.0,,,,,,2.0,1.0,,,,,25:1,653.0,7.0,3.0,0.0,,,,,0.0,0.0,0.0,0.0,0.0,0.0,0.0,0.0,,,0.0,,0.0,0.0,,0.0,0.0,0.0,0.0,0.0,0.0,0.0,0.0,,149.0,,,0.0,,,0.0,0.0,,,0.0,0.0,0.0,0.0,15000.0,0.0,,,,,,183.0,154.0,5.0,0.0,0.0,20000.0,0.0,0.0,,,,,,,,,,,,,,,,,,,,,,,,,
2027,DISTRICT_MANAGED_2027.xlsx,Traditional,SMITH,Elementary,PULLMAN,Network 13,35.0,,,,525.5,,0.0,1.0,1.0,1.0,1.0,,,0.0,0.0,,1.0,228080.5,8.0,19.0,1.0,0.0,3.0,2.0,,,,,,3.0,1.0,,,,,25:1,653.0,14.0,4.0,1.0,,,,,0.0,0.0,0.0,0.0,0.0,0.0,0.0,0.0,,,0.0,,0.0,0.0,,0.0,0.0,0.0,1.0,0.0,5500.0,0.0,0.0,,288.0,,,0.0,,,0.0,0.0,,,1.0,0.0,0.0,0.0,15000.0,0.0,,,,,,391.0,327.0,39.0,0.0,0.0,20000.0,1.0,0.0,,,,,,,,,,,,,,,,,,,,,,,,,
2027,DISTRICT_MANAGED_2027.xlsx,Traditional,HEALY,Elementary,BRIDGEPORT,Network 6,21.0,,,,432.0,,0.0,1.0,1.0,1.0,2.0,,,3.5,0.0,,0.0,214334.51,7.0,10.0,1.0,0.0,0.0,0.0,,,,,,9.0,2.0,,,,,27:1,485.0,43.0,9.0,2.0,,,,,0.0,0.0,1.0,0.0,1.0,0.0,0.0,0.0,,,0.0,,0.0,0.0,,0.0,0.0,0.0,0.0,0.0,0.0,0.0,0.0,,1197.0,,,0.0,,,0.0,0.0,,,2.0,0.0,0.0,2.0,15000.0,0.0,,,,,,1157.0,1157.0,-40.0,1.0,1.0,60000.0,0.0,0.0,,,,,,,,,,,,,,,,,,,,,,,,,
2027,DISTRICT_MANAGED_2027.xlsx,Traditional,HEARST,Elementary,GARFIELD RIDGE,Network 10,31.0,,,,476.0,,1.0,1.0,0.0,1.0,1.0,,,0.0,0.0,,0.0,61004.1,10.0,27.0,1.0,0.0,2.0,1.0,,,,,,3.0,2.0,,,,,25:1,605.0,10.0,3.0,0.0,,,,,0.0,0.0,0.0,1.0,0.0,0.0,0.0,0.0,,,0.0,,0.0,0.0,,0.0,0.0,0.0,0.0,0.0,0.0,0.0,0.0,,192.0,,,0.0,,,0.0,0.0,,,0.0,0.0,0.0,1.0,15000.0,0.0,,,,,,240.0,168.0,-24.0,0.0,0.0,20000.0,0.0,0.0,,,,,,,,,,,,,,,,,,,,,,,,,
2027,DISTRICT_MANAGED_2027.xlsx,Traditional,HEDGES,Elementary,NEW CITY,Network 8,46.0,,,,410.0,,0.0,1.0,1.0,1.0,2.0,,,1.0,0.0,,0.0,253183.78,6.0,14.0,0.0,0.0,4.0,2.0,,,,,,6.0,2.0,,,,,23:1,785.0,18.0,4.0,1.0,,,,,0.0,0.0,1.0,0.0,0.0,0.0,0.0,0.0,,,0.0,,0.0,0.0,,0.0,0.0,0.0,0.0,0.0,0.0,0.0,0.0,,422.0,,,0.0,,,0.0,0.0,,,0.0,0.0,0.0,2.0,15000.0,0.0,,,,,,467.0,392.0,-30.0,0.0,0.0,20000.0,1.0,0.0,,,,,,,,,,,,,,,,,,,,,,,,,
2027,DISTRICT_MANAGED_2027.xlsx,Traditional,FUENTES,Elementary,AVONDALE,Network 04,35.0,,,,0.0,,0.0,1.0,1.0,1.0,1.0,,,0.5,0.0,,0.0,208545.98,6.0,7.0,0.5,0.0,0.0,0.0,,,,,,3.0,2.0,,,,,25:1,653.0,10.0,3.0,0.0,,,,,0.0,0.0,0.0,0.0,0.0,0.0,0.0,0.0,,,0.0,,0.0,0.0,,0.0,0.0,0.0,0.0,0.0,31000.0,0.0,0.0,,371.0,,,0.0,,,0.0,0.0,,,0.0,0.0,0.0,1.0,15000.0,0.0,,,,,,239.0,239.0,-132.0,0.0,0.0,20000.0,1.0,0.0,,,,,,,,,,,,,,,,,,,,,,,,,
2027,DISTRICT_MANAGED_2027.xlsx,Traditional,SANTIAGO,Elementary,WEST TOWN,Network 05,38.0,,,,0.0,,0.0,1.0,1.0,1.0,1.0,,,0.0,0.0,,0.0,199999.5,4.0,3.0,0.0,0.0,0.0,0.0,,,,,,3.0,2.0,,,,,23:1,689.0,10.0,3.0,0.0,,,,,0.0,0.0,0.0,0.0,0.0,0.0,0.0,0.0,,,0.0,,0.0,1.0,,0.0,0.0,0.0,0.0,0.0,0.0,0.0,0.0,,223.0,,,0.0,,,0.0,0.0,,,0.0,0.0,0.0,1.0,15000.0,0.0,,,,,,181.0,181.0,-42.0,0.0,0.0,20000.0,2.0,0.0,,,,,,,,,,,,,,,,,,,,,,,,,
2027,DISTRICT_MANAGED_2027.xlsx,Traditional,HEFFERAN,Elementary,WEST GARFIELD PARK,Network 5,39.0,,,,481.5,,0.0,1.0,0.0,1.0,1.0,,,0.0,0.0,,1.0,98082.66,3.0,8.0,0.0,0.0,1.0,1.0,,,,,,2.0,2.0,,,,,23:1,701.0,10.0,3.0,0.0,,,,,0.0,0.0,0.0,1.0,0.0,0.0,0.0,0.0,,,0.0,,0.0,0.0,,0.0,0.0,0.0,0.0,0.0,50000.0,0.0,0.0,,191.0,,,-1.0,,,0.0,0.0,,,0.0,0.0,1.0,0.5,15000.0,1.0,,,,,,191.0,180.0,-11.0,0.0,0.0,20000.0,0.0,0.0,,,,,,,,,,,,,,,,,,,,,,,,,
2027,DISTRICT_MANAGED_2027.xlsx,Traditional,HENDERSON,Elementary,WEST ENGLEWOOD,Network 8,44.0,,,,437.5,,0.0,1.0,0.0,1.0,1.0,,,0.0,0.0,,0.0,59112.0,7.0,9.0,0.5,0.0,1.0,1.0,,,,,,2.0,2.0,,,,,23:1,761.0,10.0,3.0,0.0,,,,,0.0,0.0,0.0,1.0,0.0,0.0,0.0,0.0,,,0.0,,0.0,0.0,,0.0,0.0,0.0,0.0,0.0,20000.0,0.0,0.0,,196.0,,,0.0,,,0.0,0.0,,,0.0,0.0,0.0,1.0,15000.0,0.0,,,,,,216.0,181.0,-15.0,0.0,0.0,20000.0,0.0,0.0,,,,,,,,,,,,,,,,,,,,,,,,,
2027,DISTRICT_MANAGED_2027.xlsx,Traditional,HENRY,Elementary,IRVING PARK,Network 1,36.0,,,,432.0,,0.0,1.0,1.0,1.0,1.0,,,2.0,0.0,,1.0,119963.87,9.0,17.0,1.0,0.0,2.0,2.0,,,,,,3.0,2.0,,,,,25:1,665.0,15.0,4.0,1.0,,,,,0.0,0.0,0.0,0.0,0.0,0.0,0.0,0.0,,,0.0,,0.0,0.0,,0.0,0.0,0.0,0.0,0.0,20000.0,0.0,0.0,,390.0,,,0.0,,,0.0,0.0,,,0.0,0.0,0.0,1.0,15000.0,0.0,,,,,,415.0,374.0,-16.0,0.0,0.0,20000.0,0.0,0.0,,,,,,,,,,,,,,,,,,,,,,,,,
2027,DISTRICT_MANAGED_2027.xlsx,Traditional,SOUTH LOOP,Elementary,NEAR SOUTH SIDE,ISP,16.0,,,,0.0,,0.0,1.0,1.0,3.0,2.0,,,0.0,0.0,,0.0,141801.9,8.0,18.0,1.0,0.0,6.0,4.0,,,,,,8.0,4.0,,,,,27:1,425.0,30.0,7.0,0.0,,,,,0.0,0.0,1.0,1.0,0.0,0.0,0.0,0.0,,,0.0,,0.0,0.0,,0.0,0.0,0.0,0.0,0.0,0.0,0.0,0.0,,745.0,,,0.0,,,0.0,0.0,,,0.0,0.0,0.0,1.0,15000.0,0.0,,,,,,896.0,790.0,45.0,0.0,0.0,40000.0,0.0,0.0,,,,,,,,,,,,,,,,,,,,,,,,,
2027,DISTRICT_MANAGED_2027.xlsx,Traditional,HERZL,Elementary,NORTH LAWNDALE,Network 7,37.0,,,,503.5,,0.0,1.0,1.0,2.0,1.0,,,1.0,0.0,,2.0,141535.85,11.0,22.0,1.0,0.0,4.0,3.0,,,,,,5.0,3.0,,,,,23:1,677.0,15.0,4.0,1.0,,,,,0.0,0.0,0.0,0.0,0.0,0.0,0.0,2.0,,,0.0,,0.0,0.0,,0.0,0.0,0.0,0.0,0.0,0.0,0.0,0.0,,332.0,,,0.0,,,0.0,0.0,,,0.0,0.0,0.0,1.0,15000.0,1.0,,,,,,441.0,343.0,11.0,0.0,0.0,20000.0,0.0,0.0,,,,,,,,,,,,,,,,,,,,,,,,,
2027,DISTRICT_MANAGED_2027.xlsx,Traditional,DE LAS CASAS,Elementary,LOWER WEST SIDE,Network 06,38.0,,,,0.0,,0.0,1.0,1.0,1.0,1.0,,,0.0,0.0,,0.0,199999.8,4.0,3.0,0.0,0.0,0.0,0.0,,,,,,3.0,2.0,,,,,23:1,689.0,10.0,3.0,0.0,,,,,0.0,0.0,0.0,0.0,0.0,0.0,0.0,0.0,,,0.0,,0.0,0.0,,0.0,0.0,0.0,0.0,0.0,0.0,0.0,0.0,,225.0,,,0.0,,,0.0,0.0,,,0.0,0.0,0.0,1.0,15000.0,0.0,,,,,,149.0,149.0,-76.0,0.0,0.0,20000.0,2.0,0.0,,,,,,,,,,,,,,,,,,,,,,,,,
2027,DISTRICT_MANAGED_2027.xlsx,Traditional,LARA,Elementary,NEW CITY,ISP,43.0,,,,448.5,,0.0,1.0,1.0,1.0,1.0,,,0.0,0.0,,0.0,155564.0,13.0,26.0,1.0,0.0,2.0,2.0,,,,,,4.0,1.0,,,,,23:1,749.0,13.0,4.0,1.0,,,,,0.0,0.0,0.0,0.0,1.0,0.0,1.0,0.0,,,0.0,,0.0,0.0,,0.0,0.0,0.0,0.0,0.0,15000.0,0.0,0.0,,297.0,,,0.0,,,0.0,0.0,,,0.0,0.0,0.0,1.0,15000.0,0.0,,,,,,358.0,298.0,1.0,0.0,0.0,20000.0,0.0,0.0,,,,,,,,,,,,,,,,,,,,,,,,,
2027,DISTRICT_MANAGED_2027.xlsx,Traditional,HIBBARD,Elementary,ALBANY PARK,Network 1,29.0,,,,437.5,,0.0,1.0,1.0,1.0,2.0,,,0.0,0.0,,1.0,262805.72,9.0,9.0,1.0,0.0,5.0,5.0,,,,,,7.0,2.0,,,,,25:1,581.0,31.0,7.0,2.0,,,,,1.0,0.0,1.0,0.0,1.0,0.0,0.0,0.0,,,0.0,,0.0,0.0,,0.0,0.0,0.0,0.0,0.0,0.0,0.0,0.0,,822.0,,,0.0,,,0.0,0.0,,,2.0,0.0,0.0,3.0,15000.0,0.0,,,,,,854.0,767.0,-55.0,0.0,0.0,40000.0,0.0,0.0,,,,,,,,,,,,,,,,,,,,,,,,,
2027,DISTRICT_MANAGED_2027.xlsx,Traditional,HITCH,Elementary,NORWOOD PARK,Network 1,21.0,,,,327.5,,0.0,1.0,1.0,1.0,1.0,,,1.0,0.0,,1.0,106005.9,10.0,11.0,1.0,0.0,1.0,1.0,,,,,,2.0,1.0,,,,,27:1,485.0,17.0,4.0,1.0,,,,,0.0,0.0,0.0,0.0,0.0,0.0,0.0,0.0,,,0.0,,0.0,0.0,,0.0,0.0,0.0,0.0,0.0,0.0,0.0,0.0,,470.0,,,0.0,,,0.0,0.0,,,0.0,0.0,0.0,1.0,15000.0,0.0,,,,,,462.0,442.0,-28.0,0.0,0.0,20000.0,0.0,0.0,,,,,,,,,,,,,,,,,,,,,,,,,
2027,DISTRICT_MANAGED_2027.xlsx,Traditional,HOLDEN,Elementary,BRIDGEPORT,ISP,30.0,,,,410.0,,1.0,1.0,1.0,1.0,1.0,,,1.0,0.0,,1.0,145989.85,8.0,13.0,0.5,0.0,2.0,2.0,,,,,,5.0,1.0,,,,,25:1,593.0,15.0,4.0,1.0,,,,,0.0,0.0,0.0,0.0,0.0,0.0,0.0,0.0,,,0.0,,0.0,0.0,,0.0,0.0,0.0,0.0,0.0,31000.0,0.0,0.0,,363.0,,,0.0,,,0.0,0.0,,,0.0,0.0,0.0,1.0,15000.0,0.0,,,,,,394.0,353.0,-10.0,0.0,0.0,20000.0,0.0,0.0,,,,,,,,,,,,,,,,,,,,,,,,,
2027,DISTRICT_MANAGED_2027.xlsx,Traditional,HOLMES,Elementary,ENGLEWOOD,Network 8,42.0,,,,465.0,,0.0,1.0,0.0,1.0,1.0,,,0.0,0.0,,0.0,123173.44,5.0,10.0,0.5,0.0,1.0,1.0,,,,,,2.0,1.0,,,,,23:1,737.0,10.0,3.0,0.0,,,,,0.0,0.0,0.0,1.0,0.0,0.0,0.0,0.0,,,0.0,,0.0,0.0,,0.0,0.0,0.0,0.0,0.0,30000.0,0.0,0.0,,132.0,,,-1.0,,,0.0,0.0,,,0.0,0.0,0.0,0.5,15000.0,1.0,,,,,,152.0,130.0,-2.0,0.0,0.0,20000.0,0.0,0.0,,,,,,,,,,,,,,,,,,,,,,,,,
2027,DISTRICT_MANAGED_2027.xlsx,Traditional,HOWE,Elementary,AUSTIN,Network 3,39.0,,,,492.5,,0.0,1.0,1.0,1.0,1.0,,,2.0,0.0,,0.1,76825.81,7.0,12.0,0.5,0.0,2.0,2.0,,,,,,4.0,1.9,,,,,23:1,701.0,14.0,3.0,1.0,,,,,0.0,0.0,0.62,0.0,0.0,0.0,0.0,0.3799999999999999,,,0.0,,0.0,0.0,,0.0,0.0,0.0,0.0,0.0,0.0,0.0,0.0,,304.0,,,0.0,,,0.0,0.0,,,0.0,0.0,0.0,1.0,15000.0,0.0,,,,,,334.0,312.0,8.0,0.0,0.0,20000.0,0.0,0.0,,,,,,,,,,,,,,,,,,,,,,,,,
2027,DISTRICT_MANAGED_2027.xlsx,Traditional,HOYNE,Elementary,CALUMET HEIGHTS,Network 12,31.0,,,,470.5,,1.0,1.0,0.0,1.0,1.0,,,0.0,0.0,,0.0,227751.75,2.0,6.0,0.5,0.0,2.0,1.0,,,,,,2.0,1.0,,,,,25:1,605.0,10.0,3.0,0.0,,,,,0.0,0.0,0.0,0.0,0.0,0.0,0.0,0.0,,,0.0,,0.0,0.0,,0.0,0.0,0.0,0.0,0.0,0.0,0.0,0.0,,214.0,,,0.0,,,0.0,0.0,,,0.0,0.0,0.0,0.0,15000.0,0.0,,,,,,212.0,203.0,-11.0,0.0,0.0,20000.0,0.0,0.0,,,,,,,,,,,,,,,,,,,,,,,,,
2027,DISTRICT_MANAGED_2027.xlsx,Traditional,CUFFE,Elementary,AUBURN GRESHAM,Network 11,41.0,,,,525.5,,0.0,1.0,0.0,1.0,1.0,,,0.0,0.0,,1.5,161845.15,5.0,9.0,0.5,0.0,1.0,1.0,,,,,,3.0,1.0,,,,,23:1,725.0,10.0,3.0,1.0,,,,,0.0,0.0,0.0,0.0,0.0,0.0,0.0,0.0,,,0.0,,0.0,0.0,,0.0,0.0,0.0,0.0,0.0,15000.0,0.0,0.0,,216.0,,,0.0,,,0.0,0.0,,,0.0,0.0,1.0,0.0,15000.0,0.0,,,,,,248.0,218.0,2.0,0.0,0.0,20000.0,0.0,0.0,,,,,,,,,,,,,,,,,,,,,,,,,
2027,DISTRICT_MANAGED_2027.xlsx,Traditional,CULLEN,Elementary,ROSELAND,Network 13,39.0,,,,520.0,,1.0,1.0,0.0,1.0,1.0,,,1.0,0.0,,0.0,178616.22999999998,3.0,10.0,0.5,0.0,0.0,0.0,,,,,,2.0,1.0,,,,,23:1,701.0,10.0,3.0,0.0,,,,,0.0,0.0,0.0,0.0,0.0,0.0,0.0,0.0,,,0.0,,0.0,0.0,,0.0,0.0,0.0,0.0,0.0,0.0,0.0,0.0,,176.0,,,0.0,,,0.0,0.0,,,0.0,0.0,0.0,0.0,15000.0,0.0,,,,,,173.0,173.0,-3.0,0.0,0.0,20000.0,0.0,0.0,,,,,,,,,,,,,,,,,,,,,,,,,
2027,DISTRICT_MANAGED_2027.xlsx,Traditional,HUGHES C,Elementary,NORTH LAWNDALE,Network 7,40.0,,,,426.5,,0.0,1.0,0.0,1.0,1.0,,,0.0,0.0,,0.0,140533.0,5.0,3.0,0.5,0.0,4.0,2.0,,,,,,3.0,2.0,,,,,23:1,713.0,10.0,3.0,0.0,,,,,0.0,0.0,0.0,1.0,0.0,0.0,0.0,0.0,,,0.0,,0.0,0.0,,0.0,0.0,0.0,0.0,0.0,30000.0,0.0,0.0,,148.0,,,-1.0,,,0.0,0.0,,,0.0,0.0,0.0,1.0,15000.0,0.0,,,,,,203.0,176.0,28.0,0.0,0.0,20000.0,0.0,0.0,,,,,,,,,,,,,,,,,,,,,,,,,
2027,DISTRICT_MANAGED_2027.xlsx,Traditional,HURLEY,Elementary,WEST LAWN,Network 10,34.0,,,,448.5,,0.0,1.0,1.0,1.0,2.0,,,0.0,0.0,,3.0,349810.3,11.0,18.0,1.0,0.0,3.0,2.0,,,,,,6.0,2.0,,,,,25:1,641.0,27.0,6.0,2.0,,,,,1.0,0.0,1.0,0.0,0.0,0.0,0.0,0.0,,,0.0,,0.0,0.0,,0.0,0.0,0.0,0.0,0.0,0.0,0.0,0.0,,698.0,,,0.0,,,0.0,0.0,,,1.0,0.0,0.0,2.0,15000.0,0.0,,,,,,732.0,674.0,-24.0,0.0,1.0,40000.0,0.0,0.0,,,,,,,,,,,,,,,,,,,,,,,,,
2027,DISTRICT_MANAGED_2027.xlsx,Traditional,JAHN,Elementary,NORTH CENTER,Network 4,28.0,,,,377.0,,1.0,1.0,1.0,1.0,1.0,,,0.0,0.0,,0.5,83336.77,7.0,9.0,0.5,0.0,7.0,4.78,,,,,,2.0,1.0,,,,,25:1,569.0,11.0,3.0,1.0,,,,,0.0,0.0,0.0,0.0,0.0,0.0,0.0,0.0,,,0.0,,0.0,0.0,,0.0,0.0,0.0,0.0,0.0,15000.0,0.0,0.0,,252.0,,,0.0,,,0.0,0.0,,,1.22,0.0,0.0,1.0,15000.0,0.0,,,,,,366.0,265.0,13.0,0.0,0.0,20000.0,0.0,0.0,,,,,,,,,,,,,,,,,,,,,,,,,
2027,DISTRICT_MANAGED_2027.xlsx,Traditional,JAMIESON,Elementary,WEST RIDGE,Network 2,22.0,,,,377.0,,0.0,1.0,1.0,1.0,2.0,,,1.0,0.0,,1.0,267622.52,12.0,27.0,1.0,2.0,2.0,2.0,,,,,,5.0,2.0,,,,,27:1,497.0,30.0,7.0,2.0,,,,,0.0,0.0,0.0,0.0,1.0,0.0,0.0,0.0,,,0.0,,0.0,0.0,,0.0,0.0,0.0,0.0,0.0,0.0,0.0,0.0,,788.0,,,0.0,,,0.0,0.0,,,0.0,0.0,0.0,2.0,15000.0,0.0,,,,,,847.0,809.0,21.0,0.0,0.0,40000.0,0.0,0.0,,,,,,,,,,,,,,,,,,,,,,,,,
2027,DISTRICT_MANAGED_2027.xlsx,Traditional,JUNGMAN,Elementary,LOWER WEST SIDE,ISP,27.0,,,,404.5,,1.0,1.0,1.0,1.0,1.0,,,0.0,0.0,,1.0,146124.21,11.0,22.0,1.0,0.0,4.0,2.0,,,,,,3.0,1.0,,,,,25:1,557.0,10.0,3.0,1.0,,,,,0.0,0.0,0.0,0.0,0.0,0.0,0.0,0.0,,,0.0,,0.0,0.0,,0.0,0.0,0.0,0.0,0.0,31000.0,0.0,0.0,,215.0,,,0.0,,,0.0,0.0,,,0.0,0.0,1.0,1.0,15000.0,0.0,,,,,,315.0,226.0,11.0,0.0,0.0,20000.0,0.0,0.0,,,,,,,,,,,,,,,,,,,,,,,,,
2027,DISTRICT_MANAGED_2027.xlsx,Traditional,KELLOGG,Elementary,BEVERLY,Network 10,25.0,,,,0.0,,0.0,1.0,1.0,1.0,1.0,,,0.0,0.0,,0.1699999999999999,94139.25,6.0,9.0,0.5,0.0,0.0,0.0,,,,,,2.0,0.83,,,,,27:1,533.0,12.0,3.0,0.0,,,,,0.0,0.0,0.0,0.0,0.0,0.0,0.0,0.0,,,1.0,,0.0,0.0,,0.0,0.0,0.0,0.0,0.0,0.0,0.0,0.0,,297.0,,,0.0,,,0.0,0.0,,,1.0,0.0,0.0,0.0,15000.0,0.0,,,,,,298.0,298.0,1.0,0.0,0.0,20000.0,3.0,0.0,,,,,,,,,,,,,,,,,,,,,,,,,
2027,DISTRICT_MANAGED_2027.xlsx,Traditional,KERSHAW,Elementary,ENGLEWOOD,Network 11,39.0,,,,514.5,,0.0,1.0,0.0,1.0,1.0,,,0.0,0.0,,1.0,56074.8,8.0,11.0,0.5,0.0,1.0,1.0,,,,,,2.0,1.0,,,,,23:1,701.0,10.0,3.0,0.0,,,,,0.0,0.0,0.0,1.0,0.0,0.0,0.0,0.0,,,2.0,,0.0,0.0,,0.0,0.0,0.0,0.0,0.0,0.0,0.0,0.0,,172.0,,,-1.0,,,0.0,0.0,,,0.0,0.0,0.0,0.0,15000.0,0.0,,,,,,230.0,180.0,8.0,0.0,0.0,20000.0,0.0,0.0,,,,,,,,,,,,,,,,,,,,,,,,,
2027,DISTRICT_MANAGED_2027.xlsx,Traditional,CASALS,Elementary,HUMBOLDT PARK,Network 5,38.0,,,,454.0,,0.0,1.0,1.0,1.0,1.0,,,0.5,0.0,,1.0,96762.85,4.0,1.0,0.5,0.0,4.0,2.0,,,,,,3.0,1.0,,,,,23:1,689.0,12.0,3.0,1.0,,,,,0.0,0.0,0.0,0.0,0.0,0.0,0.0,0.0,,,0.0,,0.0,0.0,,0.0,0.0,0.0,0.0,0.0,0.0,0.0,0.0,,283.0,,,0.0,,,0.0,0.0,,,0.0,0.0,0.0,1.0,15000.0,0.0,,,,,,298.0,274.0,-9.0,0.0,0.0,20000.0,0.0,0.0,,,,,,,,,,,,,,,,,,,,,,,,,
2027,DISTRICT_MANAGED_2027.xlsx,Traditional,KILMER,Elementary,ROGERS PARK,Network 2,31.0,,,,432.0,,0.0,1.0,1.0,1.0,2.0,,,1.0,0.0,,1.5,282839.84,17.0,26.0,1.5,0.0,4.0,2.0,,,,,,6.0,2.0,,,,,25:1,605.0,27.0,6.0,2.0,,,,,1.0,0.0,0.0,0.0,1.0,0.0,0.0,0.0,,,1.0,,0.0,0.0,,0.0,0.0,0.0,0.0,0.0,15000.0,0.0,0.0,,699.0,,,0.0,,,0.0,0.0,,,0.0,0.0,0.0,2.0,15000.0,0.0,,,,,,764.0,668.0,-31.0,0.0,0.0,40000.0,0.0,0.0,,,,,,,,,,,,,,,,,,,,,,,,,
2027,DISTRICT_MANAGED_2027.xlsx,Traditional,CARDENAS,Elementary,SOUTH LAWNDALE,ISP,35.0,,,,454.0,,1.0,1.0,1.0,3.0,2.0,,,0.0,0.0,,0.0,536284.0,10.0,13.0,1.0,0.0,5.0,3.0,,,,,,9.0,5.0,,,,,25:1,653.0,27.0,6.0,2.0,,,,,0.0,0.0,0.0,1.0,0.0,0.0,0.0,0.0,,,0.0,,0.0,0.0,,0.0,0.0,0.0,0.0,0.0,0.0,0.0,0.0,,729.0,,,0.0,,,0.0,-1.0,,,0.0,0.0,0.0,2.0,15000.0,0.0,,,,,,696.0,664.0,-65.0,1.0,0.0,40000.0,0.0,0.0,,,,,,,,,,,,,,,,,,,,,,,,,
2027,DISTRICT_MANAGED_2027.xlsx,Traditional,KINZIE,Elementary,GARFIELD RIDGE,Network 10,30.0,,,,322.0,,0.0,1.0,1.0,1.0,1.0,,,1.0,0.0,,1.0,235237.37,15.0,18.0,1.0,7.0,1.0,1.0,,,,,,4.0,1.0,,,,,25:1,593.0,23.0,6.0,1.0,,,,,1.0,0.0,0.0,0.0,0.0,0.0,0.5,0.0,,,1.0,,0.0,0.0,,0.0,0.0,0.0,0.0,0.0,0.0,0.0,0.0,,563.0,,,0.0,,,0.0,0.0,,,0.0,0.0,0.0,1.0,15000.0,0.0,,,,,,625.0,570.0,7.0,0.0,0.0,20000.0,0.0,0.0,,,,,,,,,,,,,,,,,,,,,,,,,
2027,DISTRICT_MANAGED_2027.xlsx,Traditional,KIPLING,Elementary,WASHINGTON HEIGHTS,Network 11,35.0,,,,481.5,,0.0,1.0,0.0,1.0,1.0,,,0.0,0.0,,0.8799999999999999,1859.0,5.0,4.0,0.0,0.0,1.0,1.0,,,,,,2.0,1.0,,,,,25:1,653.0,10.0,3.0,0.0,,,,,0.0,0.0,0.0,1.0,0.0,0.0,0.0,0.1200000000000001,,,0.0,,0.0,1.0,,0.0,0.0,0.0,0.0,0.0,0.0,0.0,0.0,,215.0,,,0.0,,,0.0,0.0,,,0.0,0.0,0.0,0.0,15000.0,0.0,,,,,,230.0,215.0,0.0,0.0,0.0,20000.0,0.0,0.0,,,,,,,,,,,,,,,,,,,,,,,,,
2027,DISTRICT_MANAGED_2027.xlsx,Traditional,LOZANO,Elementary,WEST TOWN,Network 6,33.0,,,,415.5,,0.0,1.0,0.0,1.0,1.0,,,0.0,0.0,,0.0,49535.15,7.0,16.0,1.0,0.0,5.0,3.0,,,,,,2.0,2.0,,,,,25:1,629.0,10.0,3.0,0.0,,,,,0.0,0.0,0.0,1.0,0.0,0.0,0.0,0.0,,,0.0,,0.0,0.0,,0.0,0.0,0.0,0.0,0.0,50000.0,0.0,0.0,,160.0,,,0.0,,,0.0,0.0,,,0.0,0.0,0.0,1.0,15000.0,1.0,,,,,,242.0,146.0,-14.0,0.0,0.0,20000.0,0.0,0.0,,,,,,,,,,,,,,,,,,,,,,,,,
2027,DISTRICT_MANAGED_2027.xlsx,Traditional,CISNEROS,Elementary,BRIGHTON PARK,Network 07,39.0,,,,0.0,,0.0,1.0,1.0,1.0,1.0,,,0.0,0.0,,1.0,130979.45,5.0,1.0,0.5,0.0,0.0,0.0,,,,,,3.0,2.0,,,,,23:1,701.0,11.0,3.0,0.0,,,,,0.0,0.0,0.0,0.0,0.0,0.0,0.0,0.0,,,0.0,,0.0,0.0,,0.0,0.0,0.0,0.0,0.0,0.0,0.0,0.0,,327.0,,,0.0,,,0.0,0.0,,,0.0,0.0,0.0,1.0,15000.0,0.0,,,,,,230.0,230.0,-97.0,0.0,0.0,20000.0,2.0,0.0,,,,,,,,,,,,,,,,,,,,,,,,,
2027,DISTRICT_MANAGED_2027.xlsx,Traditional,GREEN,Elementary,WASHINGTON HEIGHTS,Network 11,34.0,,,,492.5,,0.0,1.0,0.0,1.0,1.0,,,0.0,0.0,,0.0,251647.0,10.0,14.0,1.0,0.0,1.0,1.0,,,,,,3.0,1.0,,,,,25:1,641.0,10.0,3.0,1.0,,,,,0.0,0.0,0.0,0.0,0.0,0.0,0.0,0.0,,,0.0,,0.0,0.0,,0.0,0.0,0.0,0.0,0.0,31000.0,0.0,0.0,,207.0,,,0.0,,,0.0,0.0,,,0.0,0.0,0.0,0.0,15000.0,0.0,,,,,,250.0,191.0,-16.0,0.0,0.0,20000.0,0.0,0.0,,,,,,,,,,,,,,,,,,,,,,,,,
2027,DISTRICT_MANAGED_2027.xlsx,Traditional,LEWIS,Elementary,AUSTIN,Network 3,41.0,,,,459.5,,0.0,1.0,1.0,1.0,2.0,,,2.0,0.0,,0.0,109710.7,9.0,26.0,1.0,0.0,1.0,1.0,,,,,,4.0,1.0,,,,,23:1,725.0,16.0,4.0,1.0,,,,,0.0,0.0,0.0,0.0,1.0,0.0,0.0,0.0,,,0.0,,0.0,0.0,,0.0,0.0,0.0,1.0,0.0,30000.0,0.0,0.0,,379.0,,,0.0,,,0.0,0.0,,,0.0,0.0,0.0,1.0,15000.0,0.0,,,,,,405.0,365.0,-14.0,0.0,0.0,20000.0,0.0,0.0,,,,,,,,,,,,,,,,,,,,,,,,,
2027,DISTRICT_MANAGED_2027.xlsx,Traditional,LIBBY,Elementary,NEW CITY,Network 8,42.0,,,,454.0,,0.0,1.0,1.0,1.0,1.0,,,0.0,0.0,,1.1,169813.85,6.0,12.0,0.5,0.0,1.0,1.0,,,,,,3.0,1.9,,,,,23:1,737.0,12.0,3.0,1.0,,,,,0.0,0.0,0.0,0.0,0.0,0.0,0.5,0.0,,,0.0,,0.0,1.0,,0.0,0.0,0.0,0.0,0.0,15000.0,0.0,0.0,,243.0,,,0.0,,,0.0,0.0,,,0.0,0.0,0.0,1.0,15000.0,0.0,,,,,,302.0,260.0,17.0,0.0,0.0,20000.0,0.0,0.0,,,,,,,,,,,,,,,,,,,,,,,,,
2027,DISTRICT_MANAGED_2027.xlsx,Traditional,LINCOLN,Elementary,LINCOLN PARK,Network 4,15.0,,,,0.0,,2.0,1.0,1.0,1.0,2.0,,,2.5,0.0,,0.0,91433.28,10.0,8.0,0.5,0.0,0.0,0.0,,,,,,2.0,2.0,,,,,27:1,413.0,32.0,7.0,0.0,,,,,0.0,0.0,0.0,0.0,0.5,0.0,0.0,0.0,,,0.0,,0.0,0.0,,0.0,0.0,0.0,0.0,0.0,0.0,0.0,0.0,,859.0,,,0.0,,,0.0,0.0,,,0.0,0.0,0.0,1.0,15000.0,0.0,,,,,,863.0,863.0,4.0,0.0,0.0,40000.0,0.0,1.0,,,,,,,,,,,,,,,,,,,,,,,,,
2027,DISTRICT_MANAGED_2027.xlsx,Traditional,VON LINNE,Elementary,AVONDALE,Network 4,29.0,,,,300.0,,0.0,1.0,1.0,1.0,2.0,,,1.0,0.0,,1.0,181811.15,8.0,4.0,1.0,0.0,3.0,3.0,,,,,,4.0,2.0,,,,,25:1,581.0,25.0,5.0,1.0,,,,,1.0,0.0,1.0,0.0,0.0,0.0,0.0,0.0,,,0.0,,0.0,0.0,,0.0,0.0,0.0,0.0,0.0,0.0,0.0,0.0,,627.0,,,0.0,,,0.0,0.0,,,1.0,0.0,0.0,2.0,15000.0,0.0,,,,,,680.0,621.0,-6.0,0.0,0.0,40000.0,0.0,0.0,,,,,,,,,,,,,,,,,,,,,,,,,
2027,DISTRICT_MANAGED_2027.xlsx,Traditional,TAMAYO,Elementary,GAGE PARK,Network 08,40.0,,,,0.0,,0.0,1.0,1.0,1.0,1.0,,,0.5,0.0,,0.0,131517.7,3.0,1.0,0.5,0.0,0.0,0.0,,,,,,3.0,2.0,,,,,23:1,713.0,13.0,3.0,0.0,,,,,0.0,0.0,0.0,0.0,0.0,0.0,0.0,0.0,,,0.0,,0.0,0.0,,0.0,0.0,0.0,0.0,0.0,0.0,0.0,0.0,,268.0,,,0.0,,,0.0,0.0,,,0.0,0.0,0.0,1.0,15000.0,0.0,,,,,,267.0,267.0,-1.0,0.0,0.0,20000.0,2.0,0.0,,,,,,,,,,,,,,,,,,,,,,,,,
2027,DISTRICT_MANAGED_2027.xlsx,Traditional,LLOYD,Elementary,BELMONT CRAGIN,Network 3,41.0,,,,437.5,,0.0,1.0,1.0,1.0,2.0,,,0.67,0.0,,2.0,296737.53,8.0,12.0,1.5,0.0,8.33,5.0,,,,,,8.0,1.0,,,,,23:1,725.0,30.0,6.0,2.0,,,,,1.0,0.0,1.0,0.0,0.0,0.0,1.0,0.0,,,0.0,,0.0,0.0,,0.0,0.0,0.0,0.0,0.0,15000.0,0.0,0.0,,705.0,,,0.0,,,0.0,0.0,,,0.0,0.0,0.0,3.0,15000.0,0.0,,,,,,790.0,672.0,-33.0,0.0,0.0,40000.0,0.0,0.0,,,,,,,,,,,,,,,,,,,,,,,,,
2027,DISTRICT_MANAGED_2027.xlsx,Traditional,LOCKE J,Elementary,MONTCLARE,Network 3,22.0,,,,437.5,,2.0,1.0,1.0,1.0,2.0,,,4.5,0.0,,1.1500000000000004,67509.0,15.0,23.0,1.5,0.0,8.0,5.72,,,,,,8.0,1.85,,,,,27:1,497.0,35.0,7.0,2.0,,,,,0.0,0.0,1.0,0.0,0.0,0.0,0.0,0.0,,,2.0,,0.0,0.0,,0.0,0.0,0.0,0.0,0.0,0.0,0.0,0.0,,975.0,,,0.0,,,0.0,0.0,,,0.28,0.0,0.0,2.0,15000.0,0.0,,,,,,1022.0,922.0,-53.0,0.0,0.0,40000.0,0.0,0.0,,,,,,,,,,,,,,,,,,,,,,,,,
2027,DISTRICT_MANAGED_2027.xlsx,Traditional,LOVETT,Elementary,AUSTIN,Network 3,37.0,,,,454.0,,0.0,1.0,1.0,1.0,1.0,,,1.81,0.0,,0.0,119907.1,6.0,7.0,0.5,0.0,3.19,2.0,,,,,,3.0,2.0,,,,,23:1,677.0,13.0,3.0,1.0,,,,,0.0,0.0,0.0,0.0,0.0,0.0,0.0,0.0,,,0.0,,0.0,0.0,,0.0,0.0,0.0,0.0,0.0,0.0,0.0,0.0,,321.0,,,0.0,,,0.0,0.0,,,0.0,0.0,0.0,1.0,15000.0,0.0,,,,,,316.0,297.0,-24.0,0.0,0.0,20000.0,0.0,0.0,,,,,,,,,,,,,,,,,,,,,,,,,
2027,DISTRICT_MANAGED_2027.xlsx,Traditional,LOWELL,Elementary,HUMBOLDT PARK,Network 5,41.0,,,,459.5,,0.0,1.0,1.0,1.0,1.0,,,0.0,0.0,,1.0,222125.5,8.0,27.0,1.0,0.0,4.0,2.0,,,,,,5.0,2.0,,,,,23:1,725.0,10.0,3.0,1.0,,,,,0.0,0.0,0.0,0.0,0.0,0.0,0.0,0.0,,,0.0,,0.0,0.0,,0.0,0.0,0.0,0.0,0.0,5500.0,0.0,0.0,,227.0,,,0.0,,,0.0,0.0,,,0.0,0.0,0.0,1.0,15000.0,0.0,,,,,,307.0,223.0,-4.0,0.0,0.0,20000.0,0.0,0.0,,,,,,,,,,,,,,,,,,,,,,,,,
2027,DISTRICT_MANAGED_2027.xlsx,Traditional,LYON,Elementary,BELMONT CRAGIN,Network 3,33.0,,,,432.0,,0.0,1.0,1.0,1.0,2.0,,,1.0,0.0,,1.5,466031.0,13.0,17.0,1.5,0.0,2.0,2.0,,,,,,7.0,2.0,,,,,25:1,629.0,37.0,8.0,2.0,,,,,1.0,0.0,0.0,0.0,0.0,0.0,1.0,0.0,,,0.0,,0.0,0.0,,0.0,0.0,0.0,0.0,0.0,0.0,0.0,0.0,,958.0,,,0.0,,,0.0,0.0,,,0.0,0.0,0.0,2.0,15000.0,0.0,,,,,,952.0,916.0,-42.0,0.0,0.0,40000.0,0.0,0.0,,,,,,,,,,,,,,,,,,,,,,,,,
2027,DISTRICT_MANAGED_2027.xlsx,Traditional,MADISON,Elementary,SOUTH SHORE,Network 12,35.0,,,,492.5,,0.0,1.0,0.0,1.0,1.0,,,0.0,0.0,,0.0,94478.6,5.0,18.0,0.5,0.0,2.0,1.0,,,,,,2.0,2.0,,,,,25:1,653.0,10.0,3.0,0.0,,,,,0.0,0.0,0.0,1.0,0.0,0.0,0.0,0.0,,,0.0,,0.0,0.0,,0.0,0.0,0.0,0.0,0.0,0.0,0.0,0.0,,200.0,,,0.0,,,0.0,0.0,,,0.0,0.0,0.0,0.5,15000.0,0.0,,,,,,179.0,159.0,-41.0,0.0,0.0,20000.0,0.0,0.0,,,,,,,,,,,,,,,,,,,,,,,,,
2027,DISTRICT_MANAGED_2027.xlsx,Traditional,MANIERRE,Elementary,NEAR NORTH SIDE,Network 4,33.0,,,,586.0,,0.0,1.0,0.0,2.0,1.0,,,0.0,0.0,,0.0,54375.23999999999,5.0,12.0,0.5,0.0,2.0,2.0,,,,,,3.0,2.0,,,,,25:1,629.0,10.0,3.0,0.0,,,,,0.0,0.0,0.0,1.0,0.0,0.0,0.0,2.0,,,0.0,,0.0,0.0,,0.0,0.0,0.0,0.0,0.0,30000.0,0.0,0.0,,231.0,,,-1.0,,,0.0,0.0,,,0.0,0.0,0.0,0.0,15000.0,1.0,,,,,,243.0,208.0,-23.0,0.0,0.0,20000.0,0.0,0.0,,,,,,,,,,,,,,,,,,,,,,,,,
2027,DISTRICT_MANAGED_2027.xlsx,Traditional,MANN,Elementary,SOUTH CHICAGO,Network 12,34.0,,,,476.0,,0.0,1.0,1.0,1.0,1.0,,,0.0,0.0,,1.0,167094.75,7.0,5.0,0.0,0.0,1.0,1.0,,,,,,3.0,2.0,,,,,25:1,641.0,11.0,3.0,1.0,,,,,0.0,0.0,0.0,0.0,0.0,0.0,0.0,0.0,,,0.0,,0.0,0.0,,0.0,0.0,0.0,0.0,0.0,0.0,0.0,0.0,,259.0,,,0.0,,,0.0,0.0,,,0.0,0.0,0.0,0.5,15000.0,0.0,,,,,,272.0,253.0,-6.0,0.0,0.0,20000.0,0.0,0.0,,,,,,,,,,,,,,,,,,,,,,,,,
2027,DISTRICT_MANAGED_2027.xlsx,Traditional,MARQUETTE,Elementary,CHICAGO LAWN,Network 10,35.0,,,,454.0,,0.0,1.0,1.0,1.0,2.0,,,1.0,0.0,,1.0,238485.4,13.0,19.0,1.5,0.0,7.0,4.0,,,,,,11.0,3.0,,,,,25:1,653.0,38.0,8.0,2.0,,,,,1.0,0.0,0.0,1.0,1.0,1.0,0.5,0.0,,,1.0,,0.0,0.0,,0.0,0.0,0.0,0.0,0.0,0.0,0.0,0.0,,911.0,,,0.0,,,0.0,0.0,,,1.0,0.0,0.0,2.0,15000.0,0.0,,,,,,1051.0,926.0,15.0,0.0,0.0,40000.0,0.0,0.0,,,,,,,,,,,,,,,,,,,,,,,,,
2027,DISTRICT_MANAGED_2027.xlsx,Traditional,MARSH,Elementary,SOUTH DEERING,Network 13,39.0,,,,487.0,,0.0,1.0,1.0,1.0,2.0,,,0.0,0.0,,0.0,306025.25,10.0,36.0,1.5,0.0,5.0,3.0,,,,,,6.0,2.0,,,,,23:1,701.0,23.0,5.0,1.0,,,,,1.0,0.0,0.0,0.0,1.0,0.0,1.0,0.0,,,1.0,,0.0,0.0,,0.0,0.0,0.0,0.0,0.0,0.0,0.0,0.0,,542.0,,,0.0,,,0.0,0.0,,,1.0,0.0,0.0,1.0,15000.0,0.0,,,,,,585.0,512.0,-30.0,0.0,0.0,20000.0,0.0,0.0,,,,,,,,,,,,,,,,,,,,,,,,,
2027,DISTRICT_MANAGED_2027.xlsx,Traditional,FARADAY,Elementary,EAST GARFIELD PARK,Network 5,46.0,,,,542.0,,0.0,1.0,0.0,1.0,1.0,,,0.0,0.0,,0.0,66612.51000000001,5.0,9.0,0.5,0.0,2.0,1.0,,,,,,4.0,2.0,,,,,23:1,785.0,10.0,3.0,0.0,,,,,0.0,0.0,0.0,1.0,0.0,0.0,0.0,0.0,,,1.0,,0.0,0.0,,0.0,0.0,0.0,0.0,0.0,31000.0,0.0,0.0,,161.0,,,0.0,,,0.0,0.0,,,0.0,0.0,0.0,0.0,15000.0,0.0,,,,,,163.0,130.0,-31.0,0.0,0.0,20000.0,0.0,0.0,,,,,,,,,,,,,,,,,,,,,,,,,
2027,DISTRICT_MANAGED_2027.xlsx,Traditional,MASON,Elementary,NORTH LAWNDALE,Network 7,47.0,,,,454.0,,0.0,1.0,0.0,1.0,1.0,,,0.0,0.0,,0.0,75343.51,7.0,7.0,0.5,0.0,4.0,2.0,,,,,,3.0,1.0,,,,,23:1,797.0,10.0,3.0,0.0,,,,,0.0,0.0,0.0,1.0,0.0,0.0,0.0,0.0,,,0.0,,0.0,0.0,,0.0,0.0,0.0,0.0,0.0,50000.0,0.0,0.0,,208.0,,,0.0,,,0.0,0.0,,,0.0,0.0,0.0,1.0,15000.0,1.0,,,,,,225.0,191.0,-17.0,0.0,0.0,20000.0,0.0,0.0,,,,,,,,,,,,,,,,,,,,,,,,,
2027,DISTRICT_MANAGED_2027.xlsx,Traditional,MAYER,Elementary,LINCOLN PARK,Network 4,14.0,,,,0.0,,0.0,1.0,1.0,1.0,2.0,,,0.57,0.0,,1.0,72976.9,9.0,7.0,1.0,0.0,4.43,0.0,,,,,,2.0,1.0,,,,,27:1,401.0,26.0,6.0,0.0,,,,,0.0,0.0,2.0,0.0,0.0,0.0,0.0,0.0,,,1.0,,0.0,0.0,,1.0,16.0,0.0,0.0,0.0,0.0,3.0,0.0,,629.0,,,0.0,,,0.0,0.0,,,0.0,0.0,0.0,0.0,15000.0,0.0,,,,,,777.0,696.0,67.0,0.0,0.0,40000.0,0.0,0.0,,,,,,,,,,,,,,,,,,,,,,,,,
2027,DISTRICT_MANAGED_2027.xlsx,Traditional,MIÑOSO,Elementary,BRIDGEPORT,Network 6,31.0,,,,492.5,,0.0,1.0,1.0,1.0,1.0,,,0.0,0.0,,1.0,192393.5,12.0,26.0,1.0,0.0,1.0,1.0,,,,,,3.0,1.0,,,,,25:1,605.0,10.0,3.0,1.0,,,,,0.0,0.0,0.0,0.0,0.0,0.0,0.0,0.0,,,0.0,,0.0,0.0,,0.0,0.0,0.0,0.0,0.0,31000.0,0.0,0.0,,251.0,,,0.0,,,0.0,0.0,,,0.0,0.0,0.0,0.5,15000.0,0.0,,,,,,289.0,233.0,-18.0,0.0,0.0,20000.0,0.0,0.0,,,,,,,,,,,,,,,,,,,,,,,,,
2027,DISTRICT_MANAGED_2027.xlsx,Traditional,MCCORMICK,Elementary,SOUTH LAWNDALE,Network 7,44.0,,,,443.0,,0.0,1.0,1.0,1.0,2.0,,,0.72,0.0,,0.0,99003.9,7.0,19.0,1.0,0.0,7.28,4.0,,,,,,6.0,2.0,,,,,23:1,761.0,16.0,4.0,1.0,,,,,0.0,0.0,0.0,0.0,1.0,0.0,0.0,0.0,,,0.0,,0.0,0.0,,0.0,0.0,0.0,0.0,0.0,15000.0,0.0,0.0,,418.0,,,0.0,,,0.0,0.0,,,0.0,0.0,0.0,1.0,15000.0,0.0,,,,,,420.0,349.0,-69.0,0.0,0.0,20000.0,0.0,0.0,,,,,,,,,,,,,,,,,,,,,,,,,
2027,DISTRICT_MANAGED_2027.xlsx,Traditional,TILL,Elementary,WOODLAWN,Network 9,41.0,,,,503.5,,0.0,1.0,1.0,1.0,1.0,,,0.0,0.0,,1.0,75124.22,7.0,6.0,0.5,0.0,5.0,3.0,,,,,,3.0,2.0,,,,,23:1,725.0,14.0,3.0,0.0,,,,,0.0,0.0,0.0,0.0,0.0,0.0,0.0,0.0,,,0.0,,0.0,0.0,,0.0,0.0,0.0,0.0,0.0,30000.0,0.0,0.0,,307.0,,,0.0,,,0.0,0.0,,,3.0,0.0,0.0,0.5,15000.0,1.0,,,,,,349.0,300.0,-7.0,0.0,0.0,20000.0,0.0,0.0,,,,,,,,,,,,,,,,,,,,,,,,,
2027,DISTRICT_MANAGED_2027.xlsx,Traditional,MCKAY,Elementary,CHICAGO LAWN,Network 10,38.0,,,,410.0,,0.0,1.0,1.0,1.0,2.0,,,0.0,0.0,,2.0,400465.86,9.0,13.0,1.0,0.0,4.0,3.0,,,,,,5.0,2.0,,,,,23:1,689.0,25.0,6.0,1.0,,,,,1.0,0.0,0.0,0.0,0.0,0.0,0.0,0.0,,,0.0,,0.0,0.0,,0.0,0.0,0.0,1.0,0.0,75000.0,0.0,0.0,,498.0,,,0.0,,,0.0,0.0,,,1.0,0.0,0.0,2.0,15000.0,1.0,,,,,,638.0,558.0,60.0,0.0,0.0,20000.0,0.0,0.0,,,,,,,,,,,,,,,,,,,,,,,,,
2027,DISTRICT_MANAGED_2027.xlsx,Traditional,HANSON PARK,Elementary,BELMONT CRAGIN,Network 3,34.0,,,,454.0,,0.0,1.0,1.0,2.0,2.0,,,2.0,0.0,,1.0,134834.7,21.0,70.0,2.5,0.0,11.0,6.0,,,,,,6.0,2.0,,,,,25:1,641.0,35.0,9.0,2.0,,,,,0.0,0.0,0.0,0.0,2.0,0.0,1.0,2.0,,,0.0,,0.0,0.0,,0.0,0.0,0.0,0.0,0.0,31000.0,0.0,0.0,,908.0,,,0.0,,,0.0,-1.0,,,2.0,0.0,0.0,3.0,15000.0,1.0,,,,,,1080.0,869.0,-39.0,4.0,0.0,40000.0,0.0,0.0,,,,,,,,,,,,,,,,,,,,,,,,,
2027,DISTRICT_MANAGED_2027.xlsx,Traditional,MCPHERSON,Elementary,LINCOLN SQUARE,Network 2,25.0,,,,0.0,,4.0,1.0,1.0,1.0,2.0,,,1.0,0.0,,0.5,178835.65000000002,19.0,48.0,1.5,0.0,8.0,5.0,,,,,,6.0,2.0,,,,,27:1,533.0,24.0,6.0,0.0,,,,,0.0,0.0,1.0,0.0,0.0,0.0,0.0,0.0,,,2.0,,1.0,0.0,,0.0,0.0,0.0,0.0,0.0,0.0,0.0,0.0,,600.0,,,0.0,,,0.0,0.0,,,0.0,0.0,0.0,1.0,15000.0,0.0,,,,,,832.0,638.0,38.0,0.0,0.0,40000.0,0.0,1.0,,,,,,,,,,,,,,,,,,,,,,,,,
2027,DISTRICT_MANAGED_2027.xlsx,Traditional,MITCHELL,Elementary,WEST TOWN,ISP,21.0,,,,0.0,,0.0,1.0,1.0,1.0,1.0,,,0.5,0.0,,0.0,91202.8,6.0,10.0,0.5,0.0,1.0,1.0,,,,,,4.0,1.0,,,,,27:1,485.0,16.0,4.0,0.0,,,,,0.0,0.0,0.0,0.0,0.0,0.0,0.0,0.0,,,0.0,,0.0,0.0,,0.0,0.0,0.0,0.0,0.0,0.0,1.0,0.0,,426.0,,,0.0,,,0.0,0.0,,,0.0,0.0,0.0,1.0,15000.0,0.0,,,,,,432.0,412.0,-14.0,1.0,1.0,20000.0,0.0,0.0,,,,,,,,,,,,,,,,,,,,,,,,,
2027,DISTRICT_MANAGED_2027.xlsx,Traditional,LOGAN SQUARE,Elementary,LOGAN SQUARE,Network 4,31.0,,,,443.0,,0.0,1.0,1.0,1.0,1.0,,,1.0,0.0,,0.0,261276.39,14.0,10.0,1.0,0.0,6.0,4.0,,,,,,6.0,2.0,,,,,25:1,605.0,23.0,5.0,1.0,,,,,1.0,0.0,0.0,0.0,1.0,0.0,0.0,0.0,,,0.0,,0.0,1.0,,0.0,0.0,0.0,0.0,0.0,15000.0,0.0,0.0,,553.0,,,0.0,,,0.0,0.0,,,1.0,0.0,0.0,1.0,15000.0,1.0,,,,,,659.0,566.0,13.0,0.0,0.0,20000.0,0.0,0.0,,,,,,,,,,,,,,,,,,,,,,,,,
2027,DISTRICT_MANAGED_2027.xlsx,Traditional,MOOS,Elementary,WEST TOWN,Network 5,29.0,,,,415.5,,3.0,1.0,1.0,1.0,1.0,,,0.0,0.0,,0.0,349961.77,14.0,19.0,1.0,0.0,3.0,3.0,,,,,,4.0,2.0,,,,,25:1,581.0,16.0,4.0,1.0,,,,,0.0,0.0,0.0,0.0,0.0,0.0,0.0,0.0,,,2.0,,0.0,0.0,,0.0,0.0,0.0,0.0,0.0,5500.0,0.0,0.0,,366.0,,,0.0,,,0.0,0.0,,,0.0,0.0,0.0,2.0,15000.0,0.0,,,,,,446.0,385.0,19.0,0.0,0.0,20000.0,0.0,0.0,,,,,,,,,,,,,,,,,,,,,,,,,
2027,DISTRICT_MANAGED_2027.xlsx,Traditional,MORRILL,Elementary,CHICAGO LAWN,Network 10,42.0,,,,437.5,,0.0,1.0,1.0,1.0,2.0,,,3.0,0.0,,0.0,249240.06,10.0,17.0,1.0,0.0,1.0,1.0,,,,,,5.0,2.0,,,,,23:1,737.0,22.0,5.0,1.0,,,,,0.0,0.0,0.0,0.0,0.0,0.0,0.0,0.0,,,0.0,,0.0,0.0,,0.0,0.0,0.0,0.0,0.0,15000.0,0.0,0.0,,536.0,,,0.0,,,0.0,0.0,,,0.0,0.0,0.0,1.0,15000.0,1.0,,,,,,548.0,506.0,-30.0,0.0,0.0,20000.0,0.0,0.0,,,,,,,,,,,,,,,,,,,,,,,,,
2027,DISTRICT_MANAGED_2027.xlsx,Traditional,MOUNT GREENWOOD,Elementary,MOUNT GREENWOOD,Network 10,16.0,,,,0.0,,0.0,1.0,1.0,1.0,2.0,,,3.5,0.0,,0.0,160075.55,12.0,35.0,1.5,0.0,2.0,2.0,,,,,,2.0,1.0,,,,,27:1,425.0,40.0,9.0,0.0,,,,,0.0,0.0,0.0,0.0,0.0,0.0,0.0,0.0,,,0.0,,0.0,0.0,,0.0,0.0,0.0,0.0,0.0,0.0,0.0,0.0,,1113.0,,,0.0,,,0.0,0.0,,,0.0,0.0,0.0,0.0,15000.0,0.0,,,,,,1151.0,1077.0,-36.0,0.0,0.0,60000.0,0.0,0.0,,,,,,,,,,,,,,,,,,,,,,,,,
2027,DISTRICT_MANAGED_2027.xlsx,Traditional,MOUNT VERNON,Elementary,WASHINGTON HEIGHTS,Network 13,32.0,,,,520.0,,1.0,1.0,1.0,1.0,1.0,,,0.0,0.0,,0.0,252098.22,6.0,8.0,0.5,0.0,1.0,1.0,,,,,,2.0,2.0,,,,,25:1,617.0,10.0,3.0,1.0,,,,,0.0,0.0,0.0,0.0,0.0,0.0,0.0,0.0,,,0.0,,0.0,1.0,,0.0,0.0,0.0,0.0,0.0,0.0,0.0,0.0,,224.0,,,0.0,,,0.0,0.0,,,0.0,0.0,0.0,0.0,15000.0,0.0,,,,,,237.0,227.0,3.0,0.0,0.0,20000.0,0.0,0.0,,,,,,,,,,,,,,,,,,,,,,,,,
2027,DISTRICT_MANAGED_2027.xlsx,Traditional,MOZART,Elementary,LOGAN SQUARE,Network 4,37.0,,,,465.0,,0.0,1.0,1.0,1.0,1.0,,,1.0,0.0,,1.0,188723.66,12.0,28.0,1.0,0.0,4.0,3.0,,,,,,5.0,2.0,,,,,23:1,677.0,19.0,5.0,1.0,,,,,0.0,0.0,1.0,0.0,0.0,0.0,0.0,0.0,,,0.0,,0.0,0.0,,0.0,0.0,0.0,0.0,0.0,15000.0,0.0,0.0,,437.0,,,0.0,,,0.0,0.0,,,0.0,0.0,0.0,2.0,15000.0,0.0,,,,,,495.0,429.0,-8.0,0.0,0.0,20000.0,0.0,0.0,,,,,,,,,,,,,,,,,,,,,,,,,
2027,DISTRICT_MANAGED_2027.xlsx,Traditional,MURPHY,Elementary,IRVING PARK,Network 1,31.0,,,,300.0,,0.0,1.0,1.0,1.0,1.0,,,0.0,0.0,,1.0,261704.65,11.0,10.0,1.0,0.0,5.0,3.0,,,,,,3.0,1.0,,,,,25:1,605.0,18.0,4.0,1.0,,,,,0.0,0.0,0.0,0.0,0.0,0.0,0.0,0.0,,,0.0,,0.0,0.0,,0.0,0.0,0.0,0.0,0.0,0.0,0.0,0.0,,454.0,,,0.0,,,0.0,0.0,,,0.0,0.0,0.0,1.0,15000.0,0.0,,,,,,513.0,447.0,-7.0,0.0,0.0,20000.0,0.0,0.0,,,,,,,,,,,,,,,,,,,,,,,,,
2027,DISTRICT_MANAGED_2027.xlsx,Traditional,BROWN R,Elementary,WEST PULLMAN,Network 13,36.0,,,,520.0,,0.0,1.0,1.0,1.0,1.0,,,0.0,0.0,,0.0,179287.0,6.0,12.0,0.5,0.0,2.0,1.0,,,,,,2.0,1.0,,,,,25:1,665.0,10.0,3.0,1.0,,,,,0.0,0.0,0.0,0.0,0.0,0.0,1.0,0.0,,,0.0,,0.0,0.0,,0.0,0.0,0.0,0.0,0.0,0.0,0.0,0.0,,238.0,,,0.0,,,0.0,0.0,,,0.0,0.0,0.0,0.0,15000.0,0.0,,,,,,287.0,242.0,4.0,0.0,0.0,20000.0,3.0,0.0,,,,,,,,,,,,,,,,,,,,,,,,,
2027,DISTRICT_MANAGED_2027.xlsx,Traditional,NASH,Elementary,AUSTIN,Network 3,39.0,,,,481.5,,1.0,1.0,1.0,1.0,1.0,,,1.0,0.0,,1.0,90971.0,9.0,30.0,1.0,0.0,1.0,1.0,,,,,,3.0,2.0,,,,,23:1,701.0,10.0,3.0,1.0,,,,,0.0,0.0,0.0,0.0,0.0,0.0,0.0,0.0,,,0.0,,0.0,0.0,,0.0,0.0,0.0,1.0,0.0,30000.0,0.0,0.0,,204.0,,,0.0,,,0.0,0.0,,,0.0,0.0,0.0,1.0,15000.0,0.0,,,,,,279.0,224.0,20.0,0.0,0.0,20000.0,0.0,0.0,,,,,,,,,,,,,,,,,,,,,,,,,
2027,DISTRICT_MANAGED_2027.xlsx,Traditional,NEIL,Elementary,CHATHAM,Network 12,40.0,,,,531.0,,0.0,1.0,0.0,1.0,1.0,,,0.0,0.0,,1.0,104938.37,11.0,37.0,1.0,0.0,1.0,1.0,,,,,,3.0,2.0,,,,,23:1,713.0,10.0,4.0,0.0,,,,,0.0,0.0,0.0,1.0,0.0,0.0,0.0,0.0,,,0.0,,0.0,0.0,,0.0,0.0,0.0,0.0,0.0,75000.0,0.0,0.0,,167.0,,,-1.0,,,0.0,0.0,,,0.0,0.0,0.0,0.0,15000.0,1.0,,,,,,240.0,151.0,-16.0,0.0,0.0,20000.0,0.0,0.0,,,,,,,,,,,,,,,,,,,,,,,,,
2027,DISTRICT_MANAGED_2027.xlsx,Traditional,NETTELHORST,Elementary,LAKE VIEW,Network 4,18.0,,,,0.0,,1.0,1.0,1.0,1.0,1.0,,,2.0,0.0,,0.0,73685.62,11.0,29.0,1.0,0.0,3.0,3.0,,,,,,2.0,1.0,,,,,27:1,449.0,22.0,5.0,0.0,,,,,0.0,0.0,0.0,0.0,0.0,0.0,0.0,0.0,,,0.0,,0.0,0.0,,0.0,0.0,0.0,0.0,0.0,0.0,1.0,0.0,,584.0,,,0.0,,,0.0,0.0,,,0.0,0.0,0.0,1.0,15000.0,0.0,,,,,,653.0,575.0,-9.0,0.0,1.0,20000.0,0.0,0.0,,,,,,,,,,,,,,,,,,,,,,,,,
2027,DISTRICT_MANAGED_2027.xlsx,Traditional,NIGHTINGALE,Elementary,GAGE PARK,Network 8,34.0,,,,476.0,,0.0,1.0,1.0,1.0,2.0,,,2.0,0.0,,2.0,268864.0,8.0,14.0,1.5,0.0,6.0,4.0,,,,,,9.0,2.0,,,,,25:1,641.0,31.0,7.0,2.0,,,,,0.0,0.0,0.0,0.0,1.0,0.0,1.0,0.0,,,0.0,,0.0,0.0,,0.0,0.0,0.0,0.0,0.0,0.0,0.0,0.0,,825.0,,,0.0,,,0.0,-1.0,,,0.0,0.0,0.0,2.0,15000.0,0.0,,,,,,862.0,772.0,-53.0,0.0,0.0,40000.0,0.0,0.0,,,,,,,,,,,,,,,,,,,,,,,,,
2027,DISTRICT_MANAGED_2027.xlsx,Traditional,NIXON,Elementary,HERMOSA,Network 4,38.0,,,,421.0,,0.0,1.0,1.0,1.0,2.0,,,3.0,0.0,,0.0,202879.46,8.0,8.0,1.0,0.0,2.0,2.0,,,,,,5.0,2.0,,,,,23:1,689.0,27.0,6.0,1.0,,,,,0.0,0.0,0.0,0.0,0.0,0.0,1.0,0.0,,,0.0,,0.0,0.0,,0.0,0.0,0.0,1.0,0.0,15000.0,0.0,0.0,,634.0,,,0.0,,,0.0,-1.0,,,0.0,0.0,0.0,2.0,15000.0,1.0,,,,,,639.0,599.0,-35.0,0.0,0.0,20000.0,0.0,0.0,,,,,,,,,,,,,,,,,,,,,,,,,
2027,DISTRICT_MANAGED_2027.xlsx,Traditional,NOBEL,Elementary,HUMBOLDT PARK,ISP,40.0,,,,454.0,,0.0,1.0,1.0,1.0,2.0,,,2.0,0.0,,0.1500000000000003,142577.6,6.0,7.0,1.0,0.0,2.0,2.0,,,,,,5.0,1.85,,,,,23:1,713.0,23.0,5.0,1.0,,,,,1.0,0.0,0.0,0.0,1.0,0.0,0.0,0.0,,,0.0,,0.0,0.0,,0.0,0.0,0.0,0.0,0.0,31000.0,0.0,0.0,,560.0,,,0.0,,,0.0,0.0,,,1.0,0.0,0.0,2.0,15000.0,1.0,,,,,,559.0,528.0,-32.0,0.0,0.0,20000.0,0.0,0.0,,,,,,,,,,,,,,,,,,,,,,,,,
2027,DISTRICT_MANAGED_2027.xlsx,Traditional,NORWOOD PARK,Elementary,NORWOOD PARK,Network 1,22.0,,,,0.0,,0.0,1.0,1.0,1.0,1.0,,,0.89,0.0,,0.13,56206.52,5.0,4.0,0.5,0.0,1.11,1.0,,,,,,2.0,0.87,,,,,27:1,497.0,11.0,3.0,0.0,,,,,0.0,0.0,0.0,0.0,0.0,0.0,0.0,0.0,,,0.0,,0.0,0.0,,0.0,0.0,0.0,0.0,0.0,0.0,0.0,0.0,,295.0,,,0.0,,,0.0,0.0,,,0.0,0.0,0.0,0.5,15000.0,0.0,,,,,,295.0,278.0,-17.0,0.0,0.0,20000.0,0.0,0.0,,,,,,,,,,,,,,,,,,,,,,,,,
2027,DISTRICT_MANAGED_2027.xlsx,Traditional,WEST PARK,Elementary,HUMBOLDT PARK,Network 5,46.0,,,,454.0,,0.0,1.0,0.0,1.0,2.0,,,1.0,0.0,,1.0,349913.26,10.0,16.0,1.0,0.0,2.0,2.0,,,,,,5.0,2.0,,,,,23:1,785.0,19.0,4.0,1.0,,,,,0.0,0.0,1.0,0.0,0.0,0.0,0.0,0.0,,,0.0,,0.0,0.0,,0.0,0.0,0.0,0.0,0.0,20000.0,0.0,0.0,,405.0,,,0.0,,,-1.0,0.0,,,0.0,0.0,1.0,1.0,15000.0,0.0,,,,,,468.0,432.0,27.0,0.0,0.0,20000.0,0.0,0.0,,,,,,,,,,,,,,,,,,,,,,,,,
2027,DISTRICT_MANAGED_2027.xlsx,Traditional,AMUNDSEN HS,High,LINCOLN SQUARE,Network 14,19.0,,,,0.0,,2.0,1.0,1.0,1.0,3.0,,,0.62,2.0,,5.15,142991.33000000002,17.0,14.0,2.5,1.0,0.0,0.0,,,,,,6.0,4.85,,,,,22:1,1239.0,65.0,0.0,0.0,,,,,0.0,1.0,0.0,3.0,2.0,0.0,1.0,0.0,,,3.0,,0.0,0.0,,0.0,0.0,0.0,0.0,65000.0,0.0,0.0,0.0,,1403.0,,,0.0,,,0.0,0.0,,,0.0,0.0,0.0,1.0,15000.0,0.0,,,,,,1441.0,1419.0,16.0,0.0,0.0,60000.0,0.0,0.0,,,,,,,,,,,,,,,,,,,,,,,,,
2027,DISTRICT_MANAGED_2027.xlsx,Traditional,OGLESBY,Elementary,AUBURN GRESHAM,Network 11,39.0,,,,531.0,,0.0,1.0,1.0,1.0,1.0,,,0.0,0.0,,1.5,222128.0,5.0,9.0,0.5,0.0,1.0,1.0,,,,,,3.0,2.0,,,,,23:1,701.0,12.0,3.0,1.0,,,,,0.0,0.0,0.0,0.0,0.0,0.0,0.0,0.0,,,0.0,,0.0,0.0,,0.0,0.0,0.0,0.0,0.0,50000.0,0.0,0.0,,272.0,,,0.0,,,0.0,0.0,,,0.0,0.0,0.0,0.5,15000.0,0.0,,,,,,290.0,275.0,3.0,0.0,0.0,20000.0,0.0,0.0,,,,,,,,,,,,,,,,,,,,,,,,,
2027,DISTRICT_MANAGED_2027.xlsx,Traditional,OKEEFFE,Elementary,SOUTH SHORE,Network 12,37.0,,,,476.0,,0.0,1.0,1.0,1.0,1.0,,,0.0,0.0,,2.0,296669.66000000003,10.0,15.0,1.0,0.0,3.0,2.0,,,,,,6.0,2.0,,,,,23:1,677.0,23.0,5.0,1.0,,,,,1.0,0.0,0.0,0.0,0.0,1.0,0.0,0.0,,,0.0,,0.0,0.0,,0.0,0.0,0.0,0.0,0.0,5500.0,0.0,0.0,,515.0,,,0.0,,,0.0,0.0,,,0.0,0.0,0.0,1.0,15000.0,1.0,,,,,,570.0,511.0,-4.0,0.0,0.0,20000.0,0.0,0.0,,,,,,,,,,,,,,,,,,,,,,,,,
2027,DISTRICT_MANAGED_2027.xlsx,Traditional,ONAHAN,Elementary,NORWOOD PARK,Network 1,16.0,,,,0.0,,0.0,1.0,1.0,1.0,2.0,,,1.0,0.0,,0.0,126987.36,9.0,12.0,1.0,0.0,1.0,1.0,,,,,,2.0,1.0,,,,,27:1,425.0,23.0,5.0,0.0,,,,,0.0,0.0,1.0,0.0,0.0,0.0,0.0,0.0,,,0.0,,0.0,0.0,,0.0,0.0,0.0,0.0,0.0,0.0,0.0,0.0,,632.0,,,0.0,,,0.0,0.0,,,0.0,0.0,0.0,1.0,15000.0,0.0,,,,,,631.0,611.0,-21.0,0.0,0.0,40000.0,0.0,0.0,,,,,,,,,,,,,,,,,,,,,,,,,
2027,DISTRICT_MANAGED_2027.xlsx,Traditional,ORIOLE PARK,Elementary,NORWOOD PARK,Network 1,16.0,,,,0.0,,2.0,1.0,1.0,1.0,1.0,,,2.0,0.0,,0.0,47378.45,11.0,15.0,1.0,0.0,2.0,2.0,,,,,,2.0,2.0,,,,,27:1,425.0,21.0,5.0,0.0,,,,,0.0,0.0,0.0,0.0,0.0,0.0,0.0,0.0,,,0.0,,0.0,0.0,,0.0,0.0,0.0,0.0,0.0,0.0,0.0,0.0,,576.0,,,0.0,,,0.0,0.0,,,0.0,0.0,0.0,1.0,15000.0,0.0,,,,,,591.0,552.0,-24.0,0.0,2.0,20000.0,0.0,0.0,,,,,,,,,,,,,,,,,,,,,,,,,
2027,DISTRICT_MANAGED_2027.xlsx,Traditional,PICCOLO,Elementary,HUMBOLDT PARK,Network 5,35.0,,,,443.0,,0.0,1.0,1.0,1.0,1.0,,,2.45,0.0,,1.2999999999999998,136604.0,10.0,11.0,1.0,0.0,7.55,4.0,,,,,,5.0,1.7,,,,,25:1,653.0,22.0,5.0,1.0,,,,,1.0,0.0,0.0,0.0,0.0,0.0,0.0,0.0,,,0.0,,0.0,0.0,,0.0,0.0,0.0,0.0,0.0,0.0,0.0,0.0,,572.0,,,0.0,,,0.0,0.0,,,0.0,0.0,0.0,2.0,15000.0,1.0,,,,,,600.0,541.0,-31.0,0.0,0.0,20000.0,0.0,0.0,,,,,,,,,,,,,,,,,,,,,,,,,
2027,DISTRICT_MANAGED_2027.xlsx,Traditional,OTIS,Elementary,WEST TOWN,Network 6,29.0,,,,454.0,,0.0,1.0,1.0,1.0,1.0,,,0.0,0.0,,1.05,156649.5,12.0,36.0,1.0,0.0,4.0,2.0,,,,,,3.0,1.95,,,,,25:1,581.0,10.0,3.0,0.0,,,,,0.0,0.0,0.0,0.0,0.0,0.0,0.0,0.0,,,0.0,,0.0,1.0,,0.0,0.0,0.0,0.0,0.0,30000.0,0.0,0.0,,254.0,,,0.0,,,0.0,0.0,,,0.0,0.0,0.0,1.0,15000.0,1.0,,,,,,323.0,220.0,-34.0,0.0,0.0,20000.0,0.0,0.0,,,,,,,,,,,,,,,,,,,,,,,,,
2027,DISTRICT_MANAGED_2027.xlsx,Traditional,OTOOLE,Elementary,WEST ENGLEWOOD,Network 11,40.0,,,,481.5,,0.0,1.0,1.0,1.0,1.0,,,0.0,1.0,,0.0,180012.5,5.0,11.0,0.5,0.0,1.0,1.0,,,,,,3.0,2.0,,,,,23:1,713.0,13.0,3.0,1.0,,,,,0.0,0.0,0.0,0.0,0.0,0.0,0.0,0.0,,,0.0,,0.0,0.0,,0.0,0.0,0.0,0.0,0.0,75000.0,0.0,0.0,,282.0,,,0.0,,,0.0,0.0,,,1.0,0.0,0.0,1.0,15000.0,1.0,,,,,,325.0,294.0,12.0,0.0,0.0,20000.0,0.0,0.0,,,,,,,,,,,,,,,,,,,,,,,,,
2027,DISTRICT_MANAGED_2027.xlsx,Traditional,WELLS ES,Elementary,DOUGLAS,Network 9,33.0,,,,531.0,,0.0,1.0,1.0,1.0,1.0,,,0.0,0.0,,0.0,309109.2,4.0,14.0,0.5,0.0,2.0,2.0,,,,,,3.0,2.0,,,,,25:1,629.0,11.0,3.0,1.0,,,,,0.0,0.0,0.0,0.0,0.0,0.0,0.0,0.0,,,1.0,,0.0,0.0,,0.0,0.0,0.0,0.0,0.0,15000.0,0.0,0.0,,276.0,,,0.0,,,0.0,0.0,,,0.0,0.0,0.0,0.0,15000.0,0.0,,,,,,298.0,268.0,-8.0,0.0,0.0,20000.0,0.0,0.0,,,,,,,,,,,,,,,,,,,,,,,,,
2027,DISTRICT_MANAGED_2027.xlsx,Traditional,PALMER,Elementary,ALBANY PARK,ISP,18.0,,,,371.5,,0.0,1.0,1.0,1.0,2.0,,,0.0,0.0,,1.0,242721.28,8.0,23.0,1.0,0.0,3.0,3.0,,,,,,5.0,3.0,,,,,27:1,449.0,25.0,6.0,2.0,,,,,0.0,0.0,1.0,0.0,0.0,0.0,0.0,0.0,,,0.0,,0.0,0.0,,0.0,0.0,0.0,0.0,0.0,0.0,0.0,0.0,,668.0,,,0.0,,,0.0,0.0,,,1.0,0.0,0.0,2.0,15000.0,0.0,,,,,,753.0,669.0,1.0,0.0,0.0,40000.0,0.0,0.0,,,,,,,,,,,,,,,,,,,,,,,,,
2027,DISTRICT_MANAGED_2027.xlsx,Traditional,PARK MANOR,Elementary,GREATER GRAND CROSSING,Network 12,37.0,,,,476.0,,0.0,1.0,1.0,1.0,1.0,,,0.0,0.0,,1.5,185051.25,6.0,18.0,0.5,0.0,1.0,1.0,,,,,,2.0,2.0,,,,,23:1,677.0,14.0,3.0,1.0,,,,,0.0,0.0,0.0,0.0,0.0,0.0,0.0,0.0,,,0.0,,0.0,0.0,,0.0,0.0,0.0,0.0,0.0,5500.0,0.0,0.0,,284.0,,,0.0,,,0.0,0.0,,,0.0,0.0,0.0,0.5,15000.0,0.0,,,,,,328.0,304.0,20.0,0.0,0.0,20000.0,0.0,0.0,,,,,,,,,,,,,,,,,,,,,,,,,
2027,DISTRICT_MANAGED_2027.xlsx,Traditional,PASTEUR,Elementary,WEST ELSDON,Network 8,31.0,,,,459.5,,0.0,1.0,1.0,2.0,1.0,,,0.0,0.0,,1.0,286456.5,7.5,17.0,0.5,0.0,4.0,3.0,,,,,,6.0,3.0,,,,,25:1,605.0,21.0,5.0,1.0,,,,,1.0,0.0,0.0,0.0,0.0,0.0,0.0,0.0,,,0.0,,0.0,0.0,,0.0,0.0,0.0,0.0,0.0,0.0,0.0,0.0,,530.0,,,0.0,,,0.0,0.0,,,2.0,0.0,0.0,1.0,15000.0,0.0,,,,,,581.0,501.0,-29.0,0.0,0.0,20000.0,0.0,0.0,,,,,,,,,,,,,,,,,,,,,,,,,
2027,DISTRICT_MANAGED_2027.xlsx,Traditional,PECK,Elementary,WEST ELSDON,ISP,32.0,,,,448.5,,0.0,1.0,1.0,3.0,1.0,,,0.0,0.0,,2.15,36198.08,6.0,13.0,1.0,0.0,12.0,7.0,,,,,,12.0,1.85,,,,,25:1,617.0,21.0,5.0,1.0,,,,,1.0,0.0,0.0,1.0,0.0,0.0,0.0,2.0,,,0.0,,0.0,0.0,,0.0,0.0,0.0,0.0,0.0,0.0,0.0,0.0,,583.0,,,0.0,,,0.0,0.0,,,0.0,0.0,1.0,2.0,15000.0,0.0,,,,,,678.0,515.0,-68.0,0.0,1.0,20000.0,0.0,0.0,,,,,,,,,,,,,,,,,,,,,,,,,
2027,DISTRICT_MANAGED_2027.xlsx,Traditional,IRVING,Elementary,NEAR WEST SIDE,Network 6,36.0,,,,481.5,,0.0,1.0,0.0,1.0,1.0,,,0.5,0.0,,1.0,51822.29,6.0,10.0,0.5,0.0,3.0,2.0,,,,,,3.0,2.0,,,,,25:1,665.0,10.0,3.0,0.0,,,,,0.0,0.0,0.0,0.0,1.0,0.0,0.0,0.0,,,0.0,,0.0,0.0,,0.0,0.0,0.0,0.0,0.0,75000.0,0.0,0.0,,266.0,,,0.0,,,0.0,0.0,,,0.0,0.0,0.0,0.5,15000.0,1.0,,,,,,284.0,244.0,-22.0,0.0,0.0,20000.0,0.0,0.0,,,,,,,,,,,,,,,,,,,,,,,,,
2027,DISTRICT_MANAGED_2027.xlsx,Traditional,PEIRCE,Elementary,EDGEWATER,Network 2,21.0,,,,0.0,,0.0,1.0,1.0,2.0,2.0,,,1.0,0.0,,0.5,81346.66,12.0,19.0,1.5,0.0,10.0,7.0,,,,,,5.0,2.0,,,,,27:1,485.0,36.0,8.0,0.0,,,,,0.0,0.0,2.0,0.0,0.0,1.0,0.0,1.0,,,2.0,,0.0,0.0,,0.0,0.0,0.0,0.0,0.0,31000.0,0.0,0.0,,978.0,,,0.0,,,0.0,0.0,,,0.0,0.0,0.0,1.0,15000.0,1.0,,,,,,1093.0,948.0,-30.0,0.0,0.0,40000.0,0.0,0.0,,,,,,,,,,,,,,,,,,,,,,,,,
2027,DISTRICT_MANAGED_2027.xlsx,Traditional,PENN,Elementary,NORTH LAWNDALE,Network 7,45.0,,,,542.0,,0.0,1.0,0.0,1.0,1.0,,,0.0,0.0,,0.0,34836.04,7.0,5.0,0.5,0.0,2.0,1.0,,,,,,5.0,2.0,,,,,23:1,773.0,10.0,3.0,0.0,,,,,0.0,0.0,0.0,1.0,0.0,0.0,0.0,0.0,,,0.0,,0.0,0.0,,0.0,0.0,0.0,0.0,0.0,75000.0,0.0,0.0,,169.0,,,0.0,,,0.0,0.0,,,0.0,0.0,0.0,0.0,15000.0,1.0,,,,,,184.0,151.0,-18.0,0.0,0.0,20000.0,0.0,0.0,,,,,,,,,,,,,,,,,,,,,,,,,
2027,DISTRICT_MANAGED_2027.xlsx,Traditional,WASHINGTON H ES,Elementary,BURNSIDE,Network 12,36.0,,,,514.5,,0.0,1.0,1.0,1.0,1.0,,,1.0,0.0,,1.15,110112.06,4.0,12.0,0.5,0.0,1.0,1.0,,,,,,3.0,0.85,,,,,25:1,665.0,10.0,3.0,1.0,,,,,0.0,0.0,0.0,0.0,0.0,0.0,0.0,0.0,,,0.0,,0.0,0.0,,0.0,0.0,0.0,0.0,0.0,0.0,0.0,0.0,,252.0,,,0.0,,,0.0,0.0,,,0.0,0.0,0.0,0.0,15000.0,0.0,,,,,,262.0,238.0,-14.0,0.0,0.0,20000.0,0.0,0.0,,,,,,,,,,,,,,,,,,,,,,,,,
2027,DISTRICT_MANAGED_2027.xlsx,Traditional,RUIZ,Elementary,LOWER WEST SIDE,Network 7,35.0,,,,437.5,,0.0,1.0,1.0,1.0,1.0,,,1.0,0.0,,0.1499999999999999,205103.68,11.0,20.0,1.0,0.0,4.0,2.0,,,,,,5.0,1.85,,,,,25:1,653.0,15.0,4.0,1.0,,,,,0.0,0.0,0.0,0.0,0.0,0.0,0.0,0.0,,,0.0,,0.0,0.0,,0.0,0.0,0.0,0.0,0.0,31000.0,0.0,0.0,,396.0,,,0.0,,,0.0,0.0,,,1.0,0.0,0.0,1.0,15000.0,0.0,,,,,,446.0,361.0,-35.0,0.0,0.0,20000.0,0.0,0.0,,,,,,,,,,,,,,,,,,,,,,,,,
2027,DISTRICT_MANAGED_2027.xlsx,Traditional,PETERSON,Elementary,NORTH PARK,Network 1,25.0,,,,333.0,,0.0,1.0,1.0,1.0,2.0,,,1.0,0.0,,0.1500000000000003,62660.23,11.0,20.0,1.0,0.0,3.0,2.0,,,,,,5.0,1.85,,,,,27:1,533.0,31.0,7.0,2.0,,,,,0.0,0.0,1.0,0.0,1.0,1.0,1.0,0.0,,,0.0,,0.0,0.0,,0.0,0.0,0.0,0.0,0.0,0.0,0.0,0.0,,859.0,,,0.0,,,0.0,0.0,,,0.0,0.0,1.0,2.0,15000.0,0.0,,,,,,877.0,821.0,-38.0,0.0,0.0,40000.0,0.0,0.0,,,,,,,,,,,,,,,,,,,,,,,,,
2027,DISTRICT_MANAGED_2027.xlsx,Traditional,GARVEY,Elementary,WASHINGTON HEIGHTS,Network 13,31.0,,,,514.5,,0.0,1.0,0.0,1.0,1.0,,,0.0,0.0,,0.0,142862.75,3.0,7.0,0.0,0.0,1.0,1.0,,,,,,2.0,1.0,,,,,25:1,605.0,10.0,3.0,1.0,,,,,0.0,0.0,0.0,1.0,0.0,0.0,0.0,0.0,,,0.0,,0.0,0.0,,0.0,0.0,0.0,0.0,0.0,5500.0,0.0,0.0,,234.0,,,-1.0,,,0.0,0.0,,,0.0,0.0,0.0,0.0,15000.0,0.0,,,,,,262.0,243.0,9.0,0.0,0.0,20000.0,0.0,0.0,,,,,,,,,,,,,,,,,,,,,,,,,
2027,DISTRICT_MANAGED_2027.xlsx,Traditional,PICKARD,Elementary,LOWER WEST SIDE,Network 7,31.0,,,,459.5,,0.0,1.0,1.0,1.0,1.0,,,1.0,0.0,,1.0,69792.66,6.0,10.0,0.5,0.0,4.0,2.0,,,,,,4.0,3.0,,,,,25:1,605.0,11.0,3.0,1.0,,,,,0.0,0.0,0.0,0.0,0.0,0.0,0.0,0.0,,,1.0,,0.0,0.0,,0.0,0.0,0.0,0.0,0.0,0.0,0.0,0.0,,303.0,,,0.0,,,0.0,0.0,,,0.0,0.0,0.0,1.0,15000.0,0.0,,,,,,284.0,267.0,-36.0,0.0,0.0,20000.0,1.0,0.0,,,,,,,,,,,,,,,,,,,,,,,,,
2027,DISTRICT_MANAGED_2027.xlsx,Traditional,PIRIE,Elementary,CHATHAM,Network 12,37.0,,,,476.0,,0.0,1.0,0.0,1.0,1.0,,,0.0,0.0,,0.0,128230.0,5.0,7.0,0.0,0.0,1.0,1.0,,,,,,3.0,1.0,,,,,23:1,677.0,9.0,3.0,0.0,,,,,0.0,0.0,0.0,1.0,0.0,0.0,0.0,0.0,,,0.0,,0.0,0.0,,0.0,0.0,0.0,0.0,0.0,75000.0,0.0,0.0,,197.0,,,-1.0,,,0.0,0.0,,,0.0,0.0,0.0,0.0,15000.0,1.0,,,,,,197.0,186.0,-11.0,0.0,0.0,20000.0,0.0,0.0,,,,,,,,,,,,,,,,,,,,,,,,,
2027,DISTRICT_MANAGED_2027.xlsx,Traditional,PLAMONDON,Elementary,NORTH LAWNDALE,ISP,35.0,,,,415.5,,0.0,1.0,0.0,1.0,1.0,,,0.0,0.0,,0.0,231740.0,5.0,5.0,0.0,0.0,0.0,0.0,,,,,,2.0,1.0,,,,,25:1,653.0,10.0,3.0,0.0,,,,,0.0,0.0,1.0,0.0,0.0,0.0,0.0,0.0,,,0.0,,0.0,0.0,,0.0,0.0,0.0,0.0,0.0,0.0,0.0,0.0,,91.0,,,-1.0,,,0.0,0.0,,,0.0,0.0,1.0,0.5,15000.0,0.0,,,,,,90.0,90.0,-1.0,0.0,0.0,20000.0,0.0,0.0,,,,,,,,,,,,,,,,,,,,,,,,,
2027,DISTRICT_MANAGED_2027.xlsx,Traditional,WARD L,Elementary,HUMBOLDT PARK,Network 5,41.0,,,,443.0,,0.0,1.0,1.0,1.0,1.0,,,0.0,0.0,,1.0,218293.3,7.0,19.0,0.5,0.0,2.0,1.0,,,,,,4.0,2.0,,,,,23:1,725.0,10.0,3.0,0.0,,,,,0.0,0.0,0.0,0.0,0.0,0.0,0.0,0.0,,,0.0,,0.0,0.0,,0.0,0.0,0.0,0.0,0.0,30000.0,0.0,0.0,,213.0,,,0.0,,,0.0,0.0,,,0.0,0.0,1.0,1.0,15000.0,1.0,,,,,,280.0,229.0,16.0,0.0,0.0,20000.0,0.0,0.0,,,,,,,,,,,,,,,,,,,,,,,,,
2027,DISTRICT_MANAGED_2027.xlsx,Traditional,PORTAGE PARK,Elementary,PORTAGE PARK,Network 1,25.0,,,,388.0,,0.0,1.0,1.0,1.0,2.0,,,0.0,0.0,,3.62,260894.43,13.0,35.0,1.5,0.0,4.0,2.0,,,,,,7.0,1.88,,,,,27:1,533.0,31.0,7.0,2.0,,,,,0.0,0.0,1.0,0.0,0.0,0.0,0.0,0.0,,,0.0,,0.0,0.0,,0.0,0.0,0.0,0.0,0.0,0.0,0.0,0.0,,844.0,,,0.0,,,0.0,0.0,,,0.0,0.0,0.0,1.0,15000.0,0.0,,,,,,903.0,813.0,-31.0,0.0,0.0,40000.0,0.0,0.0,,,,,,,,,,,,,,,,,,,,,,,,,
2027,DISTRICT_MANAGED_2027.xlsx,Traditional,PRESCOTT,Elementary,LINCOLN PARK,Network 4,21.0,,,,0.0,,0.0,1.0,1.0,1.0,1.0,,,0.5,0.0,,1.0,103311.55,10.0,13.0,1.0,0.0,0.0,0.0,,,,,,2.0,1.0,,,,,27:1,485.0,19.0,4.0,0.0,,,,,0.0,0.0,0.0,0.0,0.0,0.0,0.0,0.0,,,0.0,,0.0,0.0,,0.0,0.0,0.0,0.0,0.0,0.0,0.0,0.0,,465.0,,,0.0,,,0.0,0.0,,,0.0,0.0,0.0,0.5,15000.0,0.0,,,,,,490.0,490.0,25.0,0.0,0.0,20000.0,0.0,0.0,,,,,,,,,,,,,,,,,,,,,,,,,
2027,DISTRICT_MANAGED_2027.xlsx,Traditional,PRUSSING,Elementary,PORTAGE PARK,Network 1,21.0,,,,382.5,,0.0,1.0,1.0,1.0,2.0,,,2.0,0.0,,2.0,131952.7,13.0,12.0,1.0,0.0,0.0,0.0,,,,,,5.0,1.0,,,,,27:1,485.0,25.0,5.0,2.0,,,,,0.0,0.0,0.0,0.0,0.0,0.0,0.0,0.0,,,0.0,,0.0,0.0,,0.0,0.0,0.0,0.0,0.0,0.0,0.0,0.0,,647.0,,,0.0,,,0.0,0.0,,,0.0,0.0,0.0,1.0,15000.0,0.0,,,,,,651.0,651.0,4.0,0.0,0.0,40000.0,0.0,0.0,,,,,,,,,,,,,,,,,,,,,,,,,
2027,DISTRICT_MANAGED_2027.xlsx,Traditional,PULLMAN,Elementary,PULLMAN,Network 13,31.0,,,,454.0,,1.0,1.0,1.0,1.0,1.0,,,0.0,0.0,,0.0,136359.93,4.0,12.0,0.0,0.0,1.0,1.0,,,,,,2.0,1.0,,,,,25:1,605.0,12.0,3.0,1.0,,,,,0.0,0.0,0.0,0.0,0.0,1.0,0.0,0.0,,,0.0,,0.0,1.0,,0.0,0.0,0.0,0.0,0.0,15000.0,0.0,0.0,,286.0,,,0.0,,,0.0,0.0,,,1.0,0.0,0.0,1.0,15000.0,0.0,,,,,,307.0,290.0,4.0,0.0,0.0,20000.0,0.0,0.0,,,,,,,,,,,,,,,,,,,,,,,,,
2027,DISTRICT_MANAGED_2027.xlsx,Traditional,RAVENSWOOD,Elementary,LAKE VIEW,Network 2,20.0,,,,0.0,,0.0,1.0,1.0,1.0,1.0,,,1.0,0.0,,0.5,87998.04,10.0,11.0,0.5,0.0,2.0,2.0,,,,,,2.0,2.0,,,,,27:1,473.0,18.0,4.0,0.0,,,,,0.0,0.0,0.0,0.0,0.0,0.0,0.0,0.0,,,0.0,,0.0,0.0,,0.0,0.0,0.0,0.0,0.0,0.0,0.0,0.0,,483.0,,,0.0,,,0.0,0.0,,,0.0,0.0,0.0,1.0,15000.0,0.0,,,,,,514.0,475.0,-8.0,0.0,0.0,20000.0,0.0,0.0,,,,,,,,,,,,,,,,,,,,,,,,,
2027,DISTRICT_MANAGED_2027.xlsx,Traditional,RAY,Elementary,HYDE PARK,Network 9,26.0,,,,322.0,,0.0,1.0,1.0,1.0,1.0,,,0.0,0.0,,2.0,203831.2,9.0,22.0,1.0,2.0,3.0,3.0,,,,,,3.0,2.0,,,,,25:1,545.0,20.0,5.0,1.0,,,,,0.0,0.0,0.0,0.0,0.0,0.0,0.0,0.0,,,0.0,,0.0,0.0,,0.0,0.0,0.0,0.0,0.0,20000.0,0.0,0.0,,549.0,,,0.0,,,0.0,0.0,,,0.0,0.0,0.0,1.0,15000.0,0.0,,,,,,574.0,498.0,-51.0,0.0,1.0,20000.0,0.0,0.0,,,,,,,,,,,,,,,,,,,,,,,,,
2027,DISTRICT_MANAGED_2027.xlsx,Traditional,REAVIS,Elementary,KENWOOD,Network 9,29.0,,,,531.0,,0.0,1.0,1.0,1.0,1.0,,,1.0,0.0,,0.0,181336.4,8.0,11.0,1.0,0.0,5.0,3.0,,,,,,3.0,1.0,,,,,25:1,581.0,11.0,3.0,0.0,,,,,0.0,0.0,0.0,0.0,0.0,0.0,0.0,0.0,,,0.0,,0.0,0.0,,0.0,0.0,0.0,0.0,0.0,30000.0,0.0,0.0,,272.0,,,0.0,,,0.0,0.0,,,0.0,0.0,0.0,0.5,15000.0,1.0,,,,,,339.0,268.0,-4.0,0.0,0.0,20000.0,0.0,0.0,,,,,,,,,,,,,,,,,,,,,,,,,
2027,DISTRICT_MANAGED_2027.xlsx,Traditional,REILLY,Elementary,AVONDALE,Network 4,33.0,,,,459.5,,0.0,1.0,1.0,2.0,1.0,,,2.0,0.0,,0.0,145302.16,9.0,9.0,1.0,0.0,3.0,2.0,,,,,,6.0,3.0,,,,,25:1,629.0,18.0,4.0,1.0,,,,,0.0,0.0,0.0,0.0,0.0,0.0,0.0,0.0,,,0.0,,0.0,0.0,,0.0,0.0,0.0,0.0,0.0,0.0,0.0,0.0,,492.0,,,0.0,,,0.0,0.0,,,0.0,0.0,0.0,1.0,15000.0,0.0,,,,,,469.0,426.0,-66.0,0.0,0.0,20000.0,0.0,0.0,,,,,,,,,,,,,,,,,,,,,,,,,
2027,DISTRICT_MANAGED_2027.xlsx,Traditional,REINBERG,Elementary,PORTAGE PARK,Network 1,29.0,,,,421.0,,0.0,1.0,1.0,1.0,2.0,,,0.5,0.0,,0.0,194033.55,15.0,25.0,1.5,0.0,10.0,5.0,,,,,,4.0,2.0,,,,,25:1,581.0,24.0,6.0,1.0,,,,,1.0,0.0,1.0,0.0,1.0,0.0,1.0,0.0,,,0.0,,0.0,0.0,,0.0,0.0,0.0,0.0,0.0,31000.0,0.0,0.0,,578.0,,,0.0,,,0.0,0.0,,,0.0,0.0,0.0,2.0,15000.0,1.0,,,,,,782.0,587.0,9.0,0.0,0.0,40000.0,0.0,0.0,,,,,,,,,,,,,,,,,,,,,,,,,
2027,DISTRICT_MANAGED_2027.xlsx,Traditional,REVERE,Elementary,GREATER GRAND CROSSING,Network 12,40.0,,,,542.0,,1.0,1.0,0.0,1.0,1.0,,,0.0,0.0,,1.0,8183.0,4.0,6.0,0.0,0.0,1.0,1.0,,,,,,4.0,1.0,,,,,23:1,713.0,10.0,3.0,0.0,,,,,0.0,0.0,0.0,1.0,0.0,0.0,0.0,0.0,,,0.0,,0.0,0.0,,0.0,0.0,0.0,0.0,0.0,30000.0,0.0,0.0,,170.0,,,0.0,,,0.0,0.0,,,0.0,0.0,0.0,0.0,15000.0,0.0,,,,,,174.0,158.0,-12.0,0.0,0.0,20000.0,0.0,0.0,,,,,,,,,,,,,,,,,,,,,,,,,
2027,DISTRICT_MANAGED_2027.xlsx,Traditional,ROGERS,Elementary,WEST RIDGE,Network 2,24.0,,,,366.0,,0.0,1.0,1.0,1.0,2.0,,,0.0,0.0,,1.0,130067.0,14.0,34.0,1.5,0.0,6.0,4.0,,,,,,6.0,1.0,,,,,27:1,521.0,28.0,6.0,2.0,,,,,0.0,0.0,1.0,0.0,1.0,0.67,1.0,0.33,,,0.0,,0.0,0.0,,0.0,0.0,0.0,0.0,0.0,0.0,0.0,0.0,,697.0,,,0.0,,,0.0,0.0,,,0.0,0.0,0.0,1.0,15000.0,0.0,,,,,,830.0,732.0,35.0,0.0,0.0,40000.0,0.0,0.0,,,,,,,,,,,,,,,,,,,,,,,,,
2027,DISTRICT_MANAGED_2027.xlsx,Traditional,CHAVEZ,Elementary,NEW CITY,ISP,38.0,,,,476.0,,0.0,1.0,1.0,4.0,2.0,,,1.0,0.0,,0.0,476710.99,8.0,13.0,1.0,0.0,3.0,3.0,,,,,,8.0,4.0,,,,,23:1,689.0,32.0,7.0,2.0,,,,,1.0,0.0,0.0,1.0,0.0,0.0,0.0,0.0,,,0.0,,0.0,0.0,,0.0,0.0,0.0,0.0,0.0,0.0,0.0,0.0,,713.0,,,-1.0,,,0.0,0.0,,,2.0,0.0,0.0,2.0,15000.0,0.0,,,,,,802.0,734.0,21.0,0.0,0.0,40000.0,1.0,0.0,,,,,,,,,,,,,,,,,,,,,,,,,
2027,DISTRICT_MANAGED_2027.xlsx,Traditional,RUGGLES,Elementary,GREATER GRAND CROSSING,Network 12,34.0,,,,492.5,,1.0,1.0,1.0,1.0,1.0,,,0.0,0.0,,1.15,116598.5,4.0,9.0,0.0,0.0,2.0,2.0,,,,,,3.0,0.85,,,,,25:1,641.0,12.0,3.0,1.0,,,,,0.0,0.0,0.0,0.0,0.0,0.0,0.0,0.0,,,0.0,,0.0,0.0,,0.0,0.0,0.0,0.0,0.0,0.0,0.0,0.0,,264.0,,,0.0,,,0.0,0.0,,,1.0,0.0,1.0,0.0,15000.0,0.0,,,,,,307.0,278.0,14.0,0.0,0.0,20000.0,0.0,0.0,,,,,,,,,,,,,,,,,,,,,,,,,
2027,DISTRICT_MANAGED_2027.xlsx,Traditional,RYDER,Elementary,AUBURN GRESHAM,Network 11,37.0,,,,520.0,,0.0,1.0,1.0,1.0,1.0,,,1.0,0.0,,0.0,216642.31,10.0,34.0,1.0,0.0,3.0,2.0,,,,,,4.0,2.0,,,,,23:1,677.0,13.0,4.0,1.0,,,,,0.0,0.0,0.0,0.0,0.0,0.0,0.0,0.0,,,0.0,,0.0,0.0,,0.0,0.0,0.0,1.0,0.0,15000.0,0.0,0.0,,258.0,,,0.0,,,0.0,0.0,,,1.0,0.0,0.0,0.0,15000.0,0.0,,,,,,360.0,285.0,27.0,0.0,0.0,20000.0,0.0,0.0,,,,,,,,,,,,,,,,,,,,,,,,,
2027,DISTRICT_MANAGED_2027.xlsx,Traditional,SAUGANASH,Elementary,FOREST GLEN,Network 1,15.0,,,,0.0,,2.0,1.0,1.0,1.0,2.0,,,1.0,0.0,,1.5,24969.25,4.0,8.0,0.5,0.0,2.0,2.0,,,,,,3.0,2.0,,,,,27:1,413.0,25.0,5.0,0.0,,,,,0.0,0.0,1.0,0.0,0.0,0.0,0.0,0.0,,,0.0,,0.0,0.0,,0.0,0.0,0.0,0.0,0.0,0.0,0.0,0.0,,655.0,,,0.0,,,0.0,0.0,,,0.0,0.0,0.0,1.0,15000.0,0.0,,,,,,709.0,669.0,14.0,0.0,0.0,40000.0,0.0,0.0,,,,,,,,,,,,,,,,,,,,,,,,,
2027,DISTRICT_MANAGED_2027.xlsx,Traditional,SAWYER,Elementary,GAGE PARK,Network 8,39.0,,,,470.5,,0.0,1.0,1.0,1.0,2.0,,,0.0,0.0,,2.0,418593.2,7.0,10.0,1.0,0.0,3.0,2.0,,,,,,8.0,3.0,,,,,23:1,701.0,35.0,7.0,2.0,,,,,1.0,0.0,0.0,0.0,2.0,0.0,0.0,0.0,,,0.0,,0.0,0.0,,0.0,0.0,0.0,0.0,0.0,20000.0,0.0,0.0,,854.0,,,0.0,,,0.0,0.0,,,0.0,0.0,0.0,2.0,15000.0,0.0,,,,,,835.0,796.0,-58.0,0.0,0.0,40000.0,0.0,0.0,,,,,,,,,,,,,,,,,,,,,,,,,
2027,DISTRICT_MANAGED_2027.xlsx,Traditional,SCAMMON,Elementary,IRVING PARK,Network 1,28.0,,,,437.5,,0.0,1.0,1.0,1.0,1.0,,,0.0,0.0,,1.0,400204.8,9.0,5.0,1.0,0.0,4.0,3.0,,,,,,4.0,2.0,,,,,25:1,569.0,23.0,5.0,1.0,,,,,1.0,0.0,0.0,0.0,0.0,0.0,0.0,0.0,,,0.0,,0.0,0.0,,0.0,0.0,0.0,0.0,0.0,31000.0,0.0,0.0,,571.0,,,0.0,,,0.0,0.0,,,0.0,0.0,0.0,1.0,15000.0,1.0,,,,,,592.0,556.0,-15.0,0.0,0.0,20000.0,0.0,0.0,,,,,,,,,,,,,,,,,,,,,,,,,
2027,DISTRICT_MANAGED_2027.xlsx,Traditional,SCHUBERT,Elementary,BELMONT CRAGIN,Network 3,37.0,,,,432.0,,0.0,1.0,1.0,1.0,1.0,,,0.0,0.0,,0.0,253440.61,5.5,12.0,0.5,0.0,4.0,3.0,,,,,,5.0,2.0,,,,,23:1,677.0,21.0,5.0,1.0,,,,,0.0,0.0,2.0,0.0,0.0,1.0,0.0,0.0,,,0.0,,0.0,0.0,,0.0,0.0,0.0,0.0,0.0,20000.0,0.0,0.0,,502.0,,,0.0,,,0.0,0.0,,,0.0,0.0,0.0,2.0,15000.0,0.0,,,,,,524.0,471.0,-31.0,0.0,0.0,20000.0,0.0,0.0,,,,,,,,,,,,,,,,,,,,,,,,,
2027,DISTRICT_MANAGED_2027.xlsx,Traditional,SEWARD,Elementary,NEW CITY,Network 8,42.0,,,,459.5,,0.0,1.0,1.0,1.0,2.0,,,0.0,0.0,,0.5,70003.18,4.0,5.0,0.5,0.0,3.0,2.0,,,,,,6.0,2.0,,,,,23:1,737.0,16.0,4.0,1.0,,,,,0.0,0.0,0.0,0.0,0.0,1.0,1.0,0.0,,,1.0,,0.0,0.0,,0.0,0.0,0.0,0.0,0.0,0.0,0.0,0.0,,367.0,,,0.0,,,0.0,0.0,,,0.0,0.0,0.0,1.0,15000.0,0.0,,,,,,380.0,354.0,-13.0,0.0,0.0,20000.0,0.0,0.0,,,,,,,,,,,,,,,,,,,,,,,,,
2027,DISTRICT_MANAGED_2027.xlsx,Traditional,MIRELES,Elementary,SOUTH CHICAGO,Network 12,37.0,,,,415.5,,0.0,1.0,1.0,1.0,1.0,,,0.0,1.0,,2.0,211445.4,11.0,16.0,1.0,0.0,2.0,2.0,,,,,,5.0,1.0,,,,,23:1,677.0,23.0,5.0,1.0,,,,,1.0,0.0,1.0,0.0,0.0,0.0,0.0,0.0,,,0.0,,0.0,0.0,,0.0,0.0,0.0,0.0,0.0,0.0,0.0,0.0,,494.0,,,0.0,,,0.0,0.0,,,0.0,0.0,0.0,1.0,15000.0,1.0,,,,,,561.0,526.0,32.0,0.0,0.0,20000.0,0.0,0.0,,,,,,,,,,,,,,,,,,,,,,,,,
2027,DISTRICT_MANAGED_2027.xlsx,Traditional,SHERMAN,Elementary,NEW CITY,Network 8,45.0,,,,465.0,,0.0,1.0,0.0,1.0,1.0,,,0.0,0.0,,0.0,165117.96,7.0,10.0,0.0,0.0,1.0,1.0,,,,,,4.0,2.0,,,,,23:1,773.0,10.0,3.0,0.0,,,,,0.0,0.0,0.0,0.0,0.0,1.0,0.0,0.0,,,0.0,,0.0,1.0,,0.0,0.0,0.0,0.0,0.0,0.0,0.0,0.0,,210.0,,,0.0,,,0.0,0.0,,,0.0,0.0,0.0,1.0,15000.0,0.0,,,,,,224.0,212.0,2.0,0.0,0.0,20000.0,0.0,0.0,,,,,,,,,,,,,,,,,,,,,,,,,
2027,DISTRICT_MANAGED_2027.xlsx,Traditional,SHERWOOD,Elementary,ENGLEWOOD,ISP,42.0,,,,492.5,,0.0,1.0,0.0,1.0,1.0,,,0.0,1.0,,1.0,54775.1,6.0,12.0,0.5,0.0,4.0,2.0,,,,,,2.0,1.0,,,,,23:1,737.0,10.0,3.0,0.0,,,,,0.0,0.0,0.0,0.0,0.0,0.0,0.0,0.0,,,0.0,,0.0,0.0,,0.0,0.0,0.0,0.0,0.0,15000.0,0.0,0.0,,156.0,,,0.0,,,0.0,0.0,,,0.0,0.0,0.0,0.5,15000.0,0.0,,,,,,176.0,136.0,-20.0,0.0,0.0,20000.0,0.0,0.0,,,,,,,,,,,,,,,,,,,,,,,,,
2027,DISTRICT_MANAGED_2027.xlsx,Traditional,SHIELDS,Elementary,BRIGHTON PARK,Network 8,38.0,,,,476.0,,0.0,1.0,1.0,1.0,1.0,,,0.0,0.0,,0.0,184625.5,5.0,6.0,1.0,0.0,6.0,4.0,,,,,,7.0,2.0,,,,,23:1,689.0,14.0,3.0,1.0,,,,,0.0,0.0,0.0,0.0,1.0,0.0,0.5,0.0,,,0.0,,0.0,0.0,,0.0,0.0,0.0,0.0,0.0,0.0,0.0,0.0,,346.0,,,0.0,,,0.0,0.0,,,0.0,0.0,0.0,1.0,15000.0,0.0,,,,,,393.0,309.0,-37.0,0.0,0.0,20000.0,0.0,0.0,,,,,,,,,,,,,,,,,,,,,,,,,
2027,DISTRICT_MANAGED_2027.xlsx,Traditional,SHOESMITH,Elementary,KENWOOD,Network 9,31.0,,,,377.0,,0.0,1.0,1.0,1.0,1.0,,,1.0,0.0,,0.0,158193.5,5.0,12.0,0.5,0.0,0.0,0.0,,,,,,3.0,1.0,,,,,25:1,605.0,12.0,3.0,1.0,,,,,0.0,0.0,0.0,0.0,0.0,0.0,0.0,0.0,,,0.0,,0.0,0.0,,0.0,0.0,0.0,0.0,0.0,15000.0,0.0,0.0,,293.0,,,0.0,,,0.0,0.0,,,0.0,0.0,0.0,1.0,15000.0,0.0,,,,,,280.0,280.0,-13.0,0.0,1.0,20000.0,0.0,0.0,,,,,,,,,,,,,,,,,,,,,,,,,
2027,DISTRICT_MANAGED_2027.xlsx,Traditional,SHOOP,Elementary,MORGAN PARK,Network 13,34.0,,,,531.0,,0.0,1.0,1.0,1.0,1.0,,,1.0,0.0,,1.0,289807.0,10.0,23.0,1.0,0.0,2.0,2.0,,,,,,4.0,2.0,,,,,25:1,641.0,18.0,4.0,1.0,,,,,0.0,0.0,0.0,0.0,0.0,0.0,0.0,0.0,,,0.0,,0.0,0.0,,0.0,0.0,0.0,0.0,0.0,0.0,0.0,0.0,,442.0,,,0.0,,,0.0,0.0,,,0.0,0.0,1.0,0.0,15000.0,1.0,,,,,,516.0,448.0,6.0,0.0,0.0,20000.0,0.0,0.0,,,,,,,,,,,,,,,,,,,,,,,,,
2027,DISTRICT_MANAGED_2027.xlsx,Traditional,SCHMID,Elementary,PULLMAN,Network 12,35.0,,,,542.0,,0.0,1.0,0.0,1.0,1.0,,,0.0,0.0,,0.0,55503.89,9.0,11.0,0.5,0.0,4.0,2.0,,,,,,2.0,2.0,,,,,25:1,653.0,10.0,3.0,0.0,,,,,0.0,0.0,0.0,1.0,0.0,1.0,0.0,0.0,,,0.0,,0.0,0.0,,0.0,0.0,0.0,0.0,0.0,31000.0,0.0,0.0,,164.0,,,-1.0,,,0.0,0.0,,,0.0,0.0,0.0,0.0,15000.0,0.0,,,,,,194.0,155.0,-9.0,0.0,0.0,20000.0,0.0,0.0,,,,,,,,,,,,,,,,,,,,,,,,,
2027,DISTRICT_MANAGED_2027.xlsx,Traditional,SMYSER,Elementary,PORTAGE PARK,Network 1,22.0,,,,382.5,,1.0,1.0,1.0,2.0,2.0,,,0.0,0.0,,1.0499999999999998,234275.23,12.0,18.0,1.0,0.0,2.0,2.0,,,,,,4.0,2.95,,,,,27:1,497.0,25.0,5.0,2.0,,,,,0.0,0.0,0.0,1.0,0.0,0.0,0.0,0.0,,,0.0,,0.0,0.0,,0.0,0.0,0.0,0.0,0.0,0.0,0.0,0.0,,724.0,,,0.0,,,0.0,0.0,,,0.0,0.0,0.0,1.0,15000.0,0.0,,,,,,705.0,665.0,-59.0,0.0,0.0,40000.0,0.0,0.0,,,,,,,,,,,,,,,,,,,,,,,,,
2027,DISTRICT_MANAGED_2027.xlsx,Traditional,SMYTH,Elementary,NEAR WEST SIDE,Network 6,37.0,,,,553.0,,0.0,1.0,1.0,1.0,1.0,,,0.0,0.0,,2.0,148988.16,10.0,17.0,1.0,0.0,3.0,2.0,,,,,,3.0,2.0,,,,,23:1,677.0,14.0,4.0,1.0,,,,,0.0,0.0,0.0,0.0,0.0,0.0,0.0,0.0,,,2.0,,0.0,0.0,,0.0,0.0,0.0,0.0,0.0,0.0,0.0,0.0,,294.0,,,0.0,,,0.0,0.0,,,1.0,0.0,0.0,0.0,15000.0,1.0,,,,,,365.0,316.0,22.0,0.0,0.0,20000.0,0.0,0.0,,,,,,,,,,,,,,,,,,,,,,,,,
2027,DISTRICT_MANAGED_2027.xlsx,Traditional,SOLOMON,Elementary,NORTH PARK,Network 1,28.0,,,,316.5,,0.0,1.0,1.0,1.0,1.0,,,0.0,0.0,,0.0,209711.16,12.0,25.0,1.0,0.0,1.0,1.0,,,,,,2.0,1.0,,,,,25:1,569.0,10.0,3.0,1.0,,,,,0.0,0.0,0.0,0.0,0.0,0.0,0.0,0.0,,,0.0,,0.0,0.0,,0.0,0.0,0.0,0.0,0.0,0.0,0.0,0.0,,244.0,,,0.0,,,0.0,0.0,,,0.0,0.0,0.0,1.0,15000.0,0.0,,,,,,303.0,233.0,-11.0,0.0,1.0,20000.0,0.0,0.0,,,,,,,,,,,,,,,,,,,,,,,,,
2027,DISTRICT_MANAGED_2027.xlsx,Traditional,SPENCER,Elementary,AUSTIN,Network 3,36.0,,,,503.5,,0.0,1.0,1.0,1.0,1.0,,,3.54,0.0,,0.0,64421.240000000005,6.0,7.0,0.5,0.0,3.46,3.0,,,,,,6.0,2.0,,,,,25:1,665.0,15.0,3.0,1.0,,,,,0.0,0.0,0.0,0.0,0.0,0.0,0.0,0.0,,,0.0,,0.0,0.0,,0.0,0.0,0.0,1.0,0.0,30000.0,0.0,0.0,,382.0,,,0.0,,,0.0,0.0,,,0.0,0.0,0.0,1.0,15000.0,1.0,,,,,,421.0,367.0,-15.0,0.0,0.0,20000.0,0.0,0.0,,,,,,,,,,,,,,,,,,,,,,,,,
2027,DISTRICT_MANAGED_2027.xlsx,Traditional,SPRY ES,Elementary,SOUTH LAWNDALE,Network 16,43.0,,,,459.5,,1.0,1.0,1.0,1.0,1.0,,,0.0,0.0,,1.0,213619.5,6.0,9.0,0.5,0.0,4.0,2.0,,,,,,5.0,2.0,,,,,23:1,749.0,12.0,3.0,1.0,,,,,0.0,0.0,0.0,0.0,0.0,0.0,0.0,0.0,,,0.0,,0.0,0.0,,0.0,0.0,0.0,0.0,0.0,20000.0,0.0,0.0,,287.0,,,0.0,,,0.0,0.0,,,0.0,0.0,0.0,2.0,15000.0,0.0,,,,,,271.0,257.0,-30.0,0.0,0.0,20000.0,0.0,0.0,,,,,,,,,,,,,,,,,,,,,,,,,
2027,DISTRICT_MANAGED_2027.xlsx,Traditional,STEVENSON,Elementary,ASHBURN,Network 10,31.0,,,,432.0,,0.0,1.0,1.0,2.0,2.0,,,0.0,0.0,,2.0,359924.49,14.0,30.0,2.0,0.0,8.0,5.0,,,,,,11.0,3.0,,,,,25:1,605.0,39.0,9.0,2.0,,,,,0.0,0.0,2.0,0.0,1.0,0.0,1.0,0.0,,,0.0,,0.0,0.0,,0.0,0.0,0.0,0.0,0.0,15000.0,0.0,0.0,,1042.0,,,0.0,,,0.0,0.0,,,0.0,0.0,0.0,2.0,15000.0,1.0,,,,,,1116.0,958.0,-84.0,2.0,0.0,60000.0,0.0,0.0,,,,,,,,,,,,,,,,,,,,,,,,,
2027,DISTRICT_MANAGED_2027.xlsx,Traditional,DUNNE,Elementary,ROSELAND,Network 13,34.0,,,,410.0,,0.0,1.0,0.0,1.0,1.0,,,0.0,0.0,,0.0,92468.24,4.0,6.0,0.5,0.0,1.0,1.0,,,,,,2.0,1.0,,,,,25:1,641.0,10.0,3.0,0.0,,,,,0.0,0.0,0.0,1.0,0.0,0.0,0.0,0.0,,,0.0,,0.0,0.0,,0.0,0.0,0.0,0.0,0.0,0.0,0.0,0.0,,187.0,,,-1.0,,,0.0,0.0,,,0.0,0.0,1.0,0.0,15000.0,0.0,,,,,,213.0,197.0,10.0,0.0,0.0,20000.0,0.0,0.0,,,,,,,,,,,,,,,,,,,,,,,,,
2027,DISTRICT_MANAGED_2027.xlsx,Traditional,STOWE,Elementary,HUMBOLDT PARK,Network 5,41.0,,,,465.0,,0.0,1.0,1.0,1.0,2.0,,,3.0,0.0,,0.1499999999999999,170565.41999999998,7.0,17.0,1.0,0.0,7.0,4.0,,,,,,5.0,2.85,,,,,23:1,725.0,21.0,5.0,1.0,,,,,0.0,0.0,0.0,0.0,0.5,0.0,0.0,0.0,,,0.0,,0.0,0.0,,0.0,0.0,0.0,0.0,0.0,0.0,0.0,0.0,,500.0,,,0.0,,,0.0,0.0,,,0.0,0.0,0.0,2.0,15000.0,1.0,,,,,,553.0,474.0,-26.0,0.0,0.0,20000.0,0.0,0.0,,,,,,,,,,,,,,,,,,,,,,,,,
2027,DISTRICT_MANAGED_2027.xlsx,Traditional,NEW SULLIVAN,Elementary,SOUTH CHICAGO,Network 12,40.0,,,,432.0,,0.0,1.0,1.0,1.0,2.0,,,1.0,0.0,,2.0,74800.34000000001,10.0,22.0,1.0,0.0,5.0,3.0,,,,,,4.0,2.0,,,,,23:1,713.0,16.0,4.0,1.0,,,,,0.0,0.0,0.0,0.0,0.0,0.0,0.5,0.0,,,0.0,,0.0,0.0,,0.0,0.0,0.0,0.0,0.0,20000.0,0.0,0.0,,338.0,,,0.0,,,0.0,0.0,,,0.0,0.0,0.0,1.0,15000.0,0.0,,,,,,449.0,360.0,22.0,0.0,0.0,20000.0,0.0,0.0,,,,,,,,,,,,,,,,,,,,,,,,,
2027,DISTRICT_MANAGED_2027.xlsx,Traditional,SUTHERLAND,Elementary,BEVERLY,Network 10,22.0,,,,0.0,,0.0,1.0,1.0,1.0,2.0,,,1.0,0.0,,0.0,146061.0,12.0,24.0,1.0,0.0,0.0,0.0,,,,,,2.0,2.0,,,,,27:1,497.0,25.0,5.0,0.0,,,,,0.0,0.0,0.0,0.0,0.0,1.0,0.0,0.0,,,1.0,,0.0,0.0,,0.0,0.0,0.0,0.0,0.0,0.0,1.0,0.0,,641.0,,,0.0,,,0.0,0.0,,,0.0,0.0,0.0,0.0,15000.0,0.0,,,,,,664.0,664.0,23.0,0.0,0.0,40000.0,0.0,0.0,,,,,,,,,,,,,,,,,,,,,,,,,
2027,DISTRICT_MANAGED_2027.xlsx,Traditional,SWIFT,Elementary,EDGEWATER,Network 2,33.0,,,,415.5,,1.0,1.0,1.0,1.0,1.0,,,0.0,0.0,,1.0,227298.6,14.0,25.0,1.0,0.0,5.0,3.0,,,,,,3.0,1.0,,,,,25:1,629.0,17.0,4.0,1.0,,,,,0.0,0.0,0.0,0.0,1.0,0.0,0.0,0.0,,,0.0,,0.0,0.0,,0.0,0.0,0.0,0.0,0.0,0.0,0.0,0.0,,429.0,,,0.0,,,0.0,0.0,,,0.0,0.0,0.0,2.0,15000.0,0.0,,,,,,520.0,417.0,-12.0,0.0,1.0,20000.0,0.0,0.0,,,,,,,,,,,,,,,,,,,,,,,,,
2027,DISTRICT_MANAGED_2027.xlsx,Traditional,TALCOTT,Elementary,WEST TOWN,Network 6,32.0,,,,344.0,,0.0,1.0,1.0,1.0,1.0,,,2.0,0.0,,1.0,71265.6,12.0,14.0,1.0,0.0,1.0,1.0,,,,,,4.0,2.0,,,,,25:1,617.0,17.0,4.0,1.0,,,,,0.0,0.0,0.0,0.0,0.0,0.0,0.0,0.0,,,0.0,,0.0,0.0,,0.0,0.0,0.0,0.0,0.0,31000.0,1.0,0.0,,428.0,,,0.0,,,0.0,0.0,,,0.0,0.0,0.0,2.0,15000.0,0.0,,,,,,454.0,402.0,-26.0,0.0,0.0,20000.0,0.0,0.0,,,,,,,,,,,,,,,,,,,,,,,,,
2027,DISTRICT_MANAGED_2027.xlsx,Traditional,TAYLOR,Elementary,EAST SIDE,Network 13,40.0,,,,454.0,,1.0,1.0,0.0,1.0,1.0,,,0.0,0.0,,2.6500000000000004,69430.29000000001,7.0,10.0,0.5,0.0,3.0,2.0,,,,,,4.0,1.85,,,,,23:1,713.0,15.0,3.0,1.0,,,,,0.0,0.0,1.0,0.0,0.0,0.0,0.0,0.0,,,0.0,,0.0,0.0,,0.0,0.0,0.0,0.0,0.0,20000.0,0.0,0.0,,309.0,,,0.0,,,-1.0,0.0,,,1.0,0.0,0.0,1.0,15000.0,0.0,,,,,,343.0,324.0,15.0,0.0,0.0,20000.0,0.0,0.0,,,,,,,,,,,,,,,,,,,,,,,,,
2027,DISTRICT_MANAGED_2027.xlsx,Traditional,THORP J,Elementary,SOUTH CHICAGO,Network 12,43.0,,,,514.5,,0.0,1.0,1.0,1.0,1.0,,,0.0,0.0,,0.0,191197.51,10.0,26.0,1.0,0.0,2.0,1.0,,,,,,6.0,1.0,,,,,23:1,749.0,10.0,3.0,0.0,,,,,0.0,0.0,0.0,0.0,0.0,1.0,0.0,0.0,,,0.0,,0.0,0.0,,0.0,0.0,0.0,0.0,0.0,0.0,0.0,0.0,,226.0,,,0.0,,,0.0,0.0,,,0.0,0.0,0.0,1.0,15000.0,1.0,,,,,,291.0,225.0,-1.0,0.0,0.0,20000.0,0.0,0.0,,,,,,,,,,,,,,,,,,,,,,,,,
2027,DISTRICT_MANAGED_2027.xlsx,Traditional,TILTON,Elementary,WEST GARFIELD PARK,Network 5,40.0,,,,503.5,,0.0,1.0,0.0,1.0,1.0,,,0.0,0.0,,1.0,185895.0,5.0,7.0,0.5,0.0,1.0,1.0,,,,,,3.0,2.0,,,,,23:1,713.0,10.0,3.0,0.0,,,,,0.0,0.0,0.0,0.0,0.0,0.0,0.0,0.0,,,0.0,,0.0,0.0,,0.0,0.0,0.0,1.0,0.0,0.0,0.0,0.0,,226.0,,,0.0,,,0.0,0.0,,,0.0,0.0,1.0,0.5,15000.0,1.0,,,,,,236.0,217.0,-9.0,0.0,0.0,20000.0,0.0,0.0,,,,,,,,,,,,,,,,,,,,,,,,,
2027,DISTRICT_MANAGED_2027.xlsx,Traditional,MONARCAS,Elementary,GAGE PARK,Network 8,38.0,,,,437.5,,0.0,1.0,1.0,1.0,2.0,,,0.0,0.0,,0.0,364474.0,7.0,6.0,1.0,0.0,8.0,5.0,,,,,,7.0,3.0,,,,,23:1,689.0,29.0,6.0,2.0,,,,,1.0,0.0,1.0,0.0,1.0,0.0,1.0,2.0,,,0.0,,0.0,0.0,,0.0,0.0,0.0,0.0,0.0,0.0,0.0,0.0,,682.0,,,0.0,,,0.0,0.0,,,0.0,0.0,0.0,2.0,15000.0,0.0,,,,,,767.0,654.0,-28.0,0.0,0.0,40000.0,0.0,0.0,,,,,,,,,,,,,,,,,,,,,,,,,
2027,DISTRICT_MANAGED_2027.xlsx,Traditional,TWAIN,Elementary,GARFIELD RIDGE,Network 10,28.0,,,,399.0,,0.0,1.0,1.0,1.0,2.0,,,1.0,0.0,,1.0,234943.5,8.0,15.0,1.0,0.0,4.0,2.0,,,,,,6.0,1.0,,,,,25:1,569.0,32.0,7.0,2.0,,,,,1.0,0.0,0.0,0.0,0.0,0.0,0.5,0.0,,,0.0,,0.0,0.0,,0.0,0.0,0.0,0.0,0.0,0.0,0.0,0.0,,811.0,,,0.0,,,0.0,0.0,,,3.0,0.0,0.0,1.0,15000.0,0.0,,,,,,836.0,798.0,-13.0,0.0,0.0,40000.0,0.0,0.0,,,,,,,,,,,,,,,,,,,,,,,,,
2027,DISTRICT_MANAGED_2027.xlsx,Traditional,LAVIZZO,Elementary,ROSELAND,Network 13,43.0,,,,503.5,,0.0,1.0,1.0,1.0,2.0,,,1.0,0.0,,1.0,224861.75,6.0,13.0,0.5,0.0,1.0,1.0,,,,,,4.0,2.0,,,,,23:1,749.0,16.0,4.0,1.0,,,,,0.0,0.0,0.0,0.0,0.0,0.0,0.0,0.0,,,1.0,,0.0,0.0,,0.0,0.0,0.0,0.0,0.0,0.0,0.0,0.0,,376.0,,,0.0,,,0.0,0.0,,,0.0,0.0,0.0,0.5,15000.0,1.0,,,,,,383.0,351.0,-25.0,0.0,0.0,20000.0,0.0,0.0,,,,,,,,,,,,,,,,,,,,,,,,,
2027,DISTRICT_MANAGED_2027.xlsx,Traditional,VOLTA,Elementary,ALBANY PARK,Network 1,34.0,,,,388.0,,0.0,1.0,1.0,1.0,2.0,,,2.0,0.0,,0.0,215024.75,10.0,9.0,0.5,0.0,3.0,3.0,,,,,,5.0,2.0,,,,,25:1,641.0,27.0,6.0,2.0,,,,,1.0,0.0,1.0,0.0,0.0,0.0,0.0,0.0,,,0.0,,0.0,0.0,,0.0,0.0,0.0,0.0,0.0,20000.0,0.0,0.0,,688.0,,,0.0,,,0.0,0.0,,,2.0,0.0,0.0,2.0,15000.0,1.0,,,,,,695.0,651.0,-37.0,0.0,1.0,40000.0,0.0,0.0,,,,,,,,,,,,,,,,,,,,,,,,,
2027,DISTRICT_MANAGED_2027.xlsx,Traditional,WADSWORTH,Elementary,WOODLAWN,Network 9,30.0,,,,492.5,,0.0,1.0,1.0,1.0,1.0,,,1.0,0.0,,0.0,65235.85,5.0,10.0,0.5,0.0,6.0,3.0,,,,,,5.0,2.0,,,,,25:1,593.0,17.0,4.0,1.0,,,,,0.0,0.0,0.0,0.0,0.0,0.0,0.0,2.0,,,0.0,,0.0,0.0,,0.0,0.0,0.0,0.0,0.0,20000.0,0.0,0.0,,422.0,,,0.0,,,0.0,0.0,,,3.0,0.0,1.0,0.5,15000.0,0.0,,,,,,470.0,410.0,-12.0,0.0,0.0,20000.0,0.0,0.0,,,,,,,,,,,,,,,,,,,,,,,,,
2027,DISTRICT_MANAGED_2027.xlsx,Traditional,WALSH,Elementary,LOWER WEST SIDE,Network 7,35.0,,,,421.0,,0.0,1.0,0.0,1.0,1.0,,,0.0,0.0,,0.0,250098.5,11.0,17.0,1.0,0.0,2.0,1.0,,,,,,3.0,1.0,,,,,25:1,653.0,10.0,3.0,0.0,,,,,0.0,0.0,0.0,0.0,0.0,0.0,0.0,0.0,,,0.0,,0.0,0.0,,0.0,0.0,0.0,0.0,0.0,15000.0,0.0,0.0,,181.0,,,0.0,,,0.0,0.0,,,0.0,0.0,0.0,1.0,15000.0,0.0,,,,,,231.0,162.0,-19.0,0.0,1.0,20000.0,0.0,0.0,,,,,,,,,,,,,,,,,,,,,,,,,
2027,DISTRICT_MANAGED_2027.xlsx,Traditional,WARD J,Elementary,ARMOUR SQUARE,Network 6,30.0,,,,454.0,,0.0,1.0,1.0,1.0,1.0,,,1.0,0.0,,0.0,307609.37,8.0,9.0,0.5,0.0,2.0,2.0,,,,,,4.0,1.0,,,,,25:1,593.0,18.0,4.0,1.0,,,,,0.0,0.0,0.0,0.0,0.0,0.0,0.0,0.0,,,0.0,,0.0,0.0,,0.0,0.0,0.0,0.0,0.0,0.0,0.0,0.0,,460.0,,,0.0,,,0.0,0.0,,,0.0,0.0,0.0,1.0,15000.0,0.0,,,,,,473.0,437.0,-23.0,0.0,0.0,20000.0,0.0,0.0,,,,,,,,,,,,,,,,,,,,,,,,,
2027,DISTRICT_MANAGED_2027.xlsx,Traditional,WARREN,Elementary,CALUMET HEIGHTS,Network 12,30.0,,,,509.0,,0.0,1.0,1.0,1.0,1.0,,,0.0,0.0,,1.0,163858.53999999998,3.0,6.0,0.0,0.0,1.0,1.0,,,,,,3.0,2.0,,,,,25:1,593.0,12.0,3.0,1.0,,,,,0.0,0.0,0.0,0.0,0.0,0.0,0.0,0.0,,,0.0,,0.0,0.0,,0.0,0.0,0.0,0.0,0.0,0.0,0.0,0.0,,294.0,,,0.0,,,0.0,0.0,,,1.0,0.0,0.0,0.0,15000.0,0.0,,,,,,297.0,278.0,-16.0,0.0,0.0,20000.0,0.0,0.0,,,,,,,,,,,,,,,,,,,,,,,,,
2027,DISTRICT_MANAGED_2027.xlsx,Traditional,WASHINGTON G ES,Elementary,EAST SIDE,Network 13,28.0,,,,415.5,,0.0,1.0,1.0,1.0,1.0,,,0.0,0.0,,2.0,202673.29,6.0,5.0,1.0,0.0,2.0,2.0,,,,,,4.0,2.0,,,,,25:1,569.0,22.0,5.0,1.0,,,,,1.0,0.0,0.0,0.0,0.0,0.0,0.0,0.0,,,0.0,,0.0,0.0,,0.0,0.0,0.0,0.0,0.0,0.0,0.0,0.0,,541.0,,,0.0,,,0.0,0.0,,,2.0,0.0,0.0,1.0,15000.0,0.0,,,,,,573.0,541.0,0.0,0.0,1.0,20000.0,0.0,0.0,,,,,,,,,,,,,,,,,,,,,,,,,
2027,DISTRICT_MANAGED_2027.xlsx,Traditional,WATERS,Elementary,LINCOLN SQUARE,Network 2,17.0,,,,0.0,,1.0,1.0,1.0,1.0,2.0,,,3.0,0.0,,0.0,39865.5,7.0,12.0,1.0,0.0,1.0,1.0,,,,,,4.0,2.0,,,,,27:1,437.0,26.0,6.0,0.0,,,,,0.0,0.0,0.0,0.0,0.0,0.0,0.0,0.0,,,0.0,,0.0,0.0,,0.0,0.0,0.0,0.0,0.0,0.0,1.0,0.0,,680.0,,,0.0,,,0.0,0.0,,,0.0,0.0,0.0,1.0,15000.0,0.0,,,,,,716.0,696.0,16.0,0.0,0.0,40000.0,0.0,0.0,,,,,,,,,,,,,,,,,,,,,,,,,
2027,DISTRICT_MANAGED_2027.xlsx,Traditional,WEBSTER,Elementary,WEST GARFIELD PARK,Network 5,43.0,,,,553.0,,0.0,1.0,0.0,1.0,1.0,,,0.0,0.0,,1.0,89752.6,3.0,3.0,0.0,0.0,2.0,2.0,,,,,,2.0,2.0,,,,,23:1,749.0,10.0,3.0,0.0,,,,,0.0,0.0,0.0,1.0,0.0,0.0,0.0,2.0,,,0.0,,0.0,0.0,,0.0,0.0,0.0,0.0,0.0,0.0,0.0,0.0,,152.0,,,-1.0,,,0.0,0.0,,,0.0,0.0,0.0,0.0,15000.0,0.0,,,,,,186.0,157.0,5.0,0.0,0.0,20000.0,0.0,0.0,,,,,,,,,,,,,,,,,,,,,,,,,
2027,DISTRICT_MANAGED_2027.xlsx,Traditional,WENTWORTH,Elementary,WEST ENGLEWOOD,Network 11,44.0,,,,481.5,,0.0,1.0,1.0,1.0,2.0,,,0.0,0.0,,1.0,276603.25,15.0,16.0,1.0,0.0,3.0,2.0,,,,,,4.0,3.0,,,,,23:1,761.0,16.0,4.0,1.0,,,,,0.0,0.0,0.0,0.0,1.0,0.0,0.0,0.0,,,0.0,,0.0,0.0,,0.0,0.0,0.0,1.0,0.0,50000.0,0.0,0.0,,337.0,,,0.0,,,0.0,0.0,,,0.0,0.0,1.0,1.0,15000.0,1.0,,,,,,452.0,361.0,24.0,0.0,0.0,20000.0,0.0,0.0,,,,,,,,,,,,,,,,,,,,,,,,,
2027,DISTRICT_MANAGED_2027.xlsx,Traditional,WHISTLER,Elementary,WEST PULLMAN,Network 13,37.0,,,,520.0,,0.0,1.0,0.0,1.0,1.0,,,1.0,0.0,,0.0,184268.0,7.0,19.0,0.5,0.0,1.0,1.0,,,,,,2.0,1.0,,,,,23:1,677.0,10.0,3.0,0.0,,,,,0.0,0.0,0.0,0.0,0.0,0.0,0.0,0.0,,,0.0,,0.0,0.0,,0.0,0.0,0.0,0.0,0.0,0.0,0.0,0.0,,189.0,,,0.0,,,0.0,0.0,,,0.0,0.0,0.0,0.0,15000.0,0.0,,,,,,220.0,164.0,-25.0,0.0,0.0,20000.0,0.0,0.0,,,,,,,,,,,,,,,,,,,,,,,,,
2027,DISTRICT_MANAGED_2027.xlsx,Traditional,WHITNEY,Elementary,SOUTH LAWNDALE,Network 7,35.0,,,,459.5,,0.0,1.0,1.0,1.0,1.0,,,0.0,0.0,,1.5,141028.2,7.0,9.0,0.5,0.0,3.0,2.0,,,,,,7.0,2.0,,,,,25:1,653.0,20.0,4.0,1.0,,,,,0.0,0.0,0.0,0.0,1.0,0.0,0.0,0.3399999999999998,,,0.0,,0.0,0.0,,0.0,0.0,0.0,0.0,0.0,0.0,0.0,0.0,,530.0,,,0.0,,,0.0,0.0,,,0.0,0.0,0.0,2.0,15000.0,0.0,,,,,,501.0,476.0,-54.0,0.0,0.0,20000.0,0.0,0.0,,,,,,,,,,,,,,,,,,,,,,,,,
2027,DISTRICT_MANAGED_2027.xlsx,Traditional,WHITTIER,Elementary,LOWER WEST SIDE,Network 7,41.0,,,,393.5,,0.0,1.0,0.0,1.0,1.0,,,0.0,0.0,,2.0,96006.5,3.0,5.0,0.0,0.0,1.0,1.0,,,,,,2.0,1.0,,,,,23:1,725.0,10.0,3.0,0.0,,,,,0.0,0.0,0.0,0.0,0.0,0.0,0.0,0.0,,,0.0,,0.0,0.0,,0.0,0.0,0.0,0.0,0.0,50000.0,0.0,0.0,,201.0,,,0.0,,,0.0,0.0,,,0.0,0.0,0.0,2.0,15000.0,0.0,,,,,,188.0,178.0,-23.0,0.0,0.0,20000.0,0.0,0.0,,,,,,,,,,,,,,,,,,,,,,,,,
2027,DISTRICT_MANAGED_2027.xlsx,Traditional,PRITZKER,Elementary,WEST TOWN,Network 6,17.0,,,,0.0,,1.0,1.0,1.0,1.0,2.0,,,2.0,0.0,,0.0,46162.91,6.0,9.0,1.0,0.0,1.0,1.0,,,,,,4.0,1.0,,,,,27:1,437.0,25.0,5.0,0.0,,,,,0.0,0.0,1.0,0.0,0.0,0.0,0.0,0.0,,,0.0,,1.0,0.0,,0.0,0.0,0.0,0.0,0.0,0.0,0.0,0.0,,657.0,,,0.0,,,0.0,0.0,,,0.0,0.0,0.0,0.5,15000.0,0.0,,,,,,681.0,662.0,5.0,0.0,0.0,40000.0,0.0,0.0,,,,,,,,,,,,,,,,,,,,,,,,,
2027,DISTRICT_MANAGED_2027.xlsx,Traditional,WILDWOOD,Elementary,FOREST GLEN,Network 1,15.0,,,,0.0,,0.0,1.0,1.0,1.0,1.0,,,0.5,0.0,,1.0,50106.09,7.0,12.0,0.5,0.0,2.0,2.0,,,,,,2.0,1.0,,,,,27:1,413.0,18.0,4.0,0.0,,,,,0.0,0.0,0.0,0.0,0.0,0.0,0.0,0.0,,,2.0,,0.0,0.0,,0.0,0.0,0.0,0.0,0.0,0.0,0.0,0.0,,478.0,,,0.0,,,0.0,0.0,,,0.0,0.0,0.0,1.0,15000.0,0.0,,,,,,516.0,478.0,0.0,0.0,0.0,20000.0,0.0,0.0,,,,,,,,,,,,,,,,,,,,,,,,,
2027,DISTRICT_MANAGED_2027.xlsx,Traditional,YATES,Elementary,LOGAN SQUARE,Network 5,38.0,,,,481.5,,0.0,1.0,0.0,1.0,1.0,,,0.0,0.0,,0.0,182436.8,14.0,17.0,1.0,0.0,2.0,1.0,,,,,,2.0,3.0,,,,,23:1,689.0,10.0,3.0,1.0,,,,,0.0,0.0,0.0,1.0,0.0,0.0,0.0,0.0,,,0.0,,0.0,0.0,,0.0,0.0,0.0,0.0,0.0,0.0,0.0,0.0,,214.0,,,-1.0,,,0.0,0.0,,,0.0,0.0,0.0,1.0,15000.0,0.0,,,,,,235.0,185.0,-29.0,0.0,0.0,20000.0,0.0,0.0,,,,,,,,,,,,,,,,,,,,,,,,,
2027,DISTRICT_MANAGED_2027.xlsx,Traditional,YOUNG ES,Elementary,AUSTIN,Network 3,31.0,,,,437.5,,1.0,1.0,1.0,1.0,1.0,,,2.0,0.0,,0.0,116221.0,9.0,11.0,0.5,0.0,2.0,2.0,,,,,,4.0,1.0,,,,,25:1,605.0,15.0,3.0,1.0,,,,,0.0,0.0,0.0,0.0,0.0,0.0,0.0,0.0,,,0.0,,0.0,0.0,,0.0,0.0,0.0,0.0,0.0,30000.0,0.0,0.0,,381.0,,,0.0,,,0.0,0.0,,,0.0,0.0,0.0,1.0,15000.0,1.0,,,,,,382.0,364.0,-17.0,0.0,0.0,20000.0,0.0,0.0,,,,,,,,,,,,,,,,,,,,,,,,,
2027,DISTRICT_MANAGED_2027.xlsx,Traditional,BEETHOVEN,Elementary,GRAND BOULEVARD,Network 9,43.0,,,,531.0,,0.0,1.0,1.0,1.0,1.0,,,1.0,0.0,,0.0,128692.97,7.0,16.0,1.0,0.0,3.0,2.0,,,,,,3.0,2.0,,,,,23:1,749.0,12.0,3.0,0.0,,,,,0.0,0.0,0.0,0.0,0.0,1.0,0.0,0.0,,,0.0,,0.0,0.0,,0.0,0.0,0.0,1.0,0.0,0.0,0.0,0.0,,293.0,,,0.0,,,0.0,0.0,,,0.0,0.0,0.0,0.0,15000.0,1.0,,,,,,293.0,254.0,-39.0,0.0,0.0,20000.0,0.0,0.0,,,,,,,,,,,,,,,,,,,,,,,,,
2027,DISTRICT_MANAGED_2027.xlsx,Traditional,BOND,Elementary,ENGLEWOOD,Network 11,46.0,,,,531.0,,0.0,1.0,0.0,1.0,1.0,,,0.0,0.0,,0.0,227385.25,8.0,5.0,0.5,0.0,1.0,1.0,,,,,,3.0,2.0,,,,,23:1,785.0,10.0,3.0,0.0,,,,,0.0,0.0,0.0,0.0,0.0,0.0,0.0,0.0,,,0.0,,0.0,0.0,,0.0,0.0,0.0,0.0,0.0,75000.0,0.0,0.0,,180.0,,,0.0,,,0.0,0.0,,,1.0,0.0,0.0,0.5,15000.0,1.0,,,,,,213.0,161.0,-19.0,0.0,0.0,20000.0,0.0,0.0,,,,,,,,,,,,,,,,,,,,,,,,,
2027,DISTRICT_MANAGED_2027.xlsx,Traditional,DALEY,Elementary,NEW CITY,Network 8,43.0,,,,437.5,,0.0,1.0,1.0,1.0,2.0,,,0.0,0.0,,2.0,183553.25,5.0,5.0,0.5,0.0,2.0,2.0,,,,,,5.0,2.0,,,,,23:1,749.0,20.0,4.0,1.0,,,,,0.0,0.0,0.0,0.0,0.0,0.0,0.0,0.0,,,0.0,,0.0,0.0,,0.0,0.0,0.0,0.0,0.0,20000.0,0.0,0.0,,477.0,,,0.0,,,0.0,0.0,,,2.0,0.0,0.0,2.0,15000.0,0.0,,,,,,490.0,459.0,-18.0,0.0,0.0,20000.0,0.0,0.0,,,,,,,,,,,,,,,,,,,,,,,,,
2027,DISTRICT_MANAGED_2027.xlsx,Traditional,BRENNEMANN,Elementary,UPTOWN,Network 2,33.0,,,,415.5,,2.0,1.0,1.0,1.0,1.0,,,1.0,0.0,,1.0,195215.87,10.0,17.0,1.0,0.0,5.0,3.0,,,,,,4.0,1.0,,,,,25:1,629.0,15.0,4.0,1.0,,,,,0.0,0.0,0.0,0.0,0.0,0.0,0.0,0.0,,,0.0,,0.0,0.0,,0.0,0.0,0.0,0.0,0.0,0.0,0.0,0.0,,395.0,,,0.0,,,0.0,0.0,,,0.0,0.0,0.0,1.0,15000.0,0.0,,,,,,451.0,373.0,-22.0,0.0,0.0,20000.0,0.0,0.0,,,,,,,,,,,,,,,,,,,,,,,,,
2027,DISTRICT_MANAGED_2027.xlsx,Traditional,CATHER,Elementary,EAST GARFIELD PARK,Network 5,38.0,,,,509.0,,0.0,1.0,1.0,1.0,1.0,,,1.0,0.0,,0.0,135319.0,11.0,19.0,1.0,0.0,4.0,2.0,,,,,,3.0,2.0,,,,,23:1,689.0,11.0,3.0,1.0,,,,,0.0,0.0,0.0,0.0,0.0,0.0,0.0,0.0,,,0.0,,0.0,0.0,,0.0,0.0,0.0,0.0,0.0,30000.0,0.0,0.0,,246.0,,,0.0,,,0.0,0.0,,,0.0,0.0,0.0,0.5,15000.0,0.0,,,,,,326.0,247.0,1.0,0.0,0.0,20000.0,0.0,0.0,,,,,,,,,,,,,,,,,,,,,,,,,
2027,DISTRICT_MANAGED_2027.xlsx,Traditional,DETT,Elementary,NEAR WEST SIDE,Network 6,33.0,,,,542.0,,0.0,1.0,1.0,1.0,1.0,,,1.0,0.0,,0.0,90855.51,9.0,27.0,1.0,0.0,4.0,2.0,,,,,,3.0,2.0,,,,,25:1,629.0,10.0,3.0,0.0,,,,,0.0,0.0,0.0,0.0,0.0,1.0,0.0,0.0,,,0.0,,0.0,0.0,,0.0,0.0,0.0,0.0,0.0,30000.0,0.0,0.0,,243.0,,,0.0,,,0.0,0.0,,,0.0,0.0,0.0,0.0,15000.0,1.0,,,,,,326.0,246.0,3.0,0.0,0.0,20000.0,2.0,0.0,,,,,,,,,,,,,,,,,,,,,,,,,
2027,DISTRICT_MANAGED_2027.xlsx,Traditional,DVORAK,Elementary,NORTH LAWNDALE,Network 7,42.0,,,,492.5,,0.0,1.0,0.0,1.0,1.0,,,0.0,0.0,,0.51,61205.39,4.0,7.0,0.5,0.0,3.0,2.0,,,,,,3.0,1.0,,,,,23:1,737.0,10.0,3.0,1.0,,,,,0.0,0.0,0.0,1.0,0.0,0.0,0.0,0.4900000000000002,,,0.0,,0.0,0.0,,0.0,0.0,0.0,0.0,0.0,5500.0,0.0,0.0,,259.0,,,0.0,,,0.0,0.0,,,0.0,0.0,0.0,0.5,15000.0,0.0,,,,,,242.0,221.0,-38.0,0.0,0.0,20000.0,0.0,0.0,,,,,,,,,,,,,,,,,,,,,,,,,
2027,DISTRICT_MANAGED_2027.xlsx,Traditional,ROBINSON,Elementary,OAKLAND,Network 9,35.0,,,,498.0,,0.0,1.0,0.0,1.0,1.0,,,0.0,0.0,,0.0,58687.0,3.0,3.0,0.0,0.0,3.0,2.0,,,,,,2.0,1.0,,,,,25:1,653.0,4.0,3.0,0.0,,,,,0.0,0.0,0.0,1.0,0.0,0.0,0.0,0.0,,,0.0,,0.0,0.0,,0.0,0.0,0.0,0.0,0.0,50000.0,0.0,0.0,,94.0,,,0.0,,,0.0,0.0,,,0.0,0.0,0.0,0.0,15000.0,0.0,,,,,,122.0,100.0,6.0,0.0,0.0,20000.0,0.0,0.0,,,,,,,,,,,,,,,,,,,,,,,,,
2027,DISTRICT_MANAGED_2027.xlsx,Traditional,MORTON,Elementary,HUMBOLDT PARK,Network 5,33.0,,,,360.5,,5.0,1.0,1.0,1.0,1.0,,,0.0,0.0,,0.17,224192.39,9.0,7.0,0.5,0.0,2.0,2.0,,,,,,3.0,1.83,,,,,25:1,629.0,11.0,3.0,1.0,,,,,0.0,0.0,0.0,0.0,0.0,0.0,0.0,0.0,,,0.0,,1.0,0.0,,0.0,0.0,0.0,0.0,0.0,31000.0,0.0,0.0,,245.0,,,0.0,,,0.0,0.0,,,0.0,0.0,0.0,1.0,15000.0,0.0,,,,,,288.0,266.0,21.0,0.0,0.0,20000.0,0.0,0.0,,,,,,,,,,,,,,,,,,,,,,,,,
2027,DISTRICT_MANAGED_2027.xlsx,Traditional,DULLES,Elementary,GREATER GRAND CROSSING,Network 9,34.0,,,,564.0,,0.0,1.0,1.0,1.0,1.0,,,0.0,0.0,,0.1499999999999999,517723.79,7.0,20.0,1.0,0.0,3.0,3.0,,,,,,5.0,2.85,,,,,25:1,641.0,23.0,5.0,1.0,,,,,1.0,0.0,0.0,0.0,0.0,0.0,1.0,0.0,,,0.0,,0.0,0.0,,0.0,0.0,0.0,0.0,0.0,0.0,0.0,0.0,,621.0,,,0.0,,,0.0,0.0,,,0.0,0.0,0.0,0.0,15000.0,0.0,,,,,,597.0,553.0,-68.0,0.0,0.0,20000.0,0.0,0.0,,,,,,,,,,,,,,,,,,,,,,,,,
2027,DISTRICT_MANAGED_2027.xlsx,Traditional,BRONZEVILLE CLASSICAL,Elementary,GRAND BOULEVARD,Network 9,22.0,,,,0.0,,0.0,1.0,1.0,1.0,1.0,,,0.0,0.0,,1.0,161712.44,2.0,7.0,0.0,0.0,0.0,0.0,,,,,,3.0,1.0,,,,,27:1,497.0,17.0,4.0,0.0,,,,,0.0,0.0,0.0,0.0,0.0,0.0,0.0,0.0,,,0.0,,0.0,1.0,,0.0,0.0,0.0,0.0,0.0,0.0,0.0,0.0,,457.0,,,0.0,,,0.0,0.0,,,0.0,0.0,0.0,0.0,15000.0,0.0,,,,,,441.0,441.0,-16.0,0.0,0.0,20000.0,0.0,0.0,,,,,,,,,,,,,,,,,,,,,,,,,
2027,DISTRICT_MANAGED_2027.xlsx,Traditional,ASHE,Elementary,CHATHAM,Network 12,40.0,,,,415.5,,0.0,1.0,1.0,1.0,1.0,,,0.0,0.0,,1.0,224541.92,4.0,12.0,0.5,0.0,2.0,2.0,,,,,,3.0,2.0,,,,,23:1,713.0,15.0,3.0,1.0,,,,,0.0,0.0,0.0,0.0,0.0,0.0,0.0,0.0,,,0.0,,0.0,0.0,,0.0,0.0,0.0,0.0,0.0,30000.0,0.0,0.0,,348.0,,,0.0,,,0.0,0.0,,,0.0,0.0,0.0,1.0,15000.0,0.0,,,,,,355.0,329.0,-19.0,0.0,0.0,20000.0,0.0,0.0,,,,,,,,,,,,,,,,,,,,,,,,,
2027,DISTRICT_MANAGED_2027.xlsx,Traditional,MCCUTCHEON,Elementary,UPTOWN,Network 2,32.0,,,,437.5,,0.0,1.0,0.0,2.0,1.0,,,1.0,0.0,,0.0,28542.81,13.0,27.0,1.0,0.0,4.0,2.0,,,,,,4.0,3.0,,,,,25:1,617.0,10.0,3.0,1.0,,,,,0.0,0.0,0.0,0.94,0.0,0.0,0.0,0.0600000000000005,,,0.0,,0.0,0.0,,0.0,0.0,0.0,0.0,0.0,0.0,0.0,0.0,,230.0,,,-1.0,,,0.0,0.0,,,0.0,0.0,1.0,1.0,15000.0,0.0,,,,,,317.0,216.0,-14.0,0.0,0.0,20000.0,0.0,0.0,,,,,,,,,,,,,,,,,,,,,,,,,
2027,DISTRICT_MANAGED_2027.xlsx,Traditional,JOHNSON,Elementary,NORTH LAWNDALE,Network 5,44.0,,,,520.0,,0.0,1.0,0.0,1.0,1.0,,,0.0,0.0,,2.0,51646.6,7.0,8.0,0.5,0.0,1.0,1.0,,,,,,3.0,2.0,,,,,23:1,761.0,10.0,3.0,0.0,,,,,0.0,0.0,0.0,0.0,0.0,0.0,0.0,0.0,,,0.0,,0.0,0.0,,0.0,0.0,0.0,0.0,0.0,0.0,0.0,0.0,,180.0,,,0.0,,,0.0,0.0,,,0.0,0.0,2.0,0.5,15000.0,0.0,,,,,,220.0,197.0,17.0,0.0,0.0,20000.0,0.0,0.0,,,,,,,,,,,,,,,,,,,,,,,,,
2027,DISTRICT_MANAGED_2027.xlsx,Traditional,MOLLISON,Elementary,GRAND BOULEVARD,Network 9,39.0,,,,520.0,,0.0,1.0,0.0,1.0,1.0,,,0.0,0.0,,0.0,223009.0,4.0,7.0,0.0,0.0,1.0,1.0,,,,,,4.0,2.0,,,,,23:1,701.0,10.0,3.0,0.0,,,,,0.0,0.0,1.0,0.0,0.0,0.0,0.0,0.0,,,1.0,,0.0,0.0,,0.0,0.0,0.0,0.0,0.0,30000.0,0.0,0.0,,216.0,,,0.0,,,0.0,0.0,,,0.0,0.0,0.0,0.0,15000.0,1.0,,,,,,214.0,202.0,-14.0,0.0,0.0,20000.0,0.0,0.0,,,,,,,,,,,,,,,,,,,,,,,,,
2027,DISTRICT_MANAGED_2027.xlsx,Traditional,TANNER,Elementary,GREATER GRAND CROSSING,Network 12,37.0,,,,514.5,,0.0,1.0,0.0,1.0,1.0,,,0.0,0.0,,0.0,89984.5,5.0,13.0,0.5,0.0,4.0,2.0,,,,,,4.0,1.0,,,,,23:1,677.0,11.0,3.0,1.0,,,,,0.0,0.0,0.0,1.0,0.0,0.0,0.0,0.0,,,0.0,,0.0,1.0,,0.0,0.0,0.0,0.0,0.0,31000.0,0.0,0.0,,257.0,,,-1.0,,,0.0,0.0,,,0.0,0.0,0.0,0.0,15000.0,0.0,,,,,,247.0,231.0,-26.0,0.0,0.0,20000.0,0.0,0.0,,,,,,,,,,,,,,,,,,,,,,,,,
2027,DISTRICT_MANAGED_2027.xlsx,Traditional,POWELL,Elementary,SOUTH SHORE,Network 12,32.0,,,,503.5,,0.0,1.0,1.0,1.0,1.0,,,0.0,0.0,,0.0,310600.5,9.0,14.0,0.5,0.0,2.0,2.0,,,,,,3.0,3.0,,,,,25:1,617.0,21.0,5.0,1.0,,,,,1.0,0.0,0.0,0.0,0.0,0.0,1.0,0.0,,,0.0,,0.0,0.0,,0.0,0.0,0.0,0.0,0.0,30000.0,0.0,0.0,,519.0,,,0.0,,,0.0,0.0,,,0.0,0.0,0.0,1.0,15000.0,1.0,,,,,,550.0,520.0,1.0,0.0,0.0,20000.0,0.0,0.0,,,,,,,,,,,,,,,,,,,,,,,,,
2027,DISTRICT_MANAGED_2027.xlsx,Traditional,MCNAIR,Elementary,AUSTIN,Network 3,41.0,,,,481.5,,0.0,1.0,1.0,1.0,1.0,,,2.0,0.0,,0.0,149939.0,12.0,52.0,1.0,0.0,3.0,2.0,,,,,,3.0,1.0,,,,,23:1,725.0,11.0,4.0,1.0,,,,,0.0,0.0,0.0,0.0,0.0,0.0,0.0,0.0,,,0.0,,0.0,0.0,,0.0,0.0,0.0,1.0,0.0,15000.0,0.0,0.0,,264.0,,,0.0,,,0.0,0.0,,,0.0,0.0,0.0,1.0,15000.0,0.0,,,,,,342.0,253.0,-11.0,0.0,0.0,20000.0,0.0,0.0,,,,,,,,,,,,,,,,,,,,,,,,,
2027,DISTRICT_MANAGED_2027.xlsx,Traditional,MAYS,Elementary,ENGLEWOOD,Network 11,41.0,,,,503.5,,0.0,1.0,0.0,1.0,1.0,,,0.0,0.0,,0.0,125565.62,4.0,8.0,0.5,0.0,1.0,1.0,,,,,,4.0,2.0,,,,,23:1,725.0,11.0,3.0,0.0,,,,,0.0,0.0,0.0,1.0,0.0,0.0,0.0,0.0,,,0.0,,0.0,0.0,,0.0,0.0,0.0,0.0,0.0,75000.0,0.0,0.0,,263.0,,,0.0,,,0.0,0.0,,,0.0,0.0,0.0,0.5,15000.0,1.0,,,,,,254.0,242.0,-21.0,0.0,0.0,20000.0,0.0,0.0,,,,,,,,,,,,,,,,,,,,,,,,,
2027,DISTRICT_MANAGED_2027.xlsx,Traditional,LEE,Elementary,WEST LAWN,ISP,35.0,,,,432.0,,0.0,1.0,1.0,1.0,1.0,,,1.0,0.0,,0.0,239014.61,5.0,11.0,1.0,0.0,0.0,0.0,,,,,,8.0,3.0,,,,,25:1,653.0,22.0,5.0,1.0,,,,,1.0,0.0,1.0,0.0,1.0,0.0,0.0,0.0,,,0.0,,0.0,0.0,,0.0,0.0,0.0,0.0,0.0,0.0,0.0,0.0,,580.0,,,0.0,,,0.0,0.0,,,0.0,0.0,0.0,1.0,15000.0,0.0,,,,,,536.0,536.0,-44.0,0.0,0.0,20000.0,0.0,0.0,,,,,,,,,,,,,,,,,,,,,,,,,
2027,DISTRICT_MANAGED_2027.xlsx,Traditional,MELODY,Elementary,WEST GARFIELD PARK,Network 5,41.0,,,,509.0,,0.0,1.0,1.0,2.0,1.0,,,0.0,0.0,,2.5,166188.26,6.0,12.0,0.5,0.0,2.0,2.0,,,,,,5.0,3.0,,,,,23:1,725.0,13.0,3.0,1.0,,,,,0.0,0.0,0.0,0.0,0.0,0.0,0.0,2.0,,,0.0,,0.0,0.0,,0.0,0.0,0.0,0.0,0.0,15000.0,0.0,0.0,,293.0,,,-1.0,,,0.0,0.0,,,0.0,0.0,1.0,0.5,15000.0,0.0,,,,,,331.0,280.0,-13.0,0.0,0.0,20000.0,0.0,0.0,,,,,,,,,,,,,,,,,,,,,,,,,
2027,DISTRICT_MANAGED_2027.xlsx,Traditional,KING ES,Elementary,ENGLEWOOD,Network 11,43.0,,,,509.0,,0.0,1.0,0.0,1.0,1.0,,,0.0,0.0,,1.0,193705.75,5.0,5.0,0.0,0.0,1.0,1.0,,,,,,2.0,1.0,,,,,23:1,749.0,10.0,3.0,0.0,,,,,0.0,0.0,0.0,0.0,0.0,0.0,0.0,0.0,,,0.0,,0.0,0.0,,0.0,0.0,0.0,0.0,0.0,75000.0,0.0,0.0,,198.0,,,0.0,,,0.0,0.0,,,0.0,0.0,0.0,0.5,15000.0,1.0,,,,,,231.0,219.0,21.0,0.0,0.0,20000.0,0.0,0.0,,,,,,,,,,,,,,,,,,,,,,,,,
2027,DISTRICT_MANAGED_2027.xlsx,Traditional,WESTCOTT,Elementary,CHATHAM,Network 11,36.0,,,,520.0,,0.0,1.0,1.0,1.0,1.0,,,0.5,0.0,,1.0,182276.9,8.0,11.0,0.5,0.0,5.0,3.0,,,,,,4.0,1.0,,,,,25:1,665.0,12.0,3.0,1.0,,,,,0.0,0.0,0.0,0.0,0.0,0.0,0.0,0.0,,,0.0,,0.0,0.0,,0.0,0.0,0.0,0.0,0.0,0.0,0.0,0.0,,323.0,,,0.0,,,0.0,0.0,,,0.0,0.0,0.0,0.5,15000.0,0.0,,,,,,359.0,295.0,-28.0,0.0,0.0,20000.0,0.0,0.0,,,,,,,,,,,,,,,,,,,,,,,,,
2027,DISTRICT_MANAGED_2027.xlsx,Traditional,LELAND,Elementary,AUSTIN,Network 3,42.0,,,,492.5,,0.0,1.0,1.0,1.0,2.0,,,2.0,0.0,,0.0,82243.0,7.0,19.0,1.0,0.0,6.0,3.0,,,,,,5.0,3.0,,,,,23:1,737.0,17.0,4.0,1.0,,,,,0.0,0.0,0.0,0.0,0.0,0.0,1.0,0.0,,,0.0,,0.0,0.0,,0.0,0.0,0.0,0.0,0.0,30000.0,0.0,0.0,,296.0,,,0.0,,,0.0,0.0,,,0.0,0.0,1.0,1.0,15000.0,0.0,,,,,,441.0,387.0,91.0,0.0,0.0,20000.0,0.0,0.0,,,,,,,,,,,,,,,,,,,,,,,,,
2027,DISTRICT_MANAGED_2027.xlsx,Traditional,MCDOWELL,Elementary,CALUMET HEIGHTS,ISP,31.0,,,,454.0,,0.0,1.0,0.0,1.0,1.0,,,0.0,0.0,,1.0,83881.11,4.0,6.0,0.0,0.0,1.0,1.0,,,,,,2.0,1.0,,,,,25:1,605.0,6.0,3.0,0.0,,,,,0.0,0.0,0.0,0.0,0.0,0.0,0.0,0.0,,,0.0,,0.0,0.0,,0.0,0.0,0.0,0.0,0.0,0.0,0.0,0.0,,98.0,,,0.0,,,0.0,0.0,,,0.0,0.0,0.0,0.0,15000.0,0.0,,,,,,100.0,86.0,-12.0,0.0,0.0,20000.0,0.0,0.0,,,,,,,,,,,,,,,,,,,,,,,,,
2027,DISTRICT_MANAGED_2027.xlsx,Traditional,WHITE,Elementary,WEST PULLMAN,Network 13,39.0,,,,531.0,,0.0,1.0,0.0,1.0,1.0,,,0.0,0.0,,0.0,130308.6,3.0,5.0,0.0,0.0,1.0,1.0,,,,,,2.0,1.0,,,,,23:1,701.0,10.0,3.0,0.0,,,,,0.0,0.0,0.0,1.0,0.0,0.0,0.0,0.0,,,0.0,,0.0,0.0,,0.0,0.0,0.0,0.0,0.0,0.0,0.0,0.0,,99.0,,,-1.0,,,0.0,0.0,,,0.0,0.0,0.0,0.0,15000.0,0.0,,,,,,120.0,107.0,8.0,0.0,0.0,20000.0,0.0,0.0,,,,,,,,,,,,,,,,,,,,,,,,,
2027,DISTRICT_MANAGED_2027.xlsx,Traditional,EARHART,Elementary,CALUMET HEIGHTS,Network 12,27.0,,,,382.5,,0.0,1.0,0.0,1.0,1.0,,,0.0,0.0,,1.0,114403.7,4.0,3.0,0.0,0.0,0.0,0.0,,,,,,2.0,2.0,,,,,25:1,557.0,10.0,3.0,0.0,,,,,0.0,0.0,0.0,0.0,0.0,0.0,0.0,0.0,,,0.0,,0.0,0.0,,0.0,0.0,0.0,0.0,0.0,0.0,0.0,0.0,,194.0,,,0.0,,,0.0,0.0,,,0.0,0.0,1.0,0.0,15000.0,0.0,,,,,,206.0,206.0,12.0,0.0,0.0,20000.0,0.0,0.0,,,,,,,,,,,,,,,,,,,,,,,,,
2027,DISTRICT_MANAGED_2027.xlsx,Traditional,BRIGHTON PARK,Elementary,BRIGHTON PARK,Network 8,40.0,,,,443.0,,0.0,1.0,1.0,1.0,1.0,,,1.0,0.0,,0.0,90349.13,7.0,8.0,0.5,0.0,1.0,1.0,,,,,,3.0,1.0,,,,,23:1,713.0,13.0,3.0,1.0,,,,,0.0,0.0,0.81,0.0,0.0,0.0,0.0,0.1899999999999999,,,0.0,,0.0,0.0,,0.0,0.0,0.0,0.0,0.0,20000.0,0.0,0.0,,279.0,,,0.0,,,0.0,0.0,,,1.0,0.0,0.0,1.0,15000.0,0.0,,,,,,304.0,289.0,10.0,0.0,0.0,20000.0,0.0,0.0,,,,,,,,,,,,,,,,,,,,,,,,,
2027,DISTRICT_MANAGED_2027.xlsx,Traditional,EVERGREEN,Elementary,MCKINLEY PARK,Network 8,40.0,,,,437.5,,0.0,1.0,0.0,1.0,1.0,,,0.0,0.0,,0.0,196069.65,3.0,4.0,0.0,0.0,0.0,0.0,,,,,,2.0,1.0,,,,,23:1,713.0,8.0,3.0,0.0,,,,,0.0,0.0,0.0,1.0,0.0,0.0,0.0,0.0,,,0.0,,0.0,0.0,,0.0,0.0,0.0,0.0,0.0,0.0,0.0,0.0,,188.0,,,-2.0,,,0.0,0.0,,,0.0,0.0,1.0,1.0,15000.0,0.0,,,,,,176.0,176.0,-12.0,0.0,1.0,20000.0,0.0,0.0,,,,,,,,,,,,,,,,,,,,,,,,,
2027,DISTRICT_MANAGED_2027.xlsx,Traditional,STAGG,Elementary,ENGLEWOOD,Network 11,43.0,,,,492.5,,0.0,1.0,1.0,1.0,1.0,,,1.0,0.0,,1.15,113172.5,10.0,11.0,1.0,0.0,4.0,2.0,,,,,,4.0,0.85,,,,,23:1,749.0,15.0,3.0,1.0,,,,,0.0,0.0,1.0,0.0,0.0,0.0,0.0,0.0,,,0.0,,0.0,0.0,,0.0,0.0,0.0,0.0,0.0,15000.0,0.0,0.0,,336.0,,,0.0,,,0.0,0.0,,,0.0,0.0,0.0,1.0,15000.0,0.0,,,,,,396.0,337.0,1.0,0.0,0.0,20000.0,0.0,0.0,,,,,,,,,,,,,,,,,,,,,,,,,
2027,DISTRICT_MANAGED_2027.xlsx,Traditional,WOODSON,Elementary,GRAND BOULEVARD,Network 9,35.0,,,,542.0,,0.0,1.0,1.0,1.0,1.0,,,0.0,0.0,,1.0,236986.93,10.0,16.0,1.0,0.0,1.0,1.0,,,,,,4.0,2.0,,,,,25:1,653.0,11.0,3.0,0.0,,,,,0.0,0.0,0.0,0.0,0.0,0.0,0.0,0.0,,,0.0,,0.0,0.0,,0.0,0.0,0.0,0.0,0.0,30000.0,0.0,0.0,,241.0,,,0.0,,,0.0,0.0,,,0.0,0.0,0.0,0.0,15000.0,1.0,,,,,,308.0,251.0,10.0,0.0,0.0,20000.0,0.0,0.0,,,,,,,,,,,,,,,,,,,,,,,,,
2027,DISTRICT_MANAGED_2027.xlsx,Traditional,EVERS,Elementary,WASHINGTON HEIGHTS,Network 11,34.0,,,,509.0,,1.0,1.0,0.0,1.0,1.0,,,0.0,0.0,,0.0,169587.5,5.0,6.0,0.0,0.0,2.0,2.0,,,,,,3.0,1.0,,,,,25:1,641.0,10.0,3.0,0.0,,,,,0.0,0.0,0.0,0.0,0.0,0.0,0.0,0.0,,,0.0,,0.0,0.0,,0.0,0.0,0.0,0.0,0.0,5500.0,0.0,0.0,,208.0,,,0.0,,,0.0,0.0,,,1.0,0.0,0.0,0.0,15000.0,0.0,,,,,,216.0,194.0,-14.0,0.0,0.0,20000.0,0.0,0.0,,,,,,,,,,,,,,,,,,,,,,,,,
2027,DISTRICT_MANAGED_2027.xlsx,Traditional,DUBOIS,Elementary,RIVERDALE,Network 13,40.0,,,,536.5,,1.0,1.0,0.0,1.0,1.0,,,0.0,0.0,,1.0,168945.5,5.0,8.0,0.0,0.0,1.0,1.0,,,,,,1.0,1.0,,,,,23:1,713.0,10.0,3.0,0.0,,,,,0.0,0.0,0.0,0.0,0.0,0.0,0.0,0.0,,,0.0,,0.0,0.0,,0.0,0.0,0.0,0.0,0.0,0.0,0.0,0.0,,185.0,,,0.0,,,0.0,0.0,,,0.0,0.0,0.0,0.0,15000.0,0.0,,,,,,194.0,183.0,-2.0,0.0,0.0,20000.0,0.0,0.0,,,,,,,,,,,,,,,,,,,,,,,,,
2027,DISTRICT_MANAGED_2027.xlsx,Traditional,WACKER,Elementary,WASHINGTON HEIGHTS,ISP,32.0,,,,448.5,,0.0,1.0,0.0,1.0,1.0,,,1.0,0.0,,0.0,111802.6,7.0,13.0,0.5,0.0,1.0,1.0,,,,,,2.0,1.0,,,,,25:1,617.0,10.0,3.0,0.0,,,,,0.0,0.0,0.0,0.0,0.0,0.0,0.0,0.0,,,0.0,,0.0,0.0,,0.0,0.0,0.0,0.0,0.0,0.0,0.0,0.0,,201.0,,,0.0,,,0.0,0.0,,,0.0,0.0,0.0,0.0,15000.0,0.0,,,,,,192.0,180.0,-21.0,0.0,0.0,20000.0,0.0,0.0,,,,,,,,,,,,,,,,,,,,,,,,,
2027,DISTRICT_MANAGED_2027.xlsx,Traditional,DEPRIEST,Elementary,AUSTIN,Network 3,44.0,,,,531.0,,0.0,1.0,1.0,1.0,2.0,,,1.0,0.0,,1.15,178068.71000000002,13.0,25.0,1.0,0.0,3.0,2.0,,,,,,3.0,1.85,,,,,23:1,761.0,13.0,4.0,1.0,,,,,0.0,0.0,0.0,0.0,0.0,0.0,0.0,0.0,,,1.0,,0.0,0.0,,0.0,0.0,0.0,1.0,0.0,30000.0,0.0,0.0,,324.0,,,0.0,,,0.0,0.0,,,1.0,0.0,0.0,0.5,15000.0,1.0,,,,,,387.0,296.0,-28.0,0.0,0.0,20000.0,0.0,0.0,,,,,,,,,,,,,,,,,,,,,,,,,
2027,DISTRICT_MANAGED_2027.xlsx,Traditional,JACKSON M,Elementary,AUBURN GRESHAM,Network 11,39.0,,,,520.0,,0.0,1.0,1.0,1.0,1.0,,,0.0,0.0,,1.0,233466.5,11.0,22.0,1.0,0.0,3.0,2.0,,,,,,4.0,1.0,,,,,23:1,701.0,11.0,3.0,0.0,,,,,0.0,0.0,0.0,0.0,0.0,0.0,0.0,0.0,,,0.0,,0.0,0.0,,0.0,0.0,0.0,0.0,0.0,75000.0,0.0,0.0,,243.0,,,0.0,,,0.0,0.0,,,0.0,0.0,0.0,0.0,15000.0,1.0,,,,,,312.0,238.0,-5.0,0.0,0.0,20000.0,0.0,0.0,,,,,,,,,,,,,,,,,,,,,,,,,
2027,DISTRICT_MANAGED_2027.xlsx,Traditional,FAIRFIELD,Elementary,CHICAGO LAWN,Network 10,41.0,,,,454.0,,0.0,1.0,1.0,1.0,2.0,,,1.0,0.0,,1.0,205183.5,7.0,13.0,0.5,0.0,1.0,1.0,,,,,,3.0,2.0,,,,,23:1,725.0,20.0,4.0,1.0,,,,,0.0,0.0,0.0,0.0,0.0,0.0,0.0,0.0,,,1.0,,0.0,0.0,,0.0,0.0,0.0,0.0,0.0,20000.0,0.0,0.0,,465.0,,,0.0,,,0.0,0.0,,,1.0,0.0,0.0,1.0,15000.0,0.0,,,,,,465.0,448.0,-17.0,0.0,0.0,20000.0,0.0,0.0,,,,,,,,,,,,,,,,,,,,,,,,,
2027,DISTRICT_MANAGED_2027.xlsx,Traditional,SANDOVAL,Elementary,GAGE PARK,Network 8,36.0,,,,470.5,,0.0,1.0,1.0,1.0,2.0,,,0.0,0.0,,1.0,459281.0,10.0,13.0,1.0,0.0,3.0,3.67,,,,,,7.0,1.0,,,,,25:1,665.0,26.0,6.0,2.0,,,,,1.0,0.0,0.0,0.0,1.0,0.0,0.0,0.0,,,0.0,,0.0,0.0,,0.0,0.0,0.0,0.0,0.0,20000.0,0.0,0.0,,685.0,,,0.0,,,0.0,0.0,,,0.33,0.0,0.0,2.0,15000.0,0.0,,,,,,705.0,648.0,-37.0,0.0,0.0,40000.0,0.0,0.0,,,,,,,,,,,,,,,,,,,,,,,,,
2027,DISTRICT_MANAGED_2027.xlsx,Traditional,COLEMON,Elementary,WEST PULLMAN,Network 13,36.0,,,,454.0,,0.0,1.0,0.0,1.0,1.0,,,1.0,0.0,,0.0,118307.0,4.0,10.0,0.0,0.0,1.0,1.0,,,,,,2.0,1.0,,,,,25:1,665.0,10.0,3.0,0.0,,,,,0.0,0.0,0.0,0.0,0.0,0.0,0.0,0.0,,,0.0,,0.0,0.0,,0.0,0.0,0.0,0.0,0.0,0.0,0.0,0.0,,151.0,,,0.0,,,0.0,0.0,,,0.0,0.0,0.0,0.0,15000.0,0.0,,,,,,169.0,151.0,0.0,0.0,0.0,20000.0,0.0,0.0,,,,,,,,,,,,,,,,,,,,,,,,,
2027,DISTRICT_MANAGED_2027.xlsx,Traditional,BELMONT-CRAGIN,Elementary,BELMONT CRAGIN,Network 3,37.0,,,,465.0,,0.0,1.0,1.0,1.0,1.0,,,0.0,1.0,,0.0,216567.08,7.0,12.0,1.0,0.0,9.0,6.0,,,,,,3.0,2.0,,,,,23:1,677.0,17.0,4.0,1.0,,,,,0.0,0.0,0.0,0.0,0.0,0.0,0.0,1.0,,,0.0,,0.0,0.0,,0.0,0.0,0.0,0.0,0.0,15000.0,0.0,0.0,,384.0,,,0.0,,,0.0,0.0,,,0.0,0.0,0.0,2.0,15000.0,0.0,,,,,,550.0,388.0,4.0,0.0,0.0,20000.0,0.0,0.0,,,,,,,,,,,,,,,,,,,,,,,,,
2027,DISTRICT_MANAGED_2027.xlsx,Traditional,TALMAN,Elementary,GAGE PARK,Network 8,39.0,,,,470.5,,1.0,1.0,1.0,1.0,1.0,,,1.0,0.0,,0.0,99653.31,6.0,13.0,0.5,0.0,3.0,2.0,,,,,,3.0,2.0,,,,,23:1,701.0,13.0,3.0,1.0,,,,,0.0,0.0,0.0,0.0,0.0,0.0,0.0,0.0,,,0.0,,0.0,0.0,,0.0,0.0,0.0,0.0,0.0,0.0,0.0,0.0,,294.0,,,0.0,,,0.0,0.0,,,1.0,0.0,0.0,1.0,15000.0,0.0,,,,,,327.0,288.0,-6.0,0.0,0.0,20000.0,0.0,0.0,,,,,,,,,,,,,,,,,,,,,,,,,
2027,DISTRICT_MANAGED_2027.xlsx,Traditional,TARKINGTON,Elementary,CHICAGO LAWN,Network 10,42.0,,,,476.0,,0.0,1.0,1.0,1.0,2.0,,,0.0,0.0,,3.0,233957.65,11.0,16.0,1.0,0.0,2.0,2.0,,,,,,8.0,3.0,,,,,23:1,737.0,31.0,7.0,2.0,,,,,1.0,0.0,0.0,0.0,1.0,0.0,1.0,0.0,,,0.0,,0.0,0.0,,0.0,0.0,0.0,0.0,0.0,0.0,0.0,0.0,,772.0,,,0.0,,,0.0,0.0,,,1.0,0.0,0.0,2.0,15000.0,0.0,,,,,,717.0,702.0,-70.0,2.0,0.0,40000.0,0.0,0.0,,,,,,,,,,,,,,,,,,,,,,,,,
2027,DISTRICT_MANAGED_2027.xlsx,Traditional,CALMECA,Elementary,BRIGHTON PARK,Network 8,39.0,,,,470.5,,0.0,1.0,1.0,1.0,2.0,,,0.0,0.0,,0.0,360204.76,7.0,12.0,1.0,0.0,4.0,2.0,,,,,,5.0,2.0,,,,,23:1,701.0,24.0,5.0,1.0,,,,,1.0,0.0,1.0,0.0,0.0,0.0,0.0,0.0,,,0.0,,0.0,0.0,,0.0,0.0,0.0,0.0,0.0,0.0,0.0,0.0,,556.0,,,0.0,,,0.0,0.0,,,2.0,0.0,0.0,2.0,15000.0,0.0,,,,,,578.0,531.0,-25.0,0.0,1.0,20000.0,0.0,0.0,,,,,,,,,,,,,,,,,,,,,,,,,
2027,DISTRICT_MANAGED_2027.xlsx,Traditional,DURKIN PARK,Elementary,ASHBURN,Network 10,31.0,,,,399.0,,0.0,1.0,1.0,1.0,1.0,,,3.47,0.0,,0.0,158186.27,8.0,12.0,1.0,0.0,9.53,5.0,,,,,,4.0,2.0,,,,,25:1,605.0,24.0,5.0,1.0,,,,,1.0,0.0,0.0,0.0,0.0,0.0,0.0,0.0,,,0.0,,0.0,0.0,,0.0,0.0,0.0,0.0,0.0,0.0,0.0,0.0,,577.0,,,0.0,,,0.0,0.0,,,0.0,0.0,0.0,1.0,15000.0,0.0,,,,,,687.0,578.0,1.0,0.0,1.0,20000.0,0.0,0.0,,,,,,,,,,,,,,,,,,,,,,,,,
2027,DISTRICT_MANAGED_2027.xlsx,Traditional,NORTH RIVER,Elementary,ALBANY PARK,Network 1,38.0,,,,366.0,,0.0,1.0,1.0,1.0,1.0,,,1.5,0.0,,0.0,78219.0,6.0,8.0,0.5,0.0,2.0,1.0,,,,,,5.0,2.0,,,,,23:1,689.0,12.0,3.0,1.0,,,,,0.0,0.0,0.0,0.0,0.0,0.0,0.0,0.0,,,0.0,,0.0,0.0,,0.0,0.0,0.0,0.0,0.0,15000.0,0.0,0.0,,265.0,,,0.0,,,0.0,0.0,,,0.0,0.0,0.0,1.0,15000.0,0.0,,,,,,330.0,273.0,8.0,0.0,0.0,20000.0,0.0,0.0,,,,,,,,,,,,,,,,,,,,,,,,,
2027,DISTRICT_MANAGED_2027.xlsx,Traditional,UPLIFT HS,High,UPTOWN,Network 14,38.0,,,,476.0,,0.0,1.0,0.0,1.0,1.0,,,0.0,0.0,,2.5,67985.33,11.0,28.0,1.0,0.0,0.0,0.0,,,,,,2.0,3.0,,,,,19:1,1581.0,12.0,0.0,1.0,,,,,0.0,0.0,0.0,1.0,1.0,0.0,0.0,0.0,,,0.0,,0.0,0.0,,0.0,0.0,0.0,0.0,0.0,75000.0,0.0,0.0,,200.0,,,0.0,,,0.0,0.0,,,0.0,1.0,1.0,0.5,15000.0,1.0,,,,,,236.0,210.0,10.0,0.0,0.0,20000.0,0.0,0.0,,,,,,,,,,,,,,,,,,,,,,,,,
2027,DISTRICT_MANAGED_2027.xlsx,Traditional,SUDER,Elementary,NEAR WEST SIDE,Network 6,28.0,,,,316.5,,0.0,1.0,1.0,1.0,1.0,,,1.0,0.0,,1.0,72259.34,7.0,11.0,0.5,0.0,4.5,0.0,,,,,,2.0,1.0,,,,,25:1,569.0,15.0,3.0,1.0,,,,,0.0,0.0,0.0,0.0,0.0,0.0,0.0,0.0,,,0.0,,0.0,0.0,,1.0,20.0,0.0,0.0,0.0,0.0,0.0,0.0,,320.0,,,0.0,,,0.0,0.0,,,0.0,0.0,0.0,0.5,15000.0,0.0,,,,,,476.0,369.0,49.0,0.0,0.0,20000.0,0.0,0.0,,,,,,,,,,,,,,,,,,,,,,,,,
2027,DISTRICT_MANAGED_2027.xlsx,Traditional,BACK OF THE YARDS HS,High,NEW CITY,Network 16,33.0,,,,498.0,,3.0,1.0,1.0,1.0,3.0,,,10.0,0.0,,3.17,363864.25,10.0,8.0,1.0,0.0,0.0,0.0,,,,,,6.0,5.83,,,,,20:1,1491.0,52.0,0.0,1.0,,,,,1.0,1.0,1.0,0.0,1.0,0.0,0.0,0.0,,,3.0,,0.0,0.0,,0.0,0.0,0.0,0.0,0.0,0.0,0.0,0.0,,1015.0,,,0.0,,,0.0,0.0,,,0.0,0.0,0.0,2.0,15000.0,0.0,,,,,,1039.0,1039.0,24.0,0.0,0.0,60000.0,0.0,0.0,,,,,,,,,,,,,,,,,,,,,,,,,
2027,DISTRICT_MANAGED_2027.xlsx,Traditional,SHIELDS MIDDLE,Elementary,BRIGHTON PARK,Network 8,39.0,,,,492.5,,0.0,1.0,1.0,1.0,1.0,,,0.0,0.0,,1.0,171552.0,5.0,3.0,0.5,0.0,0.0,0.0,,,,,,3.0,3.0,,,,,23:1,701.0,14.0,3.0,1.0,,,,,0.0,0.0,0.0,0.0,0.0,0.0,0.0,0.0,,,0.0,,0.0,0.0,,0.0,0.0,0.0,0.0,0.0,15000.0,0.0,0.0,,327.0,,,0.0,,,0.0,0.0,,,2.0,0.0,0.0,1.0,15000.0,0.0,,,,,,312.0,312.0,-15.0,0.0,0.0,20000.0,0.0,0.0,,,,,,,,,,,,,,,,,,,,,,,,,
2027,DISTRICT_MANAGED_2027.xlsx,Traditional,EDISON PARK,Elementary,NORWOOD PARK,Network 1,19.0,,,,0.0,,3.0,1.0,1.0,1.0,1.0,,,1.0,0.0,,0.0,83300.3,11.0,30.0,1.0,0.0,0.0,0.0,,,,,,2.0,1.0,,,,,27:1,461.0,14.0,4.0,0.0,,,,,0.0,0.0,0.0,0.0,0.0,0.0,0.0,0.0,,,0.0,,0.0,0.0,,0.0,0.0,0.0,0.0,0.0,0.0,0.0,0.0,,378.0,,,0.0,,,0.0,0.0,,,0.0,0.0,0.0,0.5,15000.0,0.0,,,,,,413.0,376.0,-2.0,0.0,0.0,20000.0,0.0,0.0,,,,,,,,,,,,,,,,,,,,,,,,,
2027,DISTRICT_MANAGED_2027.xlsx,Traditional,ORR HS,High,HUMBOLDT PARK,Network 15,44.0,,,,388.0,,0.0,1.0,1.0,1.0,2.0,,,0.0,0.0,,3.38,202931.1,6.0,3.0,0.5,0.0,0.0,0.0,,,,,,9.0,5.0,,,,,19:1,1689.0,15.0,0.0,1.0,,,,,0.0,0.0,0.0,0.0,1.0,0.0,0.0,0.0,,,0.0,,0.0,0.0,,0.0,0.0,0.0,0.0,80000.03999999998,30000.0,0.0,0.0,,302.0,,,-1.0,,,0.0,0.0,,,0.0,0.0,0.0,1.0,15000.0,1.0,,,,,,276.0,276.0,-26.0,0.0,0.0,20000.0,0.0,0.0,,,,,,,,,,,,,,,,,,,,,,,,,
2027,DISTRICT_MANAGED_2027.xlsx,Traditional,EDISON,Elementary,ALBANY PARK,Network 1,24.0,,,,0.0,,0.0,1.0,0.0,1.0,1.0,,,1.0,0.0,,0.0,110553.4,4.0,3.0,0.0,0.0,0.0,0.0,,,,,,0.0,2.0,,,,,27:1,521.0,10.0,3.0,0.0,,,,,0.0,0.0,0.0,0.0,0.0,0.0,0.0,0.0,,,0.0,,1.0,0.0,,0.0,0.0,0.0,0.0,0.0,0.0,0.0,0.0,,265.0,,,0.0,,,-1.0,0.0,,,1.0,0.0,0.0,0.0,15000.0,0.0,,,,,,265.0,265.0,0.0,0.0,0.0,20000.0,0.0,0.0,,,,,,,,,,,,,,,,,,,,,,,,,
2027,DISTRICT_MANAGED_2027.xlsx,Traditional,BURNSIDE,Elementary,CHATHAM,Network 12,36.0,,,,509.0,,0.0,1.0,0.0,1.0,1.0,,,0.0,0.0,,0.0,139990.4,6.0,20.0,0.5,0.0,1.0,1.0,,,,,,4.0,2.0,,,,,25:1,665.0,10.0,3.0,1.0,,,,,0.0,0.0,0.0,1.0,0.5,0.0,0.0,0.0,,,0.0,,0.0,0.0,,0.0,0.0,0.0,0.0,0.0,0.0,0.0,0.0,,217.0,,,-1.0,,,0.0,0.0,,,0.0,0.0,0.0,0.0,15000.0,0.0,,,,,,238.0,192.0,-25.0,0.0,0.0,20000.0,0.0,0.0,,,,,,,,,,,,,,,,,,,,,,,,,
2027,DISTRICT_MANAGED_2027.xlsx,Traditional,DECATUR,Elementary,WEST RIDGE,Network 2,18.0,,,,0.0,,0.0,1.0,1.0,1.0,1.0,,,1.0,0.0,,0.1200000000000001,19413.4,4.0,9.0,0.0,0.0,0.0,0.0,,,,,,2.0,1.88,,,,,27:1,449.0,13.0,3.0,0.0,,,,,0.0,0.0,0.0,0.0,0.0,0.0,0.0,0.0,,,0.0,,0.0,0.0,,0.0,0.0,0.0,0.0,0.0,0.0,1.0,0.0,,341.0,,,0.0,,,0.0,0.0,,,1.0,0.0,0.0,0.0,15000.0,0.0,,,,,,334.0,334.0,-7.0,0.0,0.0,20000.0,0.0,0.0,,,,,,,,,,,,,,,,,,,,,,,,,
2027,DISTRICT_MANAGED_2027.xlsx,Traditional,TURNER-DREW,Elementary,ROSELAND,Network 11,37.0,,,,448.5,,1.0,1.0,0.0,1.0,1.0,,,0.0,0.0,,0.0,82005.22,5.0,10.0,0.5,0.0,0.0,0.0,,,,,,2.0,1.0,,,,,23:1,677.0,10.0,3.0,0.0,,,,,0.0,0.0,0.0,1.0,0.0,0.0,0.0,0.0,,,0.0,,0.0,0.0,,0.0,0.0,0.0,0.0,0.0,5500.0,0.0,0.0,,195.0,,,0.0,,,0.0,0.0,,,0.0,0.0,0.0,0.0,15000.0,0.0,,,,,,213.0,200.0,5.0,0.0,0.0,20000.0,0.0,0.0,,,,,,,,,,,,,,,,,,,,,,,,,
2027,DISTRICT_MANAGED_2027.xlsx,Traditional,ERICSON,Elementary,EAST GARFIELD PARK,Network 5,40.0,,,,542.0,,0.0,1.0,1.0,1.0,1.0,,,0.0,0.0,,1.0,175665.0,3.0,6.0,0.0,0.0,2.0,2.0,,,,,,4.0,2.0,,,,,23:1,713.0,12.0,3.0,1.0,,,,,0.0,0.0,0.0,0.0,0.0,0.0,0.0,0.0,,,0.0,,0.0,0.0,,0.0,0.0,0.0,0.0,0.0,0.0,0.0,0.0,,288.0,,,0.0,,,0.0,0.0,,,1.0,0.0,0.0,0.0,15000.0,0.0,,,,,,286.0,260.0,-28.0,0.0,0.0,20000.0,0.0,0.0,,,,,,,,,,,,,,,,,,,,,,,,,
2027,DISTRICT_MANAGED_2027.xlsx,Traditional,KANOON,Elementary,SOUTH LAWNDALE,Network 7,44.0,,,,448.5,,1.0,1.0,1.0,1.0,2.0,,,1.0,0.0,,0.0,205922.25,6.0,8.0,0.5,0.0,2.0,2.0,,,,,,3.0,1.0,,,,,23:1,761.0,15.0,4.0,1.0,,,,,0.0,0.0,0.0,0.0,0.0,0.0,0.0,0.0,,,0.0,,0.0,0.0,,0.0,0.0,0.0,0.0,0.0,20000.0,0.0,0.0,,354.0,,,0.0,,,0.0,0.0,,,1.0,0.0,0.0,1.0,15000.0,0.0,,,,,,375.0,343.0,-11.0,0.0,0.0,20000.0,0.0,0.0,,,,,,,,,,,,,,,,,,,,,,,,,
2027,DISTRICT_MANAGED_2027.xlsx,Traditional,FRANKLIN,Elementary,NEAR NORTH SIDE,Network 4,20.0,,,,333.0,,1.0,1.0,1.0,1.0,1.0,,,1.0,0.0,,0.0,99668.77,7.0,10.0,0.5,0.0,0.0,0.0,,,,,,2.0,1.0,,,,,27:1,473.0,12.0,3.0,1.0,,,,,0.0,0.0,0.0,0.0,0.0,0.0,0.0,0.0,,,0.0,,0.0,0.0,,0.0,0.0,0.0,0.0,0.0,0.0,0.0,0.0,,349.0,,,0.0,,,0.0,0.0,,,0.0,0.0,0.0,0.0,15000.0,0.0,,,,,,324.0,324.0,-25.0,0.0,0.0,20000.0,0.0,0.0,,,,,,,,,,,,,,,,,,,,,,,,,
2027,DISTRICT_MANAGED_2027.xlsx,Traditional,GALLISTEL,Elementary,EAST SIDE,Network 13,36.0,,,,454.0,,2.0,1.0,1.0,1.0,1.0,,,2.0,0.0,,0.0,216538.6,9.0,11.0,1.0,0.0,2.0,2.0,,,,,,6.0,2.0,,,,,25:1,665.0,22.0,5.0,1.0,,,,,1.0,0.0,0.0,0.0,1.0,0.0,0.0,0.0,,,0.0,,0.0,0.0,,0.0,0.0,0.0,0.0,0.0,0.0,0.0,0.0,,565.0,,,0.0,,,0.0,0.0,,,0.0,0.0,0.0,1.0,15000.0,0.0,,,,,,576.0,546.0,-19.0,0.0,0.0,20000.0,0.0,0.0,,,,,,,,,,,,,,,,,,,,,,,,,
2027,DISTRICT_MANAGED_2027.xlsx,Traditional,LASALLE II,Elementary,WEST TOWN,ISP,25.0,,,,0.0,,3.0,1.0,1.0,1.0,1.0,,,0.0,0.0,,0.0,282235.96,8.0,12.0,1.0,0.0,4.0,2.0,,,,,,3.0,2.0,,,,,27:1,533.0,19.0,4.0,0.0,,,,,0.0,0.0,0.0,0.0,0.0,0.0,0.0,0.0,,,0.0,,0.0,0.0,,0.0,0.0,0.0,0.0,0.0,0.0,0.0,0.0,,497.0,,,0.0,,,0.0,0.0,,,0.0,0.0,0.0,1.0,15000.0,0.0,,,,,,593.0,492.0,-5.0,0.0,0.0,20000.0,0.0,0.0,,,,,,,,,,,,,,,,,,,,,,,,,
2027,DISTRICT_MANAGED_2027.xlsx,Traditional,RANDOLPH,Elementary,WEST ENGLEWOOD,Network 11,40.0,,,,503.5,,0.0,1.0,1.0,1.0,1.0,,,0.0,0.0,,1.5,153735.6,5.0,12.0,0.5,0.0,4.0,2.0,,,,,,3.0,1.0,,,,,23:1,713.0,12.0,3.0,0.0,,,,,0.0,0.0,0.0,0.0,0.0,0.0,0.0,0.0,,,0.0,,0.0,0.0,,0.0,0.0,0.0,0.0,0.0,30000.0,0.0,0.0,,321.0,,,0.0,,,0.0,0.0,,,0.0,0.0,0.0,1.0,15000.0,1.0,,,,,,311.0,276.0,-45.0,0.0,0.0,20000.0,0.0,0.0,,,,,,,,,,,,,,,,,,,,,,,,,
2027,DISTRICT_MANAGED_2027.xlsx,Traditional,GUNSAULUS,Elementary,BRIGHTON PARK,Network 8,36.0,,,,465.0,,0.0,1.0,1.0,1.0,2.0,,,0.0,0.0,,0.0,585920.4299999999,8.0,8.0,1.0,0.0,4.0,3.0,,,,,,5.0,2.0,,,,,25:1,665.0,26.0,6.0,1.0,,,,,1.0,0.0,1.0,0.0,0.0,0.0,0.0,0.0,,,0.0,,0.0,0.0,,0.0,0.0,0.0,0.0,0.0,0.0,0.0,0.0,,616.0,,,0.0,,,0.0,0.0,,,0.0,0.0,0.0,2.0,15000.0,0.0,,,,,,669.0,632.0,16.0,0.0,0.0,40000.0,0.0,0.0,,,,,,,,,,,,,,,,,,,,,,,,,
2027,DISTRICT_MANAGED_2027.xlsx,Traditional,HAWTHORNE,Elementary,LAKE VIEW,Network 4,16.0,,,,0.0,,1.0,1.0,1.0,1.0,2.0,,,0.5,0.0,,0.0,174377.75,9.0,11.0,0.5,0.0,0.0,0.0,,,,,,2.0,2.0,,,,,27:1,425.0,24.0,5.0,0.0,,,,,0.0,0.0,0.0,0.0,0.0,0.0,0.0,0.0,,,0.0,,0.0,1.0,,0.0,0.0,0.0,0.0,0.0,0.0,3.5,0.0,,642.0,,,0.0,,,0.0,0.0,,,1.0,0.0,0.0,0.5,15000.0,0.0,,,,,,646.0,646.0,4.0,0.0,0.0,40000.0,0.0,0.0,,,,,,,,,,,,,,,,,,,,,,,,,
2027,DISTRICT_MANAGED_2027.xlsx,Traditional,GALILEO,Elementary,NEAR WEST SIDE,Network 6,27.0,,,,311.0,,0.0,1.0,1.0,1.0,1.0,,,1.0,0.0,,1.0,264375.7,10.0,16.0,1.0,0.0,0.0,0.0,,,,,,3.0,2.0,,,,,25:1,557.0,22.0,5.0,1.0,,,,,0.0,0.0,0.0,0.0,0.0,0.0,0.0,0.0,,,0.0,,0.0,0.0,,0.0,0.0,0.0,0.0,0.0,0.0,0.0,0.0,,550.0,,,0.0,,,0.0,-1.0,,,0.0,0.0,0.0,1.0,15000.0,0.0,,,,,,546.0,546.0,-4.0,0.0,0.0,20000.0,0.0,0.0,,,,,,,,,,,,,,,,,,,,,,,,,
2027,DISTRICT_MANAGED_2027.xlsx,Traditional,SAUCEDO,Elementary,SOUTH LAWNDALE,Network 7,39.0,,,,470.5,,0.0,1.0,1.0,1.0,2.0,,,0.0,0.0,,3.17,256993.63,16.0,33.0,1.5,0.0,6.0,4.0,,,,,,11.0,1.83,,,,,23:1,701.0,34.0,8.0,2.0,,,,,1.0,0.0,0.0,1.0,1.0,0.0,0.0,0.0,,,0.0,,0.0,0.0,,0.0,0.0,0.0,1.0,0.0,15000.0,0.0,0.0,,804.0,,,0.0,,,0.0,0.0,,,0.0,0.0,1.0,2.0,15000.0,1.0,,,,,,889.0,760.0,-44.0,0.0,0.0,40000.0,0.0,0.0,,,,,,,,,,,,,,,,,,,,,,,,,
2027,DISTRICT_MANAGED_2027.xlsx,Traditional,LASALLE,Elementary,LINCOLN PARK,Network 4,23.0,,,,0.0,,1.0,1.0,1.0,1.0,1.0,,,1.5,0.0,,0.0,54867.41,8.0,7.0,0.5,0.0,0.0,0.0,,,,,,2.0,2.0,,,,,27:1,509.0,18.0,4.0,0.0,,,,,0.0,0.0,0.0,0.0,0.0,0.0,0.0,0.0,,,0.0,,0.0,0.0,,0.0,0.0,0.0,0.0,0.0,0.0,0.5,0.0,,455.0,,,0.0,,,0.0,0.0,,,0.0,0.0,0.0,0.0,15000.0,0.0,,,,,,466.0,466.0,11.0,0.0,1.0,20000.0,0.0,0.0,,,,,,,,,,,,,,,,,,,,,,,,,
2027,DISTRICT_MANAGED_2027.xlsx,Traditional,CHICAGO WORLD LANGUAGE ACADEMY,Elementary,NEAR WEST SIDE,Network 6,29.0,,,,300.0,,2.0,1.0,1.0,1.0,1.0,,,0.5,0.0,,0.0,151490.41999999998,5.0,12.0,0.5,0.0,0.0,0.0,,,,,,3.0,1.0,,,,,25:1,581.0,18.0,4.0,1.0,,,,,0.0,0.0,0.0,0.0,1.0,0.0,0.0,0.0,,,0.0,,0.0,0.0,,0.0,0.0,0.0,0.0,0.0,0.0,0.0,0.0,,450.0,,,0.0,,,0.0,0.0,,,0.0,0.0,0.0,1.0,15000.0,0.0,,,,,,448.0,448.0,-2.0,0.0,1.0,20000.0,0.0,0.0,,,,,,,,,,,,,,,,,,,,,,,,,
2027,DISTRICT_MANAGED_2027.xlsx,Traditional,MCDADE,Elementary,CHATHAM,Network 12,28.0,,,,0.0,,0.0,1.0,0.0,1.0,1.0,,,0.0,0.0,,0.0,159999.75,2.0,3.0,0.0,0.0,0.0,0.0,,,,,,3.0,1.0,,,,,25:1,569.0,10.0,3.0,0.0,,,,,0.0,0.0,0.0,0.0,0.0,0.0,0.0,0.0,,,0.0,,0.0,0.0,,0.0,0.0,0.0,0.0,0.0,0.0,0.0,0.0,,208.0,,,0.0,,,0.0,0.0,,,0.0,0.0,0.0,0.0,15000.0,0.0,,,,,,202.0,202.0,-6.0,0.0,0.0,20000.0,0.0,0.0,,,,,,,,,,,,,,,,,,,,,,,,,
2027,DISTRICT_MANAGED_2027.xlsx,Traditional,INTER-AMERICAN,Elementary,LAKE VIEW,Network 4,27.0,,,,0.0,,0.0,1.0,1.0,1.0,1.0,,,2.0,0.0,,0.1400000000000001,68327.0,11.0,9.0,1.0,0.0,3.0,3.0,,,,,,4.0,1.86,,,,,25:1,557.0,22.0,5.0,0.0,,,,,1.0,0.0,0.0,0.0,0.0,0.0,0.0,0.0,,,0.0,,0.0,0.0,,0.0,0.0,0.0,0.0,0.0,0.0,2.0,0.0,,560.0,,,0.0,,,0.0,0.0,,,0.0,0.0,0.0,2.0,15000.0,0.0,,,,,,598.0,543.0,-17.0,0.0,0.0,20000.0,0.0,0.0,,,,,,,,,,,,,,,,,,,,,,,,,
2027,DISTRICT_MANAGED_2027.xlsx,Traditional,SHERIDAN,Elementary,BRIDGEPORT,Network 6,22.0,,,,388.0,,0.0,1.0,1.0,1.0,1.0,,,1.0,0.0,,0.0,195718.19000000003,5.0,8.0,0.5,0.0,0.0,0.0,,,,,,3.0,1.0,,,,,27:1,497.0,19.0,4.0,1.0,,,,,0.0,0.0,0.0,0.0,0.0,0.0,0.0,0.0,,,0.0,,0.0,0.0,,0.0,0.0,0.0,0.0,0.0,0.0,0.0,0.0,,530.0,,,0.0,,,0.0,0.0,,,1.0,0.0,0.0,1.0,15000.0,0.0,,,,,,509.0,509.0,-21.0,0.0,0.0,20000.0,0.0,0.0,,,,,,,,,,,,,,,,,,,,,,,,,
2027,DISTRICT_MANAGED_2027.xlsx,Traditional,KELLER,Elementary,MOUNT GREENWOOD,Network 10,24.0,,,,0.0,,0.0,1.0,0.0,1.0,1.0,,,0.0,0.0,,0.0,34568.5,1.0,2.0,0.0,0.0,0.0,0.0,,,,,,2.0,1.0,,,,,27:1,521.0,9.0,3.0,0.0,,,,,0.0,0.0,0.0,1.0,0.0,0.0,0.0,0.0,,,0.0,,1.0,0.0,,0.0,0.0,0.0,0.0,0.0,0.0,0.0,0.0,,222.0,,,-1.0,,,0.0,0.0,,,0.0,0.0,0.0,0.0,15000.0,0.0,,,,,,217.0,217.0,-5.0,0.0,0.0,20000.0,0.0,0.0,,,,,,,,,,,,,,,,,,,,,,,,,
2027,DISTRICT_MANAGED_2027.xlsx,Traditional,MURRAY,Elementary,HYDE PARK,Network 9,33.0,,,,393.5,,1.0,1.0,1.0,1.0,1.0,,,0.0,0.0,,0.0,305287.09,6.0,14.0,1.0,0.0,0.0,0.0,,,,,,3.0,1.0,,,,,25:1,629.0,19.0,4.0,1.0,,,,,0.0,0.0,0.0,0.0,0.0,1.0,0.0,0.0,,,0.0,,0.0,0.0,,0.0,0.0,0.0,0.0,0.0,0.0,0.0,0.0,,481.0,,,0.0,,,0.0,0.0,,,0.0,0.0,0.0,0.0,15000.0,0.0,,,,,,454.0,454.0,-27.0,0.0,0.0,20000.0,0.0,0.0,,,,,,,,,,,,,,,,,,,,,,,,,
2027,DISTRICT_MANAGED_2027.xlsx,Traditional,NEWBERRY,Elementary,LINCOLN PARK,Network 4,34.0,,,,492.5,,0.0,1.0,0.0,1.0,1.0,,,2.0,0.0,,1.0,113935.12,10.0,16.0,0.5,0.0,1.0,1.0,,,,,,3.0,1.0,,,,,25:1,641.0,11.0,3.0,1.0,,,,,0.0,0.0,0.0,0.0,0.0,0.0,0.0,0.0,,,0.0,,0.0,0.0,,0.0,0.0,0.0,0.0,0.0,0.0,0.0,0.0,,320.0,,,0.0,,,-1.0,0.0,,,0.0,0.0,0.0,0.5,15000.0,0.0,,,,,,294.0,274.0,-46.0,0.0,0.0,20000.0,1.0,0.0,,,,,,,,,,,,,,,,,,,,,,,,,
2027,DISTRICT_MANAGED_2027.xlsx,Traditional,OWEN,Elementary,ASHBURN,Network 10,34.0,,,,333.0,,0.0,1.0,0.0,1.0,1.0,,,0.0,0.0,,1.0,57961.0,6.0,7.0,0.0,0.0,1.0,1.0,,,,,,2.0,2.0,,,,,25:1,641.0,10.0,3.0,1.0,,,,,0.0,0.0,0.0,1.0,0.0,0.0,0.0,0.0,,,0.0,,0.0,0.0,,0.0,0.0,0.0,0.0,0.0,0.0,0.0,0.0,,263.0,,,-1.0,,,0.0,0.0,,,0.0,0.0,0.0,0.0,15000.0,0.0,,,,,,252.0,233.0,-30.0,0.0,0.0,20000.0,0.0,0.0,,,,,,,,,,,,,,,,,,,,,,,,,
2027,DISTRICT_MANAGED_2027.xlsx,Traditional,PERSHING,Elementary,DOUGLAS,Network 9,34.0,,,,448.5,,1.0,1.0,1.0,1.0,1.0,,,0.5,0.0,,0.5,171293.41,5.0,8.0,0.5,0.0,5.0,3.0,,,,,,4.0,2.0,,,,,25:1,641.0,14.0,3.0,1.0,,,,,0.0,0.0,0.0,0.0,0.0,0.0,0.0,0.0,,,0.0,,0.0,0.0,,0.0,0.0,0.0,0.0,0.0,0.0,0.0,0.0,,384.0,,,0.0,,,0.0,0.0,,,0.0,0.0,1.0,0.5,15000.0,0.0,,,,,,380.0,326.0,-58.0,0.0,0.0,20000.0,0.0,0.0,,,,,,,,,,,,,,,,,,,,,,,,,
2027,DISTRICT_MANAGED_2027.xlsx,Traditional,POE,Elementary,PULLMAN,Network 13,26.0,,,,0.0,,1.0,1.0,0.0,1.0,1.0,,,0.0,0.0,,0.0,160000.05,1.0,2.0,0.0,0.0,0.0,0.0,,,,,,2.0,1.0,,,,,25:1,545.0,10.0,3.0,0.0,,,,,0.0,0.0,0.0,0.0,0.0,0.0,0.0,0.0,,,0.0,,0.0,0.0,,0.0,0.0,0.0,0.0,0.0,0.0,0.0,0.0,,224.0,,,0.0,,,0.0,0.0,,,0.0,0.0,0.0,0.0,15000.0,0.0,,,,,,223.0,223.0,-1.0,0.0,1.0,20000.0,0.0,0.0,,,,,,,,,,,,,,,,,,,,,,,,,
2027,DISTRICT_MANAGED_2027.xlsx,Traditional,SAYRE,Elementary,AUSTIN,Network 3,31.0,,,,382.5,,1.0,1.0,1.0,1.0,1.0,,,1.78,0.0,,0.0,93734.33,11.0,13.0,1.0,0.0,2.22,2.0,,,,,,3.0,1.0,,,,,25:1,605.0,14.0,3.0,1.0,,,,,0.0,0.0,0.0,0.0,0.0,0.0,0.0,0.0,,,1.0,,0.0,0.0,,0.0,0.0,0.0,0.0,0.0,0.0,0.0,0.0,,344.0,,,0.0,,,0.0,0.0,,,0.0,0.0,0.0,1.0,15000.0,0.0,,,,,,370.0,332.0,-12.0,0.0,0.0,20000.0,0.0,0.0,,,,,,,,,,,,,,,,,,,,,,,,,
2027,DISTRICT_MANAGED_2027.xlsx,Traditional,SKINNER,Elementary,NEAR WEST SIDE,Network 6,16.0,,,,0.0,,0.0,1.0,1.0,2.0,2.0,,,0.0,0.0,,1.0,177450.0,8.0,18.0,1.0,0.0,2.0,2.0,,,,,,4.0,2.0,,,,,27:1,425.0,39.0,9.0,0.0,,,,,0.0,0.0,0.0,1.0,0.0,0.0,0.0,0.0,,,0.0,,0.0,0.0,,0.0,0.0,0.0,0.0,0.0,0.0,0.0,0.0,,1074.0,,,0.0,,,0.0,0.0,,,1.0,0.0,0.0,1.0,15000.0,0.0,,,,,,1121.0,1053.0,-21.0,0.0,1.0,60000.0,0.0,0.0,,,,,,,,,,,,,,,,,,,,,,,,,
2027,DISTRICT_MANAGED_2027.xlsx,Traditional,STONE,Elementary,WEST RIDGE,Network 2,27.0,,,,349.5,,0.0,1.0,1.0,1.0,1.0,,,0.0,0.0,,0.0,208360.0,10.0,12.0,0.5,0.0,0.0,0.0,,,,,,2.0,1.0,,,,,25:1,557.0,22.0,5.0,1.0,,,,,0.0,0.0,0.0,0.0,0.0,0.0,1.0,0.0,,,0.0,,0.0,0.0,,0.0,0.0,0.0,0.0,0.0,0.0,0.0,0.0,,554.0,,,0.0,,,0.0,-1.0,,,2.0,0.0,0.0,1.0,15000.0,0.0,,,,,,549.0,549.0,-5.0,0.0,0.0,20000.0,0.0,0.0,,,,,,,,,,,,,,,,,,,,,,,,,
2027,DISTRICT_MANAGED_2027.xlsx,Traditional,THORP O,Elementary,DUNNING,ISP,24.0,,,,0.0,,0.0,1.0,1.0,1.0,2.0,,,0.0,0.0,,0.0,45303.25,13.0,36.0,1.0,1.0,0.0,0.0,,,,,,3.0,2.0,,,,,27:1,521.0,29.0,7.0,0.0,,,,,0.0,0.0,0.0,1.0,1.0,0.0,1.0,0.0,,,0.0,,0.0,0.0,,0.0,0.0,0.0,0.0,0.0,31000.0,0.0,0.0,,795.0,,,0.0,,,0.0,0.0,,,0.0,0.0,0.0,1.0,15000.0,1.0,,,,,,806.0,767.0,-28.0,2.0,0.0,40000.0,0.0,0.0,,,,,,,,,,,,,,,,,,,,,,,,,
2027,DISTRICT_MANAGED_2027.xlsx,Traditional,VANDERPOEL,Elementary,BEVERLY,Network 10,36.0,,,,360.5,,0.0,1.0,0.0,1.0,1.0,,,0.0,0.0,,0.0,131208.0,9.0,12.0,0.5,0.0,0.0,0.0,,,,,,2.0,2.0,,,,,25:1,665.0,10.0,3.0,0.0,,,,,0.0,0.0,0.0,1.0,0.0,0.0,0.0,0.0,,,0.0,,0.0,0.0,,0.0,0.0,0.0,0.0,0.0,15000.0,0.0,0.0,,242.0,,,-1.0,,,0.0,0.0,,,0.0,0.0,0.0,0.0,15000.0,0.0,,,,,,223.0,223.0,-19.0,0.0,0.0,20000.0,0.0,0.0,,,,,,,,,,,,,,,,,,,,,,,,,
2027,DISTRICT_MANAGED_2027.xlsx,Traditional,BEASLEY,Elementary,WASHINGTON PARK,Network 9,32.0,,,,465.0,,0.0,1.0,1.0,2.0,2.0,,,1.0,0.0,,5.0,291599.5,9.0,43.0,1.5,0.0,10.0,6.0,,,,,,10.0,3.0,,,,,25:1,617.0,40.0,9.0,2.0,,,,,1.0,0.0,0.0,1.0,0.0,0.0,0.0,2.0,,,0.0,,1.0,0.0,,0.0,0.0,0.0,1.0,0.0,31000.0,0.0,0.0,,980.0,,,0.0,,,0.0,0.0,,,0.0,0.0,0.0,0.0,15000.0,1.0,,,,,,1158.0,995.0,15.0,0.0,0.0,60000.0,0.0,0.0,,,,,,,,,,,,,,,,,,,,,,,,,
2027,DISTRICT_MANAGED_2027.xlsx,Traditional,JENSEN,Elementary,EAST GARFIELD PARK,Network 5,33.0,,,,536.5,,1.0,1.0,0.0,1.0,1.0,,,1.0,0.0,,0.0,122813.5,4.0,13.0,0.5,0.0,1.0,1.0,,,,,,4.0,2.0,,,,,25:1,629.0,10.0,3.0,0.0,,,,,0.0,0.0,0.0,0.0,0.0,0.0,0.0,0.0,,,0.0,,0.0,0.0,,0.0,0.0,0.0,0.0,0.0,0.0,0.0,0.0,,235.0,,,0.0,,,0.0,0.0,,,0.0,0.0,0.0,0.0,15000.0,0.0,,,,,,228.0,211.0,-24.0,0.0,0.0,20000.0,0.0,0.0,,,,,,,,,,,,,,,,,,,,,,,,,
2027,DISTRICT_MANAGED_2027.xlsx,Traditional,LENART,Elementary,CHATHAM,Network 11,30.0,,,,0.0,,0.0,1.0,1.0,1.0,1.0,,,0.0,0.0,,0.0,174180.32,1.0,7.0,0.0,0.0,2.0,2.0,,,,,,2.0,1.0,,,,,25:1,593.0,11.0,3.0,0.0,,,,,0.0,0.0,0.0,0.0,0.0,0.0,0.0,0.0,,,0.0,,1.0,0.0,,0.0,0.0,0.0,0.0,0.0,0.0,0.0,0.0,,261.0,,,0.0,,,0.0,0.0,,,0.0,0.0,0.0,0.0,15000.0,0.0,,,,,,300.0,260.0,-1.0,0.0,0.0,20000.0,0.0,0.0,,,,,,,,,,,,,,,,,,,,,,,,,
2027,DISTRICT_MANAGED_2027.xlsx,Traditional,SABIN,Elementary,WEST TOWN,Network 6,33.0,,,,465.0,,3.0,1.0,1.0,1.0,1.0,,,1.0,0.0,,0.0,138079.77000000002,6.0,9.0,0.5,0.0,3.0,2.0,,,,,,3.0,1.0,,,,,25:1,629.0,12.0,3.0,0.0,,,,,0.0,0.0,0.0,0.0,0.0,0.0,0.0,0.0,,,0.0,,0.0,0.0,,0.0,0.0,0.0,0.0,0.0,75000.0,0.0,0.0,,332.0,,,0.0,,,0.0,0.0,,,0.0,0.0,0.0,2.0,15000.0,1.0,,,,,,321.0,284.0,-48.0,0.0,0.0,20000.0,0.0,0.0,,,,,,,,,,,,,,,,,,,,,,,,,
2027,DISTRICT_MANAGED_2027.xlsx,Traditional,BLACK,Elementary,CALUMET HEIGHTS,Network 12,31.0,,,,421.0,,0.0,1.0,1.0,2.0,1.0,,,0.0,0.0,,1.0,193350.15,5.0,7.0,0.5,0.0,0.0,0.0,,,,,,4.0,2.0,,,,,25:1,605.0,16.0,4.0,1.0,,,,,0.0,0.0,0.0,0.0,0.0,0.0,0.0,0.0,,,0.0,,0.0,0.0,,0.0,0.0,0.0,0.0,0.0,0.0,0.0,0.0,,336.0,,,0.0,,,0.0,0.0,,,1.0,0.0,0.0,0.0,15000.0,0.0,,,,,,386.0,386.0,50.0,0.0,0.0,20000.0,0.0,0.0,,,,,,,,,,,,,,,,,,,,,,,,,
2027,DISTRICT_MANAGED_2027.xlsx,Traditional,DAVIS M,Elementary,WEST ENGLEWOOD,ISP,44.0,,,,558.5,,0.0,1.0,0.0,1.0,1.0,,,0.0,0.0,,0.0,251381.2,4.0,4.0,0.5,0.0,2.0,1.0,,,,,,2.0,1.0,,,,,23:1,761.0,10.0,3.0,0.0,,,,,0.0,0.0,0.0,0.0,0.0,0.0,0.0,0.0,,,0.0,,0.0,0.0,,0.0,0.0,0.0,0.0,0.0,0.0,0.0,0.0,,101.0,,,0.0,,,0.0,0.0,,,0.0,0.0,1.0,0.5,15000.0,0.0,,,,,,119.0,93.0,-8.0,0.0,0.0,20000.0,0.0,0.0,,,,,,,,,,,,,,,,,,,,,,,,,
2027,DISTRICT_MANAGED_2027.xlsx,Traditional,DISNEY,Elementary,UPTOWN,Network 2,23.0,,,,393.5,,2.0,1.0,1.0,1.0,3.0,,,0.0,0.0,,2.0,44084.08,12.0,11.0,1.5,0.0,3.0,3.0,,,,,,8.0,3.0,,,,,27:1,509.0,47.0,10.0,2.0,,,,,0.0,0.0,0.0,1.0,3.0,0.0,1.0,0.0,,,0.0,,0.0,0.0,,0.0,0.0,0.0,0.0,0.0,0.0,1.0,0.0,,1334.0,,,0.0,,,0.0,0.0,,,2.0,0.0,0.0,1.0,15000.0,0.0,,,,,,1319.0,1259.0,-75.0,2.0,2.0,60000.0,0.0,1.0,,,,,,,,,,,,,,,,,,,,,,,,,
2027,DISTRICT_MANAGED_2027.xlsx,Traditional,FRAZIER PROSPECTIVE,Elementary,NORTH LAWNDALE,Network 5,45.0,,,,503.5,,0.0,1.0,0.0,1.0,1.0,,,0.0,0.0,,1.0,146503.13,5.0,6.0,0.0,0.0,0.0,0.0,,,,,,3.0,1.0,,,,,23:1,773.0,10.0,3.0,0.0,,,,,0.0,0.0,0.0,0.0,0.0,0.0,0.0,0.0,,,1.0,,0.0,0.0,,0.0,0.0,0.0,0.0,0.0,75000.0,0.0,0.0,,130.0,,,0.0,,,0.0,0.0,,,0.0,0.0,0.0,0.0,15000.0,1.0,,,,,,111.0,111.0,-19.0,0.0,0.0,20000.0,0.0,0.0,,,,,,,,,,,,,,,,,,,,,,,,,
2027,DISTRICT_MANAGED_2027.xlsx,Traditional,CHRISTOPHER,Elementary,GAGE PARK,Network 8,36.0,,,,514.5,,0.0,1.0,1.0,1.0,1.0,,,0.0,0.0,,1.5,184264.35,17.0,79.0,1.5,0.0,0.0,0.0,,,,,,3.0,1.0,,,,,25:1,665.0,10.0,5.0,1.0,,,,,0.0,0.0,0.0,0.0,0.0,0.0,0.0,0.0,,,0.0,,0.0,0.0,,0.0,0.0,0.0,0.0,0.0,30000.0,0.0,0.0,,166.0,,,0.0,,,0.0,0.0,,,0.0,0.0,0.0,1.0,15000.0,0.0,,,,,,306.0,151.0,-15.0,0.0,0.0,20000.0,0.0,0.0,,,,,,,,,,,,,,,,,,,,,,,,,
2027,DISTRICT_MANAGED_2027.xlsx,Traditional,SALAZAR,Elementary,NEAR NORTH SIDE,Network 6,36.0,,,,300.0,,0.0,1.0,1.0,1.0,1.0,,,0.9,0.0,,1.0,61131.34,3.0,9.0,0.0,0.0,1.1,1.0,,,,,,2.0,1.0,,,,,25:1,665.0,11.0,3.0,1.0,,,,,0.0,0.0,0.0,0.0,0.0,0.0,0.0,0.0,,,0.0,,0.0,0.0,,0.0,0.0,0.0,2.0,0.0,31000.0,0.0,0.0,,329.0,,,0.0,,,0.0,0.0,,,0.0,0.0,0.0,2.0,15000.0,0.0,,,,,,265.0,253.0,-76.0,0.0,0.0,20000.0,0.0,0.0,,,,,,,,,,,,,,,,,,,,,,,,,
2027,DISTRICT_MANAGED_2027.xlsx,Traditional,COURTENAY,Elementary,UPTOWN,Network 2,32.0,,,,481.5,,0.0,1.0,0.0,1.0,1.0,,,0.93,0.0,,0.0,72072.06,11.0,25.0,1.0,0.0,4.07,2.0,,,,,,2.0,2.0,,,,,25:1,617.0,10.0,3.0,1.0,,,,,0.0,0.0,0.0,0.86,0.0,0.0,0.0,2.140000000000001,,,0.0,,0.0,0.0,,0.0,0.0,0.0,0.0,0.0,20000.0,0.0,0.0,,186.0,,,-1.0,,,0.0,0.0,,,0.0,0.0,0.0,1.0,15000.0,0.0,,,,,,256.0,172.0,-14.0,0.0,0.0,20000.0,0.0,0.0,,,,,,,,,,,,,,,,,,,,,,,,,
2027,DISTRICT_MANAGED_2027.xlsx,Traditional,CROWN,Elementary,NORTH LAWNDALE,Network 5,38.0,,,,492.5,,0.0,1.0,0.0,1.0,1.0,,,0.0,0.0,,0.1999999999999999,23586.29,3.0,4.0,0.0,0.0,0.0,0.0,,,,,,2.0,0.8,,,,,23:1,689.0,10.0,3.0,0.0,,,,,0.0,0.0,0.0,1.0,0.0,0.0,0.0,0.0,,,0.0,,0.0,0.0,,0.0,0.0,0.0,0.0,0.0,0.0,0.0,0.0,,94.0,,,0.0,,,0.0,0.0,,,0.0,0.0,0.0,0.0,15000.0,0.0,,,,,,100.0,100.0,6.0,0.0,0.0,20000.0,0.0,0.0,,,,,,,,,,,,,,,,,,,,,,,,,
2027,DISTRICT_MANAGED_2027.xlsx,Traditional,METCALFE,Elementary,WEST PULLMAN,Network 13,41.0,,,,498.0,,0.0,1.0,1.0,1.0,1.0,,,0.0,0.0,,1.0,157235.95,3.0,10.0,0.5,0.0,1.0,1.0,,,,,,4.0,3.0,,,,,23:1,725.0,15.0,3.0,1.0,,,,,0.0,0.0,0.0,0.0,0.0,0.0,0.0,0.0,,,0.0,,0.0,0.0,,0.0,0.0,0.0,0.0,0.0,0.0,0.0,0.0,,333.0,,,0.0,,,0.0,0.0,,,2.0,0.0,0.0,0.5,15000.0,0.0,,,,,,353.0,336.0,3.0,0.0,0.0,20000.0,0.0,0.0,,,,,,,,,,,,,,,,,,,,,,,,,
2027,DISTRICT_MANAGED_2027.xlsx,Traditional,GALE,Elementary,ROGERS PARK,Network 2,39.0,,,,465.0,,0.0,1.0,1.0,1.0,1.0,,,0.5,0.0,,0.0,156227.66,13.0,29.0,0.5,0.0,1.0,1.0,,,,,,3.0,3.0,,,,,23:1,701.0,11.0,4.0,0.0,,,,,0.0,0.0,0.0,0.0,0.0,1.0,0.0,0.0,,,0.0,,0.0,0.0,,0.0,0.0,0.0,0.0,0.0,50000.0,0.0,0.0,,269.0,,,0.0,,,0.0,0.0,,,0.0,0.0,0.0,1.0,15000.0,1.0,,,,,,294.0,235.0,-34.0,0.0,0.0,20000.0,0.0,0.0,,,,,,,,,,,,,,,,,,,,,,,,,
2027,DISTRICT_MANAGED_2027.xlsx,Traditional,NINOS HEROES,Elementary,SOUTH CHICAGO,Network 12,34.0,,,,454.0,,0.0,1.0,1.0,1.0,1.0,,,0.0,0.0,,1.0,179510.5,7.0,12.0,0.5,0.0,2.0,2.0,,,,,,2.0,2.0,,,,,25:1,641.0,11.0,3.0,1.0,,,,,0.0,0.0,0.0,0.0,0.0,0.0,0.0,0.0,,,0.0,,0.0,0.0,,0.0,0.0,0.0,0.0,0.0,20000.0,0.0,0.0,,279.0,,,0.0,,,0.0,0.0,,,0.0,0.0,0.0,1.0,15000.0,0.0,,,,,,290.0,254.0,-25.0,0.0,0.0,20000.0,0.0,0.0,,,,,,,,,,,,,,,,,,,,,,,,,
2027,DISTRICT_MANAGED_2027.xlsx,Traditional,HAY,Elementary,AUSTIN,Network 3,40.0,,,,470.5,,1.0,1.0,0.0,1.0,1.0,,,1.0,0.0,,0.5,75611.09,4.0,3.0,0.5,0.0,1.0,1.0,,,,,,3.0,2.0,,,,,23:1,713.0,10.0,3.0,0.0,,,,,0.0,0.0,0.0,0.0,0.0,0.0,0.0,0.0,,,0.0,,0.0,0.0,,0.0,0.0,0.0,0.0,0.0,20000.0,0.0,0.0,,220.0,,,0.0,,,0.0,0.0,,,0.0,0.0,0.0,1.0,15000.0,0.0,,,,,,220.0,209.0,-11.0,0.0,0.0,20000.0,0.0,0.0,,,,,,,,,,,,,,,,,,,,,,,,,
2027,DISTRICT_MANAGED_2027.xlsx,Traditional,HENDRICKS,Elementary,FULLER PARK,Network 9,42.0,,,,520.0,,0.0,1.0,0.0,1.0,1.0,,,0.0,0.0,,1.0,175489.5,8.0,17.0,0.5,0.0,4.0,2.0,,,,,,2.0,2.0,,,,,23:1,737.0,10.0,3.0,0.0,,,,,0.0,0.0,0.0,0.0,0.0,0.0,0.0,0.0,,,0.0,,0.0,0.0,,0.0,0.0,0.0,0.0,0.0,75000.0,0.0,0.0,,167.0,,,0.0,,,0.0,0.0,,,0.0,0.0,0.0,0.5,15000.0,1.0,,,,,,206.0,147.0,-20.0,0.0,0.0,20000.0,0.0,0.0,,,,,,,,,,,,,,,,,,,,,,,,,
2027,DISTRICT_MANAGED_2027.xlsx,Traditional,PILSEN,Elementary,LOWER WEST SIDE,Network 7,39.0,,,,437.5,,0.0,1.0,0.0,1.0,1.0,,,0.0,0.0,,2.0,85301.1,6.0,10.0,0.5,0.0,2.0,1.0,,,,,,4.0,2.0,,,,,23:1,701.0,10.0,3.0,0.0,,,,,0.0,0.0,0.0,0.0,0.0,0.0,0.0,0.0,,,0.0,,0.0,0.0,,0.0,0.0,0.0,0.0,0.0,0.0,0.0,0.0,,213.0,,,0.0,,,0.0,0.0,,,0.0,0.0,0.0,1.0,15000.0,0.0,,,,,,214.0,207.0,-6.0,0.0,0.0,20000.0,0.0,0.0,,,,,,,,,,,,,,,,,,,,,,,,,
2027,DISTRICT_MANAGED_2027.xlsx,Traditional,KOZMINSKI,Elementary,HYDE PARK,Network 9,33.0,,,,432.0,,1.0,1.0,0.0,1.0,1.0,,,0.0,0.0,,0.0,98242.6,6.0,15.0,0.5,0.0,4.0,2.0,,,,,,2.0,2.0,,,,,25:1,629.0,10.0,3.0,0.0,,,,,0.0,0.0,1.0,0.0,0.0,0.0,0.0,0.0,,,0.0,,0.0,0.0,,0.0,0.0,0.0,0.0,0.0,5500.0,0.0,0.0,,228.0,,,0.0,,,0.0,0.0,,,1.0,0.0,0.0,1.0,15000.0,0.0,,,,,,245.0,207.0,-21.0,0.0,0.0,20000.0,0.0,0.0,,,,,,,,,,,,,,,,,,,,,,,,,
2027,DISTRICT_MANAGED_2027.xlsx,Traditional,LAWNDALE,Elementary,NORTH LAWNDALE,Network 5,43.0,,,,509.0,,0.0,1.0,0.0,1.0,1.0,,,0.0,0.0,,0.0,96802.0,4.0,5.0,0.0,0.0,2.0,2.0,,,,,,3.0,2.0,,,,,23:1,749.0,10.0,3.0,0.0,,,,,0.0,0.0,0.0,1.0,0.0,0.0,0.0,0.0,,,0.0,,0.0,0.0,,0.0,0.0,0.0,0.0,0.0,0.0,0.0,0.0,,164.0,,,0.0,,,0.0,0.0,,,0.0,0.0,0.0,0.5,15000.0,1.0,,,,,,206.0,183.0,19.0,0.0,0.0,20000.0,0.0,0.0,,,,,,,,,,,,,,,,,,,,,,,,,
2027,DISTRICT_MANAGED_2027.xlsx,Traditional,PARKER,Elementary,ENGLEWOOD,Network 11,37.0,,,,542.0,,0.0,1.0,1.0,2.0,1.0,,,0.0,0.0,,1.0,175881.83000000002,10.0,19.0,0.5,0.0,5.0,3.0,,,,,,7.0,4.0,,,,,23:1,677.0,13.0,3.0,0.0,,,,,0.0,0.0,0.0,0.0,0.0,0.61,0.0,2.390000000000001,,,0.0,,0.0,0.0,,0.0,0.0,0.0,1.0,0.0,75000.0,0.0,0.0,,308.0,,,0.0,,,0.0,0.0,,,0.0,0.0,0.0,0.0,15000.0,1.0,,,,,,336.0,277.0,-31.0,0.0,0.0,20000.0,0.0,0.0,,,,,,,,,,,,,,,,,,,,,,,,,
2027,DISTRICT_MANAGED_2027.xlsx,Traditional,PARKSIDE,Elementary,SOUTH SHORE,Network 12,35.0,,,,542.0,,0.0,1.0,1.0,1.0,1.0,,,0.0,0.0,,1.05,200198.79,6.0,7.0,0.5,0.0,2.0,2.0,,,,,,3.0,0.95,,,,,25:1,653.0,10.0,3.0,1.0,,,,,0.0,0.0,0.0,0.0,0.0,0.0,0.0,0.2099999999999999,,,0.0,,0.0,0.0,,0.0,0.0,0.0,0.0,0.0,5500.0,0.0,0.0,,245.0,,,0.0,,,0.0,0.0,,,0.0,0.0,1.0,0.0,15000.0,0.0,,,,,,277.0,240.0,-5.0,0.0,0.0,20000.0,0.0,0.0,,,,,,,,,,,,,,,,,,,,,,,,,
2027,DISTRICT_MANAGED_2027.xlsx,Traditional,PULASKI,Elementary,LOGAN SQUARE,Network 6,18.0,,,,0.0,,2.0,1.0,1.0,1.0,2.0,,,3.0,0.0,,0.0,105973.7,15.0,13.0,1.0,0.0,2.0,2.0,,,,,,5.0,2.0,,,,,27:1,449.0,32.0,7.0,0.0,,,,,0.0,0.0,0.0,0.0,0.0,0.0,0.0,0.0,,,2.0,,1.0,0.0,,0.0,0.0,0.0,0.0,0.0,0.0,0.0,0.0,,850.0,,,0.0,,,0.0,0.0,,,0.0,0.0,0.0,1.0,15000.0,0.0,,,,,,881.0,839.0,-11.0,0.0,0.0,40000.0,0.0,0.0,,,,,,,,,,,,,,,,,,,,,,,,,
2027,DISTRICT_MANAGED_2027.xlsx,Traditional,SUMNER,Elementary,WEST GARFIELD PARK,Network 5,40.0,,,,542.0,,0.0,1.0,0.0,1.0,1.0,,,0.0,0.0,,0.0,358468.0,6.0,9.0,0.5,0.0,1.0,1.0,,,,,,3.0,2.0,,,,,23:1,713.0,10.0,3.0,0.0,,,,,0.0,0.0,0.0,0.0,0.0,0.0,0.0,0.0,,,0.0,,0.0,0.0,,0.0,0.0,0.0,0.0,0.0,0.0,0.0,0.0,,176.0,,,-1.0,,,0.0,0.0,,,0.0,0.0,0.0,0.0,15000.0,0.0,,,,,,197.0,166.0,-10.0,0.0,0.0,20000.0,0.0,0.0,,,,,,,,,,,,,,,,,,,,,,,,,
2027,DISTRICT_MANAGED_2027.xlsx,Traditional,HIGGINS,Elementary,WEST PULLMAN,Network 13,35.0,,,,536.5,,0.0,1.0,1.0,1.0,1.0,,,1.0,0.0,,0.2749999999999999,169690.0,6.0,12.0,0.5,0.0,2.0,2.0,,,,,,2.0,1.0,,,,,25:1,653.0,10.0,3.0,1.0,,,,,0.0,0.0,0.0,0.0,0.0,0.0,0.0,0.2249999999999996,,,0.0,,0.0,0.0,,0.0,0.0,0.0,0.0,0.0,20000.0,0.0,0.0,,241.0,,,0.0,,,0.0,0.0,,,0.0,0.0,0.0,0.0,15000.0,0.0,,,,,,265.0,241.0,0.0,0.0,0.0,20000.0,0.0,0.0,,,,,,,,,,,,,,,,,,,,,,,,,
2027,DISTRICT_MANAGED_2027.xlsx,Traditional,DE DIEGO,Elementary,WEST TOWN,Network 5,31.0,,,,553.0,,0.0,1.0,1.0,1.0,1.0,,,1.0,0.0,,0.0,193949.76,10.0,30.0,1.0,0.0,6.0,3.0,,,,,,5.0,2.87,,,,,25:1,605.0,12.0,3.0,1.0,,,,,0.0,0.0,0.0,0.0,0.0,0.0,0.0,2.0,,,1.0,,0.0,1.0,,0.0,0.0,0.0,1.0,0.0,50000.0,0.0,0.0,,407.0,,,0.0,,,0.0,0.0,,,1.0,0.0,0.0,1.0,15000.0,1.0,,,,,,383.0,284.0,-123.0,2.0,0.0,20000.0,0.0,0.0,,,,,,,,,,,,,,,,,,,,,,,,,
2027,DISTRICT_MANAGED_2027.xlsx,Traditional,OROZCO,Elementary,LOWER WEST SIDE,Network 7,41.0,,,,388.0,,0.0,1.0,0.0,1.0,1.0,,,0.5,0.0,,1.0,103431.15,3.0,4.0,0.5,0.0,2.0,1.0,,,,,,4.0,1.0,,,,,23:1,725.0,11.0,3.0,1.0,,,,,0.0,0.0,0.0,0.0,0.0,0.0,0.0,0.0,,,0.0,,1.0,0.0,,0.0,0.0,0.0,0.0,0.0,0.0,0.0,0.0,,247.0,,,0.0,,,0.0,0.0,,,0.0,0.0,0.0,1.0,15000.0,0.0,,,,,,284.0,246.0,-1.0,0.0,0.0,20000.0,0.0,0.0,,,,,,,,,,,,,,,,,,,,,,,,,
2027,DISTRICT_MANAGED_2027.xlsx,Traditional,CLAREMONT,Elementary,CHICAGO LAWN,Network 10,41.0,,,,547.5,,0.0,1.0,1.0,1.0,1.0,,,1.0,0.0,,0.0,213851.0,11.0,33.0,1.0,0.0,1.0,1.0,,,,,,4.0,2.0,,,,,23:1,725.0,10.0,3.0,1.0,,,,,0.0,0.0,0.0,0.0,0.0,0.0,0.0,0.0,,,0.0,,0.0,0.0,,0.0,0.0,0.0,1.0,0.0,31000.0,0.0,0.0,,262.0,,,0.0,,,0.0,0.0,,,0.0,0.0,1.0,1.0,15000.0,0.0,,,,,,277.0,210.0,-52.0,0.0,0.0,20000.0,1.0,0.0,,,,,,,,,,,,,,,,,,,,,,,,,
2027,DISTRICT_MANAGED_2027.xlsx,Traditional,ALBANY PARK,Elementary,ALBANY PARK,Network 1,36.0,,,,432.0,,0.0,1.0,0.0,1.0,1.0,,,0.0,0.0,,1.0,77642.95,3.0,0.0,0.0,0.0,0.0,0.0,,,,,,3.0,1.0,,,,,25:1,665.0,10.0,3.0,1.0,,,,,0.0,0.0,1.0,1.0,0.0,0.0,0.0,0.0,,,0.0,,0.0,0.0,,0.0,0.0,0.0,0.0,0.0,5500.0,0.0,0.0,,244.0,,,-2.0,,,0.0,0.0,,,0.0,0.0,0.0,2.0,15000.0,0.0,,,,,,229.0,229.0,-15.0,0.0,0.0,20000.0,0.0,0.0,,,,,,,,,,,,,,,,,,,,,,,,,
2027,DISTRICT_MANAGED_2027.xlsx,Traditional,HAMPTON,Elementary,ASHBURN,Network 10,35.0,,,,487.0,,0.0,1.0,1.0,1.0,1.0,,,0.0,0.0,,1.0,168591.55,9.0,15.0,1.0,0.0,1.0,1.0,,,,,,4.0,1.0,,,,,25:1,653.0,15.0,4.0,1.0,,,,,0.0,0.0,0.0,0.0,0.0,1.0,0.0,0.0,,,0.0,,0.0,0.0,,0.0,0.0,0.0,0.0,0.0,0.0,0.0,0.0,,402.0,,,0.0,,,0.0,0.0,,,1.0,0.0,0.0,1.0,15000.0,0.0,,,,,,413.0,359.0,-43.0,0.0,0.0,20000.0,0.0,0.0,,,,,,,,,,,,,,,,,,,,,,,,,
2027,DISTRICT_MANAGED_2027.xlsx,Traditional,NATIONAL TEACHERS,Elementary,NEAR SOUTH SIDE,Network 6,22.0,,,,393.5,,0.0,1.0,1.0,1.0,2.0,,,2.0,0.0,,0.0,244205.1,12.0,19.0,1.0,0.0,3.0,3.69,,,,,,6.0,3.0,,,,,27:1,497.0,28.0,6.0,2.0,,,,,0.0,0.0,1.0,0.0,0.0,0.0,0.0,0.0,,,0.0,,1.0,0.0,,0.0,0.0,0.0,0.0,0.0,31000.0,0.0,0.0,,726.0,,,0.0,,,0.0,0.0,,,0.31,0.0,0.0,0.5,15000.0,1.0,,,,,,805.0,741.0,15.0,0.0,0.0,40000.0,0.0,0.0,,,,,,,,,,,,,,,,,,,,,,,,,
2027,DISTRICT_MANAGED_2027.xlsx,Traditional,ASHBURN,Elementary,ASHBURN,Network 10,33.0,,,,470.5,,0.0,1.0,1.0,1.0,1.0,,,0.5,0.0,,2.0,81885.6,8.0,17.0,1.0,0.0,3.0,2.0,,,,,,2.0,1.0,,,,,25:1,629.0,11.0,3.0,1.0,,,,,0.0,0.0,0.0,0.0,0.0,0.0,0.0,0.0,,,0.0,,0.0,1.0,,0.0,0.0,0.0,0.0,0.0,0.0,0.0,0.0,,254.0,,,0.0,,,0.0,0.0,,,0.0,0.0,0.0,0.5,15000.0,0.0,,,,,,326.0,257.0,3.0,0.0,0.0,20000.0,0.0,0.0,,,,,,,,,,,,,,,,,,,,,,,,,
2027,DISTRICT_MANAGED_2027.xlsx,Traditional,MADERO,Elementary,SOUTH LAWNDALE,Network 7,44.0,,,,492.5,,0.0,1.0,0.0,1.0,1.0,,,0.0,0.0,,1.0,32801.31,3.0,1.0,0.5,0.0,0.0,0.0,,,,,,3.0,1.0,,,,,23:1,761.0,10.0,3.0,1.0,,,,,0.0,0.0,0.0,1.0,0.0,0.0,0.0,0.0,,,1.0,,0.0,0.0,,0.0,0.0,0.0,0.0,0.0,20000.0,0.0,0.0,,232.0,,,0.0,,,0.0,0.0,,,0.0,0.0,0.0,1.0,15000.0,0.0,,,,,,209.0,209.0,-23.0,0.0,0.0,20000.0,0.0,0.0,,,,,,,,,,,,,,,,,,,,,,,,,
2027,DISTRICT_MANAGED_2027.xlsx,Traditional,BOGAN HS,High,ASHBURN,Network 16,31.0,,,,476.0,,0.0,1.0,1.0,1.0,2.0,,,0.0,0.0,,3.0,169907.5,12.0,11.0,1.0,0.0,0.0,0.0,,,,,,4.0,6.0,,,,,20:1,1455.0,25.0,0.0,1.0,,,,,1.0,1.0,0.0,0.0,1.0,0.0,1.0,0.0,,,2.0,,0.0,0.0,,0.0,0.0,2.0,0.0,74999.69,30000.0,0.0,0.0,,564.0,,,0.0,,,0.0,0.0,,,1.0,0.0,0.0,1.0,15000.0,0.0,,,,,,532.0,497.0,-67.0,0.0,0.0,20000.0,0.0,0.0,,,,,,,,,,,,,,,,,,,,,,,,,
2027,DISTRICT_MANAGED_2027.xlsx,Traditional,DOUGLASS HS,High,AUSTIN,Network 15,47.0,,,,553.0,,0.0,1.0,0.0,1.0,1.0,,,0.0,0.0,,4.0,90972.5,3.0,1.0,0.0,0.0,0.0,0.0,,,,,,2.0,2.0,,,,,19:1,1743.0,10.0,0.0,1.0,,,,,0.0,0.0,0.0,1.0,0.0,0.0,0.0,0.0,,,0.0,,0.0,0.0,,0.0,0.0,0.0,0.0,79999.70000000001,0.0,0.0,0.0,,28.0,,,-2.0,,,0.0,0.0,,,0.0,0.0,0.0,0.0,15000.0,0.0,,,,,,27.0,27.0,-1.0,0.0,0.0,20000.0,0.0,0.0,,,,,,,,,,,,,,,,,,,,,,,,,
2027,DISTRICT_MANAGED_2027.xlsx,Traditional,AVONDALE-LOGANDALE,Elementary,AVONDALE,Network 4,28.0,,,,481.5,,0.0,1.0,1.0,1.0,1.0,,,0.0,0.0,,1.0,327031.4,9.0,19.0,1.0,0.0,2.0,2.0,,,,,,7.0,2.0,,,,,25:1,569.0,17.0,4.0,1.0,,,,,0.0,0.0,0.0,0.0,0.0,0.0,0.0,0.0,,,0.0,,0.0,0.0,,0.0,0.0,0.0,0.0,0.0,0.0,0.0,0.0,,434.0,,,0.0,,,0.0,0.0,,,0.0,0.0,0.0,2.0,15000.0,0.0,,,,,,440.0,422.0,-12.0,0.0,0.0,20000.0,0.0,0.0,,,,,,,,,,,,,,,,,,,,,,,,,
2027,DISTRICT_MANAGED_2027.xlsx,Traditional,BROOKS HS,High,ROSELAND,ISP,21.0,,,,355.0,,0.0,1.0,1.0,1.0,2.0,,,3.0,2.0,,5.0,200078.34,7.0,15.0,1.0,0.0,0.0,0.0,,,,,,4.0,6.0,,,,,22:1,1275.0,44.0,0.0,1.0,,,,,0.0,1.0,3.0,0.0,0.0,0.0,1.0,0.0,,,0.0,,0.0,0.0,,0.0,0.0,0.0,0.0,0.0,0.0,0.0,0.0,,957.0,,,-2.0,,,0.0,0.0,,,0.0,0.0,0.0,0.0,15000.0,0.0,,,,,,998.0,959.0,2.0,0.0,0.0,40000.0,0.0,0.0,,,,,,,,,,,,,,,,,,,,,,,,,
2027,DISTRICT_MANAGED_2027.xlsx,Traditional,NORTHWEST,Elementary,BELMONT CRAGIN,Network 3,40.0,,,,454.0,,0.0,1.0,1.0,1.0,2.0,,,0.0,0.0,,1.0,186519.81,7.0,12.0,1.0,0.0,0.0,0.0,,,,,,3.0,2.0,,,,,23:1,713.0,23.0,5.0,1.0,,,,,1.0,0.0,1.0,0.0,0.0,0.0,0.0,0.0,,,0.0,,0.0,0.0,,0.0,0.0,0.0,0.0,0.0,0.0,0.0,0.0,,520.0,,,0.0,,,0.0,0.0,,,3.0,0.0,0.0,2.0,15000.0,1.0,,,,,,518.0,510.0,-10.0,0.0,0.0,20000.0,0.0,0.0,,,,,,,,,,,,,,,,,,,,,,,,,
2027,DISTRICT_MANAGED_2027.xlsx,Traditional,CHICAGO ACADEMY ES,Elementary,DUNNING,Network 1,28.0,,,,399.0,,0.0,1.0,1.0,1.0,1.0,,,0.0,1.0,,0.0,256276.8,9.0,10.0,1.0,0.0,2.0,2.0,,,,,,6.0,1.0,,,,,25:1,569.0,21.0,5.0,1.0,,,,,1.0,0.0,0.0,0.0,1.0,0.0,0.5,0.0,,,0.0,,0.0,0.0,,0.0,0.0,0.0,0.0,0.0,0.0,0.0,0.0,,492.0,,,-2.0,,,0.0,0.0,,,0.0,0.0,0.0,1.0,15000.0,0.0,,,,,,561.0,503.0,11.0,0.0,0.0,20000.0,0.0,0.0,,,,,,,,,,,,,,,,,,,,,,,,,
2027,DISTRICT_MANAGED_2027.xlsx,Traditional,CARVER MILITARY HS,High,RIVERDALE,Network 17,33.0,,,,509.0,,0.0,1.0,1.0,1.0,1.0,,,0.0,0.0,,3.1500000000000004,400525.04,6.0,6.0,0.5,0.0,0.0,0.0,,,,,,4.0,4.85,,,,,20:1,1491.0,21.0,0.0,1.0,,,,,0.0,1.0,0.0,0.0,0.0,0.0,1.0,0.0,,,0.0,,0.0,0.0,,0.0,0.0,7.0,0.0,74999.76999999999,0.0,0.0,0.0,,416.0,,,-1.0,,,0.0,0.0,,,0.0,0.0,0.0,1.0,15000.0,0.0,,,,,,415.0,415.0,-1.0,0.0,0.0,20000.0,0.0,0.0,,,,,,,,,,,,,,,,,,,,,,,,,
2027,DISTRICT_MANAGED_2027.xlsx,Traditional,AIR FORCE HS,High,ARMOUR SQUARE,Network 16,37.0,,,,481.5,,2.0,1.0,0.0,1.0,1.0,,,0.0,1.0,,0.0,166947.25,5.0,7.0,0.5,0.0,0.0,0.0,,,,,,2.0,2.0,,,,,19:1,1563.0,10.0,0.0,1.0,,,,,0.0,0.0,0.0,1.0,0.0,0.0,0.0,0.0,,,0.0,,0.0,0.0,,0.0,0.0,4.0,0.0,79999.88,0.0,0.0,0.0,,130.0,,,0.0,,,0.0,0.0,,,0.0,0.0,0.0,0.5,15000.0,0.0,,,,,,155.0,155.0,25.0,0.0,0.0,20000.0,0.0,0.0,,,,,,,,,,,,,,,,,,,,,,,,,
2027,DISTRICT_MANAGED_2027.xlsx,Traditional,CHICAGO ACADEMY HS,High,DUNNING,Network 14,31.0,,,,443.0,,0.0,1.0,1.0,1.0,2.0,,,1.0,0.0,,5.0,324680.15,10.0,6.0,1.0,0.0,0.0,0.0,,,,,,0.0,2.0,,,,,20:1,1455.0,29.0,0.0,1.0,,,,,1.0,1.0,0.0,0.0,0.0,0.0,0.5,0.0,,,0.0,,0.0,0.0,,0.0,0.0,0.0,0.0,0.0,0.0,0.0,0.0,,577.0,,,0.0,,,0.0,0.0,,,0.0,0.0,0.0,1.0,15000.0,0.0,,,,,,562.0,562.0,-15.0,0.0,0.0,20000.0,0.0,0.0,,,,,,,,,,,,,,,,,,,,,,,,,
2027,DISTRICT_MANAGED_2027.xlsx,Traditional,CHICAGO AGRICULTURE HS,High,MOUNT GREENWOOD,ISP,26.0,,,,338.5,,0.0,1.0,1.0,1.0,2.0,,,0.8999999999999999,0.0,,1.0000000000000004,628062.5,20.0,42.0,1.5,0.0,0.0,0.0,,,,,,5.0,2.0,,,,,20:1,1365.0,35.0,0.0,1.0,,,,,0.0,1.0,0.0,1.0,2.0,0.0,0.0,0.0,,,0.0,,0.0,0.0,,0.0,0.0,0.0,0.0,0.0,0.0,0.0,0.0,,681.0,,,-2.0,,,0.0,0.0,,,0.0,1.0,0.0,1.0,15000.0,0.0,,,,,,760.0,685.0,4.0,0.0,0.0,40000.0,2.0,0.0,,,,,,,,,,,,,,,,,,,,,,,,,
2027,DISTRICT_MANAGED_2027.xlsx,Traditional,CHICAGO VOCATIONAL HS,High,AVALON PARK,Network 17,39.0,,,,492.5,,0.0,1.0,1.0,1.0,2.0,,,1.0,2.0,,4.5,45723.0,12.0,20.0,1.5,3.0,0.0,0.0,,,,,,4.0,9.0,,,,,19:1,1599.0,28.0,0.0,1.0,,,,,1.0,1.0,0.0,1.0,1.0,0.0,0.0,0.0,,,0.0,,0.0,0.0,,0.0,0.0,2.0,2.0,80000.26,0.0,0.0,0.0,,503.0,,,0.0,,,0.0,0.0,,,0.0,1.0,1.0,1.0,15000.0,0.0,,,,,,590.0,522.0,19.0,0.0,0.0,20000.0,0.0,0.0,,,,,,,,,,,,,,,,,,,,,,,,,
2027,DISTRICT_MANAGED_2027.xlsx,Traditional,CLARK HS,High,AUSTIN,ISP,38.0,,,,558.5,,1.0,1.0,1.0,1.0,2.0,,,0.0,0.0,,5.0,91207.5,8.0,8.0,1.0,0.0,0.0,0.0,,,,,,5.0,4.0,,,,,19:1,1581.0,23.0,0.0,1.0,,,,,0.0,1.0,0.0,0.0,0.0,1.0,1.0,0.0,,,1.0,,0.0,0.0,,0.0,0.0,3.0,0.0,79999.86,31000.0,0.0,0.0,,422.0,,,0.0,,,0.0,0.0,,,0.0,1.0,1.0,0.0,15000.0,0.0,,,,,,448.0,424.0,2.0,0.0,0.0,20000.0,0.0,0.0,,,,,,,,,,,,,,,,,,,,,,,,,
2027,DISTRICT_MANAGED_2027.xlsx,Traditional,CLEMENTE HS,High,WEST TOWN,Network 15,36.0,,,,437.5,,0.0,1.0,1.0,1.0,1.0,,,0.0,1.0,,6.0,178536.94,13.0,13.0,1.0,0.0,0.0,0.0,,,,,,7.0,7.0,,,,,20:1,1545.0,24.0,0.0,1.0,,,,,0.0,1.0,1.0,0.0,0.0,0.0,1.0,0.0,,,2.0,,0.0,0.0,,0.0,0.0,3.0,2.0,0.0,20000.0,0.0,0.0,,657.0,,,-2.0,,,0.0,0.0,,,0.0,0.0,0.0,1.0,15000.0,0.0,,,,,,491.0,473.0,-184.0,5.0,0.0,20000.0,0.0,0.0,,,,,,,,,,,,,,,,,,,,,,,,,
2027,DISTRICT_MANAGED_2027.xlsx,Traditional,FENGER HS,High,ROSELAND,Network 17,39.0,,,,531.0,,0.0,1.0,0.0,1.0,1.0,,,0.0,0.0,,2.5,93898.5,5.0,6.0,0.5,0.0,0.0,0.0,,,,,,2.0,7.0,,,,,19:1,1599.0,10.0,0.0,1.0,,,,,0.0,0.0,0.0,1.0,0.0,0.0,0.0,0.0,,,0.0,,0.0,0.0,,0.0,0.0,2.0,0.0,80000.22,30000.0,0.0,0.0,,196.0,,,0.0,,,0.0,0.0,,,0.0,0.0,0.0,0.0,15000.0,1.0,,,,,,167.0,167.0,-29.0,0.0,0.0,20000.0,0.0,0.0,,,,,,,,,,,,,,,,,,,,,,,,,
2027,DISTRICT_MANAGED_2027.xlsx,Traditional,CORLISS HS,High,PULLMAN,Network 17,39.0,,,,509.0,,0.0,1.0,1.0,1.0,1.0,,,3.0,0.0,,2.0,49349.41,6.0,5.0,0.5,0.0,0.0,0.0,,,,,,6.0,5.0,,,,,19:1,1599.0,17.0,0.0,1.0,,,,,0.0,0.0,0.0,0.0,0.0,0.0,0.5,0.0,,,0.0,,0.0,0.0,,0.0,0.0,2.0,0.0,79999.81,31000.0,0.0,0.0,,351.0,,,0.0,,,0.0,0.0,,,0.0,1.0,1.0,0.5,15000.0,0.0,,,,,,331.0,319.0,-32.0,0.0,0.0,20000.0,0.0,0.0,,,,,,,,,,,,,,,,,,,,,,,,,
2027,DISTRICT_MANAGED_2027.xlsx,Traditional,GAGE PARK HS,High,GAGE PARK,Network 16,44.0,,,,388.0,,0.0,1.0,1.0,1.0,2.0,,,3.0,0.0,,1.0,91521.0,7.0,8.0,0.5,0.0,0.0,0.0,,,,,,6.0,5.0,,,,,19:1,1689.0,16.0,0.0,1.0,,,,,0.0,0.0,1.0,0.0,0.0,0.0,0.0,0.0,,,0.0,,0.0,0.0,,0.0,0.0,2.0,1.0,80000.06,30000.0,0.0,0.0,,330.0,,,0.0,,,0.0,0.0,,,0.0,0.0,0.0,1.0,15000.0,1.0,,,,,,301.0,289.0,-41.0,0.0,0.0,20000.0,0.0,0.0,,,,,,,,,,,,,,,,,,,,,,,,,
2027,DISTRICT_MANAGED_2027.xlsx,Traditional,CURIE HS,High,ARCHER HEIGHTS,Network 15,30.0,,,,454.0,,0.0,1.0,1.0,1.0,6.0,,,2.0,4.0,,22.25,630299.3,23.0,19.0,3.0,3.0,0.0,0.0,,,,,,12.0,7.75,,,,,20:1,1437.0,141.0,0.0,1.0,,,,,1.0,1.0,2.0,4.0,2.0,0.0,4.0,0.0,,,3.0,,0.0,0.0,,0.0,0.0,2.0,0.0,0.0,0.0,0.0,0.0,,2867.0,,,0.0,,,0.0,0.0,,,0.0,1.0,0.0,3.0,15000.0,0.0,,,,,,2826.0,2809.0,-58.0,4.0,0.0,60000.0,0.0,0.0,,,,,,,,,,,,,,,,,,,,,,,,,
2027,DISTRICT_MANAGED_2027.xlsx,Traditional,DISNEY II ES,ES + HS,IRVING PARK,Network 14,23.0,,,,316.5,,0.0,1.0,2.0,2.0,3.0,,,0.0,1.0,,5.0,248202.46,16.0,18.0,1.5,0.0,2.0,2.0,,,,,,5.0,3.0,,,,,27:1 | 22:1,996.0,51.0,11.0,2.0,,,,,0.0,1.0,0.0,2.0,1.0,0.0,1.0,0.0,,,0.0,,0.0,0.0,,0.0,0.0,0.0,0.0,0.0,15000.0,0.0,0.0,,1112.0,,,-1.0,,,0.0,0.0,,,1.0,0.0,0.0,2.0,15000.0,0.0,,,,,,1197.0,1158.0,46.0,0.0,0.0,60000.0,0.0,0.0,,,,,,,,,,,,,,,,,,,,,,,,,
2027,DISTRICT_MANAGED_2027.xlsx,Traditional,DYETT ARTS HS,High,WASHINGTON PARK,Network 17,29.0,,,,525.5,,0.0,1.0,1.0,1.0,1.0,,,0.0,2.0,,4.17,182774.96,8.0,7.0,1.0,0.0,0.0,0.0,,,,,,4.0,7.0,,,,,20:1,1419.0,24.0,0.0,1.0,,,,,0.0,1.0,0.0,0.0,0.0,0.0,0.0,0.0,,,0.0,,0.0,0.0,,0.0,0.0,0.0,0.0,79999.52,0.0,0.0,0.0,,505.0,,,0.0,,,0.0,0.0,,,0.0,0.0,0.0,0.0,15000.0,0.0,,,,,,484.0,473.0,-32.0,0.0,0.0,20000.0,0.0,0.0,,,,,,,,,,,,,,,,,,,,,,,,,
2027,DISTRICT_MANAGED_2027.xlsx,Traditional,ENGLEWOOD STEM HS,High,ENGLEWOOD,Network 16,40.0,,,,470.5,,2.0,1.0,1.0,1.0,2.0,,,0.0,1.0,,2.0,305038.81,9.0,7.0,1.0,0.0,0.0,0.0,,,,,,4.0,13.0,,,,,19:1,1617.0,27.0,0.0,1.0,,,,,1.0,1.0,0.0,1.0,1.0,0.0,1.0,0.0,,,0.0,,0.0,0.0,,0.0,0.0,2.0,0.0,80000.0,0.0,0.0,0.0,,619.0,,,0.0,,,0.0,0.0,,,0.0,1.0,1.0,1.0,15000.0,1.0,,,,,,514.0,504.0,-115.0,2.0,0.0,20000.0,0.0,0.0,,,,,,,,,,,,,,,,,,,,,,,,,
2027,DISTRICT_MANAGED_2027.xlsx,Traditional,FARRAGUT HS,High,SOUTH LAWNDALE,Network 16,43.0,,,,448.5,,0.0,1.0,1.0,1.0,2.0,,,1.0,0.0,,1.67,276524.75,10.0,10.0,1.0,0.0,0.0,0.0,,,,,,7.0,9.0,,,,,19:1,1671.0,21.0,0.0,1.0,,,,,0.0,1.0,1.0,1.0,0.0,0.0,0.0,0.0,,,2.0,,0.0,0.0,,0.0,0.0,3.0,0.0,79999.86,30000.0,1.0,0.0,,415.0,,,0.0,,,0.0,0.0,,,0.0,0.0,0.0,1.0,15000.0,1.0,,,,,,412.0,386.0,-29.0,0.0,0.0,20000.0,0.0,0.0,,,,,,,,,,,,,,,,,,,,,,,,,
2027,DISTRICT_MANAGED_2027.xlsx,Traditional,FOREMAN HS,High,PORTAGE PARK,Network 14,40.0,,,,399.0,,0.0,1.0,1.0,1.0,2.0,,,1.0,0.0,,3.0,176887.95,11.0,9.0,1.0,0.0,0.0,0.0,,,,,,4.0,6.0,,,,,19:1,1617.0,27.0,0.0,1.0,,,,,1.0,1.0,0.0,1.0,1.0,0.0,1.0,0.0,,,0.0,,0.0,0.0,,0.0,0.0,3.0,0.0,75000.18,30000.0,0.0,0.0,,538.0,,,0.0,,,0.0,0.0,,,0.0,0.0,0.0,2.0,15000.0,1.0,,,,,,503.0,502.0,-36.0,0.0,0.0,20000.0,0.0,0.0,,,,,,,,,,,,,,,,,,,,,,,,,
2027,DISTRICT_MANAGED_2027.xlsx,Traditional,GOODE HS,High,ASHBURN,Network 16,28.0,,,,470.5,,0.0,1.0,1.0,1.0,2.0,,,0.0,2.0,,3.0,437786.81,14.0,24.0,1.5,0.0,0.0,0.0,,,,,,4.0,6.0,,,,,20:1,1401.0,47.0,0.0,1.0,,,,,1.0,1.0,0.0,1.0,1.0,0.0,2.0,0.0,,,0.0,,0.0,0.0,,0.0,0.0,0.0,0.0,75000.18,0.0,0.0,0.0,,953.0,,,0.0,,,0.0,0.0,,,0.0,1.0,1.0,1.0,15000.0,0.0,,,,,,942.0,929.0,-24.0,0.0,0.0,40000.0,0.0,0.0,,,,,,,,,,,,,,,,,,,,,,,,,
2027,DISTRICT_MANAGED_2027.xlsx,Traditional,HANCOCK HS,High,CLEARING,Network 15,25.0,,,,355.0,,0.0,1.0,1.0,1.0,3.0,,,4.5,2.0,,0.0,405009.34,9.0,9.0,0.5,0.0,0.0,0.0,,,,,,5.0,5.0,,,,,22:1,1347.0,48.0,0.0,1.0,,,,,0.0,1.0,1.0,1.0,2.0,0.0,0.0,0.0,,,0.0,,0.0,0.0,,0.0,0.0,0.0,0.0,0.0,0.0,0.0,0.0,,1030.0,,,0.0,,,0.0,0.0,,,0.0,0.0,0.0,0.5,15000.0,0.0,,,,,,1049.0,1036.0,6.0,0.0,0.0,60000.0,0.0,0.0,,,,,,,,,,,,,,,,,,,,,,,,,
2027,DISTRICT_MANAGED_2027.xlsx,Traditional,HUBBARD HS,High,WEST LAWN,Network 16,34.0,,,,454.0,,0.0,1.0,1.0,1.0,4.0,,,3.0,1.0,,10.5,270348.25,11.0,5.0,1.5,0.0,0.0,0.0,,,,,,7.0,6.0,,,,,20:1,1509.0,76.0,0.0,1.0,,,,,1.0,1.0,3.0,2.0,3.0,0.0,2.0,0.0,,,1.0,,0.0,0.0,,0.0,0.0,4.0,1.0,79999.7,0.0,0.0,0.0,,1587.0,,,0.0,,,0.0,0.0,,,0.0,0.0,0.0,3.0,15000.0,0.0,,,,,,1504.0,1504.0,-83.0,2.0,0.0,60000.0,0.0,0.0,,,,,,,,,,,,,,,,,,,,,,,,,
2027,DISTRICT_MANAGED_2027.xlsx,Traditional,HYDE PARK HS,High,WOODLAWN,Network 17,33.0,,,,514.5,,0.0,1.0,1.0,1.0,2.0,,,1.0,0.0,,4.5,275248.05,11.0,13.0,1.5,0.0,0.0,0.0,,,,,,4.0,10.0,,,,,20:1,1491.0,39.0,0.0,1.0,,,,,1.0,1.0,0.0,1.0,1.0,0.0,2.0,0.0,,,2.0,,0.0,0.0,,0.0,0.0,2.0,0.0,79999.65,15000.0,0.0,0.0,,735.0,,,0.0,,,0.0,0.0,,,0.0,0.0,0.0,0.5,15000.0,1.0,,,,,,786.0,765.0,30.0,0.0,0.0,40000.0,0.0,0.0,,,,,,,,,,,,,,,,,,,,,,,,,
2027,DISTRICT_MANAGED_2027.xlsx,Traditional,JONES HS,High,LOOP,Network 15,11.0,,,,0.0,,0.0,1.0,1.0,1.0,4.0,,,6.0,1.0,,2.1999999999999997,73085.98999999999,14.0,23.0,1.5,0.0,0.0,0.0,,,,,,8.0,10.8,,,,,22:1,1095.0,85.0,0.0,0.0,,,,,0.0,1.0,0.0,2.0,4.0,0.0,1.0,0.0,,,0.0,,0.0,0.0,,0.0,0.0,0.0,0.0,64999.56,0.0,2.0,0.0,,1892.0,,,0.0,,,0.0,0.0,,,0.0,0.0,0.0,1.0,15000.0,0.0,,,,,,1914.0,1864.0,-28.0,0.0,0.0,60000.0,0.0,0.0,,,,,,,,,,,,,,,,,,,,,,,,,
2027,DISTRICT_MANAGED_2027.xlsx,Traditional,JUAREZ HS,High,LOWER WEST SIDE,Network 15,37.0,,,,470.5,,0.0,1.0,1.0,1.0,3.0,,,1.0,3.0,,10.25,498701.22,16.0,5.0,2.0,0.0,0.0,0.0,,,,,,8.0,6.75,,,,,19:1,1563.0,75.0,0.0,1.0,,,,,1.0,1.0,2.0,1.0,1.0,0.0,1.0,0.0,,,2.0,,0.0,0.0,,0.0,0.0,0.0,1.0,0.0,0.0,0.0,0.0,,1520.0,,,0.0,,,0.0,0.0,,,1.0,1.0,0.0,3.0,15000.0,0.0,,,,,,1422.0,1422.0,-98.0,0.0,0.0,60000.0,0.0,0.0,,,,,,,,,,,,,,,,,,,,,,,,,
2027,DISTRICT_MANAGED_2027.xlsx,Traditional,JULIAN HS,High,WASHINGTON HEIGHTS,Network 16,39.0,,,,509.0,,0.0,1.0,1.0,1.0,2.0,,,3.0,0.0,,1.0,199217.0,8.0,8.0,1.0,0.0,0.0,0.0,,,,,,5.0,6.0,,,,,19:1,1599.0,20.0,0.0,1.0,,,,,0.0,1.0,0.0,0.0,0.0,0.0,1.0,0.0,,,0.0,,0.0,0.0,,0.0,0.0,2.0,0.0,79999.52,5500.0,0.0,0.0,,394.0,,,0.0,,,0.0,0.0,,,0.0,1.0,0.0,0.0,15000.0,0.0,,,,,,382.0,370.0,-24.0,0.0,0.0,20000.0,0.0,0.0,,,,,,,,,,,,,,,,,,,,,,,,,
2027,DISTRICT_MANAGED_2027.xlsx,Traditional,KELLY HS,High,BRIGHTON PARK,Network 16,37.0,,,,448.5,,0.0,1.0,1.0,1.0,4.0,,,8.0,0.64,,4.0,414826.3,17.0,24.0,2.0,0.0,0.0,0.0,,,,,,9.0,10.0,,,,,19:1,1563.0,79.0,0.0,1.0,,,,,0.0,1.0,0.0,3.0,3.0,0.0,1.0,0.0,,,1.0,,0.0,0.0,,0.0,0.0,0.0,1.0,0.0,5500.0,0.0,0.0,,1587.0,,,0.0,,,0.0,0.0,,,0.0,0.0,0.0,3.0,15000.0,0.0,,,,,,1502.0,1489.0,-98.0,0.0,0.0,60000.0,0.0,0.0,,,,,,,,,,,,,,,,,,,,,,,,,
2027,DISTRICT_MANAGED_2027.xlsx,Traditional,KELVYN PARK HS,High,HERMOSA,Network 14,38.0,,,,415.5,,0.0,1.0,1.0,1.0,2.0,,,1.0,0.0,,4.0,189856.54,10.0,10.0,1.0,0.0,0.0,0.0,,,,,,4.0,5.0,,,,,19:1,1581.0,28.0,0.0,1.0,,,,,0.0,1.0,0.0,1.0,1.0,0.0,1.0,0.0,,,0.0,,0.0,0.0,,0.0,0.0,2.0,0.0,0.0,30000.0,0.0,0.0,,542.0,,,0.0,,,0.0,-1.0,,,0.0,0.0,0.0,2.0,15000.0,1.0,,,,,,510.0,530.0,-12.0,0.0,0.0,20000.0,1.0,0.0,,,,,,,,,,,,,,,,,,,,,,,,,
2027,DISTRICT_MANAGED_2027.xlsx,Traditional,KENNEDY HS,High,GARFIELD RIDGE,Network 16,24.0,,,,377.0,,2.0,1.0,1.0,1.0,3.0,,,4.0,2.0,,5.0,529344.74,21.0,18.0,2.5,0.0,0.0,0.0,,,,,,8.0,8.0,,,,,22:1,1329.0,64.0,0.0,1.0,,,,,0.0,1.0,2.0,1.0,1.0,0.0,1.0,0.0,,,2.0,,0.0,0.0,,0.0,0.0,0.0,0.0,75000.0,5500.0,0.0,0.0,,1492.0,,,0.0,,,0.0,0.0,,,0.0,0.0,0.0,2.0,15000.0,0.0,,,,,,1457.0,1398.0,-94.0,2.0,0.0,60000.0,0.0,0.0,,,,,,,,,,,,,,,,,,,,,,,,,
2027,DISTRICT_MANAGED_2027.xlsx,Traditional,KENWOOD HS,High,KENWOOD,Network 17,22.0,,,,349.5,,3.0,1.0,1.0,2.0,5.0,,,2.5,0.0,,9.15,759453.83,11.0,11.0,1.5,0.0,0.0,0.0,,,,,,6.0,11.85,,,,,22:1,1293.0,98.0,0.0,1.0,,,,,0.0,1.0,0.0,4.0,4.0,0.0,1.0,0.0,,,0.0,,0.0,0.0,,0.0,0.0,0.0,1.0,75000.31,0.0,0.0,0.0,,2207.0,,,0.0,,,0.0,0.0,,,0.0,0.0,0.0,1.0,15000.0,0.0,,,,,,2172.0,2150.0,-57.0,2.0,1.0,60000.0,0.0,0.0,,,,,,,,,,,,,,,,,,,,,,,,,
2027,DISTRICT_MANAGED_2027.xlsx,Traditional,KING HS,High,KENWOOD,Network 17,32.0,,,,470.5,,0.0,1.0,1.0,1.0,2.0,,,2.0,1.0,,6.0,522092.83,9.0,15.0,1.0,0.0,0.0,0.0,,,,,,4.0,6.0,,,,,20:1,1473.0,42.0,0.0,1.0,,,,,1.0,1.0,0.0,0.0,2.0,0.0,0.0,0.0,,,0.0,,0.0,0.0,,0.0,0.0,3.0,0.0,79999.65,31000.0,0.0,0.0,,765.0,,,0.0,,,0.0,0.0,,,0.0,0.0,0.0,0.0,15000.0,1.0,,,,,,866.0,823.0,58.0,0.0,0.0,40000.0,0.0,0.0,,,,,,,,,,,,,,,,,,,,,,,,,
2027,DISTRICT_MANAGED_2027.xlsx,Traditional,LAKE VIEW HS,High,LAKE VIEW,Network 14,23.0,,,,426.5,,3.0,1.0,1.0,1.0,3.0,,,2.0,3.0,,8.0,120383.85,23.0,10.0,2.0,0.0,0.0,0.0,,,,,,6.0,5.0,,,,,22:1,1311.0,62.0,0.0,1.0,,,,,0.0,1.0,1.0,2.0,1.0,0.0,2.0,0.0,,,0.0,,0.0,0.0,,0.0,0.0,2.0,0.0,74999.73,0.0,0.0,0.0,,1347.0,,,0.0,,,0.0,0.0,,,0.0,1.0,1.0,2.0,15000.0,0.0,,,,,,1345.0,1345.0,-2.0,0.0,0.0,60000.0,0.0,0.0,,,,,,,,,,,,,,,,,,,,,,,,,
2027,DISTRICT_MANAGED_2027.xlsx,Traditional,LANE TECH HS,High,NORTH CENTER,Network 14,13.0,,,,0.0,,1.0,1.0,1.0,1.0,10.0,,,13.5,2.0,,10.0,159651.66,36.0,32.0,4.5,0.0,0.0,0.0,,,,,,7.0,10.0,,,,,22:1,1131.0,204.0,0.0,0.0,,,,,0.0,1.0,1.0,5.0,8.0,0.0,5.0,0.0,,,0.0,,0.0,0.0,,0.0,0.0,3.0,0.0,0.0,0.0,2.0,0.0,,4539.0,,,0.0,,,0.0,0.0,,,0.0,0.0,0.0,1.0,15000.0,0.0,,,,,,4530.0,4470.0,-69.0,7.0,1.0,60000.0,0.0,0.0,,,,,,,,,,,,,,,,,,,,,,,,,
2027,DISTRICT_MANAGED_2027.xlsx,Traditional,LINCOLN PARK HS,High,LINCOLN PARK,Network 14,17.0,,,,300.0,,0.0,1.0,1.0,1.0,5.0,,,10.5,1.0,,5.0,79817.81,15.0,16.0,2.0,0.0,0.0,0.0,,,,,,6.0,12.0,,,,,22:1,1203.0,96.0,0.0,1.0,,,,,0.0,1.0,1.0,2.0,4.0,0.0,1.0,0.0,,,3.0,,0.0,0.0,,0.0,0.0,2.0,0.0,0.0,0.0,0.0,0.0,,2158.0,,,0.0,,,0.0,0.0,,,0.0,0.0,0.0,1.0,15000.0,0.0,,,,,,2136.0,2112.0,-46.0,1.0,0.0,60000.0,0.0,0.0,,,,,,,,,,,,,,,,,,,,,,,,,
2027,DISTRICT_MANAGED_2027.xlsx,Traditional,LINDBLOM HS,High,WEST ENGLEWOOD,Network 16,24.0,,,,355.0,,2.0,1.0,1.0,1.0,3.0,,,4.5,2.0,,5.0,77051.0,11.0,20.0,1.0,0.0,0.0,0.0,,,,,,5.0,8.0,,,,,22:1,1329.0,56.0,0.0,1.0,,,,,0.0,1.0,0.0,2.0,1.0,1.0,1.0,0.0,,,0.0,,0.0,0.0,,0.0,0.0,4.0,0.0,75000.47,0.0,0.0,0.0,,1241.0,,,0.0,,,0.0,0.0,,,0.0,0.0,0.0,0.5,15000.0,0.0,,,,,,1268.0,1219.0,-22.0,0.0,1.5,60000.0,0.0,0.0,,,,,,,,,,,,,,,,,,,,,,,,,
2027,DISTRICT_MANAGED_2027.xlsx,Traditional,MARINE LEADERSHIP AT AMES HS,High,LOGAN SQUARE,Network 14,39.0,,,,487.0,,0.0,1.0,0.0,1.0,2.0,,,2.0,0.0,,4.0,393279.81,10.0,5.0,1.0,0.0,0.0,0.0,,,,,,4.0,3.0,,,,,19:1,1599.0,25.0,0.0,1.0,,,,,0.0,1.0,0.0,0.0,1.0,0.0,0.5,0.0,,,0.0,,0.0,0.0,,0.0,0.0,6.0,0.0,0.0,0.0,0.0,0.0,,546.0,,,-2.0,,,-1.0,0.0,,,0.0,0.0,0.0,1.0,15000.0,0.0,,,,,,475.0,475.0,-71.0,0.0,0.0,20000.0,0.0,0.0,,,,,,,,,,,,,,,,,,,,,,,,,
2027,DISTRICT_MANAGED_2027.xlsx,Traditional,MATHER HS,High,WEST RIDGE,Network 14,29.0,,,,443.0,,2.0,1.0,1.0,1.0,4.0,,,2.0,2.0,,10.0,498440.49,17.0,7.0,2.0,0.0,0.0,0.0,,,,,,8.0,5.0,,,,,20:1,1419.0,84.0,0.0,1.0,,,,,1.0,1.0,0.0,2.0,4.0,0.0,1.0,0.0,,,0.0,,0.0,0.0,,0.0,0.0,0.0,1.0,0.0,31000.0,0.0,0.0,,1665.0,,,0.0,,,0.0,0.0,,,0.0,1.0,0.0,3.0,15000.0,1.0,,,,,,1662.0,1662.0,-3.0,0.0,0.0,60000.0,0.0,0.0,,,,,,,,,,,,,,,,,,,,,,,,,
2027,DISTRICT_MANAGED_2027.xlsx,Traditional,SPRY HS,High,SOUTH LAWNDALE,Network 16,45.0,,,,432.0,,0.0,0.0,1.0,1.0,1.0,,,0.0,0.0,,1.5,333900.0,5.0,2.0,0.0,0.0,0.0,0.0,,,,,,0.0,1.0,,,,,19:1,1707.0,10.0,0.0,1.0,,,,,0.0,0.0,0.0,0.0,0.0,0.0,0.0,0.0,,,0.0,,0.0,0.0,,0.0,0.0,0.0,0.0,0.0,0.0,0.0,0.0,,82.0,,,0.0,,,0.0,0.0,,,0.0,0.0,0.0,0.5,15000.0,0.0,,,,,,72.0,72.0,-10.0,0.0,0.0,20000.0,0.0,0.0,,,,,,,,,,,,,,,,,,,,,,,,,
2027,DISTRICT_MANAGED_2027.xlsx,Traditional,RABY HS,High,EAST GARFIELD PARK,Network 15,44.0,,,,558.5,,0.0,1.0,0.0,1.0,1.0,,,0.0,0.0,,1.5,128673.6,9.0,12.0,0.5,0.0,0.0,0.0,,,,,,3.0,3.0,,,,,19:1,1689.0,10.0,0.0,1.0,,,,,0.0,0.0,0.0,0.6,0.0,0.0,1.0,0.0,,,0.0,,0.0,0.0,,0.0,0.0,0.0,0.0,80000.43,0.0,0.0,0.0,,75.0,,,0.0,,,0.0,0.0,,,0.0,0.0,0.0,0.0,15000.0,0.0,,,,,,78.0,44.0,-31.0,0.0,0.0,20000.0,0.0,0.0,,,,,,,,,,,,,,,,,,,,,,,,,
2027,DISTRICT_MANAGED_2027.xlsx,Traditional,MORGAN PARK HS,High,MORGAN PARK,Network 16,25.0,,,,465.0,,3.0,1.0,1.0,1.0,3.0,,,2.5,1.0,,8.0,362108.25,11.0,10.0,1.5,0.0,0.0,0.0,,,,,,5.0,14.0,,,,,22:1,1347.0,54.0,0.0,1.0,,,,,0.0,1.0,2.0,1.0,1.28,0.0,0.0,0.0,,,2.0,,0.0,0.0,,0.0,0.0,3.0,0.0,74999.91,0.0,0.0,0.0,,1193.0,,,0.0,,,0.0,0.0,,,0.0,0.0,0.0,0.0,15000.0,0.0,,,,,,1199.0,1172.0,-21.0,0.0,0.0,60000.0,0.0,0.0,,,,,,,,,,,,,,,,,,,,,,,,,
2027,DISTRICT_MANAGED_2027.xlsx,Traditional,BOWEN HS,High,SOUTH CHICAGO,Network 17,45.0,,,,415.5,,0.0,1.0,1.0,1.0,2.0,,,0.0,0.0,,2.0,134068.7,7.0,8.0,0.5,0.0,0.0,0.0,,,,,,5.0,6.0,,,,,19:1,1707.0,13.0,0.0,1.0,,,,,0.0,0.0,0.0,0.0,0.0,0.0,1.0,0.0,,,0.0,,0.0,0.0,,0.0,0.0,2.0,1.0,80000.04999999999,30000.0,0.0,0.0,,213.0,,,0.0,,,0.0,0.0,,,0.0,0.0,0.0,1.0,15000.0,1.0,,,,,,256.0,239.0,26.0,0.0,0.0,20000.0,0.0,0.0,,,,,,,,,,,,,,,,,,,,,,,,,
2027,DISTRICT_MANAGED_2027.xlsx,Traditional,NORTH-GRAND HS,High,HUMBOLDT PARK,Network 15,38.0,,,,459.5,,0.0,1.0,1.0,1.0,2.0,,,1.5,2.0,,7.0,322572.18000000005,12.0,19.0,1.5,0.0,0.0,0.0,,,,,,6.0,5.0,,,,,19:1,1581.0,47.0,0.0,1.0,,,,,1.0,1.0,0.0,1.0,1.0,0.0,1.0,0.0,,,0.0,,0.0,0.0,,0.0,0.0,0.0,0.0,80000.43,0.0,0.0,0.0,,968.0,,,0.0,,,0.0,0.0,,,0.0,1.0,1.0,2.0,15000.0,0.0,,,,,,926.0,878.0,-90.0,1.0,0.0,40000.0,0.0,0.0,,,,,,,,,,,,,,,,,,,,,,,,,
2027,DISTRICT_MANAGED_2027.xlsx,Traditional,DEVRY HS,High,LINCOLN SQUARE,Network 14,31.0,,,,388.0,,0.0,1.0,0.0,1.0,1.0,,,0.0,0.0,,1.0,734006.9,1.0,0.0,0.0,0.0,0.0,0.0,,,,,,0.0,1.0,,,,,20:1,1455.0,10.0,0.0,1.0,,,,,0.0,0.0,0.0,1.0,0.0,0.0,0.0,0.0,,,0.0,,0.0,0.0,,0.0,0.0,0.0,0.0,0.0,0.0,0.0,0.0,,152.0,,,0.0,,,0.0,0.0,,,0.0,0.0,0.0,0.5,15000.0,0.0,,,,,,165.0,165.0,13.0,0.0,0.0,20000.0,0.0,0.0,,,,,,,,,,,,,,,,,,,,,,,,,
2027,DISTRICT_MANAGED_2027.xlsx,Traditional,NORTHSIDE PREP HS,High,NORTH PARK,Network 14,21.0,,,,0.0,,0.0,1.0,1.0,1.0,3.0,,,6.0,1.0,,4.0,5848.21,12.0,19.0,1.5,0.0,0.0,0.0,,,,,,4.0,5.0,,,,,22:1,1275.0,49.0,0.0,0.0,,,,,0.0,1.0,0.0,1.0,0.0,0.0,1.0,0.0,,,0.0,,0.0,0.0,,0.0,0.0,0.0,0.0,0.0,0.0,0.0,0.0,,1048.0,,,0.0,,,0.0,0.0,,,0.0,0.0,0.0,0.5,15000.0,0.0,,,,,,1083.0,1064.0,16.0,0.0,0.0,60000.0,0.0,0.0,,,,,,,,,,,,,,,,,,,,,,,,,
2027,DISTRICT_MANAGED_2027.xlsx,Traditional,OGDEN ES,ES + HS,NEAR NORTH SIDE,Network 15,25.0,,,,382.5,,3.0,1.0,3.0,3.0,4.0,,,2.0,0.0,,5.0,247306.1,17.0,26.0,1.5,0.0,3.0,3.0,,,,,,8.0,9.0,,,,,27:1 | 22:1,803.0,49.0,10.0,2.0,,,,,0.0,1.0,0.0,0.0,2.0,0.0,1.0,0.0,,,4.0,,0.0,0.0,,0.0,0.0,0.0,1.0,0.0,15000.0,3.0,0.0,,1279.0,,,0.0,,,0.0,0.0,,,0.0,0.0,0.0,2.0,15000.0,1.0,,,,,,1236.0,1182.0,-97.0,3.0,1.0,60000.0,0.0,0.0,,,,,,,,,,,,,,,,,,,,,,,,,
2027,DISTRICT_MANAGED_2027.xlsx,Traditional,AUSTIN CCA HS,High,AUSTIN,Network 15,45.0,,,,492.5,,0.0,1.0,0.0,1.0,1.0,,,1.0,0.0,,0.1,103694.7,6.0,4.0,0.0,0.0,0.0,0.0,,,,,,3.0,4.9,,,,,19:1,1707.0,10.0,0.0,1.0,,,,,0.0,0.0,0.0,1.0,0.0,0.0,1.0,0.0,,,0.0,,0.0,0.0,,0.0,0.0,0.0,0.0,80000.28,30000.0,0.0,0.0,,140.0,,,0.0,,,0.0,0.0,,,0.0,0.0,0.0,0.5,15000.0,1.0,,,,,,140.0,140.0,0.0,0.0,0.0,20000.0,0.0,0.0,,,,,,,,,,,,,,,,,,,,,,,,,
2027,DISTRICT_MANAGED_2027.xlsx,Traditional,PAYTON HS,High,NEAR NORTH SIDE,Network 15,14.0,,,,0.0,,0.0,1.0,1.0,1.0,3.0,,,0.5,2.0,,2.5,81520.0,11.0,10.0,1.0,0.0,0.0,0.0,,,,,,3.0,5.0,,,,,22:1,1149.0,57.0,0.0,0.0,,,,,0.0,1.0,1.0,2.0,2.0,0.0,1.0,0.0,,,0.0,,0.0,0.0,,0.0,0.0,0.0,0.0,0.0,0.0,6.0,0.0,,1235.0,,,0.0,,,0.0,0.0,,,0.0,0.0,0.0,0.5,15000.0,0.0,,,,,,1261.0,1242.0,7.0,0.0,1.0,60000.0,0.0,0.0,,,,,,,,,,,,,,,,,,,,,,,,,
2027,DISTRICT_MANAGED_2027.xlsx,Traditional,CRANE MEDICAL HS,High,NEAR WEST SIDE,Network 15,34.0,,,,520.0,,1.0,1.0,1.0,1.0,1.0,,,2.0,0.0,,2.0,124698.78,5.0,3.0,0.5,0.0,0.0,0.0,,,,,,4.0,3.88,,,,,20:1,1509.0,16.0,0.0,1.0,,,,,0.0,0.0,0.0,0.0,1.0,0.0,0.0,0.0,,,0.0,,0.0,0.0,,0.0,0.0,0.0,0.0,79999.95000000001,0.0,0.0,0.0,,283.0,,,0.0,,,0.0,0.0,,,0.0,1.0,1.0,0.0,15000.0,0.0,,,,,,305.0,305.0,22.0,0.0,0.0,20000.0,0.0,0.0,,,,,,,,,,,,,,,,,,,,,,,,,
2027,DISTRICT_MANAGED_2027.xlsx,Traditional,PHILLIPS HS,High,DOUGLAS,Network 17,36.0,,,,531.0,,0.0,1.0,1.0,1.0,1.0,,,0.0,0.0,,3.0,179969.0,7.0,5.0,1.0,0.0,0.0,0.0,,,,,,4.0,7.0,,,,,20:1,1545.0,18.0,0.0,1.0,,,,,0.0,1.0,1.0,0.0,0.0,0.0,1.0,0.0,,,0.0,,0.0,0.0,,0.0,0.0,0.0,0.0,0.0,30000.0,1.0,0.0,,402.0,,,0.0,,,0.0,0.0,,,0.0,0.0,0.0,0.0,15000.0,0.0,,,,,,353.0,353.0,-49.0,0.0,0.0,20000.0,0.0,0.0,,,,,,,,,,,,,,,,,,,,,,,,,
2027,DISTRICT_MANAGED_2027.xlsx,Traditional,PHOENIX MILITARY HS,High,NEAR WEST SIDE,Network 15,37.0,,,,503.5,,0.0,1.0,1.0,1.0,1.0,,,0.0,0.0,,3.0,519275.01,4.0,3.0,0.5,0.0,0.0,0.0,,,,,,4.0,2.0,,,,,19:1,1563.0,19.0,0.0,1.0,,,,,0.0,1.0,0.0,0.0,1.0,0.0,0.0,0.0,,,0.0,,0.0,0.0,,0.0,0.0,7.0,0.0,0.0,0.0,0.0,0.0,,367.0,,,-2.0,,,0.0,0.0,,,0.0,0.0,0.0,1.0,15000.0,0.0,,,,,,359.0,359.0,-8.0,0.0,0.0,20000.0,0.0,0.0,,,,,,,,,,,,,,,,,,,,,,,,,
2027,DISTRICT_MANAGED_2027.xlsx,Traditional,PROSSER HS,High,BELMONT CRAGIN,Network 15,33.0,,,,481.5,,0.0,1.0,1.0,1.0,3.0,,,5.0,2.0,,9.0,336770.61,16.0,11.0,1.5,5.0,0.0,0.0,,,,,,5.0,4.0,,,,,20:1,1491.0,58.0,0.0,1.0,,,,,1.0,1.0,1.0,1.0,0.0,0.0,1.0,0.0,,,2.0,,0.0,0.0,,0.0,0.0,3.0,0.0,74999.9,0.0,0.0,0.0,,1137.0,,,0.0,,,0.0,0.0,,,0.0,1.0,0.0,2.0,15000.0,0.0,,,,,,1190.0,1158.0,21.0,0.0,0.0,60000.0,0.0,0.0,,,,,,,,,,,,,,,,,,,,,,,,,
2027,DISTRICT_MANAGED_2027.xlsx,Traditional,HIRSCH HS,High,GREATER GRAND CROSSING,Network 17,44.0,,,,437.5,,0.0,1.0,0.0,1.0,1.0,,,0.0,0.0,,1.23,266245.47,3.0,4.0,0.0,0.0,0.0,0.0,,,,,,2.0,3.0,,,,,19:1,1689.0,10.0,0.0,1.0,,,,,0.0,0.0,2.0,0.0,0.0,0.0,0.0,0.0,,,0.0,,0.0,0.0,,0.0,0.0,0.0,0.0,80000.02,30000.0,0.0,0.0,,102.0,,,0.0,,,0.0,0.0,,,0.0,0.0,0.0,0.0,15000.0,1.0,,,,,,77.0,77.0,-25.0,0.0,0.0,20000.0,0.0,0.0,,,,,,,,,,,,,,,,,,,,,,,,,
2027,DISTRICT_MANAGED_2027.xlsx,Traditional,MARSHALL HS,High,EAST GARFIELD PARK,Network 15,40.0,,,,520.0,,0.0,1.0,0.0,1.0,1.0,,,2.0,0.0,,0.0,168520.75,7.0,9.0,0.5,0.0,0.0,0.0,,,,,,3.0,6.0,,,,,19:1,1617.0,12.0,0.0,1.0,,,,,0.0,0.0,0.0,1.0,0.0,0.0,0.0,0.0,,,0.0,,0.0,0.0,,0.0,0.0,0.0,0.0,80000.09,30000.0,0.0,0.0,,199.0,,,0.0,,,0.0,0.0,,,0.0,0.0,0.0,0.5,15000.0,1.0,,,,,,228.0,228.0,29.0,0.0,0.0,20000.0,0.0,0.0,,,,,,,,,,,,,,,,,,,,,,,,,
2027,DISTRICT_MANAGED_2027.xlsx,Traditional,RICKOVER MILITARY HS,High,PORTAGE PARK,ISP,25.0,,,,404.5,,1.0,1.0,1.0,1.0,2.0,,,1.0,0.0,,1.0,400785.9,6.0,4.0,1.0,0.0,0.0,0.0,,,,,,3.0,3.0,,,,,22:1,1347.0,26.0,0.0,1.0,,,,,0.0,1.0,0.0,1.0,1.0,0.0,0.0,0.0,,,0.0,,0.0,0.0,,0.0,0.0,8.0,0.0,0.0,0.0,0.0,0.0,,525.0,,,0.0,,,0.0,0.0,,,0.0,0.0,0.0,1.0,15000.0,0.0,,,,,,571.0,571.0,46.0,0.0,0.0,20000.0,0.0,0.0,,,,,,,,,,,,,,,,,,,,,,,,,
2027,DISTRICT_MANAGED_2027.xlsx,Traditional,ROOSEVELT HS,High,ALBANY PARK,Network 14,30.0,,,,382.5,,0.0,1.0,1.0,2.0,2.0,,,6.0,1.0,,1.1500000000000004,95948.07,12.0,14.0,1.5,0.0,0.0,0.0,,,,,,6.0,4.85,,,,,20:1,1437.0,43.0,0.0,1.0,,,,,1.0,1.0,1.0,1.0,2.0,0.0,0.0,0.0,,,0.0,,0.0,0.0,,0.0,0.0,3.0,1.0,0.0,0.0,0.0,0.0,,1030.0,,,0.0,,,0.0,0.0,,,0.0,1.0,0.0,3.0,15000.0,0.0,,,,,,881.0,859.0,-171.0,6.0,0.0,40000.0,0.0,0.0,,,,,,,,,,,,,,,,,,,,,,,,,
2027,DISTRICT_MANAGED_2027.xlsx,Traditional,SCHURZ HS,High,IRVING PARK,Network 14,31.0,,,,404.5,,0.0,1.0,1.0,1.0,4.0,,,1.275,0.0,,3.4499999999999997,842545.51,19.0,23.0,2.0,0.0,0.0,0.0,,,,,,6.0,7.550000000000001,,,,,20:1,1455.0,56.0,0.0,1.0,,,,,0.0,1.0,2.0,1.0,2.0,0.0,1.0,0.0,,,2.0,,0.0,0.0,,0.0,0.0,2.0,0.0,74999.9,5500.0,0.0,0.0,,1079.0,,,0.0,,,0.0,0.0,,,0.0,1.0,0.0,3.0,15000.0,0.0,,,,,,1022.0,1116.0,37.0,0.0,0.0,60000.0,0.0,0.0,,,,,,,,,,,,,,,,,,,,,,,,,
2027,DISTRICT_MANAGED_2027.xlsx,Traditional,SENN HS,High,EDGEWATER,Network 14,24.0,,,,382.5,,2.0,1.0,1.0,1.0,3.0,,,4.0,2.0,,6.0,180127.59,19.0,6.0,2.0,0.0,0.0,0.0,,,,,,6.0,6.0,,,,,22:1,1329.0,65.0,0.0,1.0,,,,,0.0,1.0,0.0,2.0,2.0,0.0,2.0,0.0,,,3.0,,0.0,0.0,,0.0,0.0,2.0,0.0,0.0,0.0,0.0,0.0,,1496.0,,,0.0,,,0.0,0.0,,,0.0,0.0,0.0,2.0,15000.0,0.0,,,,,,1418.0,1418.0,-78.0,1.0,0.0,60000.0,0.0,0.0,,,,,,,,,,,,,,,,,,,,,,,,,
2027,DISTRICT_MANAGED_2027.xlsx,Traditional,SIMEON HS,High,CHATHAM,Network 17,32.0,,,,514.5,,0.0,1.0,1.0,1.0,3.0,,,2.0,1.0,,9.0,149760.87,15.0,20.0,1.5,0.0,0.0,0.0,,,,,,4.0,6.0,,,,,20:1,1473.0,53.0,0.0,1.0,,,,,1.0,1.0,2.0,1.0,2.0,0.0,1.0,0.0,,,0.0,,0.0,0.0,,0.0,0.0,0.0,1.0,79999.5,0.0,1.0,0.0,,1001.0,,,0.0,,,0.0,0.0,,,0.0,1.0,0.0,0.0,15000.0,0.0,,,,,,1090.0,1044.0,43.0,0.0,0.0,60000.0,0.0,0.0,,,,,,,,,,,,,,,,,,,,,,,,,
2027,DISTRICT_MANAGED_2027.xlsx,Traditional,CHICAGO ARTS HS,High,WEST TOWN,Network 15,25.0,,,,0.0,,4.0,1.0,1.0,1.0,2.0,,,0.0,0.0,,5.0,197112.7,6.0,6.0,1.0,0.0,0.0,0.0,,,,,,3.0,4.0,,,,,22:1,1347.0,26.0,0.0,0.0,,,,,0.0,0.0,0.0,1.0,0.0,0.0,0.0,0.0,,,0.0,,0.0,0.0,,0.0,0.0,0.0,0.0,0.0,0.0,0.0,0.0,,577.0,,,0.0,,,0.0,0.0,,,0.0,0.0,0.0,0.5,15000.0,0.0,,,,,,544.0,544.0,-33.0,0.0,0.0,20000.0,2.0,0.0,,,,,,,,,,,,,,,,,,,,,,,,,
2027,DISTRICT_MANAGED_2027.xlsx,Traditional,COLLINS STEAM HS,High,NORTH LAWNDALE,Network 15,44.0,,,,580.5,,0.0,1.0,0.0,1.0,1.0,,,0.0,0.0,,2.0,177366.22999999998,5.0,8.0,0.5,0.0,0.0,0.0,,,,,,4.0,5.0,,,,,19:1,1689.0,11.0,0.0,1.0,,,,,0.0,0.0,0.0,1.0,0.0,0.0,0.0,0.0,,,0.0,,0.0,0.0,,0.0,0.0,0.0,0.0,80000.37,0.0,0.0,0.0,,198.0,,,0.0,,,0.0,0.0,,,0.0,1.0,2.0,0.0,15000.0,0.0,,,,,,199.0,199.0,1.0,0.0,0.0,20000.0,0.0,0.0,,,,,,,,,,,,,,,,,,,,,,,,,
2027,DISTRICT_MANAGED_2027.xlsx,Traditional,HARLAN HS,High,ROSELAND,Network 17,38.0,,,,509.0,,0.0,1.0,0.0,1.0,1.0,,,1.0,0.0,,0.2800000000000002,111081.57,6.0,12.0,0.5,0.0,0.0,0.0,,,,,,3.0,4.0,,,,,19:1,1581.0,10.0,0.0,1.0,,,,,0.0,0.0,0.0,1.0,0.0,0.0,1.0,0.0,,,0.0,,0.0,0.0,,0.0,0.0,2.0,0.0,79999.91,30000.0,0.0,0.0,,157.0,,,0.0,,,0.0,0.0,,,0.0,0.0,0.0,0.0,15000.0,1.0,,,,,,166.0,161.0,4.0,0.0,0.0,20000.0,0.0,0.0,,,,,,,,,,,,,,,,,,,,,,,,,
2027,DISTRICT_MANAGED_2027.xlsx,Traditional,WELLS HS,High,WEST TOWN,Network 15,36.0,,,,432.0,,0.0,1.0,1.0,1.0,1.0,,,0.5,0.0,,1.2999999999999998,149772.40000000002,6.0,4.0,0.5,0.0,0.0,0.0,,,,,,2.0,4.0,,,,,20:1,1545.0,14.0,0.0,1.0,,,,,0.0,0.0,1.0,0.0,0.0,1.0,1.0,0.0,,,0.0,,0.0,0.0,,0.0,0.0,0.0,0.0,75000.44,75000.0,0.0,0.0,,366.0,,,-1.0,,,0.0,0.0,,,0.0,0.0,0.0,1.0,15000.0,1.0,,,,,,278.0,278.0,-88.0,0.0,0.0,20000.0,0.0,0.0,,,,,,,,,,,,,,,,,,,,,,,,,
2027,DISTRICT_MANAGED_2027.xlsx,Traditional,SOLORIO HS,High,GAGE PARK,Network 15,31.0,,,,448.5,,0.0,1.0,1.0,1.0,3.0,,,0.5,2.0,,6.170000000000002,282966.18,13.0,13.0,1.5,0.0,0.0,0.0,,,,,,7.0,4.83,,,,,20:1,1455.0,61.0,0.0,1.0,,,,,1.0,1.0,1.0,2.0,2.0,0.0,1.0,0.0,,,0.0,,0.0,0.0,,0.0,0.0,0.0,0.0,79999.5,0.0,0.0,0.0,,1227.0,,,0.0,,,0.0,0.0,,,3.0,1.0,1.0,2.0,15000.0,0.0,,,,,,1233.0,1207.0,-20.0,0.0,0.0,60000.0,0.0,0.0,,,,,,,,,,,,,,,,,,,,,,,,,
2027,DISTRICT_MANAGED_2027.xlsx,Traditional,WORLD LANGUAGE HS,High,SOUTH LAWNDALE,Network 15,46.0,,,,487.0,,0.0,1.0,1.0,1.0,2.0,,,0.0,0.0,,3.0,190663.06,6.0,4.0,0.5,0.0,0.0,0.0,,,,,,0.0,7.0,,,,,19:1,1725.0,19.0,0.0,1.0,,,,,0.0,0.0,1.0,0.0,1.0,0.0,0.0,0.0,,,0.0,,0.0,0.0,,0.0,0.0,0.0,0.0,79999.9,0.0,0.0,0.0,,377.0,,,0.0,,,0.0,0.0,,,0.0,0.0,0.0,1.0,15000.0,0.0,,,,,,361.0,361.0,-16.0,0.0,0.0,20000.0,0.0,0.0,,,,,,,,,,,,,,,,,,,,,,,,,
2027,DISTRICT_MANAGED_2027.xlsx,Traditional,SOUTH SHORE INTL HS,High,SOUTH SHORE,Network 17,31.0,,,,465.0,,0.0,1.0,1.0,1.0,2.0,,,3.0,1.0,,2.1500000000000004,97110.54,9.0,16.0,1.0,0.0,0.0,0.0,,,,,,4.0,5.85,,,,,20:1,1455.0,27.0,0.0,1.0,,,,,1.0,1.0,0.0,0.0,1.0,0.0,1.0,0.0,,,3.0,,0.0,0.0,,0.0,0.0,2.0,0.0,0.0,0.0,0.0,0.0,,564.0,,,0.0,,,0.0,0.0,,,0.0,0.0,0.0,0.0,15000.0,0.0,,,,,,555.0,523.0,-41.0,0.0,0.0,20000.0,0.0,0.0,,,,,,,,,,,,,,,,,,,,,,,,,
2027,DISTRICT_MANAGED_2027.xlsx,Traditional,DUNBAR HS,High,DOUGLAS,Network 17,37.0,,,,553.0,,0.0,1.0,1.0,1.0,1.0,,,2.0,0.0,,1.0,208812.2,8.0,9.0,1.0,0.0,0.0,0.0,,,,,,3.0,6.0,,,,,19:1,1563.0,17.0,0.0,1.0,,,,,0.0,0.0,0.0,0.0,1.0,0.0,0.0,0.0,,,0.0,,0.0,0.0,,0.0,0.0,2.0,0.0,79999.68,5500.0,0.0,0.0,,326.0,,,0.0,,,0.0,0.0,,,0.0,9.0,0.0,0.0,15000.0,0.0,,,,,,314.0,305.0,-21.0,0.0,0.0,20000.0,0.0,0.0,,,,,,,,,,,,,,,,,,,,,,,,,
2027,DISTRICT_MANAGED_2027.xlsx,Traditional,STEINMETZ HS,High,BELMONT CRAGIN,Network 14,34.0,,,,421.0,,0.0,1.0,1.0,1.0,2.0,,,0.0,1.0,,6.15,295378.4,12.0,8.0,1.5,0.0,0.0,0.0,,,,,,6.0,4.85,,,,,20:1,1509.0,45.0,0.0,1.0,,,,,0.0,1.0,0.0,1.58,3.0,0.0,1.0,0.0,,,2.0,,0.0,0.0,,0.0,0.0,3.0,1.0,74999.92,0.0,0.0,0.0,,1059.0,,,-2.0,,,0.0,0.0,,,1.0,0.0,1.0,2.0,15000.0,1.0,,,,,,891.0,891.0,-168.0,5.0,0.0,40000.0,0.0,0.0,,,,,,,,,,,,,,,,,,,,,,,,,
2027,DISTRICT_MANAGED_2027.xlsx,Traditional,RICHARDS HS,High,NEW CITY,Network 16,45.0,,,,415.5,,3.0,1.0,1.0,1.0,2.0,,,0.0,0.0,,2.0,341189.0,7.0,7.0,0.5,0.0,0.0,0.0,,,,,,2.0,5.0,,,,,19:1,1707.0,16.0,0.0,1.0,,,,,0.0,0.0,0.0,0.0,0.0,0.0,0.0,0.0,,,0.0,,0.0,0.0,,0.0,0.0,0.0,1.0,79999.7,30000.0,0.0,0.0,,305.0,,,0.0,,,0.0,0.0,,,1.0,0.0,0.0,1.0,15000.0,1.0,,,,,,296.0,296.0,-9.0,0.0,0.0,20000.0,0.0,0.0,,,,,,,,,,,,,,,,,,,,,,,,,
2027,DISTRICT_MANAGED_2027.xlsx,Traditional,SULLIVAN HS,High,ROGERS PARK,Network 14,32.0,,,,432.0,,0.0,1.0,1.0,1.0,2.0,,,3.0,0.0,,2.1500000000000004,388818.73,13.0,13.0,1.0,0.0,0.0,0.0,,,,,,3.0,5.85,,,,,20:1,1473.0,28.0,0.0,1.0,,,,,0.0,1.0,0.0,1.0,0.0,0.0,0.0,0.0,,,0.0,,0.0,0.0,,0.0,0.0,2.0,2.0,0.0,5500.0,0.0,0.0,,683.0,,,0.0,,,0.0,-1.0,,,0.0,0.0,0.0,2.0,15000.0,0.0,,,,,,594.0,555.0,-128.0,2.0,0.0,20000.0,0.0,0.0,,,,,,,,,,,,,,,,,,,,,,,,,
2027,DISTRICT_MANAGED_2027.xlsx,Traditional,TAFT HS,High,NORWOOD PARK,Network 14,15.0,,,,316.5,,0.0,1.0,1.0,2.0,9.0,,,0.0,2.0,,22.0,935910.79,55.0,26.0,4.5,0.0,0.0,0.0,,,,,,16.0,10.0,,,,,22:1,1167.0,191.0,0.0,1.0,,,,,0.0,1.0,1.0,5.0,10.0,0.0,3.0,0.0,,,4.0,,0.0,0.0,,0.0,0.0,3.0,0.0,130000.49,0.0,0.0,0.0,,4293.0,,,0.0,,,0.0,0.0,,,0.0,0.0,0.0,4.0,15000.0,0.0,,,,,,4197.0,4187.0,-106.0,8.0,0.0,60000.0,0.0,0.0,,,,,,,,,,,,,,,,,,,,,,,,,
2027,DISTRICT_MANAGED_2027.xlsx,Traditional,VON STEUBEN HS,High,NORTH PARK,Network 14,19.0,,,,371.5,,1.0,1.0,1.0,1.0,4.0,,,5.0,3.0,,7.0,194841.18,11.0,4.0,1.5,0.0,0.0,0.0,,,,,,7.0,4.0,,,,,22:1,1239.0,79.0,0.0,1.0,,,,,0.0,1.0,0.0,2.0,2.0,0.0,1.0,0.0,,,0.0,,0.0,0.0,,0.0,0.0,0.0,0.0,64999.54,0.0,0.0,0.0,,1651.0,,,0.0,,,0.0,0.0,,,0.0,0.0,0.0,1.0,15000.0,0.0,,,,,,1741.0,1717.0,66.0,0.0,0.0,60000.0,0.0,0.0,,,,,,,,,,,,,,,,,,,,,,,,,
2027,DISTRICT_MANAGED_2027.xlsx,Traditional,WASHINGTON HS,High,EAST SIDE,Network 17,28.0,,,,426.5,,0.0,1.0,1.0,1.0,3.0,,,0.0,0.0,,16.0,375322.85,18.0,18.0,2.0,0.0,0.0,0.0,,,,,,7.0,3.0,,,,,20:1,1401.0,67.0,0.0,1.0,,,,,1.0,1.0,1.0,1.0,1.0,0.0,2.0,0.0,,,2.0,,0.0,0.0,,0.0,0.0,0.0,0.0,0.0,5500.0,0.0,0.0,,1445.0,,,0.0,,,0.0,0.0,,,0.0,0.0,0.0,2.0,15000.0,0.0,,,,,,1348.0,1326.0,-119.0,4.0,0.0,60000.0,0.0,0.0,,,,,,,,,,,,,,,,,,,,,,,,,
2027,DISTRICT_MANAGED_2027.xlsx,Traditional,MANLEY HS,High,EAST GARFIELD PARK,Network 15,46.0,,,,509.0,,0.0,1.0,0.0,1.0,1.0,,,0.0,0.0,,3.25,117794.55,4.0,1.0,0.0,0.0,0.0,0.0,,,,,,2.0,4.0,,,,,19:1,1725.0,10.0,0.0,1.0,,,,,0.0,0.0,0.0,1.0,0.0,0.0,0.0,0.0,,,0.0,,0.0,0.0,,0.0,0.0,2.0,0.0,79999.94,30000.0,0.0,0.0,,128.0,,,-1.0,,,0.0,0.0,,,0.0,0.0,0.0,0.0,15000.0,1.0,,,,,,117.0,117.0,-11.0,0.0,0.0,20000.0,0.0,0.0,,,,,,,,,,,,,,,,,,,,,,,,,
2027,DISTRICT_MANAGED_2027.xlsx,Traditional,TILDEN HS,High,NEW CITY,Network 16,45.0,,,,399.0,,1.0,1.0,0.0,1.0,1.0,,,1.0,0.0,,1.75,82819.31,8.0,7.0,0.5,0.0,0.0,0.0,,,,,,2.0,5.0,,,,,19:1,1707.0,11.0,0.0,1.0,,,,,0.0,0.0,0.0,1.0,0.0,0.0,0.0,0.0,,,0.0,,0.0,0.0,,0.0,0.0,0.0,0.0,79999.68,30000.0,0.0,0.0,,221.0,,,0.0,,,0.0,0.0,,,0.0,0.0,0.0,1.0,15000.0,1.0,,,,,,224.0,203.0,-18.0,0.0,0.0,20000.0,0.0,0.0,,,,,,,,,,,,,,,,,,,,,,,,,
2027,DISTRICT_MANAGED_2027.xlsx,Traditional,WESTINGHOUSE HS,High,HUMBOLDT PARK,Network 15,25.0,,,,459.5,,3.0,1.0,1.0,1.0,3.0,,,2.0,2.0,,3.2200000000000006,643216.0700000001,10.0,25.0,1.0,0.0,0.0,0.0,,,,,,5.0,5.78,,,,,22:1,1347.0,53.0,0.0,1.0,,,,,0.0,1.0,0.0,1.0,3.0,0.0,1.0,0.0,,,0.0,,0.0,0.0,,0.0,0.0,0.0,0.0,80000.35,0.0,0.0,0.0,,1182.0,,,0.0,,,0.0,0.0,,,0.0,0.0,0.0,1.0,15000.0,0.0,,,,,,1202.0,1158.0,-24.0,0.0,0.0,60000.0,0.0,0.0,,,,,,,,,,,,,,,,,,,,,,,,,
2027,DISTRICT_MANAGED_2027.xlsx,Traditional,INFINITY HS,High,SOUTH LAWNDALE,Network 15,37.0,,,,492.5,,0.0,1.0,1.0,1.0,1.0,,,0.5,1.0,,2.0,170803.03999999998,6.0,6.0,0.5,0.0,0.0,0.0,,,,,,0.0,0.0,,,,,19:1,1563.0,21.0,0.0,1.0,,,,,0.0,0.0,1.0,0.0,1.0,0.0,0.0,0.0,,,0.0,,0.0,0.0,,0.0,0.0,0.0,0.0,0.0,0.0,0.0,0.0,,409.0,,,0.0,,,0.0,0.0,,,0.0,1.0,1.0,1.0,15000.0,0.0,,,,,,392.0,392.0,-17.0,0.0,0.0,20000.0,0.0,0.0,,,,,,,,,,,,,,,,,,,,,,,,,
2027,DISTRICT_MANAGED_2027.xlsx,Traditional,WILLIAMS HS,High,GRAND BOULEVARD,Network 17,38.0,,,,514.5,,0.0,1.0,0.0,1.0,1.0,,,0.0,0.0,,0.0,340918.0,4.0,1.0,0.0,0.0,0.0,0.0,,,,,,2.0,4.0,,,,,19:1,1581.0,10.0,0.0,1.0,,,,,0.0,0.0,0.0,0.0,1.6800000000000002,0.0,0.0,0.0,,,0.0,,0.0,0.0,,0.0,0.0,0.0,0.0,39999.87,0.0,0.0,0.0,,72.0,,,0.0,,,0.0,0.0,,,0.0,0.0,0.0,0.0,15000.0,0.0,,,,,,83.0,83.0,11.0,0.0,0.0,20000.0,0.0,0.0,,,,,,,,,,,,,,,,,,,,,,,,,
2027,DISTRICT_MANAGED_2027.xlsx,Traditional,SOCIAL JUSTICE HS,High,SOUTH LAWNDALE,Network 15,45.0,,,,465.0,,0.0,1.0,0.0,1.0,1.0,,,1.0,0.0,,1.0,127594.2,4.0,2.0,0.0,0.0,0.0,0.0,,,,,,7.0,0.0,,,,,19:1,1707.0,12.0,0.0,1.0,,,,,0.0,0.0,0.0,1.0,0.0,0.0,0.0,0.0,,,0.0,,0.0,0.0,,0.0,0.0,0.0,0.0,0.0,5500.0,0.0,0.0,,253.0,,,0.0,,,0.0,0.0,,,0.0,0.0,0.0,1.0,15000.0,0.0,,,,,,216.0,216.0,-37.0,0.0,0.0,20000.0,0.0,0.0,,,,,,,,,,,,,,,,,,,,,,,,,
2027,DISTRICT_MANAGED_2027.xlsx,Traditional,MULTICULTURAL ARTS HS,High,SOUTH LAWNDALE,Network 15,47.0,,,,404.5,,0.0,1.0,0.0,1.0,1.0,,,0.0,0.0,,1.0,224927.29,6.0,6.0,0.5,0.0,0.0,0.0,,,,,,0.0,0.0,,,,,19:1,1743.0,13.0,0.0,1.0,,,,,0.0,1.0,0.0,1.0,0.0,0.0,0.0,0.0,,,0.0,,0.0,0.0,,0.0,0.0,0.0,0.0,0.0,30000.0,0.0,0.0,,276.0,,,0.0,,,0.0,0.0,,,0.0,0.0,0.0,1.0,15000.0,0.0,,,,,,243.0,243.0,-33.0,0.0,0.0,20000.0,0.0,0.0,,,,,,,,,,,,,,,,,,,,,,,,,
2027,DISTRICT_MANAGED_2027.xlsx,Traditional,BRONZEVILLE HS,High,GRAND BOULEVARD,Network 17,45.0,,,,536.5,,0.0,1.0,0.0,1.0,1.0,,,0.0,0.0,,2.0,151268.25,6.0,8.0,0.0,0.0,0.0,0.0,,,,,,0.0,1.0,,,,,19:1,1707.0,10.0,0.0,1.0,,,,,0.0,0.0,0.0,1.0,0.0,0.0,0.0,0.0,,,1.0,,0.0,0.0,,0.0,0.0,0.0,0.0,40000.25,0.0,0.0,0.0,,101.0,,,0.0,,,0.0,0.0,,,0.0,0.0,0.0,0.0,15000.0,0.0,,,,,,114.0,103.0,2.0,0.0,0.0,20000.0,0.0,0.0,,,,,,,,,,,,,,,,,,,,,,,,,
2027,DISTRICT_MANAGED_2027.xlsx,Traditional,YOUNG HS,High,NEAR WEST SIDE,Network 15,12.0,,,,0.0,,0.0,1.0,1.0,1.0,5.0,,,3.5,5.0,,3.960000000000001,125465.45,15.0,29.0,2.0,7.0,0.0,0.0,,,,,,5.0,7.04,,,,,22:1,1113.0,97.0,0.0,0.0,,,,,0.0,1.0,0.0,3.0,3.0,0.0,1.0,0.0,,,0.0,,0.0,0.0,,0.0,0.0,0.0,0.0,75000.45,0.0,0.0,0.0,,2127.0,,,0.0,,,0.0,0.0,,,0.0,0.0,0.0,0.5,15000.0,0.0,,,,,,2201.0,2118.0,-9.0,0.0,0.0,60000.0,0.0,0.0,,,,,,,,,,,,,,,,,,,,,,,,,
2027,DISTRICT_MANAGED_2027.xlsx,Traditional,CHICAGO MILITARY HS,High,DOUGLAS,Network 17,42.0,,,,509.0,,0.0,1.0,0.0,1.0,1.0,,,0.5,0.0,,1.0,122584.59,5.0,6.0,0.5,0.0,0.0,0.0,,,,,,3.0,4.0,,,,,19:1,1653.0,11.0,0.0,1.0,,,,,0.0,0.0,0.0,1.0,0.0,0.0,0.0,0.0,,,0.0,,0.0,0.0,,0.0,0.0,5.0,0.0,80000.14,0.0,0.0,0.0,,195.0,,,0.0,,,0.0,0.0,,,0.0,1.0,1.0,0.5,15000.0,0.0,,,,,,205.0,205.0,10.0,0.0,0.0,20000.0,0.0,0.0,,,,,,,,,,,,,,,,,,,,,,,,,
2027,DISTRICT_MANAGED_2027.xlsx,Traditional,ALCOTT HS,High,NORTH CENTER,Network 15,33.0,,,,404.5,,0.0,1.0,1.0,1.0,1.0,,,2.0,0.0,,1.2400000000000002,106053.33,17.0,13.0,1.0,0.0,0.0,0.0,,,,,,2.0,1.76,,,,,20:1,1491.0,16.0,0.0,1.0,,,,,0.0,0.0,0.0,0.0,0.0,0.0,0.5,0.0,,,0.0,,0.0,0.0,,0.0,0.0,0.0,0.0,0.0,0.0,0.0,0.0,,363.0,,,0.0,,,0.0,0.0,,,0.0,0.0,0.0,1.0,15000.0,0.0,,,,,,314.0,314.0,-49.0,0.0,0.0,20000.0,0.0,0.0,,,,,,,,,,,,,,,,,,,,,,,,,
2027,DISTRICT_MANAGED_2027.xlsx,Traditional,Projected Additional Resources Budgeted Citywide,,,,,,,,,,,,,,,,,,,,,,124.0,351.0,,,,,,,,,,,,,,,,,,,,,,,,,,,,,,,,,,,,,,,,,,,,,,,,,,,,,,,,,,,100.0,,,,,,,,,,,,,,,,,,,,,,,,,,,,,,,,,,,,,,,,,,,
2027,DISTRICT_MANAGED_2027.xlsx,Alt-Spec,CATALPA,Specialty,PORTAGE PARK,Network 1,,,,,0.0,,0.0,1.0,1.0,1.0,1.0,,,1.1,0.0,,0.0,22441.0,3.0,7.0,0.5,0.0,12.4,8.0,,,,,,2.0,1.0,,,,,,,,,0.0,,,,,,,,0.0,,,,0.0,,,,,,,,,,,0.0,,,,,223.0,,,,,,,,,,,0.0,,,1.0,15000.0,0.0,,,,,,212.0,,,,,20000.0,,,212.0,0.0,-11.0,0.0,0.0,,,,,,,,,,,,,,,,,,,,
2027,DISTRICT_MANAGED_2027.xlsx,Alt-Spec,VICK,Specialty,MORGAN PARK,Network 10,,,,,0.0,,0.0,1.0,1.0,3.0,1.0,,,0.0,0.0,,0.0,291822.22,5.0,13.0,1.5,0.0,28.0,13.0,,,,,,2.0,1.0,,,,,,,,,0.0,,,,,,,,0.0,,,,1.0,,,,,,,,,,,0.0,,,,,446.0,,,,,,,,,,,0.0,,,1.0,15000.0,0.0,,,,,,446.0,,,,,20000.0,,,446.0,0.0,0.0,2.0,1.0,,,,,,,,,,,,,,,,,,,,
2027,DISTRICT_MANAGED_2027.xlsx,Alt-Spec,THOMAS,Specialty,MCKINLEY PARK,ISP,,,,,0.0,,0.0,1.0,1.0,1.0,1.0,,,0.0,0.0,,0.0,132058.0,2.0,7.0,0.5,0.0,11.0,5.0,,,,,,2.0,1.0,,,,,,,,,0.0,,,,,,,,0.0,,,,2.0,,,,,,,,,,,0.0,,,,,131.0,,,,,,,,,,,1.0,,,2.0,15000.0,0.0,,,,,,131.0,,,,,20000.0,,,131.0,0.0,0.0,1.0,0.0,,,,,,,,,,,,,,,,,,,,
2027,DISTRICT_MANAGED_2027.xlsx,Alt-Spec,VIRTUAL ACADEMY,Specialty,VIRTUAL,ISP,,,,,503.5,,0.0,1.0,2.0,2.0,2.0,,,1.5,0.0,,1.0,197398.0,22.0,32.0,2.0,0.0,0.0,0.0,,,,,,0.0,0.0,,,,,,,,,2.0,,,,,,,,1.0,,,,0.0,,,,,,,,,,,0.0,,,,,544.0,,,,,,,,,,,0.0,,,2.0,15000.0,0.0,,,,,,481.0,,,,,20000.0,,,0.0,481.0,-63.0,35.0,1.0,,,,,,,,,,,,,,,,,,,,
2027,DISTRICT_MANAGED_2027.xlsx,Alt-Spec,JEFFERSON HS,Alternative,NEAR WEST SIDE,Options,,,,,399.0,,0.0,1.0,1.0,1.0,1.0,,,0.0,0.0,,1.0,348546.0,15.0,10.0,0.5,0.0,,,,,,,,0.0,0.0,,,,,,,,,1.0,,,,,,,,0.0,,,,,,,,,,,,,,,0.0,,,,,191.0,,,,,,,,,,,0.0,,,0.0,15000.0,0.5,,,,,,163.0,,,,,20000.0,,,0.0,163.0,-28.0,10.0,0.0,,,,,,,,,,,,,,,,,,,,
2027,DISTRICT_MANAGED_2027.xlsx,Alt-Spec,BEARD,Specialty,NORWOOD PARK,Network 1,,,,,443.0,,1.0,1.0,1.0,1.0,1.0,,,0.0,0.0,,1.0,213980.0,13.0,65.0,1.5,0.0,20.0,13.0,,,,,,3.0,2.0,,,,,,,,,0.0,,,,,,,,0.0,,,,0.0,,,,,,,,,,,0.0,,,,,396.0,,,,,,,,,,,0.0,,,1.0,15000.0,0.0,,,,,,420.0,,,,,20000.0,,,332.0,88.0,24.0,6.0,2.0,,,,,,,,,,,,,,,,,,,,
2027,DISTRICT_MANAGED_2027.xlsx,Alt-Spec,BLAIR,Specialty,CLEARING,Network 10,,,,,399.0,,0.0,1.0,1.0,1.0,1.0,,,0.0,0.0,,0.0,195783.0,16.0,40.0,1.5,0.0,6.0,3.0,,,,,,1.0,1.0,,,,,,,,,0.0,,,,,,,,0.0,,,,0.0,,,,,,,,,,,0.0,,,,,262.0,,,,,,,,,,,0.0,,,1.0,15000.0,0.0,,,,,,260.0,,,,,20000.0,,,177.0,83.0,-2.0,5.0,0.0,,,,,,,,,,,,,,,,,,,,
2027,DISTRICT_MANAGED_2027.xlsx,Alt-Spec,STOCK,Specialty,EDISON PARK,Network 1,,,,,0.0,,1.0,1.0,1.0,1.0,1.0,,,0.0,0.0,,0.0,155453.0,2.0,12.0,1.0,0.0,12.0,6.0,,,,,,1.0,0.0,,,,,,,,,0.0,,,,,,,,0.0,,,,0.0,,,,,,,,,,,0.0,,,,,208.0,,,,,,,,,,,0.0,,,1.0,15000.0,0.0,,,,,,208.0,,,,,20000.0,,,208.0,0.0,0.0,3.0,0.0,,,,,,,,,,,,,,,,,,,,
2027,DISTRICT_MANAGED_2027.xlsx,Alt-Spec,RUDOLPH,Specialty,NEAR WEST SIDE,Network 6,,,,,498.0,,0.0,1.0,1.0,1.0,1.0,,,0.0,0.0,,0.0,191461.0,13.0,39.0,1.0,0.0,0.0,0.0,,,,,,2.0,1.0,,,,,,,,,0.0,,,,,,,,0.0,,,,0.0,,,,,,,,,,,0.0,,,,,100.0,,,,,,,,,,,0.0,,,0.5,15000.0,0.0,,,,,,122.0,,,,,20000.0,,,27.0,95.0,22.0,4.0,0.0,,,,,,,,,,,,,,,,,,,,
2027,DISTRICT_MANAGED_2027.xlsx,Alt-Spec,FISHER,Specialty,LINCOLN PARK,Network 4,,,,,0.0,,0.0,1.0,1.0,1.0,1.0,,,1.0,0.0,,1.0,84523.47,2.0,7.0,0.5,0.0,8.0,5.0,,,,,,2.0,1.0,,,,,,,,,0.0,,,,,,,,0.0,,,,0.0,,,,,,,,,,,0.0,,,,,139.0,,,,,,,,,,,0.0,,,0.5,15000.0,0.0,,,,,,139.0,,,,,20000.0,,,139.0,0.0,0.0,0.0,0.0,,,,,,,,,,,,,,,,,,,,
2027,DISTRICT_MANAGED_2027.xlsx,Alt-Spec,NORTHSIDE LEARNING HS,Specialty,NORTH PARK,Network 14,,,,,476.0,,0.0,1.0,1.0,1.0,1.0,,,0.0,0.0,,1.0,432882.78,32.5,87.0,2.0,0.0,0.0,0.0,,,,,,3.0,1.0,,,,,,,,,1.0,,,,,,,,0.0,,,,0.0,,,,,,,,,,,0.0,,,,,269.0,,,,,,,,,,,0.0,,,1.0,15000.0,0.0,,,,,,272.0,,,,,20000.0,,,0.0,272.0,3.0,11.0,1.0,,,,,,,,,,,,,,,,,,,,
2027,DISTRICT_MANAGED_2027.xlsx,Alt-Spec,SOUTHSIDE HS,Specialty,WEST ENGLEWOOD,Network 16,,,,,503.5,,0.0,1.0,1.0,1.0,1.0,,,0.5,0.0,,1.0,620481.0,42.0,76.0,3.0,2.0,0.0,0.0,,,,,,3.0,4.0,,,,,,,,,1.0,,,,,,,,0.0,,,,0.0,,,,,,,,,,,0.0,,,,,376.0,,,,,,,,,,,0.0,,,1.0,15000.0,1.0,,,,,,394.0,,,,,20000.0,,,0.0,394.0,18.0,10.5,2.0,,,,,,,,,,,,,,,,,,,,
2027,DISTRICT_MANAGED_2027.xlsx,Alt-Spec,YORK HS,Alternative,SOUTH LAWNDALE,Options,,,,,360.5,,0.0,1.0,1.0,1.0,1.0,,,0.0,0.0,,0.0,463747.0,9.0,6.0,0.5,0.0,0.0,0.0,,,,,,0.0,0.0,,,,,,,,,1.0,,,,,,,,0.0,,,,0.0,,,,,,,,,,,0.0,,,,,161.0,,,,,,,,,,,0.0,,,0.0,15000.0,0.5,,,,,,153.0,,,,,20000.0,,,0.0,153.0,-8.0,10.0,4.0,,,,,,,,,,,,,,,,,,,,
2027,DISTRICT_MANAGED_2027.xlsx,Alt-Spec,SIMPSON HS,Alternative,NEAR WEST SIDE,Options,,,,,487.0,,0.0,1.0,1.0,1.0,1.0,,,1.0,1.0,,1.0,179970.0,4.0,3.0,0.0,0.0,0.0,0.0,,,,,,1.0,0.0,,,,,,,,,1.0,,,,,,,,0.0,,,,0.0,,,,,,,,,,,0.0,,,,,34.0,,,,,,,,,,,0.0,,,0.0,15000.0,0.0,,,,,,27.0,,,,,20000.0,,,0.0,27.0,-7.0,3.0,0.0,,,,,,,,,,,,,,,,,,,,
2027,DISTRICT_MANAGED_2027.xlsx,Alt-Spec,VAUGHN HS,Specialty,PORTAGE PARK,Network 14,,,,,465.0,,0.0,1.0,1.0,1.0,1.0,,,1.0,0.0,,1.0,300248.0,23.0,58.0,2.0,3.0,0.0,0.0,,,,,,2.0,2.0,,,,,,,,,1.0,,,,,,,,0.0,,,,0.0,,,,,,,,,,,0.0,,,,,225.0,,,,,,,,,,,0.0,,,1.0,15000.0,0.0,,,,,,231.0,,,,,20000.0,,,0.0,231.0,6.0,9.0,0.0,,,,,,,,,,,,,,,,,,,,
2027,DISTRICT_MANAGED_2027.xlsx,Alt-Spec,GRAHAM HS,Specialty,NEAR SOUTH SIDE,Network 14,,,,,536.5,,0.0,1.0,1.0,2.0,1.0,,,0.0,0.0,,0.0,550562.86,33.0,53.0,2.0,1.0,0.0,0.0,,,,,,2.0,2.0,,,,,,,,,1.0,,,,,,,,0.0,,,,0.0,,,,,,,,,,,0.0,,,,,259.0,,,,,,,,,,,0.0,,,1.0,15000.0,0.0,,,,,,265.0,,,,,20000.0,,,0.0,265.0,6.0,5.0,0.0,,,,,,,,,,,,,,,,,,,,
2027,DISTRICT_MANAGED_2027.xlsx,Alt-Spec,PEACE AND EDUCATION HS,Alternative,NEW CITY,Options,,,,,360.5,,3.0,1.0,2.0,2.0,1.0,,,0.0,0.0,,1.0,410242.0,6.0,3.0,0.0,0.0,0.0,0.0,,,,,,2.0,4.0,,,,,,,,,1.0,,,,,,,,0.0,,,,0.0,,,,,,,,,,,1.0,,,,,191.0,,,,,,,,,,,0.0,,,1.0,15000.0,1.0,,,,,,188.0,,,,,20000.0,,,0.0,188.0,-3.0,4.0,2.0,,,,,,,,,,,,,,,,,,,,
2025,CHARTER_CONTRACT_ALOP_2025.xlsx,FY25 Non-District Schools,ACERO - BRIGHTON PARK,,,CHARTER,,,,,,,,,,,,,,,,,,,,,,,,,,,,,,,,466.0,,,,,,,,,,,,,,,,,,,,,,,,,,,,,,,,,,,,,,,,,,,,,,,,,,,,,,,,,,,,,,,,,,,,,,,4114915.1400000006,986466.08,1042321.39,1092770.0,127428.0,313461.4,6990.0,3495.0,125010.0,0.0,,,,,,,,,,
2025,CHARTER_CONTRACT_ALOP_2025.xlsx,FY25 Non-District Schools,ACERO - CISNEROS,,,CHARTER,,,,,,,,,,,,,,,,,,,,,,,,,,,,,,,,353.0,,,,,,,,,,,,,,,,,,,,,,,,,,,,,,,,,,,,,,,,,,,,,,,,,,,,,,,,,,,,,,,,,,,,,,,3117092.37,747258.64,892402.87,827785.0,99900.0,245745.0,5295.0,2647.5,125010.0,0.0,,,,,,,,,,
2025,CHARTER_CONTRACT_ALOP_2025.xlsx,FY25 Non-District Schools,ACERO - CLEMENTE,,,CHARTER,,,,,,,,,,,,,,,,,,,,,,,,,,,,,,,,466.0,,,,,,,,,,,,,,,,,,,,,,,,,,,,,,,,,,,,,,,,,,,,,,,,,,,,,,,,,,,,,,,,,,,,,,,4114915.1400000006,986466.08,1162744.91,1092770.0,123432.0,303631.60000000003,6990.0,3495.0,125010.0,0.0,,,,,,,,,,
2025,CHARTER_CONTRACT_ALOP_2025.xlsx,FY25 Non-District Schools,ACERO - DE LA CRUZ,,,CHARTER,,,,,,,,,,,,,,,,,,,,,,,,,,,,,,,,497.0,,,,,,,,,,,,,,,,,,,,,,,,,,,,,,,,,,,,,,,,,,,,,,,,,,,,,,,,,,,,,,,,,,,,,,,4465333.67,1161742.19,1376541.28,1165465.0,136308.0,335305.4,7455.0,3727.5,125010.0,0.0,,,,,,,,,,
2025,CHARTER_CONTRACT_ALOP_2025.xlsx,FY25 Non-District Schools,ACERO - DE LAS CASAS,,,CHARTER,,,,,,,,,,,,,,,,,,,,,,,,,,,,,,,,223.0,,,,,,,,,,,,,,,,,,,,,,,,,,,,,,,,,,,,,,,,,,,,,,,,,,,,,,,,,,,,,,,,,,,,,,,1969154.6700000002,472064.2400000001,672076.9500000001,522935.0,67044.0,164922.2,3345.0,1672.5,125010.0,20000.0,,,,,,,,,,
2025,CHARTER_CONTRACT_ALOP_2025.xlsx,FY25 Non-District Schools,ACERO - FUENTES,,,CHARTER,,,,,,,,,,,,,,,,,,,,,,,,,,,,,,,,394.0,,,,,,,,,,,,,,,,,,,,,,,,,,,,,,,,,,,,,,,,,,,,,,,,,,,,,,,,,,,,,,,,,,,,,,,3479134.2600000002,834050.7200000001,942225.98,923930.0,107892.0,265404.60000000003,5910.0,2955.0,125010.0,0.0,,,,,,,,,,
2025,CHARTER_CONTRACT_ALOP_2025.xlsx,FY25 Non-District Schools,ACERO - GARCIA HS,,,CHARTER,,,,,,,,,,,,,,,,,,,,,,,,,,,,,,,,623.0,,,,,,,,,,,,,,,,,,,,,,,,,,,,,,,,,,,,,,,,,,,,,,,,,,,,,,,,,,,,,,,,,,,,,,,5685716.05,1582575.75,1369526.5100000002,1460935.0,174492.0,429234.6,9345.0,4672.5,125010.0,0.0,,,,,,,,,,
2025,CHARTER_CONTRACT_ALOP_2025.xlsx,FY25 Non-District Schools,ACERO - IDAR,,,CHARTER,,,,,,,,,,,,,,,,,,,,,,,,,,,,,,,,524.0,,,,,,,,,,,,,,,,,,,,,,,,,,,,,,,,,,,,,,,,,,,,,,,,,,,,,,,,,,,,,,,,,,,,,,,4627071.960000001,1109245.12,946567.14,1228780.0,150960.0,371348.0,7860.0,3930.0,125010.0,0.0,,,,,,,,,,
2025,CHARTER_CONTRACT_ALOP_2025.xlsx,FY25 Non-District Schools,ACERO - MARQUEZ,,,CHARTER,,,,,,,,,,,,,,,,,,,,,,,,,,,,,,,,517.0,,,,,,,,,,,,,,,,,,,,,,,,,,,,,,,,,,,,,,,,,,,,,,,,,,,,,,,,,,,,,,,,,,,,,,,4565259.930000001,1094426.96,1246521.47,1212365.0,156288.0,384454.4,7755.0,3877.5,125010.0,0.0,,,,,,,,,,
2025,CHARTER_CONTRACT_ALOP_2025.xlsx,FY25 Non-District Schools,ACERO - PAZ,,,CHARTER,,,,,,,,,,,,,,,,,,,,,,,,,,,,,,,,125.0,,,,,,,,,,,,,,,,,,,,,,,,,,,,,,,,,,,,,,,,,,,,,,,,,,,,,,,,,,,,,,,,,,,,,,,1103786.25,264610.0,381155.26,293125.0,38184.0,93929.2,1875.0,937.5,125010.0,0.0,,,,,,,,,,
2025,CHARTER_CONTRACT_ALOP_2025.xlsx,FY25 Non-District Schools,ACERO - SANTIAGO,,,CHARTER,,,,,,,,,,,,,,,,,,,,,,,,,,,,,,,,221.0,,,,,,,,,,,,,,,,,,,,,,,,,,,,,,,,,,,,,,,,,,,,,,,,,,,,,,,,,,,,,,,,,,,,,,,1951494.09,467830.48,591158.26,518245.0,64824.0,159461.2,3315.0,1657.5,125010.0,0.0,,,,,,,,,,
2025,CHARTER_CONTRACT_ALOP_2025.xlsx,FY25 Non-District Schools,ACERO - SOTO HS,,,CHARTER,,,,,,,,,,,,,,,,,,,,,,,,,,,,,,,,565.0,,,,,,,,,,,,,,,,,,,,,,,,,,,,,,,,,,,,,,,,,,,,,,,,,,,,,,,,,,,,,,,,,,,,,,,5156387.75,1435241.25,1179062.92,1324925.0,161616.0,397560.8,8475.0,4237.5,125010.0,0.0,,,,,,,,,,
2025,CHARTER_CONTRACT_ALOP_2025.xlsx,FY25 Non-District Schools,ACERO - TAMAYO,,,CHARTER,,,,,,,,,,,,,,,,,,,,,,,,,,,,,,,,269.0,,,,,,,,,,,,,,,,,,,,,,,,,,,,,,,,,,,,,,,,,,,,,,,,,,,,,,,,,,,,,,,,,,,,,,,2375348.0100000002,569440.72,745333.5700000001,630805.0,77256.0,190042.8,4035.0,2017.5,125010.0,0.0,,,,,,,,,,
2025,CHARTER_CONTRACT_ALOP_2025.xlsx,FY25 Non-District Schools,ACERO - TORRES,,,CHARTER,,,,,,,,,,,,,,,,,,,,,,,,,,,,,,,,544.0,,,,,,,,,,,,,,,,,,,,,,,,,,,,,,,,,,,,,,,,,,,,,,,,,,,,,,,,,,,,,,,,,,,,,,,4803677.760000001,1151582.72,1072434.79,1275680.0,150960.0,371348.0,8160.0,4080.0,125010.0,15000.0,,,,,,,,,,
2025,CHARTER_CONTRACT_ALOP_2025.xlsx,FY25 Non-District Schools,ACERO - ZIZUMBO,,,CHARTER,,,,,,,,,,,,,,,,,,,,,,,,,,,,,,,,531.0,,,,,,,,,,,,,,,,,,,,,,,,,,,,,,,,,,,,,,,,,,,,,,,,,,,,,,,,,,,,,,,,,,,,,,,4688883.99,1124063.28,984407.22,1245195.0,136752.0,336397.60000000003,7965.0,3982.5,125010.0,0.0,,,,,,,,,,
2025,CHARTER_CONTRACT_ALOP_2025.xlsx,FY25 Non-District Schools,AHS - PASSAGES,,,CHARTER,,,,,,,,,,,,,,,,,,,,,,,,,,,,,,,,353.0,,,,,,,,,,,,,,,,,,,,,,,,,,,,,,,,,,,,,,,,,,,,,,,,,,,,,,,,,,,,,,,,,,,,,,,3117092.37,747258.64,594774.98,827785.0,107568.0,271957.8,5295.0,2647.5,125010.0,0.0,,,,,,,,,,
2025,CHARTER_CONTRACT_ALOP_2025.xlsx,FY25 Non-District Schools,ART IN MOTION,,,CHARTER,,,,,,,,,,,,,,,,,,,,,,,,,,,,,,,,543.0,,,,,,,,,,,,,,,,,,,,,,,,,,,,,,,,,,,,,,,,,,,,,,,,,,,,,,,,,,,,,,,,,,,,,,,4955608.05,1379355.75,1309755.47,1273335.0,168744.0,388823.2,8145.0,4072.5,1100.0,65119.0,,,,,,,,,,
2025,CHARTER_CONTRACT_ALOP_2025.xlsx,FY25 Non-District Schools,ASPIRA - BUSINESS & FINANCE HS,,,CHARTER,,,,,,,,,,,,,,,,,,,,,,,,,,,,,,,,492.0,,,,,,,,,,,,,,,,,,,,,,,,,,,,,,,,,,,,,,,,,,,,,,,,,,,,,,,,,,,,,,,,,,,,,,,4490164.2,1249803.0,1407605.58,1153740.0,112608.0,297078.4,7380.0,3690.0,125010.0,0.0,,,,,,,,,,
2025,CHARTER_CONTRACT_ALOP_2025.xlsx,FY25 Non-District Schools,ASPIRA - EARLY COLLEGE HS,,,CHARTER,,,,,,,,,,,,,,,,,,,,,,,,,,,,,,,,257.0,,,,,,,,,,,,,,,,,,,,,,,,,,,,,,,,,,,,,,,,,,,,,,,,,,,,,,,,,,,,,,,,,,,,,,,2345471.95,652844.25,527154.1,602665.0,64584.0,170383.2,3855.0,1927.5,125010.0,0.0,,,,,,,,,,
2025,CHARTER_CONTRACT_ALOP_2025.xlsx,FY25 Non-District Schools,ASPIRA - HAUGAN,,,CHARTER,,,,,,,,,,,,,,,,,,,,,,,,,,,,,,,,82.0,,,,,,,,,,,,,,,,,,,,,,,,,,,,,,,,,,,,,,,,,,,,,,,,,,,,,,,,,,,,,,,,,,,,,,,724083.78,173584.16,149059.5,0.0,25668.0,67716.40000000001,1230.0,615.0,125010.0,0.0,,,,,,,,,,
2025,CHARTER_CONTRACT_ALOP_2025.xlsx,FY25 Non-District Schools,CAMELOT - CHICAGO EXCEL ACADEMY,,,CONTRACT - OPTIONS,,,,,,,,,,,,,,,,,,,,,,,,,,,,,,,,267.0,,,,,,,,,,,,,,,,,,,,,,,,,,,,,,,,,,,,,,,,,,,,,,,,,,,,,,,,,,,,,,,,,,,,,,,2436735.45,678246.75,293226.7,626115.0,66600.0,161645.6,4005.0,2002.5,550.0,100000.0,,,,,,,,,,
2025,CHARTER_CONTRACT_ALOP_2025.xlsx,FY25 Non-District Schools,CAMELOT - EXCEL ACADEMY OF  ENGLEWOOD,,,CONTRACT - OPTIONS,,,,,,,,,,,,,,,,,,,,,,,,,,,,,,,,271.0,,,,,,,,,,,,,,,,,,,,,,,,,,,,,,,,,,,,,,,,,,,,,,,,,,,,,,,,,,,,,,,,,,,,,,,2473240.85,688407.75,547497.16,0.0,64800.0,157276.80000000002,4065.0,2032.5,1100.0,0.0,,,,,,,,,,
2025,CHARTER_CONTRACT_ALOP_2025.xlsx,FY25 Non-District Schools,CAMELOT - EXCEL ACADEMY OF SOUTHSHORE,,,CONTRACT - OPTIONS,,,,,,,,,,,,,,,,,,,,,,,,,,,,,,,,208.0,,,,,,,,,,,,,,,,,,,,,,,,,,,,,,,,,,,,,,,,,,,,,,,,,,,,,,,,,,,,,,,,,,,,,,,1898280.8,528372.0,273427.74,0.0,54978.0,129971.8,3120.0,1560.0,550.0,0.0,,,,,,,,,,
2025,CHARTER_CONTRACT_ALOP_2025.xlsx,FY25 Non-District Schools,CAMELOT - EXCEL SOUTHWEST HS,,,CONTRACT - OPTIONS,,,,,,,,,,,,,,,,,,,,,,,,,,,,,,,,155.0,,,,,,,,,,,,,,,,,,,,,,,,,,,,,,,,,,,,,,,,,,,,,,,,,,,,,,,,,,,,,,,,,,,,,,,1414584.25,393738.75,309699.0,363475.0,47880.0,114681.0,2325.0,1162.5,62505.0,0.0,,,,,,,,,,
2025,CHARTER_CONTRACT_ALOP_2025.xlsx,FY25 Non-District Schools,CATALYST - CIRCLE ROCK,,,CHARTER,,,,,,,,,,,,,,,,,,,,,,,,,,,,,,,,504.0,,,,,,,,,,,,,,,,,,,,,,,,,,,,,,,,,,,,,,,,,,,,,,,,,,,,,,,,,,,,,,,,,,,,,,,4450466.16,1066907.52,1119427.06,1181880.0,135342.0,337489.8,7560.0,3780.0,550.0,0.0,,,,,,,,,,
2025,CHARTER_CONTRACT_ALOP_2025.xlsx,FY25 Non-District Schools,CATALYST - MARIA,,,CHARTER,,,,,,,,,,,,,,,,,,,,,,,,,,,,,,,,1100.0,,,,,,,,,,,,,,,,,,,,,,,,,,,,,,,,,,,,,,,,,,,,,,,,,,,,,,,,,,,,,,,,,,,,,,,9930627.040000001,2639321.58,2497291.52,2579500.0,337428.0,787476.2000000001,16500.0,8250.0,125010.0,0.0,,,,,,,,,,
2025,CHARTER_CONTRACT_ALOP_2025.xlsx,FY25 Non-District Schools,CHICAGO ARTS HS,,,CONTRACT,,,,,,,,,,,,,,,,,,,,,,,,,,,,,,,,604.0,,,,,,,,,,,,,,,,,,,,,,,,,,,,,,,,,,,,,,,,,,,,,,,,,,,,,,,,,,,,,,,,,,,,,,,5512315.4,1534311.0,1030832.07,0.0,0.0,0.0,9060.0,4530.0,62505.0,0.0,,,,,,,,,,
2025,CHARTER_CONTRACT_ALOP_2025.xlsx,FY25 Non-District Schools,CHICAGO COLLEGIATE,,,CHARTER,,,,,,,,,,,,,,,,,,,,,,,,,,,,,,,,245.0,,,,,,,,,,,,,,,,,,,,,,,,,,,,,,,,,,,,,,,,,,,,,,,,,,,,,,,,,,,,,,,,,,,,,,,2233587.27,618974.29,682331.59,574525.0,71148.0,168198.80000000002,3675.0,1837.5,0.0,15000.0,,,,,,,,,,
2025,CHARTER_CONTRACT_ALOP_2025.xlsx,FY25 Non-District Schools,CHICAGO MATH & SCIENCE HS,,,CHARTER,,,,,,,,,,,,,,,,,,,,,,,,,,,,,,,,599.0,,,,,,,,,,,,,,,,,,,,,,,,,,,,,,,,,,,,,,,,,,,,,,,,,,,,,,,,,,,,,,,,,,,,,,,5466683.65,1521609.75,768678.52,1404655.0,176400.0,428142.4,8985.0,4492.5,125010.0,0.0,,,,,,,,,,
2025,CHARTER_CONTRACT_ALOP_2025.xlsx,FY25 Non-District Schools,CHICAGO TECH HS,,,CONTRACT,,,,,,,,,,,,,,,,,,,,,,,,,,,,,,,,392.0,,,,,,,,,,,,,,,,,,,,,,,,,,,,,,,,,,,,,,,,,,,,,,,,,,,,,,,,,,,,,,,,,,,,,,,3577529.2,995778.0,928943.12,0.0,102150.0,247929.4,5880.0,2940.0,62505.0,0.0,,,,,,,,,,
2025,CHARTER_CONTRACT_ALOP_2025.xlsx,FY25 Non-District Schools,CHRISTOPHER HOUSE,,,CHARTER,,,,,,,,,,,,,,,,,,,,,,,,,,,,,,,,430.0,,,,,,,,,,,,,,,,,,,,,,,,,,,,,,,,,,,,,,,,,,,,,,,,,,,,,,,,,,,,,,,,,,,,,,,3797024.7,910258.4,1165348.19,1008350.0,110334.0,282879.8,6450.0,3225.0,125010.0,20000.0,,,,,,,,,,
2025,CHARTER_CONTRACT_ALOP_2025.xlsx,FY25 Non-District Schools,CICS Avalon,,,CHARTER,,,,,,,,,,,,,,,,,,,,,,,,,,,,,,,,436.0,,,,,,,,,,,,,,,,,,,,,,,,,,,,,,,,,,,,,,,,,,,,,,,,,,,,,,,,,,,,,,,,,,,,,,,3850006.4400000004,922959.68,1022714.26,1022420.0,118728.0,317830.2,6540.0,3270.0,550.0,0.0,,,,,,,,,,
2025,CHARTER_CONTRACT_ALOP_2025.xlsx,FY25 Non-District Schools,CICS Basil,,,CHARTER,,,,,,,,,,,,,,,,,,,,,,,,,,,,,,,,488.0,,,,,,,,,,,,,,,,,,,,,,,,,,,,,,,,,,,,,,,,,,,,,,,,,,,,,,,,,,,,,,,,,,,,,,,4309181.5200000005,1033037.44,1132128.29,1144360.0,135864.0,363702.6,7320.0,3660.0,62505.0,0.0,,,,,,,,,,
2025,CHARTER_CONTRACT_ALOP_2025.xlsx,FY25 Non-District Schools,CICS Bucktown,,,CHARTER,,,,,,,,,,,,,,,,,,,,,,,,,,,,,,,,543.0,,,,,,,,,,,,,,,,,,,,,,,,,,,,,,,,,,,,,,,,,,,,,,,,,,,,,,,,,,,,,,,,,,,,,,,4794847.470000001,1149465.84,1471718.8,1273335.0,94656.0,253390.4,8145.0,4072.5,125010.0,0.0,,,,,,,,,,
2025,CHARTER_CONTRACT_ALOP_2025.xlsx,FY25 Non-District Schools,CICS Irving Park,,,CHARTER,,,,,,,,,,,,,,,,,,,,,,,,,,,,,,,,505.0,,,,,,,,,,,,,,,,,,,,,,,,,,,,,,,,,,,,,,,,,,,,,,,,,,,,,,,,,,,,,,,,,,,,,,,4459296.45,1069024.4,1017436.73,1184225.0,94656.0,253390.4,7575.0,3787.5,125010.0,0.0,,,,,,,,,,
2025,CHARTER_CONTRACT_ALOP_2025.xlsx,FY25 Non-District Schools,CICS Lloyd Bond,,,CHARTER,,,,,,,,,,,,,,,,,,,,,,,,,,,,,,,,258.0,,,,,,,,,,,,,,,,,,,,,,,,,,,,,,,,,,,,,,,,,,,,,,,,,,,,,,,,,,,,,,,,,,,,,,,2278214.8200000003,546155.04,560606.78,605010.0,65688.0,175844.2,3870.0,1935.0,0.0,0.0,,,,,,,,,,
2025,CHARTER_CONTRACT_ALOP_2025.xlsx,FY25 Non-District Schools,CICS Longwood,,,CHARTER,,,,,,,,,,,,,,,,,,,,,,,,,,,,,,,,1217.0,,,,,,,,,,,,,,,,,,,,,,,,,,,,,,,,,,,,,,,,,,,,,,,,,,,,,,,,,,,,,,,,,,,,,,,10986271.530000001,2919172.66,2981936.65,2853865.0,264792.0,708837.8,18255.0,9127.5,2200.0,0.0,,,,,,,,,,
2025,CHARTER_CONTRACT_ALOP_2025.xlsx,FY25 Non-District Schools,CICS Loomis,,,CHARTER,,,,,,,,,,,,,,,,,,,,,,,,,,,,,,,,351.0,,,,,,,,,,,,,,,,,,,,,,,,,,,,,,,,,,,,,,,,,,,,,,,,,,,,,,,,,,,,,,,,,,,,,,,3099431.7900000005,743024.88,519638.26,823095.0,88944.0,238099.6,5265.0,2632.5,0.0,0.0,,,,,,,,,,
2025,CHARTER_CONTRACT_ALOP_2025.xlsx,FY25 Non-District Schools,CICS Northtown,,,CHARTER,,,,,,,,,,,,,,,,,,,,,,,,,,,,,,,,836.0,,,,,,,,,,,,,,,,,,,,,,,,,,,,,,,,,,,,,,,,,,,,,,,,,,,,,,,,,,,,,,,,,,,,,,,7629628.600000001,2123649.0,2188902.99,1960420.0,168504.0,451078.6,12540.0,6270.0,125010.0,0.0,,,,,,,,,,
2025,CHARTER_CONTRACT_ALOP_2025.xlsx,FY25 Non-District Schools,CICS Prairie,,,CHARTER,,,,,,,,,,,,,,,,,,,,,,,,,,,,,,,,420.0,,,,,,,,,,,,,,,,,,,,,,,,,,,,,,,,,,,,,,,,,,,,,,,,,,,,,,,,,,,,,,,,,,,,,,,3708721.8000000003,889089.6000000001,870810.82,984900.0,110160.0,294894.0,6300.0,3150.0,125010.0,0.0,,,,,,,,,,
2025,CHARTER_CONTRACT_ALOP_2025.xlsx,FY25 Non-District Schools,CICS Ralph Ellison,,,CHARTER,,,,,,,,,,,,,,,,,,,,,,,,,,,,,,,,201.0,,,,,,,,,,,,,,,,,,,,,,,,,,,,,,,,,,,,,,,,,,,,,,,,,,,,,,,,,,,,,,,,,,,,,,,1834396.35,510590.25,435662.2,471345.0,45696.0,122326.4,3015.0,1507.5,1100.0,0.0,,,,,,,,,,
2025,CHARTER_CONTRACT_ALOP_2025.xlsx,FY25 Non-District Schools,CICS Washington Park,,,CHARTER,,,,,,,,,,,,,,,,,,,,,,,,,,,,,,,,483.0,,,,,,,,,,,,,,,,,,,,,,,,,,,,,,,,,,,,,,,,,,,,,,,,,,,,,,,,,,,,,,,,,,,,,,,4265030.07,1022453.04,1086256.18,1132635.0,108936.0,291617.4,7245.0,3622.5,550.0,0.0,,,,,,,,,,
2025,CHARTER_CONTRACT_ALOP_2025.xlsx,FY25 Non-District Schools,CICS West Belden,,,CHARTER,,,,,,,,,,,,,,,,,,,,,,,,,,,,,,,,528.0,,,,,,,,,,,,,,,,,,,,,,,,,,,,,,,,,,,,,,,,,,,,,,,,,,,,,,,,,,,,,,,,,,,,,,,4662393.12,1117712.64,1022030.56,1238160.0,130968.0,350596.2,7920.0,3960.0,125010.0,70000.0,,,,,,,,,,
2025,CHARTER_CONTRACT_ALOP_2025.xlsx,FY25 Non-District Schools,CICS Wrightwood,,,CHARTER,,,,,,,,,,,,,,,,,,,,,,,,,,,,,,,,626.0,,,,,,,,,,,,,,,,,,,,,,,,,,,,,,,,,,,,,,,,,,,,,,,,,,,,,,,,,,,,,,,,,,,,,,,5527761.540000001,1325166.88,992129.28,1467970.0,154224.0,412851.6,9390.0,4695.0,1650.0,15000.0,,,,,,,,,,
2025,CHARTER_CONTRACT_ALOP_2025.xlsx,FY25 Non-District Schools,EPIC HS,,,CHARTER,,,,,,,,,,,,,,,,,,,,,,,,,,,,,,,,267.0,,,,,,,,,,,,,,,,,,,,,,,,,,,,,,,,,,,,,,,,,,,,,,,,,,,,,,,,,,,,,,,,,,,,,,,2436735.45,678246.75,663276.05,0.0,79200.0,192227.2,4005.0,2002.5,125010.0,20000.0,,,,,,,,,,
2025,CHARTER_CONTRACT_ALOP_2025.xlsx,FY25 Non-District Schools,ERIE,,,CHARTER,,,,,,,,,,,,,,,,,,,,,,,,,,,,,,,,391.0,,,,,,,,,,,,,,,,,,,,,,,,,,,,,,,,,,,,,,,,,,,,,,,,,,,,,,,,,,,,,,,,,,,,,,,3452643.39,827700.0800000001,885182.17,916895.0,100380.0,261035.8,5865.0,2932.5,125010.0,0.0,,,,,,,,,,
2025,CHARTER_CONTRACT_ALOP_2025.xlsx,FY25 Non-District Schools,GLOBAL CITIZENSHIP,,,CHARTER,,,,,,,,,,,,,,,,,,,,,,,,,,,,,,,,480.0,,,,,,,,,,,,,,,,,,,,,,,,,,,,,,,,,,,,,,,,,,,,,,,,,,,,,,,,,,,,,,,,,,,,,,,4238539.2,1016102.4,1275432.58,1125600.0,68040.0,229362.0,7200.0,3600.0,125010.0,20000.0,,,,,,,,,,
2025,CHARTER_CONTRACT_ALOP_2025.xlsx,FY25 Non-District Schools,GREAT LAKES,,,CHARTER,,,,,,,,,,,,,,,,,,,,,,,,,,,,,,,,537.0,,,,,,,,,,,,,,,,,,,,,,,,,,,,,,,,,,,,,,,,,,,,,,,,,,,,,,,,,,,,,,,,,,,,,,,4741865.73,1136764.56,1099783.26,1259265.0,141006.0,361518.2,8055.0,4027.5,62505.0,0.0,,,,,,,,,,
2025,CHARTER_CONTRACT_ALOP_2025.xlsx,FY25 Non-District Schools,HORIZON - SOUTHWEST,,,CHARTER,,,,,,,,,,,,,,,,,,,,,,,,,,,,,,,,735.0,,,,,,,,,,,,,,,,,,,,,,,,,,,,,,,,,,,,,,,,,,,,,,,,,,,,,,,,,,,,,,,,,,,,,,,6628819.23,1754043.96,1490609.6700000002,1723575.0,208236.0,512241.8000000001,11025.0,5512.5,125010.0,23301.0,,,,,,,,,,
2025,CHARTER_CONTRACT_ALOP_2025.xlsx,FY25 Non-District Schools,INSTITUTO - HEALTH,,,CHARTER,,,,,,,,,,,,,,,,,,,,,,,,,,,,,,,,549.0,,,,,,,,,,,,,,,,,,,,,,,,,,,,,,,,,,,,,,,,,,,,,,,,,,,,,,,,,,,,,,,,,,,,,,,5010366.15,1394597.25,1193874.27,1287405.0,187200.0,425958.0,8235.0,4117.5,125010.0,0.0,,,,,,,,,,
2025,CHARTER_CONTRACT_ALOP_2025.xlsx,FY25 Non-District Schools,INSTITUTO - JUSTICE AND LEADERSHIP ACADEMY,,,CHARTER,,,,,,,,,,,,,,,,,,,,,,,,,,,,,,,,57.0,,,,,,,,,,,,,,,,,,,,,,,,,,,,,,,,,,,,,,,,,,,,,,,,,,,,,,,,,,,,,,,,,,,,,,,520201.95,144794.25,158496.97,133665.0,6600.0,24028.4,855.0,427.5,62505.0,100000.0,,,,,,,,,,
2025,CHARTER_CONTRACT_ALOP_2025.xlsx,FY25 Non-District Schools,INTRINSIC HS,,,CHARTER,,,,,,,,,,,,,,,,,,,,,,,,,,,,,,,,941.0,,,,,,,,,,,,,,,,,,,,,,,,,,,,,,,,,,,,,,,,,,,,,,,,,,,,,,,,,,,,,,,,,,,,,,,8587895.35,2390375.25,2019626.12,2206645.0,257544.0,642213.6,14115.0,7057.5,125010.0,15000.0,,,,,,,,,,
2025,CHARTER_CONTRACT_ALOP_2025.xlsx,FY25 Non-District Schools,KIPP - ACADEMY,,,CHARTER,,,,,,,,,,,,,,,,,,,,,,,,,,,,,,,,671.0,,,,,,,,,,,,,,,,,,,,,,,,,,,,,,,,,,,,,,,,,,,,,,,,,,,,,,,,,,,,,,,,,,,,,,,5925124.590000001,1420426.48,1651326.18,898135.0,198660.0,469646.0,10065.0,5032.5,62505.0,20000.0,,,,,,,,,,
2025,CHARTER_CONTRACT_ALOP_2025.xlsx,FY25 Non-District Schools,KIPP - ASCEND,,,CHARTER,,,,,,,,,,,,,,,,,,,,,,,,,,,,,,,,945.0,,,,,,,,,,,,,,,,,,,,,,,,,,,,,,,,,,,,,,,,,,,,,,,,,,,,,,,,,,,,,,,,,,,,,,,8344624.050000001,2000451.6,1847937.38,0.0,291984.0,690270.4,14175.0,7087.5,62505.0,70000.0,,,,,,,,,,
2025,CHARTER_CONTRACT_ALOP_2025.xlsx,FY25 Non-District Schools,KIPP - BLOOM,,,CHARTER,,,,,,,,,,,,,,,,,,,,,,,,,,,,,,,,925.0,,,,,,,,,,,,,,,,,,,,,,,,,,,,,,,,,,,,,,,,,,,,,,,,,,,,,,,,,,,,,,,,,,,,,,,8168018.250000001,1958114.0,1784815.85,0.0,280434.0,662965.4,13875.0,6937.5,5500.0,0.0,,,,,,,,,,
2025,CHARTER_CONTRACT_ALOP_2025.xlsx,FY25 Non-District Schools,KIPP - ONE,,,CHARTER,,,,,,,,,,,,,,,,,,,,,,,,,,,,,,,,1032.0,,,,,,,,,,,,,,,,,,,,,,,,,,,,,,,,,,,,,,,,,,,,,,,,,,,,,,,,,,,,,,,,,,,,,,,9112859.280000001,2184620.16,1857867.5300000005,0.0,314160.0,742696.0,15480.0,7740.0,125010.0,0.0,,,,,,,,,,
2025,CHARTER_CONTRACT_ALOP_2025.xlsx,FY25 Non-District Schools,LEARN - 7,,,CHARTER,,,,,,,,,,,,,,,,,,,,,,,,,,,,,,,,150.0,,,,,,,,,,,,,,,,,,,,,,,,,,,,,,,,,,,,,,,,,,,,,,,,,,,,,,,,,,,,,,,,,,,,,,,1324543.5000000002,317532.0,346161.66000000003,351750.0,43068.0,105943.4,2250.0,1125.0,0.0,0.0,,,,,,,,,,
2025,CHARTER_CONTRACT_ALOP_2025.xlsx,FY25 Non-District Schools,LEARN - BUTLER,,,CHARTER,,,,,,,,,,,,,,,,,,,,,,,,,,,,,,,,464.0,,,,,,,,,,,,,,,,,,,,,,,,,,,,,,,,,,,,,,,,,,,,,,,,,,,,,,,,,,,,,,,,,,,,,,,4097254.5600000005,982232.32,836849.6399999999,1088080.0,139416.0,342950.8,6960.0,3480.0,0.0,20000.0,,,,,,,,,,
2025,CHARTER_CONTRACT_ALOP_2025.xlsx,FY25 Non-District Schools,LEARN - CAMPBELL,,,CHARTER,,,,,,,,,,,,,,,,,,,,,,,,,,,,,,,,359.0,,,,,,,,,,,,,,,,,,,,,,,,,,,,,,,,,,,,,,,,,,,,,,,,,,,,,,,,,,,,,,,,,,,,,,,3170074.1100000003,759959.92,700319.6900000001,841855.0,105228.0,258851.4,5385.0,2692.5,3300.0,0.0,,,,,,,,,,
2025,CHARTER_CONTRACT_ALOP_2025.xlsx,FY25 Non-District Schools,LEARN - EXCEL,,,CHARTER,,,,,,,,,,,,,,,,,,,,,,,,,,,,,,,,402.0,,,,,,,,,,,,,,,,,,,,,,,,,,,,,,,,,,,,,,,,,,,,,,,,,,,,,,,,,,,,,,,,,,,,,,,3549776.5800000005,850985.76,575592.28,942690.0,101232.0,249021.6,6030.0,3015.0,1100.0,0.0,,,,,,,,,,
2025,CHARTER_CONTRACT_ALOP_2025.xlsx,FY25 Non-District Schools,LEARN - MIDDLE,,,CHARTER,,,,,,,,,,,,,,,,,,,,,,,,,,,,,,,,186.0,,,,,,,,,,,,,,,,,,,,,,,,,,,,,,,,,,,,,,,,,,,,,,,,,,,,,,,,,,,,,,,,,,,,,,,1642433.9400000002,393739.68,373868.72,436170.0,52836.0,129971.8,2790.0,1395.0,1100.0,70000.0,,,,,,,,,,
2025,CHARTER_CONTRACT_ALOP_2025.xlsx,FY25 Non-District Schools,LEARN - PERKINS,,,CHARTER,,,,,,,,,,,,,,,,,,,,,,,,,,,,,,,,476.0,,,,,,,,,,,,,,,,,,,,,,,,,,,,,,,,,,,,,,,,,,,,,,,,,,,,,,,,,,,,,,,,,,,,,,,4203218.04,1007634.88,939816.23,1116220.0,112332.0,276326.60000000003,7140.0,3570.0,1100.0,70000.0,,,,,,,,,,
2025,CHARTER_CONTRACT_ALOP_2025.xlsx,FY25 Non-District Schools,LEARN - SOUTH CHICAGO,,,CHARTER,,,,,,,,,,,,,,,,,,,,,,,,,,,,,,,,407.0,,,,,,,,,,,,,,,,,,,,,,,,,,,,,,,,,,,,,,,,,,,,,,,,,,,,,,,,,,,,,,,,,,,,,,,3593928.0300000003,861570.16,665273.18,0.0,112332.0,276326.60000000003,6105.0,3052.5,62505.0,70000.0,,,,,,,,,,
2025,CHARTER_CONTRACT_ALOP_2025.xlsx,FY25 Non-District Schools,LEGACY,,,CHARTER,,,,,,,,,,,,,,,,,,,,,,,,,,,,,,,,458.0,,,,,,,,,,,,,,,,,,,,,,,,,,,,,,,,,,,,,,,,,,,,,,,,,,,,,,,,,,,,,,,,,,,,,,,4044272.8200000003,969531.04,1013723.15,1074010.0,132696.0,317830.2,6870.0,3435.0,2200.0,70000.0,,,,,,,,,,
2025,CHARTER_CONTRACT_ALOP_2025.xlsx,FY25 Non-District Schools,LEGAL PREP HS,,,CHARTER,,,,,,,,,,,,,,,,,,,,,,,,,,,,,,,,213.0,,,,,,,,,,,,,,,,,,,,,,,,,,,,,,,,,,,,,,,,,,,,,,,,,,,,,,,,,,,,,,,,,,,,,,,1943912.55,541073.25,490689.93000000005,499485.0,54000.0,136525.0,3195.0,1597.5,550.0,0.0,,,,,,,,,,
2025,CHARTER_CONTRACT_ALOP_2025.xlsx,FY25 Non-District Schools,LOCKE A,,,CHARTER,,,,,,,,,,,,,,,,,,,,,,,,,,,,,,,,371.0,,,,,,,,,,,,,,,,,,,,,,,,,,,,,,,,,,,,,,,,,,,,,,,,,,,,,,,,,,,,,,,,,,,,,,,3276037.5900000003,785362.4800000001,885924.76,869995.0,103008.0,253390.4,5565.0,2782.5,0.0,0.0,,,,,,,,,,
2025,CHARTER_CONTRACT_ALOP_2025.xlsx,FY25 Non-District Schools,MONTESSORI ENGLEWOOD,,,CHARTER,,,,,,,,,,,,,,,,,,,,,,,,,,,,,,,,347.0,,,,,,,,,,,,,,,,,,,,,,,,,,,,,,,,,,,,,,,,,,,,,,,,,,,,,,,,,,,,,,,,,,,,,,,3064110.6300000004,734557.36,817930.0800000001,0.0,108546.0,250113.8,5205.0,2602.5,62505.0,65000.0,,,,,,,,,,
2025,CHARTER_CONTRACT_ALOP_2025.xlsx,FY25 Non-District Schools,MOVING EVEREST,,,CHARTER,,,,,,,,,,,,,,,,,,,,,,,,,,,,,,,,770.0,,,,,,,,,,,,,,,,,,,,,,,,,,,,,,,,,,,,,,,,,,,,,,,,,,,,,,,,,,,,,,,,,,,,,,,6799323.300000001,1629997.6,1912498.7,1805650.0,224352.0,537362.4,11550.0,5775.0,4950.0,0.0,,,,,,,,,,
2025,CHARTER_CONTRACT_ALOP_2025.xlsx,FY25 Non-District Schools,NAMASTE,,,CHARTER,,,,,,,,,,,,,,,,,,,,,,,,,,,,,,,,359.0,,,,,,,,,,,,,,,,,,,,,,,,,,,,,,,,,,,,,,,,,,,,,,,,,,,,,,,,,,,,,,,,,,,,,,,3170074.1100000003,759959.92,1376084.31,841855.0,80802.0,219532.2,5385.0,2692.5,125010.0,0.0,,,,,,,,,,
2025,CHARTER_CONTRACT_ALOP_2025.xlsx,FY25 Non-District Schools,NOBLE - ACADEMY HS,,,CHARTER,,,,,,,,,,,,,,,,,,,,,,,,,,,,,,,,521.0,,,,,,,,,,,,,,,,,,,,,,,,,,,,,,,,,,,,,,,,,,,,,,,,,,,,,,,,,,,,,,,,,,,,,,,4754828.350000001,1323470.25,893585.7200000001,0.0,128652.0,329844.4,7815.0,3907.5,125010.0,0.0,,,,,,,,,,
2025,CHARTER_CONTRACT_ALOP_2025.xlsx,FY25 Non-District Schools,NOBLE - BAKER HS,,,CHARTER,,,,,,,,,,,,,,,,,,,,,,,,,,,,,,,,240.0,,,,,,,,,,,,,,,,,,,,,,,,,,,,,,,,,,,,,,,,,,,,,,,,,,,,,,,,,,,,,,,,,,,,,,,2190324.0,609660.0,778721.3099999999,0.0,68160.0,174752.0,3600.0,1800.0,62505.0,0.0,,,,,,,,,,
2025,CHARTER_CONTRACT_ALOP_2025.xlsx,FY25 Non-District Schools,NOBLE - BULLS HS,,,CHARTER,,,,,,,,,,,,,,,,,,,,,,,,,,,,,,,,1152.0,,,,,,,,,,,,,,,,,,,,,,,,,,,,,,,,,,,,,,,,,,,,,,,,,,,,,,,,,,,,,,,,,,,,,,,10513555.200000001,2926368.0,2500547.54,0.0,293088.0,751433.6,17280.0,8640.0,125010.0,0.0,,,,,,,,,,
2025,CHARTER_CONTRACT_ALOP_2025.xlsx,FY25 Non-District Schools,NOBLE - BUTLER HS,,,CHARTER,,,,,,,,,,,,,,,,,,,,,,,,,,,,,,,,637.0,,,,,,,,,,,,,,,,,,,,,,,,,,,,,,,,,,,,,,,,,,,,,,,,,,,,,,,,,,,,,,,,,,,,,,,5813484.95,1618139.25,1379944.61,0.0,172530.0,442341.0,9555.0,4777.5,9900.0,0.0,,,,,,,,,,
2025,CHARTER_CONTRACT_ALOP_2025.xlsx,FY25 Non-District Schools,NOBLE - COMER,,,CHARTER,,,,,,,,,,,,,,,,,,,,,,,,,,,,,,,,1037.0,,,,,,,,,,,,,,,,,,,,,,,,,,,,,,,,,,,,,,,,,,,,,,,,,,,,,,,,,,,,,,,,,,,,,,,9464024.950000001,2634239.25,1977472.4,1810340.0,260712.0,668426.4,15555.0,7777.5,4950.0,0.0,,,,,,,,,,
2025,CHARTER_CONTRACT_ALOP_2025.xlsx,FY25 Non-District Schools,NOBLE - DRW HS,,,CHARTER,,,,,,,,,,,,,,,,,,,,,,,,,,,,,,,,375.0,,,,,,,,,,,,,,,,,,,,,,,,,,,,,,,,,,,,,,,,,,,,,,,,,,,,,,,,,,,,,,,,,,,,,,,3422381.25,952593.75,1011685.78,879375.0,89034.0,228269.8,5625.0,2812.5,550.0,0.0,,,,,,,,,,
2025,CHARTER_CONTRACT_ALOP_2025.xlsx,FY25 Non-District Schools,NOBLE - GOLDER HS,,,CHARTER,,,,,,,,,,,,,,,,,,,,,,,,,,,,,,,,650.0,,,,,,,,,,,,,,,,,,,,,,,,,,,,,,,,,,,,,,,,,,,,,,,,,,,,,,,,,,,,,,,,,,,,,,,5932127.5,1651162.5,1131255.31,1524250.0,168696.0,432511.2,9750.0,4875.0,125010.0,0.0,,,,,,,,,,
2025,CHARTER_CONTRACT_ALOP_2025.xlsx,FY25 Non-District Schools,NOBLE - HANSBERRY HS,,,CHARTER,,,,,,,,,,,,,,,,,,,,,,,,,,,,,,,,518.0,,,,,,,,,,,,,,,,,,,,,,,,,,,,,,,,,,,,,,,,,,,,,,,,,,,,,,,,,,,,,,,,,,,,,,,4727449.3,1315849.5,1326578.77,1214710.0,119706.0,306908.2,7770.0,3885.0,2200.0,0.0,,,,,,,,,,
2025,CHARTER_CONTRACT_ALOP_2025.xlsx,FY25 Non-District Schools,NOBLE - ITW SPEER HS,,,CHARTER,,,,,,,,,,,,,,,,,,,,,,,,,,,,,,,,1099.0,,,,,,,,,,,,,,,,,,,,,,,,,,,,,,,,,,,,,,,,,,,,,,,,,,,,,,,,,,,,,,,,,,,,,,,10029858.65,2791734.75,2041821.7,2577155.0,262842.0,673887.4,16485.0,8242.5,125010.0,0.0,,,,,,,,,,
2025,CHARTER_CONTRACT_ALOP_2025.xlsx,FY25 Non-District Schools,NOBLE - JOHNSON HS,,,CHARTER,,,,,,,,,,,,,,,,,,,,,,,,,,,,,,,,459.0,,,,,,,,,,,,,,,,,,,,,,,,,,,,,,,,,,,,,,,,,,,,,,,,,,,,,,,,,,,,,,,,,,,,,,,4188994.6500000004,1165974.75,1091630.99,0.0,119706.0,306908.2,6885.0,3442.5,3300.0,0.0,,,,,,,,,,
2025,CHARTER_CONTRACT_ALOP_2025.xlsx,FY25 Non-District Schools,NOBLE - MANSUETO HS,,,CHARTER,,,,,,,,,,,,,,,,,,,,,,,,,,,,,,,,1068.0,,,,,,,,,,,,,,,,,,,,,,,,,,,,,,,,,,,,,,,,,,,,,,,,,,,,,,,,,,,,,,,,,,,,,,,9746941.8,2712987.0,1782528.2400000002,2504460.0,285846.0,732866.2000000001,16020.0,8010.0,125010.0,0.0,,,,,,,,,,
2025,CHARTER_CONTRACT_ALOP_2025.xlsx,FY25 Non-District Schools,NOBLE - MUCHIN HS,,,CHARTER,,,,,,,,,,,,,,,,,,,,,,,,,,,,,,,,941.0,,,,,,,,,,,,,,,,,,,,,,,,,,,,,,,,,,,,,,,,,,,,,,,,,,,,,,,,,,,,,,,,,,,,,,,8587895.35,2390375.25,1429618.8199999998,2206645.0,203202.0,520979.4,14115.0,7057.5,125010.0,0.0,,,,,,,,,,
2025,CHARTER_CONTRACT_ALOP_2025.xlsx,FY25 Non-District Schools,NOBLE - NOBLE HS,,,CHARTER,,,,,,,,,,,,,,,,,,,,,,,,,,,,,,,,674.0,,,,,,,,,,,,,,,,,,,,,,,,,,,,,,,,,,,,,,,,,,,,,,,,,,,,,,,,,,,,,,,,,,,,,,,6151159.9,1712128.5,1132600.51,1580530.0,155916.0,399745.2,10110.0,5055.0,125010.0,0.0,,,,,,,,,,
2025,CHARTER_CONTRACT_ALOP_2025.xlsx,FY25 Non-District Schools,NOBLE - PRITZKER HS,,,CHARTER,,,,,,,,,,,,,,,,,,,,,,,,,,,,,,,,990.0,,,,,,,,,,,,,,,,,,,,,,,,,,,,,,,,,,,,,,,,,,,,,,,,,,,,,,,,,,,,,,,,,,,,,,,9035086.5,2514847.5,1710801.89,2321550.0,270936.0,694639.2000000001,14850.0,7425.0,125010.0,0.0,,,,,,,,,,
2025,CHARTER_CONTRACT_ALOP_2025.xlsx,FY25 Non-District Schools,NOBLE - RAUNER HS,,,CHARTER,,,,,,,,,,,,,,,,,,,,,,,,,,,,,,,,599.0,,,,,,,,,,,,,,,,,,,,,,,,,,,,,,,,,,,,,,,,,,,,,,,,,,,,,,,,,,,,,,,,,,,,,,,5466683.65,1521609.75,1095917.56,1404655.0,142710.0,365887.0,8985.0,4492.5,125010.0,0.0,,,,,,,,,,
2025,CHARTER_CONTRACT_ALOP_2025.xlsx,FY25 Non-District Schools,NOBLE - ROWE CLARK HS,,,CHARTER,,,,,,,,,,,,,,,,,,,,,,,,,,,,,,,,345.0,,,,,,,,,,,,,,,,,,,,,,,,,,,,,,,,,,,,,,,,,,,,,,,,,,,,,,,,,,,,,,,,,,,,,,,3148590.75,876386.25,833466.8,809025.0,97128.0,249021.6,5175.0,2587.5,62505.0,0.0,,,,,,,,,,
2025,CHARTER_CONTRACT_ALOP_2025.xlsx,FY25 Non-District Schools,NOBLE - UIC HS,,,CHARTER,,,,,,,,,,,,,,,,,,,,,,,,,,,,,,,,935.0,,,,,,,,,,,,,,,,,,,,,,,,,,,,,,,,,,,,,,,,,,,,,,,,,,,,,,,,,,,,,,,,,,,,,,,8533137.25,2375133.75,1522629.39,0.0,220242.0,564667.4,14025.0,7012.5,125010.0,0.0,,,,,,,,,,
2025,CHARTER_CONTRACT_ALOP_2025.xlsx,FY25 Non-District Schools,NORTH LAWNDALE - CHRISTIANA HS,,,CHARTER,,,,,,,,,,,,,,,,,,,,,,,,,,,,,,,,309.0,,,,,,,,,,,,,,,,,,,,,,,,,,,,,,,,,,,,,,,,,,,,,,,,,,,,,,,,,,,,,,,,,,,,,,,2820042.15,784937.25,858666.6,0.0,92664.0,216255.6,4635.0,2317.5,1100.0,0.0,,,,,,,,,,
2025,CHARTER_CONTRACT_ALOP_2025.xlsx,FY25 Non-District Schools,NORTH LAWNDALE - COLLINS HS,,,CHARTER,,,,,,,,,,,,,,,,,,,,,,,,,,,,,,,,372.0,,,,,,,,,,,,,,,,,,,,,,,,,,,,,,,,,,,,,,,,,,,,,,,,,,,,,,,,,,,,,,,,,,,,,,,3395002.2,944973.0,757904.3099999999,0.0,107640.0,251206.0,5580.0,2790.0,550.0,15000.0,,,,,,,,,,
2025,CHARTER_CONTRACT_ALOP_2025.xlsx,FY25 Non-District Schools,OMBUDSMAN - NORTHWEST HS,,,ALOP,,,,,,,,,,,,,,,,,,,,,,,,,,,,,,,,240.0,,,,,,,,,,,,,,,,,,,,,,,,,,,,,,,,,,,,,,,,,,,,,,,,,,,,,,,,,,,,,,,,,,,,,,,2190324.0,609660.0,0.0,562800.0,63516.0,172567.6,3600.0,1800.0,125010.0,0.0,,,,,,,,,,
2025,CHARTER_CONTRACT_ALOP_2025.xlsx,FY25 Non-District Schools,OMBUDSMAN - ROSELAND HS,,,ALOP,,,,,,,,,,,,,,,,,,,,,,,,,,,,,,,,137.0,,,,,,,,,,,,,,,,,,,,,,,,,,,,,,,,,,,,,,,,,,,,,,,,,,,,,,,,,,,,,,,,,,,,,,,1250309.95,348014.25,0.0,321265.0,53808.0,128879.6,2055.0,1027.5,1100.0,0.0,,,,,,,,,,
2025,CHARTER_CONTRACT_ALOP_2025.xlsx,FY25 Non-District Schools,OMBUDSMAN - SOUTH HS,,,ALOP,,,,,,,,,,,,,,,,,,,,,,,,,,,,,,,,215.0,,,,,,,,,,,,,,,,,,,,,,,,,,,,,,,,,,,,,,,,,,,,,,,,,,,,,,,,,,,,,,,,,,,,,,,1962165.25,546153.75,0.0,504175.0,86268.0,198780.4,3225.0,1612.5,62505.0,0.0,,,,,,,,,,
2025,CHARTER_CONTRACT_ALOP_2025.xlsx,FY25 Non-District Schools,OMBUDSMAN - WEST HS,,,ALOP,,,,,,,,,,,,,,,,,,,,,,,,,,,,,,,,148.0,,,,,,,,,,,,,,,,,,,,,,,,,,,,,,,,,,,,,,,,,,,,,,,,,,,,,,,,,,,,,,,,,,,,,,,1350699.8,375957.0,0.0,347060.0,55224.0,128879.6,2220.0,1110.0,4950.0,0.0,,,,,,,,,,
2025,CHARTER_CONTRACT_ALOP_2025.xlsx,FY25 Non-District Schools,PATHWAYS - ASHBURN HS,,,ALOP,,,,,,,,,,,,,,,,,,,,,,,,,,,,,,,,265.0,,,,,,,,,,,,,,,,,,,,,,,,,,,,,,,,,,,,,,,,,,,,,,,,,,,,,,,,,,,,,,,,,,,,,,,2418482.75,673166.25,0.0,621425.0,86640.0,207518.0,3975.0,1987.5,62505.0,0.0,,,,,,,,,,
2025,CHARTER_CONTRACT_ALOP_2025.xlsx,FY25 Non-District Schools,PATHWAYS - AVONDALE HS,,,ALOP,,,,,,,,,,,,,,,,,,,,,,,,,,,,,,,,302.0,,,,,,,,,,,,,,,,,,,,,,,,,,,,,,,,,,,,,,,,,,,,,,,,,,,,,,,,,,,,,,,,,,,,,,,2756157.7,767155.5,0.0,708190.0,81468.0,203149.2,4530.0,2265.0,62505.0,0.0,,,,,,,,,,
2025,CHARTER_CONTRACT_ALOP_2025.xlsx,FY25 Non-District Schools,PATHWAYS - BRIGHTON PARK HS,,,ALOP,,,,,,,,,,,,,,,,,,,,,,,,,,,,,,,,427.0,,,,,,,,,,,,,,,,,,,,,,,,,,,,,,,,,,,,,,,,,,,,,,,,,,,,,,,,,,,,,,,,,,,,,,,3896951.45,1084686.75,0.0,1001315.0,116424.0,275234.4,6405.0,3202.5,125010.0,0.0,,,,,,,,,,
2025,CHARTER_CONTRACT_ALOP_2025.xlsx,FY25 Non-District Schools,PATHWAYS - HUMBOLDT PARK HS ,,,ALOP,,,,,,,,,,,,,,,,,,,,,,,,,,,,,,,,162.0,,,,,,,,,,,,,,,,,,,,,,,,,,,,,,,,,,,,,,,,,,,,,,,,,,,,,,,,,,,,,,,,,,,,,,,1478468.7,411520.5,0.0,379890.0,30504.0,89560.40000000001,2430.0,1215.0,62505.0,0.0,,,,,,,,,,
2025,CHARTER_CONTRACT_ALOP_2025.xlsx,FY25 Non-District Schools,PERSPECTIVES - JOSLIN HS,,,CHARTER,,,,,,,,,,,,,,,,,,,,,,,,,,,,,,,,330.0,,,,,,,,,,,,,,,,,,,,,,,,,,,,,,,,,,,,,,,,,,,,,,,,,,,,,,,,,,,,,,,,,,,,,,,3011695.5,838282.5,800596.83,773850.0,95634.0,226085.4,4950.0,2475.0,1650.0,0.0,,,,,,,,,,
2025,CHARTER_CONTRACT_ALOP_2025.xlsx,FY25 Non-District Schools,PERSPECTIVES - LEADERSHIP HS,,,CHARTER,,,,,,,,,,,,,,,,,,,,,,,,,,,,,,,,847.0,,,,,,,,,,,,,,,,,,,,,,,,,,,,,,,,,,,,,,,,,,,,,,,,,,,,,,,,,,,,,,,,,,,,,,,7730018.45,2151591.75,1376485.5799999998,1986215.0,237930.0,562483.0,12705.0,6352.5,1650.0,70000.0,,,,,,,,,,
2025,CHARTER_CONTRACT_ALOP_2025.xlsx,FY25 Non-District Schools,PERSPECTIVES - MATH & SCI HS,,,CHARTER,,,,,,,,,,,,,,,,,,,,,,,,,,,,,,,,399.0,,,,,,,,,,,,,,,,,,,,,,,,,,,,,,,,,,,,,,,,,,,,,,,,,,,,,,,,,,,,,,,,,,,,,,,3641413.6500000004,1013559.75,556775.53,0.0,98868.0,233730.8,5985.0,2992.5,0.0,70000.0,,,,,,,,,,
2025,CHARTER_CONTRACT_ALOP_2025.xlsx,FY25 Non-District Schools,PERSPECTIVES - TECH HS,,,CHARTER,,,,,,,,,,,,,,,,,,,,,,,,,,,,,,,,427.0,,,,,,,,,,,,,,,,,,,,,,,,,,,,,,,,,,,,,,,,,,,,,,,,,,,,,,,,,,,,,,,,,,,,,,,3896951.45,1084686.75,743285.83,1001315.0,116886.0,276326.60000000003,6405.0,3202.5,550.0,0.0,,,,,,,,,,
2025,CHARTER_CONTRACT_ALOP_2025.xlsx,FY25 Non-District Schools,PLATO,,,CONTRACT,,,,,,,,,,,,,,,,,,,,,,,,,,,,,,,,182.0,,,,,,,,,,,,,,,,,,,,,,,,,,,,,,,,,,,,,,,,,,,,,,,,,,,,,,,,,,,,,,,,,,,,,,,1607112.7800000003,385272.16,391804.76,426790.0,45360.0,114681.0,2730.0,1365.0,0.0,0.0,,,,,,,,,,
2025,CHARTER_CONTRACT_ALOP_2025.xlsx,FY25 Non-District Schools,POLARIS,,,CHARTER,,,,,,,,,,,,,,,,,,,,,,,,,,,,,,,,356.0,,,,,,,,,,,,,,,,,,,,,,,,,,,,,,,,,,,,,,,,,,,,,,,,,,,,,,,,,,,,,,,,,,,,,,,3143583.24,753609.28,653696.4,0.0,67332.0,197688.2,5340.0,2670.0,2750.0,0.0,,,,,,,,,,
2025,CHARTER_CONTRACT_ALOP_2025.xlsx,FY25 Non-District Schools,PROVIDENCE ENGLEWOOD,,,CHARTER,,,,,,,,,,,,,,,,,,,,,,,,,,,,,,,,446.0,,,,,,,,,,,,,,,,,,,,,,,,,,,,,,,,,,,,,,,,,,,,,,,,,,,,,,,,,,,,,,,,,,,,,,,3938309.3400000003,944128.48,545343.32,0.0,73080.0,229362.0,6690.0,3345.0,4400.0,0.0,,,,,,,,,,
2025,CHARTER_CONTRACT_ALOP_2025.xlsx,FY25 Non-District Schools,ROWE,,,CHARTER,,,,,,,,,,,,,,,,,,,,,,,,,,,,,,,,703.0,,,,,,,,,,,,,,,,,,,,,,,,,,,,,,,,,,,,,,,,,,,,,,,,,,,,,,,,,,,,,,,,,,,,,,,6207693.870000001,1488166.64,1337920.91,663635.0,113796.0,357149.4,10545.0,5272.5,125010.0,0.0,,,,,,,,,,
2025,CHARTER_CONTRACT_ALOP_2025.xlsx,FY25 Non-District Schools,SAFE ACHIEVE,,,ALOP,,,,,,,,,,,,,,,,,,,,,,,,,,,,,,,,100.0,,,,,,,,,,,,,,,,,,,,,,,,,,,,,,,,,,,,,,,,,,,,,,,,,,,,,,,,,,,,,,,,,,,,,,,912635.0,254025.0,0.0,234500.0,11664.0,29489.4,1500.0,750.0,2750.0,0.0,,,,,,,,,,
2025,CHARTER_CONTRACT_ALOP_2025.xlsx,FY25 Non-District Schools,U OF C - DONOGHUE,,,CHARTER,,,,,,,,,,,,,,,,,,,,,,,,,,,,,,,,500.0,,,,,,,,,,,,,,,,,,,,,,,,,,,,,,,,,,,,,,,,,,,,,,,,,,,,,,,,,,,,,,,,,,,,,,,4415145.0,1058440.0,622182.8400000001,0.0,117216.0,323291.2,7500.0,3750.0,62505.0,15000.0,,,,,,,,,,
2025,CHARTER_CONTRACT_ALOP_2025.xlsx,FY25 Non-District Schools,U OF C - NKO,,,CHARTER,,,,,,,,,,,,,,,,,,,,,,,,,,,,,,,,305.0,,,,,,,,,,,,,,,,,,,,,,,,,,,,,,,,,,,,,,,,,,,,,,,,,,,,,,,,,,,,,,,,,,,,,,,2693238.45,645648.4,585726.53,0.0,66132.0,182397.4,4575.0,2287.5,1650.0,0.0,,,,,,,,,,
2025,CHARTER_CONTRACT_ALOP_2025.xlsx,FY25 Non-District Schools,U OF C - WOODLAWN HS,,,CHARTER,,,,,,,,,,,,,,,,,,,,,,,,,,,,,,,,607.0,,,,,,,,,,,,,,,,,,,,,,,,,,,,,,,,,,,,,,,,,,,,,,,,,,,,,,,,,,,,,,,,,,,,,,,5539694.45,1541931.75,1036160.15,1423415.0,121176.0,334213.2,9105.0,4552.5,2750.0,0.0,,,,,,,,,,
2025,CHARTER_CONTRACT_ALOP_2025.xlsx,FY25 Non-District Schools,URBAN PREP - BRONZEVILLE HS,,,CHARTER,,,,,,,,,,,,,,,,,,,,,,,,,,,,,,,,164.0,,,,,,,,,,,,,,,,,,,,,,,,,,,,,,,,,,,,,,,,,,,,,,,,,,,,,,,,,,,,,,,,,,,,,,,1496721.4000000001,416601.0,507486.09,0.0,45288.0,111404.4,2460.0,1230.0,1650.0,0.0,,,,,,,,,,
2025,CHARTER_CONTRACT_ALOP_2025.xlsx,FY25 Non-District Schools,URBAN PREP - ENGLEWOOD HS,,,CHARTER,,,,,,,,,,,,,,,,,,,,,,,,,,,,,,,,93.0,,,,,,,,,,,,,,,,,,,,,,,,,,,,,,,,,,,,,,,,,,,,,,,,,,,,,,,,,,,,,,,,,,,,,,,848750.55,236243.25,235606.87,0.0,25650.0,62255.4,1395.0,697.5,1100.0,0.0,,,,,,,,,,
2025,CHARTER_CONTRACT_ALOP_2025.xlsx,FY25 Non-District Schools,YCCS,,,CHARTER,,,,,,,,,,,,,,,,,,,,,,,,,,,,,,,,2629.0,,,,,,,,,,,,,,,,,,,,,,,,,,,,,,,,,,,,,,,,,,,,,,,,,,,,,,,,,,,,,,,,,,,,,,,23993174.150000002,6678317.25,6347349.88,6165005.0,759240.0,1867662.0,39435.0,19717.5,529190.0,800000.0,,,,,,,,,,
2026,CHARTER_CONTRACT_ALOP_2026.xlsx,FY26 Charter Schools,ACERO - BRIGHTON PARK,,,CHARTER,,,,,,,,,,,,,,,,,,,,,,,,,,,,,,,,,,,,,,,,,,,,,,,,,,,,,,,,,,,,,,,,,,,,,,,,,,,,,,,,,,,,,,,,,,,,,,,,,,,,,,,,,,,,,,,125010.0,0.0,8363021.0,466.0,493896.86992,8737.5,7863.66,,,,,
2026,CHARTER_CONTRACT_ALOP_2026.xlsx,FY26 Charter Schools,ACERO - CISNEROS,,,CHARTER,,,,,,,,,,,,,,,,,,,,,,,,,,,,,,,,,,,,,,,,,,,,,,,,,,,,,,,,,,,,,,,,,,,,,,,,,,,,,,,,,,,,,,,,,,,,,,,,,,,,,,,,,,,,,,,125010.0,0.0,7857279.72,327.0,321039.17992,6228.66,5566.92,,,,,
2026,CHARTER_CONTRACT_ALOP_2026.xlsx,FY26 Charter Schools,ACERO - CLEMENTE,,,CHARTER,,,,,,,,,,,,,,,,,,,,,,,,,,,,,,,,,,,,,,,,,,,,,,,,,,,,,,,,,,,,,,,,,,,,,,,,,,,,,,,,,,,,,,,,,,,,,,,,,,,,,,,,,,,,,,,125010.0,0.0,8151744.680000002,463.0,410265.52,8692.5,7818.66,,,,,
2026,CHARTER_CONTRACT_ALOP_2026.xlsx,FY26 Charter Schools,ACERO - DE LAS CASAS,,,CHARTER,,,,,,,,,,,,,,,,,,,,,,,,,,,,,,,,,,,,,,,,,,,,,,,,,,,,,,,,,,,,,,,,,,,,,,,,,,,,,,,,,,,,,,,,,,,,,,,,,,,,,,,,,,,,,,,125010.0,26684.0,6061431.0,225.0,232680.34000000003,6720.0,5047.5,,,,,
2026,CHARTER_CONTRACT_ALOP_2026.xlsx,FY26 Charter Schools,ACERO - FUENTES,,,CHARTER,,,,,,,,,,,,,,,,,,,,,,,,,,,,,,,,,,,,,,,,,,,,,,,,,,,,,,,,,,,,,,,,,,,,,,,,,,,,,,,,,,,,,,,,,,,,,,,,,,,,,,,,,,,,,,,125010.0,0.0,8631959.56,371.0,342435.49004000006,7042.5,6303.66,,,,,
2026,CHARTER_CONTRACT_ALOP_2026.xlsx,FY26 Charter Schools,ACERO - GARCIA HS,,,CHARTER,,,,,,,,,,,,,,,,,,,,,,,,,,,,,,,,,,,,,,,,,,,,,,,,,,,,,,,,,,,,,,,,,,,,,,,,,,,,,,,,,,,,,,,,,,,,,,,,,,,,,,,,,,,,,,,125010.0,0.0,11532165.8,655.0,631421.37008,12161.34,10993.08,,,,,
2026,CHARTER_CONTRACT_ALOP_2026.xlsx,FY26 Charter Schools,ACERO - IDAR,,,CHARTER,,,,,,,,,,,,,,,,,,,,,,,,,,,,,,,,,,,,,,,,,,,,,,,,,,,,,,,,,,,,,,,,,,,,,,,,,,,,,,,,,,,,,,,,,,,,,,,,,,,,,,,,,,,,,,,125010.0,46344.0,9384189.88,529.0,568484.74,9900.0,8917.5,,,,,
2026,CHARTER_CONTRACT_ALOP_2026.xlsx,FY26 Charter Schools,ACERO - MARQUEZ,,,CHARTER,,,,,,,,,,,,,,,,,,,,,,,,,,,,,,,,,,,,,,,,,,,,,,,,,,,,,,,,,,,,,,,,,,,,,,,,,,,,,,,,,,,,,,,,,,,,,,,,,,,,,,,,,,,,,,,125010.0,0.0,8944030.88,508.0,524068.98004,9558.84,8589.42,,,,,
2026,CHARTER_CONTRACT_ALOP_2026.xlsx,FY26 Charter Schools,ACERO - SANTIAGO,,,CHARTER,,,,,,,,,,,,,,,,,,,,,,,,,,,,,,,,,,,,,,,,,,,,,,,,,,,,,,,,,,,,,,,,,,,,,,,,,,,,,,,,,,,,,,,,,,,,,,,,,,,,,,,,,,,,,,,125010.0,0.0,6026218.28,223.0,232943.87992,4173.84,3759.42,,,,,
2026,CHARTER_CONTRACT_ALOP_2026.xlsx,FY26 Charter Schools,ACERO - SOTO HS,,,CHARTER,,,,,,,,,,,,,,,,,,,,,,,,,,,,,,,,,,,,,,,,,,,,,,,,,,,,,,,,,,,,,,,,,,,,,,,,,,,,,,,,,,,,,,,,,,,,,,,,,,,,,,,,,,,,,,,125010.0,0.0,9701104.36,551.0,552354.25008,10383.84,9324.42,,,,,
2026,CHARTER_CONTRACT_ALOP_2026.xlsx,FY26 Charter Schools,ACERO - TAMAYO,,,CHARTER,,,,,,,,,,,,,,,,,,,,,,,,,,,,,,,,,,,,,,,,,,,,,,,,,,,,,,,,,,,,,,,,,,,,,,,,,,,,,,,,,,,,,,,,,,,,,,,,,,,,,,,,,,,,,,,125010.0,0.0,6818504.48,268.0,318307.50004,8055.0,6037.5,,,,,
2026,CHARTER_CONTRACT_ALOP_2026.xlsx,FY26 Charter Schools,ACERO - TORRES,,,CHARTER,,,,,,,,,,,,,,,,,,,,,,,,,,,,,,,,,,,,,,,,,,,,,,,,,,,,,,,,,,,,,,,,,,,,,,,,,,,,,,,,,,,,,,,,,,,,,,,,,,,,,,,,,,,,,,,125010.0,33706.0,9313764.44,528.0,504562.93000000005,9960.0,8940.0,,,,,
2026,CHARTER_CONTRACT_ALOP_2026.xlsx,FY26 Charter Schools,ACERO - ZIZUMBO,,,CHARTER,,,,,,,,,,,,,,,,,,,,,,,,,,,,,,,,,,,,,,,,,,,,,,,,,,,,,,,,,,,,,,,,,,,,,,,,,,,,,,,,,,,,,,,,,,,,,,,,,,,,,,,,,,,,,,,125010.0,0.0,9401796.24,534.0,522037.88008,15975.0,11992.5,,,,,
2026,CHARTER_CONTRACT_ALOP_2026.xlsx,FY26 Charter Schools,AHS - PASSAGES,,,CHARTER,,,,,,,,,,,,,,,,,,,,,,,,,,,,,,,,,,,,,,,,,,,,,,,,,,,,,,,,,,,,,,,,,,,,,,,,,,,,,,,,,,,,,,,,,,,,,,,,,,,,,,,,,,,,,,,125010.0,0.0,6778448.6,385.0,403024.91004,10320.0,6657.54,,,,,
2026,CHARTER_CONTRACT_ALOP_2026.xlsx,FY26 Charter Schools,ART IN MOTION,,,CHARTER,,,,,,,,,,,,,,,,,,,,,,,,,,,,,,,,,,,,,,,,,,,,,,,,,,,,,,,,,,,,,,,,,,,,,,,,,,,,,,,,,,,,,,,,,,,,,,,,,,,,,,,,,,,,,,,5500.0,51688.0,10581422.360000001,601.0,583489.34,17160.0,9015.0,,,,,
2026,CHARTER_CONTRACT_ALOP_2026.xlsx,FY26 Charter Schools,ASPIRA - BUSINESS & FINANCE HS,,,CHARTER,,,,,,,,,,,,,,,,,,,,,,,,,,,,,,,,,,,,,,,,,,,,,,,,,,,,,,,,,,,,,,,,,,,,,,,,,,,,,,,,,,,,,,,,,,,,,,,,,,,,,,,,,,,,,,,125010.0,0.0,7377064.84,419.0,352911.50996,7289.0904,7320.0,,,,,
2026,CHARTER_CONTRACT_ALOP_2026.xlsx,FY26 Charter Schools,ASPIRA - EARLY COLLEGE HS,,,CHARTER,,,,,,,,,,,,,,,,,,,,,,,,,,,,,,,,,,,,,,,,,,,,,,,,,,,,,,,,,,,,,,,,,,,,,,,,,,,,,,,,,,,,,,,,,,,,,,,,,,,,,,,,,,,,,,,125010.0,0.0,4912174.44,279.0,265708.86008,4648.7196,4652.49996,,,,,
2026,CHARTER_CONTRACT_ALOP_2026.xlsx,FY26 Charter Schools,CATALYST - CIRCLE ROCK,,,CHARTER,,,,,,,,,,,,,,,,,,,,,,,,,,,,,,,,,,,,,,,,,,,,,,,,,,,,,,,,,,,,,,,,,,,,,,,,,,,,,,,,,,,,,,,,,,,,,,,,,,,,,,,,,,,,,,,0.0,0.0,9155307.200000001,520.0,593980.8000399999,7800.0,11580.0,,,,,
2026,CHARTER_CONTRACT_ALOP_2026.xlsx,FY26 Charter Schools,CATALYST - MARIA,,,CHARTER,,,,,,,,,,,,,,,,,,,,,,,,,,,,,,,,,,,,,,,,,,,,,,,,,,,,,,,,,,,,,,,,,,,,,,,,,,,,,,,,,,,,,,,,,,,,,,,,,,,,,,,,,,,,,,,250020.0,0.0,19366996.0,1100.0,1281635.6799200005,26595.9996,20300.00004,,,,,
2026,CHARTER_CONTRACT_ALOP_2026.xlsx,FY26 Charter Schools,CHICAGO COLLEGIATE,,,CHARTER,,,,,,,,,,,,,,,,,,,,,,,,,,,,,,,,,,,,,,,,,,,,,,,,,,,,,,,,,,,,,,,,,,,,,,,,,,,,,,,,,,,,,,,,,,,,,,,,,,,,,,,,,,,,,,,1100.0,20994.0,4436802.72,252.0,326874.71992,5311.32,5617.5,,,,,
2026,CHARTER_CONTRACT_ALOP_2026.xlsx,FY26 Charter Schools,CHICAGO MATH & SCIENCE HS,,,CHARTER,,,,,,,,,,,,,,,,,,,,,,,,,,,,,,,,,,,,,,,,,,,,,,,,,,,,,,,,,,,,,,,,,,,,,,,,,,,,,,,,,,,,,,,,,,,,,,,,,,,,,,,,,,,,,,,125010.0,0.0,10687060.52,599.0,582942.86004,17970.0,8985.0,,,,,
2026,CHARTER_CONTRACT_ALOP_2026.xlsx,FY26 Charter Schools,CHRISTOPHER HOUSE,,,CHARTER,,,,,,,,,,,,,,,,,,,,,,,,,,,,,,,,,,,,,,,,,,,,,,,,,,,,,,,,,,,,,,,,,,,,,,,,,,,,,,,,,,,,,,,,,,,,,,,,,,,,,,,,,,,,,,,125010.0,31789.0,8310201.92,472.0,468505.63996,13530.0,10305.0,,,,,
2026,CHARTER_CONTRACT_ALOP_2026.xlsx,FY26 Charter Schools,CICS Avalon,,,CHARTER,,,,,,,,,,,,,,,,,,,,,,,,,,,,,,,,,,,,,,,,,,,,,,,,,,,,,,,,,,,,,,,,,,,,,,,,,,,,,,,,,,,,,,,,,,,,,,,,,,,,,,,,,,,,,,,5500.0,0.0,8380627.360000001,476.0,540459.8099999999,9997.0404,10410.0,,,,,
2026,CHARTER_CONTRACT_ALOP_2026.xlsx,FY26 Charter Schools,CICS Basil,,,CHARTER,,,,,,,,,,,,,,,,,,,,,,,,,,,,,,,,,,,,,,,,,,,,,,,,,,,,,,,,,,,,,,,,,,,,,,,,,,,,,,,,,,,,,,,,,,,,,,,,,,,,,,,,,,,,,,,125010.0,0.0,9648285.280000001,548.0,550914.89996,11286.8496,9207.57996,,,,,
2026,CHARTER_CONTRACT_ALOP_2026.xlsx,FY26 Charter Schools,CICS Bucktown,,,CHARTER,,,,,,,,,,,,,,,,,,,,,,,,,,,,,,,,,,,,,,,,,,,,,,,,,,,,,,,,,,,,,,,,,,,,,,,,,,,,,,,,,,,,,,,,,,,,,,,,,,,,,,,,,,,,,,,125010.0,0.0,9190519.92,521.0,388794.35003999993,15960.0,7815.0,,,,,
2026,CHARTER_CONTRACT_ALOP_2026.xlsx,FY26 Charter Schools,CICS Irving Park,,,CHARTER,,,,,,,,,,,,,,,,,,,,,,,,,,,,,,,,,,,,,,,,,,,,,,,,,,,,,,,,,,,,,,,,,,,,,,,,,,,,,,,,,,,,,,,,,,,,,,,,,,,,,,,,,,,,,,,125010.0,0.0,8063712.880000001,454.0,312635.30004,14385.0,6810.0,,,,,
2026,CHARTER_CONTRACT_ALOP_2026.xlsx,FY26 Charter Schools,CICS Lloyd Bond,,,CHARTER,,,,,,,,,,,,,,,,,,,,,,,,,,,,,,,,,,,,,,,,,,,,,,,,,,,,,,,,,,,,,,,,,,,,,,,,,,,,,,,,,,,,,,,,,,,,,,,,,,,,,,,,,,,,,,,1100.0,83211.0,4912174.44,279.0,306437.66000000003,4185.0,6120.0,,,,,
2026,CHARTER_CONTRACT_ALOP_2026.xlsx,FY26 Charter Schools,CICS Longwood,,,CHARTER,,,,,,,,,,,,,,,,,,,,,,,,,,,,,,,,,,,,,,,,,,,,,,,,,,,,,,,,,,,,,,,,,,,,,,,,,,,,,,,,,,,,,,,,,,,,,,,,,,,,,,,,,,,,,,,11000.0,42372.0,19595878.68,1113.0,1070918.77004,16695.0,16695.0,,,,,
2026,CHARTER_CONTRACT_ALOP_2026.xlsx,FY26 Charter Schools,CICS Loomis,,,CHARTER,,,,,,,,,,,,,,,,,,,,,,,,,,,,,,,,,,,,,,,,,,,,,,,,,,,,,,,,,,,,,,,,,,,,,,,,,,,,,,,,,,,,,,,,,,,,,,,,,,,,,,,,,,,,,,,1100.0,83362.0,5968556.04,339.0,354786.88992,5085.0,5085.0,,,,,
2026,CHARTER_CONTRACT_ALOP_2026.xlsx,FY26 Charter Schools,CICS Northtown,,,CHARTER,,,,,,,,,,,,,,,,,,,,,,,,,,,,,,,,,,,,,,,,,,,,,,,,,,,,,,,,,,,,,,,,,,,,,,,,,,,,,,,,,,,,,,,,,,,,,,,,,,,,,,,,,,,,,,,125010.0,0.0,15352745.920000002,872.0,698742.2499200001,13080.0,13080.0,,,,,
2026,CHARTER_CONTRACT_ALOP_2026.xlsx,FY26 Charter Schools,CICS Prairie,,,CHARTER,,,,,,,,,,,,,,,,,,,,,,,,,,,,,,,,,,,,,,,,,,,,,,,,,,,,,,,,,,,,,,,,,,,,,,,,,,,,,,,,,,,,,,,,,,,,,,,,,,,,,,,,,,,,,,,125010.0,37609.0,7341852.12,413.0,463566.78004,6195.0,6195.0,,,,,
2026,CHARTER_CONTRACT_ALOP_2026.xlsx,FY26 Charter Schools,CICS Ralph Ellison,,,CHARTER,,,,,,,,,,,,,,,,,,,,,,,,,,,,,,,,,,,,,,,,,,,,,,,,,,,,,,,,,,,,,,,,,,,,,,,,,,,,,,,,,,,,,,,,,,,,,,,,,,,,,,,,,,,,,,,2200.0,0.0,4031856.4400000004,229.0,224213.00004,3435.0,3435.0,,,,,
2026,CHARTER_CONTRACT_ALOP_2026.xlsx,FY26 Charter Schools,CICS Washington Park,,,CHARTER,,,,,,,,,,,,,,,,,,,,,,,,,,,,,,,,,,,,,,,,,,,,,,,,,,,,,,,,,,,,,,,,,,,,,,,,,,,,,,,,,,,,,,,,,,,,,,,,,,,,,,,,,,,,,,,6600.0,35465.0,8627116.4,490.0,535094.4500399999,10396.7604,10972.5,,,,,
2026,CHARTER_CONTRACT_ALOP_2026.xlsx,FY26 Charter Schools,CICS West Belden,,,CHARTER,,,,,,,,,,,,,,,,,,,,,,,,,,,,,,,,,,,,,,,,,,,,,,,,,,,,,,,,,,,,,,,,,,,,,,,,,,,,,,,,,,,,,,,,,,,,,,,,,,,,,,,,,,,,,,,125010.0,48595.0,9225732.64,524.0,456233.09,10580.0004,7860.0,,,,,
2026,CHARTER_CONTRACT_ALOP_2026.xlsx,FY26 Charter Schools,CICS Wrightwood,,,CHARTER,,,,,,,,,,,,,,,,,,,,,,,,,,,,,,,,,,,,,,,,,,,,,,,,,,,,,,,,,,,,,,,,,,,,,,,,,,,,,,,,,,,,,,,,,,,,,,,,,,,,,,,,,,,,,,,2200.0,24143.0,10827911.4,615.0,626908.1799999999,9225.0,9225.0,,,,,
2026,CHARTER_CONTRACT_ALOP_2026.xlsx,FY26 Charter Schools,EPIC HS,,,CHARTER,,,,,,,,,,,,,,,,,,,,,,,,,,,,,,,,,,,,,,,,,,,,,,,,,,,,,,,,,,,,,,,,,,,,,,,,,,,,,,,,,,,,,,,,,,,,,,,,,,,,,,,,,,,,,,,125010.0,26428.0,3583395.64,242.0,302759.66996,3630.0,5632.5,,,,,
2026,CHARTER_CONTRACT_ALOP_2026.xlsx,FY26 Charter Schools,ERIE,,,CHARTER,,,,,,,,,,,,,,,,,,,,,,,,,,,,,,,,,,,,,,,,,,,,,,,,,,,,,,,,,,,,,,,,,,,,,,,,,,,,,,,,,,,,,,,,,,,,,,,,,,,,,,,,,,,,,,,125010.0,90090.0,7112969.44,404.0,447045.23008,6060.0,6060.0,,,,,
2026,CHARTER_CONTRACT_ALOP_2026.xlsx,FY26 Charter Schools,GLOBAL CITIZENSHIP,,,CHARTER,,,,,,,,,,,,,,,,,,,,,,,,,,,,,,,,,,,,,,,,,,,,,,,,,,,,,,,,,,,,,,,,,,,,,,,,,,,,,,,,,,,,,,,,,,,,,,,,,,,,,,,,,,,,,,,125010.0,30238.0,8609510.040000001,489.0,286830.53992,7335.0,8304.26004,,,,,
2026,CHARTER_CONTRACT_ALOP_2026.xlsx,FY26 Charter Schools,GREAT LAKES,,,CHARTER,,,,,,,,,,,,,,,,,,,,,,,,,,,,,,,,,,,,,,,,,,,,,,,,,,,,,,,,,,,,,,,,,,,,,,,,,,,,,,,,,,,,,,,,,,,,,,,,,,,,,,,,,,,,,,,62505.0,0.0,9577859.84,544.0,591296.51,10328.61,12187.5,,,,,
2026,CHARTER_CONTRACT_ALOP_2026.xlsx,FY26 Charter Schools,HORIZON - SOUTHWEST,,,CHARTER,,,,,,,,,,,,,,,,,,,,,,,,,,,,,,,,,,,,,,,,,,,,,,,,,,,,,,,,,,,,,,,,,,,,,,,,,,,,,,,,,,,,,,,,,,,,,,,,,,,,,,,,,,,,,,,125010.0,36928.0,12940674.600000001,735.0,771443.95004,22050.0,11025.0,,,,,
2026,CHARTER_CONTRACT_ALOP_2026.xlsx,FY26 Charter Schools,INSTITUTO - HEALTH,,,CHARTER,,,,,,,,,,,,,,,,,,,,,,,,,,,,,,,,,,,,,,,,,,,,,,,,,,,,,,,,,,,,,,,,,,,,,,,,,,,,,,,,,,,,,,,,,,,,,,,,,,,,,,,,,,,,,,,125010.0,0.0,9894774.32,562.0,564196.77004,10657.41,10867.5,,,,,
2026,CHARTER_CONTRACT_ALOP_2026.xlsx,FY26 Charter Schools,INSTITUTO - JUSTICE AND LEADERSHIP ACADEMY,,,CHARTER - OPTIONS,,,,,,,,,,,,,,,,,,,,,,,,,,,,,,,,,,,,,,,,,,,,,,,,,,,,,,,,,,,,,,,,,,,,,,,,,,,,,,,,,,,,,,,,,,,,,,,,,,,,,,,,,,,,,,,125010.0,78739.0,2324039.52,96.0,98217.83,1440.0,1867.5,,,,,
2026,CHARTER_CONTRACT_ALOP_2026.xlsx,FY26 Charter Schools,INTRINSIC HS,,,CHARTER,,,,,,,,,,,,,,,,,,,,,,,,,,,,,,,,,,,,,,,,,,,,,,,,,,,,,,,,,,,,,,,,,,,,,,,,,,,,,,,,,,,,,,,,,,,,,,,,,,,,,,,,,,,,,,,125010.0,39827.0,17324658.240000002,984.0,918908.04996,18288.84,21817.5,,,,,
2026,CHARTER_CONTRACT_ALOP_2026.xlsx,FY26 Charter Schools,KIPP - ACADEMY,,,CHARTER,,,,,,,,,,,,,,,,,,,,,,,,,,,,,,,,,,,,,,,,,,,,,,,,,,,,,,,,,,,,,,,,,,,,,,,,,,,,,,,,,,,,,,,,,,,,,,,,,,,,,,,,,,,,,,,125010.0,28884.0,10873332.559999999,664.0,715821.84,11662.4004,10848.69996,,,,,
2026,CHARTER_CONTRACT_ALOP_2026.xlsx,FY26 Charter Schools,KIPP - ASCEND,,,CHARTER,,,,,,,,,,,,,,,,,,,,,,,,,,,,,,,,,,,,,,,,,,,,,,,,,,,,,,,,,,,,,,,,,,,,,,,,,,,,,,,,,,,,,,,,,,,,,,,,,,,,,,,,,,,,,,,62505.0,45583.0,13371100.26,903.0,999575.66,15932.4,14776.10004,,,,,
2026,CHARTER_CONTRACT_ALOP_2026.xlsx,FY26 Charter Schools,KIPP - BLOOM,,,CHARTER,,,,,,,,,,,,,,,,,,,,,,,,,,,,,,,,,,,,,,,,,,,,,,,,,,,,,,,,,,,,,,,,,,,,,,,,,,,,,,,,,,,,,,,,,,,,,,,,,,,,,,,,,,,,,,,20900.0,0.0,13978204.48,944.0,967613.93992,16316.1996,15185.1,,,,,
2026,CHARTER_CONTRACT_ALOP_2026.xlsx,FY26 Charter Schools,KIPP - ONE,,,CHARTER,,,,,,,,,,,,,,,,,,,,,,,,,,,,,,,,,,,,,,,,,,,,,,,,,,,,,,,,,,,,,,,,,,,,,,,,,,,,,,,,,,,,,,,,,,,,,,,,,,,,,,,,,,,,,,,125010.0,0.0,14985109.04,1012.0,1108902.88996,17784.8004,16520.00004,,,,,
2026,CHARTER_CONTRACT_ALOP_2026.xlsx,FY26 Charter Schools,LEARN - 7,,,CHARTER,,,,,,,,,,,,,,,,,,,,,,,,,,,,,,,,,,,,,,,,,,,,,,,,,,,,,,,,,,,,,,,,,,,,,,,,,,,,,,,,,,,,,,,,,,,,,,,,,,,,,,,,,,,,,,,1100.0,0.0,2676166.72,152.0,172745.75996,2280.0,2280.0,,,,,
2026,CHARTER_CONTRACT_ALOP_2026.xlsx,FY26 Charter Schools,LEARN - BUTLER,,,CHARTER,,,,,,,,,,,,,,,,,,,,,,,,,,,,,,,,,,,,,,,,,,,,,,,,,,,,,,,,,,,,,,,,,,,,,,,,,,,,,,,,,,,,,,,,,,,,,,,,,,,,,,,,,,,,,,,0.0,25169.0,8468659.16,481.0,490496.35008,7215.0,7215.0,,,,,
2026,CHARTER_CONTRACT_ALOP_2026.xlsx,FY26 Charter Schools,LEARN - CAMPBELL,,,CHARTER,,,,,,,,,,,,,,,,,,,,,,,,,,,,,,,,,,,,,,,,,,,,,,,,,,,,,,,,,,,,,,,,,,,,,,,,,,,,,,,,,,,,,,,,,,,,,,,,,,,,,,,,,,,,,,,4400.0,0.0,6303076.879999999,358.0,424674.72992,5370.0,5370.0,,,,,
2026,CHARTER_CONTRACT_ALOP_2026.xlsx,FY26 Charter Schools,LEARN - EXCEL,,,CHARTER,,,,,,,,,,,,,,,,,,,,,,,,,,,,,,,,,,,,,,,,,,,,,,,,,,,,,,,,,,,,,,,,,,,,,,,,,,,,,,,,,,,,,,,,,,,,,,,,,,,,,,,,,,,,,,,2200.0,0.0,6760842.24,384.0,386644.7400000001,10118.58,5760.0,,,,,
2026,CHARTER_CONTRACT_ALOP_2026.xlsx,FY26 Charter Schools,LEARN - MIDDLE,,,CHARTER,,,,,,,,,,,,,,,,,,,,,,,,,,,,,,,,,,,,,,,,,,,,,,,,,,,,,,,,,,,,,,,,,,,,,,,,,,,,,,,,,,,,,,,,,,,,,,,,,,,,,,,,,,,,,,,0.0,27827.0,3098719.3600000003,176.0,199151.47,2640.0,2640.0,,,,,
2026,CHARTER_CONTRACT_ALOP_2026.xlsx,FY26 Charter Schools,LEARN - PERKINS,,,CHARTER,,,,,,,,,,,,,,,,,,,,,,,,,,,,,,,,,,,,,,,,,,,,,,,,,,,,,,,,,,,,,,,,,,,,,,,,,,,,,,,,,,,,,,,,,,,,,,,,,,,,,,,,,,,,,,,3300.0,40201.0,8486265.52,482.0,429259.4500400001,7230.0,7230.0,,,,,
2026,CHARTER_CONTRACT_ALOP_2026.xlsx,FY26 Charter Schools,LEARN - SOUTH CHICAGO,,,CHARTER,,,,,,,,,,,,,,,,,,,,,,,,,,,,,,,,,,,,,,,,,,,,,,,,,,,,,,,,,,,,,,,,,,,,,,,,,,,,,,,,,,,,,,,,,,,,,,,,,,,,,,,,,,,,,,,62505.0,40279.0,5774893.8,390.0,427227.63004,9926.4396,5850.0,,,,,
2026,CHARTER_CONTRACT_ALOP_2026.xlsx,FY26 Charter Schools,LEGACY,,,CHARTER,,,,,,,,,,,,,,,,,,,,,,,,,,,,,,,,,,,,,,,,,,,,,,,,,,,,,,,,,,,,,,,,,,,,,,,,,,,,,,,,,,,,,,,,,,,,,,,,,,,,,,,,,,,,,,,4400.0,40232.0,8186957.4,465.0,478539.52007999993,7344.9996,8810.00004,,,,,
2026,CHARTER_CONTRACT_ALOP_2026.xlsx,FY26 Charter Schools,LEGAL PREP HS,,,CHARTER,,,,,,,,,,,,,,,,,,,,,,,,,,,,,,,,,,,,,,,,,,,,,,,,,,,,,,,,,,,,,,,,,,,,,,,,,,,,,,,,,,,,,,,,,,,,,,,,,,,,,,,,,,,,,,,2200.0,0.0,3802973.7600000007,216.0,233427.85,6435.0,4837.5,,,,,
2026,CHARTER_CONTRACT_ALOP_2026.xlsx,FY26 Charter Schools,LOCKE A,,,CHARTER,,,,,,,,,,,,,,,,,,,,,,,,,,,,,,,,,,,,,,,,,,,,,,,,,,,,,,,,,,,,,,,,,,,,,,,,,,,,,,,,,,,,,,,,,,,,,,,,,,,,,,,,,,,,,,,0.0,0.0,6127013.28,348.0,292410.84,5220.0,5220.0,,,,,
2026,CHARTER_CONTRACT_ALOP_2026.xlsx,FY26 Charter Schools,MONTESSORI ENGLEWOOD,,,CHARTER,,,,,,,,,,,,,,,,,,,,,,,,,,,,,,,,,,,,,,,,,,,,,,,,,,,,,,,,,,,,,,,,,,,,,,,,,,,,,,,,,,,,,,,,,,,,,,,,,,,,,,,,,,,,,,,125010.0,50785.0,5241826.68,354.0,429030.65004,5310.0,6069.02004,,,,,
2026,CHARTER_CONTRACT_ALOP_2026.xlsx,FY26 Charter Schools,MOVING EVEREST,,,CHARTER,,,,,,,,,,,,,,,,,,,,,,,,,,,,,,,,,,,,,,,,,,,,,,,,,,,,,,,,,,,,,,,,,,,,,,,,,,,,,,,,,,,,,,,,,,,,,,,,,,,,,,,,,,,,,,,12100.0,88234.0,13345620.880000003,758.0,856930.70004,14257.5,17145.0,,,,,
2026,CHARTER_CONTRACT_ALOP_2026.xlsx,FY26 Charter Schools,NAMASTE,,,CHARTER,,,,,,,,,,,,,,,,,,,,,,,,,,,,,,,,,,,,,,,,,,,,,,,,,,,,,,,,,,,,,,,,,,,,,,,,,,,,,,,,,,,,,,,,,,,,,,,,,,,,,,,,,,,,,,,125010.0,0.0,6619991.359999999,369.0,307291.55004,5535.0,6208.08,,,,,
2026,CHARTER_CONTRACT_ALOP_2026.xlsx,FY26 Charter Schools,NOBLE - ACADEMY HS,,,CHARTER,,,,,,,,,,,,,,,,,,,,,,,,,,,,,,,,,,,,,,,,,,,,,,,,,,,,,,,,,,,,,,,,,,,,,,,,,,,,,,,,,,,,,,,,,,,,,,,,,,,,,,,,,,,,,,,125010.0,0.0,5967390.26,402.0,350659.96004,7336.5996,7010.7,,,,,
2026,CHARTER_CONTRACT_ALOP_2026.xlsx,FY26 Charter Schools,NOBLE - BAKER HS,,,CHARTER,,,,,,,,,,,,,,,,,,,,,,,,,,,,,,,,,,,,,,,,,,,,,,,,,,,,,,,,,,,,,,,,,,,,,,,,,,,,,,,,,,,,,,,,,,,,,,,,,,,,,,,,,,,,,,,62505.0,0.0,4190499.86,283.0,248387.37004000004,4849.2,4549.2,,,,,
2026,CHARTER_CONTRACT_ALOP_2026.xlsx,FY26 Charter Schools,NOBLE - BULLS HS,,,CHARTER,,,,,,,,,,,,,,,,,,,,,,,,,,,,,,,,,,,,,,,,,,,,,,,,,,,,,,,,,,,,,,,,,,,,,,,,,,,,,,,,,,,,,,,,,,,,,,,,,,,,,,,,,,,,,,,125010.0,0.0,15799517.14,1067.0,944771.37,18889.2,18168.78,,,,,
2026,CHARTER_CONTRACT_ALOP_2026.xlsx,FY26 Charter Schools,NOBLE - BUTLER HS,,,CHARTER,,,,,,,,,,,,,,,,,,,,,,,,,,,,,,,,,,,,,,,,,,,,,,,,,,,,,,,,,,,,,,,,,,,,,,,,,,,,,,,,,,,,,,,,,,,,,,,,,,,,,,,,,,,,,,,62505.0,0.0,10231927.22,691.0,622865.31996,11961.6,11563.2,,,,,
2026,CHARTER_CONTRACT_ALOP_2026.xlsx,FY26 Charter Schools,NOBLE - COMER,,,CHARTER,,,,,,,,,,,,,,,,,,,,,,,,,,,,,,,,,,,,,,,,,,,,,,,,,,,,,,,,,,,,,,,,,,,,,,,,,,,,,,,,,,,,,,,,,,,,,,,,,,,,,,,,,,,,,,,16500.0,0.0,16977863.16,1005.0,870266.9300799998,17671.5996,17239.14,,,,,
2026,CHARTER_CONTRACT_ALOP_2026.xlsx,FY26 Charter Schools,NOBLE - DRW HS,,,CHARTER,,,,,,,,,,,,,,,,,,,,,,,,,,,,,,,,,,,,,,,,,,,,,,,,,,,,,,,,,,,,,,,,,,,,,,,,,,,,,,,,,,,,,,,,,,,,,,,,,,,,,,,,,,,,,,,3300.0,0.0,5581216.12,317.0,304092.0,5696.6004,5461.86,,,,,
2026,CHARTER_CONTRACT_ALOP_2026.xlsx,FY26 Charter Schools,NOBLE - GOLDER HS,,,CHARTER,,,,,,,,,,,,,,,,,,,,,,,,,,,,,,,,,,,,,,,,,,,,,,,,,,,,,,,,,,,,,,,,,,,,,,,,,,,,,,,,,,,,,,,,,,,,,,,,,,,,,,,,,,,,,,,125010.0,0.0,11320889.48,643.0,574606.77,11274.2004,10867.44,,,,,
2026,CHARTER_CONTRACT_ALOP_2026.xlsx,FY26 Charter Schools,NOBLE - HANSBERRY HS,,,CHARTER,,,,,,,,,,,,,,,,,,,,,,,,,,,,,,,,,,,,,,,,,,,,,,,,,,,,,,,,,,,,,,,,,,,,,,,,,,,,,,,,,,,,,,,,,,,,,,,,,,,,,,,,,,,,,,,4400.0,0.0,9296158.08,528.0,458913.93008,9219.2004,8894.94,,,,,
2026,CHARTER_CONTRACT_ALOP_2026.xlsx,FY26 Charter Schools,NOBLE - ITW SPEER HS,,,CHARTER,,,,,,,,,,,,,,,,,,,,,,,,,,,,,,,,,,,,,,,,,,,,,,,,,,,,,,,,,,,,,,,,,,,,,,,,,,,,,,,,,,,,,,,,,,,,,,,,,,,,,,,,,,,,,,,125010.0,0.0,19895186.8,1130.0,938251.13004,19701.6,19014.36,,,,,
2026,CHARTER_CONTRACT_ALOP_2026.xlsx,FY26 Charter Schools,NOBLE - JOHNSON HS,,,CHARTER,,,,,,,,,,,,,,,,,,,,,,,,,,,,,,,,,,,,,,,,,,,,,,,,,,,,,,,,,,,,,,,,,,,,,,,,,,,,,,,,,,,,,,,,,,,,,,,,,,,,,,,,,,,,,,,11000.0,0.0,7477747.1,505.0,482807.30992,8726.6004,8439.36,,,,,
2026,CHARTER_CONTRACT_ALOP_2026.xlsx,FY26 Charter Schools,NOBLE - MANSUETO HS,,,CHARTER,,,,,,,,,,,,,,,,,,,,,,,,,,,,,,,,,,,,,,,,,,,,,,,,,,,,,,,,,,,,,,,,,,,,,,,,,,,,,,,,,,,,,,,,,,,,,,,,,,,,,,,,,,,,,,,125010.0,0.0,19138113.32,1087.0,990619.92004,18979.2,18311.28,,,,,
2026,CHARTER_CONTRACT_ALOP_2026.xlsx,FY26 Charter Schools,NOBLE - MUCHIN HS,,,CHARTER,,,,,,,,,,,,,,,,,,,,,,,,,,,,,,,,,,,,,,,,,,,,,,,,,,,,,,,,,,,,,,,,,,,,,,,,,,,,,,,,,,,,,,,,,,,,,,,,,,,,,,,,,,,,,,,125010.0,0.0,16127425.760000002,916.0,749315.7000399999,16096.5996,15508.2,,,,,
2026,CHARTER_CONTRACT_ALOP_2026.xlsx,FY26 Charter Schools,NOBLE - NOBLE HS,,,CHARTER,,,,,,,,,,,,,,,,,,,,,,,,,,,,,,,,,,,,,,,,,,,,,,,,,,,,,,,,,,,,,,,,,,,,,,,,,,,,,,,,,,,,,,,,,,,,,,,,,,,,,,,,,,,,,,,125010.0,0.0,12060356.6,685.0,533469.5500399999,11968.4004,11542.44,,,,,
2026,CHARTER_CONTRACT_ALOP_2026.xlsx,FY26 Charter Schools,NOBLE - PRITZKER HS,,,CHARTER,,,,,,,,,,,,,,,,,,,,,,,,,,,,,,,,,,,,,,,,,,,,,,,,,,,,,,,,,,,,,,,,,,,,,,,,,,,,,,,,,,,,,,,,,,,,,,,,,,,,,,,,,,,,,,,125010.0,0.0,17412690.04,989.0,932115.84996,17314.2,16694.94,,,,,
2026,CHARTER_CONTRACT_ALOP_2026.xlsx,FY26 Charter Schools,NOBLE - RAUNER HS,,,CHARTER,,,,,,,,,,,,,,,,,,,,,,,,,,,,,,,,,,,,,,,,,,,,,,,,,,,,,,,,,,,,,,,,,,,,,,,,,,,,,,,,,,,,,,,,,,,,,,,,,,,,,,,,,,,,,,,125010.0,0.0,9789136.16,556.0,502120.15,9841.5996,9466.86,,,,,
2026,CHARTER_CONTRACT_ALOP_2026.xlsx,FY26 Charter Schools,NOBLE - ROWE CLARK HS,,,CHARTER,,,,,,,,,,,,,,,,,,,,,,,,,,,,,,,,,,,,,,,,,,,,,,,,,,,,,,,,,,,,,,,,,,,,,,,,,,,,,,,,,,,,,,,,,,,,,,,,,,,,,,,,,,,,,,,62505.0,35318.0,5475577.96,311.0,331640.37996000005,5531.6004,5459.13996,,,,,
2026,CHARTER_CONTRACT_ALOP_2026.xlsx,FY26 Charter Schools,NOBLE - UIC HS,,,CHARTER,,,,,,,,,,,,,,,,,,,,,,,,,,,,,,,,,,,,,,,,,,,,,,,,,,,,,,,,,,,,,,,,,,,,,,,,,,,,,,,,,,,,,,,,,,,,,,,,,,,,,,,,,,,,,,,125010.0,0.0,14052241.579999998,949.0,796298.9900799999,16576.5996,15991.86,,,,,
2026,CHARTER_CONTRACT_ALOP_2026.xlsx,FY26 Charter Schools,NORTH LAWNDALE - CHRISTIANA HS,,,CHARTER,,,,,,,,,,,,,,,,,,,,,,,,,,,,,,,,,,,,,,,,,,,,,,,,,,,,,,,,,,,,,,,,,,,,,,,,,,,,,,,,,,,,,,,,,,,,,,,,,,,,,,,,,,,,,,,1100.0,0.0,3716662.42,251.0,301391.26996,3900.0,3765.0,,,,,
2026,CHARTER_CONTRACT_ALOP_2026.xlsx,FY26 Charter Schools,NORTH LAWNDALE - COLLINS HS,,,CHARTER,,,,,,,,,,,,,,,,,,,,,,,,,,,,,,,,,,,,,,,,,,,,,,,,,,,,,,,,,,,,,,,,,,,,,,,,,,,,,,,,,,,,,,,,,,,,,,,,,,,,,,,,,,,,,,,1100.0,22063.0,3968388.5600000005,268.0,320895.16996,5100.0,4020.0,,,,,
2026,CHARTER_CONTRACT_ALOP_2026.xlsx,FY26 Charter Schools,PERSPECTIVES - JOSLIN HS,,,CHARTER,,,,,,,,,,,,,,,,,,,,,,,,,,,,,,,,,,,,,,,,,,,,,,,,,,,,,,,,,,,,,,,,,,,,,,,,,,,,,,,,,,,,,,,,,,,,,,,,,,,,,,,,,,,,,,,4400.0,84455.0,5581216.12,317.0,330160.51992,5152.0596,5312.13,,,,,
2026,CHARTER_CONTRACT_ALOP_2026.xlsx,FY26 Charter Schools,PERSPECTIVES - LEADERSHIP HS,,,CHARTER,,,,,,,,,,,,,,,,,,,,,,,,,,,,,,,,,,,,,,,,,,,,,,,,,,,,,,,,,,,,,,,,,,,,,,,,,,,,,,,,,,,,,,,,,,,,,,,,,,,,,,,,,,,,,,,3300.0,44328.0,14454821.56,821.0,868964.1299999999,14917.62,13560.54,,,,,
2026,CHARTER_CONTRACT_ALOP_2026.xlsx,FY26 Charter Schools,PERSPECTIVES - MATH & SCI HS,,,CHARTER,,,,,,,,,,,,,,,,,,,,,,,,,,,,,,,,,,,,,,,,,,,,,,,,,,,,,,,,,,,,,,,,,,,,,,,,,,,,,,,,,,,,,,,,,,,,,,,,,,,,,,,,,,,,,,,1100.0,64967.0,5834123.48,394.0,412414.17992,7077.2904,6966.21996,,,,,
2026,CHARTER_CONTRACT_ALOP_2026.xlsx,FY26 Charter Schools,PERSPECTIVES - TECH HS,,,CHARTER,,,,,,,,,,,,,,,,,,,,,,,,,,,,,,,,,,,,,,,,,,,,,,,,,,,,,,,,,,,,,,,,,,,,,,,,,,,,,,,,,,,,,,,,,,,,,,,,,,,,,,,,,,,,,,,1100.0,0.0,5493184.32,312.0,388710.61004,6038.07,5559.08004,,,,,
2026,CHARTER_CONTRACT_ALOP_2026.xlsx,FY26 Charter Schools,POLARIS,,,CHARTER,,,,,,,,,,,,,,,,,,,,,,,,,,,,,,,,,,,,,,,,,,,,,,,,,,,,,,,,,,,,,,,,,,,,,,,,,,,,,,,,,,,,,,,,,,,,,,,,,,,,,,,,,,,,,,,5500.0,0.0,5345478.62,361.0,292231.61,5415.0,5415.0,,,,,
2026,CHARTER_CONTRACT_ALOP_2026.xlsx,FY26 Charter Schools,PROVIDENCE ENGLEWOOD,,,CHARTER,,,,,,,,,,,,,,,,,,,,,,,,,,,,,,,,,,,,,,,,,,,,,,,,,,,,,,,,,,,,,,,,,,,,,,,,,,,,,,,,,,,,,,,,,,,,,,,,,,,,,,,,,,,,,,,15399.999999999998,35369.0,6426420.279999999,434.0,411634.54,6510.0,6510.0,,,,,
2026,CHARTER_CONTRACT_ALOP_2026.xlsx,FY26 Charter Schools,ROWE,,,CHARTER,,,,,,,,,,,,,,,,,,,,,,,,,,,,,,,,,,,,,,,,,,,,,,,,,,,,,,,,,,,,,,,,,,,,,,,,,,,,,,,,,,,,,,,,,,,,,,,,,,,,,,,,,,,,,,,125010.0,44290.0,10527885.58,635.0,653911.9800799999,11884.7004,9525.0,,,,,
2026,CHARTER_CONTRACT_ALOP_2026.xlsx,FY26 Charter Schools,U OF C - DONOGHUE,,,CHARTER,,,,,,,,,,,,,,,,,,,,,,,,,,,,,,,,,,,,,,,,,,,,,,,,,,,,,,,,,,,,,,,,,,,,,,,,,,,,,,,,,,,,,,,,,,,,,,,,,,,,,,,,,,,,,,,62505.0,23238.0,7403710.0,500.0,499991.12004,9375.0,8750.000039999999,,,,,
2026,CHARTER_CONTRACT_ALOP_2026.xlsx,FY26 Charter Schools,U OF C - NKO,,,CHARTER,,,,,,,,,,,,,,,,,,,,,,,,,,,,,,,,,,,,,,,,,,,,,,,,,,,,,,,,,,,,,,,,,,,,,,,,,,,,,,,,,,,,,,,,,,,,,,,,,,,,,,,,,,,,,,,6600.0,0.0,4575492.78,309.0,254719.63,5778.66,4635.0,,,,,
2026,CHARTER_CONTRACT_ALOP_2026.xlsx,FY26 Charter Schools,U OF C - WOODLAWN HS,,,CHARTER,,,,,,,,,,,,,,,,,,,,,,,,,,,,,,,,,,,,,,,,,,,,,,,,,,,,,,,,,,,,,,,,,,,,,,,,,,,,,,,,,,,,,,,,,,,,,,,,,,,,,,,,,,,,,,,9900.0,87517.0,10616635.08,603.0,526957.52,11397.2004,13597.5,,,,,
2026,CHARTER_CONTRACT_ALOP_2026.xlsx,FY26 Charter Schools,URBAN PREP - BRONZEVILLE HS,,,CHARTER,,,,,,,,,,,,,,,,,,,,,,,,,,,,,,,,,,,,,,,,,,,,,,,,,,,,,,,,,,,,,,,,,,,,,,,,,,,,,,,,,,,,,,,,,,,,,,,,,,,,,,,,,,,,,,,2200.0,0.0,2117461.06,143.0,141272.81991999998,4605.0,3375.0,,,,,
2026,CHARTER_CONTRACT_ALOP_2026.xlsx,FY26 Charter Schools,URBAN PREP - ENGLEWOOD HS,,,CHARTER,,,,,,,,,,,,,,,,,,,,,,,,,,,,,,,,,,,,,,,,,,,,,,,,,,,,,,,,,,,,,,,,,,,,,,,,,,,,,,,,,,,,,,,,,,,,,,,,,,,,,,,,,,,,,,,6600.0,0.0,1288245.54,87.0,123204.11004,2700.0,2002.5,,,,,
2026,CHARTER_CONTRACT_ALOP_2026.xlsx,FY26 Charter Schools,YCCS,,,CHARTER - OPTIONS,,,,,,,,,,,,,,,,,,,,,,,,,,,,,,,,,,,,,,,,,,,,,,,,,,,,,,,,,,,,,,,,,,,,,,,,,,,,,,,,,,,,,,,,,,,,,,,,,,,,,,,,,,,,,,,619745.0,1546172.0,44438452.64,2524.0,2732471.49996,77295.0,51649.47996,,,,,
2026,CHARTER_CONTRACT_ALOP_2026.xlsx,"FY26 Contract, ALOP, SAFE",CAMELOT - CHICAGO EXCEL ACADEMY,,,CONTRACT - OPTIONS,,,,,,,,,,,,,,,,,,,,,,,,,,,,,,,,,,,,,,,,,,,,,,,,,,,,,,,,,,,,,,,,,,,,,,,,,,,,,,,,,,,,,,,,,,,,,,,,,,,,,,,2555506.8526049587,646747.6499999999,285583.85,692780.0,,,,,3300.0,0.0,,268.0,273621.11996,6588.72,6022.5,,,,,
2026,CHARTER_CONTRACT_ALOP_2026.xlsx,"FY26 Contract, ALOP, SAFE",CAMELOT - EXCEL ACADEMY OF  ENGLEWOOD,,,CONTRACT - OPTIONS,,,,,,,,,,,,,,,,,,,,,,,,,,,,,,,,,,,,,,,,,,,,,,,,,,,,,,,,,,,,,,,,,,,,,,,,,,,,,,,,,,,,,,,,,,,,,,,,,,,,,,,2479223.0659600347,627441.7499999999,597254.88,0.0,,,,,2200.0,0.0,,260.0,383666.7,7410.3096,5932.5,,,,,
2026,CHARTER_CONTRACT_ALOP_2026.xlsx,"FY26 Contract, ALOP, SAFE",CAMELOT - EXCEL ACADEMY OF SOUTHSHORE,,,CONTRACT - OPTIONS,,,,,,,,,,,,,,,,,,,,,,,,,,,,,,,,,,,,,,,,,,,,,,,,,,,,,,,,,,,,,,,,,,,,,,,,,,,,,,,,,,,,,,,,,,,,,,,,,,,,,,,2059662.2394129517,521259.29999999993,349944.60000000003,0.0,,,,,13200.0,0.0,,216.0,271265.35,4800.0,4800.0,,,,,
2026,CHARTER_CONTRACT_ALOP_2026.xlsx,"FY26 Contract, ALOP, SAFE",CAMELOT - EXCEL SOUTHWEST HS,,,CONTRACT - OPTIONS,,,,,,,,,,,,,,,,,,,,,,,,,,,,,,,,,,,,,,,,,,,,,,,,,,,,,,,,,,,,,,,,,,,,,,,,,,,,,,,,,,,,,,,,,,,,,,,,,,,,,,,1773598.0394944865,448862.17499999993,241143.0,480810.0,,,,,62505.0,0.0,,186.0,204574.11004,5115.0,2790.0,,,,,
2026,CHARTER_CONTRACT_ALOP_2026.xlsx,"FY26 Contract, ALOP, SAFE",CHICAGO ARTS HS,,,CONTRACT,,,,,,,,,,,,,,,,,,,,,,,,,,,,,,,,,,,,,,,,,,,,,,,,,,,,,,,,,,,,,,,,,,,,,,,,,,,,,,,,,,,,,,,,,,,,,,,,,,,,,,,5501968.111765154,1392438.0375,1200158.38,0.0,,,,,125010.0,0.0,,577.0,221550.93,17715.0,8655.0,,,,,
2026,CHARTER_CONTRACT_ALOP_2026.xlsx,"FY26 Contract, ALOP, SAFE",CHICAGO TECH HS,,,CONTRACT,,,,,,,,,,,,,,,,,,,,,,,,,,,,,,,,,,,,,,,,,,,,,,,,,,,,,,,,,,,,,,,,,,,,,,,,,,,,,,,,,,,,,,,,,,,,,,,,,,,,,,,3127635.2524418896,791541.8999999999,742090.56,0.0,,,,,17600.0,0.0,,328.0,333504.89,6328.23,5777.49996,,,,,
2026,CHARTER_CONTRACT_ALOP_2026.xlsx,"FY26 Contract, ALOP, SAFE",OMBUDSMAN - NORTHWEST HS,,,ALOP,,,,,,,,,,,,,,,,,,,,,,,,,,,,,,,,,,,,,,,,,,,,,,,,,,,,,,,,,,,,,,,,,,,,,,,,,,,,,,,,,,,,,,,,,,,,,,,,,,,,,,,2479223.0659600347,627441.7499999999,323324.28,672100.0,,,,,125010.0,0.0,,260.0,259543.66008,5499.9996,5700.0,,,,,
2026,CHARTER_CONTRACT_ALOP_2026.xlsx,"FY26 Contract, ALOP, SAFE",OMBUDSMAN - ROSELAND HS,,,ALOP,,,,,,,,,,,,,,,,,,,,,,,,,,,,,,,,,,,,,,,,,,,,,,,,,,,,,,,,,,,,,,,,,,,,,,,,,,,,,,,,,,,,,,,,,,,,,,,,,,,,,,,1535211.2062290984,388531.23749999993,217679.76,416185.0,,,,,2200.0,0.0,,161.0,179292.45996,3470.0004,2934.02004,,,,,
2026,CHARTER_CONTRACT_ALOP_2026.xlsx,"FY26 Contract, ALOP, SAFE",OMBUDSMAN - SOUTH HS,,,ALOP,,,,,,,,,,,,,,,,,,,,,,,,,,,,,,,,,,,,,,,,,,,,,,,,,,,,,,,,,,,,,,,,,,,,,,,,,,,,,,,,,,,,,,,,,,,,,,,,,,,,,,,2240836.232694647,567110.8124999999,234651.96,607475.0,,,,,125010.0,0.0,,235.0,307359.05,6426.0,5137.5,,,,,
2026,CHARTER_CONTRACT_ALOP_2026.xlsx,"FY26 Contract, ALOP, SAFE",OMBUDSMAN - WEST HS,,,ALOP,,,,,,,,,,,,,,,,,,,,,,,,,,,,,,,,,,,,,,,,,,,,,,,,,,,,,,,,,,,,,,,,,,,,,,,,,,,,,,,,,,,,,,,,,,,,,,,,,,,,,,,1878488.2461312567,475407.7875,227486.16,509245.0,,,,,13200.0,0.0,,197.0,296499.82004,4175.0004,4065.0,,,,,
2026,CHARTER_CONTRACT_ALOP_2026.xlsx,"FY26 Contract, ALOP, SAFE",PATHWAYS - ASHBURN HS,,,ALOP,,,,,,,,,,,,,,,,,,,,,,,,,,,,,,,,,,,,,,,,,,,,,,,,,,,,,,,,,,,,,,,,,,,,,,,,,,,,,,,,,,,,,,,,,,,,,,,,,,,,,,,2631790.6392498827,666053.5499999999,513843.36,713460.0,,,,,125010.0,0.0,,276.0,368857.56004,5363.16,6127.5,,,,,
2026,CHARTER_CONTRACT_ALOP_2026.xlsx,"FY26 Contract, ALOP, SAFE",PATHWAYS - AVONDALE HS,,,ALOP,,,,,,,,,,,,,,,,,,,,,,,,,,,,,,,,,,,,,,,,,,,,,,,,,,,,,,,,,,,,,,,,,,,,,,,,,,,,,,,,,,,,,,,,,,,,,,,,,,,,,,,2927390.312498964,740863.9124999999,394917.36,793595.0,,,,,125010.0,0.0,,307.0,315783.65,5998.860000000001,6870.0,,,,,
2026,CHARTER_CONTRACT_ALOP_2026.xlsx,"FY26 Contract, ALOP, SAFE",PATHWAYS - BRIGHTON PARK HS,,,ALOP,,,,,,,,,,,,,,,,,,,,,,,,,,,,,,,,,,,,,,,,,,,,,,,,,,,,,,,,,,,,,,,,,,,,,,,,,,,,,,,,,,,,,,,,,,,,,,,,,,,,,,,4023969.7455197484,1018386.225,469507.2,1090870.0,,,,,125010.0,0.0,,422.0,446403.98004000005,8300.7,9532.5,,,,,
2026,CHARTER_CONTRACT_ALOP_2026.xlsx,"FY26 Contract, ALOP, SAFE",PATHWAYS - HUMBOLDT PARK HS ,,,ALOP,,,,,,,,,,,,,,,,,,,,,,,,,,,,,,,,,,,,,,,,,,,,,,,,,,,,,,,,,,,,,,,,,,,,,,,,,,,,,,,,,,,,,,,,,,,,,,,,,,,,,,,1373108.1596086347,347506.19999999995,360715.44,372240.0,,,,,62505.0,0.0,,144.0,144041.75,2907.7200000000003,3375.0,,,,,
2026,CHARTER_CONTRACT_ALOP_2026.xlsx,"FY26 Contract, ALOP, SAFE",SAFE ACHIEVE - SOUTH *,,,SAFE,,,,,,,,,,,,,,,,,,,,,,,,,,,,,,,,,,,,,,,,,,,,,,,,,,,,,,,,,,,,,,,,,,,,,,,,,,,,,,,,,,,,,,,,,,,,,,,,,,,,,,,1608033.97,0.0,0.0,0.0,,,,,2200.0,0.0,,90.0,59980.72991999999,1950.0,1200.0,,,,,
2026,CHARTER_CONTRACT_ALOP_2026.xlsx,"FY26 Contract, ALOP, SAFE",SAFE ACHIEVE - WEST *,,,SAFE,,,,,,,,,,,,,,,,,,,,,,,,,,,,,,,,,,,,,,,,,,,,,,,,,,,,,,,,,,,,,,,,,,,,,,,,,,,,,,,,,,,,,,,,,,,,,,,,,,,,,,,1462696.87,0.0,0.0,0.0,,,,,2200.0,0.0,,80.0,1000.0,360.0,360.0,,,,,
2026,CHARTER_CONTRACT_ALOP_2026.xlsx,"FY26 Contract, ALOP, SAFE",*Note: SAFE ACHIEVE campuses are funded entirely with grant dollars provided by the State of Illinois. ,,,,,,,,,,,,,,,,,,,,,,,,,,,,,,,,,,,,,,,,,,,,,,,,,,,,,,,,,,,,,,,,,,,,,,,,,,,,,,,,,,,,,,,,,,,,,,,,,,,,,,,,,,,,,,,,,,,,,,,,,,,,,
2027,CHARTER_CONTRACT_ALOP_2027.xlsx,FY27 Charter Schools,ACERO - BRIGHTON PARK,,,CHARTER,,,,,,,,,,,,,,,,,,,,,,,,,,,,,,,,,,,,,,,,,,,,,,,,,,,,,,,,,,,,,,,,,,,,,,,,,,,,,,,,,,,,,,,,,,,,,,,,,,,,,,,,,,,,,6675.0,6675.0,125010.0,31000.0,8392539.8,,,,,445.0,434.0,332975.52,,
2027,CHARTER_CONTRACT_ALOP_2027.xlsx,FY27 Charter Schools,ACERO - CLEMENTE,,,CHARTER,,,,,,,,,,,,,,,,,,,,,,,,,,,,,,,,,,,,,,,,,,,,,,,,,,,,,,,,,,,,,,,,,,,,,,,,,,,,,,,,,,,,,,,,,,,,,,,,,,,,,,,,,,,,,6420.0,6420.0,125010.0,0.0,8071925.92,,,,,428.0,435.0,319277.16,,
2027,CHARTER_CONTRACT_ALOP_2027.xlsx,FY27 Charter Schools,ACERO - GARCIA HS,,,CHARTER,,,,,,,,,,,,,,,,,,,,,,,,,,,,,,,,,,,,,,,,,,,,,,,,,,,,,,,,,,,,,,,,,,,,,,,,,,,,,,,,,,,,,,,,,,,,,,,,,,,,,,,,,,,,,9585.0,9585.0,125010.0,0.0,12051309.96,,,,,639.0,625.0,447831.0,,
2027,CHARTER_CONTRACT_ALOP_2027.xlsx,FY27 Charter Schools,ACERO - IDAR,,,CHARTER,,,,,,,,,,,,,,,,,,,,,,,,,,,,,,,,,,,,,,,,,,,,,,,,,,,,,,,,,,,,,,,,,,,,,,,,,,,,,,,,,,,,,,,,,,,,,,,,,,,,,,,,,,,,,8205.0,8205.0,125010.0,15000.0,10316223.08,,,,,547.0,552.0,423595.44,,
2027,CHARTER_CONTRACT_ALOP_2027.xlsx,FY27 Charter Schools,ACERO - MARQUEZ,,,CHARTER,,,,,,,,,,,,,,,,,,,,,,,,,,,,,,,,,,,,,,,,,,,,,,,,,,,,,,,,,,,,,,,,,,,,,,,,,,,,,,,,,,,,,,,,,,,,,,,,,,,,,,,,,,,,,7425.0,7425.0,125010.0,0.0,9335521.8,,,,,495.0,500.0,371963.16,,
2027,CHARTER_CONTRACT_ALOP_2027.xlsx,FY27 Charter Schools,ACERO - SOTO HS,,,CHARTER,,,,,,,,,,,,,,,,,,,,,,,,,,,,,,,,,,,,,,,,,,,,,,,,,,,,,,,,,,,,,,,,,,,,,,,,,,,,,,,,,,,,,,,,,,,,,,,,,,,,,,,,,,,,,8280.0,8280.0,125010.0,0.0,10410521.28,,,,,552.0,549.0,432025.2,,
2027,CHARTER_CONTRACT_ALOP_2027.xlsx,FY27 Charter Schools,ACERO - TORRES,,,CHARTER,,,,,,,,,,,,,,,,,,,,,,,,,,,,,,,,,,,,,,,,,,,,,,,,,,,,,,,,,,,,,,,,,,,,,,,,,,,,,,,,,,,,,,,,,,,,,,,,,,,,,,,,,,,,,7230.0,7230.0,125010.0,5500.0,9090346.48,,,,,482.0,478.0,346673.88,,
2027,CHARTER_CONTRACT_ALOP_2027.xlsx,FY27 Charter Schools,ACERO - ZIZUMBO,,,CHARTER,,,,,,,,,,,,,,,,,,,,,,,,,,,,,,,,,,,,,,,,,,,,,,,,,,,,,,,,,,,,,,,,,,,,,,,,,,,,,,,,,,,,,,,,,,,,,,,,,,,,,,,,,,,,,7695.0,7695.0,125010.0,0.0,9674995.32,,,,,513.0,516.0,360372.24,,
2027,CHARTER_CONTRACT_ALOP_2027.xlsx,FY27 Charter Schools,AHS - PASSAGES,,,CHARTER,,,,,,,,,,,,,,,,,,,,,,,,,,,,,,,,,,,,,,,,,,,,,,,,,,,,,,,,,,,,,,,,,,,,,,,,,,,,,,,,,,,,,,,,,,,,,,,,,,,,,,,,,,,,,5025.0,5025.0,125010.0,75000.0,6317979.4,,,,,335.0,264.0,189647.64,,
2027,CHARTER_CONTRACT_ALOP_2027.xlsx,FY27 Charter Schools,ART IN MOTION,,,CHARTER,,,,,,,,,,,,,,,,,,,,,,,,,,,,,,,,,,,,,,,,,,,,,,,,,,,,,,,,,,,,,,,,,,,,,,,,,,,,,,,,,,,,,,,,,,,,,,,,,,,,,,,,,,,,,8400.0,8400.0,3300.0,0.0,10561398.4,,,,,560.0,539.0,445530.69,,
2027,CHARTER_CONTRACT_ALOP_2027.xlsx,FY27 Charter Schools,CATALYST - CIRCLE ROCK,,,CHARTER,,,,,,,,,,,,,,,,,,,,,,,,,,,,,,,,,,,,,,,,,,,,,,,,,,,,,,,,,,,,,,,,,,,,,,,,,,,,,,,,,,,,,,,,,,,,,,,,,,,,,,,,,,,,,7815.0,7815.0,0.0,31000.0,9825872.44,,,,,521.0,495.0,428102.28,,
2027,CHARTER_CONTRACT_ALOP_2027.xlsx,FY27 Charter Schools,CATALYST - MARIA,,,CHARTER,,,,,,,,,,,,,,,,,,,,,,,,,,,,,,,,,,,,,,,,,,,,,,,,,,,,,,,,,,,,,,,,,,,,,,,,,,,,,,,,,,,,,,,,,,,,,,,,,,,,,,,,,,,,,16515.0,16515.0,125010.0,0.0,20764463.64,,,,,1101.0,540.0,837733.14,,
2027,CHARTER_CONTRACT_ALOP_2027.xlsx,FY27 Charter Schools,CHICAGO COLLEGIATE,,,CHARTER,,,,,,,,,,,,,,,,,,,,,,,,,,,,,,,,,,,,,,,,,,,,,,,,,,,,,,,,,,,,,,,,,,,,,,,,,,,,,,,,,,,,,,,,,,,,,,,,,,,,,,,,,,,,,3495.0,3495.0,3300.0,5500.0,4394296.12,,,,,233.0,230.0,192508.38,,
2027,CHARTER_CONTRACT_ALOP_2027.xlsx,FY27 Charter Schools,CHICAGO MATH & SCIENCE HS,,,CHARTER,,,,,,,,,,,,,,,,,,,,,,,,,,,,,,,,,,,,,,,,,,,,,,,,,,,,,,,,,,,,,,,,,,,,,,,,,,,,,,,,,,,,,,,,,,,,,,,,,,,,,,,,,,,,,9345.0,9345.0,125010.0,0.0,11749555.72,,,,,623.0,613.0,434522.34,,
2027,CHARTER_CONTRACT_ALOP_2027.xlsx,FY27 Charter Schools,CHRISTOPHER HOUSE,,,CHARTER,,,,,,,,,,,,,,,,,,,,,,,,,,,,,,,,,,,,,,,,,,,,,,,,,,,,,,,,,,,,,,,,,,,,,,,,,,,,,,,,,,,,,,,,,,,,,,,,,,,,,,,,,,,,,7050.0,7050.0,125010.0,0.0,8864030.8,,,,,470.0,466.0,387619.92,,
2027,CHARTER_CONTRACT_ALOP_2027.xlsx,FY27 Charter Schools,CICS Avalon,,,CHARTER,,,,,,,,,,,,,,,,,,,,,,,,,,,,,,,,,,,,,,,,,,,,,,,,,,,,,,,,,,,,,,,,,,,,,,,,,,,,,,,,,,,,,,,,,,,,,,,,,,,,,,,,,,,,,7485.0,7485.0,5500.0,0.0,9410960.36,,,,,499.0,473.0,387799.74,,
2027,CHARTER_CONTRACT_ALOP_2027.xlsx,FY27 Charter Schools,CICS Basil,,,CHARTER,,,,,,,,,,,,,,,,,,,,,,,,,,,,,,,,,,,,,,,,,,,,,,,,,,,,,,,,,,,,,,,,,,,,,,,,,,,,,,,,,,,,,,,,,,,,,,,,,,,,,,,,,,,,,8415.0,8415.0,125010.0,0.0,10580258.04,,,,,561.0,531.0,415652.76,,
2027,CHARTER_CONTRACT_ALOP_2027.xlsx,FY27 Charter Schools,CICS Bucktown,,,CHARTER,,,,,,,,,,,,,,,,,,,,,,,,,,,,,,,,,,,,,,,,,,,,,,,,,,,,,,,,,,,,,,,,,,,,,,,,,,,,,,,,,,,,,,,,,,,,,,,,,,,,,,,,,,,,,7215.0,7215.0,125010.0,31000.0,9071486.84,,,,,481.0,473.0,373873.23,,
2027,CHARTER_CONTRACT_ALOP_2027.xlsx,FY27 Charter Schools,CICS Irving Park,,,CHARTER,,,,,,,,,,,,,,,,,,,,,,,,,,,,,,,,,,,,,,,,,,,,,,,,,,,,,,,,,,,,,,,,,,,,,,,,,,,,,,,,,,,,,,,,,,,,,,,,,,,,,,,,,,,,,6975.0,6975.0,125010.0,0.0,8769732.6,,,,,465.0,455.0,280672.74,,
2027,CHARTER_CONTRACT_ALOP_2027.xlsx,FY27 Charter Schools,CICS Lloyd Bond,,,CHARTER,,,,,,,,,,,,,,,,,,,,,,,,,,,,,,,,,,,,,,,,,,,,,,,,,,,,,,,,,,,,,,,,,,,,,,,,,,,,,,,,,,,,,,,,,,,,,,,,,,,,,,,,,,,,,4305.0,4305.0,1100.0,50000.0,5412716.68,,,,,287.0,285.0,271031.31,,
2027,CHARTER_CONTRACT_ALOP_2027.xlsx,FY27 Charter Schools,CICS Longwood,,,CHARTER,,,,,,,,,,,,,,,,,,,,,,,,,,,,,,,,,,,,,,,,,,,,,,,,,,,,,,,,,,,,,,,,,,,,,,,,,,,,,,,,,,,,,,,,,,,,,,,,,,,,,,,,,,,,,17190.0,17190.0,9900.0,75000.0,21613147.44,,,,,1146.0,1102.0,922363.47,,
2027,CHARTER_CONTRACT_ALOP_2027.xlsx,FY27 Charter Schools,CICS Loomis,,,CHARTER,,,,,,,,,,,,,,,,,,,,,,,,,,,,,,,,,,,,,,,,,,,,,,,,,,,,,,,,,,,,,,,,,,,,,,,,,,,,,,,,,,,,,,,,,,,,,,,,,,,,,,,,,,,,,5370.0,5370.0,2200.0,50000.0,6751751.12,,,,,358.0,356.0,320244.03,,
2027,CHARTER_CONTRACT_ALOP_2027.xlsx,FY27 Charter Schools,CICS Northtown,,,CHARTER,,,,,,,,,,,,,,,,,,,,,,,,,,,,,,,,,,,,,,,,,,,,,,,,,,,,,,,,,,,,,,,,,,,,,,,,,,,,,,,,,,,,,,,,,,,,,,,,,,,,,,,,,,,,,13605.0,13605.0,125010.0,0.0,17105693.48,,,,,907.0,889.0,621336.6,,
2027,CHARTER_CONTRACT_ALOP_2027.xlsx,FY27 Charter Schools,CICS Prairie,,,CHARTER,,,,,,,,,,,,,,,,,,,,,,,,,,,,,,,,,,,,,,,,,,,,,,,,,,,,,,,,,,,,,,,,,,,,,,,,,,,,,,,,,,,,,,,,,,,,,,,,,,,,,,,,,,,,,6345.0,6345.0,125010.0,15000.0,7977627.72,,,,,423.0,408.0,333164.97000000003,,
2027,CHARTER_CONTRACT_ALOP_2027.xlsx,FY27 Charter Schools,CICS Ralph Ellison,,,CHARTER,,,,,,,,,,,,,,,,,,,,,,,,,,,,,,,,,,,,,,,,,,,,,,,,,,,,,,,,,,,,,,,,,,,,,,,,,,,,,,,,,,,,,,,,,,,,,,,,,,,,,,,,,,,,,3045.0,3045.0,3300.0,0.0,3828506.92,,,,,203.0,188.0,154262.88,,
2027,CHARTER_CONTRACT_ALOP_2027.xlsx,FY27 Charter Schools,CICS Washington Park,,,CHARTER,,,,,,,,,,,,,,,,,,,,,,,,,,,,,,,,,,,,,,,,,,,,,,,,,,,,,,,,,,,,,,,,,,,,,,,,,,,,,,,,,,,,,,,,,,,,,,,,,,,,,,,,,,,,,7350.0,7350.0,3300.0,15000.0,9241223.6,,,,,490.0,462.0,395298.63,,
2027,CHARTER_CONTRACT_ALOP_2027.xlsx,FY27 Charter Schools,CICS West Belden,,,CHARTER,,,,,,,,,,,,,,,,,,,,,,,,,,,,,,,,,,,,,,,,,,,,,,,,,,,,,,,,,,,,,,,,,,,,,,,,,,,,,,,,,,,,,,,,,,,,,,,,,,,,,,,,,,,,,8025.0,8025.0,125010.0,20000.0,10089907.4,,,,,535.0,532.0,389942.28,,
2027,CHARTER_CONTRACT_ALOP_2027.xlsx,FY27 Charter Schools,CICS Wrightwood,,,CHARTER,,,,,,,,,,,,,,,,,,,,,,,,,,,,,,,,,,,,,,,,,,,,,,,,,,,,,,,,,,,,,,,,,,,,,,,,,,,,,,,,,,,,,,,,,,,,,,,,,,,,,,,,,,,,,8865.0,8865.0,1100.0,5500.0,11146047.24,,,,,591.0,581.0,463859.91,,
2027,CHARTER_CONTRACT_ALOP_2027.xlsx,FY27 Charter Schools,ERIE,,,CHARTER,,,,,,,,,,,,,,,,,,,,,,,,,,,,,,,,,,,,,,,,,,,,,,,,,,,,,,,,,,,,,,,,,,,,,,,,,,,,,,,,,,,,,,,,,,,,,,,,,,,,,,,,,,,,,5685.0,5685.0,125010.0,50000.0,7147803.56,,,,,379.0,363.0,270806.04000000004,,
2027,CHARTER_CONTRACT_ALOP_2027.xlsx,FY27 Charter Schools,GLOBAL CITIZENSHIP,,,CHARTER,,,,,,,,,,,,,,,,,,,,,,,,,,,,,,,,,,,,,,,,,,,,,,,,,,,,,,,,,,,,,,,,,,,,,,,,,,,,,,,,,,,,,,,,,,,,,,,,,,,,,,,,,,,,,7365.0,7365.0,125010.0,0.0,9260083.24,,,,,491.0,491.0,221079.78,,
2027,CHARTER_CONTRACT_ALOP_2027.xlsx,FY27 Charter Schools,GREAT LAKES,,,CHARTER,,,,,,,,,,,,,,,,,,,,,,,,,,,,,,,,,,,,,,,,,,,,,,,,,,,,,,,,,,,,,,,,,,,,,,,,,,,,,,,,,,,,,,,,,,,,,,,,,,,,,,,,,,,,,8670.0,8670.0,62505.0,0.0,10900871.92,,,,,578.0,565.0,424887.57,,
2027,CHARTER_CONTRACT_ALOP_2027.xlsx,FY27 Charter Schools,HORIZON - SOUTHWEST,,,CHARTER,,,,,,,,,,,,,,,,,,,,,,,,,,,,,,,,,,,,,,,,,,,,,,,,,,,,,,,,,,,,,,,,,,,,,,,,,,,,,,,,,,,,,,,,,,,,,,,,,,,,,,,,,,,,,11175.0,11175.0,125010.0,0.0,14050431.8,,,,,745.0,732.0,609731.19,,
2027,CHARTER_CONTRACT_ALOP_2027.xlsx,FY27 Charter Schools,INSTITUTO - HEALTH,,,CHARTER,,,,,,,,,,,,,,,,,,,,,,,,,,,,,,,,,,,,,,,,,,,,,,,,,,,,,,,,,,,,,,,,,,,,,,,,,,,,,,,,,,,,,,,,,,,,,,,,,,,,,,,,,,,,,7185.0,7185.0,125010.0,0.0,9033767.56,,,,,479.0,481.0,381300.48,,
2027,CHARTER_CONTRACT_ALOP_2027.xlsx,FY27 Charter Schools,INSTITUTO - JUSTICE AND LEADERSHIP ACADEMY,,,CHARTER - OPTIONS,,,,,,,,,,,,,,,,,,,,,,,,,,,,,,,,,,,,,,,,,,,,,,,,,,,,,,,,,,,,,,,,,,,,,,,,,,,,,,,,,,,,,,,,,,,,,,,,,,,,,,,,,,,,,1710.0,1710.0,125010.0,30000.0,2149998.96,,,,,114.0,124.0,55347.66,,
2027,CHARTER_CONTRACT_ALOP_2027.xlsx,FY27 Charter Schools,INTRINSIC HS,,,CHARTER,,,,,,,,,,,,,,,,,,,,,,,,,,,,,,,,,,,,,,,,,,,,,,,,,,,,,,,,,,,,,,,,,,,,,,,,,,,,,,,,,,,,,,,,,,,,,,,,,,,,,,,,,,,,,14790.0,14790.0,125010.0,5500.0,18595605.04,,,,,986.0,971.0,690859.26,,
2027,CHARTER_CONTRACT_ALOP_2027.xlsx,FY27 Charter Schools,KIPP - ACADEMY,,,CHARTER,,,,,,,,,,,,,,,,,,,,,,,,,,,,,,,,,,,,,,,,,,,,,,,,,,,,,,,,,,,,,,,,,,,,,,,,,,,,,,,,,,,,,,,,,,,,,,,,,,,,,,,,,,,,,9405.0,9405.0,62505.0,0.0,10872477.12,,,,,627.0,1272.0,471778.56,,
2027,CHARTER_CONTRACT_ALOP_2027.xlsx,FY27 Charter Schools,KIPP - ASCEND,,,CHARTER,,,,,,,,,,,,,,,,,,,,,,,,,,,,,,,,,,,,,,,,,,,,,,,,,,,,,,,,,,,,,,,,,,,,,,,,,,,,,,,,,,,,,,,,,,,,,,,,,,,,,,,,,,,,,12915.0,12915.0,125010.0,20000.0,13298661.6,,,,,861.0,839.0,771217.92,,
2027,CHARTER_CONTRACT_ALOP_2027.xlsx,FY27 Charter Schools,KIPP - BLOOM,,,CHARTER,,,,,,,,,,,,,,,,,,,,,,,,,,,,,,,,,,,,,,,,,,,,,,,,,,,,,,,,,,,,,,,,,,,,,,,,,,,,,,,,,,,,,,,,,,,,,,,,,,,,,,,,,,,,,14175.0,14175.0,62505.0,31000.0,14596092.0,,,,,945.0,893.0,767986.56,,
2027,CHARTER_CONTRACT_ALOP_2027.xlsx,FY27 Charter Schools,KIPP - ONE,,,CHARTER,,,,,,,,,,,,,,,,,,,,,,,,,,,,,,,,,,,,,,,,,,,,,,,,,,,,,,,,,,,,,,,,,,,,,,,,,,,,,,,,,,,,,,,,,,,,,,,,,,,,,,,,,,,,,15300.0,15300.0,125010.0,0.0,15754512.0,,,,,1020.0,976.0,655966.08,,
2027,CHARTER_CONTRACT_ALOP_2027.xlsx,FY27 Charter Schools,LEARN - 7,,,CHARTER,,,,,,,,,,,,,,,,,,,,,,,,,,,,,,,,,,,,,,,,,,,,,,,,,,,,,,,,,,,,,,,,,,,,,,,,,,,,,,,,,,,,,,,,,,,,,,,,,,,,,,,,,,,,,2355.0,2355.0,2200.0,0.0,2960963.48,,,,,157.0,151.0,133549.74000000002,,
2027,CHARTER_CONTRACT_ALOP_2027.xlsx,FY27 Charter Schools,LEARN - BUTLER,,,CHARTER,,,,,,,,,,,,,,,,,,,,,,,,,,,,,,,,,,,,,,,,,,,,,,,,,,,,,,,,,,,,,,,,,,,,,,,,,,,,,,,,,,,,,,,,,,,,,,,,,,,,,,,,,,,,,7125.0,7125.0,0.0,0.0,8958329.0,,,,,475.0,472.0,418163.94,,
2027,CHARTER_CONTRACT_ALOP_2027.xlsx,FY27 Charter Schools,LEARN - CAMPBELL,,,CHARTER,,,,,,,,,,,,,,,,,,,,,,,,,,,,,,,,,,,,,,,,,,,,,,,,,,,,,,,,,,,,,,,,,,,,,,,,,,,,,,,,,,,,,,,,,,,,,,,,,,,,,,,,,,,,,5760.0,5760.0,5500.0,0.0,7242101.76,,,,,384.0,375.0,317454.3,,
2027,CHARTER_CONTRACT_ALOP_2027.xlsx,FY27 Charter Schools,LEARN - EXCEL,,,CHARTER,,,,,,,,,,,,,,,,,,,,,,,,,,,,,,,,,,,,,,,,,,,,,,,,,,,,,,,,,,,,,,,,,,,,,,,,,,,,,,,,,,,,,,,,,,,,,,,,,,,,,,,,,,,,,6150.0,6150.0,4400.0,0.0,7732452.4,,,,,410.0,393.0,331685.01,,
2027,CHARTER_CONTRACT_ALOP_2027.xlsx,FY27 Charter Schools,LEARN - MIDDLE,,,CHARTER,,,,,,,,,,,,,,,,,,,,,,,,,,,,,,,,,,,,,,,,,,,,,,,,,,,,,,,,,,,,,,,,,,,,,,,,,,,,,,,,,,,,,,,,,,,,,,,,,,,,,,,,,,,,,2490.0,2490.0,1100.0,20000.0,3130700.24,,,,,166.0,161.0,139023.09,,
2027,CHARTER_CONTRACT_ALOP_2027.xlsx,FY27 Charter Schools,LEARN - PERKINS,,,CHARTER,,,,,,,,,,,,,,,,,,,,,,,,,,,,,,,,,,,,,,,,,,,,,,,,,,,,,,,,,,,,,,,,,,,,,,,,,,,,,,,,,,,,,,,,,,,,,,,,,,,,,,,,,,,,,7365.0,7365.0,2200.0,20000.0,9260083.24,,,,,491.0,472.0,357957.09,,
2027,CHARTER_CONTRACT_ALOP_2027.xlsx,FY27 Charter Schools,LEARN - SOUTH CHICAGO,,,CHARTER,,,,,,,,,,,,,,,,,,,,,,,,,,,,,,,,,,,,,,,,,,,,,,,,,,,,,,,,,,,,,,,,,,,,,,,,,,,,,,,,,,,,,,,,,,,,,,,,,,,,,,,,,,,,,5850.0,5850.0,62505.0,20000.0,6023784.0,,,,,390.0,375.0,314170.29,,
2027,CHARTER_CONTRACT_ALOP_2027.xlsx,FY27 Charter Schools,LEGACY,,,CHARTER,,,,,,,,,,,,,,,,,,,,,,,,,,,,,,,,,,,,,,,,,,,,,,,,,,,,,,,,,,,,,,,,,,,,,,,,,,,,,,,,,,,,,,,,,,,,,,,,,,,,,,,,,,,,,6840.0,6840.0,4400.0,20000.0,8599995.84,,,,,456.0,426.0,367573.68,,
2027,CHARTER_CONTRACT_ALOP_2027.xlsx,FY27 Charter Schools,LEGAL PREP HS,,,CHARTER,,,,,,,,,,,,,,,,,,,,,,,,,,,,,,,,,,,,,,,,,,,,,,,,,,,,,,,,,,,,,,,,,,,,,,,,,,,,,,,,,,,,,,,,,,,,,,,,,,,,,,,,,,,,,2685.0,2685.0,3300.0,0.0,3375875.56,,,,,179.0,173.0,167796.09000000003,,
2027,CHARTER_CONTRACT_ALOP_2027.xlsx,FY27 Charter Schools,LOCKE A,,,CHARTER,,,,,,,,,,,,,,,,,,,,,,,,,,,,,,,,,,,,,,,,,,,,,,,,,,,,,,,,,,,,,,,,,,,,,,,,,,,,,,,,,,,,,,,,,,,,,,,,,,,,,,,,,,,,,5550.0,5550.0,0.0,0.0,6978066.8,,,,,370.0,354.0,280051.2,,
2027,CHARTER_CONTRACT_ALOP_2027.xlsx,FY27 Charter Schools,MONTESSORI ENGLEWOOD,,,CHARTER,,,,,,,,,,,,,,,,,,,,,,,,,,,,,,,,,,,,,,,,,,,,,,,,,,,,,,,,,,,,,,,,,,,,,,,,,,,,,,,,,,,,,,,,,,,,,,,,,,,,,,,,,,,,,5880.0,5880.0,125010.0,0.0,6054675.2,,,,,392.0,370.0,302148.63,,
2027,CHARTER_CONTRACT_ALOP_2027.xlsx,FY27 Charter Schools,MOVING EVEREST,,,CHARTER,,,,,,,,,,,,,,,,,,,,,,,,,,,,,,,,,,,,,,,,,,,,,,,,,,,,,,,,,,,,,,,,,,,,,,,,,,,,,,,,,,,,,,,,,,,,,,,,,,,,,,,,,,,,,11280.0,11280.0,18700.0,50000.0,14182449.28,,,,,752.0,757.0,659396.52,,
2027,CHARTER_CONTRACT_ALOP_2027.xlsx,FY27 Charter Schools,NAMASTE,,,CHARTER,,,,,,,,,,,,,,,,,,,,,,,,,,,,,,,,,,,,,,,,,,,,,,,,,,,,,,,,,,,,,,,,,,,,,,,,,,,,,,,,,,,,,,,,,,,,,,,,,,,,,,,,,,,,,5790.0,5790.0,125010.0,0.0,7279821.04,,,,,386.0,384.0,235251.45,,
2027,CHARTER_CONTRACT_ALOP_2027.xlsx,FY27 Charter Schools,NOBLE - ACADEMY HS,,,CHARTER,,,,,,,,,,,,,,,,,,,,,,,,,,,,,,,,,,,,,,,,,,,,,,,,,,,,,,,,,,,,,,,,,,,,,,,,,,,,,,,,,,,,,,,,,,,,,,,,,,,,,,,,,,,,,5910.0,5910.0,125010.0,0.0,6085566.4,,,,,394.0,389.0,290822.4,,
2027,CHARTER_CONTRACT_ALOP_2027.xlsx,FY27 Charter Schools,NOBLE - BAKER HS,,,CHARTER,,,,,,,,,,,,,,,,,,,,,,,,,,,,,,,,,,,,,,,,,,,,,,,,,,,,,,,,,,,,,,,,,,,,,,,,,,,,,,,,,,,,,,,,,,,,,,,,,,,,,,,,,,,,,4275.0,4275.0,62505.0,0.0,4401996.0,,,,,285.0,308.0,250968.96,,
2027,CHARTER_CONTRACT_ALOP_2027.xlsx,FY27 Charter Schools,NOBLE - BULLS HS,,,CHARTER,,,,,,,,,,,,,,,,,,,,,,,,,,,,,,,,,,,,,,,,,,,,,,,,,,,,,,,,,,,,,,,,,,,,,,,,,,,,,,,,,,,,,,,,,,,,,,,,,,,,,,,,,,,,,15225.0,15225.0,125010.0,0.0,15677284.0,,,,,1015.0,980.0,805685.76,,
2027,CHARTER_CONTRACT_ALOP_2027.xlsx,FY27 Charter Schools,NOBLE - BUTLER HS,,,CHARTER,,,,,,,,,,,,,,,,,,,,,,,,,,,,,,,,,,,,,,,,,,,,,,,,,,,,,,,,,,,,,,,,,,,,,,,,,,,,,,,,,,,,,,,,,,,,,,,,,,,,,,,,,,,,,11010.0,11010.0,62505.0,0.0,11337070.4,,,,,734.0,690.0,570873.6,,
2027,CHARTER_CONTRACT_ALOP_2027.xlsx,FY27 Charter Schools,NOBLE - COMER,,,CHARTER,,,,,,,,,,,,,,,,,,,,,,,,,,,,,,,,,,,,,,,,,,,,,,,,,,,,,,,,,,,,,,,,,,,,,,,,,,,,,,,,,,,,,,,,,,,,,,,,,,,,,,,,,,,,,16650.0,16650.0,17600.0,31000.0,20097760.6,,,,,1110.0,2164.0,909089.28,,
2027,CHARTER_CONTRACT_ALOP_2027.xlsx,FY27 Charter Schools,NOBLE - DRW HS,,,CHARTER,,,,,,,,,,,,,,,,,,,,,,,,,,,,,,,,,,,,,,,,,,,,,,,,,,,,,,,,,,,,,,,,,,,,,,,,,,,,,,,,,,,,,,,,,,,,,,,,,,,,,,,,,,,,,3990.0,3990.0,3300.0,0.0,5016664.24,,,,,266.0,267.0,240197.76,,
2027,CHARTER_CONTRACT_ALOP_2027.xlsx,FY27 Charter Schools,NOBLE - GOLDER HS,,,CHARTER,,,,,,,,,,,,,,,,,,,,,,,,,,,,,,,,,,,,,,,,,,,,,,,,,,,,,,,,,,,,,,,,,,,,,,,,,,,,,,,,,,,,,,,,,,,,,,,,,,,,,,,,,,,,,9720.0,9720.0,125010.0,0.0,12221046.72,,,,,648.0,623.0,467470.08,,
2027,CHARTER_CONTRACT_ALOP_2027.xlsx,FY27 Charter Schools,NOBLE - HANSBERRY HS,,,CHARTER,,,,,,,,,,,,,,,,,,,,,,,,,,,,,,,,,,,,,,,,,,,,,,,,,,,,,,,,,,,,,,,,,,,,,,,,,,,,,,,,,,,,,,,,,,,,,,,,,,,,,,,,,,,,,8475.0,8475.0,9900.0,0.0,10655696.6,,,,,565.0,552.0,439464.96,,
2027,CHARTER_CONTRACT_ALOP_2027.xlsx,FY27 Charter Schools,NOBLE - ITW SPEER HS,,,CHARTER,,,,,,,,,,,,,,,,,,,,,,,,,,,,,,,,,,,,,,,,,,,,,,,,,,,,,,,,,,,,,,,,,,,,,,,,,,,,,,,,,,,,,,,,,,,,,,,,,,,,,,,,,,,,,17205.0,17205.0,125010.0,0.0,21632007.08,,,,,1147.0,1109.0,831536.64,,
2027,CHARTER_CONTRACT_ALOP_2027.xlsx,FY27 Charter Schools,NOBLE - JOHNSON HS,,,CHARTER,,,,,,,,,,,,,,,,,,,,,,,,,,,,,,,,,,,,,,,,,,,,,,,,,,,,,,,,,,,,,,,,,,,,,,,,,,,,,,,,,,,,,,,,,,,,,,,,,,,,,,,,,,,,,8070.0,8070.0,7700.0,0.0,8309732.8,,,,,538.0,531.0,464238.72,,
2027,CHARTER_CONTRACT_ALOP_2027.xlsx,FY27 Charter Schools,NOBLE - MANSUETO HS,,,CHARTER,,,,,,,,,,,,,,,,,,,,,,,,,,,,,,,,,,,,,,,,,,,,,,,,,,,,,,,,,,,,,,,,,,,,,,,,,,,,,,,,,,,,,,,,,,,,,,,,,,,,,,,,,,,,,16710.0,16710.0,125010.0,0.0,21009638.96,,,,,1114.0,1095.0,866004.48,,
2027,CHARTER_CONTRACT_ALOP_2027.xlsx,FY27 Charter Schools,NOBLE - MUCHIN HS,,,CHARTER,,,,,,,,,,,,,,,,,,,,,,,,,,,,,,,,,,,,,,,,,,,,,,,,,,,,,,,,,,,,,,,,,,,,,,,,,,,,,,,,,,,,,,,,,,,,,,,,,,,,,,,,,,,,,14280.0,14280.0,125010.0,0.0,17954377.28,,,,,952.0,915.0,696896.64,,
2027,CHARTER_CONTRACT_ALOP_2027.xlsx,FY27 Charter Schools,NOBLE - NOBLE HS,,,CHARTER,,,,,,,,,,,,,,,,,,,,,,,,,,,,,,,,,,,,,,,,,,,,,,,,,,,,,,,,,,,,,,,,,,,,,,,,,,,,,,,,,,,,,,,,,,,,,,,,,,,,,,,,,,,,,10350.0,10350.0,125010.0,0.0,13013151.6,,,,,690.0,670.0,496552.32,,
2027,CHARTER_CONTRACT_ALOP_2027.xlsx,FY27 Charter Schools,NOBLE - PRITZKER HS,,,CHARTER,,,,,,,,,,,,,,,,,,,,,,,,,,,,,,,,,,,,,,,,,,,,,,,,,,,,,,,,,,,,,,,,,,,,,,,,,,,,,,,,,,,,,,,,,,,,,,,,,,,,,,,,,,,,,15090.0,15090.0,125010.0,0.0,18972797.84,,,,,1006.0,970.0,779834.88,,
2027,CHARTER_CONTRACT_ALOP_2027.xlsx,FY27 Charter Schools,NOBLE - RAUNER HS,,,CHARTER,,,,,,,,,,,,,,,,,,,,,,,,,,,,,,,,,,,,,,,,,,,,,,,,,,,,,,,,,,,,,,,,,,,,,,,,,,,,,,,,,,,,,,,,,,,,,,,,,,,,,,,,,,,,,6975.0,6975.0,125010.0,0.0,8769732.6,,,,,465.0,456.0,347909.76,,
2027,CHARTER_CONTRACT_ALOP_2027.xlsx,FY27 Charter Schools,NOBLE - ROWE CLARK HS,,,CHARTER,,,,,,,,,,,,,,,,,,,,,,,,,,,,,,,,,,,,,,,,,,,,,,,,,,,,,,,,,,,,,,,,,,,,,,,,,,,,,,,,,,,,,,,,,,,,,,,,,,,,,,,,,,,,,4545.0,4545.0,62505.0,15000.0,5714470.92,,,,,303.0,301.0,257431.68,,
2027,CHARTER_CONTRACT_ALOP_2027.xlsx,FY27 Charter Schools,NOBLE - UIC HS,,,CHARTER,,,,,,,,,,,,,,,,,,,,,,,,,,,,,,,,,,,,,,,,,,,,,,,,,,,,,,,,,,,,,,,,,,,,,,,,,,,,,,,,,,,,,,,,,,,,,,,,,,,,,,,,,,,,,14370.0,14370.0,125010.0,0.0,14796884.8,,,,,958.0,938.0,744289.92,,
2027,CHARTER_CONTRACT_ALOP_2027.xlsx,FY27 Charter Schools,NORTH LAWNDALE - CHRISTIANA HS,,,CHARTER,,,,,,,,,,,,,,,,,,,,,,,,,,,,,,,,,,,,,,,,,,,,,,,,,,,,,,,,,,,,,,,,,,,,,,,,,,,,,,,,,,,,,,,,,,,,,,,,,,,,,,,,,,,,,3405.0,3405.0,1100.0,0.0,3506151.2,,,,,227.0,237.0,243231.84,,
2027,CHARTER_CONTRACT_ALOP_2027.xlsx,FY27 Charter Schools,NORTH LAWNDALE - COLLINS HS,,,CHARTER,,,,,,,,,,,,,,,,,,,,,,,,,,,,,,,,,,,,,,,,,,,,,,,,,,,,,,,,,,,,,,,,,,,,,,,,,,,,,,,,,,,,,,,,,,,,,,,,,,,,,,,,,,,,,2130.0,2130.0,0.0,5500.0,2193275.2,,,,,142.0,131.0,134236.44,,
2027,CHARTER_CONTRACT_ALOP_2027.xlsx,FY27 Charter Schools,PERSPECTIVES - JOSLIN HS,,,CHARTER,,,,,,,,,,,,,,,,,,,,,,,,,,,,,,,,,,,,,,,,,,,,,,,,,,,,,,,,,,,,,,,,,,,,,,,,,,,,,,,,,,,,,,,,,,,,,,,,,,,,,,,,,,,,,4710.0,4710.0,4400.0,50000.0,5921926.96,,,,,314.0,305.0,249818.04,,
2027,CHARTER_CONTRACT_ALOP_2027.xlsx,FY27 Charter Schools,PERSPECTIVES - LEADERSHIP HS,,,CHARTER,,,,,,,,,,,,,,,,,,,,,,,,,,,,,,,,,,,,,,,,,,,,,,,,,,,,,,,,,,,,,,,,,,,,,,,,,,,,,,,,,,,,,,,,,,,,,,,,,,,,,,,,,,,,,11670.0,11670.0,3300.0,30000.0,14672799.92,,,,,778.0,748.0,633899.52,,
2027,CHARTER_CONTRACT_ALOP_2027.xlsx,FY27 Charter Schools,PERSPECTIVES - MATH & SCI HS,,,CHARTER,,,,,,,,,,,,,,,,,,,,,,,,,,,,,,,,,,,,,,,,,,,,,,,,,,,,,,,,,,,,,,,,,,,,,,,,,,,,,,,,,,,,,,,,,,,,,,,,,,,,,,,,,,,,,6435.0,6435.0,2200.0,30000.0,6626162.4,,,,,429.0,415.0,356568.48,,
2027,CHARTER_CONTRACT_ALOP_2027.xlsx,FY27 Charter Schools,PERSPECTIVES - TECH HS,,,CHARTER,,,,,,,,,,,,,,,,,,,,,,,,,,,,,,,,,,,,,,,,,,,,,,,,,,,,,,,,,,,,,,,,,,,,,,,,,,,,,,,,,,,,,,,,,,,,,,,,,,,,,,,,,,,,,4995.0,4995.0,1100.0,0.0,6280260.12,,,,,333.0,310.0,258622.2,,
2027,CHARTER_CONTRACT_ALOP_2027.xlsx,FY27 Charter Schools,POLARIS,,,CHARTER,,,,,,,,,,,,,,,,,,,,,,,,,,,,,,,,,,,,,,,,,,,,,,,,,,,,,,,,,,,,,,,,,,,,,,,,,,,,,,,,,,,,,,,,,,,,,,,,,,,,,,,,,,,,,5100.0,5100.0,4400.0,31000.0,5251504.0,,,,,340.0,335.0,265672.08,,
2027,CHARTER_CONTRACT_ALOP_2027.xlsx,FY27 Charter Schools,PROVIDENCE ENGLEWOOD,,,CHARTER,,,,,,,,,,,,,,,,,,,,,,,,,,,,,,,,,,,,,,,,,,,,,,,,,,,,,,,,,,,,,,,,,,,,,,,,,,,,,,,,,,,,,,,,,,,,,,,,,,,,,,,,,,,,,6570.0,6570.0,62505.0,15000.0,6765172.8,,,,,438.0,419.0,319238.46,,
2027,CHARTER_CONTRACT_ALOP_2027.xlsx,FY27 Charter Schools,ROWE,,,CHARTER,,,,,,,,,,,,,,,,,,,,,,,,,,,,,,,,,,,,,,,,,,,,,,,,,,,,,,,,,,,,,,,,,,,,,,,,,,,,,,,,,,,,,,,,,,,,,,,,,,,,,,,,,,,,,7755.0,7755.0,125010.0,75000.0,9084696.08,,,,,517.0,1008.0,374089.59,,
2027,CHARTER_CONTRACT_ALOP_2027.xlsx,FY27 Charter Schools,U OF C - DONOGHUE,,,CHARTER,,,,,,,,,,,,,,,,,,,,,,,,,,,,,,,,,,,,,,,,,,,,,,,,,,,,,,,,,,,,,,,,,,,,,,,,,,,,,,,,,,,,,,,,,,,,,,,,,,,,,,,,,,,,,7050.0,7050.0,13200.0,5500.0,7259432.0,,,,,470.0,468.0,352084.32,,
2027,CHARTER_CONTRACT_ALOP_2027.xlsx,FY27 Charter Schools,U OF C - NKO,,,CHARTER,,,,,,,,,,,,,,,,,,,,,,,,,,,,,,,,,,,,,,,,,,,,,,,,,,,,,,,,,,,,,,,,,,,,,,,,,,,,,,,,,,,,,,,,,,,,,,,,,,,,,,,,,,,,,4545.0,4545.0,6600.0,0.0,4680016.8,,,,,303.0,295.0,191760.21,,
2027,CHARTER_CONTRACT_ALOP_2027.xlsx,FY27 Charter Schools,U OF C - WOODLAWN HS,,,CHARTER,,,,,,,,,,,,,,,,,,,,,,,,,,,,,,,,,,,,,,,,,,,,,,,,,,,,,,,,,,,,,,,,,,,,,,,,,,,,,,,,,,,,,,,,,,,,,,,,,,,,,,,,,,,,,9450.0,9450.0,12100.0,50000.0,11881573.2,,,,,630.0,621.0,452679.84,,
2027,CHARTER_CONTRACT_ALOP_2027.xlsx,FY27 Charter Schools,URBAN PREP - ENGLEWOOD HS,,,CHARTER,,,,,,,,,,,,,,,,,,,,,,,,,,,,,,,,,,,,,,,,,,,,,,,,,,,,,,,,,,,,,,,,,,,,,,,,,,,,,,,,,,,,,,,,,,,,,,,,,,,,,,,,,,,,,1215.0,1215.0,5500.0,0.0,1251093.6,,,,,81.0,80.0,67845.42000000001,,
2027,CHARTER_CONTRACT_ALOP_2027.xlsx,FY27 Charter Schools,YCCS,,,CHARTER - OPTIONS,,,,,,,,,,,,,,,,,,,,,,,,,,,,,,,,,,,,,,,,,,,,,,,,,,,,,,,,,,,,,,,,,,,,,,,,,,,,,,,,,,,,,,,,,,,,,,,,,,,,,,,,,,,,,38805.0,38805.0,681150.0,780000.0,48789888.68,,,,,2587.0,2585.0,1942212.51,,
2027,CHARTER_CONTRACT_ALOP_2027.xlsx,"FY27 Contract, ALOP, SAFE",CAMELOT - CHICAGO EXCEL ACADEMY,,,CONTRACT - OPTIONS,,,,,,,,,,,,,,,,,,,,,,,,,,,,,,,,,,,,,,,,,,,,,,,,,,,,,,,,,,,,,,,,,,,,,,,,,,,,,,,,,,,,,,,,,,,,,,,,,,,,,,,2765130.11,702081.18,,765018.0,,,4185.0,4185.0,200.0,0.0,,,,,,279.0,265.0,,332957.2,176208.84000000003
2027,CHARTER_CONTRACT_ALOP_2027.xlsx,"FY27 Contract, ALOP, SAFE",CAMELOT - EXCEL ACADEMY OF  ENGLEWOOD,,,CONTRACT - OPTIONS,,,,,,,,,,,,,,,,,,,,,,,,,,,,,,,,,,,,,,,,,,,,,,,,,,,,,,,,,,,,,,,,,,,,,,,,,,,,,,,,,,,,,,,,,,,,,,,,,,,,,,,2646199.78,671884.14,,0.0,,,4005.0,4005.0,500.0,0.0,,,,,,267.0,264.0,,715185.0,204612.57
2027,CHARTER_CONTRACT_ALOP_2027.xlsx,"FY27 Contract, ALOP, SAFE",CAMELOT - EXCEL ACADEMY OF SOUTHSHORE,,,CONTRACT - OPTIONS,,,,,,,,,,,,,,,,,,,,,,,,,,,,,,,,,,,,,,,,,,,,,,,,,,,,,,,,,,,,,,,,,,,,,,,,,,,,,,,,,,,,,,,,,,,,,,,,,,,,,,,2329052.24,591358.7,,0.0,,,3525.0,3525.0,1300.0,0.0,,,,,,235.0,181.0,,338560.0,152972.28
2027,CHARTER_CONTRACT_ALOP_2027.xlsx,"FY27 Contract, ALOP, SAFE",CAMELOT - EXCEL SOUTHWEST HS,,,CONTRACT - OPTIONS,,,,,,,,,,,,,,,,,,,,,,,,,,,,,,,,,,,,,,,,,,,,,,,,,,,,,,,,,,,,,,,,,,,,,,,,,,,,,,,,,,,,,,,,,,,,,,,,,,,,,,,1922706.96,488185.48,,531948.0,,,2910.0,2910.0,18000.0,0.0,,,,,,194.0,152.0,,232725.0,95356.17
2027,CHARTER_CONTRACT_ALOP_2027.xlsx,"FY27 Contract, ALOP, SAFE",CHICAGO TECH HS,,,CONTRACT,,,,,,,,,,,,,,,,,,,,,,,,,,,,,,,,,,,,,,,,,,,,,,,,,,,,,,,,,,,,,,,,,,,,,,,,,,,,,,,,,,,,,,,,,,,,,,,,,,,,,,,2874149.57,729761.8,,0.0,,,4350.0,4350.0,1600.0,0.0,,,,,,290.0,270.0,,713488.0,233444.07
2027,CHARTER_CONTRACT_ALOP_2027.xlsx,"FY27 Contract, ALOP, SAFE",OMBUDSMAN - NORTHWEST HS,,,ALOP,,,,,,,,,,,,,,,,,,,,,,,,,,,,,,,,,,,,,,,,,,,,,,,,,,,,,,,,,,,,,,,,,,,,,,,,,,,,,,,,,,,,,,,,,,,,,,,,,,,,,,,2775040.97,704597.6,,767760.0,,,4200.0,4200.0,18000.0,0.0,,,,,,280.0,322.0,,323284.0,217984.68
2027,CHARTER_CONTRACT_ALOP_2027.xlsx,"FY27 Contract, ALOP, SAFE",OMBUDSMAN - ROSELAND HS,,,ALOP,,,,,,,,,,,,,,,,,,,,,,,,,,,,,,,,,,,,,,,,,,,,,,,,,,,,,,,,,,,,,,,,,,,,,,,,,,,,,,,,,,,,,,,,,,,,,,,,,,,,,,,1238857.58,314552.5,,342750.0,,,1875.0,1875.0,200.0,0.0,,,,,,125.0,157.0,,284378.0,135717.12
2027,CHARTER_CONTRACT_ALOP_2027.xlsx,"FY27 Contract, ALOP, SAFE",OMBUDSMAN - SOUTH HS,,,ALOP,,,,,,,,,,,,,,,,,,,,,,,,,,,,,,,,,,,,,,,,,,,,,,,,,,,,,,,,,,,,,,,,,,,,,,,,,,,,,,,,,,,,,,,,,,,,,,,,,,,,,,,2576823.76,654269.2,,712920.0,,,3900.0,3900.0,18000.0,0.0,,,,,,260.0,322.0,,266763.0,221040.54
2027,CHARTER_CONTRACT_ALOP_2027.xlsx,"FY27 Contract, ALOP, SAFE",OMBUDSMAN - WEST HS,,,ALOP,,,,,,,,,,,,,,,,,,,,,,,,,,,,,,,,,,,,,,,,,,,,,,,,,,,,,,,,,,,,,,,,,,,,,,,,,,,,,,,,,,,,,,,,,,,,,,,,,,,,,,,1437074.79,364880.9,,397590.0,,,2175.0,2175.0,900.0,0.0,,,,,,145.0,188.0,,197071.0,164799.36
2027,CHARTER_CONTRACT_ALOP_2027.xlsx,"FY27 Contract, ALOP, SAFE",PATHWAYS - ASHBURN HS,,,ALOP,,,,,,,,,,,,,,,,,,,,,,,,,,,,,,,,,,,,,,,,,,,,,,,,,,,,,,,,,,,,,,,,,,,,,,,,,,,,,,,,,,,,,,,,,,,,,,,,,,,,,,,2705664.94,686982.66,,748566.0,,,4095.0,4095.0,18000.0,0.0,,,,,,273.0,306.0,,578133.0,214656.12
2027,CHARTER_CONTRACT_ALOP_2027.xlsx,"FY27 Contract, ALOP, SAFE",PATHWAYS - AVONDALE HS,,,ALOP,,,,,,,,,,,,,,,,,,,,,,,,,,,,,,,,,,,,,,,,,,,,,,,,,,,,,,,,,,,,,,,,,,,,,,,,,,,,,,,,,,,,,,,,,,,,,,,,,,,,,,,3161564.53,802737.98,,874698.0,,,4785.0,4785.0,18000.0,0.0,,,,,,319.0,341.0,,433262.0,228435.66
2027,CHARTER_CONTRACT_ALOP_2027.xlsx,"FY27 Contract, ALOP, SAFE",PATHWAYS - BRIGHTON PARK HS,,,ALOP,,,,,,,,,,,,,,,,,,,,,,,,,,,,,,,,,,,,,,,,,,,,,,,,,,,,,,,,,,,,,,,,,,,,,,,,,,,,,,,,,,,,,,,,,,,,,,,,,,,,,,,4132828.87,1049347.14,,1143414.0,,,6255.0,6255.0,18000.0,0.0,,,,,,417.0,429.0,,690293.0,323492.04000000004
2027,CHARTER_CONTRACT_ALOP_2027.xlsx,"FY27 Contract, ALOP, SAFE",PATHWAYS - HUMBOLDT PARK HS ,,,ALOP,,,,,,,,,,,,,,,,,,,,,,,,,,,,,,,,,,,,,,,,,,,,,,,,,,,,,,,,,,,,,,,,,,,,,,,,,,,,,,,,,,,,,,,,,,,,,,,,,,,,,,,1397431.34,354815.22,,386622.0,,,2115.0,2115.0,5000.0,0.0,,,,,,141.0,154.0,,337638.0,110244.24
2027,CHARTER_CONTRACT_ALOP_2027.xlsx,"FY27 Contract, ALOP, SAFE",SAFE ACHIEVE - SOUTH *,,,SAFE,,,,,,,,,,,,,,,,,,,,,,,,,,,,,,,,,,,,,,,,,,,,,,,,,,,,,,,,,,,,,,,,,,,,,,,,,,,,,,,,,,,,,,,,,,,,,,,,,,,,,,,1745235.25,0.0,,0.0,,,1350.0,1350.0,500.0,0.0,,,,,,90.0,90.0,,0.0,42708.96
2027,CHARTER_CONTRACT_ALOP_2027.xlsx,"FY27 Contract, ALOP, SAFE",SAFE ACHIEVE - WEST *,,,SAFE,,,,,,,,,,,,,,,,,,,,,,,,,,,,,,,,,,,,,,,,,,,,,,,,,,,,,,,,,,,,,,,,,,,,,,,,,,,,,,,,,,,,,,,,,,,,,,,,,,,,,,,1363542.45,0.0,,0.0,,,1200.0,1200.0,400.0,0.0,,,,,,80.0,80.0,,0.0,31575.78
2027,CHARTER_CONTRACT_ALOP_2027.xlsx,"FY27 Contract, ALOP, SAFE",*Note: SAFE ACHIEVE campuses are funded almost entirely with grant dollars provided by the State of Illinois. Enrollment is set in contracts. ,,,,,,,,,,,,,,,,,,,,,,,,,,,,,,,,,,,,,,,,,,,,,,,,,,,,,,,,,,,,,,,,,,,,,,,,,,,,,,,,,,,,,,,,,,,,,,,,,,,,,,,,,,,,,,,,,,,,,,,,,,,,,
2027,CHARTER_CONTRACT_ALOP_2027.xlsx,"FY27 Contract, ALOP, SAFE",^Note: Budget Loads reflect most recently available projected per-pupil rates; actual funding levels may vary based on final budget and actual enrollment for FY27,,,,,,,,,,,,,,,,,,,,,,,,,,,,,,,,,,,,,,,,,,,,,,,,,,,,,,,,,,,,,,,,,,,,,,,,,,,,,,,,,,,,,,,,,,,,,,,,,,,,,,,,,,,,,,,,,,,,,,,,,,,,,
