survey_year,school_id,school_name,5Essentials,Academic Engagement,Academic Personalism,Academic Press,Ambitious Instruction,Classroom Disruptions,Classroom Rigor,Collaborative Practices,Collaborative Teachers,Collective Responsibility,Course Clarity,Effective Leaders,Emotional Health,English Instruction,Expectations for Postsecondary Education,Grit,Human & Social Resources in the Community,Importance of High School for the Future,Innovation,Inquiry-Based Science Instruction,Instructional Leadership,Involved Families,Math Instruction,Parent Influence on Decision Making in Schools,Parent Involvement in School,Parent Supportiveness,Peer Support for Academic Work,Program Coherence,Quality Professional Development,Quality of Student Discussion,Reflective Dialogue,Rigorous Study Habits,Safety,School Commitment,School Connectedness,School Safety,School-Wide Future Orientation,Socialization of New Teachers,Student Peer Relationships,Student Responsibility,Student-Teacher Trust,Supportive Environment,Teacher Influence,Teacher Safety,Teacher-Parent Trust,Teacher-Principal Trust,Teacher-Teacher Trust
2022,400009,Academy for Global Citizenship Charter School,61.0,54.0,52.0,50.0,59.0,65.0,64.0,54.0,57.0,58.0,49.0,57.0,44.0,67.0,,6.0,49.0,,62.0,65.0,56.0,60.0,58.0,53.0,62.0,32.0,71.0,63.0,61.0,62.0,65.0,37.0,53.0,46.0,59.0,87.0,,70.0,68.0,66.0,55.0,58.0,52.0,53.0,64.0,55.0,68.0
2022,400013,ASPIRA Charter School - Early College High School,81.0,83.0,65.0,31.0,59.0,81.0,39.0,56.0,65.0,68.0,49.0,55.0,13.0,62.0,56.0,1.0,39.0,13.0,54.0,39.0,59.0,76.0,44.0,82.0,66.0,14.0,,67.0,81.0,99.0,46.0,30.0,37.0,47.0,43.0,74.0,63.0,68.0,90.0,74.0,82.0,60.0,42.0,78.0,79.0,50.0,75.0
2022,400017,ASPIRA Charter School - Haugan Middle School,39.0,99.0,59.0,58.0,55.0,53.0,19.0,31.0,44.0,62.0,13.0,35.0,5.0,70.0,,1.0,31.0,,67.0,63.0,8.0,42.0,55.0,82.0,1.0,1.0,72.0,50.0,29.0,37.0,29.0,16.0,21.0,32.0,46.0,58.0,,54.0,57.0,19.0,58.0,53.0,55.0,54.0,42.0,27.0,68.0
2022,400021,Catalyst Elementary Charter School - Circle Rock,81.0,70.0,68.0,70.0,73.0,45.0,54.0,81.0,68.0,53.0,49.0,62.0,18.0,68.0,,26.0,35.0,,54.0,62.0,65.0,52.0,80.0,64.0,42.0,28.0,58.0,70.0,91.0,73.0,61.0,48.0,43.0,58.0,57.0,70.0,,99.0,56.0,49.0,54.0,56.0,52.0,48.0,51.0,61.0,59.0
2022,400022,Chicago High School for the Arts (ChiArts),29.0,62.0,69.0,41.0,58.0,67.0,57.0,41.0,35.0,21.0,49.0,18.0,48.0,74.0,64.0,1.0,34.0,1.0,48.0,55.0,1.0,49.0,54.0,32.0,58.0,13.0,,31.0,46.0,63.0,47.0,28.0,17.0,1.0,51.0,46.0,50.0,65.0,72.0,54.0,65.0,49.0,38.0,57.0,56.0,1.0,64.0
2022,400023,CICS - Avalon/South Shore,10.0,45.0,37.0,43.0,51.0,29.0,31.0,44.0,27.0,32.0,5.0,33.0,11.0,71.0,,9.0,10.0,,1.0,19.0,52.0,29.0,62.0,25.0,36.0,13.0,25.0,52.0,29.0,26.0,32.0,31.0,23.0,1.0,8.0,18.0,,44.0,1.0,28.0,25.0,28.0,1.0,33.0,26.0,28.0,31.0
2022,400024,CICS - Basil,39.0,89.0,72.0,87.0,84.0,41.0,74.0,35.0,36.0,28.0,59.0,41.0,29.0,94.0,,42.0,20.0,,24.0,38.0,42.0,31.0,90.0,33.0,27.0,48.0,52.0,64.0,45.0,63.0,32.0,53.0,29.0,21.0,29.0,48.0,,54.0,44.0,35.0,38.0,48.0,14.0,47.0,33.0,42.0,50.0
2022,400025,CICS - Bucktown,81.0,56.0,49.0,47.0,46.0,13.0,34.0,74.0,68.0,59.0,21.0,68.0,22.0,51.0,,1.0,41.0,,83.0,44.0,80.0,69.0,44.0,62.0,70.0,20.0,43.0,67.0,88.0,40.0,66.0,29.0,42.0,37.0,35.0,63.0,,99.0,43.0,50.0,46.0,45.0,52.0,27.0,76.0,71.0,82.0
2022,400027,CICS - Irving Park,91.0,52.0,51.0,53.0,60.0,35.0,56.0,80.0,69.0,66.0,33.0,67.0,34.0,70.0,,3.0,55.0,,75.0,48.0,74.0,76.0,70.0,68.0,67.0,27.0,56.0,70.0,70.0,48.0,76.0,42.0,50.0,45.0,65.0,80.0,,99.0,67.0,59.0,52.0,52.0,48.0,48.0,92.0,77.0,86.0
2022,400028,CICS - Prairie,39.0,50.0,57.0,53.0,55.0,21.0,43.0,79.0,45.0,28.0,37.0,45.0,19.0,85.0,,7.0,24.0,,50.0,76.0,41.0,38.0,55.0,41.0,38.0,23.0,45.0,50.0,49.0,25.0,73.0,35.0,39.0,19.0,42.0,68.0,,99.0,51.0,25.0,40.0,45.0,30.0,15.0,34.0,57.0,52.0
2022,400029,CICS - Washington Park,39.0,59.0,43.0,58.0,60.0,54.0,25.0,44.0,46.0,39.0,8.0,43.0,4.0,72.0,,23.0,22.0,,24.0,26.0,59.0,33.0,45.0,36.0,24.0,13.0,42.0,47.0,62.0,64.0,27.0,33.0,27.0,24.0,29.0,58.0,,39.0,30.0,35.0,28.0,35.0,19.0,50.0,38.0,45.0,61.0
2022,400030,CICS - West Belden,71.0,57.0,67.0,59.0,60.0,21.0,53.0,70.0,60.0,57.0,28.0,57.0,15.0,87.0,,1.0,41.0,,71.0,39.0,62.0,57.0,55.0,38.0,54.0,8.0,50.0,67.0,76.0,38.0,66.0,38.0,51.0,28.0,50.0,79.0,,99.0,59.0,49.0,59.0,57.0,33.0,40.0,78.0,64.0,71.0
2022,400031,CICS - Wrightwood,99.0,88.0,73.0,92.0,89.0,68.0,80.0,44.0,68.0,75.0,91.0,68.0,74.0,99.0,,56.0,63.0,,82.0,83.0,75.0,64.0,96.0,66.0,58.0,62.0,68.0,66.0,81.0,68.0,87.0,58.0,49.0,66.0,99.0,82.0,,80.0,52.0,47.0,68.0,65.0,42.0,50.0,67.0,87.0,75.0
2022,400032,CICS - Ralph Ellison,71.0,99.0,89.0,86.0,84.0,69.0,70.0,67.0,62.0,58.0,90.0,58.0,38.0,83.0,41.0,34.0,31.0,36.0,57.0,67.0,62.0,48.0,77.0,75.0,47.0,56.0,,72.0,83.0,91.0,77.0,56.0,31.0,40.0,58.0,63.0,71.0,99.0,65.0,58.0,72.0,54.0,38.0,54.0,23.0,58.0,60.0
2022,400033,CICS - Longwood,50.0,56.0,43.0,53.0,56.0,,41.0,,,,28.0,,10.0,59.0,,11.0,31.0,,,53.0,,,55.0,,,1.0,47.0,,,,,23.0,29.0,,18.0,36.0,,,29.0,,41.0,40.0,,,,,
2022,400034,CICS - Northtown,91.0,92.0,89.0,69.0,75.0,64.0,61.0,77.0,84.0,86.0,94.0,55.0,49.0,83.0,78.0,3.0,53.0,38.0,98.0,68.0,74.0,84.0,65.0,85.0,71.0,58.0,,67.0,96.0,82.0,99.0,60.0,38.0,62.0,67.0,61.0,77.0,99.0,89.0,71.0,97.0,73.0,50.0,62.0,97.0,27.0,99.0
2022,400035,Chicago Math and Science Academy Charter School,61.0,84.0,86.0,58.0,59.0,61.0,59.0,42.0,49.0,41.0,73.0,54.0,34.0,68.0,75.0,1.0,39.0,20.0,30.0,59.0,35.0,51.0,66.0,45.0,47.0,36.0,,61.0,63.0,42.0,35.0,79.0,29.0,39.0,57.0,70.0,65.0,99.0,87.0,56.0,96.0,66.0,46.0,61.0,60.0,75.0,58.0
2022,400039,Erie Elementary Charter School,19.0,57.0,56.0,37.0,48.0,31.0,33.0,1.0,15.0,23.0,9.0,21.0,39.0,54.0,,1.0,44.0,,18.0,21.0,5.0,33.0,56.0,40.0,34.0,1.0,58.0,27.0,13.0,45.0,12.0,30.0,38.0,2.0,55.0,61.0,,11.0,50.0,25.0,61.0,53.0,37.0,24.0,26.0,13.0,35.0
2022,400043,Hope Institute Learning Academy,81.0,99.0,99.0,99.0,77.0,35.0,87.0,81.0,48.0,16.0,,55.0,,99.0,,24.0,,,45.0,,57.0,68.0,99.0,98.0,65.0,,99.0,65.0,52.0,9.0,63.0,94.0,49.0,31.0,,,,49.0,,2.0,54.0,75.0,45.0,40.0,41.0,51.0,61.0
2022,400044,KIPP Ascend Charter School,61.0,55.0,45.0,64.0,62.0,50.0,37.0,69.0,56.0,58.0,26.0,56.0,10.0,63.0,,22.0,22.0,,64.0,46.0,66.0,52.0,50.0,40.0,54.0,24.0,50.0,69.0,64.0,71.0,88.0,32.0,34.0,40.0,25.0,61.0,,62.0,47.0,40.0,40.0,42.0,31.0,46.0,62.0,58.0,51.0
2022,400046,L.E.A.R.N. - Romano Butler Campus,81.0,70.0,58.0,76.0,74.0,44.0,54.0,54.0,60.0,49.0,47.0,62.0,30.0,65.0,,22.0,21.0,,33.0,21.0,73.0,49.0,71.0,49.0,47.0,42.0,77.0,75.0,89.0,85.0,66.0,54.0,30.0,46.0,31.0,43.0,,47.0,35.0,53.0,51.0,54.0,33.0,42.0,51.0,66.0,64.0
2022,400047,L.E.A.R.N. - Charles and Dorothy Campbell Campus,91.0,99.0,93.0,90.0,82.0,54.0,91.0,58.0,64.0,47.0,75.0,58.0,37.0,84.0,,53.0,17.0,,59.0,50.0,65.0,68.0,77.0,51.0,81.0,60.0,82.0,72.0,83.0,76.0,74.0,68.0,33.0,51.0,71.0,53.0,,76.0,42.0,37.0,63.0,68.0,39.0,51.0,71.0,56.0,82.0
2022,400048,L.E.A.R.N. - Excel Campus,91.0,62.0,52.0,54.0,72.0,69.0,31.0,66.0,77.0,68.0,48.0,70.0,29.0,61.0,,34.0,22.0,,84.0,32.0,75.0,66.0,74.0,54.0,75.0,64.0,68.0,87.0,99.0,99.0,79.0,50.0,30.0,59.0,35.0,33.0,,89.0,2.0,83.0,37.0,47.0,44.0,41.0,70.0,74.0,94.0
2022,400049,Legacy Charter School,29.0,69.0,64.0,76.0,63.0,14.0,47.0,12.0,15.0,7.0,56.0,31.0,15.0,83.0,,31.0,18.0,,1.0,32.0,15.0,31.0,68.0,44.0,30.0,21.0,73.0,36.0,22.0,25.0,16.0,43.0,33.0,1.0,30.0,52.0,,43.0,28.0,18.0,37.0,52.0,35.0,5.0,20.0,36.0,35.0
2022,400050,Namaste Charter School,10.0,41.0,26.0,28.0,30.0,36.0,19.0,14.0,17.0,10.0,1.0,24.0,24.0,45.0,,1.0,41.0,,23.0,31.0,21.0,57.0,24.0,45.0,68.0,1.0,41.0,23.0,25.0,23.0,37.0,11.0,39.0,7.0,28.0,63.0,,79.0,47.0,38.0,49.0,39.0,29.0,33.0,58.0,23.0,31.0
2022,400051,Noble - Noble College Prep,81.0,94.0,85.0,87.0,86.0,72.0,60.0,38.0,49.0,57.0,90.0,57.0,56.0,99.0,66.0,14.0,48.0,33.0,50.0,57.0,59.0,82.0,84.0,77.0,84.0,38.0,,59.0,62.0,73.0,61.0,53.0,37.0,42.0,66.0,80.0,80.0,66.0,99.0,61.0,91.0,69.0,41.0,56.0,86.0,67.0,47.0
2022,4000521,Noble - Gary Comer College Prep Middle School,91.0,84.0,80.0,86.0,76.0,30.0,51.0,77.0,63.0,69.0,76.0,65.0,25.0,99.0,,20.0,22.0,,37.0,45.0,62.0,70.0,99.0,76.0,51.0,32.0,41.0,64.0,73.0,20.0,82.0,22.0,17.0,32.0,51.0,54.0,,67.0,37.0,1.0,56.0,49.0,58.0,38.0,82.0,77.0,65.0
2022,4000522,Noble - Gary Comer College Prep High School,39.0,99.0,77.0,60.0,59.0,41.0,50.0,35.0,26.0,36.0,64.0,40.0,18.0,80.0,57.0,25.0,25.0,8.0,30.0,58.0,43.0,57.0,74.0,66.0,57.0,24.0,,37.0,42.0,23.0,60.0,32.0,12.0,4.0,41.0,35.0,54.0,32.0,43.0,38.0,52.0,44.0,24.0,12.0,47.0,57.0,15.0
2022,400053,Noble - Golder College Prep,39.0,,,,,28.0,,45.0,48.0,53.0,,39.0,,,58.0,,,,55.0,,60.0,50.0,,39.0,59.0,,,41.0,77.0,22.0,56.0,,,7.0,,,,18.0,,39.0,,,35.0,25.0,53.0,21.0,58.0
2022,400054,Noble - Pritzker College Prep,71.0,99.0,73.0,70.0,60.0,41.0,52.0,72.0,47.0,50.0,80.0,29.0,56.0,85.0,68.0,27.0,44.0,48.0,68.0,62.0,22.0,60.0,75.0,56.0,72.0,42.0,,46.0,37.0,8.0,67.0,61.0,32.0,14.0,68.0,77.0,78.0,59.0,99.0,46.0,89.0,67.0,29.0,43.0,53.0,19.0,62.0
2022,400057,Noble - UIC College Prep,29.0,,,,,32.0,,37.0,25.0,31.0,,33.0,,,57.0,,,,12.0,,19.0,50.0,,54.0,56.0,,,32.0,13.0,30.0,48.0,,,1.0,,,,19.0,,45.0,,,33.0,31.0,41.0,46.0,42.0
2022,400058,North Lawndale College Prep - Christiana,71.0,95.0,73.0,65.0,68.0,31.0,42.0,73.0,59.0,58.0,60.0,43.0,37.0,69.0,63.0,55.0,21.0,25.0,40.0,48.0,57.0,70.0,84.0,60.0,76.0,16.0,,54.0,80.0,55.0,88.0,48.0,18.0,29.0,53.0,49.0,63.0,73.0,61.0,39.0,43.0,47.0,20.0,38.0,74.0,42.0,56.0
2022,400059,North Lawndale College Prep - Collins,91.0,88.0,71.0,61.0,77.0,27.0,49.0,92.0,80.0,74.0,59.0,69.0,38.0,74.0,82.0,68.0,24.0,33.0,80.0,54.0,80.0,89.0,99.0,99.0,93.0,82.0,,76.0,99.0,74.0,99.0,53.0,19.0,48.0,47.0,40.0,65.0,95.0,52.0,39.0,55.0,55.0,53.0,43.0,76.0,67.0,85.0
2022,400060,Asian Human Services - Passages Charter School,50.0,66.0,61.0,45.0,56.0,43.0,50.0,18.0,44.0,46.0,26.0,46.0,31.0,54.0,,19.0,41.0,,39.0,30.0,42.0,54.0,63.0,45.0,55.0,1.0,72.0,39.0,37.0,61.0,49.0,41.0,36.0,44.0,55.0,65.0,,57.0,50.0,52.0,57.0,57.0,42.0,44.0,61.0,62.0,75.0
2022,400061,Perspectives - Leadership Academy,81.0,88.0,69.0,51.0,60.0,33.0,41.0,65.0,64.0,60.0,45.0,58.0,30.0,70.0,61.0,19.0,34.0,11.0,64.0,47.0,78.0,66.0,77.0,72.0,70.0,31.0,,67.0,75.0,41.0,72.0,54.0,24.0,40.0,45.0,53.0,55.0,82.0,58.0,48.0,52.0,48.0,23.0,32.0,57.0,63.0,78.0
2022,400062,Perspectives - High School of Technology,91.0,84.0,79.0,58.0,70.0,63.0,31.0,77.0,67.0,51.0,51.0,60.0,32.0,59.0,83.0,29.0,26.0,23.0,60.0,44.0,76.0,85.0,63.0,77.0,86.0,36.0,,72.0,99.0,99.0,86.0,37.0,24.0,53.0,45.0,59.0,57.0,99.0,67.0,64.0,62.0,57.0,28.0,36.0,92.0,65.0,55.0
2022,400064,Perspectives - Rodney D. Joslin,19.0,99.0,76.0,60.0,54.0,1.0,37.0,34.0,14.0,22.0,53.0,11.0,33.0,80.0,44.0,38.0,44.0,19.0,16.0,52.0,10.0,30.0,73.0,25.0,39.0,39.0,,5.0,1.0,1.0,44.0,57.0,26.0,1.0,44.0,54.0,54.0,1.0,67.0,18.0,50.0,44.0,1.0,10.0,27.0,27.0,14.0
2022,400066,Perspectives - Math and Science Academy,61.0,82.0,71.0,64.0,73.0,46.0,46.0,57.0,40.0,31.0,48.0,47.0,35.0,83.0,49.0,34.0,23.0,19.0,19.0,62.0,66.0,42.0,83.0,50.0,33.0,42.0,,54.0,66.0,62.0,32.0,49.0,24.0,15.0,47.0,57.0,56.0,48.0,63.0,42.0,55.0,46.0,17.0,33.0,43.0,49.0,31.0
2022,400068,Plato Learning Academy,39.0,72.0,63.0,67.0,61.0,49.0,31.0,20.0,34.0,36.0,61.0,53.0,20.0,57.0,,33.0,31.0,,36.0,38.0,54.0,37.0,58.0,39.0,45.0,1.0,76.0,63.0,61.0,63.0,56.0,32.0,37.0,30.0,40.0,46.0,,31.0,53.0,15.0,24.0,50.0,30.0,42.0,26.0,64.0,25.0
2022,400069,Polaris Charter Academy,99.0,99.0,99.0,99.0,99.0,60.0,99.0,96.0,83.0,76.0,99.0,74.0,99.0,99.0,,99.0,59.0,,87.0,85.0,69.0,81.0,99.0,83.0,67.0,72.0,99.0,94.0,97.0,99.0,99.0,99.0,95.0,65.0,99.0,99.0,,99.0,99.0,42.0,99.0,98.0,57.0,60.0,94.0,74.0,83.0
2022,400071,Providence Englewood Charter School,81.0,75.0,65.0,78.0,67.0,60.0,62.0,72.0,57.0,54.0,59.0,61.0,33.0,58.0,,44.0,22.0,,52.0,42.0,69.0,46.0,73.0,38.0,47.0,35.0,87.0,74.0,58.0,58.0,69.0,35.0,40.0,51.0,59.0,60.0,,99.0,42.0,42.0,59.0,63.0,46.0,54.0,52.0,53.0,52.0
2022,400075,University of Chicago - Donoghue,61.0,99.0,72.0,99.0,72.0,48.0,58.0,38.0,43.0,45.0,,56.0,,65.0,,33.0,,,42.0,,68.0,51.0,67.0,70.0,41.0,,43.0,67.0,53.0,56.0,30.0,52.0,29.0,29.0,,,,65.0,,10.0,50.0,49.0,44.0,17.0,43.0,43.0,50.0
2022,400076,University of Chicago - North Kenwood/Oakland,99.0,99.0,99.0,99.0,91.0,57.0,82.0,92.0,72.0,62.0,,69.0,,99.0,,51.0,,,92.0,,82.0,62.0,99.0,65.0,68.0,,99.0,85.0,99.0,66.0,65.0,92.0,46.0,40.0,,,,84.0,,12.0,73.0,79.0,49.0,42.0,53.0,61.0,69.0
2022,400077,University of Chicago - Woodlawn,50.0,98.0,73.0,76.0,67.0,21.0,53.0,57.0,38.0,46.0,72.0,45.0,21.0,66.0,58.0,24.0,25.0,25.0,33.0,57.0,59.0,50.0,99.0,44.0,61.0,51.0,,50.0,43.0,27.0,57.0,51.0,16.0,1.0,40.0,32.0,60.0,82.0,31.0,38.0,52.0,47.0,32.0,15.0,46.0,38.0,44.0
2022,400079,Acero Charter Schools - SPC Daniel Zizumbo,39.0,58.0,46.0,44.0,57.0,81.0,52.0,36.0,38.0,34.0,35.0,47.0,39.0,61.0,,6.0,60.0,,25.0,43.0,38.0,52.0,59.0,42.0,55.0,17.0,63.0,48.0,31.0,64.0,20.0,42.0,52.0,50.0,59.0,79.0,,53.0,77.0,59.0,71.0,58.0,47.0,69.0,58.0,54.0,41.0
2022,400080,Acero Charter Schools - PFC Omar E. Torres,10.0,46.0,30.0,37.0,37.0,50.0,27.0,4.0,18.0,14.0,6.0,35.0,23.0,53.0,,1.0,50.0,,1.0,16.0,17.0,32.0,38.0,25.0,35.0,1.0,49.0,35.0,25.0,20.0,4.0,20.0,45.0,25.0,36.0,65.0,,32.0,64.0,22.0,54.0,45.0,38.0,42.0,37.0,50.0,22.0
2022,400081,Acero Charter Schools - Bartolome de las Casas,91.0,70.0,70.0,65.0,58.0,63.0,57.0,69.0,72.0,81.0,50.0,74.0,59.0,73.0,,4.0,55.0,,85.0,72.0,80.0,60.0,51.0,62.0,54.0,20.0,66.0,84.0,80.0,44.0,56.0,35.0,58.0,52.0,84.0,97.0,,70.0,87.0,51.0,65.0,65.0,53.0,64.0,64.0,79.0,76.0
2022,400082,Acero Charter Schools - Carlos Fuentes,50.0,62.0,61.0,46.0,54.0,47.0,39.0,32.0,37.0,37.0,48.0,53.0,60.0,62.0,,15.0,56.0,,42.0,36.0,59.0,55.0,69.0,49.0,56.0,16.0,70.0,46.0,42.0,40.0,51.0,43.0,52.0,27.0,62.0,93.0,,95.0,85.0,22.0,70.0,63.0,50.0,44.0,60.0,56.0,47.0
2022,400083,Acero Charter Schools - Octavio Paz Campus,61.0,40.0,36.0,35.0,46.0,65.0,19.0,58.0,43.0,48.0,1.0,44.0,1.0,45.0,,1.0,23.0,,51.0,56.0,41.0,60.0,35.0,52.0,68.0,1.0,57.0,54.0,35.0,67.0,39.0,2.0,37.0,39.0,18.0,55.0,,55.0,42.0,44.0,52.0,46.0,43.0,43.0,61.0,38.0,33.0
2022,400084,Acero Charter Schools - Rufino Tamayo,81.0,66.0,50.0,58.0,64.0,74.0,49.0,50.0,63.0,85.0,29.0,53.0,35.0,80.0,,1.0,49.0,,95.0,26.0,56.0,63.0,55.0,44.0,67.0,11.0,62.0,66.0,55.0,63.0,40.0,33.0,54.0,56.0,69.0,93.0,,57.0,71.0,44.0,65.0,58.0,48.0,80.0,78.0,40.0,70.0
2022,400085,Acero Charter Schools - Major Hector P. Garcia MD,39.0,78.0,62.0,42.0,50.0,57.0,31.0,43.0,38.0,44.0,50.0,44.0,29.0,52.0,52.0,1.0,42.0,19.0,24.0,68.0,43.0,56.0,47.0,36.0,60.0,28.0,,43.0,30.0,58.0,60.0,32.0,31.0,35.0,49.0,59.0,60.0,35.0,80.0,55.0,67.0,53.0,35.0,33.0,71.0,53.0,38.0
2022,400086,Urban Prep Academy for Young Men - Englewood,99.0,99.0,99.0,99.0,90.0,39.0,65.0,55.0,61.0,77.0,95.0,61.0,36.0,94.0,71.0,43.0,36.0,70.0,66.0,63.0,74.0,63.0,99.0,73.0,53.0,57.0,,68.0,86.0,68.0,52.0,88.0,23.0,36.0,69.0,50.0,86.0,99.0,79.0,50.0,94.0,69.0,30.0,29.0,64.0,70.0,53.0
2022,400089,Acero Charter Schools - Officer Donald J. Marquez,39.0,47.0,44.0,34.0,48.0,48.0,29.0,43.0,40.0,41.0,27.0,39.0,14.0,50.0,,1.0,41.0,,39.0,74.0,23.0,53.0,52.0,25.0,61.0,1.0,56.0,41.0,7.0,54.0,39.0,10.0,46.0,42.0,24.0,81.0,,48.0,63.0,44.0,51.0,49.0,51.0,50.0,74.0,40.0,65.0
2022,400091,Chicago Technology Academy High School,10.0,65.0,82.0,36.0,34.0,3.0,33.0,46.0,25.0,32.0,42.0,26.0,9.0,57.0,28.0,1.0,30.0,1.0,12.0,64.0,39.0,16.0,42.0,23.0,22.0,20.0,,29.0,21.0,1.0,34.0,10.0,21.0,1.0,37.0,52.0,42.0,60.0,47.0,23.0,68.0,40.0,21.0,26.0,2.0,16.0,25.0
2022,400092,CICS - Lloyd Bond,71.0,75.0,54.0,72.0,71.0,23.0,37.0,26.0,57.0,55.0,32.0,67.0,41.0,80.0,,28.0,26.0,,46.0,39.0,79.0,57.0,72.0,52.0,38.0,44.0,67.0,84.0,98.0,60.0,80.0,59.0,26.0,54.0,66.0,59.0,,96.0,38.0,24.0,37.0,46.0,25.0,38.0,82.0,79.0,53.0
2022,400094,EPIC Academy Charter High School,19.0,71.0,52.0,27.0,40.0,39.0,26.0,43.0,26.0,22.0,37.0,17.0,8.0,60.0,39.0,1.0,26.0,12.0,15.0,36.0,11.0,29.0,51.0,33.0,32.0,5.0,,37.0,2.0,21.0,40.0,28.0,18.0,5.0,30.0,44.0,49.0,81.0,55.0,34.0,62.0,42.0,8.0,27.0,23.0,11.0,56.0
2022,400096,Rowe Elementary Charter School,29.0,46.0,40.0,49.0,46.0,18.0,31.0,73.0,45.0,47.0,17.0,38.0,30.0,61.0,,12.0,41.0,,50.0,52.0,36.0,39.0,45.0,24.0,50.0,10.0,41.0,50.0,27.0,30.0,55.0,14.0,49.0,8.0,47.0,67.0,,51.0,56.0,35.0,44.0,44.0,19.0,27.0,43.0,46.0,68.0
2022,400097,Noble - Chicago Bulls College Prep,50.0,87.0,80.0,58.0,64.0,40.0,53.0,49.0,31.0,41.0,71.0,40.0,31.0,83.0,58.0,12.0,38.0,19.0,17.0,75.0,23.0,56.0,92.0,56.0,61.0,39.0,,51.0,45.0,21.0,57.0,20.0,25.0,2.0,56.0,59.0,68.0,44.0,86.0,39.0,75.0,57.0,36.0,20.0,51.0,51.0,19.0
2022,400098,Noble - Muchin College Prep,71.0,99.0,83.0,68.0,66.0,20.0,51.0,54.0,42.0,33.0,76.0,44.0,25.0,86.0,55.0,1.0,48.0,40.0,36.0,65.0,50.0,64.0,83.0,73.0,70.0,36.0,,44.0,55.0,25.0,62.0,46.0,17.0,20.0,52.0,49.0,68.0,44.0,75.0,43.0,76.0,54.0,40.0,19.0,50.0,41.0,48.0
2022,400101,Acero Charter Schools - Sandra Cisneros,19.0,64.0,53.0,51.0,53.0,52.0,38.0,24.0,23.0,27.0,33.0,21.0,30.0,67.0,,1.0,47.0,,25.0,26.0,9.0,37.0,53.0,29.0,54.0,1.0,61.0,34.0,17.0,39.0,37.0,43.0,40.0,8.0,31.0,34.0,,62.0,46.0,37.0,54.0,52.0,28.0,1.0,29.0,11.0,40.0
2022,400104,Instituto Health Sciences Career Academy,29.0,91.0,65.0,44.0,51.0,67.0,34.0,32.0,23.0,20.0,54.0,17.0,18.0,53.0,41.0,1.0,37.0,14.0,4.0,58.0,7.0,44.0,54.0,52.0,28.0,18.0,,22.0,2.0,54.0,19.0,26.0,21.0,33.0,45.0,53.0,56.0,18.0,75.0,46.0,73.0,48.0,13.0,50.0,51.0,27.0,29.0
2022,400105,Urban Prep Academy for Young Men - Bronzeville,61.0,99.0,99.0,90.0,86.0,31.0,67.0,37.0,36.0,31.0,99.0,45.0,55.0,92.0,66.0,73.0,36.0,64.0,6.0,57.0,42.0,54.0,98.0,44.0,57.0,77.0,,61.0,56.0,64.0,36.0,86.0,28.0,27.0,77.0,63.0,92.0,48.0,94.0,39.0,99.0,71.0,41.0,38.0,61.0,35.0,28.0
2022,400106,Noble - John and Eunice Johnson College Prep,39.0,99.0,84.0,78.0,77.0,35.0,55.0,43.0,27.0,20.0,82.0,24.0,39.0,99.0,54.0,31.0,34.0,48.0,18.0,69.0,26.0,56.0,92.0,56.0,62.0,36.0,,37.0,31.0,39.0,47.0,68.0,27.0,15.0,59.0,64.0,64.0,48.0,80.0,40.0,84.0,57.0,15.0,36.0,51.0,17.0,28.0
2022,400107,L.E.A.R.N. - South Chicago Campus,29.0,47.0,29.0,41.0,48.0,33.0,16.0,43.0,42.0,36.0,27.0,51.0,7.0,66.0,,5.0,25.0,,40.0,21.0,50.0,35.0,46.0,37.0,34.0,25.0,28.0,62.0,48.0,37.0,37.0,29.0,25.0,29.0,18.0,50.0,,60.0,35.0,20.0,25.0,27.0,27.0,42.0,34.0,63.0,54.0
2022,400111,L.E.A.R.N. - Hunter Perkins Campus,29.0,41.0,32.0,52.0,58.0,49.0,25.0,10.0,31.0,17.0,14.0,52.0,17.0,62.0,,19.0,30.0,,3.0,15.0,57.0,49.0,49.0,45.0,52.0,31.0,28.0,56.0,54.0,67.0,39.0,32.0,38.0,41.0,33.0,57.0,,50.0,32.0,52.0,26.0,31.0,28.0,39.0,50.0,67.0,31.0
2022,400112,Acero Charter Schools - Jovita Idar,29.0,50.0,45.0,47.0,50.0,49.0,32.0,20.0,9.0,1.0,36.0,18.0,1.0,58.0,,1.0,39.0,,1.0,68.0,12.0,43.0,48.0,10.0,62.0,1.0,50.0,32.0,1.0,45.0,1.0,26.0,49.0,1.0,30.0,73.0,,37.0,61.0,38.0,54.0,50.0,22.0,54.0,56.0,6.0,23.0
2022,400114,Acero Charter Schools - Esmeralda Santiago,61.0,72.0,62.0,69.0,67.0,62.0,74.0,42.0,40.0,35.0,59.0,31.0,65.0,70.0,,33.0,57.0,,48.0,14.0,25.0,58.0,83.0,44.0,79.0,38.0,79.0,30.0,31.0,45.0,57.0,70.0,66.0,21.0,95.0,99.0,,32.0,76.0,21.0,68.0,69.0,45.0,45.0,52.0,23.0,72.0
2022,400115,Catalyst Maria Charter Elementary School,29.0,32.0,23.0,22.0,37.0,40.0,13.0,40.0,42.0,25.0,1.0,46.0,5.0,44.0,,1.0,31.0,,34.0,45.0,54.0,59.0,34.0,49.0,62.0,1.0,45.0,54.0,49.0,46.0,45.0,12.0,27.0,32.0,25.0,53.0,,55.0,45.0,43.0,41.0,34.0,27.0,33.0,65.0,50.0,62.0
2022,400116,The Montessori School of Englewood Charter,61.0,62.0,59.0,54.0,60.0,12.0,38.0,45.0,43.0,32.0,34.0,44.0,29.0,68.0,,18.0,25.0,,37.0,63.0,45.0,49.0,57.0,45.0,53.0,23.0,58.0,46.0,49.0,61.0,51.0,39.0,16.0,34.0,33.0,32.0,,55.0,29.0,26.0,43.0,44.0,37.0,10.0,49.0,47.0,53.0
2022,400117,Noble - Hansberry College Prep,29.0,99.0,70.0,56.0,51.0,25.0,43.0,36.0,36.0,51.0,63.0,34.0,23.0,73.0,63.0,15.0,25.0,24.0,45.0,53.0,25.0,44.0,72.0,44.0,55.0,33.0,,43.0,41.0,1.0,43.0,47.0,18.0,5.0,47.0,47.0,55.0,32.0,52.0,30.0,55.0,48.0,29.0,21.0,34.0,37.0,46.0
2022,400118,Noble - DRW College Prep,29.0,,,,,1.0,,22.0,8.0,1.0,,17.0,,,26.0,,,,1.0,,1.0,48.0,,79.0,39.0,,,21.0,2.0,1.0,26.0,,,1.0,,,,1.0,,7.0,,,12.0,5.0,27.0,34.0,15.0
2022,400119,Legal Prep Charter Academy,50.0,99.0,75.0,65.0,63.0,31.0,39.0,43.0,23.0,10.0,57.0,38.0,50.0,87.0,42.0,67.0,22.0,31.0,1.0,60.0,38.0,63.0,83.0,74.0,61.0,35.0,,37.0,33.0,15.0,64.0,34.0,15.0,4.0,48.0,50.0,61.0,99.0,48.0,29.0,48.0,42.0,27.0,25.0,54.0,50.0,25.0
2022,400120,Acero Charter Schools - Roberto Clemente,91.0,52.0,53.0,49.0,62.0,77.0,56.0,88.0,83.0,80.0,23.0,80.0,26.0,68.0,,1.0,53.0,,98.0,52.0,83.0,84.0,56.0,74.0,78.0,1.0,66.0,87.0,90.0,75.0,79.0,32.0,50.0,69.0,42.0,78.0,,99.0,75.0,70.0,61.0,58.0,60.0,62.0,99.0,89.0,89.0
2022,400121,Acero Charter Schools - Sor Juana Ines de la Cruz,10.0,21.0,14.0,9.0,24.0,40.0,1.0,20.0,24.0,14.0,1.0,45.0,1.0,35.0,,1.0,25.0,,12.0,39.0,46.0,31.0,23.0,29.0,30.0,1.0,30.0,38.0,40.0,28.0,22.0,4.0,38.0,18.0,16.0,70.0,,79.0,47.0,24.0,26.0,27.0,45.0,40.0,33.0,52.0,26.0
2022,400123,YCCS - Academy of Scholastic Achievement HS,71.0,99.0,99.0,62.0,74.0,,40.0,,,,78.0,,71.0,71.0,,60.0,28.0,40.0,,38.0,,,90.0,,,87.0,,,,,,77.0,53.0,,79.0,88.0,77.0,,99.0,,99.0,76.0,,,,,
2022,400124,YCCS - McKinley Lakeside Leadership HS,61.0,91.0,76.0,53.0,69.0,,38.0,,37.0,58.0,65.0,40.0,52.0,72.0,,40.0,38.0,31.0,27.0,68.0,27.0,,81.0,66.0,,18.0,,64.0,55.0,,23.0,87.0,37.0,32.0,69.0,80.0,72.0,61.0,73.0,,99.0,69.0,31.0,47.0,,38.0,2.0
2022,400125,"YCCS - ASPIRA, Antonia Pantoja Alternative HS",50.0,93.0,62.0,37.0,52.0,39.0,26.0,,58.0,89.0,42.0,30.0,43.0,68.0,,29.0,50.0,32.0,,65.0,21.0,,66.0,,,16.0,,42.0,40.0,37.0,55.0,60.0,33.0,45.0,64.0,82.0,67.0,,99.0,20.0,99.0,66.0,,36.0,2.0,28.0,
2022,400126,YCCS - Association House HS,71.0,99.0,99.0,70.0,58.0,85.0,70.0,72.0,83.0,99.0,30.0,65.0,68.0,65.0,24.0,25.0,33.0,47.0,99.0,62.0,70.0,26.0,54.0,45.0,6.0,1.0,,79.0,71.0,41.0,99.0,60.0,51.0,74.0,88.0,99.0,99.0,99.0,99.0,37.0,99.0,68.0,60.0,68.0,28.0,51.0,99.0
2022,400127,YCCS - Austin Career Education Center HS,71.0,99.0,99.0,89.0,93.0,,71.0,,,,99.0,,79.0,93.0,,42.0,39.0,83.0,,96.0,,,96.0,,,38.0,,,,,,87.0,50.0,,73.0,85.0,89.0,,99.0,,99.0,79.0,,,,,
2022,400128,YCCS - CCA Academy HS,91.0,99.0,99.0,56.0,70.0,,51.0,,77.0,76.0,88.0,63.0,67.0,72.0,,50.0,44.0,28.0,75.0,64.0,83.0,,82.0,55.0,,29.0,,78.0,63.0,,65.0,71.0,38.0,69.0,83.0,80.0,57.0,83.0,99.0,,99.0,65.0,39.0,54.0,,51.0,99.0
2022,400129,YCCS - Progressive Leadership Academy,71.0,99.0,99.0,99.0,81.0,45.0,99.0,,44.0,29.0,99.0,46.0,99.0,99.0,,99.0,99.0,99.0,,99.0,35.0,,99.0,,,99.0,,70.0,77.0,28.0,27.0,99.0,64.0,25.0,99.0,82.0,99.0,,99.0,23.0,99.0,87.0,,50.0,,33.0,
2022,400130,YCCS - Community Youth Development Institute HS,71.0,99.0,76.0,50.0,68.0,,37.0,,,,37.0,,98.0,62.0,,69.0,32.0,57.0,,75.0,,,93.0,,,59.0,,,,,,74.0,31.0,,97.0,89.0,64.0,,99.0,,99.0,65.0,,,,,
2022,400131,YCCS - Dr. Pedro Albizu Campos Puerto Rican HS,81.0,99.0,85.0,45.0,58.0,52.0,31.0,59.0,67.0,97.0,55.0,72.0,63.0,52.0,40.0,41.0,54.0,42.0,71.0,50.0,78.0,48.0,51.0,74.0,43.0,33.0,,78.0,72.0,83.0,45.0,60.0,47.0,57.0,84.0,86.0,64.0,87.0,99.0,18.0,99.0,63.0,44.0,60.0,27.0,88.0,50.0
2022,400133,YCCS - Innovations HS of Arts Integration,61.0,99.0,78.0,48.0,58.0,,51.0,,,,70.0,,56.0,67.0,,38.0,44.0,47.0,,61.0,,,58.0,,,42.0,,,,,,86.0,45.0,,58.0,86.0,67.0,,99.0,,99.0,70.0,,,,,
2022,400134,YCCS - Jane Addams Alternative HS,99.0,99.0,99.0,71.0,91.0,71.0,69.0,99.0,99.0,99.0,99.0,98.0,84.0,99.0,77.0,63.0,59.0,72.0,99.0,59.0,99.0,81.0,95.0,84.0,64.0,82.0,,99.0,99.0,99.0,99.0,99.0,52.0,98.0,96.0,99.0,98.0,99.0,99.0,93.0,99.0,82.0,94.0,93.0,95.0,99.0,99.0
2022,400135,YCCS - Latino Youth Alternative HS,81.0,99.0,87.0,69.0,76.0,72.0,51.0,,49.0,53.0,82.0,72.0,62.0,71.0,,2.0,38.0,50.0,41.0,69.0,75.0,48.0,92.0,60.0,,1.0,,85.0,42.0,72.0,16.0,50.0,42.0,59.0,67.0,90.0,91.0,42.0,99.0,36.0,99.0,77.0,54.0,76.0,36.0,75.0,42.0
2022,400136,YCCS - Olive Harvey Middle College HS,99.0,99.0,92.0,47.0,65.0,68.0,52.0,,66.0,77.0,45.0,60.0,70.0,48.0,,45.0,45.0,39.0,57.0,44.0,57.0,68.0,95.0,58.0,,39.0,,60.0,47.0,69.0,23.0,76.0,49.0,65.0,79.0,93.0,55.0,42.0,99.0,53.0,99.0,68.0,56.0,90.0,78.0,66.0,74.0
2022,400137,Little Black Pearl Art and Design Academy,50.0,79.0,71.0,31.0,37.0,,34.0,,,,39.0,,40.0,52.0,,12.0,36.0,36.0,,32.0,,,28.0,,,28.0,,,,,,64.0,42.0,,69.0,92.0,71.0,,87.0,,68.0,60.0,,,,,
2022,400139,YCCS - Sullivan House Alternative HS,99.0,99.0,99.0,99.0,92.0,75.0,99.0,34.0,62.0,63.0,99.0,71.0,99.0,99.0,41.0,99.0,99.0,99.0,61.0,99.0,76.0,61.0,99.0,77.0,62.0,99.0,,99.0,92.0,70.0,52.0,99.0,99.0,61.0,99.0,99.0,99.0,78.0,99.0,43.0,99.0,85.0,46.0,63.0,44.0,61.0,61.0
2022,400141,YCCS - Truman Middle College HS,61.0,99.0,82.0,58.0,59.0,,58.0,,,,72.0,57.0,44.0,62.0,,18.0,49.0,48.0,,53.0,68.0,,58.0,,,21.0,,62.0,45.0,,1.0,54.0,48.0,,61.0,90.0,70.0,38.0,99.0,,99.0,72.0,42.0,,,,
2022,400143,YCCS - West Town Acad Alternative HS,61.0,99.0,99.0,67.0,75.0,28.0,61.0,56.0,56.0,54.0,87.0,54.0,45.0,99.0,35.0,32.0,47.0,36.0,74.0,72.0,53.0,20.0,79.0,57.0,1.0,44.0,,74.0,57.0,56.0,62.0,65.0,50.0,43.0,83.0,83.0,63.0,81.0,99.0,10.0,99.0,62.0,44.0,54.0,1.0,45.0,70.0
2022,400144,YCCS - West,71.0,99.0,91.0,66.0,70.0,,40.0,,,,65.0,,59.0,68.0,,77.0,45.0,38.0,,53.0,,,76.0,,,7.0,,,,,,64.0,38.0,,75.0,81.0,57.0,,99.0,,96.0,64.0,,,,,
2022,400145,YCCS - Youth Connection Leadership Acad HS,71.0,99.0,61.0,40.0,59.0,,44.0,,66.0,58.0,55.0,61.0,41.0,75.0,,60.0,54.0,40.0,54.0,52.0,77.0,,63.0,48.0,,63.0,,81.0,93.0,,32.0,72.0,31.0,51.0,63.0,68.0,62.0,53.0,96.0,,84.0,59.0,29.0,44.0,,55.0,63.0
2022,400146,KIPP Academy Chicago,29.0,48.0,51.0,68.0,59.0,18.0,58.0,59.0,32.0,17.0,40.0,37.0,29.0,66.0,,26.0,32.0,,7.0,63.0,35.0,41.0,70.0,29.0,48.0,30.0,51.0,55.0,44.0,31.0,52.0,7.0,39.0,16.0,46.0,80.0,,40.0,48.0,11.0,28.0,42.0,22.0,47.0,46.0,34.0,25.0
2022,400147,Chicago Excel Academy HS,39.0,98.0,56.0,51.0,75.0,63.0,50.0,42.0,26.0,6.0,51.0,42.0,40.0,85.0,17.0,52.0,28.0,21.0,1.0,70.0,52.0,18.0,85.0,51.0,1.0,30.0,,57.0,55.0,77.0,30.0,66.0,39.0,27.0,69.0,81.0,55.0,36.0,90.0,33.0,99.0,53.0,6.0,52.0,1.0,51.0,1.0
2022,400149,Acero Charter Schools - Victoria Soto,81.0,99.0,98.0,63.0,60.0,36.0,50.0,46.0,47.0,38.0,83.0,53.0,45.0,75.0,43.0,1.0,49.0,35.0,33.0,73.0,63.0,70.0,67.0,55.0,86.0,25.0,,68.0,71.0,35.0,55.0,46.0,41.0,42.0,64.0,72.0,71.0,79.0,98.0,38.0,99.0,64.0,29.0,43.0,68.0,53.0,40.0
2022,400150,YCCS - Chatham AcademyHS,61.0,99.0,62.0,64.0,87.0,,45.0,,,,53.0,,70.0,99.0,,44.0,75.0,37.0,,99.0,,,99.0,,,6.0,,,,,,99.0,30.0,,86.0,8.0,56.0,,34.0,,67.0,51.0,,,,,
2022,400151,L.E.A.R.N. - 7th Campus,50.0,99.0,93.0,99.0,75.0,1.0,56.0,38.0,33.0,28.0,,40.0,,99.0,,52.0,,,23.0,,40.0,20.0,99.0,20.0,19.0,,99.0,49.0,39.0,1.0,47.0,73.0,18.0,5.0,,,,27.0,,1.0,51.0,65.0,39.0,2.0,20.0,32.0,54.0
2022,400153,Acero Charter Schools - Brighton Park,39.0,61.0,42.0,58.0,53.0,40.0,44.0,31.0,38.0,37.0,31.0,47.0,16.0,64.0,,1.0,40.0,,36.0,17.0,26.0,56.0,47.0,31.0,59.0,7.0,58.0,64.0,44.0,42.0,34.0,15.0,38.0,39.0,31.0,54.0,,99.0,46.0,43.0,54.0,48.0,41.0,48.0,78.0,57.0,40.0
2022,400156,Noble - Butler College Prep,29.0,99.0,83.0,80.0,78.0,52.0,54.0,39.0,22.0,15.0,77.0,23.0,30.0,88.0,45.0,22.0,33.0,39.0,1.0,58.0,17.0,27.0,91.0,44.0,1.0,33.0,,22.0,35.0,54.0,37.0,49.0,26.0,16.0,52.0,57.0,65.0,11.0,54.0,52.0,66.0,51.0,12.0,35.0,37.0,41.0,5.0
2022,400157,Noble - Baker College Prep,71.0,76.0,67.0,55.0,51.0,25.0,40.0,66.0,49.0,50.0,72.0,44.0,24.0,74.0,63.0,25.0,32.0,29.0,38.0,58.0,35.0,65.0,53.0,85.0,47.0,20.0,,36.0,71.0,20.0,55.0,63.0,25.0,18.0,60.0,56.0,77.0,44.0,79.0,40.0,73.0,60.0,39.0,34.0,64.0,67.0,41.0
2022,400159,Christopher House Charter School,50.0,57.0,56.0,50.0,49.0,28.0,34.0,18.0,16.0,23.0,35.0,18.0,37.0,57.0,,7.0,39.0,,24.0,62.0,1.0,67.0,58.0,42.0,84.0,5.0,76.0,28.0,5.0,32.0,19.0,49.0,54.0,7.0,66.0,85.0,,13.0,75.0,38.0,70.0,64.0,39.0,55.0,76.0,2.0,27.0
2022,400161,Chicago Collegiate Charter School,71.0,61.0,49.0,62.0,61.0,8.0,33.0,81.0,72.0,67.0,39.0,67.0,29.0,78.0,,32.0,25.0,,57.0,38.0,75.0,59.0,61.0,69.0,49.0,19.0,46.0,72.0,98.0,43.0,80.0,24.0,24.0,36.0,49.0,64.0,,99.0,40.0,39.0,33.0,38.0,52.0,28.0,58.0,69.0,78.0
2022,400162,Intrinsic Charter School,81.0,77.0,71.0,57.0,61.0,48.0,39.0,49.0,46.0,45.0,59.0,49.0,25.0,76.0,60.0,1.0,46.0,24.0,42.0,61.0,58.0,84.0,76.0,80.0,85.0,27.0,,56.0,47.0,34.0,47.0,47.0,34.0,32.0,55.0,66.0,64.0,70.0,87.0,51.0,85.0,61.0,31.0,50.0,86.0,52.0,56.0
2022,400163,KIPP Bloom College Prep,71.0,61.0,56.0,72.0,68.0,42.0,59.0,89.0,61.0,51.0,57.0,55.0,35.0,71.0,,26.0,35.0,,55.0,64.0,70.0,53.0,73.0,35.0,67.0,39.0,52.0,63.0,75.0,55.0,70.0,38.0,45.0,41.0,58.0,81.0,,82.0,65.0,27.0,54.0,52.0,32.0,61.0,56.0,55.0,50.0
2022,400165,L.E.A.R.N. - Middle School Campus,61.0,89.0,79.0,99.0,76.0,7.0,48.0,32.0,50.0,59.0,72.0,66.0,1.0,82.0,,20.0,14.0,,19.0,43.0,67.0,33.0,95.0,40.0,30.0,26.0,36.0,86.0,48.0,26.0,82.0,19.0,15.0,27.0,23.0,36.0,,45.0,1.0,10.0,32.0,41.0,42.0,6.0,30.0,67.0,83.0
2022,400167,Horizon Science Academy Southwest Chicago Charter,50.0,43.0,51.0,43.0,48.0,49.0,32.0,37.0,51.0,44.0,30.0,55.0,28.0,53.0,,1.0,39.0,,47.0,59.0,51.0,42.0,48.0,48.0,30.0,15.0,51.0,56.0,61.0,47.0,30.0,3.0,38.0,47.0,53.0,80.0,,70.0,68.0,45.0,41.0,45.0,41.0,45.0,47.0,72.0,67.0
2022,400168,Great Lakes Academy Charter School,10.0,32.0,35.0,62.0,53.0,5.0,39.0,40.0,14.0,5.0,32.0,21.0,19.0,76.0,,12.0,33.0,,16.0,63.0,23.0,36.0,50.0,26.0,49.0,22.0,42.0,27.0,7.0,25.0,40.0,27.0,37.0,1.0,45.0,63.0,,15.0,39.0,34.0,38.0,38.0,18.0,16.0,33.0,14.0,18.0
2022,400169,Noble - ITW David Speer Academy,71.0,99.0,84.0,64.0,64.0,62.0,57.0,40.0,36.0,38.0,78.0,47.0,46.0,74.0,62.0,5.0,43.0,36.0,33.0,59.0,50.0,60.0,72.0,61.0,60.0,44.0,,47.0,45.0,44.0,46.0,47.0,32.0,31.0,63.0,77.0,74.0,86.0,99.0,47.0,95.0,66.0,30.0,55.0,59.0,59.0,26.0
2022,400170,Noble - The Noble Academy,50.0,93.0,72.0,59.0,57.0,21.0,54.0,41.0,37.0,43.0,72.0,34.0,50.0,84.0,57.0,6.0,52.0,35.0,36.0,56.0,26.0,61.0,82.0,60.0,75.0,20.0,,36.0,34.0,4.0,50.0,61.0,30.0,2.0,59.0,64.0,72.0,64.0,84.0,37.0,79.0,60.0,31.0,19.0,49.0,44.0,65.0
2022,400172,ASPIRA Business and Finance,19.0,56.0,52.0,32.0,47.0,52.0,34.0,16.0,22.0,26.0,49.0,15.0,11.0,60.0,30.0,1.0,39.0,3.0,34.0,24.0,4.0,16.0,48.0,28.0,12.0,9.0,,29.0,2.0,48.0,28.0,26.0,33.0,10.0,31.0,58.0,53.0,14.0,67.0,40.0,82.0,50.0,2.0,34.0,7.0,26.0,56.0
2022,400173,Pathways in Education - Brighton Park,39.0,78.0,68.0,8.0,14.0,71.0,6.0,62.0,56.0,57.0,26.0,52.0,2.0,1.0,35.0,1.0,39.0,1.0,31.0,35.0,61.0,50.0,1.0,53.0,48.0,3.0,,55.0,62.0,46.0,54.0,36.0,45.0,56.0,47.0,92.0,58.0,99.0,99.0,50.0,99.0,59.0,25.0,71.0,48.0,65.0,44.0
2022,400175,Excel Academy of South Shore,91.0,99.0,87.0,90.0,87.0,79.0,57.0,83.0,89.0,99.0,89.0,88.0,56.0,83.0,42.0,22.0,36.0,55.0,88.0,41.0,99.0,71.0,76.0,90.0,25.0,1.0,,96.0,99.0,99.0,85.0,81.0,35.0,75.0,73.0,91.0,77.0,99.0,99.0,62.0,76.0,58.0,68.0,70.0,97.0,88.0,87.0
2022,400176,Excel Academy Southwest,99.0,99.0,75.0,37.0,63.0,72.0,46.0,,80.0,85.0,36.0,79.0,56.0,41.0,,61.0,30.0,22.0,81.0,65.0,87.0,75.0,73.0,95.0,,60.0,,84.0,99.0,99.0,99.0,62.0,43.0,62.0,82.0,82.0,73.0,99.0,99.0,60.0,75.0,64.0,74.0,50.0,54.0,69.0,74.0
2022,400179,Noble - Mansueto High School,61.0,91.0,74.0,59.0,64.0,46.0,55.0,44.0,39.0,38.0,61.0,43.0,42.0,82.0,61.0,3.0,48.0,33.0,39.0,65.0,35.0,59.0,88.0,54.0,65.0,39.0,,51.0,54.0,26.0,55.0,34.0,34.0,21.0,65.0,75.0,71.0,57.0,99.0,37.0,87.0,63.0,37.0,55.0,58.0,49.0,40.0
2022,400180,KIPP One Academy,50.0,60.0,44.0,55.0,58.0,48.0,43.0,82.0,51.0,52.0,42.0,50.0,37.0,64.0,,27.0,37.0,,54.0,62.0,59.0,51.0,52.0,33.0,63.0,11.0,50.0,56.0,52.0,61.0,68.0,40.0,36.0,30.0,56.0,90.0,,78.0,76.0,46.0,38.0,42.0,32.0,54.0,57.0,53.0,41.0
2022,400181,Art in Motion Charter School,19.0,63.0,68.0,37.0,44.0,24.0,35.0,20.0,23.0,16.0,47.0,34.0,15.0,61.0,24.0,1.0,27.0,1.0,16.0,50.0,27.0,47.0,66.0,39.0,47.0,27.0,,54.0,18.0,12.0,57.0,34.0,23.0,20.0,45.0,44.0,35.0,54.0,43.0,26.0,47.0,32.0,13.0,26.0,56.0,40.0,42.0
2022,400185,Catalyst Maria Charter High School,99.0,94.0,87.0,76.0,75.0,63.0,51.0,74.0,62.0,67.0,79.0,66.0,40.0,69.0,75.0,7.0,34.0,51.0,67.0,68.0,79.0,80.0,73.0,76.0,76.0,28.0,,87.0,66.0,83.0,57.0,36.0,28.0,54.0,52.0,68.0,78.0,99.0,86.0,60.0,95.0,69.0,24.0,60.0,88.0,72.0,51.0
2022,609674,Chicago Vocational Career Academy High School,61.0,99.0,86.0,58.0,63.0,38.0,56.0,56.0,50.0,47.0,74.0,47.0,30.0,80.0,46.0,33.0,28.0,37.0,46.0,54.0,50.0,51.0,77.0,66.0,43.0,39.0,,60.0,68.0,38.0,51.0,63.0,15.0,26.0,44.0,37.0,60.0,74.0,48.0,36.0,70.0,48.0,26.0,19.0,43.0,51.0,52.0
2022,609676,Paul Laurence Dunbar Career Academy High School,61.0,99.0,78.0,59.0,69.0,51.0,48.0,56.0,48.0,34.0,64.0,47.0,30.0,84.0,47.0,39.0,33.0,32.0,28.0,53.0,64.0,57.0,62.0,67.0,58.0,28.0,,60.0,83.0,69.0,58.0,60.0,15.0,26.0,42.0,43.0,60.0,64.0,44.0,37.0,58.0,45.0,23.0,36.0,47.0,41.0,42.0
2022,609678,William Jones College Preparatory High School,61.0,81.0,83.0,90.0,87.0,79.0,72.0,47.0,24.0,14.0,84.0,19.0,56.0,92.0,89.0,7.0,50.0,31.0,13.0,78.0,3.0,62.0,82.0,54.0,68.0,40.0,,16.0,25.0,85.0,25.0,84.0,43.0,26.0,67.0,84.0,78.0,55.0,99.0,74.0,81.0,73.0,37.0,84.0,65.0,19.0,7.0
2022,609679,Charles Allen Prosser Career Academy High School,50.0,88.0,71.0,55.0,58.0,54.0,50.0,59.0,58.0,45.0,73.0,51.0,32.0,74.0,56.0,1.0,40.0,26.0,41.0,56.0,56.0,54.0,46.0,65.0,44.0,25.0,,57.0,65.0,57.0,66.0,49.0,23.0,54.0,50.0,55.0,63.0,76.0,84.0,58.0,82.0,56.0,26.0,36.0,52.0,64.0,66.0
2022,609680,Walter Payton College Preparatory High School,39.0,,,,,74.0,,63.0,33.0,31.0,,19.0,,,93.0,,,,42.0,,1.0,78.0,,60.0,81.0,,,39.0,1.0,99.0,44.0,,,25.0,,,,78.0,,81.0,,,32.0,77.0,93.0,2.0,45.0
2022,609682,Ellen H Richards Career Academy High School,39.0,82.0,70.0,45.0,47.0,25.0,42.0,46.0,37.0,36.0,71.0,59.0,19.0,41.0,28.0,15.0,34.0,42.0,14.0,75.0,51.0,42.0,70.0,55.0,38.0,27.0,,56.0,67.0,33.0,49.0,39.0,28.0,30.0,65.0,69.0,69.0,78.0,87.0,38.0,88.0,53.0,50.0,42.0,32.0,80.0,5.0
2022,609691,North-Grand High School,61.0,83.0,66.0,43.0,51.0,64.0,43.0,51.0,57.0,48.0,61.0,66.0,17.0,69.0,58.0,1.0,34.0,13.0,42.0,74.0,63.0,59.0,46.0,69.0,53.0,13.0,,79.0,74.0,46.0,70.0,28.0,25.0,57.0,44.0,54.0,58.0,81.0,70.0,54.0,80.0,55.0,50.0,44.0,54.0,71.0,53.0
2022,609692,Neal F Simeon Career Academy High School,19.0,78.0,52.0,60.0,61.0,30.0,35.0,58.0,27.0,24.0,55.0,10.0,41.0,70.0,42.0,43.0,24.0,8.0,21.0,65.0,9.0,34.0,64.0,25.0,36.0,45.0,,30.0,9.0,50.0,67.0,50.0,15.0,2.0,38.0,40.0,45.0,28.0,48.0,38.0,32.0,34.0,1.0,14.0,42.0,1.0,41.0
2022,609693,George Westinghouse College Prep,91.0,72.0,63.0,60.0,70.0,72.0,50.0,77.0,60.0,49.0,56.0,60.0,33.0,83.0,86.0,5.0,29.0,9.0,62.0,68.0,59.0,71.0,60.0,69.0,63.0,19.0,,73.0,65.0,76.0,81.0,39.0,25.0,49.0,56.0,65.0,60.0,94.0,84.0,64.0,66.0,59.0,52.0,52.0,80.0,57.0,61.0
2022,609694,John Hancock College Preparatory High School,71.0,89.0,95.0,99.0,97.0,84.0,79.0,70.0,48.0,34.0,98.0,49.0,69.0,99.0,68.0,5.0,50.0,39.0,26.0,70.0,53.0,59.0,92.0,61.0,51.0,33.0,,71.0,55.0,99.0,30.0,59.0,51.0,63.0,73.0,97.0,87.0,73.0,99.0,77.0,99.0,76.0,34.0,93.0,64.0,39.0,18.0
2022,609695,Roald Amundsen High School,99.0,70.0,61.0,63.0,64.0,66.0,48.0,62.0,62.0,49.0,66.0,60.0,49.0,73.0,66.0,1.0,59.0,1.0,40.0,57.0,58.0,79.0,50.0,78.0,78.0,30.0,,71.0,62.0,68.0,63.0,34.0,45.0,61.0,55.0,77.0,60.0,86.0,99.0,59.0,74.0,61.0,56.0,69.0,82.0,56.0,74.0
2022,609698,William J Bogan High School,50.0,76.0,51.0,44.0,59.0,44.0,28.0,85.0,52.0,37.0,38.0,42.0,27.0,74.0,42.0,8.0,40.0,6.0,29.0,53.0,53.0,54.0,65.0,55.0,60.0,23.0,,51.0,73.0,52.0,57.0,46.0,19.0,36.0,36.0,45.0,53.0,72.0,64.0,42.0,51.0,41.0,27.0,27.0,46.0,38.0,29.0
2022,609704,David G Farragut Career Academy High School,19.0,84.0,51.0,32.0,42.0,39.0,19.0,37.0,34.0,30.0,36.0,31.0,19.0,41.0,39.0,1.0,41.0,29.0,10.0,50.0,24.0,27.0,53.0,36.0,20.0,17.0,,44.0,42.0,40.0,40.0,20.0,17.0,16.0,44.0,47.0,60.0,18.0,67.0,31.0,64.0,45.0,30.0,22.0,26.0,26.0,43.0
2022,609705,Christian Fenger Academy High School,61.0,89.0,66.0,49.0,62.0,52.0,37.0,54.0,56.0,55.0,44.0,46.0,21.0,67.0,59.0,25.0,25.0,5.0,40.0,59.0,56.0,47.0,75.0,69.0,36.0,12.0,,52.0,74.0,57.0,39.0,39.0,25.0,51.0,39.0,52.0,49.0,85.0,55.0,33.0,45.0,45.0,27.0,30.0,37.0,50.0,44.0
2022,609708,Edwin G. Foreman College and Career Academy,19.0,74.0,40.0,26.0,43.0,30.0,21.0,54.0,33.0,9.0,36.0,37.0,16.0,40.0,30.0,1.0,34.0,1.0,1.0,52.0,36.0,37.0,58.0,52.0,34.0,5.0,,47.0,60.0,49.0,40.0,43.0,16.0,27.0,35.0,41.0,50.0,38.0,56.0,36.0,68.0,41.0,32.0,19.0,24.0,31.0,14.0
2022,609709,Gage Park High School,50.0,90.0,70.0,53.0,66.0,57.0,33.0,39.0,40.0,37.0,59.0,35.0,15.0,64.0,41.0,1.0,34.0,30.0,23.0,64.0,48.0,40.0,63.0,31.0,43.0,28.0,,55.0,53.0,85.0,32.0,40.0,22.0,24.0,42.0,61.0,62.0,81.0,74.0,45.0,83.0,52.0,16.0,66.0,46.0,21.0,49.0
2022,609710,John M Harlan Community Academy High School,1.0,60.0,33.0,34.0,38.0,4.0,17.0,47.0,25.0,21.0,8.0,17.0,6.0,41.0,6.0,12.0,26.0,1.0,25.0,39.0,15.0,11.0,56.0,27.0,4.0,6.0,,32.0,19.0,21.0,43.0,36.0,6.0,1.0,34.0,33.0,31.0,38.0,31.0,22.0,22.0,16.0,7.0,6.0,1.0,13.0,37.0
2022,609712,Emil G Hirsch Metropolitan High School,71.0,97.0,82.0,49.0,41.0,26.0,51.0,74.0,64.0,61.0,42.0,57.0,1.0,40.0,33.0,18.0,26.0,15.0,36.0,78.0,56.0,61.0,41.0,72.0,29.0,19.0,,84.0,74.0,35.0,63.0,36.0,27.0,48.0,33.0,51.0,51.0,48.0,53.0,23.0,64.0,44.0,37.0,42.0,81.0,51.0,65.0
2022,609713,Hyde Park Academy High School,91.0,98.0,71.0,64.0,70.0,56.0,50.0,70.0,64.0,57.0,71.0,67.0,22.0,78.0,51.0,28.0,28.0,21.0,47.0,62.0,80.0,60.0,73.0,70.0,51.0,40.0,,76.0,67.0,63.0,53.0,44.0,24.0,55.0,45.0,43.0,56.0,62.0,48.0,51.0,62.0,48.0,39.0,46.0,59.0,73.0,71.0
2022,609715,Thomas Kelly College Preparatory,19.0,76.0,51.0,38.0,45.0,60.0,30.0,50.0,34.0,18.0,48.0,34.0,14.0,60.0,39.0,1.0,41.0,13.0,7.0,60.0,34.0,39.0,35.0,46.0,30.0,1.0,,42.0,47.0,45.0,32.0,32.0,20.0,36.0,43.0,56.0,58.0,41.0,79.0,44.0,68.0,46.0,23.0,42.0,42.0,36.0,20.0
2022,609716,Kelvyn Park High School,29.0,67.0,54.0,24.0,42.0,31.0,33.0,55.0,51.0,46.0,31.0,39.0,8.0,49.0,27.0,1.0,41.0,1.0,39.0,79.0,21.0,33.0,61.0,44.0,14.0,1.0,,57.0,53.0,32.0,56.0,32.0,21.0,30.0,40.0,54.0,51.0,99.0,74.0,41.0,66.0,41.0,29.0,38.0,42.0,48.0,69.0
2022,609718,John F Kennedy High School,29.0,69.0,55.0,43.0,51.0,59.0,35.0,54.0,35.0,38.0,51.0,32.0,27.0,62.0,53.0,1.0,49.0,3.0,32.0,63.0,24.0,47.0,41.0,48.0,46.0,12.0,,48.0,33.0,57.0,44.0,23.0,28.0,28.0,33.0,53.0,52.0,37.0,70.0,50.0,67.0,50.0,30.0,34.0,46.0,24.0,21.0
2022,609719,Lake View High School,50.0,79.0,69.0,44.0,62.0,58.0,53.0,63.0,42.0,37.0,68.0,33.0,31.0,73.0,51.0,1.0,52.0,16.0,33.0,71.0,34.0,44.0,79.0,43.0,41.0,22.0,,35.0,35.0,53.0,55.0,35.0,28.0,17.0,47.0,59.0,60.0,58.0,77.0,47.0,76.0,54.0,34.0,28.0,49.0,28.0,59.0
2022,609720,Albert G Lane Technical High School,81.0,77.0,64.0,76.0,73.0,78.0,52.0,62.0,52.0,42.0,67.0,48.0,53.0,91.0,82.0,7.0,58.0,16.0,34.0,66.0,43.0,66.0,52.0,64.0,65.0,37.0,,56.0,51.0,74.0,47.0,72.0,45.0,59.0,67.0,85.0,70.0,85.0,99.0,70.0,81.0,70.0,32.0,75.0,69.0,59.0,45.0
2022,609722,Manley Career Academy High School,29.0,82.0,45.0,15.0,39.0,,23.0,,,40.0,39.0,47.0,1.0,47.0,,1.0,20.0,1.0,,43.0,36.0,,55.0,,,43.0,,81.0,,,53.0,14.0,8.0,5.0,18.0,57.0,43.0,,55.0,,46.0,32.0,,,,23.0,
2022,609723,John Marshall Metropolitan High School,39.0,99.0,88.0,84.0,67.0,35.0,65.0,31.0,22.0,1.0,62.0,38.0,44.0,90.0,19.0,53.0,39.0,54.0,1.0,90.0,29.0,50.0,63.0,48.0,56.0,45.0,,58.0,44.0,29.0,7.0,52.0,31.0,13.0,75.0,61.0,74.0,53.0,43.0,35.0,89.0,53.0,37.0,31.0,46.0,29.0,22.0
2022,609724,Stephen T Mather High School,39.0,94.0,75.0,56.0,56.0,49.0,49.0,60.0,51.0,46.0,74.0,37.0,33.0,71.0,44.0,1.0,42.0,24.0,39.0,67.0,40.0,42.0,57.0,52.0,34.0,21.0,,47.0,47.0,41.0,65.0,48.0,19.0,37.0,42.0,38.0,63.0,99.0,66.0,53.0,81.0,52.0,30.0,25.0,39.0,32.0,65.0
2022,609725,Morgan Park High School,19.0,64.0,44.0,44.0,45.0,32.0,34.0,61.0,32.0,14.0,42.0,23.0,6.0,67.0,45.0,16.0,32.0,1.0,9.0,48.0,21.0,39.0,50.0,44.0,32.0,40.0,,44.0,33.0,20.0,39.0,47.0,17.0,8.0,38.0,34.0,47.0,27.0,35.0,30.0,50.0,40.0,11.0,11.0,42.0,15.0,43.0
2022,609726,Gwendolyn Brooks College Preparatory Academy HS,81.0,72.0,62.0,69.0,83.0,72.0,55.0,61.0,57.0,40.0,62.0,55.0,50.0,90.0,87.0,17.0,30.0,20.0,40.0,60.0,45.0,71.0,75.0,59.0,74.0,34.0,,66.0,64.0,97.0,43.0,57.0,38.0,67.0,64.0,80.0,75.0,38.0,99.0,64.0,70.0,68.0,49.0,66.0,80.0,60.0,54.0
2022,609727,Wendell Phillips Academy High School,10.0,89.0,52.0,66.0,55.0,38.0,37.0,21.0,7.0,1.0,47.0,4.0,20.0,69.0,21.0,30.0,31.0,7.0,1.0,56.0,1.0,15.0,74.0,30.0,13.0,28.0,,9.0,1.0,11.0,9.0,47.0,18.0,1.0,43.0,53.0,42.0,14.0,52.0,20.0,51.0,33.0,5.0,1.0,1.0,1.0,9.0
2022,609728,Theodore Roosevelt High School,81.0,84.0,76.0,46.0,60.0,56.0,38.0,67.0,61.0,48.0,61.0,60.0,25.0,65.0,50.0,1.0,39.0,19.0,51.0,61.0,55.0,58.0,59.0,68.0,52.0,6.0,,77.0,70.0,70.0,64.0,42.0,22.0,57.0,46.0,59.0,60.0,90.0,84.0,59.0,77.0,52.0,46.0,49.0,53.0,62.0,62.0
2022,609729,Carl Schurz High School,39.0,82.0,59.0,42.0,49.0,53.0,29.0,52.0,43.0,35.0,59.0,36.0,9.0,62.0,36.0,1.0,44.0,14.0,21.0,56.0,31.0,52.0,46.0,70.0,50.0,15.0,,44.0,56.0,45.0,40.0,22.0,20.0,27.0,34.0,36.0,58.0,54.0,54.0,36.0,77.0,48.0,32.0,24.0,37.0,36.0,44.0
2022,609730,Nicholas Senn High School,39.0,67.0,55.0,48.0,55.0,52.0,42.0,64.0,41.0,27.0,48.0,38.0,30.0,66.0,51.0,1.0,47.0,2.0,27.0,64.0,23.0,49.0,69.0,50.0,48.0,9.0,,49.0,47.0,35.0,55.0,28.0,28.0,39.0,50.0,57.0,57.0,99.0,76.0,43.0,68.0,51.0,30.0,39.0,48.0,48.0,29.0
2022,609732,Charles P Steinmetz College Preparatory HS,50.0,72.0,55.0,37.0,48.0,49.0,30.0,62.0,43.0,30.0,49.0,41.0,13.0,52.0,46.0,1.0,37.0,2.0,24.0,55.0,39.0,44.0,47.0,65.0,37.0,14.0,,51.0,48.0,54.0,60.0,35.0,20.0,40.0,34.0,52.0,52.0,46.0,68.0,35.0,65.0,46.0,34.0,32.0,30.0,38.0,34.0
2022,609733,Roger C Sullivan High School,29.0,89.0,79.0,49.0,53.0,55.0,54.0,44.0,32.0,26.0,69.0,33.0,54.0,59.0,36.0,7.0,48.0,29.0,13.0,66.0,29.0,50.0,61.0,60.0,44.0,38.0,,27.0,40.0,44.0,61.0,62.0,33.0,31.0,60.0,64.0,66.0,34.0,93.0,45.0,99.0,59.0,34.0,46.0,47.0,40.0,18.0
2022,609735,Edward Tilden Career Community Academy HS,50.0,99.0,73.0,55.0,68.0,52.0,46.0,52.0,52.0,44.0,50.0,46.0,24.0,61.0,38.0,1.0,45.0,37.0,48.0,76.0,50.0,34.0,87.0,37.0,32.0,1.0,,55.0,77.0,67.0,50.0,60.0,34.0,52.0,67.0,72.0,70.0,51.0,79.0,50.0,70.0,53.0,30.0,48.0,33.0,50.0,33.0
2022,609737,Friedrich W von Steuben Metropolitan Science HS,50.0,82.0,60.0,65.0,66.0,65.0,54.0,63.0,46.0,45.0,76.0,24.0,57.0,74.0,61.0,6.0,46.0,18.0,40.0,67.0,12.0,56.0,62.0,54.0,49.0,31.0,,40.0,18.0,63.0,48.0,58.0,35.0,41.0,62.0,74.0,65.0,75.0,99.0,58.0,74.0,59.0,27.0,48.0,64.0,16.0,65.0
2022,609739,George Washington High School,29.0,84.0,56.0,49.0,58.0,57.0,36.0,73.0,38.0,23.0,54.0,37.0,23.0,69.0,47.0,1.0,43.0,18.0,32.0,55.0,32.0,44.0,57.0,41.0,44.0,14.0,,53.0,43.0,58.0,51.0,26.0,25.0,31.0,41.0,52.0,59.0,94.0,73.0,59.0,72.0,51.0,23.0,34.0,48.0,39.0,18.0
2022,609740,Wells Community Academy High School,19.0,89.0,69.0,36.0,51.0,13.0,31.0,37.0,39.0,47.0,50.0,19.0,19.0,69.0,49.0,1.0,33.0,11.0,42.0,58.0,7.0,37.0,57.0,31.0,38.0,25.0,,53.0,21.0,43.0,46.0,24.0,26.0,1.0,47.0,52.0,56.0,62.0,61.0,43.0,82.0,53.0,16.0,27.0,42.0,1.0,91.0
2022,609741,Gurdon S Hubbard High School,50.0,76.0,59.0,37.0,46.0,43.0,34.0,70.0,59.0,46.0,55.0,50.0,16.0,58.0,50.0,1.0,36.0,3.0,35.0,67.0,62.0,56.0,41.0,72.0,45.0,1.0,,59.0,79.0,47.0,64.0,27.0,19.0,54.0,32.0,52.0,54.0,97.0,67.0,42.0,67.0,48.0,29.0,39.0,51.0,51.0,48.0
2022,609745,Southside Occupational Academy High School,99.0,99.0,99.0,99.0,84.0,70.0,99.0,66.0,78.0,89.0,99.0,65.0,92.0,69.0,,93.0,51.0,99.0,66.0,99.0,71.0,84.0,99.0,94.0,71.0,99.0,,91.0,79.0,70.0,85.0,99.0,80.0,75.0,99.0,99.0,99.0,99.0,99.0,76.0,99.0,93.0,49.0,69.0,86.0,50.0,80.0
2022,609746,Kenwood Academy High School,91.0,95.0,86.0,99.0,91.0,74.0,77.0,67.0,62.0,61.0,99.0,59.0,51.0,97.0,89.0,30.0,50.0,33.0,54.0,70.0,53.0,83.0,79.0,73.0,76.0,60.0,,79.0,70.0,90.0,61.0,65.0,45.0,64.0,61.0,79.0,90.0,96.0,96.0,69.0,93.0,79.0,46.0,67.0,99.0,58.0,47.0
2022,609748,Consuella B York Alternative HS,50.0,99.0,65.0,46.0,63.0,36.0,34.0,56.0,48.0,36.0,32.0,57.0,32.0,73.0,25.0,51.0,54.0,25.0,29.0,56.0,56.0,33.0,78.0,32.0,34.0,24.0,,81.0,83.0,55.0,55.0,72.0,35.0,37.0,73.0,88.0,56.0,48.0,99.0,44.0,84.0,50.0,42.0,32.0,33.0,50.0,27.0
2022,609749,Northside College Preparatory High School,71.0,90.0,79.0,77.0,91.0,,81.0,,,,86.0,,68.0,97.0,,19.0,60.0,55.0,,58.0,,,99.0,,,37.0,,,,,,99.0,67.0,,94.0,99.0,93.0,,99.0,,99.0,86.0,,,,,
2022,609750,Simpson Academy HS for Young Women,99.0,99.0,84.0,29.0,73.0,99.0,57.0,73.0,89.0,94.0,32.0,85.0,53.0,93.0,,34.0,38.0,16.0,70.0,95.0,90.0,82.0,70.0,99.0,61.0,60.0,,99.0,99.0,99.0,80.0,81.0,46.0,91.0,72.0,66.0,60.0,99.0,80.0,63.0,99.0,68.0,58.0,99.0,86.0,94.0,87.0
2022,609751,Dr  Martin Luther King Jr College Prep HS,39.0,70.0,68.0,52.0,55.0,38.0,48.0,52.0,33.0,26.0,74.0,32.0,25.0,70.0,68.0,9.0,29.0,1.0,11.0,68.0,30.0,60.0,72.0,56.0,60.0,41.0,,51.0,26.0,24.0,37.0,44.0,27.0,30.0,47.0,61.0,56.0,32.0,70.0,56.0,55.0,52.0,28.0,48.0,65.0,20.0,33.0
2022,609753,Chicago High School for Agricultural Sciences,91.0,69.0,52.0,69.0,61.0,69.0,42.0,60.0,70.0,60.0,64.0,67.0,56.0,72.0,69.0,27.0,59.0,17.0,51.0,57.0,68.0,78.0,47.0,81.0,77.0,53.0,,74.0,91.0,56.0,66.0,52.0,42.0,61.0,56.0,75.0,59.0,99.0,86.0,67.0,60.0,58.0,53.0,64.0,77.0,72.0,79.0
2022,609754,Chicago Military Academy High School,39.0,80.0,60.0,56.0,63.0,41.0,41.0,15.0,15.0,26.0,50.0,14.0,54.0,64.0,35.0,14.0,27.0,19.0,11.0,58.0,18.0,49.0,73.0,51.0,49.0,20.0,,16.0,19.0,59.0,20.0,45.0,18.0,7.0,44.0,46.0,58.0,11.0,67.0,43.0,76.0,47.0,12.0,42.0,48.0,11.0,7.0
2022,609755,Whitney M Young Magnet High School,99.0,90.0,63.0,95.0,87.0,90.0,64.0,41.0,62.0,56.0,85.0,65.0,60.0,86.0,99.0,8.0,59.0,31.0,44.0,75.0,52.0,96.0,68.0,92.0,97.0,47.0,,76.0,66.0,99.0,46.0,97.0,53.0,76.0,82.0,92.0,83.0,73.0,99.0,85.0,91.0,82.0,58.0,92.0,99.0,72.0,72.0
2022,609756,Marie Sklodowska Curie Metropolitan High School,19.0,70.0,55.0,38.0,46.0,46.0,39.0,47.0,28.0,19.0,54.0,19.0,19.0,54.0,37.0,1.0,38.0,11.0,27.0,55.0,18.0,33.0,44.0,42.0,29.0,9.0,,34.0,31.0,49.0,43.0,33.0,19.0,17.0,43.0,51.0,52.0,63.0,76.0,39.0,71.0,45.0,12.0,16.0,29.0,12.0,27.0
2022,609759,Roberto Clemente Community Academy High School,10.0,74.0,66.0,49.0,54.0,34.0,39.0,34.0,21.0,27.0,55.0,14.0,5.0,59.0,25.0,1.0,31.0,1.0,14.0,73.0,1.0,29.0,75.0,27.0,37.0,1.0,,20.0,1.0,31.0,31.0,11.0,21.0,1.0,33.0,44.0,50.0,11.0,43.0,24.0,58.0,39.0,24.0,14.0,22.0,9.0,41.0
2022,609760,George Washington Carver Military Academy HS,61.0,83.0,46.0,41.0,61.0,73.0,27.0,33.0,58.0,54.0,44.0,49.0,38.0,59.0,62.0,8.0,41.0,11.0,51.0,56.0,52.0,59.0,55.0,65.0,45.0,26.0,,63.0,86.0,90.0,57.0,36.0,30.0,49.0,52.0,68.0,50.0,68.0,79.0,54.0,46.0,47.0,45.0,73.0,67.0,36.0,67.0
2022,609761,George H Corliss High School,71.0,99.0,90.0,58.0,68.0,55.0,50.0,60.0,56.0,44.0,61.0,63.0,29.0,68.0,59.0,14.0,30.0,39.0,44.0,57.0,75.0,58.0,67.0,80.0,53.0,17.0,,81.0,65.0,79.0,43.0,45.0,19.0,47.0,46.0,58.0,67.0,89.0,57.0,45.0,58.0,51.0,34.0,43.0,40.0,60.0,65.0
2022,609762,Percy L Julian High School,71.0,99.0,68.0,69.0,75.0,48.0,53.0,61.0,71.0,63.0,63.0,58.0,60.0,87.0,59.0,53.0,32.0,34.0,51.0,57.0,71.0,59.0,76.0,79.0,45.0,60.0,,66.0,85.0,67.0,55.0,66.0,31.0,57.0,64.0,60.0,68.0,99.0,72.0,48.0,77.0,59.0,34.0,44.0,54.0,60.0,88.0
2022,609764,Benito Juarez Community Academy High School,29.0,,,,,51.0,,57.0,36.0,19.0,,33.0,,,45.0,,,,15.0,,28.0,53.0,,60.0,48.0,,,47.0,34.0,36.0,66.0,,,26.0,,,,40.0,,43.0,,,27.0,25.0,50.0,28.0,45.0
2022,609766,Jacqueline B Vaughn Occupational High School,81.0,,,,,41.0,,78.0,78.0,72.0,,73.0,,,2.0,,,,54.0,,80.0,84.0,,99.0,62.0,,,93.0,92.0,58.0,83.0,,,82.0,,,,99.0,,60.0,,,48.0,58.0,90.0,72.0,68.0
2022,609769,Ray Graham Training Center High School,81.0,99.0,99.0,99.0,87.0,61.0,84.0,43.0,55.0,51.0,99.0,46.0,99.0,94.0,3.0,55.0,65.0,76.0,54.0,53.0,43.0,72.0,99.0,72.0,80.0,99.0,,62.0,60.0,55.0,62.0,99.0,58.0,72.0,99.0,65.0,82.0,79.0,89.0,56.0,99.0,61.0,34.0,63.0,64.0,46.0,47.0
2022,609772,Jane Addams Elementary School,50.0,37.0,36.0,41.0,47.0,59.0,32.0,29.0,45.0,39.0,23.0,41.0,29.0,57.0,,1.0,49.0,,38.0,60.0,39.0,48.0,43.0,35.0,53.0,3.0,46.0,53.0,58.0,45.0,56.0,18.0,42.0,60.0,39.0,71.0,,57.0,66.0,50.0,46.0,43.0,41.0,48.0,57.0,30.0,41.0
2022,609773,Harriet Tubman Elementary School,50.0,41.0,45.0,39.0,51.0,63.0,43.0,39.0,41.0,47.0,31.0,25.0,32.0,38.0,,1.0,53.0,,44.0,71.0,7.0,66.0,60.0,54.0,70.0,39.0,59.0,55.0,21.0,68.0,49.0,31.0,59.0,21.0,55.0,74.0,,75.0,45.0,55.0,61.0,56.0,33.0,46.0,73.0,3.0,78.0
2022,609774,Louisa May Alcott College Preparatory ES,61.0,49.0,46.0,47.0,56.0,49.0,46.0,38.0,48.0,41.0,22.0,50.0,41.0,58.0,,29.0,62.0,,43.0,81.0,45.0,70.0,53.0,70.0,75.0,32.0,62.0,62.0,46.0,66.0,54.0,44.0,61.0,61.0,66.0,80.0,,31.0,63.0,78.0,43.0,53.0,46.0,57.0,65.0,48.0,53.0
2022,609777,Phillip D Armour Elementary School,91.0,67.0,50.0,62.0,70.0,75.0,44.0,92.0,84.0,77.0,51.0,70.0,35.0,67.0,,5.0,48.0,,85.0,62.0,74.0,72.0,52.0,65.0,69.0,30.0,57.0,91.0,93.0,99.0,83.0,41.0,46.0,75.0,49.0,67.0,,88.0,48.0,72.0,60.0,53.0,54.0,66.0,82.0,59.0,83.0
2022,609779,George Armstrong International Studies ES,99.0,77.0,69.0,71.0,77.0,71.0,80.0,59.0,73.0,67.0,70.0,68.0,61.0,85.0,,31.0,53.0,,69.0,82.0,71.0,68.0,81.0,68.0,61.0,37.0,70.0,75.0,82.0,72.0,84.0,68.0,55.0,74.0,70.0,92.0,,71.0,86.0,59.0,69.0,66.0,54.0,68.0,74.0,72.0,83.0
2022,609780,Marine Leadership Academy at Ames,39.0,,,,,63.0,,49.0,36.0,33.0,,36.0,,,56.0,,,,27.0,,21.0,65.0,,58.0,70.0,,,57.0,41.0,74.0,32.0,,,23.0,,,,73.0,,64.0,,,41.0,61.0,68.0,26.0,33.0
2022,609782,John J Audubon Elementary School,71.0,56.0,57.0,64.0,63.0,,64.0,,,,36.0,,47.0,61.0,,35.0,94.0,,,95.0,,,63.0,,,57.0,66.0,,,,,50.0,72.0,,66.0,90.0,,,63.0,,61.0,64.0,,,,,
2022,609783,Nancy B Jefferson Alternative HS,81.0,99.0,63.0,42.0,77.0,60.0,40.0,72.0,67.0,68.0,38.0,53.0,32.0,77.0,51.0,33.0,57.0,10.0,73.0,67.0,65.0,72.0,99.0,69.0,53.0,43.0,,69.0,90.0,89.0,99.0,48.0,37.0,51.0,62.0,70.0,48.0,85.0,80.0,80.0,71.0,52.0,34.0,57.0,93.0,45.0,53.0
2022,609786,Avalon Park Elementary School,29.0,69.0,60.0,68.0,56.0,12.0,46.0,27.0,33.0,18.0,62.0,49.0,28.0,76.0,,47.0,32.0,,32.0,42.0,59.0,18.0,68.0,41.0,1.0,34.0,49.0,53.0,52.0,10.0,25.0,36.0,23.0,22.0,28.0,51.0,,95.0,15.0,1.0,48.0,45.0,39.0,23.0,12.0,43.0,46.0
2022,609788,Alice L Barnard Computer Math & Science Ctr ES,1.0,47.0,31.0,36.0,38.0,23.0,17.0,30.0,25.0,10.0,15.0,36.0,10.0,45.0,,1.0,30.0,,9.0,37.0,33.0,26.0,50.0,39.0,26.0,1.0,43.0,46.0,29.0,22.0,17.0,15.0,19.0,19.0,3.0,49.0,,15.0,4.0,37.0,7.0,25.0,34.0,27.0,13.0,32.0,35.0
2022,609789,John Barry Elementary School,50.0,85.0,58.0,53.0,75.0,74.0,62.0,36.0,35.0,17.0,45.0,33.0,48.0,79.0,,23.0,54.0,,15.0,19.0,13.0,51.0,84.0,40.0,55.0,2.0,98.0,48.0,43.0,84.0,15.0,60.0,61.0,29.0,63.0,72.0,,66.0,70.0,67.0,79.0,74.0,40.0,50.0,58.0,29.0,51.0
2022,609790,Clara Barton Elementary School,61.0,56.0,30.0,47.0,41.0,45.0,20.0,45.0,63.0,66.0,1.0,63.0,11.0,46.0,,6.0,22.0,,59.0,45.0,69.0,51.0,38.0,66.0,39.0,15.0,50.0,66.0,77.0,32.0,68.0,13.0,6.0,63.0,20.0,23.0,,60.0,18.0,27.0,24.0,28.0,56.0,46.0,49.0,62.0,65.0
2022,609791,Perkins Bass Elementary School,50.0,80.0,68.0,65.0,72.0,51.0,64.0,67.0,55.0,50.0,28.0,52.0,21.0,84.0,,49.0,34.0,,49.0,53.0,56.0,35.0,88.0,42.0,20.0,62.0,52.0,67.0,68.0,52.0,45.0,49.0,35.0,38.0,62.0,52.0,,96.0,45.0,15.0,58.0,53.0,37.0,56.0,42.0,46.0,52.0
2022,609792,Newton Bateman Elementary School,61.0,41.0,34.0,38.0,42.0,43.0,22.0,42.0,51.0,43.0,11.0,58.0,23.0,50.0,,1.0,44.0,,47.0,50.0,60.0,62.0,39.0,64.0,58.0,3.0,49.0,78.0,66.0,42.0,53.0,15.0,50.0,53.0,36.0,66.0,,99.0,58.0,48.0,50.0,46.0,44.0,51.0,63.0,50.0,52.0
2022,609793,Lillian R. Nicholson STEM Academy,61.0,49.0,41.0,59.0,62.0,47.0,41.0,49.0,43.0,46.0,36.0,43.0,18.0,61.0,,24.0,39.0,,40.0,50.0,53.0,40.0,65.0,41.0,27.0,13.0,58.0,47.0,48.0,63.0,51.0,27.0,34.0,38.0,49.0,55.0,,60.0,39.0,13.0,40.0,43.0,26.0,39.0,52.0,45.0,32.0
2022,609794,Thomas A Edison Regional Gifted Center ES,61.0,33.0,29.0,28.0,60.0,86.0,50.0,1.0,36.0,36.0,1.0,43.0,34.0,71.0,,22.0,63.0,,12.0,35.0,40.0,79.0,54.0,52.0,86.0,26.0,70.0,48.0,42.0,88.0,32.0,52.0,78.0,48.0,58.0,99.0,,27.0,72.0,79.0,53.0,58.0,41.0,74.0,99.0,44.0,52.0
2022,609795,George Rogers Clark Elementary School,99.0,92.0,80.0,88.0,87.0,51.0,76.0,74.0,70.0,80.0,77.0,67.0,76.0,94.0,,45.0,71.0,,99.0,80.0,65.0,86.0,82.0,73.0,95.0,67.0,89.0,94.0,78.0,83.0,83.0,59.0,53.0,37.0,89.0,83.0,,99.0,72.0,72.0,70.0,73.0,68.0,56.0,91.0,39.0,79.0
2022,609796,Jean Baptiste Beaubien Elementary School,99.0,69.0,69.0,75.0,71.0,69.0,71.0,56.0,70.0,61.0,66.0,68.0,71.0,60.0,,28.0,80.0,,51.0,78.0,72.0,90.0,57.0,78.0,93.0,41.0,72.0,75.0,87.0,91.0,70.0,72.0,70.0,75.0,86.0,94.0,,99.0,87.0,94.0,73.0,71.0,54.0,60.0,99.0,69.0,73.0
2022,609797,Jacob Beidler Elementary School,29.0,36.0,48.0,55.0,80.0,73.0,40.0,36.0,27.0,8.0,35.0,27.0,12.0,99.0,,12.0,28.0,,1.0,86.0,20.0,50.0,86.0,43.0,58.0,38.0,13.0,28.0,48.0,78.0,22.0,1.0,32.0,28.0,39.0,63.0,,58.0,26.0,26.0,26.0,30.0,35.0,37.0,48.0,23.0,13.0
2022,609798,Hiram H Belding Elementary School,81.0,64.0,60.0,53.0,54.0,66.0,65.0,43.0,57.0,52.0,59.0,63.0,71.0,51.0,,45.0,85.0,,51.0,73.0,56.0,78.0,64.0,75.0,68.0,65.0,68.0,84.0,60.0,46.0,45.0,71.0,69.0,60.0,72.0,90.0,,99.0,74.0,65.0,73.0,68.0,49.0,50.0,90.0,61.0,71.0
2022,609799,Alexander Graham Bell Elementary School,39.0,34.0,33.0,43.0,51.0,48.0,44.0,1.0,24.0,17.0,11.0,35.0,31.0,60.0,,17.0,84.0,,7.0,55.0,31.0,68.0,55.0,61.0,73.0,48.0,67.0,23.0,24.0,46.0,15.0,57.0,69.0,38.0,71.0,99.0,,26.0,72.0,67.0,59.0,57.0,38.0,40.0,71.0,46.0,42.0
2022,609803,James G Blaine Elementary School,29.0,46.0,24.0,51.0,54.0,70.0,42.0,17.0,22.0,1.0,27.0,39.0,35.0,34.0,,32.0,72.0,,1.0,42.0,28.0,52.0,68.0,53.0,61.0,49.0,58.0,49.0,26.0,61.0,12.0,62.0,63.0,46.0,50.0,79.0,,2.0,55.0,64.0,57.0,51.0,36.0,53.0,43.0,43.0,22.0
2022,609804,Daniel Boone Elementary School,71.0,66.0,65.0,57.0,74.0,69.0,68.0,56.0,52.0,36.0,43.0,48.0,46.0,74.0,,15.0,52.0,,38.0,76.0,45.0,54.0,74.0,52.0,52.0,30.0,66.0,49.0,55.0,89.0,61.0,54.0,44.0,55.0,54.0,65.0,,70.0,71.0,51.0,72.0,62.0,43.0,45.0,57.0,53.0,59.0
2022,609805,Scott Joplin Elementary School,29.0,61.0,36.0,59.0,60.0,64.0,35.0,36.0,40.0,43.0,9.0,39.0,29.0,60.0,,21.0,31.0,,20.0,25.0,30.0,31.0,59.0,27.0,30.0,17.0,61.0,47.0,42.0,63.0,26.0,35.0,26.0,28.0,34.0,47.0,,53.0,48.0,26.0,31.0,39.0,36.0,27.0,36.0,43.0,49.0
2022,609806,Myra Bradwell Communications Arts & Sciences ES,50.0,61.0,49.0,58.0,52.0,25.0,31.0,61.0,43.0,30.0,29.0,55.0,22.0,52.0,,37.0,23.0,,33.0,35.0,53.0,41.0,55.0,65.0,20.0,36.0,56.0,66.0,60.0,44.0,60.0,30.0,21.0,22.0,41.0,33.0,,91.0,23.0,23.0,34.0,40.0,43.0,15.0,37.0,57.0,40.0
2022,609807,Lionel Hampton Fine & Performing Arts ES,1.0,40.0,19.0,28.0,35.0,39.0,6.0,1.0,21.0,15.0,1.0,33.0,1.0,51.0,,1.0,43.0,,15.0,53.0,16.0,31.0,26.0,31.0,22.0,1.0,47.0,41.0,37.0,33.0,1.0,7.0,26.0,21.0,8.0,28.0,,13.0,24.0,23.0,31.0,31.0,36.0,23.0,40.0,39.0,29.0
2022,609808,Alex Haley Elementary Academy,71.0,77.0,65.0,79.0,68.0,70.0,57.0,67.0,63.0,53.0,62.0,55.0,33.0,64.0,,41.0,26.0,,61.0,63.0,57.0,57.0,68.0,66.0,43.0,29.0,55.0,63.0,72.0,60.0,63.0,31.0,31.0,55.0,55.0,44.0,,83.0,33.0,25.0,48.0,50.0,37.0,52.0,61.0,62.0,67.0
2022,609809,Lorenz Brentano Math & Science Academy ES,61.0,77.0,52.0,62.0,61.0,,44.0,,,,23.0,,36.0,46.0,,18.0,73.0,,,91.0,,,74.0,,,65.0,56.0,,,,,54.0,44.0,,65.0,78.0,,,65.0,,80.0,58.0,,,,,
2022,609810,Norman A Bridge Elementary School,29.0,33.0,30.0,31.0,56.0,58.0,33.0,20.0,22.0,12.0,14.0,27.0,28.0,70.0,,1.0,47.0,,5.0,58.0,18.0,40.0,64.0,39.0,41.0,14.0,56.0,36.0,25.0,60.0,30.0,28.0,39.0,33.0,31.0,61.0,,12.0,61.0,53.0,45.0,43.0,32.0,48.0,41.0,23.0,22.0
2022,609811,Orville T Bright Elementary School,29.0,,,,,60.0,,32.0,34.0,32.0,,33.0,,,,,,,56.0,,32.0,54.0,,45.0,57.0,,,49.0,28.0,52.0,34.0,,,16.0,,,,73.0,,46.0,,,30.0,35.0,59.0,20.0,60.0
2022,609812,William H Brown Elementary School,29.0,80.0,59.0,87.0,75.0,18.0,50.0,4.0,9.0,12.0,59.0,18.0,31.0,75.0,,37.0,43.0,,1.0,65.0,13.0,34.0,83.0,36.0,43.0,19.0,87.0,28.0,17.0,54.0,18.0,41.0,45.0,1.0,65.0,58.0,,37.0,44.0,19.0,38.0,57.0,24.0,39.0,24.0,7.0,13.0
2022,609813,Charles S Brownell Elementary School,29.0,,,,,49.0,,22.0,23.0,13.0,,22.0,,,,,,,12.0,,19.0,42.0,,30.0,42.0,,,24.0,24.0,78.0,1.0,,,2.0,,,,45.0,,41.0,,,24.0,62.0,54.0,21.0,53.0
2022,609815,Edward A Bouchet Math & Science Academy ES,99.0,99.0,82.0,97.0,83.0,49.0,82.0,64.0,67.0,60.0,67.0,61.0,50.0,99.0,,54.0,36.0,,74.0,54.0,66.0,68.0,92.0,66.0,57.0,57.0,85.0,71.0,83.0,44.0,70.0,55.0,48.0,60.0,70.0,76.0,,99.0,64.0,30.0,61.0,69.0,43.0,56.0,80.0,65.0,68.0
2022,609817,Lyman A Budlong Elementary School,61.0,62.0,63.0,56.0,64.0,56.0,66.0,38.0,38.0,32.0,44.0,35.0,41.0,67.0,,19.0,55.0,,27.0,52.0,30.0,60.0,74.0,43.0,64.0,29.0,72.0,48.0,43.0,60.0,25.0,45.0,55.0,33.0,56.0,75.0,,49.0,72.0,53.0,76.0,67.0,38.0,45.0,73.0,23.0,46.0
2022,609818,Luther Burbank Elementary School,99.0,80.0,65.0,65.0,76.0,48.0,64.0,59.0,73.0,65.0,47.0,67.0,38.0,78.0,,18.0,57.0,,71.0,58.0,68.0,74.0,89.0,72.0,71.0,28.0,83.0,81.0,96.0,70.0,57.0,50.0,56.0,68.0,52.0,69.0,,99.0,73.0,72.0,62.0,67.0,52.0,52.0,80.0,66.0,79.0
2022,609819,Edmond Burke Elementary School,1.0,63.0,36.0,38.0,31.0,1.0,27.0,27.0,29.0,13.0,25.0,39.0,50.0,40.0,,46.0,30.0,,14.0,55.0,32.0,32.0,43.0,45.0,28.0,29.0,46.0,57.0,49.0,3.0,51.0,4.0,14.0,14.0,44.0,43.0,,54.0,30.0,1.0,14.0,28.0,33.0,6.0,22.0,32.0,40.0
2022,609820,Augustus H Burley Elementary School,81.0,43.0,29.0,53.0,70.0,62.0,51.0,56.0,48.0,43.0,1.0,52.0,57.0,75.0,,36.0,84.0,,61.0,55.0,36.0,72.0,84.0,56.0,78.0,57.0,70.0,78.0,54.0,67.0,56.0,73.0,79.0,41.0,75.0,99.0,,99.0,67.0,73.0,66.0,61.0,58.0,62.0,82.0,35.0,45.0
2022,609821,Burnham Elementary Inclusive Academy,50.0,56.0,54.0,61.0,57.0,,36.0,,,,33.0,,22.0,51.0,,15.0,37.0,,,53.0,,,58.0,,,11.0,41.0,,,,,20.0,39.0,,47.0,49.0,,,42.0,,40.0,44.0,,,,,
2022,609827,Burnside Elementary Scholastic Academy,50.0,60.0,46.0,77.0,59.0,62.0,57.0,52.0,59.0,50.0,58.0,58.0,29.0,69.0,,44.0,39.0,,33.0,65.0,62.0,42.0,59.0,58.0,22.0,64.0,55.0,51.0,74.0,32.0,43.0,50.0,47.0,62.0,64.0,75.0,,80.0,45.0,27.0,52.0,50.0,47.0,52.0,47.0,70.0,57.0
2022,609828,Jonathan Burr Elementary School,81.0,57.0,53.0,63.0,59.0,58.0,44.0,74.0,71.0,55.0,46.0,61.0,25.0,61.0,,9.0,63.0,,72.0,69.0,67.0,76.0,54.0,71.0,69.0,47.0,53.0,66.0,79.0,56.0,86.0,42.0,66.0,65.0,55.0,99.0,,99.0,61.0,58.0,58.0,58.0,58.0,63.0,89.0,53.0,80.0
2022,609829,John C Burroughs Elementary School,61.0,61.0,54.0,62.0,64.0,64.0,61.0,55.0,52.0,37.0,58.0,56.0,48.0,74.0,,9.0,53.0,,53.0,69.0,45.0,51.0,66.0,50.0,51.0,20.0,65.0,63.0,51.0,55.0,37.0,26.0,46.0,58.0,65.0,75.0,,60.0,79.0,34.0,56.0,55.0,47.0,68.0,53.0,69.0,61.0
2022,609830,Milton Brunson Math & Science Specialty ES,39.0,63.0,36.0,48.0,45.0,31.0,16.0,50.0,54.0,49.0,1.0,54.0,2.0,50.0,,1.0,35.0,,55.0,39.0,62.0,58.0,37.0,60.0,42.0,3.0,45.0,54.0,68.0,43.0,56.0,29.0,25.0,51.0,19.0,39.0,,76.0,39.0,28.0,31.0,34.0,39.0,41.0,72.0,59.0,54.0
2022,609832,Michael M Byrne Elementary School,50.0,50.0,41.0,43.0,54.0,56.0,45.0,18.0,48.0,50.0,24.0,46.0,39.0,54.0,,21.0,59.0,,50.0,56.0,46.0,59.0,59.0,53.0,56.0,23.0,53.0,61.0,59.0,59.0,38.0,30.0,54.0,55.0,44.0,74.0,,62.0,59.0,57.0,50.0,50.0,46.0,53.0,67.0,32.0,60.0
2022,609833,Charles P Caldwell Academy of Math & Science ES,91.0,43.0,48.0,55.0,85.0,76.0,40.0,41.0,64.0,73.0,50.0,70.0,76.0,99.0,,46.0,62.0,,77.0,76.0,68.0,62.0,99.0,52.0,61.0,38.0,46.0,85.0,78.0,85.0,44.0,41.0,42.0,65.0,94.0,87.0,,94.0,67.0,44.0,31.0,42.0,56.0,67.0,72.0,69.0,65.0
2022,609834,Little Village Elementary School,50.0,56.0,47.0,32.0,40.0,69.0,34.0,42.0,46.0,37.0,23.0,51.0,33.0,51.0,,1.0,46.0,,43.0,72.0,46.0,44.0,35.0,49.0,40.0,1.0,59.0,51.0,47.0,43.0,38.0,23.0,40.0,58.0,55.0,70.0,,54.0,73.0,48.0,63.0,52.0,43.0,64.0,43.0,63.0,46.0
2022,609835,Daniel R Cameron Elementary School,61.0,56.0,60.0,51.0,61.0,66.0,51.0,50.0,58.0,56.0,35.0,55.0,13.0,74.0,,3.0,34.0,,56.0,68.0,50.0,51.0,70.0,65.0,37.0,1.0,45.0,58.0,60.0,49.0,61.0,19.0,40.0,46.0,45.0,61.0,,99.0,35.0,32.0,58.0,51.0,51.0,46.0,51.0,62.0,77.0
2022,609836,Arthur E Canty Elementary School,50.0,53.0,39.0,53.0,57.0,63.0,43.0,29.0,51.0,50.0,26.0,59.0,34.0,54.0,,6.0,65.0,,49.0,44.0,61.0,59.0,44.0,58.0,54.0,13.0,55.0,66.0,70.0,75.0,52.0,38.0,59.0,61.0,44.0,82.0,,73.0,62.0,80.0,59.0,53.0,51.0,60.0,64.0,59.0,44.0
2022,609837,Andrew Carnegie Elementary School,61.0,38.0,41.0,59.0,49.0,35.0,40.0,57.0,49.0,39.0,21.0,61.0,8.0,48.0,,1.0,41.0,,40.0,44.0,60.0,53.0,47.0,50.0,58.0,40.0,45.0,77.0,68.0,42.0,51.0,33.0,39.0,49.0,22.0,68.0,,76.0,41.0,32.0,39.0,41.0,57.0,42.0,52.0,51.0,33.0
2022,609839,Carroll-Rosenwald Specialty Elementary School,39.0,82.0,77.0,99.0,85.0,71.0,80.0,35.0,28.0,24.0,91.0,27.0,48.0,93.0,,27.0,57.0,,19.0,47.0,28.0,38.0,83.0,27.0,34.0,60.0,68.0,35.0,40.0,66.0,24.0,56.0,74.0,11.0,79.0,99.0,,54.0,74.0,43.0,46.0,66.0,22.0,54.0,53.0,24.0,29.0
2022,609842,Rachel Carson Elementary School,50.0,37.0,28.0,20.0,46.0,27.0,12.0,57.0,46.0,41.0,1.0,43.0,12.0,55.0,,1.0,31.0,,58.0,49.0,55.0,68.0,43.0,50.0,77.0,1.0,43.0,46.0,56.0,65.0,59.0,16.0,29.0,21.0,26.0,55.0,,63.0,56.0,48.0,32.0,33.0,37.0,52.0,78.0,34.0,54.0
2022,609844,William W Carter Elementary School,39.0,69.0,63.0,67.0,63.0,39.0,36.0,9.0,34.0,24.0,28.0,53.0,30.0,65.0,,25.0,30.0,,46.0,44.0,54.0,39.0,68.0,48.0,37.0,18.0,51.0,76.0,54.0,51.0,24.0,32.0,38.0,24.0,47.0,46.0,,48.0,38.0,26.0,35.0,47.0,45.0,38.0,33.0,37.0,58.0
2022,609845,George Washington Carver Primary School,29.0,67.0,52.0,60.0,65.0,28.0,42.0,10.0,36.0,34.0,39.0,57.0,29.0,65.0,,31.0,25.0,,21.0,34.0,66.0,32.0,67.0,51.0,5.0,26.0,42.0,56.0,65.0,66.0,39.0,34.0,16.0,35.0,17.0,26.0,,77.0,13.0,15.0,34.0,36.0,34.0,37.0,39.0,71.0,37.0
2022,609848,Ira F Aldridge Elementary School,71.0,63.0,62.0,60.0,65.0,41.0,55.0,94.0,63.0,52.0,28.0,66.0,38.0,78.0,,30.0,34.0,,97.0,70.0,74.0,38.0,73.0,59.0,22.0,1.0,39.0,76.0,71.0,49.0,45.0,6.0,34.0,51.0,69.0,57.0,,98.0,50.0,6.0,47.0,46.0,44.0,36.0,32.0,71.0,47.0
2022,609849,George F Cassell Elementary School,71.0,63.0,72.0,68.0,80.0,,74.0,,,,78.0,,64.0,99.0,,39.0,91.0,,,93.0,,,73.0,,,71.0,87.0,,,,,36.0,89.0,,94.0,99.0,,,91.0,,74.0,81.0,,,,,
2022,609850,Horace Greeley Elementary School,61.0,,,,,61.0,,51.0,53.0,51.0,,43.0,,,,,,,40.0,,44.0,71.0,,48.0,67.0,,,45.0,49.0,61.0,52.0,,,51.0,,,,78.0,,84.0,,,54.0,56.0,99.0,29.0,64.0
2022,609851,Thomas Chalmers Specialty Elementary School,39.0,79.0,69.0,62.0,60.0,22.0,53.0,9.0,25.0,26.0,50.0,25.0,42.0,74.0,,45.0,42.0,,10.0,40.0,37.0,24.0,72.0,17.0,22.0,48.0,94.0,33.0,41.0,30.0,15.0,49.0,36.0,8.0,55.0,59.0,,43.0,54.0,1.0,53.0,63.0,8.0,28.0,33.0,22.0,42.0
2022,609852,Eliza Chappell Elementary School,81.0,46.0,46.0,47.0,60.0,74.0,46.0,60.0,61.0,54.0,38.0,53.0,24.0,57.0,,9.0,59.0,,65.0,45.0,60.0,76.0,53.0,70.0,77.0,23.0,59.0,76.0,60.0,81.0,58.0,27.0,51.0,54.0,44.0,65.0,,57.0,62.0,75.0,61.0,54.0,40.0,70.0,82.0,34.0,78.0
2022,609853,Salmon P Chase Elementary School,29.0,61.0,47.0,33.0,52.0,64.0,43.0,17.0,33.0,24.0,11.0,39.0,23.0,70.0,,1.0,57.0,,34.0,68.0,27.0,48.0,54.0,44.0,44.0,1.0,60.0,44.0,42.0,51.0,23.0,27.0,57.0,43.0,64.0,77.0,,51.0,80.0,47.0,67.0,58.0,46.0,64.0,56.0,40.0,40.0
2022,609854,Frederic Chopin Elementary School,19.0,43.0,32.0,26.0,41.0,34.0,18.0,37.0,37.0,24.0,14.0,44.0,1.0,55.0,,1.0,38.0,,13.0,17.0,32.0,32.0,45.0,37.0,32.0,1.0,44.0,52.0,45.0,37.0,34.0,5.0,37.0,39.0,20.0,57.0,,57.0,29.0,15.0,39.0,38.0,43.0,30.0,26.0,49.0,40.0
2022,609855,Walter S Christopher Elementary School,19.0,49.0,36.0,45.0,46.0,63.0,17.0,34.0,27.0,7.0,32.0,36.0,44.0,70.0,,1.0,40.0,,2.0,15.0,33.0,39.0,60.0,43.0,37.0,42.0,54.0,41.0,32.0,10.0,17.0,37.0,43.0,33.0,50.0,71.0,,56.0,65.0,29.0,50.0,46.0,36.0,56.0,37.0,32.0,31.0
2022,609856,Henry Clay Elementary School,29.0,40.0,19.0,32.0,36.0,,5.0,,,,14.0,,8.0,45.0,,1.0,34.0,,,45.0,,,31.0,,,1.0,31.0,,,,,15.0,24.0,,7.0,33.0,,,23.0,,22.0,24.0,,,,,
2022,609857,Grover Cleveland Elementary School,81.0,51.0,56.0,48.0,57.0,86.0,47.0,43.0,56.0,53.0,54.0,62.0,46.0,53.0,,12.0,65.0,,50.0,26.0,59.0,67.0,47.0,65.0,69.0,5.0,59.0,68.0,71.0,79.0,41.0,36.0,56.0,56.0,68.0,84.0,,69.0,79.0,62.0,71.0,61.0,52.0,69.0,67.0,68.0,58.0
2022,609859,DeWitt Clinton Elementary School,99.0,76.0,74.0,76.0,74.0,71.0,78.0,47.0,65.0,54.0,60.0,62.0,44.0,88.0,,1.0,56.0,,50.0,73.0,59.0,64.0,65.0,57.0,53.0,13.0,73.0,73.0,89.0,66.0,70.0,43.0,52.0,69.0,63.0,77.0,,86.0,74.0,62.0,70.0,67.0,53.0,63.0,83.0,61.0,65.0
2022,609861,Henry R Clissold Elementary School,71.0,,,,,57.0,,70.0,62.0,56.0,,58.0,,,,,,,72.0,,58.0,79.0,,76.0,76.0,,,70.0,60.0,79.0,68.0,,,48.0,,,,87.0,,62.0,,,47.0,41.0,85.0,56.0,74.0
2022,609862,Edward Coles Elementary Language Academy,39.0,46.0,32.0,42.0,44.0,,20.0,,,,1.0,,9.0,39.0,,15.0,24.0,,,40.0,,,50.0,,,1.0,41.0,,,,,5.0,15.0,,10.0,27.0,,,12.0,,31.0,30.0,,,,,
2022,609863,Christopher Columbus Elementary School,71.0,70.0,51.0,58.0,66.0,73.0,45.0,57.0,55.0,54.0,56.0,43.0,60.0,61.0,,14.0,65.0,,76.0,22.0,36.0,84.0,52.0,63.0,91.0,38.0,64.0,60.0,55.0,92.0,42.0,40.0,62.0,44.0,59.0,87.0,,62.0,67.0,65.0,55.0,58.0,46.0,64.0,97.0,28.0,67.0
2022,609864,John W Cook Elementary School,19.0,63.0,47.0,55.0,50.0,65.0,22.0,24.0,16.0,21.0,24.0,13.0,8.0,40.0,,15.0,20.0,,25.0,37.0,1.0,18.0,46.0,11.0,13.0,31.0,70.0,22.0,9.0,60.0,4.0,29.0,28.0,1.0,33.0,51.0,,21.0,37.0,23.0,50.0,49.0,27.0,39.0,30.0,1.0,27.0
2022,609865,Jordan Elementary Community School,39.0,72.0,55.0,49.0,59.0,62.0,66.0,27.0,35.0,35.0,46.0,36.0,47.0,72.0,,26.0,59.0,,27.0,56.0,29.0,50.0,73.0,47.0,48.0,44.0,78.0,40.0,42.0,43.0,40.0,65.0,54.0,34.0,58.0,86.0,,67.0,68.0,53.0,67.0,64.0,41.0,49.0,54.0,33.0,36.0
2022,609866,John C Coonley Elementary School,29.0,30.0,28.0,36.0,50.0,56.0,36.0,23.0,35.0,32.0,1.0,26.0,38.0,52.0,,26.0,88.0,,30.0,46.0,9.0,55.0,56.0,47.0,74.0,46.0,59.0,37.0,22.0,54.0,34.0,41.0,67.0,32.0,57.0,93.0,,36.0,60.0,67.0,58.0,53.0,41.0,39.0,43.0,18.0,64.0
2022,609867,Peter Cooper Elementary Dual Language Academy,19.0,43.0,41.0,33.0,40.0,57.0,26.0,1.0,27.0,23.0,5.0,39.0,3.0,39.0,,1.0,36.0,,39.0,29.0,33.0,39.0,32.0,28.0,35.0,1.0,53.0,63.0,40.0,57.0,1.0,16.0,45.0,23.0,21.0,60.0,,64.0,53.0,34.0,52.0,48.0,30.0,36.0,53.0,31.0,50.0
2022,609869,Anna R. Langford Community Academy,71.0,78.0,45.0,67.0,68.0,39.0,41.0,65.0,53.0,39.0,44.0,66.0,11.0,71.0,,38.0,27.0,,64.0,55.0,66.0,51.0,70.0,58.0,47.0,53.0,58.0,73.0,76.0,64.0,48.0,40.0,36.0,33.0,59.0,41.0,,78.0,12.0,56.0,43.0,46.0,51.0,51.0,49.0,75.0,50.0
2022,609870,Daniel J Corkery Elementary School,50.0,51.0,58.0,37.0,40.0,,42.0,,,,46.0,,36.0,45.0,,1.0,35.0,,,46.0,,,39.0,,,18.0,45.0,,,,,12.0,36.0,,48.0,62.0,,,56.0,,59.0,50.0,,,,,
2022,609871,Barbara Vick Early Childhood & Family Center,71.0,,,,,,,20.0,45.0,32.0,,62.0,,,,,,,40.0,,60.0,71.0,,62.0,81.0,,,66.0,65.0,,24.0,,,64.0,,,,55.0,,,,,63.0,87.0,69.0,57.0,45.0
2022,609872,Manuel Perez Elementary School,61.0,63.0,64.0,47.0,63.0,70.0,62.0,70.0,50.0,58.0,66.0,36.0,64.0,78.0,,31.0,75.0,,55.0,54.0,34.0,57.0,67.0,34.0,70.0,29.0,69.0,36.0,33.0,59.0,45.0,53.0,73.0,37.0,79.0,92.0,,60.0,84.0,48.0,73.0,70.0,45.0,83.0,67.0,30.0,51.0
2022,609873,Crown Community Academy of Fine Arts Center ES,10.0,54.0,44.0,68.0,54.0,24.0,27.0,1.0,7.0,10.0,30.0,20.0,6.0,54.0,,16.0,39.0,,9.0,80.0,23.0,35.0,77.0,16.0,46.0,39.0,38.0,31.0,19.0,16.0,1.0,18.0,31.0,1.0,51.0,35.0,,55.0,20.0,38.0,44.0,39.0,20.0,40.0,44.0,5.0,2.0
2022,609874,Everett McKinley Dirksen Elementary School,71.0,60.0,46.0,46.0,65.0,51.0,43.0,47.0,46.0,37.0,36.0,51.0,52.0,62.0,,23.0,56.0,,40.0,70.0,42.0,62.0,60.0,63.0,64.0,35.0,71.0,70.0,59.0,92.0,34.0,62.0,49.0,53.0,47.0,84.0,,58.0,71.0,58.0,56.0,56.0,42.0,49.0,59.0,48.0,35.0
2022,609875,Charles R Darwin Elementary School,50.0,44.0,36.0,30.0,41.0,,22.0,,,,18.0,,11.0,46.0,,1.0,51.0,,,48.0,,,47.0,,,1.0,54.0,,,,,26.0,40.0,,12.0,63.0,,,44.0,,46.0,44.0,,,,,
2022,609876,Nathan S Davis Elementary School,19.0,52.0,45.0,24.0,38.0,41.0,25.0,22.0,37.0,24.0,1.0,38.0,13.0,42.0,,1.0,41.0,,12.0,42.0,31.0,48.0,54.0,49.0,48.0,1.0,53.0,40.0,59.0,32.0,30.0,15.0,26.0,41.0,28.0,56.0,,68.0,57.0,23.0,47.0,43.0,41.0,49.0,46.0,38.0,39.0
2022,609879,Charles Gates Dawes Elementary School,81.0,47.0,34.0,38.0,57.0,76.0,31.0,65.0,72.0,65.0,23.0,65.0,33.0,57.0,,3.0,52.0,,76.0,31.0,65.0,65.0,50.0,66.0,63.0,8.0,63.0,76.0,85.0,84.0,76.0,35.0,45.0,70.0,41.0,64.0,,84.0,67.0,61.0,51.0,48.0,51.0,51.0,67.0,66.0,77.0
2022,609880,Stephen Decatur Classical Elementary School,99.0,49.0,48.0,68.0,83.0,82.0,78.0,76.0,86.0,82.0,44.0,85.0,46.0,67.0,,17.0,79.0,,99.0,87.0,88.0,92.0,99.0,79.0,99.0,35.0,70.0,99.0,99.0,99.0,99.0,61.0,99.0,75.0,97.0,99.0,,99.0,94.0,99.0,70.0,72.0,72.0,65.0,99.0,79.0,99.0
2022,609883,Charles S Deneen Elementary School,91.0,63.0,47.0,55.0,73.0,43.0,47.0,94.0,75.0,63.0,20.0,67.0,30.0,93.0,,41.0,28.0,,77.0,21.0,78.0,60.0,70.0,61.0,60.0,19.0,50.0,73.0,96.0,74.0,72.0,40.0,37.0,57.0,50.0,46.0,,99.0,34.0,50.0,48.0,46.0,47.0,49.0,59.0,69.0,64.0
2022,609884,William E Dever Elementary School,50.0,48.0,36.0,54.0,52.0,66.0,34.0,32.0,50.0,35.0,29.0,57.0,23.0,46.0,,1.0,46.0,,28.0,69.0,48.0,52.0,49.0,44.0,60.0,1.0,61.0,45.0,67.0,58.0,53.0,31.0,33.0,59.0,28.0,48.0,,93.0,47.0,55.0,42.0,43.0,58.0,35.0,51.0,78.0,56.0
2022,609885,Dewey Elementary Academy of Fine Arts,1.0,54.0,41.0,40.0,38.0,31.0,19.0,39.0,16.0,22.0,35.0,11.0,1.0,50.0,,19.0,39.0,,1.0,41.0,6.0,28.0,59.0,10.0,37.0,43.0,54.0,14.0,1.0,1.0,3.0,2.0,32.0,4.0,30.0,47.0,,73.0,53.0,1.0,30.0,39.0,24.0,11.0,37.0,1.0,16.0
2022,609887,Arthur Dixon Elementary School,91.0,65.0,54.0,70.0,78.0,76.0,55.0,56.0,72.0,79.0,60.0,73.0,41.0,64.0,,34.0,49.0,,85.0,63.0,72.0,77.0,84.0,73.0,72.0,55.0,52.0,90.0,99.0,93.0,86.0,40.0,42.0,67.0,59.0,68.0,,99.0,54.0,68.0,30.0,45.0,59.0,48.0,87.0,70.0,59.0
2022,609891,James R Doolittle Jr Elementary School,61.0,73.0,48.0,60.0,63.0,32.0,14.0,86.0,58.0,48.0,1.0,45.0,39.0,73.0,,41.0,31.0,,18.0,35.0,40.0,53.0,55.0,59.0,37.0,27.0,51.0,49.0,80.0,65.0,56.0,29.0,37.0,35.0,50.0,56.0,,68.0,34.0,61.0,37.0,43.0,47.0,30.0,63.0,42.0,41.0
2022,609893,John C Dore Elementary School,29.0,48.0,34.0,45.0,53.0,52.0,29.0,32.0,39.0,38.0,10.0,34.0,26.0,55.0,,17.0,47.0,,37.0,40.0,33.0,59.0,40.0,54.0,60.0,17.0,59.0,41.0,38.0,70.0,37.0,28.0,42.0,37.0,21.0,61.0,,62.0,55.0,63.0,35.0,43.0,40.0,35.0,63.0,23.0,50.0
2022,609894,John B Drake Elementary School,99.0,99.0,99.0,95.0,81.0,51.0,94.0,48.0,73.0,76.0,99.0,74.0,68.0,99.0,,50.0,24.0,,85.0,25.0,78.0,64.0,85.0,79.0,41.0,87.0,76.0,84.0,93.0,44.0,61.0,71.0,45.0,70.0,99.0,59.0,,99.0,64.0,25.0,75.0,74.0,53.0,50.0,73.0,82.0,76.0
2022,609895,Turner-Drew Elementary Language Academy,91.0,52.0,77.0,84.0,72.0,97.0,56.0,96.0,88.0,87.0,59.0,77.0,41.0,60.0,,14.0,33.0,,99.0,40.0,81.0,83.0,52.0,77.0,93.0,42.0,60.0,94.0,89.0,92.0,76.0,47.0,44.0,77.0,49.0,75.0,,95.0,48.0,80.0,56.0,59.0,59.0,72.0,80.0,73.0,92.0
2022,609896,Thomas Drummond Elementary School,99.0,47.0,67.0,62.0,64.0,50.0,54.0,66.0,83.0,77.0,49.0,86.0,53.0,60.0,,4.0,83.0,,72.0,43.0,88.0,93.0,54.0,87.0,93.0,58.0,68.0,95.0,93.0,81.0,82.0,43.0,75.0,80.0,89.0,99.0,,83.0,84.0,80.0,77.0,72.0,68.0,59.0,99.0,93.0,97.0
2022,609897,Charles W Earle Elementary School,50.0,45.0,39.0,45.0,56.0,11.0,15.0,51.0,53.0,34.0,17.0,45.0,10.0,61.0,,29.0,48.0,,27.0,54.0,52.0,49.0,50.0,49.0,34.0,5.0,63.0,70.0,92.0,67.0,59.0,4.0,35.0,31.0,32.0,53.0,,91.0,31.0,31.0,36.0,43.0,34.0,15.0,65.0,25.0,56.0
2022,609898,John F Eberhart Elementary School,39.0,,,,,65.0,,27.0,39.0,32.0,,45.0,,,,,,,29.0,,43.0,52.0,,50.0,48.0,,,52.0,53.0,65.0,13.0,,,47.0,,,,77.0,,57.0,,,37.0,45.0,59.0,47.0,34.0
2022,609899,Christian Ebinger Elementary School,71.0,55.0,45.0,65.0,60.0,,64.0,,,,53.0,,56.0,51.0,,38.0,79.0,,,75.0,,,64.0,,,37.0,60.0,,,,,69.0,71.0,,49.0,77.0,,,61.0,,70.0,62.0,,,,,
2022,609900,George W Curtis Elementary School,50.0,77.0,71.0,82.0,77.0,4.0,53.0,46.0,53.0,33.0,87.0,55.0,38.0,78.0,,41.0,29.0,,41.0,36.0,59.0,35.0,86.0,46.0,23.0,42.0,58.0,75.0,91.0,62.0,57.0,37.0,22.0,44.0,45.0,30.0,,84.0,29.0,22.0,45.0,49.0,33.0,24.0,35.0,54.0,52.0
2022,609901,Edgebrook Elementary School,71.0,44.0,41.0,53.0,67.0,54.0,54.0,28.0,45.0,40.0,15.0,50.0,37.0,68.0,,34.0,76.0,,56.0,60.0,48.0,71.0,64.0,54.0,77.0,35.0,66.0,61.0,49.0,82.0,24.0,36.0,65.0,52.0,57.0,87.0,,66.0,63.0,84.0,58.0,58.0,49.0,55.0,81.0,42.0,57.0
2022,609903,Richard Edwards Elementary School,71.0,50.0,48.0,32.0,56.0,73.0,31.0,38.0,58.0,40.0,20.0,64.0,18.0,55.0,,1.0,41.0,,57.0,54.0,70.0,66.0,60.0,66.0,68.0,1.0,56.0,61.0,76.0,78.0,46.0,28.0,37.0,67.0,24.0,41.0,,69.0,42.0,58.0,47.0,47.0,50.0,58.0,65.0,76.0,71.0
2022,609904,Edward K Ellington Elementary School,61.0,69.0,51.0,59.0,60.0,30.0,24.0,45.0,57.0,53.0,35.0,55.0,33.0,64.0,,30.0,30.0,,58.0,56.0,52.0,48.0,49.0,46.0,45.0,18.0,59.0,57.0,66.0,69.0,45.0,28.0,29.0,56.0,37.0,37.0,,82.0,36.0,40.0,42.0,45.0,44.0,29.0,54.0,65.0,63.0
2022,609907,Leif Ericson Elementary Scholastic Academy,61.0,87.0,77.0,76.0,81.0,40.0,74.0,46.0,41.0,23.0,68.0,44.0,51.0,82.0,,48.0,41.0,,17.0,39.0,47.0,50.0,85.0,53.0,43.0,49.0,68.0,48.0,63.0,79.0,45.0,58.0,25.0,38.0,48.0,45.0,,52.0,35.0,42.0,50.0,55.0,40.0,35.0,53.0,42.0,36.0
2022,609908,Esmond Elementary School,61.0,71.0,68.0,72.0,57.0,75.0,53.0,62.0,47.0,35.0,48.0,52.0,56.0,62.0,,28.0,56.0,,36.0,44.0,48.0,65.0,60.0,58.0,76.0,28.0,38.0,73.0,67.0,34.0,54.0,51.0,35.0,33.0,59.0,56.0,,85.0,46.0,34.0,45.0,47.0,34.0,49.0,62.0,52.0,38.0
2022,609909,Edward Everett Elementary School,99.0,89.0,47.0,97.0,86.0,88.0,58.0,99.0,85.0,82.0,,75.0,,62.0,,12.0,,,99.0,,92.0,78.0,99.0,69.0,76.0,,99.0,99.0,99.0,84.0,99.0,35.0,34.0,52.0,,,,99.0,,72.0,65.0,61.0,54.0,94.0,88.0,56.0,94.0
2022,609910,Laughlin Falconer Elementary School,91.0,78.0,70.0,62.0,66.0,69.0,53.0,63.0,63.0,53.0,60.0,62.0,63.0,68.0,,20.0,60.0,,68.0,41.0,68.0,56.0,62.0,51.0,51.0,31.0,89.0,72.0,66.0,71.0,50.0,70.0,50.0,64.0,72.0,78.0,,66.0,80.0,49.0,80.0,72.0,43.0,74.0,67.0,63.0,68.0
2022,609912,James B Farnsworth Elementary School,50.0,48.0,37.0,41.0,53.0,65.0,35.0,27.0,46.0,37.0,14.0,56.0,40.0,50.0,,1.0,64.0,,26.0,42.0,52.0,57.0,54.0,47.0,61.0,15.0,51.0,65.0,53.0,67.0,27.0,41.0,50.0,61.0,45.0,91.0,,60.0,66.0,73.0,49.0,47.0,45.0,67.0,62.0,63.0,50.0
2022,609918,Eugene Field Elementary School,29.0,41.0,15.0,19.0,28.0,,5.0,,,,1.0,,1.0,52.0,,1.0,19.0,,,44.0,,,13.0,,,1.0,37.0,,,,,8.0,17.0,,5.0,54.0,,,42.0,,18.0,22.0,,,,,
2022,609919,John Fiske Elementary School,29.0,77.0,64.0,67.0,65.0,74.0,68.0,18.0,25.0,21.0,43.0,37.0,26.0,67.0,,8.0,31.0,,7.0,66.0,48.0,30.0,73.0,43.0,22.0,24.0,66.0,42.0,30.0,51.0,33.0,35.0,35.0,24.0,54.0,53.0,,30.0,39.0,20.0,44.0,52.0,22.0,38.0,24.0,37.0,30.0
2022,609920,Gerald Delgado Kanoon Elementary Magnet School,81.0,41.0,37.0,24.0,46.0,66.0,13.0,45.0,75.0,74.0,1.0,69.0,1.0,47.0,,1.0,30.0,,78.0,44.0,66.0,69.0,48.0,61.0,56.0,1.0,44.0,82.0,93.0,64.0,59.0,6.0,33.0,68.0,22.0,50.0,,99.0,39.0,59.0,49.0,41.0,63.0,49.0,91.0,65.0,94.0
2022,609921,Telpochcalli Elementary School,50.0,35.0,54.0,36.0,53.0,,54.0,,,,20.0,,29.0,76.0,,1.0,57.0,,,64.0,,,46.0,,,24.0,38.0,,,,,4.0,48.0,,60.0,39.0,,,51.0,,56.0,49.0,,,,,
2022,609922,Belmont-Cragin Elementary School,39.0,56.0,44.0,34.0,37.0,34.0,9.0,48.0,46.0,41.0,16.0,47.0,16.0,50.0,,1.0,43.0,,40.0,24.0,40.0,57.0,33.0,39.0,58.0,1.0,54.0,42.0,34.0,31.0,47.0,21.0,29.0,53.0,38.0,57.0,,61.0,62.0,32.0,43.0,43.0,46.0,58.0,73.0,58.0,55.0
2022,609924,Fort Dearborn Elementary School,19.0,64.0,48.0,53.0,52.0,51.0,23.0,35.0,42.0,32.0,24.0,38.0,1.0,53.0,,12.0,24.0,,33.0,73.0,40.0,37.0,53.0,39.0,22.0,14.0,48.0,52.0,56.0,49.0,54.0,10.0,21.0,35.0,18.0,38.0,,53.0,24.0,19.0,10.0,32.0,24.0,47.0,49.0,37.0,50.0
2022,609925,Joseph Kellman Corporate Community ES,50.0,61.0,45.0,55.0,57.0,37.0,34.0,40.0,41.0,40.0,15.0,41.0,17.0,70.0,,29.0,25.0,,52.0,11.0,44.0,54.0,60.0,57.0,39.0,25.0,65.0,52.0,41.0,43.0,44.0,17.0,23.0,30.0,33.0,40.0,,52.0,14.0,37.0,31.0,41.0,30.0,40.0,65.0,36.0,56.0
2022,609926,Franklin Elementary Fine Arts Center,39.0,44.0,38.0,55.0,53.0,45.0,42.0,29.0,33.0,30.0,14.0,40.0,22.0,52.0,,26.0,44.0,,23.0,74.0,36.0,51.0,57.0,38.0,53.0,32.0,47.0,41.0,27.0,48.0,57.0,40.0,48.0,45.0,46.0,67.0,,75.0,39.0,49.0,36.0,42.0,43.0,28.0,63.0,41.0,33.0
2022,609927,Foster Park Elementary School,71.0,76.0,60.0,61.0,72.0,51.0,47.0,55.0,47.0,29.0,39.0,51.0,35.0,73.0,,46.0,56.0,,28.0,69.0,61.0,63.0,84.0,71.0,57.0,23.0,74.0,56.0,79.0,68.0,59.0,36.0,41.0,36.0,61.0,63.0,,69.0,42.0,32.0,49.0,56.0,46.0,39.0,60.0,42.0,34.0
2022,609928,Melville W Fuller Elementary School,29.0,51.0,49.0,73.0,68.0,12.0,50.0,9.0,25.0,11.0,24.0,43.0,7.0,96.0,,5.0,20.0,,9.0,50.0,47.0,14.0,67.0,26.0,1.0,21.0,23.0,44.0,43.0,37.0,31.0,1.0,29.0,23.0,24.0,42.0,,22.0,25.0,3.0,38.0,35.0,31.0,30.0,16.0,48.0,40.0
2022,609929,Robert Fulton Elementary School,29.0,60.0,55.0,91.0,81.0,58.0,87.0,49.0,38.0,42.0,65.0,14.0,30.0,80.0,,31.0,24.0,,63.0,63.0,1.0,37.0,88.0,32.0,30.0,17.0,56.0,28.0,19.0,64.0,49.0,37.0,40.0,22.0,47.0,79.0,,88.0,65.0,29.0,51.0,51.0,24.0,64.0,50.0,1.0,59.0
2022,609930,Frederick Funston Elementary School,10.0,44.0,34.0,21.0,33.0,7.0,14.0,2.0,10.0,1.0,9.0,18.0,14.0,48.0,,1.0,40.0,,14.0,48.0,14.0,35.0,46.0,39.0,37.0,19.0,62.0,9.0,11.0,18.0,11.0,26.0,32.0,4.0,21.0,45.0,,21.0,41.0,17.0,42.0,43.0,30.0,4.0,28.0,18.0,33.0
2022,609933,Stephen F Gale Elementary Community Academy,19.0,63.0,47.0,65.0,43.0,20.0,38.0,5.0,17.0,12.0,27.0,20.0,8.0,50.0,,19.0,31.0,,1.0,28.0,14.0,27.0,53.0,33.0,25.0,28.0,66.0,32.0,17.0,3.0,16.0,32.0,31.0,14.0,40.0,26.0,,35.0,20.0,12.0,40.0,46.0,17.0,19.0,24.0,18.0,35.0
2022,609935,Matthew Gallistel Elementary Language Academy,71.0,59.0,44.0,44.0,55.0,59.0,25.0,27.0,52.0,61.0,8.0,63.0,23.0,55.0,,1.0,42.0,,59.0,47.0,61.0,62.0,50.0,65.0,50.0,1.0,61.0,72.0,54.0,72.0,40.0,32.0,41.0,64.0,44.0,57.0,,99.0,54.0,67.0,51.0,49.0,52.0,59.0,70.0,66.0,55.0
2022,609937,John W Garvy Elementary School,91.0,49.0,41.0,50.0,65.0,75.0,67.0,51.0,61.0,48.0,45.0,64.0,52.0,70.0,,20.0,73.0,,43.0,69.0,64.0,67.0,65.0,66.0,62.0,28.0,68.0,68.0,76.0,73.0,69.0,57.0,51.0,72.0,62.0,86.0,,71.0,78.0,80.0,63.0,56.0,48.0,63.0,74.0,77.0,57.0
2022,609938,Joseph E Gary Elementary School,29.0,54.0,50.0,42.0,59.0,72.0,43.0,36.0,35.0,30.0,30.0,39.0,27.0,69.0,,1.0,43.0,,16.0,48.0,35.0,50.0,58.0,46.0,52.0,4.0,59.0,53.0,49.0,67.0,30.0,22.0,35.0,33.0,27.0,61.0,,74.0,63.0,62.0,59.0,51.0,43.0,56.0,52.0,25.0,28.0
2022,609939,Frank L Gillespie Elementary School,1.0,15.0,8.0,20.0,31.0,13.0,1.0,1.0,26.0,26.0,1.0,26.0,4.0,31.0,,15.0,21.0,,42.0,8.0,29.0,31.0,33.0,22.0,29.0,32.0,39.0,44.0,44.0,41.0,4.0,13.0,6.0,1.0,3.0,22.0,,22.0,17.0,26.0,16.0,17.0,22.0,19.0,42.0,8.0,59.0
2022,609941,Asa Philip Randolph Elementary School,50.0,57.0,41.0,45.0,53.0,,30.0,,,,28.0,,33.0,60.0,,20.0,34.0,,,40.0,,,53.0,,,20.0,48.0,,,,,31.0,24.0,,45.0,50.0,,,50.0,,46.0,40.0,,,,,
2022,609942,Johann W von Goethe Elementary School,71.0,49.0,46.0,42.0,58.0,59.0,30.0,50.0,61.0,55.0,21.0,54.0,13.0,57.0,,12.0,57.0,,58.0,61.0,52.0,79.0,59.0,76.0,76.0,19.0,45.0,52.0,60.0,73.0,43.0,31.0,45.0,77.0,42.0,49.0,,80.0,44.0,71.0,50.0,47.0,52.0,57.0,85.0,61.0,64.0
2022,609943,Jesse Owens Elementary Community Academy,50.0,99.0,99.0,99.0,83.0,39.0,99.0,31.0,37.0,22.0,98.0,48.0,78.0,99.0,,91.0,38.0,,45.0,71.0,49.0,35.0,99.0,33.0,28.0,81.0,99.0,58.0,51.0,34.0,38.0,70.0,52.0,29.0,73.0,77.0,,54.0,37.0,15.0,56.0,77.0,22.0,31.0,43.0,61.0,52.0
2022,609944,Virgil Grissom Elementary School,50.0,42.0,39.0,56.0,65.0,63.0,48.0,19.0,28.0,8.0,56.0,42.0,56.0,86.0,,1.0,57.0,,24.0,51.0,31.0,59.0,67.0,59.0,61.0,60.0,50.0,52.0,45.0,49.0,24.0,29.0,36.0,30.0,42.0,50.0,,53.0,58.0,55.0,45.0,43.0,55.0,48.0,56.0,30.0,38.0
2022,609945,William C. Goudy Technology Academy,91.0,54.0,60.0,66.0,76.0,75.0,63.0,57.0,67.0,59.0,41.0,66.0,27.0,88.0,,7.0,43.0,,59.0,87.0,65.0,61.0,77.0,66.0,53.0,1.0,60.0,72.0,66.0,74.0,71.0,58.0,41.0,76.0,47.0,74.0,,80.0,54.0,65.0,53.0,54.0,61.0,66.0,64.0,64.0,76.0
2022,609947,Alexander Graham Elementary School,19.0,30.0,34.0,28.0,43.0,9.0,8.0,32.0,37.0,12.0,7.0,48.0,3.0,42.0,,1.0,54.0,,23.0,56.0,56.0,26.0,45.0,44.0,8.0,1.0,43.0,45.0,62.0,56.0,38.0,1.0,39.0,32.0,28.0,45.0,,38.0,43.0,25.0,39.0,39.0,40.0,31.0,27.0,49.0,46.0
2022,609949,William P Gray Elementary School,61.0,52.0,33.0,29.0,47.0,77.0,25.0,53.0,62.0,54.0,25.0,51.0,36.0,50.0,,1.0,47.0,,68.0,43.0,58.0,59.0,47.0,55.0,59.0,1.0,57.0,61.0,71.0,63.0,60.0,36.0,34.0,53.0,27.0,60.0,,81.0,59.0,54.0,39.0,41.0,43.0,64.0,62.0,43.0,78.0
2022,609950,Josefa Ortiz De Dominguez Elementary School,71.0,,,,,70.0,,29.0,57.0,66.0,,64.0,,,,,,,55.0,,78.0,76.0,,78.0,80.0,,,69.0,69.0,46.0,42.0,,,63.0,,,,83.0,,17.0,,,57.0,67.0,71.0,52.0,57.0
2022,609951,Ariel Elementary Community Academy,19.0,,,,,22.0,,5.0,13.0,5.0,,24.0,,,,,,,1.0,,11.0,28.0,,34.0,36.0,,,25.0,3.0,28.0,24.0,,,18.0,,,,3.0,,1.0,,,30.0,25.0,15.0,29.0,32.0
2022,609952,Nathanael Greene Elementary School,99.0,99.0,99.0,99.0,99.0,93.0,99.0,91.0,69.0,54.0,,64.0,,99.0,,65.0,,,82.0,,74.0,68.0,99.0,82.0,59.0,,99.0,86.0,77.0,99.0,38.0,99.0,88.0,53.0,,,,62.0,,69.0,99.0,96.0,59.0,77.0,64.0,37.0,71.0
2022,609954,John Milton Gregory Elementary School,10.0,38.0,36.0,30.0,37.0,1.0,26.0,17.0,35.0,33.0,12.0,41.0,24.0,44.0,,22.0,17.0,,42.0,23.0,32.0,16.0,61.0,39.0,1.0,29.0,36.0,45.0,48.0,12.0,38.0,5.0,15.0,23.0,32.0,22.0,,53.0,32.0,6.0,30.0,29.0,29.0,10.0,8.0,56.0,54.0
2022,609955,Walter Q Gresham Elementary School,39.0,67.0,58.0,55.0,55.0,27.0,38.0,72.0,57.0,48.0,28.0,53.0,23.0,67.0,,38.0,38.0,,69.0,40.0,71.0,34.0,64.0,48.0,23.0,43.0,61.0,65.0,79.0,35.0,61.0,34.0,24.0,26.0,47.0,31.0,,93.0,28.0,12.0,45.0,47.0,35.0,28.0,30.0,39.0,60.0
2022,609956,Robert L Grimes Elementary School,99.0,61.0,51.0,50.0,60.0,82.0,44.0,48.0,63.0,59.0,23.0,61.0,24.0,55.0,,1.0,58.0,,56.0,35.0,61.0,67.0,47.0,44.0,75.0,10.0,72.0,70.0,75.0,86.0,40.0,26.0,55.0,62.0,50.0,78.0,,78.0,76.0,64.0,62.0,60.0,50.0,71.0,81.0,61.0,72.0
2022,609958,Frank W Gunsaulus Elementary Scholastic Academy,50.0,52.0,46.0,55.0,52.0,46.0,40.0,58.0,49.0,55.0,33.0,37.0,22.0,64.0,,1.0,51.0,,64.0,65.0,38.0,69.0,61.0,60.0,62.0,1.0,74.0,36.0,44.0,29.0,60.0,25.0,41.0,27.0,51.0,53.0,,99.0,63.0,56.0,53.0,54.0,47.0,50.0,84.0,27.0,60.0
2022,609959,John Charles Haines Elementary School,81.0,58.0,49.0,42.0,58.0,67.0,56.0,55.0,67.0,55.0,35.0,61.0,13.0,52.0,,1.0,50.0,,58.0,45.0,62.0,71.0,63.0,60.0,68.0,1.0,74.0,52.0,85.0,75.0,40.0,34.0,38.0,73.0,37.0,70.0,,90.0,77.0,70.0,57.0,55.0,60.0,74.0,86.0,71.0,66.0
2022,609960,Nathan Hale Elementary School,61.0,73.0,57.0,54.0,56.0,69.0,54.0,37.0,51.0,39.0,44.0,54.0,55.0,57.0,,26.0,64.0,,41.0,38.0,60.0,52.0,67.0,60.0,44.0,34.0,64.0,55.0,66.0,47.0,45.0,51.0,64.0,68.0,63.0,76.0,,69.0,68.0,30.0,76.0,65.0,44.0,54.0,52.0,56.0,44.0
2022,609961,Ninos Heroes Elementary Academic Center,19.0,61.0,32.0,50.0,42.0,17.0,28.0,1.0,24.0,18.0,25.0,32.0,3.0,44.0,,9.0,35.0,,24.0,75.0,34.0,30.0,44.0,42.0,18.0,1.0,55.0,35.0,39.0,30.0,29.0,31.0,31.0,25.0,47.0,51.0,,28.0,35.0,10.0,42.0,40.0,28.0,21.0,31.0,32.0,38.0
2022,609963,Alexander Hamilton Elementary School,61.0,56.0,52.0,70.0,69.0,79.0,65.0,12.0,19.0,21.0,78.0,19.0,60.0,47.0,,34.0,82.0,,1.0,99.0,1.0,64.0,84.0,48.0,73.0,73.0,74.0,27.0,11.0,74.0,12.0,53.0,86.0,19.0,85.0,99.0,,12.0,80.0,85.0,72.0,71.0,40.0,64.0,71.0,9.0,30.0
2022,609964,John H Hamline Elementary School,39.0,62.0,40.0,37.0,45.0,35.0,24.0,42.0,42.0,31.0,7.0,35.0,14.0,59.0,,1.0,36.0,,51.0,28.0,39.0,46.0,45.0,39.0,48.0,1.0,57.0,41.0,40.0,40.0,41.0,22.0,32.0,31.0,26.0,46.0,,99.0,49.0,8.0,44.0,43.0,33.0,35.0,52.0,25.0,67.0
2022,609966,Charles G Hammond Elementary School,29.0,30.0,20.0,12.0,32.0,65.0,1.0,34.0,44.0,40.0,1.0,48.0,1.0,24.0,,1.0,35.0,,35.0,44.0,44.0,50.0,30.0,35.0,55.0,1.0,52.0,56.0,51.0,61.0,43.0,1.0,40.0,33.0,22.0,70.0,,54.0,43.0,45.0,37.0,37.0,43.0,44.0,60.0,47.0,61.0
2022,609967,William F Finkl Elementary School,50.0,32.0,24.0,33.0,54.0,49.0,20.0,23.0,46.0,42.0,1.0,54.0,2.0,65.0,,1.0,33.0,,27.0,53.0,60.0,65.0,55.0,66.0,61.0,9.0,57.0,59.0,67.0,61.0,40.0,6.0,28.0,53.0,48.0,75.0,,76.0,61.0,43.0,36.0,36.0,47.0,81.0,69.0,48.0,44.0
2022,609968,Sharon Christa McAuliffe Elementary School,61.0,,,,,29.0,,44.0,42.0,33.0,,48.0,,,,,,,29.0,,55.0,60.0,,58.0,62.0,,,38.0,52.0,48.0,46.0,,,39.0,,,,62.0,,40.0,,,46.0,49.0,60.0,54.0,42.0
2022,609969,Bret Harte Elementary School,39.0,33.0,35.0,51.0,46.0,38.0,47.0,26.0,44.0,29.0,35.0,50.0,1.0,41.0,,9.0,49.0,,26.0,44.0,43.0,50.0,65.0,46.0,60.0,2.0,32.0,54.0,65.0,26.0,26.0,34.0,38.0,44.0,42.0,67.0,,71.0,54.0,24.0,33.0,35.0,56.0,36.0,44.0,47.0,56.0
2022,609971,John Harvard Elementary School of Excellence,19.0,,,,,1.0,,7.0,16.0,3.0,,27.0,,,,,,,1.0,,17.0,17.0,,31.0,8.0,,,50.0,45.0,25.0,57.0,,,3.0,,,,46.0,,3.0,,,24.0,9.0,12.0,18.0,24.0
2022,609972,Helge A Haugan Elementary School,39.0,48.0,31.0,32.0,49.0,55.0,28.0,30.0,36.0,21.0,15.0,48.0,17.0,65.0,,1.0,34.0,,11.0,53.0,49.0,53.0,56.0,64.0,50.0,1.0,52.0,45.0,61.0,41.0,52.0,32.0,33.0,45.0,29.0,48.0,,51.0,46.0,43.0,57.0,43.0,46.0,40.0,46.0,51.0,25.0
2022,609973,Emiliano Zapata Elementary Academy,81.0,,,,,77.0,,28.0,60.0,53.0,,67.0,,,,,,,57.0,,62.0,73.0,,63.0,75.0,,,83.0,77.0,81.0,38.0,,,78.0,,,,76.0,,77.0,,,56.0,78.0,82.0,68.0,63.0
2022,609974,Hawthorne Elementary Scholastic Academy,81.0,60.0,62.0,77.0,76.0,75.0,68.0,49.0,55.0,47.0,57.0,55.0,47.0,69.0,,26.0,76.0,,40.0,54.0,47.0,85.0,81.0,65.0,92.0,48.0,75.0,64.0,64.0,77.0,42.0,62.0,80.0,55.0,83.0,99.0,,54.0,70.0,81.0,60.0,69.0,58.0,67.0,99.0,52.0,59.0
2022,609975,John Hay Elementary Community Academy,39.0,50.0,45.0,62.0,60.0,17.0,39.0,43.0,37.0,12.0,21.0,48.0,18.0,84.0,,33.0,38.0,,1.0,68.0,50.0,27.0,58.0,42.0,17.0,25.0,48.0,49.0,59.0,36.0,52.0,38.0,44.0,35.0,45.0,48.0,,99.0,27.0,20.0,45.0,46.0,36.0,29.0,23.0,56.0,35.0
2022,609976,Stephen K Hayt Elementary School,29.0,,,,,35.0,,13.0,23.0,17.0,,28.0,,,,,,,14.0,,21.0,40.0,,34.0,40.0,,,39.0,25.0,43.0,20.0,,,30.0,,,,45.0,,43.0,,,42.0,29.0,46.0,11.0,32.0
2022,609977,Woodlawn Community Elementary School,99.0,75.0,94.0,94.0,97.0,86.0,97.0,68.0,70.0,56.0,99.0,79.0,47.0,96.0,,46.0,20.0,,73.0,,76.0,72.0,98.0,73.0,61.0,36.0,72.0,86.0,89.0,99.0,75.0,46.0,42.0,72.0,94.0,98.0,,99.0,85.0,33.0,48.0,64.0,66.0,79.0,83.0,88.0,65.0
2022,609978,Wendell Smith Elementary School,19.0,51.0,36.0,40.0,52.0,60.0,30.0,47.0,37.0,23.0,18.0,50.0,1.0,51.0,,9.0,43.0,,1.0,26.0,53.0,32.0,46.0,32.0,14.0,5.0,43.0,58.0,75.0,69.0,11.0,29.0,29.0,28.0,24.0,23.0,,69.0,1.0,34.0,29.0,34.0,32.0,48.0,50.0,55.0,13.0
2022,609979,Robert Healy Elementary School,81.0,40.0,30.0,40.0,54.0,86.0,26.0,53.0,72.0,70.0,23.0,66.0,3.0,52.0,,1.0,45.0,,60.0,55.0,66.0,71.0,40.0,62.0,69.0,1.0,65.0,81.0,81.0,83.0,66.0,34.0,41.0,73.0,25.0,78.0,,97.0,63.0,76.0,45.0,45.0,52.0,72.0,82.0,66.0,82.0
2022,609981,Phoebe Apperson Hearst Elementary School,29.0,35.0,9.0,31.0,38.0,,1.0,,,,1.0,,1.0,33.0,,1.0,22.0,,,13.0,,,49.0,,,1.0,32.0,,,,,14.0,24.0,,4.0,45.0,,,21.0,,28.0,23.0,,,,,
2022,609983,James Hedges Elementary School,19.0,45.0,50.0,38.0,45.0,41.0,29.0,14.0,20.0,5.0,3.0,29.0,1.0,45.0,,1.0,38.0,,2.0,33.0,29.0,39.0,44.0,38.0,39.0,1.0,52.0,29.0,42.0,52.0,38.0,17.0,33.0,24.0,13.0,52.0,,55.0,38.0,31.0,48.0,46.0,35.0,49.0,40.0,21.0,15.0
2022,609985,Helen M Hefferan Elementary School,29.0,85.0,66.0,78.0,62.0,43.0,41.0,34.0,38.0,37.0,65.0,31.0,30.0,58.0,,10.0,32.0,,33.0,49.0,20.0,32.0,80.0,37.0,32.0,27.0,33.0,39.0,39.0,30.0,36.0,39.0,27.0,29.0,51.0,57.0,,76.0,51.0,11.0,51.0,44.0,29.0,20.0,26.0,34.0,51.0
2022,609986,Charles R Henderson Elementary School,71.0,81.0,73.0,83.0,78.0,44.0,70.0,99.0,64.0,52.0,66.0,56.0,26.0,92.0,,17.0,41.0,,59.0,57.0,63.0,29.0,90.0,59.0,12.0,32.0,86.0,62.0,60.0,47.0,83.0,47.0,33.0,44.0,74.0,54.0,,91.0,43.0,15.0,52.0,61.0,38.0,34.0,16.0,59.0,67.0
2022,609988,Patrick Henry Elementary School,71.0,55.0,57.0,32.0,51.0,39.0,38.0,47.0,57.0,45.0,16.0,62.0,3.0,55.0,,1.0,42.0,,63.0,67.0,65.0,73.0,57.0,76.0,67.0,1.0,54.0,57.0,77.0,58.0,58.0,12.0,45.0,49.0,28.0,71.0,,92.0,62.0,51.0,62.0,55.0,49.0,42.0,75.0,75.0,68.0
2022,609991,Theodore Herzl Elementary School,50.0,66.0,44.0,65.0,49.0,1.0,32.0,51.0,56.0,42.0,20.0,59.0,26.0,67.0,,21.0,42.0,,62.0,22.0,65.0,45.0,61.0,43.0,41.0,46.0,65.0,78.0,81.0,3.0,55.0,23.0,31.0,27.0,53.0,58.0,,99.0,42.0,8.0,37.0,44.0,39.0,14.0,52.0,52.0,77.0
2022,609993,Agustin Lara Elementary Academy,91.0,69.0,60.0,61.0,69.0,64.0,55.0,28.0,51.0,53.0,42.0,63.0,23.0,65.0,,1.0,45.0,,64.0,44.0,52.0,60.0,68.0,48.0,57.0,15.0,67.0,64.0,52.0,81.0,53.0,42.0,52.0,67.0,62.0,87.0,,63.0,78.0,59.0,71.0,63.0,65.0,73.0,75.0,72.0,57.0
2022,609994,William G Hibbard Elementary School,39.0,,,,,63.0,,14.0,35.0,42.0,,39.0,,,,,,,47.0,,29.0,62.0,,59.0,62.0,,,41.0,42.0,46.0,31.0,,,40.0,,,,66.0,,54.0,,,49.0,60.0,64.0,38.0,35.0
2022,609995,Rufus M Hitch Elementary School,50.0,36.0,33.0,36.0,53.0,40.0,38.0,59.0,55.0,32.0,9.0,54.0,20.0,53.0,,2.0,58.0,,42.0,44.0,52.0,59.0,58.0,58.0,53.0,23.0,48.0,63.0,62.0,63.0,62.0,21.0,44.0,64.0,44.0,75.0,,69.0,63.0,47.0,46.0,43.0,46.0,40.0,66.0,55.0,59.0
2022,609996,Charles N Holden Elementary School,39.0,62.0,62.0,50.0,64.0,32.0,45.0,14.0,27.0,36.0,29.0,27.0,22.0,74.0,,1.0,43.0,,39.0,59.0,15.0,46.0,80.0,35.0,53.0,17.0,52.0,53.0,14.0,53.0,18.0,22.0,44.0,17.0,42.0,77.0,,22.0,59.0,29.0,55.0,53.0,30.0,43.0,49.0,8.0,52.0
2022,609997,Oliver Wendell Holmes Elementary School,19.0,,,,,,,3.0,25.0,25.0,,33.0,,,,,,,8.0,,30.0,12.0,,,1.0,,,54.0,44.0,,5.0,,,18.0,,,,43.0,,,,,,47.0,23.0,14.0,33.0
2022,610000,Julia Ward Howe Elementary School of Excellence,29.0,76.0,61.0,58.0,64.0,13.0,43.0,1.0,15.0,10.0,40.0,21.0,38.0,81.0,,29.0,44.0,,3.0,44.0,3.0,14.0,82.0,16.0,9.0,19.0,64.0,44.0,30.0,34.0,16.0,23.0,36.0,1.0,59.0,65.0,,53.0,53.0,1.0,44.0,51.0,26.0,5.0,17.0,9.0,32.0
2022,610002,Thomas Hoyne Elementary School,71.0,56.0,50.0,70.0,78.0,67.0,52.0,7.0,51.0,67.0,44.0,45.0,21.0,71.0,,33.0,46.0,,39.0,78.0,62.0,63.0,84.0,55.0,52.0,52.0,60.0,52.0,67.0,85.0,47.0,37.0,33.0,51.0,34.0,45.0,,49.0,30.0,50.0,34.0,44.0,24.0,61.0,83.0,40.0,62.0
2022,610003,Paul Cuffe Math-Science Technology Academy ES,71.0,61.0,51.0,71.0,69.0,69.0,44.0,29.0,47.0,39.0,20.0,54.0,10.0,66.0,,43.0,37.0,,34.0,72.0,60.0,60.0,91.0,61.0,52.0,31.0,74.0,65.0,73.0,48.0,1.0,29.0,48.0,47.0,30.0,73.0,,78.0,46.0,54.0,40.0,53.0,45.0,57.0,67.0,45.0,48.0
2022,610004,Countee Cullen Elementary School,50.0,69.0,57.0,79.0,62.0,52.0,46.0,11.0,43.0,48.0,81.0,49.0,17.0,49.0,,34.0,24.0,,41.0,42.0,54.0,34.0,61.0,17.0,34.0,45.0,80.0,68.0,43.0,58.0,23.0,46.0,41.0,53.0,26.0,64.0,,46.0,37.0,39.0,35.0,53.0,40.0,65.0,51.0,33.0,62.0
2022,610005,Charles Evans Hughes Elementary School,81.0,65.0,38.0,40.0,71.0,35.0,52.0,36.0,51.0,56.0,36.0,63.0,78.0,99.0,,31.0,71.0,,35.0,99.0,67.0,58.0,99.0,46.0,65.0,41.0,79.0,78.0,71.0,45.0,36.0,45.0,99.0,31.0,96.0,95.0,,99.0,93.0,29.0,52.0,67.0,54.0,48.0,64.0,51.0,60.0
2022,610006,Edward N Hurley Elementary School,50.0,44.0,35.0,33.0,50.0,61.0,15.0,19.0,40.0,32.0,6.0,54.0,9.0,54.0,,1.0,43.0,,23.0,39.0,56.0,63.0,47.0,55.0,64.0,1.0,41.0,50.0,48.0,64.0,34.0,20.0,35.0,54.0,17.0,52.0,,43.0,49.0,62.0,38.0,37.0,49.0,68.0,70.0,59.0,47.0
2022,610009,Galileo Math & Science Scholastic Academy ES,50.0,47.0,36.0,50.0,58.0,56.0,39.0,49.0,37.0,29.0,29.0,52.0,22.0,59.0,,3.0,50.0,,21.0,64.0,52.0,65.0,59.0,68.0,65.0,47.0,54.0,59.0,67.0,62.0,17.0,40.0,58.0,30.0,41.0,87.0,,42.0,55.0,33.0,50.0,50.0,45.0,58.0,61.0,51.0,9.0
2022,610010,Friedrich L. Jahn Elementary of the Fine Arts,39.0,81.0,48.0,58.0,64.0,46.0,50.0,3.0,8.0,5.0,53.0,29.0,47.0,90.0,,32.0,60.0,,1.0,59.0,23.0,51.0,42.0,51.0,50.0,30.0,53.0,30.0,24.0,67.0,22.0,46.0,57.0,7.0,65.0,64.0,,38.0,57.0,52.0,54.0,53.0,41.0,48.0,52.0,21.0,1.0
2022,610011,Minnie Mars Jamieson Elementary School,91.0,72.0,67.0,60.0,70.0,77.0,71.0,30.0,46.0,34.0,51.0,61.0,40.0,72.0,,20.0,65.0,,30.0,61.0,61.0,67.0,71.0,55.0,72.0,23.0,81.0,70.0,67.0,78.0,45.0,44.0,61.0,54.0,72.0,75.0,,95.0,72.0,73.0,77.0,72.0,49.0,61.0,75.0,63.0,43.0
2022,610013,Pilsen Elementary Community Academy,61.0,58.0,50.0,48.0,45.0,60.0,38.0,55.0,56.0,45.0,11.0,57.0,1.0,44.0,,1.0,36.0,,67.0,57.0,56.0,78.0,30.0,85.0,72.0,1.0,60.0,59.0,79.0,59.0,50.0,1.0,39.0,47.0,32.0,43.0,,94.0,37.0,48.0,55.0,51.0,58.0,52.0,76.0,54.0,55.0
2022,610015,Joseph Jungman Elementary School,71.0,63.0,51.0,65.0,63.0,45.0,64.0,27.0,53.0,41.0,30.0,50.0,15.0,61.0,,5.0,53.0,,57.0,46.0,46.0,60.0,66.0,46.0,61.0,7.0,69.0,53.0,98.0,61.0,48.0,56.0,44.0,42.0,42.0,48.0,,52.0,48.0,51.0,62.0,57.0,49.0,56.0,72.0,50.0,59.0
2022,610016,Kate S Kellogg Elementary School,39.0,35.0,30.0,58.0,54.0,,23.0,,,,17.0,,1.0,49.0,,10.0,58.0,,,34.0,,,55.0,,,30.0,37.0,,,,,15.0,50.0,,39.0,77.0,,,44.0,,33.0,38.0,,,,,
2022,610017,Maria Saucedo Elementary Scholastic Academy,19.0,47.0,47.0,37.0,38.0,46.0,29.0,7.0,15.0,10.0,19.0,22.0,15.0,47.0,,1.0,38.0,,3.0,68.0,11.0,48.0,37.0,40.0,45.0,1.0,42.0,29.0,23.0,30.0,11.0,10.0,39.0,22.0,32.0,61.0,,54.0,44.0,35.0,50.0,45.0,31.0,34.0,59.0,15.0,13.0
2022,610019,Joshua D Kershaw Elementary School,81.0,85.0,92.0,91.0,77.0,12.0,92.0,66.0,62.0,54.0,51.0,58.0,48.0,86.0,,38.0,23.0,,64.0,62.0,61.0,50.0,99.0,61.0,45.0,53.0,74.0,66.0,79.0,32.0,84.0,46.0,39.0,45.0,72.0,89.0,,99.0,52.0,9.0,66.0,68.0,55.0,43.0,44.0,48.0,64.0
2022,610021,Pablo Casals Elementary School,61.0,58.0,62.0,71.0,74.0,85.0,73.0,57.0,51.0,50.0,56.0,59.0,32.0,96.0,,34.0,44.0,,64.0,67.0,57.0,59.0,70.0,56.0,59.0,15.0,55.0,83.0,54.0,57.0,45.0,41.0,47.0,34.0,49.0,66.0,,93.0,55.0,61.0,54.0,55.0,43.0,68.0,61.0,52.0,58.0
2022,610022,Joyce Kilmer Elementary School,50.0,93.0,93.0,87.0,88.0,65.0,90.0,39.0,35.0,19.0,65.0,38.0,54.0,99.0,,45.0,60.0,,7.0,82.0,31.0,52.0,99.0,50.0,59.0,38.0,94.0,32.0,47.0,68.0,26.0,64.0,69.0,44.0,87.0,98.0,,65.0,72.0,43.0,78.0,84.0,41.0,53.0,48.0,46.0,26.0
2022,610024,Lazaro Cardenas Elementary School,50.0,58.0,50.0,43.0,53.0,68.0,39.0,29.0,53.0,63.0,28.0,52.0,19.0,55.0,,1.0,39.0,,62.0,54.0,45.0,49.0,55.0,46.0,47.0,1.0,62.0,78.0,53.0,57.0,44.0,19.0,38.0,53.0,45.0,61.0,,75.0,74.0,43.0,56.0,52.0,49.0,64.0,55.0,37.0,69.0
2022,610026,John H Kinzie Elementary School,99.0,69.0,70.0,80.0,84.0,83.0,90.0,51.0,67.0,65.0,86.0,64.0,57.0,86.0,,28.0,80.0,,78.0,99.0,66.0,75.0,89.0,77.0,63.0,48.0,71.0,84.0,77.0,81.0,61.0,75.0,77.0,64.0,94.0,99.0,,75.0,88.0,62.0,80.0,75.0,57.0,82.0,85.0,48.0,77.0
2022,610027,Rudyard Kipling Elementary School,71.0,68.0,70.0,79.0,69.0,,71.0,,,,54.0,,33.0,58.0,,20.0,40.0,,,55.0,,,69.0,,,49.0,70.0,,,,,34.0,48.0,,41.0,72.0,,,58.0,,54.0,61.0,,,,,
2022,610029,Rodolfo Lozano Bilingual & International Ctr ES,61.0,54.0,59.0,26.0,50.0,72.0,48.0,45.0,50.0,49.0,32.0,41.0,22.0,58.0,,5.0,65.0,,51.0,60.0,36.0,59.0,55.0,40.0,56.0,40.0,64.0,49.0,50.0,61.0,48.0,30.0,61.0,41.0,48.0,84.0,,92.0,70.0,65.0,57.0,60.0,51.0,72.0,81.0,29.0,67.0
2022,610032,Wendell E Green Elementary School,50.0,69.0,58.0,63.0,57.0,43.0,37.0,18.0,41.0,32.0,41.0,50.0,15.0,59.0,,15.0,37.0,,39.0,42.0,45.0,46.0,68.0,60.0,29.0,20.0,65.0,55.0,57.0,38.0,30.0,35.0,29.0,59.0,46.0,51.0,,67.0,46.0,36.0,33.0,46.0,38.0,38.0,49.0,61.0,38.0
2022,610033,LaSalle Elementary Language Academy,39.0,45.0,30.0,61.0,58.0,78.0,35.0,14.0,33.0,28.0,24.0,35.0,30.0,52.0,,15.0,52.0,,39.0,44.0,28.0,62.0,50.0,62.0,59.0,35.0,55.0,39.0,35.0,70.0,28.0,49.0,52.0,36.0,49.0,71.0,,34.0,48.0,66.0,40.0,44.0,47.0,45.0,66.0,24.0,52.0
2022,610034,Lawndale Elementary Community Academy,50.0,83.0,70.0,64.0,58.0,1.0,48.0,64.0,51.0,55.0,13.0,58.0,15.0,52.0,,17.0,25.0,,57.0,23.0,56.0,43.0,79.0,52.0,43.0,1.0,56.0,66.0,61.0,35.0,59.0,9.0,23.0,14.0,42.0,35.0,,99.0,33.0,22.0,46.0,49.0,51.0,16.0,33.0,59.0,62.0
2022,610036,Leslie Lewis Elementary School,91.0,48.0,56.0,45.0,60.0,34.0,43.0,83.0,72.0,68.0,36.0,71.0,33.0,61.0,,12.0,31.0,,99.0,66.0,64.0,68.0,70.0,70.0,62.0,21.0,42.0,93.0,56.0,63.0,97.0,9.0,40.0,61.0,42.0,55.0,,99.0,44.0,54.0,41.0,45.0,53.0,35.0,73.0,72.0,91.0
2022,610037,Arthur A Libby Elementary School,39.0,45.0,38.0,71.0,59.0,42.0,41.0,33.0,41.0,42.0,56.0,53.0,47.0,68.0,,1.0,42.0,,40.0,62.0,59.0,41.0,62.0,51.0,30.0,32.0,38.0,63.0,57.0,35.0,34.0,4.0,28.0,42.0,74.0,72.0,,59.0,65.0,22.0,45.0,37.0,39.0,54.0,42.0,49.0,29.0
2022,610038,Abraham Lincoln Elementary School,81.0,59.0,41.0,65.0,69.0,76.0,63.0,41.0,51.0,53.0,40.0,43.0,53.0,61.0,,45.0,77.0,,42.0,61.0,17.0,80.0,69.0,77.0,77.0,61.0,76.0,64.0,41.0,82.0,58.0,79.0,76.0,63.0,68.0,93.0,,55.0,69.0,98.0,71.0,66.0,54.0,61.0,87.0,35.0,59.0
2022,610039,Carl von Linne Elementary School,71.0,54.0,44.0,59.0,67.0,82.0,44.0,43.0,47.0,47.0,28.0,54.0,17.0,77.0,,1.0,68.0,,60.0,63.0,52.0,62.0,60.0,68.0,57.0,15.0,72.0,55.0,43.0,73.0,44.0,35.0,51.0,53.0,58.0,93.0,,60.0,77.0,63.0,56.0,56.0,48.0,74.0,61.0,62.0,47.0
2022,610040,Henry D Lloyd Elementary School,71.0,81.0,41.0,44.0,64.0,51.0,29.0,37.0,44.0,36.0,,63.0,,75.0,,1.0,,,40.0,,67.0,59.0,89.0,68.0,63.0,,67.0,68.0,62.0,47.0,50.0,43.0,21.0,55.0,,,,51.0,,33.0,50.0,45.0,55.0,58.0,45.0,61.0,31.0
2022,610041,Josephine C Locke Elementary School,50.0,46.0,29.0,37.0,49.0,63.0,36.0,27.0,42.0,35.0,17.0,47.0,31.0,51.0,,1.0,47.0,,47.0,46.0,51.0,53.0,51.0,56.0,50.0,3.0,46.0,50.0,54.0,56.0,47.0,32.0,38.0,44.0,34.0,59.0,,82.0,54.0,39.0,50.0,41.0,40.0,57.0,53.0,47.0,50.0
2022,610043,Joseph Lovett Elementary School,71.0,91.0,73.0,91.0,81.0,59.0,83.0,56.0,53.0,59.0,71.0,49.0,29.0,71.0,,27.0,50.0,,59.0,27.0,46.0,55.0,80.0,41.0,61.0,18.0,94.0,57.0,33.0,81.0,59.0,38.0,44.0,55.0,60.0,74.0,,93.0,52.0,42.0,66.0,69.0,43.0,57.0,62.0,51.0,61.0
2022,610044,James Russell Lowell Elementary School,29.0,58.0,44.0,47.0,59.0,47.0,31.0,49.0,38.0,31.0,27.0,36.0,7.0,67.0,,11.0,42.0,,17.0,17.0,34.0,52.0,58.0,47.0,57.0,15.0,60.0,46.0,52.0,62.0,56.0,33.0,41.0,31.0,38.0,72.0,,63.0,52.0,42.0,45.0,48.0,35.0,43.0,51.0,30.0,26.0
2022,610046,Mary Lyon Elementary School,50.0,53.0,41.0,46.0,52.0,62.0,34.0,46.0,52.0,42.0,33.0,59.0,26.0,55.0,,1.0,46.0,,41.0,47.0,60.0,55.0,44.0,56.0,48.0,4.0,62.0,66.0,63.0,63.0,57.0,35.0,35.0,53.0,34.0,50.0,,69.0,50.0,53.0,58.0,49.0,44.0,49.0,60.0,66.0,58.0
2022,610047,James Madison Elementary School,91.0,85.0,57.0,68.0,75.0,67.0,51.0,79.0,83.0,74.0,1.0,69.0,25.0,66.0,,33.0,22.0,,68.0,49.0,69.0,75.0,68.0,82.0,48.0,4.0,80.0,80.0,99.0,97.0,87.0,39.0,42.0,69.0,28.0,69.0,,99.0,35.0,57.0,43.0,56.0,58.0,49.0,95.0,67.0,92.0
2022,610048,George Manierre Elementary School,39.0,66.0,63.0,64.0,53.0,1.0,53.0,41.0,44.0,35.0,44.0,42.0,26.0,60.0,,17.0,33.0,,27.0,53.0,43.0,37.0,76.0,51.0,26.0,22.0,95.0,39.0,54.0,12.0,42.0,30.0,32.0,34.0,25.0,65.0,,69.0,55.0,1.0,37.0,57.0,36.0,37.0,34.0,48.0,57.0
2022,610051,Northwest Middle School,50.0,63.0,54.0,26.0,57.0,,23.0,,,,18.0,,4.0,65.0,,1.0,29.0,,,74.0,,,81.0,,,1.0,38.0,,,,,1.0,19.0,,32.0,65.0,,,66.0,,55.0,42.0,,,,,
2022,610052,Horace Mann Elementary School,71.0,43.0,15.0,63.0,78.0,,55.0,45.0,66.0,88.0,21.0,64.0,22.0,88.0,,28.0,40.0,,98.0,66.0,56.0,49.0,82.0,66.0,30.0,18.0,62.0,75.0,73.0,,83.0,27.0,34.0,64.0,45.0,57.0,,67.0,46.0,,24.0,34.0,44.0,57.0,50.0,81.0,59.0
2022,610053,Marquette Elementary School,61.0,44.0,44.0,45.0,51.0,64.0,30.0,52.0,57.0,49.0,6.0,56.0,11.0,54.0,,1.0,33.0,,49.0,41.0,60.0,60.0,49.0,57.0,57.0,4.0,45.0,70.0,68.0,56.0,53.0,8.0,31.0,51.0,23.0,52.0,,99.0,52.0,45.0,43.0,41.0,40.0,50.0,66.0,52.0,63.0
2022,610054,John L Marsh Elementary School,19.0,61.0,35.0,42.0,49.0,52.0,35.0,1.0,31.0,32.0,29.0,38.0,31.0,50.0,,1.0,45.0,,22.0,36.0,30.0,36.0,56.0,44.0,25.0,1.0,45.0,42.0,37.0,46.0,26.0,22.0,37.0,45.0,32.0,44.0,,49.0,39.0,28.0,44.0,40.0,38.0,37.0,39.0,41.0,42.0
2022,610055,Michael Faraday Elementary School,81.0,82.0,73.0,70.0,66.0,51.0,58.0,66.0,60.0,53.0,49.0,56.0,4.0,79.0,,30.0,23.0,,49.0,31.0,54.0,72.0,62.0,70.0,69.0,7.0,69.0,70.0,84.0,53.0,63.0,27.0,35.0,38.0,31.0,50.0,,75.0,25.0,45.0,48.0,56.0,49.0,51.0,77.0,51.0,59.0
2022,610056,Roswell B Mason Elementary School,61.0,78.0,73.0,70.0,69.0,22.0,60.0,28.0,47.0,47.0,56.0,55.0,26.0,85.0,,19.0,25.0,,26.0,71.0,60.0,53.0,87.0,59.0,47.0,49.0,47.0,61.0,63.0,34.0,38.0,10.0,31.0,54.0,38.0,55.0,,68.0,41.0,8.0,46.0,49.0,40.0,42.0,53.0,59.0,41.0
2022,610057,Fairfield Elementary Academy,10.0,41.0,26.0,24.0,29.0,28.0,10.0,10.0,27.0,26.0,1.0,41.0,10.0,41.0,,1.0,32.0,,29.0,41.0,61.0,36.0,29.0,29.0,44.0,1.0,38.0,51.0,62.0,23.0,22.0,1.0,25.0,9.0,29.0,51.0,,34.0,52.0,15.0,40.0,32.0,24.0,21.0,35.0,26.0,26.0
2022,610059,Oscar Mayer Magnet School,71.0,43.0,38.0,36.0,62.0,41.0,46.0,26.0,39.0,29.0,20.0,44.0,47.0,66.0,,43.0,71.0,,12.0,62.0,34.0,60.0,78.0,54.0,71.0,60.0,73.0,53.0,43.0,68.0,34.0,52.0,67.0,35.0,54.0,84.0,,43.0,61.0,66.0,63.0,60.0,43.0,38.0,55.0,47.0,64.0
2022,610060,Chicago World Language Academy,61.0,44.0,38.0,43.0,53.0,56.0,56.0,14.0,40.0,36.0,47.0,46.0,31.0,70.0,,17.0,47.0,,33.0,76.0,45.0,67.0,55.0,64.0,64.0,40.0,54.0,41.0,54.0,45.0,18.0,47.0,57.0,46.0,37.0,78.0,,59.0,57.0,57.0,39.0,47.0,45.0,57.0,74.0,54.0,50.0
2022,610062,George B McClellan Elementary School,19.0,46.0,56.0,64.0,56.0,28.0,45.0,29.0,28.0,25.0,39.0,15.0,17.0,67.0,,1.0,55.0,,21.0,16.0,2.0,36.0,56.0,25.0,40.0,18.0,52.0,26.0,15.0,38.0,15.0,19.0,40.0,18.0,44.0,56.0,,6.0,49.0,17.0,51.0,50.0,31.0,33.0,44.0,1.0,55.0
2022,610063,Cyrus H McCormick Elementary School,91.0,99.0,78.0,69.0,66.0,61.0,39.0,34.0,51.0,46.0,,65.0,,76.0,,18.0,,,59.0,,70.0,74.0,70.0,83.0,70.0,,99.0,68.0,69.0,47.0,62.0,53.0,27.0,51.0,,,,81.0,,33.0,61.0,66.0,56.0,41.0,69.0,64.0,57.0
2022,610065,Emmett Louis Till Math and Science Academy,50.0,61.0,45.0,53.0,55.0,64.0,34.0,41.0,43.0,29.0,49.0,66.0,39.0,58.0,,25.0,29.0,,34.0,48.0,56.0,43.0,55.0,46.0,27.0,18.0,47.0,69.0,65.0,52.0,51.0,40.0,34.0,46.0,63.0,52.0,,93.0,42.0,31.0,31.0,39.0,47.0,36.0,57.0,93.0,32.0
2022,610066,James E McDade Elementary Classical School,39.0,44.0,45.0,72.0,74.0,70.0,76.0,20.0,28.0,23.0,94.0,35.0,34.0,62.0,,1.0,34.0,,23.0,18.0,21.0,53.0,85.0,51.0,62.0,56.0,47.0,55.0,37.0,78.0,1.0,38.0,57.0,25.0,52.0,92.0,,64.0,44.0,71.0,40.0,47.0,36.0,58.0,45.0,27.0,33.0
2022,610067,Francis M McKay Elementary School,50.0,66.0,48.0,55.0,49.0,41.0,38.0,45.0,51.0,42.0,41.0,50.0,25.0,49.0,,19.0,33.0,,36.0,4.0,51.0,46.0,56.0,50.0,44.0,21.0,59.0,59.0,70.0,36.0,46.0,43.0,22.0,47.0,26.0,41.0,,70.0,32.0,34.0,37.0,42.0,31.0,34.0,44.0,58.0,52.0
2022,610068,Hanson Park Elementary School,50.0,35.0,29.0,50.0,59.0,64.0,29.0,40.0,44.0,28.0,14.0,55.0,1.0,65.0,,1.0,31.0,,22.0,70.0,52.0,61.0,56.0,56.0,61.0,1.0,41.0,61.0,57.0,65.0,36.0,2.0,36.0,55.0,24.0,61.0,,57.0,61.0,65.0,38.0,36.0,43.0,57.0,65.0,64.0,38.0
2022,610070,James B McPherson Elementary School,29.0,50.0,45.0,50.0,52.0,58.0,49.0,28.0,24.0,11.0,28.0,16.0,34.0,61.0,,1.0,54.0,,1.0,43.0,8.0,50.0,58.0,41.0,57.0,4.0,66.0,25.0,27.0,40.0,10.0,28.0,42.0,25.0,47.0,51.0,,21.0,52.0,38.0,54.0,52.0,29.0,49.0,53.0,1.0,28.0
2022,610073,Ellen Mitchell Elementary School,81.0,38.0,36.0,40.0,70.0,59.0,49.0,55.0,61.0,57.0,8.0,47.0,27.0,68.0,,12.0,65.0,,67.0,61.0,40.0,76.0,82.0,70.0,75.0,16.0,56.0,65.0,54.0,89.0,68.0,31.0,53.0,49.0,55.0,77.0,,68.0,63.0,70.0,47.0,48.0,43.0,44.0,84.0,39.0,88.0
2022,610074,James Monroe Elementary School,29.0,53.0,43.0,36.0,44.0,63.0,24.0,17.0,31.0,22.0,26.0,26.0,9.0,50.0,,1.0,50.0,,25.0,49.0,14.0,44.0,42.0,44.0,43.0,1.0,46.0,29.0,40.0,48.0,20.0,8.0,38.0,37.0,17.0,63.0,,41.0,48.0,49.0,47.0,44.0,37.0,46.0,44.0,22.0,37.0
2022,610076,Bernhard Moos Elementary School,19.0,38.0,40.0,45.0,43.0,16.0,31.0,30.0,29.0,28.0,11.0,33.0,30.0,62.0,,1.0,40.0,,37.0,48.0,19.0,49.0,50.0,47.0,56.0,14.0,20.0,35.0,29.0,13.0,43.0,9.0,45.0,13.0,38.0,42.0,,49.0,39.0,20.0,40.0,36.0,47.0,19.0,44.0,32.0,47.0
2022,610078,Inter-American Elementary Magnet School,61.0,54.0,40.0,44.0,65.0,65.0,47.0,32.0,43.0,38.0,35.0,37.0,35.0,59.0,,3.0,49.0,,49.0,60.0,19.0,61.0,69.0,61.0,66.0,17.0,64.0,55.0,26.0,86.0,40.0,46.0,54.0,61.0,54.0,80.0,,48.0,71.0,69.0,45.0,51.0,41.0,62.0,57.0,32.0,57.0
2022,610081,Mark Sheridan Math & Science Academy,50.0,22.0,24.0,24.0,32.0,79.0,11.0,36.0,53.0,57.0,1.0,59.0,8.0,36.0,,1.0,36.0,,36.0,61.0,42.0,65.0,24.0,44.0,77.0,1.0,65.0,70.0,49.0,42.0,20.0,34.0,38.0,70.0,26.0,75.0,,68.0,59.0,79.0,37.0,41.0,58.0,72.0,73.0,66.0,51.0
2022,610082,Mount Greenwood Elementary School,99.0,69.0,76.0,74.0,83.0,85.0,83.0,75.0,77.0,77.0,73.0,70.0,85.0,99.0,,53.0,99.0,,77.0,65.0,71.0,82.0,70.0,65.0,88.0,55.0,81.0,94.0,87.0,88.0,69.0,56.0,88.0,71.0,99.0,99.0,,99.0,91.0,89.0,84.0,82.0,57.0,81.0,94.0,57.0,75.0
2022,610083,Daniel C Beard Elementary School,71.0,,,,,6.0,,1.0,50.0,53.0,,62.0,,,,,,,63.0,,82.0,96.0,,97.0,94.0,,,68.0,82.0,1.0,51.0,,,58.0,,,,97.0,,1.0,,,55.0,63.0,96.0,43.0,55.0
2022,610084,Annie Keller Regional Gifted Center,99.0,51.0,55.0,79.0,81.0,91.0,72.0,99.0,97.0,99.0,51.0,90.0,37.0,62.0,,22.0,71.0,,99.0,45.0,94.0,93.0,85.0,86.0,93.0,9.0,65.0,99.0,99.0,99.0,99.0,54.0,74.0,91.0,62.0,98.0,,99.0,71.0,99.0,65.0,65.0,76.0,90.0,99.0,92.0,99.0
2022,610086,Mount Vernon Elementary School,39.0,55.0,51.0,55.0,54.0,42.0,33.0,43.0,53.0,39.0,22.0,52.0,16.0,57.0,,3.0,37.0,,49.0,64.0,68.0,39.0,45.0,59.0,24.0,21.0,61.0,55.0,69.0,58.0,46.0,19.0,34.0,53.0,28.0,63.0,,83.0,45.0,15.0,48.0,49.0,39.0,40.0,33.0,45.0,62.0
2022,610087,Blair Early Childhood Center,81.0,,,,,78.0,,78.0,93.0,96.0,,91.0,,,,,,,99.0,,99.0,99.0,,99.0,99.0,,,99.0,99.0,64.0,99.0,,,94.0,,,,99.0,,70.0,,,68.0,91.0,99.0,96.0,99.0
2022,610088,Wolfgang A Mozart Elementary School,61.0,55.0,51.0,37.0,55.0,51.0,36.0,19.0,54.0,44.0,18.0,59.0,10.0,65.0,,1.0,48.0,,63.0,61.0,60.0,67.0,51.0,64.0,58.0,1.0,56.0,75.0,88.0,66.0,54.0,21.0,36.0,56.0,34.0,65.0,,84.0,60.0,38.0,56.0,50.0,45.0,55.0,78.0,55.0,61.0
2022,610089,John B Murphy Elementary School,61.0,53.0,52.0,62.0,56.0,54.0,41.0,54.0,45.0,37.0,14.0,50.0,18.0,53.0,,3.0,55.0,,36.0,43.0,47.0,69.0,47.0,72.0,58.0,16.0,59.0,56.0,37.0,63.0,55.0,39.0,45.0,38.0,33.0,57.0,,99.0,57.0,44.0,53.0,52.0,49.0,39.0,78.0,46.0,57.0
2022,610090,Phillip Murray Elementary Language Academy,19.0,,,,,1.0,,3.0,9.0,14.0,,15.0,,,,,,,2.0,,1.0,29.0,,34.0,32.0,,,23.0,1.0,1.0,2.0,,,1.0,,,,19.0,,4.0,,,36.0,3.0,21.0,1.0,24.0
2022,610091,Ronald Brown Elementary Community Academy,61.0,99.0,99.0,99.0,85.0,58.0,99.0,14.0,40.0,56.0,99.0,40.0,99.0,99.0,,80.0,85.0,,49.0,69.0,23.0,31.0,99.0,36.0,19.0,79.0,99.0,62.0,37.0,42.0,21.0,99.0,81.0,35.0,99.0,99.0,,51.0,99.0,31.0,91.0,93.0,36.0,50.0,38.0,38.0,59.0
2022,610092,Henry H Nash Elementary School,29.0,70.0,43.0,59.0,51.0,5.0,23.0,36.0,36.0,29.0,2.0,41.0,35.0,71.0,,29.0,42.0,,40.0,48.0,37.0,30.0,74.0,44.0,18.0,35.0,61.0,44.0,40.0,1.0,32.0,30.0,29.0,28.0,57.0,63.0,,57.0,39.0,9.0,37.0,43.0,34.0,30.0,28.0,49.0,48.0
2022,610093,Jane A Neil Elementary School,61.0,77.0,58.0,87.0,65.0,41.0,33.0,46.0,54.0,52.0,66.0,47.0,18.0,68.0,,21.0,35.0,,57.0,75.0,60.0,50.0,59.0,56.0,47.0,27.0,70.0,49.0,70.0,47.0,73.0,16.0,25.0,40.0,45.0,10.0,,91.0,9.0,46.0,30.0,46.0,43.0,48.0,46.0,37.0,61.0
2022,610094,Louis Nettelhorst Elementary School,39.0,49.0,52.0,37.0,58.0,66.0,48.0,49.0,39.0,29.0,32.0,35.0,55.0,61.0,,21.0,64.0,,36.0,83.0,29.0,70.0,56.0,59.0,71.0,48.0,61.0,31.0,33.0,77.0,41.0,47.0,59.0,43.0,73.0,77.0,,75.0,68.0,71.0,63.0,59.0,41.0,48.0,80.0,40.0,42.0
2022,610095,Walter L Newberry Math & Science Academy ES,91.0,73.0,71.0,76.0,87.0,55.0,80.0,62.0,64.0,53.0,64.0,56.0,57.0,99.0,,17.0,71.0,,59.0,95.0,56.0,64.0,99.0,68.0,53.0,49.0,91.0,62.0,99.0,72.0,74.0,36.0,70.0,45.0,77.0,89.0,,99.0,80.0,55.0,57.0,72.0,51.0,40.0,71.0,54.0,59.0
2022,610096,Florence Nightingale Elementary School,50.0,60.0,41.0,40.0,52.0,73.0,29.0,26.0,44.0,46.0,30.0,48.0,25.0,57.0,,1.0,39.0,,40.0,58.0,53.0,56.0,58.0,49.0,55.0,1.0,74.0,52.0,56.0,54.0,44.0,19.0,33.0,51.0,33.0,59.0,,66.0,69.0,53.0,45.0,48.0,42.0,63.0,65.0,44.0,39.0
2022,610097,William P Nixon Elementary School,50.0,81.0,54.0,44.0,58.0,63.0,44.0,59.0,46.0,22.0,35.0,45.0,28.0,60.0,,5.0,46.0,,22.0,57.0,37.0,46.0,61.0,60.0,36.0,18.0,69.0,46.0,42.0,66.0,40.0,46.0,37.0,46.0,45.0,58.0,,67.0,65.0,45.0,61.0,55.0,42.0,58.0,43.0,55.0,62.0
2022,610098,Alfred Nobel Elementary School,71.0,47.0,39.0,27.0,48.0,74.0,17.0,57.0,68.0,56.0,1.0,70.0,10.0,38.0,,1.0,26.0,,64.0,33.0,78.0,67.0,50.0,65.0,62.0,1.0,40.0,80.0,82.0,75.0,70.0,2.0,30.0,64.0,28.0,55.0,,95.0,46.0,47.0,42.0,38.0,51.0,49.0,75.0,69.0,79.0
2022,610099,Norwood Park Elementary School,50.0,33.0,25.0,30.0,38.0,45.0,15.0,9.0,41.0,38.0,12.0,53.0,45.0,44.0,,8.0,73.0,,58.0,57.0,47.0,60.0,29.0,51.0,65.0,39.0,59.0,53.0,56.0,49.0,27.0,39.0,50.0,51.0,56.0,83.0,,54.0,65.0,59.0,44.0,45.0,56.0,44.0,65.0,55.0,51.0
2022,610100,West Park Elementary Academy,39.0,69.0,59.0,46.0,58.0,49.0,44.0,27.0,40.0,39.0,36.0,35.0,15.0,66.0,,1.0,42.0,,43.0,52.0,29.0,47.0,63.0,47.0,43.0,7.0,58.0,46.0,43.0,57.0,40.0,33.0,36.0,36.0,41.0,58.0,,88.0,54.0,37.0,56.0,52.0,40.0,43.0,50.0,26.0,54.0
2022,610101,William B Ogden Elementary School,50.0,44.0,40.0,37.0,48.0,,33.0,,,,16.0,,24.0,47.0,,9.0,53.0,,,62.0,,,59.0,,,34.0,39.0,,,,,34.0,43.0,,46.0,55.0,,,38.0,,45.0,42.0,,,,,
2022,610102,Richard J Oglesby Elementary School,29.0,87.0,62.0,63.0,67.0,50.0,44.0,22.0,15.0,23.0,53.0,17.0,28.0,82.0,,42.0,27.0,,36.0,35.0,13.0,28.0,83.0,21.0,29.0,32.0,91.0,32.0,6.0,41.0,18.0,46.0,28.0,7.0,38.0,44.0,,29.0,47.0,23.0,46.0,57.0,20.0,40.0,35.0,3.0,15.0
2022,610103,Isabelle C O'Keeffe Elementary School,91.0,84.0,75.0,71.0,82.0,25.0,69.0,57.0,63.0,59.0,51.0,52.0,47.0,94.0,,50.0,41.0,,70.0,47.0,59.0,64.0,91.0,61.0,57.0,58.0,77.0,59.0,71.0,71.0,89.0,39.0,38.0,47.0,73.0,83.0,,98.0,54.0,24.0,66.0,64.0,44.0,35.0,75.0,46.0,81.0
2022,610104,William J Onahan Elementary School,81.0,61.0,48.0,60.0,77.0,85.0,63.0,46.0,57.0,61.0,32.0,54.0,43.0,72.0,,36.0,79.0,,52.0,78.0,51.0,78.0,78.0,68.0,75.0,44.0,72.0,66.0,64.0,99.0,54.0,60.0,57.0,63.0,70.0,72.0,,81.0,59.0,71.0,66.0,61.0,49.0,57.0,92.0,51.0,51.0
2022,610105,Oriole Park Elementary School,91.0,42.0,47.0,40.0,58.0,91.0,37.0,45.0,64.0,55.0,25.0,64.0,52.0,55.0,,34.0,89.0,,46.0,52.0,53.0,76.0,53.0,60.0,79.0,44.0,66.0,66.0,63.0,85.0,49.0,45.0,67.0,84.0,72.0,85.0,,81.0,72.0,99.0,63.0,61.0,53.0,66.0,90.0,82.0,75.0
2022,610106,Brian Piccolo Elementary Specialty School,39.0,63.0,51.0,43.0,48.0,39.0,36.0,44.0,38.0,36.0,31.0,46.0,9.0,62.0,,20.0,38.0,,40.0,75.0,28.0,52.0,64.0,46.0,51.0,14.0,55.0,51.0,25.0,22.0,50.0,15.0,34.0,31.0,37.0,47.0,,59.0,48.0,17.0,49.0,47.0,49.0,25.0,58.0,57.0,53.0
2022,610107,James Otis Elementary School,29.0,50.0,40.0,31.0,44.0,44.0,24.0,27.0,26.0,24.0,2.0,28.0,10.0,50.0,,1.0,39.0,,21.0,33.0,16.0,44.0,48.0,41.0,51.0,1.0,50.0,46.0,30.0,45.0,25.0,17.0,33.0,10.0,44.0,74.0,,47.0,59.0,48.0,48.0,43.0,38.0,51.0,39.0,11.0,38.0
2022,610108,Luke O'Toole Elementary School,39.0,61.0,41.0,52.0,57.0,67.0,21.0,35.0,55.0,51.0,15.0,58.0,21.0,48.0,,22.0,29.0,,42.0,46.0,60.0,45.0,49.0,58.0,28.0,1.0,44.0,80.0,78.0,80.0,44.0,30.0,26.0,55.0,38.0,61.0,,60.0,43.0,26.0,39.0,38.0,39.0,58.0,50.0,52.0,56.0
2022,610109,William Bishop Owen Scholastic Academy ES,50.0,33.0,39.0,68.0,71.0,58.0,65.0,23.0,33.0,37.0,25.0,41.0,27.0,56.0,,12.0,46.0,,51.0,56.0,46.0,48.0,73.0,37.0,50.0,3.0,42.0,42.0,23.0,85.0,32.0,11.0,45.0,39.0,43.0,74.0,,69.0,39.0,47.0,37.0,41.0,36.0,47.0,57.0,39.0,42.0
2022,610110,Ida B Wells Preparatory Elementary Academy,91.0,82.0,99.0,99.0,88.0,57.0,99.0,25.0,52.0,43.0,99.0,63.0,84.0,99.0,,69.0,62.0,,57.0,68.0,63.0,60.0,99.0,66.0,53.0,99.0,99.0,74.0,80.0,56.0,42.0,52.0,53.0,45.0,78.0,97.0,,58.0,85.0,22.0,63.0,79.0,43.0,42.0,60.0,71.0,65.0
2022,610111,John Palmer Elementary School,39.0,60.0,35.0,57.0,62.0,61.0,41.0,52.0,38.0,27.0,29.0,39.0,28.0,74.0,,1.0,38.0,,26.0,56.0,36.0,55.0,57.0,50.0,50.0,8.0,73.0,56.0,56.0,61.0,20.0,33.0,48.0,35.0,45.0,53.0,,61.0,60.0,65.0,55.0,53.0,37.0,43.0,65.0,28.0,22.0
2022,610112,Francis W Parker Elementary Community Academy,71.0,65.0,46.0,71.0,68.0,57.0,47.0,70.0,62.0,68.0,32.0,54.0,10.0,65.0,,44.0,28.0,,86.0,25.0,62.0,48.0,66.0,75.0,30.0,57.0,40.0,76.0,73.0,70.0,63.0,38.0,20.0,33.0,50.0,44.0,,90.0,25.0,23.0,56.0,41.0,43.0,38.0,40.0,34.0,65.0
2022,610115,Park Manor Elementary School,81.0,74.0,45.0,71.0,72.0,55.0,33.0,47.0,67.0,66.0,67.0,71.0,24.0,57.0,,31.0,50.0,,46.0,77.0,79.0,52.0,87.0,60.0,37.0,51.0,65.0,80.0,82.0,72.0,50.0,46.0,36.0,69.0,57.0,67.0,,87.0,52.0,39.0,37.0,46.0,57.0,53.0,59.0,69.0,72.0
2022,610116,Parkside Elementary Community Academy,29.0,90.0,67.0,79.0,66.0,29.0,45.0,37.0,23.0,9.0,54.0,33.0,29.0,76.0,,25.0,34.0,,14.0,57.0,27.0,37.0,66.0,45.0,34.0,48.0,69.0,46.0,34.0,43.0,23.0,26.0,35.0,15.0,65.0,66.0,,47.0,65.0,31.0,45.0,54.0,34.0,31.0,33.0,23.0,19.0
2022,610117,Louis Pasteur Elementary School,99.0,99.0,99.0,99.0,98.0,57.0,99.0,50.0,66.0,60.0,,63.0,,99.0,,8.0,,,66.0,,71.0,73.0,99.0,89.0,66.0,,99.0,66.0,89.0,96.0,77.0,40.0,99.0,66.0,,,,78.0,,43.0,99.0,99.0,53.0,58.0,63.0,61.0,63.0
2022,610120,Ferdinand Peck Elementary School,81.0,99.0,99.0,99.0,99.0,75.0,68.0,68.0,58.0,52.0,,58.0,,99.0,,24.0,,,59.0,,72.0,77.0,99.0,76.0,75.0,,99.0,72.0,74.0,99.0,84.0,51.0,67.0,42.0,,,,65.0,,65.0,78.0,86.0,54.0,79.0,79.0,33.0,55.0
2022,610121,Washington Irving Elementary School,19.0,45.0,36.0,30.0,42.0,28.0,13.0,36.0,28.0,14.0,1.0,24.0,8.0,58.0,,13.0,41.0,,36.0,19.0,18.0,41.0,52.0,37.0,45.0,16.0,35.0,31.0,31.0,26.0,22.0,6.0,29.0,18.0,45.0,67.0,,41.0,47.0,2.0,28.0,32.0,33.0,21.0,40.0,12.0,43.0
2022,610122,Helen Peirce International Studies ES,61.0,71.0,58.0,54.0,68.0,62.0,71.0,9.0,29.0,30.0,50.0,34.0,43.0,67.0,,22.0,73.0,,31.0,77.0,24.0,66.0,75.0,75.0,60.0,51.0,71.0,39.0,33.0,76.0,39.0,43.0,60.0,39.0,73.0,90.0,,60.0,77.0,71.0,71.0,65.0,39.0,52.0,62.0,32.0,36.0
2022,610123,William Penn Elementary School,71.0,93.0,62.0,84.0,65.0,48.0,50.0,55.0,41.0,26.0,29.0,42.0,22.0,64.0,,40.0,19.0,,47.0,21.0,45.0,62.0,73.0,62.0,74.0,26.0,81.0,49.0,63.0,37.0,38.0,41.0,24.0,32.0,9.0,32.0,,28.0,14.0,1.0,43.0,53.0,41.0,22.0,51.0,33.0,29.0
2022,610124,Harold Washington Elementary School,71.0,99.0,99.0,99.0,93.0,61.0,99.0,45.0,49.0,46.0,99.0,56.0,99.0,99.0,,85.0,81.0,,51.0,99.0,66.0,58.0,99.0,57.0,59.0,85.0,59.0,85.0,78.0,76.0,70.0,67.0,76.0,46.0,99.0,99.0,,60.0,97.0,37.0,83.0,79.0,28.0,61.0,57.0,45.0,32.0
2022,610125,Irma C Ruiz Elementary School,61.0,51.0,52.0,38.0,51.0,33.0,34.0,37.0,51.0,47.0,17.0,49.0,28.0,61.0,,5.0,44.0,,56.0,40.0,50.0,68.0,42.0,63.0,69.0,16.0,50.0,62.0,63.0,64.0,49.0,24.0,44.0,45.0,42.0,68.0,,72.0,60.0,48.0,52.0,50.0,37.0,36.0,73.0,48.0,61.0
2022,610126,John J Pershing Elementary Humanities Magnet,61.0,62.0,40.0,67.0,68.0,64.0,47.0,54.0,42.0,30.0,48.0,40.0,43.0,70.0,,21.0,47.0,,30.0,60.0,43.0,46.0,73.0,41.0,49.0,28.0,61.0,59.0,60.0,60.0,56.0,34.0,37.0,18.0,60.0,50.0,,50.0,51.0,45.0,34.0,43.0,32.0,23.0,49.0,27.0,50.0
2022,610127,Mary Gage Peterson Elementary School,29.0,67.0,46.0,53.0,58.0,54.0,58.0,25.0,24.0,19.0,40.0,22.0,28.0,61.0,,11.0,64.0,,8.0,73.0,14.0,49.0,62.0,49.0,51.0,19.0,55.0,22.0,18.0,55.0,25.0,42.0,48.0,14.0,47.0,67.0,,43.0,63.0,56.0,55.0,51.0,37.0,44.0,48.0,14.0,42.0
2022,610128,Marcus Moziah Garvey Elementary School,50.0,,,,,63.0,,35.0,49.0,55.0,,57.0,,,,,,,46.0,,65.0,48.0,,52.0,42.0,,,52.0,62.0,45.0,55.0,,,51.0,,,,71.0,,46.0,,,37.0,43.0,51.0,74.0,44.0
2022,610129,Josiah Pickard Elementary School,91.0,47.0,59.0,65.0,82.0,75.0,71.0,32.0,63.0,65.0,43.0,66.0,19.0,85.0,,1.0,41.0,,66.0,1.0,73.0,85.0,82.0,66.0,89.0,1.0,60.0,85.0,91.0,94.0,64.0,28.0,52.0,65.0,56.0,98.0,,86.0,79.0,80.0,64.0,59.0,53.0,93.0,99.0,53.0,64.0
2022,610130,John T Pirie Fine Arts & Academic Center ES,61.0,91.0,99.0,99.0,99.0,,99.0,31.0,35.0,18.0,84.0,47.0,86.0,99.0,,82.0,36.0,,27.0,95.0,49.0,,99.0,,,73.0,94.0,53.0,67.0,,56.0,78.0,66.0,39.0,77.0,78.0,,26.0,52.0,,74.0,83.0,,28.0,1.0,40.0,18.0
2022,610131,Ambrose Plamondon Elementary School,50.0,45.0,63.0,41.0,62.0,63.0,30.0,24.0,32.0,36.0,14.0,40.0,8.0,94.0,,1.0,31.0,,41.0,29.0,54.0,40.0,66.0,41.0,34.0,8.0,20.0,55.0,55.0,47.0,51.0,5.0,48.0,8.0,46.0,63.0,,79.0,54.0,35.0,46.0,44.0,35.0,54.0,45.0,17.0,39.0
2022,610132,Edgar Allan Poe Elementary Classical School,50.0,,,,,86.0,,30.0,58.0,65.0,,39.0,,,,,,,87.0,,37.0,88.0,,66.0,99.0,,,59.0,65.0,84.0,61.0,,,65.0,,,,99.0,,78.0,,,42.0,65.0,99.0,19.0,67.0
2022,610133,Laura S Ward Elementary School,50.0,96.0,67.0,78.0,83.0,36.0,73.0,52.0,50.0,42.0,78.0,59.0,61.0,99.0,,62.0,53.0,,30.0,72.0,63.0,37.0,93.0,44.0,34.0,77.0,73.0,65.0,71.0,60.0,68.0,58.0,43.0,48.0,80.0,61.0,,62.0,52.0,19.0,48.0,58.0,48.0,32.0,34.0,58.0,35.0
2022,610135,Portage Park Elementary School,50.0,65.0,59.0,55.0,64.0,59.0,63.0,48.0,41.0,29.0,53.0,35.0,48.0,73.0,,14.0,53.0,,41.0,54.0,35.0,51.0,67.0,52.0,46.0,23.0,58.0,35.0,54.0,61.0,53.0,35.0,53.0,31.0,59.0,72.0,,42.0,68.0,63.0,58.0,57.0,37.0,41.0,54.0,32.0,42.0
2022,610136,William H Prescott Elementary School,39.0,45.0,43.0,65.0,81.0,72.0,66.0,41.0,32.0,21.0,42.0,39.0,55.0,79.0,,25.0,59.0,,16.0,69.0,29.0,59.0,86.0,50.0,65.0,52.0,63.0,44.0,48.0,92.0,24.0,50.0,57.0,37.0,75.0,85.0,,83.0,73.0,79.0,53.0,54.0,47.0,41.0,63.0,37.0,15.0
2022,610137,Ernst Prussing Elementary School,19.0,31.0,25.0,36.0,52.0,49.0,16.0,39.0,26.0,13.0,11.0,25.0,20.0,55.0,,1.0,49.0,,7.0,43.0,13.0,41.0,55.0,48.0,39.0,1.0,53.0,32.0,27.0,61.0,27.0,20.0,37.0,30.0,34.0,62.0,,38.0,50.0,48.0,41.0,39.0,34.0,29.0,37.0,22.0,23.0
2022,610138,Pulaski International School of Chicago,61.0,37.0,28.0,37.0,56.0,73.0,34.0,24.0,41.0,43.0,1.0,42.0,25.0,53.0,,1.0,59.0,,48.0,79.0,27.0,71.0,51.0,46.0,81.0,13.0,57.0,52.0,29.0,84.0,34.0,31.0,50.0,42.0,32.0,69.0,,67.0,53.0,78.0,48.0,46.0,49.0,59.0,85.0,39.0,69.0
2022,610139,George M Pullman Elementary School,29.0,75.0,68.0,84.0,68.0,45.0,59.0,39.0,28.0,14.0,9.0,32.0,1.0,76.0,,4.0,24.0,,3.0,37.0,29.0,37.0,67.0,42.0,37.0,1.0,47.0,31.0,53.0,44.0,44.0,25.0,33.0,21.0,1.0,7.0,,64.0,19.0,20.0,40.0,47.0,40.0,24.0,32.0,28.0,13.0
2022,610141,Ravenswood Elementary School,61.0,35.0,37.0,44.0,57.0,45.0,45.0,40.0,55.0,52.0,20.0,46.0,17.0,58.0,,1.0,57.0,,82.0,69.0,28.0,72.0,53.0,61.0,77.0,24.0,51.0,58.0,56.0,71.0,64.0,36.0,52.0,48.0,54.0,70.0,,48.0,56.0,70.0,43.0,46.0,49.0,50.0,78.0,47.0,77.0
2022,610142,William H Ray Elementary School,91.0,43.0,44.0,52.0,64.0,57.0,44.0,55.0,66.0,64.0,17.0,66.0,19.0,59.0,,25.0,48.0,,85.0,34.0,72.0,79.0,65.0,70.0,77.0,42.0,49.0,66.0,79.0,81.0,79.0,39.0,38.0,58.0,32.0,43.0,,83.0,29.0,59.0,44.0,44.0,61.0,33.0,91.0,64.0,76.0
2022,610143,William C Reavis Math & Science Specialty ES,1.0,60.0,33.0,55.0,37.0,42.0,4.0,18.0,37.0,47.0,5.0,31.0,26.0,35.0,,22.0,26.0,,37.0,13.0,28.0,37.0,36.0,43.0,30.0,31.0,67.0,47.0,51.0,21.0,22.0,32.0,24.0,21.0,13.0,45.0,,58.0,11.0,17.0,19.0,36.0,28.0,22.0,38.0,20.0,47.0
2022,610144,Frank W Reilly Elementary School,50.0,60.0,45.0,39.0,52.0,64.0,35.0,25.0,43.0,32.0,31.0,46.0,27.0,58.0,,1.0,53.0,,18.0,50.0,37.0,54.0,41.0,41.0,59.0,3.0,65.0,45.0,60.0,71.0,39.0,17.0,43.0,53.0,39.0,62.0,,50.0,62.0,52.0,57.0,53.0,47.0,55.0,63.0,53.0,46.0
2022,610145,Peter A Reinberg Elementary School,61.0,52.0,38.0,53.0,67.0,68.0,51.0,32.0,41.0,24.0,27.0,46.0,29.0,69.0,,1.0,47.0,,22.0,73.0,44.0,48.0,73.0,43.0,52.0,1.0,64.0,44.0,50.0,71.0,36.0,32.0,50.0,62.0,43.0,69.0,,88.0,58.0,55.0,60.0,53.0,39.0,59.0,50.0,56.0,39.0
2022,610146,Paul Revere Elementary School,50.0,85.0,70.0,61.0,70.0,,49.0,,29.0,23.0,26.0,43.0,17.0,66.0,,51.0,44.0,,25.0,41.0,62.0,,82.0,59.0,,50.0,80.0,29.0,71.0,,40.0,58.0,37.0,3.0,43.0,32.0,,63.0,34.0,,43.0,58.0,31.0,1.0,,50.0,20.0
2022,610147,Philip Rogers Elementary School,91.0,60.0,35.0,44.0,61.0,70.0,44.0,47.0,64.0,51.0,18.0,66.0,46.0,57.0,,14.0,64.0,,62.0,69.0,72.0,70.0,60.0,70.0,60.0,25.0,66.0,67.0,91.0,83.0,68.0,43.0,50.0,76.0,65.0,87.0,,81.0,82.0,68.0,56.0,52.0,52.0,65.0,80.0,73.0,57.0
2022,610148,Cesar E Chavez Multicultural Academic Center ES,91.0,64.0,62.0,57.0,66.0,83.0,48.0,47.0,66.0,75.0,45.0,67.0,38.0,75.0,,3.0,52.0,,68.0,53.0,62.0,63.0,57.0,46.0,64.0,9.0,65.0,79.0,72.0,75.0,59.0,44.0,44.0,65.0,57.0,81.0,,91.0,77.0,52.0,61.0,58.0,60.0,69.0,78.0,66.0,69.0
2022,610152,Martha Ruggles Elementary School,19.0,54.0,40.0,65.0,57.0,48.0,40.0,51.0,38.0,28.0,63.0,32.0,42.0,75.0,,23.0,31.0,,36.0,46.0,30.0,38.0,58.0,38.0,45.0,56.0,72.0,43.0,51.0,30.0,40.0,28.0,16.0,16.0,39.0,40.0,,54.0,22.0,30.0,36.0,41.0,35.0,23.0,32.0,20.0,43.0
2022,610153,William H Ryder Math & Science Specialty ES,99.0,99.0,99.0,99.0,91.0,44.0,99.0,76.0,78.0,65.0,99.0,70.0,99.0,99.0,,99.0,61.0,,80.0,86.0,73.0,74.0,99.0,75.0,68.0,73.0,99.0,72.0,99.0,68.0,83.0,99.0,85.0,76.0,99.0,65.0,,99.0,70.0,40.0,83.0,92.0,53.0,57.0,78.0,82.0,75.0
2022,610155,Sauganash Elementary School,81.0,54.0,45.0,57.0,63.0,73.0,56.0,50.0,47.0,49.0,41.0,51.0,39.0,41.0,,22.0,82.0,,60.0,82.0,49.0,73.0,56.0,65.0,70.0,24.0,71.0,64.0,49.0,99.0,63.0,49.0,78.0,49.0,66.0,82.0,,99.0,66.0,88.0,76.0,68.0,52.0,63.0,85.0,40.0,37.0
2022,610157,Sidney Sawyer Elementary School,29.0,53.0,41.0,37.0,46.0,57.0,26.0,20.0,25.0,21.0,16.0,20.0,18.0,50.0,,1.0,45.0,,10.0,62.0,19.0,41.0,55.0,42.0,40.0,1.0,58.0,22.0,24.0,41.0,27.0,23.0,40.0,19.0,27.0,52.0,,56.0,53.0,33.0,55.0,49.0,23.0,38.0,42.0,17.0,39.0
2022,610158,Harriet E Sayre Elementary Language Academy,29.0,38.0,44.0,47.0,45.0,34.0,40.0,28.0,29.0,22.0,2.0,22.0,13.0,45.0,,1.0,41.0,,23.0,78.0,18.0,44.0,50.0,54.0,41.0,1.0,43.0,12.0,34.0,38.0,41.0,21.0,43.0,21.0,41.0,74.0,,42.0,45.0,22.0,57.0,47.0,32.0,32.0,37.0,27.0,42.0
2022,610159,Jonathan Y Scammon Elementary School,99.0,64.0,59.0,50.0,63.0,74.0,54.0,48.0,60.0,54.0,38.0,62.0,39.0,69.0,,1.0,55.0,,49.0,61.0,76.0,83.0,39.0,74.0,78.0,22.0,67.0,64.0,86.0,94.0,54.0,47.0,60.0,66.0,61.0,94.0,,77.0,82.0,79.0,75.0,65.0,50.0,87.0,98.0,58.0,47.0
2022,610163,Frederick Stock Elementary School,81.0,,,,,,,86.0,83.0,88.0,,80.0,,,,,,,99.0,,90.0,99.0,,99.0,99.0,,,99.0,91.0,,80.0,,,79.0,,,,99.0,,,,,64.0,86.0,99.0,66.0,73.0
2022,610165,Franz Peter Schubert Elementary School,71.0,97.0,50.0,78.0,66.0,62.0,41.0,55.0,43.0,28.0,,48.0,,50.0,,1.0,,,32.0,,59.0,64.0,53.0,72.0,66.0,,44.0,49.0,60.0,83.0,43.0,8.0,18.0,39.0,,,,68.0,,39.0,63.0,44.0,48.0,30.0,55.0,35.0,34.0
2022,610167,William H Seward Communication Arts Academy ES,50.0,49.0,40.0,33.0,44.0,43.0,31.0,26.0,47.0,39.0,21.0,53.0,12.0,52.0,,1.0,37.0,,41.0,75.0,47.0,49.0,52.0,50.0,44.0,1.0,63.0,63.0,61.0,37.0,30.0,20.0,31.0,58.0,38.0,41.0,,67.0,56.0,33.0,51.0,46.0,51.0,52.0,52.0,52.0,52.0
2022,610170,Columbia Explorers Elementary Academy,99.0,64.0,69.0,46.0,71.0,90.0,61.0,78.0,75.0,65.0,55.0,67.0,46.0,68.0,,7.0,50.0,,73.0,59.0,68.0,88.0,70.0,83.0,84.0,13.0,73.0,76.0,99.0,99.0,67.0,42.0,42.0,66.0,73.0,87.0,,99.0,89.0,78.0,69.0,63.0,68.0,76.0,96.0,54.0,67.0
2022,610171,Arnold Mireles Elementary Academy,50.0,58.0,41.0,51.0,58.0,22.0,27.0,26.0,45.0,46.0,8.0,51.0,18.0,54.0,,1.0,35.0,,55.0,30.0,61.0,48.0,65.0,55.0,35.0,1.0,48.0,60.0,69.0,60.0,52.0,24.0,29.0,40.0,31.0,46.0,,98.0,39.0,40.0,46.0,41.0,40.0,27.0,55.0,44.0,44.0
2022,610172,William T Sherman Elementary School,99.0,99.0,99.0,99.0,96.0,60.0,99.0,99.0,87.0,79.0,82.0,83.0,87.0,99.0,,90.0,67.0,,99.0,57.0,88.0,93.0,99.0,96.0,85.0,89.0,99.0,99.0,99.0,88.0,99.0,94.0,62.0,61.0,99.0,73.0,,99.0,59.0,69.0,88.0,87.0,61.0,50.0,99.0,83.0,99.0
2022,610173,Jesse Sherwood Elementary School,81.0,86.0,60.0,85.0,82.0,55.0,69.0,31.0,49.0,49.0,52.0,51.0,50.0,87.0,,52.0,74.0,,72.0,37.0,44.0,71.0,99.0,65.0,74.0,35.0,85.0,62.0,63.0,55.0,42.0,72.0,68.0,43.0,83.0,90.0,,73.0,80.0,37.0,56.0,67.0,51.0,46.0,73.0,45.0,59.0
2022,610174,James Shields Elementary School,71.0,99.0,99.0,99.0,96.0,75.0,99.0,39.0,47.0,56.0,,50.0,,99.0,,46.0,,,75.0,,62.0,59.0,99.0,61.0,54.0,,99.0,64.0,46.0,85.0,71.0,73.0,33.0,40.0,,,,55.0,,35.0,76.0,77.0,43.0,61.0,63.0,31.0,55.0
2022,610175,Beulah Shoesmith Elementary School,29.0,,,,,47.0,,39.0,44.0,27.0,,38.0,,,,,,,39.0,,18.0,19.0,,25.0,13.0,,,53.0,36.0,45.0,31.0,,,51.0,,,,66.0,,1.0,,,47.0,41.0,19.0,33.0,67.0
2022,610176,John D Shoop Math-Science Technical Academy ES,50.0,54.0,43.0,52.0,64.0,73.0,27.0,54.0,52.0,58.0,30.0,52.0,33.0,74.0,,48.0,31.0,,63.0,22.0,64.0,57.0,60.0,58.0,49.0,40.0,21.0,67.0,74.0,68.0,66.0,45.0,22.0,22.0,40.0,19.0,,66.0,21.0,37.0,27.0,28.0,38.0,18.0,65.0,37.0,51.0
2022,610177,Mark Skinner Elementary School,39.0,48.0,43.0,58.0,59.0,59.0,43.0,31.0,33.0,23.0,38.0,38.0,26.0,46.0,,19.0,57.0,,16.0,37.0,31.0,71.0,54.0,54.0,79.0,35.0,54.0,29.0,30.0,78.0,21.0,60.0,49.0,42.0,21.0,35.0,,59.0,25.0,74.0,46.0,48.0,43.0,28.0,81.0,49.0,41.0
2022,610178,Theophilus Schmid Elementary School,50.0,50.0,50.0,42.0,52.0,52.0,26.0,67.0,57.0,66.0,25.0,53.0,11.0,47.0,,13.0,41.0,,73.0,32.0,45.0,58.0,56.0,49.0,57.0,7.0,43.0,70.0,46.0,64.0,66.0,21.0,34.0,34.0,24.0,31.0,,99.0,18.0,41.0,53.0,45.0,48.0,40.0,69.0,50.0,71.0
2022,610179,Washington D Smyser Elementary School,71.0,55.0,56.0,49.0,61.0,55.0,65.0,30.0,40.0,41.0,34.0,53.0,40.0,67.0,,11.0,56.0,,29.0,48.0,48.0,54.0,68.0,53.0,58.0,31.0,64.0,63.0,50.0,60.0,37.0,32.0,56.0,37.0,47.0,78.0,,34.0,61.0,47.0,73.0,62.0,42.0,43.0,51.0,60.0,41.0
2022,610180,John M Smyth Elementary School,61.0,84.0,60.0,80.0,60.0,3.0,57.0,41.0,42.0,27.0,55.0,49.0,60.0,74.0,,26.0,46.0,,27.0,50.0,47.0,43.0,69.0,56.0,36.0,53.0,71.0,56.0,61.0,18.0,65.0,34.0,30.0,27.0,71.0,30.0,,88.0,27.0,16.0,55.0,54.0,38.0,10.0,36.0,53.0,53.0
2022,610182,Hannah G Solomon Elementary School,71.0,57.0,55.0,43.0,59.0,70.0,50.0,22.0,47.0,48.0,41.0,50.0,64.0,50.0,,28.0,75.0,,35.0,42.0,44.0,68.0,77.0,59.0,71.0,39.0,87.0,57.0,59.0,64.0,23.0,75.0,61.0,66.0,77.0,93.0,,99.0,81.0,70.0,63.0,67.0,45.0,68.0,74.0,53.0,41.0
2022,610183,Spencer Technology Academy,10.0,65.0,48.0,64.0,59.0,18.0,47.0,23.0,24.0,17.0,25.0,32.0,19.0,68.0,,33.0,18.0,,7.0,36.0,27.0,26.0,76.0,39.0,15.0,16.0,60.0,40.0,47.0,28.0,17.0,36.0,16.0,1.0,26.0,30.0,,80.0,32.0,13.0,29.0,38.0,33.0,8.0,24.0,29.0,33.0
2022,610184,John Spry Elementary Community School,29.0,47.0,28.0,34.0,45.0,28.0,20.0,10.0,33.0,28.0,1.0,28.0,31.0,60.0,,1.0,43.0,,8.0,16.0,23.0,51.0,58.0,37.0,69.0,1.0,58.0,29.0,41.0,28.0,20.0,22.0,41.0,39.0,36.0,65.0,,35.0,70.0,24.0,44.0,43.0,29.0,41.0,47.0,30.0,45.0
2022,610185,Adlai E Stevenson Elementary School,99.0,68.0,70.0,55.0,67.0,63.0,49.0,80.0,76.0,58.0,52.0,65.0,44.0,66.0,,19.0,59.0,,70.0,59.0,72.0,89.0,47.0,72.0,96.0,35.0,76.0,75.0,99.0,99.0,95.0,42.0,49.0,64.0,55.0,60.0,,99.0,65.0,83.0,67.0,66.0,62.0,55.0,99.0,49.0,77.0
2022,610188,Dunne Technology Academy,99.0,99.0,99.0,99.0,98.0,60.0,99.0,71.0,85.0,75.0,99.0,83.0,99.0,99.0,,99.0,99.0,,99.0,99.0,91.0,71.0,99.0,72.0,54.0,99.0,99.0,99.0,99.0,95.0,66.0,99.0,99.0,79.0,99.0,99.0,,99.0,99.0,54.0,99.0,99.0,57.0,67.0,87.0,86.0,99.0
2022,610191,Stone Elementary Scholastic Academy,71.0,39.0,40.0,45.0,59.0,65.0,52.0,44.0,51.0,38.0,23.0,60.0,31.0,71.0,,10.0,65.0,,39.0,77.0,56.0,71.0,68.0,77.0,61.0,18.0,61.0,64.0,69.0,50.0,47.0,43.0,59.0,56.0,75.0,92.0,,66.0,72.0,74.0,53.0,53.0,55.0,56.0,75.0,64.0,46.0
2022,610192,Harriet Beecher Stowe Elementary School,10.0,43.0,36.0,31.0,36.0,19.0,8.0,29.0,27.0,11.0,1.0,33.0,1.0,44.0,,1.0,30.0,,14.0,41.0,33.0,45.0,30.0,44.0,50.0,1.0,31.0,34.0,49.0,40.0,19.0,3.0,23.0,22.0,3.0,27.0,,62.0,21.0,27.0,43.0,33.0,34.0,15.0,40.0,30.0,23.0
2022,610193,William K New Sullivan Elementary School,61.0,59.0,49.0,53.0,60.0,67.0,55.0,48.0,49.0,48.0,49.0,49.0,33.0,58.0,,9.0,27.0,,45.0,55.0,50.0,52.0,68.0,62.0,41.0,4.0,40.0,48.0,54.0,61.0,56.0,35.0,30.0,50.0,32.0,62.0,,68.0,53.0,32.0,43.0,41.0,42.0,62.0,53.0,55.0,43.0
2022,610194,Charles Sumner Math & Science Community Acad ES,61.0,58.0,57.0,56.0,51.0,20.0,53.0,45.0,62.0,58.0,25.0,59.0,18.0,58.0,,19.0,26.0,,73.0,1.0,62.0,55.0,47.0,56.0,51.0,15.0,66.0,62.0,71.0,42.0,58.0,9.0,28.0,60.0,46.0,60.0,,70.0,44.0,26.0,31.0,46.0,47.0,51.0,59.0,65.0,75.0
2022,610195,Elizabeth H Sutherland Elementary School,39.0,53.0,45.0,54.0,54.0,23.0,49.0,38.0,24.0,22.0,27.0,37.0,36.0,68.0,,30.0,65.0,,9.0,45.0,30.0,61.0,63.0,57.0,64.0,48.0,50.0,42.0,16.0,29.0,47.0,28.0,64.0,34.0,56.0,83.0,,66.0,60.0,34.0,55.0,54.0,36.0,24.0,63.0,39.0,9.0
2022,610196,George B Swift Elementary Specialty School,50.0,54.0,60.0,53.0,58.0,59.0,51.0,18.0,38.0,24.0,17.0,47.0,27.0,58.0,,11.0,43.0,,29.0,77.0,31.0,60.0,71.0,52.0,65.0,11.0,56.0,52.0,51.0,48.0,24.0,37.0,44.0,43.0,42.0,47.0,,49.0,46.0,65.0,58.0,55.0,44.0,45.0,64.0,60.0,52.0
2022,610197,Mancel Talcott Elementary School,39.0,44.0,42.0,34.0,49.0,57.0,25.0,43.0,43.0,38.0,22.0,31.0,20.0,77.0,,1.0,51.0,,43.0,56.0,27.0,47.0,53.0,34.0,48.0,21.0,70.0,38.0,41.0,33.0,40.0,15.0,47.0,36.0,49.0,87.0,,54.0,66.0,39.0,49.0,52.0,33.0,62.0,59.0,26.0,57.0
2022,610198,Douglas Taylor Elementary School,29.0,53.0,22.0,30.0,39.0,,17.0,,,,10.0,,14.0,47.0,,1.0,33.0,,,43.0,,,41.0,,,1.0,49.0,,,,,15.0,31.0,,29.0,49.0,,,45.0,,32.0,34.0,,,,,
2022,610199,Johnnie Colemon Elementary Academy,91.0,27.0,50.0,65.0,77.0,97.0,51.0,33.0,63.0,58.0,55.0,75.0,42.0,67.0,,15.0,45.0,,78.0,80.0,70.0,83.0,90.0,84.0,73.0,41.0,53.0,90.0,74.0,87.0,16.0,25.0,55.0,75.0,56.0,83.0,,99.0,65.0,69.0,36.0,49.0,68.0,88.0,93.0,70.0,77.0
2022,610200,James N Thorp Elementary School,61.0,34.0,46.0,36.0,66.0,50.0,40.0,38.0,52.0,37.0,1.0,62.0,6.0,85.0,,7.0,23.0,,35.0,44.0,57.0,46.0,80.0,43.0,38.0,1.0,3.0,69.0,75.0,63.0,69.0,1.0,29.0,48.0,32.0,59.0,,66.0,13.0,39.0,40.0,30.0,54.0,36.0,57.0,69.0,60.0
2022,610201,Ole A Thorp Elementary Scholastic Academy,39.0,58.0,40.0,60.0,56.0,51.0,46.0,44.0,37.0,26.0,15.0,28.0,23.0,48.0,,16.0,50.0,,30.0,78.0,24.0,61.0,50.0,60.0,63.0,13.0,56.0,30.0,29.0,67.0,32.0,51.0,50.0,39.0,23.0,72.0,,37.0,55.0,57.0,48.0,49.0,35.0,44.0,61.0,21.0,49.0
2022,610202,George W Tilton Elementary School,71.0,95.0,84.0,96.0,98.0,,77.0,,,,79.0,,84.0,99.0,,69.0,68.0,,,83.0,,,99.0,,,70.0,99.0,,,,,80.0,46.0,,83.0,50.0,,,54.0,,59.0,72.0,,,,,
2022,610203,Enrico Tonti Elementary School,71.0,99.0,55.0,77.0,78.0,76.0,47.0,46.0,34.0,23.0,,47.0,,94.0,,26.0,,,16.0,,49.0,60.0,99.0,72.0,67.0,,99.0,51.0,41.0,40.0,31.0,79.0,26.0,42.0,,,,12.0,,43.0,77.0,64.0,50.0,73.0,41.0,37.0,17.0
2022,610206,Mark Twain Elementary School,61.0,47.0,35.0,37.0,48.0,71.0,24.0,49.0,58.0,48.0,29.0,54.0,25.0,55.0,,1.0,49.0,,50.0,56.0,51.0,62.0,31.0,54.0,62.0,3.0,52.0,62.0,67.0,69.0,51.0,24.0,42.0,53.0,29.0,66.0,,82.0,53.0,62.0,43.0,43.0,48.0,56.0,69.0,53.0,75.0
2022,610207,John H Vanderpoel Elementary Magnet School,29.0,39.0,29.0,72.0,54.0,45.0,38.0,30.0,38.0,19.0,41.0,42.0,23.0,53.0,,17.0,39.0,,11.0,53.0,31.0,58.0,58.0,41.0,61.0,38.0,37.0,50.0,53.0,34.0,48.0,31.0,48.0,42.0,29.0,83.0,,66.0,54.0,36.0,29.0,36.0,40.0,45.0,71.0,46.0,48.0
2022,610208,Mildred I Lavizzo Elementary School,61.0,78.0,46.0,64.0,72.0,,53.0,,,,52.0,,31.0,76.0,,35.0,36.0,,,69.0,,,76.0,,,29.0,54.0,,,,,55.0,26.0,,51.0,58.0,,,43.0,,46.0,43.0,,,,,
2022,610209,Alessandro Volta Elementary School,61.0,55.0,39.0,32.0,55.0,71.0,25.0,31.0,50.0,48.0,9.0,50.0,18.0,57.0,,1.0,36.0,,49.0,42.0,47.0,77.0,56.0,58.0,82.0,1.0,64.0,63.0,62.0,76.0,54.0,29.0,31.0,56.0,25.0,42.0,,68.0,57.0,66.0,51.0,46.0,46.0,47.0,92.0,45.0,51.0
2022,610212,Albany Park Multicultural Academy,91.0,54.0,43.0,44.0,74.0,73.0,30.0,98.0,87.0,85.0,12.0,80.0,23.0,85.0,,1.0,42.0,,72.0,59.0,88.0,70.0,77.0,79.0,56.0,1.0,63.0,96.0,84.0,88.0,85.0,3.0,31.0,76.0,41.0,65.0,,66.0,61.0,43.0,49.0,47.0,69.0,61.0,74.0,67.0,94.0
2022,610213,James Wadsworth Elementary School,39.0,69.0,58.0,64.0,71.0,42.0,50.0,18.0,23.0,6.0,36.0,38.0,46.0,72.0,,38.0,48.0,,5.0,49.0,41.0,42.0,84.0,47.0,38.0,49.0,52.0,44.0,42.0,63.0,19.0,41.0,62.0,24.0,67.0,60.0,,18.0,45.0,14.0,49.0,55.0,27.0,36.0,41.0,39.0,25.0
2022,610215,Francisco I Madero Middle School,61.0,88.0,45.0,73.0,76.0,62.0,38.0,34.0,46.0,47.0,53.0,45.0,16.0,88.0,,1.0,27.0,,22.0,66.0,35.0,52.0,49.0,60.0,34.0,23.0,56.0,72.0,74.0,92.0,43.0,12.0,22.0,30.0,43.0,58.0,,47.0,55.0,84.0,60.0,46.0,66.0,57.0,62.0,5.0,45.0
2022,610216,John A Walsh Elementary School,61.0,53.0,46.0,29.0,48.0,59.0,42.0,31.0,48.0,33.0,28.0,54.0,10.0,54.0,,8.0,56.0,,30.0,59.0,45.0,65.0,57.0,49.0,67.0,20.0,53.0,50.0,66.0,53.0,28.0,36.0,48.0,69.0,47.0,76.0,,77.0,56.0,45.0,59.0,52.0,47.0,77.0,79.0,73.0,40.0
2022,610217,James Ward Elementary School,61.0,53.0,44.0,48.0,59.0,54.0,38.0,31.0,47.0,37.0,43.0,47.0,37.0,48.0,,1.0,64.0,,20.0,64.0,46.0,74.0,60.0,77.0,72.0,1.0,69.0,48.0,65.0,81.0,50.0,37.0,41.0,51.0,62.0,83.0,,68.0,75.0,72.0,56.0,53.0,50.0,53.0,73.0,45.0,49.0
2022,610218,Joseph Warren Elementary School,81.0,54.0,54.0,75.0,77.0,64.0,52.0,40.0,59.0,56.0,52.0,61.0,14.0,72.0,,28.0,21.0,,70.0,67.0,74.0,64.0,66.0,64.0,50.0,20.0,59.0,74.0,90.0,96.0,73.0,55.0,47.0,47.0,17.0,58.0,,64.0,41.0,38.0,36.0,49.0,42.0,61.0,77.0,55.0,64.0
2022,610219,George Washington Elementary School,71.0,67.0,69.0,68.0,74.0,69.0,59.0,23.0,40.0,38.0,72.0,48.0,63.0,84.0,,18.0,64.0,,31.0,70.0,43.0,57.0,69.0,50.0,63.0,51.0,80.0,58.0,49.0,73.0,23.0,51.0,83.0,47.0,72.0,99.0,,59.0,86.0,57.0,76.0,77.0,40.0,52.0,58.0,50.0,41.0
2022,610220,Thomas J Waters Elementary School,81.0,46.0,39.0,53.0,71.0,83.0,56.0,45.0,57.0,48.0,30.0,54.0,41.0,57.0,,27.0,77.0,,55.0,76.0,52.0,82.0,73.0,73.0,90.0,40.0,72.0,65.0,61.0,99.0,55.0,53.0,67.0,61.0,72.0,94.0,,57.0,75.0,76.0,63.0,60.0,51.0,63.0,82.0,48.0,69.0
2022,610221,Daniel Webster Elementary School,91.0,81.0,65.0,58.0,74.0,57.0,55.0,47.0,58.0,65.0,68.0,60.0,57.0,83.0,,55.0,56.0,,50.0,22.0,74.0,64.0,99.0,69.0,46.0,40.0,64.0,63.0,88.0,57.0,51.0,49.0,50.0,47.0,87.0,94.0,,46.0,86.0,34.0,61.0,60.0,47.0,55.0,76.0,57.0,44.0
2022,610223,Daniel S Wentworth Elementary School,1.0,64.0,36.0,42.0,37.0,1.0,23.0,27.0,27.0,15.0,34.0,29.0,38.0,42.0,,24.0,32.0,,15.0,60.0,23.0,22.0,58.0,27.0,19.0,20.0,39.0,39.0,41.0,7.0,39.0,27.0,10.0,5.0,30.0,14.0,,68.0,14.0,1.0,23.0,27.0,30.0,8.0,21.0,24.0,49.0
2022,610226,Socorro Sandoval Elementary School,81.0,99.0,73.0,76.0,81.0,67.0,35.0,48.0,41.0,40.0,,48.0,,80.0,,18.0,,,37.0,,54.0,65.0,67.0,71.0,65.0,,89.0,62.0,51.0,99.0,26.0,53.0,32.0,31.0,,,,57.0,,52.0,61.0,64.0,49.0,63.0,58.0,28.0,33.0
2022,610227,Eli Whitney Elementary School,50.0,56.0,41.0,27.0,47.0,59.0,21.0,50.0,41.0,25.0,23.0,42.0,10.0,49.0,,1.0,29.0,,34.0,71.0,42.0,51.0,33.0,60.0,53.0,1.0,51.0,39.0,53.0,78.0,38.0,7.0,29.0,40.0,31.0,47.0,,55.0,60.0,49.0,50.0,43.0,42.0,47.0,41.0,43.0,39.0
2022,610228,John Greenleaf Whittier Elementary School,61.0,50.0,47.0,16.0,50.0,73.0,3.0,1.0,49.0,47.0,5.0,61.0,1.0,54.0,,1.0,43.0,,53.0,51.0,48.0,55.0,50.0,43.0,51.0,1.0,51.0,75.0,68.0,78.0,24.0,16.0,32.0,62.0,24.0,58.0,,58.0,45.0,59.0,52.0,46.0,52.0,59.0,72.0,67.0,68.0
2022,610229,A.N. Pritzker School,39.0,52.0,38.0,38.0,48.0,55.0,40.0,22.0,38.0,32.0,28.0,41.0,28.0,47.0,,7.0,48.0,,20.0,53.0,36.0,58.0,49.0,50.0,62.0,20.0,49.0,34.0,42.0,56.0,26.0,36.0,48.0,43.0,44.0,69.0,,25.0,49.0,59.0,55.0,48.0,43.0,45.0,61.0,50.0,51.0
2022,610230,Wildwood IB World Magnet School,81.0,18.0,16.0,27.0,59.0,82.0,36.0,54.0,64.0,48.0,1.0,62.0,43.0,33.0,,7.0,81.0,,61.0,49.0,61.0,83.0,76.0,70.0,91.0,21.0,56.0,70.0,79.0,99.0,45.0,30.0,58.0,68.0,41.0,79.0,,72.0,62.0,77.0,34.0,41.0,47.0,67.0,87.0,71.0,69.0
2022,610231,National Teachers Elementary Academy,50.0,61.0,51.0,78.0,66.0,27.0,56.0,33.0,31.0,22.0,27.0,45.0,28.0,69.0,,19.0,50.0,,14.0,69.0,41.0,50.0,76.0,51.0,50.0,23.0,48.0,54.0,44.0,41.0,28.0,41.0,44.0,30.0,40.0,43.0,,83.0,23.0,23.0,46.0,47.0,34.0,24.0,50.0,49.0,27.0
2022,610234,Richard Yates Elementary School,29.0,73.0,51.0,52.0,49.0,11.0,32.0,22.0,28.0,11.0,36.0,36.0,1.0,53.0,,1.0,34.0,,16.0,54.0,43.0,44.0,62.0,43.0,60.0,1.0,54.0,40.0,57.0,28.0,45.0,1.0,30.0,19.0,14.0,34.0,,58.0,38.0,15.0,36.0,43.0,39.0,26.0,30.0,20.0,29.0
2022,610235,Ella Flagg Young Elementary School,61.0,62.0,42.0,57.0,64.0,80.0,32.0,57.0,52.0,36.0,9.0,42.0,20.0,71.0,,12.0,34.0,,40.0,44.0,44.0,65.0,54.0,65.0,58.0,24.0,51.0,42.0,59.0,73.0,60.0,30.0,26.0,45.0,29.0,33.0,,76.0,34.0,39.0,36.0,39.0,42.0,39.0,73.0,39.0,65.0
2022,610237,Ludwig Van Beethoven Elementary School,19.0,,,,,38.0,,25.0,20.0,9.0,,17.0,,,,,,,9.0,,13.0,32.0,,23.0,28.0,,,41.0,21.0,53.0,24.0,,,1.0,,,,72.0,,9.0,,,11.0,16.0,44.0,1.0,44.0
2022,610238,Carrie Jacobs Bond Elementary School,39.0,81.0,78.0,67.0,63.0,1.0,84.0,51.0,37.0,27.0,35.0,34.0,41.0,86.0,,37.0,39.0,,36.0,52.0,29.0,34.0,96.0,46.0,29.0,22.0,94.0,47.0,40.0,1.0,56.0,47.0,35.0,26.0,82.0,72.0,,83.0,63.0,1.0,55.0,66.0,30.0,17.0,28.0,31.0,39.0
2022,610239,Richard J Daley Elementary Academy,29.0,52.0,38.0,25.0,41.0,60.0,9.0,30.0,38.0,32.0,1.0,34.0,11.0,45.0,,1.0,40.0,,38.0,43.0,43.0,58.0,42.0,55.0,56.0,1.0,56.0,39.0,47.0,53.0,41.0,23.0,31.0,32.0,17.0,59.0,,68.0,54.0,37.0,43.0,42.0,29.0,50.0,62.0,26.0,47.0
2022,610242,Joseph Brennemann Elementary School,29.0,75.0,60.0,64.0,56.0,1.0,58.0,18.0,33.0,32.0,53.0,39.0,26.0,58.0,,1.0,33.0,,33.0,64.0,26.0,45.0,64.0,45.0,43.0,1.0,68.0,47.0,41.0,39.0,46.0,37.0,30.0,19.0,40.0,53.0,,61.0,67.0,28.0,60.0,55.0,41.0,10.0,47.0,42.0,54.0
2022,610244,Michele Clark Academic Prep Magnet High School,61.0,98.0,75.0,54.0,60.0,28.0,45.0,30.0,40.0,25.0,60.0,41.0,26.0,79.0,37.0,36.0,29.0,20.0,31.0,70.0,48.0,52.0,72.0,68.0,38.0,39.0,,46.0,54.0,36.0,52.0,59.0,27.0,31.0,60.0,65.0,56.0,76.0,74.0,31.0,86.0,52.0,28.0,37.0,51.0,41.0,62.0
2022,610245,Frederick A Douglass Academy High School,91.0,99.0,43.0,64.0,74.0,,38.0,,71.0,79.0,54.0,65.0,50.0,81.0,,36.0,46.0,66.0,,66.0,76.0,,77.0,,,66.0,,,97.0,,86.0,81.0,34.0,38.0,82.0,59.0,86.0,,81.0,,84.0,68.0,,45.0,,53.0,
2022,610248,Chicago Academy Elementary School,61.0,57.0,41.0,48.0,55.0,59.0,45.0,49.0,55.0,49.0,32.0,56.0,30.0,71.0,,6.0,55.0,,57.0,52.0,64.0,60.0,61.0,41.0,59.0,18.0,65.0,69.0,66.0,39.0,36.0,39.0,51.0,51.0,54.0,68.0,,79.0,65.0,55.0,58.0,54.0,46.0,43.0,79.0,46.0,60.0
2022,610249,Talman Elementary School,81.0,68.0,68.0,65.0,75.0,73.0,74.0,48.0,54.0,61.0,37.0,47.0,21.0,92.0,,1.0,54.0,,69.0,22.0,40.0,73.0,77.0,52.0,71.0,1.0,87.0,59.0,51.0,65.0,59.0,47.0,59.0,55.0,65.0,99.0,,68.0,89.0,63.0,62.0,69.0,47.0,72.0,95.0,40.0,57.0
2022,610250,Ruben Salazar Elementary Bilingual Center,61.0,53.0,46.0,38.0,52.0,68.0,42.0,52.0,59.0,48.0,35.0,62.0,18.0,66.0,,1.0,34.0,,65.0,46.0,59.0,49.0,49.0,51.0,51.0,23.0,55.0,75.0,68.0,54.0,57.0,26.0,42.0,51.0,48.0,69.0,,72.0,50.0,28.0,51.0,49.0,52.0,47.0,45.0,61.0,75.0
2022,610251,Willa Cather Elementary School,29.0,58.0,38.0,56.0,46.0,18.0,17.0,29.0,28.0,16.0,24.0,47.0,14.0,45.0,,3.0,29.0,,15.0,40.0,52.0,42.0,45.0,53.0,36.0,9.0,47.0,50.0,53.0,38.0,50.0,21.0,18.0,23.0,32.0,49.0,,42.0,36.0,6.0,18.0,30.0,42.0,22.0,36.0,42.0,18.0
2022,610254,Dvorak Technology Academy,10.0,56.0,45.0,48.0,59.0,14.0,24.0,8.0,29.0,31.0,32.0,28.0,17.0,72.0,,10.0,33.0,,36.0,28.0,25.0,32.0,64.0,22.0,41.0,18.0,53.0,39.0,21.0,51.0,22.0,18.0,30.0,31.0,46.0,49.0,,49.0,30.0,16.0,28.0,39.0,26.0,13.0,33.0,23.0,54.0
2022,610256,Jackie Robinson Elementary School,61.0,,,,,,,,53.0,57.0,,61.0,,,,,,,,,60.0,,,,,,,66.0,49.0,,50.0,,,54.0,,,,99.0,,,,,,76.0,32.0,58.0,
2022,610257,Morton School of Excellence,29.0,60.0,38.0,50.0,63.0,43.0,25.0,37.0,28.0,31.0,53.0,28.0,46.0,85.0,,54.0,39.0,,12.0,58.0,12.0,44.0,78.0,22.0,52.0,34.0,49.0,40.0,12.0,38.0,34.0,56.0,32.0,13.0,65.0,48.0,,69.0,53.0,22.0,37.0,39.0,37.0,41.0,57.0,24.0,45.0
2022,610263,John Foster Dulles Elementary School,29.0,44.0,18.0,34.0,41.0,7.0,4.0,86.0,55.0,33.0,1.0,54.0,17.0,34.0,,18.0,23.0,,45.0,46.0,73.0,33.0,46.0,56.0,19.0,1.0,54.0,55.0,73.0,50.0,73.0,14.0,9.0,23.0,25.0,39.0,,99.0,24.0,1.0,16.0,24.0,40.0,17.0,23.0,49.0,61.0
2022,610268,Arthur R Ashe Elementary School,29.0,48.0,47.0,52.0,54.0,30.0,31.0,33.0,34.0,25.0,37.0,42.0,38.0,61.0,,22.0,34.0,,16.0,30.0,51.0,37.0,55.0,48.0,32.0,43.0,44.0,46.0,55.0,47.0,43.0,24.0,31.0,42.0,58.0,60.0,,54.0,47.0,16.0,41.0,41.0,39.0,34.0,31.0,32.0,17.0
2022,610269,John T McCutcheon Elementary School,99.0,80.0,90.0,70.0,76.0,47.0,75.0,55.0,62.0,61.0,42.0,63.0,27.0,93.0,,10.0,56.0,,51.0,78.0,69.0,64.0,84.0,63.0,63.0,20.0,56.0,60.0,73.0,55.0,57.0,25.0,61.0,54.0,58.0,82.0,,82.0,62.0,54.0,67.0,69.0,49.0,59.0,67.0,72.0,67.0
2022,610271,Jensen Elementary Scholastic Academy,61.0,63.0,45.0,70.0,68.0,61.0,39.0,17.0,55.0,61.0,20.0,64.0,32.0,76.0,,35.0,24.0,,61.0,57.0,61.0,53.0,69.0,62.0,39.0,43.0,41.0,73.0,70.0,56.0,38.0,23.0,35.0,51.0,43.0,47.0,,63.0,38.0,46.0,34.0,39.0,56.0,46.0,59.0,67.0,78.0
2022,610274,James Weldon Johnson Elementary School,19.0,64.0,43.0,51.0,58.0,44.0,30.0,37.0,26.0,24.0,31.0,27.0,28.0,62.0,,36.0,26.0,,18.0,29.0,41.0,35.0,62.0,23.0,41.0,6.0,62.0,43.0,24.0,57.0,22.0,28.0,28.0,1.0,48.0,48.0,,21.0,39.0,37.0,35.0,42.0,20.0,18.0,41.0,4.0,42.0
2022,610279,Henry O Tanner Elementary School,61.0,69.0,57.0,54.0,78.0,33.0,53.0,68.0,67.0,69.0,47.0,58.0,23.0,86.0,,10.0,17.0,,68.0,23.0,72.0,47.0,98.0,66.0,31.0,34.0,26.0,48.0,73.0,73.0,99.0,1.0,29.0,44.0,49.0,23.0,,85.0,16.0,26.0,30.0,36.0,45.0,27.0,45.0,65.0,80.0
2022,610281,Adam Clayton Powell Paideia Community Academy ES,50.0,61.0,56.0,53.0,61.0,29.0,53.0,53.0,47.0,45.0,41.0,41.0,35.0,53.0,,18.0,39.0,,75.0,46.0,40.0,29.0,50.0,38.0,18.0,46.0,52.0,53.0,52.0,87.0,31.0,31.0,28.0,31.0,55.0,52.0,,59.0,50.0,32.0,46.0,46.0,33.0,38.0,31.0,39.0,52.0
2022,610282,Ronald E McNair Elementary School,39.0,55.0,52.0,58.0,56.0,62.0,42.0,48.0,45.0,29.0,35.0,49.0,23.0,70.0,,26.0,33.0,,42.0,45.0,42.0,39.0,43.0,30.0,37.0,48.0,41.0,67.0,59.0,54.0,42.0,28.0,41.0,33.0,49.0,53.0,,67.0,39.0,21.0,46.0,45.0,39.0,55.0,49.0,46.0,54.0
2022,610284,New Field Elementary School,50.0,99.0,75.0,96.0,91.0,58.0,62.0,1.0,15.0,8.0,,36.0,,99.0,,44.0,,,12.0,,18.0,46.0,99.0,60.0,40.0,,99.0,51.0,27.0,69.0,10.0,77.0,59.0,11.0,,,,37.0,,54.0,81.0,79.0,46.0,24.0,37.0,27.0,28.0
2022,610287,Ashburn Community Elementary School,71.0,68.0,53.0,63.0,61.0,83.0,43.0,48.0,51.0,53.0,40.0,44.0,20.0,58.0,,10.0,34.0,,39.0,50.0,47.0,60.0,71.0,57.0,49.0,27.0,61.0,59.0,60.0,50.0,44.0,28.0,41.0,47.0,35.0,65.0,,92.0,36.0,46.0,48.0,51.0,34.0,71.0,74.0,37.0,48.0
2022,610290,Benjamin E Mays Elementary Academy,99.0,99.0,99.0,99.0,93.0,59.0,84.0,76.0,68.0,36.0,98.0,61.0,54.0,95.0,,86.0,32.0,,84.0,59.0,72.0,69.0,92.0,61.0,68.0,70.0,99.0,73.0,95.0,85.0,83.0,62.0,50.0,41.0,99.0,94.0,,83.0,90.0,54.0,61.0,77.0,50.0,48.0,79.0,50.0,92.0
2022,610291,Richard Henry Lee Elementary School,99.0,86.0,82.0,74.0,83.0,86.0,67.0,66.0,78.0,74.0,62.0,74.0,40.0,92.0,,19.0,63.0,,86.0,52.0,78.0,80.0,72.0,81.0,74.0,32.0,84.0,84.0,99.0,92.0,93.0,51.0,63.0,74.0,60.0,79.0,,99.0,77.0,73.0,74.0,76.0,57.0,75.0,84.0,75.0,76.0
2022,610293,Genevieve Melody Elementary School,81.0,97.0,69.0,82.0,70.0,43.0,47.0,57.0,63.0,64.0,64.0,61.0,48.0,65.0,,46.0,39.0,,55.0,58.0,58.0,58.0,77.0,57.0,56.0,49.0,92.0,74.0,86.0,55.0,56.0,67.0,24.0,45.0,61.0,38.0,,96.0,36.0,24.0,51.0,59.0,51.0,41.0,60.0,61.0,63.0
2022,610295,Thomas J Higgins Elementary Community Academy,61.0,74.0,63.0,93.0,82.0,53.0,48.0,67.0,58.0,55.0,56.0,58.0,25.0,94.0,,22.0,33.0,,51.0,79.0,64.0,47.0,81.0,60.0,42.0,15.0,66.0,67.0,73.0,60.0,53.0,42.0,34.0,39.0,35.0,33.0,,95.0,31.0,10.0,36.0,50.0,49.0,34.0,40.0,53.0,54.0
2022,610298,Lenart Elementary Regional Gifted Center,29.0,36.0,37.0,59.0,51.0,72.0,36.0,1.0,19.0,4.0,13.0,35.0,1.0,39.0,,1.0,48.0,,1.0,60.0,21.0,58.0,54.0,46.0,67.0,17.0,58.0,52.0,62.0,52.0,1.0,29.0,53.0,22.0,42.0,99.0,,1.0,47.0,75.0,42.0,48.0,36.0,66.0,62.0,29.0,7.0
2022,610299,Dr. Martin L. King Jr Academy of Social Justice,81.0,74.0,64.0,60.0,61.0,24.0,36.0,81.0,71.0,61.0,44.0,61.0,23.0,50.0,,35.0,55.0,,67.0,48.0,73.0,41.0,61.0,53.0,28.0,22.0,68.0,64.0,95.0,71.0,87.0,39.0,33.0,46.0,62.0,71.0,,92.0,50.0,33.0,46.0,53.0,47.0,50.0,43.0,59.0,70.0
2022,610300,Oliver S Westcott Elementary School,19.0,66.0,41.0,51.0,44.0,35.0,17.0,21.0,38.0,35.0,32.0,42.0,1.0,51.0,,14.0,39.0,,23.0,19.0,37.0,29.0,49.0,35.0,20.0,1.0,51.0,47.0,64.0,23.0,42.0,22.0,23.0,28.0,12.0,26.0,,68.0,21.0,19.0,16.0,33.0,28.0,20.0,31.0,56.0,40.0
2022,610304,Phoenix Military Academy High School,71.0,98.0,73.0,54.0,69.0,66.0,51.0,44.0,41.0,34.0,70.0,41.0,44.0,69.0,59.0,13.0,35.0,38.0,34.0,77.0,30.0,66.0,81.0,62.0,66.0,16.0,,61.0,55.0,72.0,24.0,38.0,28.0,32.0,58.0,66.0,64.0,64.0,83.0,52.0,78.0,57.0,38.0,61.0,70.0,36.0,39.0
2022,610305,George Leland Elementary School,19.0,59.0,29.0,36.0,54.0,43.0,18.0,27.0,36.0,15.0,1.0,50.0,19.0,56.0,,23.0,22.0,,5.0,44.0,44.0,36.0,49.0,45.0,19.0,1.0,38.0,66.0,57.0,73.0,23.0,27.0,17.0,42.0,35.0,39.0,,44.0,24.0,17.0,26.0,28.0,34.0,20.0,43.0,56.0,41.0
2022,610312,Mary E McDowell Elementary School,99.0,99.0,99.0,99.0,99.0,76.0,97.0,82.0,76.0,57.0,,82.0,,99.0,,57.0,,,87.0,,99.0,64.0,99.0,83.0,56.0,,99.0,99.0,99.0,99.0,55.0,84.0,99.0,58.0,,,,99.0,,74.0,99.0,99.0,60.0,79.0,54.0,68.0,82.0
2022,610313,Jose De Diego Elementary Community Academy,61.0,32.0,27.0,29.0,43.0,43.0,21.0,86.0,69.0,50.0,10.0,65.0,26.0,43.0,,1.0,44.0,,69.0,25.0,70.0,59.0,49.0,58.0,59.0,4.0,45.0,77.0,93.0,49.0,71.0,10.0,38.0,48.0,54.0,60.0,,99.0,63.0,32.0,33.0,36.0,50.0,36.0,60.0,62.0,66.0
2022,610315,Edward White Elementary Career Academy,50.0,57.0,56.0,71.0,72.0,35.0,39.0,40.0,48.0,52.0,11.0,48.0,20.0,75.0,,26.0,33.0,,72.0,49.0,55.0,36.0,76.0,34.0,27.0,1.0,69.0,58.0,44.0,65.0,29.0,20.0,42.0,54.0,48.0,46.0,,54.0,27.0,44.0,38.0,51.0,29.0,32.0,47.0,51.0,48.0
2022,610316,Amelia Earhart Options for Knowledge ES,50.0,51.0,42.0,61.0,66.0,83.0,55.0,,41.0,34.0,34.0,10.0,37.0,61.0,,13.0,42.0,,12.0,22.0,5.0,43.0,62.0,21.0,,15.0,41.0,15.0,35.0,80.0,31.0,30.0,45.0,44.0,55.0,70.0,,1.0,45.0,71.0,40.0,42.0,19.0,60.0,64.0,1.0,50.0
2022,610317,Brighton Park Elementary School,19.0,57.0,53.0,47.0,53.0,61.0,41.0,29.0,32.0,18.0,29.0,36.0,19.0,72.0,,1.0,54.0,,1.0,64.0,34.0,34.0,57.0,33.0,35.0,1.0,63.0,35.0,40.0,36.0,24.0,21.0,45.0,52.0,56.0,78.0,,60.0,74.0,21.0,51.0,53.0,34.0,51.0,33.0,40.0,21.0
2022,610319,Evergreen Academy Middle School,99.0,77.0,78.0,68.0,77.0,61.0,44.0,53.0,62.0,76.0,55.0,62.0,37.0,99.0,,1.0,50.0,,40.0,54.0,68.0,63.0,88.0,76.0,42.0,11.0,63.0,70.0,68.0,51.0,46.0,34.0,56.0,55.0,66.0,83.0,,67.0,82.0,36.0,88.0,71.0,60.0,68.0,70.0,50.0,59.0
2022,610323,Bowen High School,39.0,96.0,66.0,54.0,56.0,37.0,45.0,71.0,42.0,30.0,49.0,37.0,3.0,64.0,37.0,1.0,30.0,7.0,27.0,52.0,29.0,51.0,60.0,59.0,52.0,19.0,,35.0,45.0,44.0,50.0,31.0,21.0,30.0,39.0,60.0,55.0,88.0,70.0,41.0,72.0,46.0,33.0,40.0,42.0,52.0,35.0
2022,610325,Avondale-Logandale Elementary School,91.0,75.0,56.0,52.0,64.0,77.0,47.0,75.0,70.0,58.0,36.0,67.0,24.0,53.0,,1.0,50.0,,43.0,22.0,67.0,77.0,59.0,76.0,69.0,1.0,64.0,68.0,85.0,91.0,79.0,30.0,43.0,66.0,43.0,56.0,,93.0,60.0,74.0,57.0,55.0,52.0,70.0,85.0,79.0,65.0
2022,610329,Orozco Fine Arts & Sciences Elementary School,50.0,68.0,66.0,83.0,81.0,72.0,74.0,20.0,34.0,31.0,86.0,35.0,90.0,85.0,,42.0,71.0,,10.0,88.0,22.0,49.0,74.0,37.0,42.0,34.0,84.0,55.0,30.0,82.0,27.0,76.0,74.0,45.0,99.0,99.0,,39.0,99.0,93.0,84.0,77.0,42.0,71.0,69.0,22.0,46.0
2022,610334,Al Raby High School,29.0,97.0,82.0,44.0,51.0,5.0,32.0,45.0,53.0,64.0,35.0,36.0,17.0,64.0,49.0,30.0,23.0,32.0,67.0,80.0,27.0,38.0,81.0,39.0,27.0,12.0,,49.0,62.0,16.0,64.0,30.0,31.0,21.0,49.0,59.0,53.0,96.0,63.0,24.0,59.0,48.0,34.0,11.0,47.0,34.0,74.0
2022,610339,Amos Alonzo Stagg Elementary School,29.0,64.0,58.0,72.0,63.0,32.0,49.0,1.0,4.0,1.0,31.0,12.0,35.0,65.0,,32.0,40.0,,1.0,29.0,1.0,23.0,62.0,13.0,28.0,16.0,57.0,28.0,1.0,51.0,1.0,25.0,31.0,1.0,55.0,58.0,,1.0,51.0,13.0,53.0,50.0,17.0,26.0,29.0,1.0,18.0
2022,610340,Chicago Academy High School,71.0,77.0,75.0,63.0,74.0,53.0,63.0,48.0,43.0,43.0,72.0,49.0,32.0,79.0,55.0,2.0,52.0,22.0,36.0,70.0,50.0,58.0,90.0,46.0,60.0,26.0,,53.0,47.0,65.0,66.0,33.0,42.0,43.0,65.0,83.0,71.0,83.0,99.0,58.0,92.0,65.0,37.0,60.0,69.0,57.0,34.0
2022,610342,Albert R Sabin Elementary Magnet School,10.0,33.0,19.0,30.0,25.0,6.0,4.0,19.0,26.0,13.0,1.0,24.0,1.0,31.0,,1.0,36.0,,1.0,43.0,9.0,46.0,30.0,44.0,49.0,1.0,20.0,27.0,51.0,10.0,17.0,1.0,24.0,14.0,2.0,12.0,,20.0,19.0,24.0,17.0,20.0,33.0,13.0,45.0,26.0,33.0
2022,610347,Claremont Academy Elementary School,71.0,99.0,99.0,99.0,86.0,60.0,99.0,82.0,53.0,29.0,99.0,52.0,99.0,99.0,,99.0,99.0,,42.0,99.0,65.0,51.0,99.0,46.0,61.0,99.0,99.0,49.0,64.0,47.0,66.0,99.0,99.0,37.0,99.0,99.0,,87.0,99.0,46.0,99.0,99.0,45.0,38.0,45.0,50.0,52.0
2022,610350,Robert A Black Magnet Elementary School,99.0,95.0,77.0,99.0,99.0,80.0,95.0,79.0,78.0,75.0,64.0,73.0,74.0,99.0,,71.0,72.0,,80.0,74.0,77.0,89.0,99.0,83.0,86.0,83.0,85.0,91.0,99.0,99.0,76.0,94.0,70.0,72.0,81.0,87.0,,99.0,68.0,78.0,61.0,73.0,60.0,67.0,98.0,65.0,65.0
2022,610352,Durkin Park Elementary School,71.0,60.0,50.0,49.0,63.0,57.0,42.0,45.0,57.0,44.0,29.0,54.0,26.0,58.0,,7.0,42.0,,50.0,52.0,52.0,62.0,67.0,60.0,54.0,22.0,59.0,64.0,68.0,76.0,49.0,30.0,36.0,64.0,39.0,66.0,,66.0,62.0,57.0,50.0,49.0,46.0,57.0,71.0,53.0,65.0
2022,610353,Calmeca Academy of Fine Arts and Dual Language,71.0,56.0,44.0,38.0,48.0,66.0,25.0,44.0,52.0,43.0,32.0,61.0,17.0,48.0,,1.0,34.0,,45.0,57.0,58.0,61.0,53.0,52.0,62.0,1.0,64.0,64.0,58.0,54.0,50.0,21.0,36.0,63.0,41.0,60.0,,97.0,68.0,48.0,46.0,48.0,57.0,64.0,69.0,64.0,52.0
2022,610354,North River Elementary School,91.0,75.0,81.0,65.0,79.0,81.0,66.0,56.0,68.0,65.0,79.0,59.0,53.0,90.0,,17.0,58.0,,76.0,37.0,56.0,80.0,71.0,79.0,64.0,37.0,84.0,68.0,74.0,90.0,63.0,58.0,51.0,57.0,90.0,98.0,,79.0,91.0,62.0,82.0,75.0,49.0,86.0,98.0,61.0,86.0
2022,610355,Mary E Courtenay Elementary Language Arts Center,71.0,61.0,64.0,86.0,80.0,68.0,61.0,26.0,49.0,50.0,40.0,49.0,26.0,99.0,,5.0,38.0,,64.0,75.0,46.0,55.0,82.0,48.0,57.0,1.0,92.0,59.0,63.0,54.0,52.0,25.0,44.0,46.0,34.0,53.0,,61.0,44.0,44.0,46.0,62.0,43.0,53.0,61.0,47.0,62.0
2022,610357,Spry Community Links High School,50.0,,,,,37.0,,58.0,65.0,99.0,,44.0,,,48.0,,,,69.0,,47.0,38.0,,33.0,29.0,,,61.0,57.0,32.0,79.0,,,19.0,,,,89.0,,24.0,,,58.0,46.0,52.0,9.0,90.0
2022,610362,Medgar Evers Elementary School,71.0,59.0,54.0,77.0,72.0,18.0,55.0,50.0,59.0,49.0,54.0,65.0,33.0,74.0,,40.0,45.0,,59.0,57.0,61.0,53.0,91.0,55.0,53.0,22.0,64.0,73.0,68.0,47.0,48.0,38.0,44.0,55.0,62.0,55.0,,99.0,46.0,37.0,31.0,48.0,58.0,50.0,51.0,69.0,73.0
2022,610363,Walt Disney Magnet Elementary School,50.0,60.0,44.0,57.0,63.0,57.0,56.0,37.0,33.0,18.0,38.0,40.0,42.0,59.0,,24.0,50.0,,20.0,79.0,33.0,49.0,61.0,55.0,47.0,17.0,70.0,37.0,39.0,76.0,36.0,36.0,50.0,33.0,51.0,56.0,,68.0,54.0,62.0,46.0,53.0,40.0,31.0,44.0,50.0,40.0
2022,610364,William E B Dubois Elementary School,19.0,49.0,36.0,47.0,43.0,2.0,38.0,30.0,29.0,14.0,19.0,50.0,16.0,48.0,,29.0,34.0,,13.0,24.0,55.0,24.0,66.0,41.0,15.0,11.0,55.0,51.0,58.0,11.0,62.0,19.0,22.0,33.0,31.0,35.0,,52.0,23.0,6.0,14.0,32.0,41.0,18.0,15.0,51.0,8.0
2022,610366,Charles H Wacker Elementary School,99.0,79.0,84.0,77.0,91.0,84.0,81.0,75.0,76.0,66.0,63.0,70.0,63.0,96.0,,32.0,63.0,,48.0,43.0,79.0,69.0,91.0,50.0,63.0,66.0,50.0,95.0,95.0,99.0,70.0,37.0,54.0,55.0,87.0,98.0,,57.0,60.0,78.0,65.0,63.0,52.0,81.0,94.0,55.0,88.0
2022,610367,Oscar DePriest Elementary School,39.0,74.0,54.0,66.0,59.0,14.0,48.0,48.0,51.0,37.0,46.0,58.0,29.0,68.0,,22.0,40.0,,36.0,59.0,55.0,36.0,63.0,51.0,18.0,35.0,53.0,63.0,63.0,39.0,41.0,38.0,36.0,59.0,42.0,42.0,,81.0,32.0,1.0,41.0,46.0,50.0,27.0,40.0,65.0,49.0
2022,610368,Langston Hughes Elementary School,50.0,82.0,65.0,86.0,84.0,51.0,62.0,8.0,33.0,28.0,2.0,43.0,9.0,98.0,,46.0,32.0,,32.0,37.0,51.0,42.0,99.0,39.0,34.0,1.0,79.0,52.0,53.0,51.0,42.0,60.0,39.0,37.0,33.0,46.0,,66.0,37.0,1.0,43.0,57.0,34.0,30.0,53.0,35.0,37.0
2022,610369,Mahalia Jackson Elementary School,50.0,63.0,58.0,54.0,57.0,51.0,43.0,49.0,50.0,35.0,44.0,58.0,20.0,66.0,,35.0,30.0,,49.0,63.0,66.0,58.0,59.0,54.0,60.0,43.0,58.0,71.0,71.0,48.0,73.0,38.0,35.0,47.0,50.0,51.0,,89.0,30.0,21.0,35.0,47.0,39.0,40.0,61.0,57.0,48.0
2022,610380,Daniel Hale Williams Prep School of Medicine,99.0,97.0,97.0,75.0,88.0,61.0,65.0,66.0,84.0,82.0,84.0,81.0,47.0,96.0,93.0,54.0,42.0,27.0,89.0,47.0,85.0,62.0,89.0,84.0,46.0,99.0,,99.0,99.0,91.0,94.0,99.0,39.0,75.0,70.0,99.0,77.0,99.0,99.0,51.0,92.0,75.0,65.0,68.0,56.0,73.0,99.0
2022,610381,Bronzeville Scholastic Academy High School,71.0,93.0,99.0,70.0,69.0,69.0,73.0,52.0,45.0,30.0,99.0,53.0,38.0,99.0,54.0,52.0,36.0,49.0,20.0,57.0,51.0,53.0,99.0,62.0,42.0,26.0,,77.0,63.0,8.0,26.0,63.0,43.0,34.0,77.0,91.0,71.0,38.0,99.0,55.0,99.0,67.0,37.0,77.0,56.0,47.0,45.0
2022,610383,Greater Lawndale High School For Social Justice,50.0,81.0,64.0,44.0,52.0,57.0,31.0,53.0,49.0,37.0,52.0,48.0,28.0,53.0,56.0,1.0,32.0,25.0,18.0,61.0,36.0,42.0,68.0,56.0,40.0,13.0,,58.0,65.0,43.0,74.0,20.0,18.0,49.0,57.0,53.0,62.0,63.0,85.0,56.0,89.0,56.0,44.0,49.0,29.0,53.0,39.0
2022,610384,Infinity Math Science and Technology High School,81.0,83.0,70.0,48.0,61.0,82.0,45.0,35.0,50.0,45.0,60.0,60.0,30.0,54.0,50.0,1.0,40.0,32.0,42.0,66.0,50.0,57.0,71.0,46.0,55.0,39.0,,67.0,63.0,69.0,63.0,37.0,27.0,57.0,64.0,72.0,69.0,44.0,99.0,65.0,92.0,60.0,57.0,63.0,71.0,64.0,51.0
2022,610385,Multicultural Arts High School,71.0,57.0,48.0,14.0,42.0,67.0,26.0,67.0,71.0,75.0,31.0,53.0,1.0,46.0,47.0,1.0,32.0,1.0,64.0,33.0,62.0,75.0,48.0,73.0,78.0,1.0,,55.0,81.0,60.0,81.0,8.0,17.0,51.0,31.0,52.0,46.0,87.0,71.0,57.0,72.0,46.0,48.0,42.0,75.0,46.0,80.0
2022,610386,Peace & Education Coalition HS,99.0,99.0,99.0,88.0,93.0,74.0,87.0,72.0,86.0,88.0,99.0,74.0,94.0,90.0,45.0,81.0,50.0,76.0,88.0,86.0,93.0,70.0,99.0,60.0,56.0,20.0,,99.0,99.0,96.0,90.0,86.0,53.0,73.0,99.0,89.0,94.0,99.0,99.0,64.0,99.0,73.0,45.0,74.0,95.0,60.0,99.0
2022,610389,Orr Academy High School,91.0,99.0,51.0,63.0,79.0,44.0,47.0,62.0,69.0,69.0,47.0,78.0,37.0,74.0,69.0,41.0,37.0,20.0,62.0,58.0,88.0,91.0,81.0,99.0,99.0,20.0,,99.0,99.0,99.0,96.0,67.0,24.0,51.0,61.0,57.0,50.0,86.0,58.0,59.0,57.0,50.0,62.0,47.0,76.0,64.0,66.0
2022,610390,Hyman G Rickover Naval Academy High School,71.0,65.0,47.0,30.0,49.0,58.0,25.0,57.0,52.0,50.0,44.0,54.0,41.0,59.0,67.0,13.0,50.0,19.0,27.0,51.0,65.0,80.0,35.0,84.0,73.0,45.0,,77.0,45.0,70.0,53.0,33.0,41.0,52.0,58.0,72.0,64.0,99.0,90.0,62.0,77.0,62.0,40.0,64.0,83.0,34.0,56.0
2022,610391,Robert Lindblom Math & Science Academy HS,61.0,70.0,61.0,66.0,71.0,,58.0,,,,69.0,,42.0,67.0,,3.0,31.0,16.0,,71.0,,,79.0,,,16.0,,,,,,56.0,31.0,,58.0,72.0,68.0,,94.0,,79.0,59.0,,,,,
2022,610392,World Language Academy High School,29.0,99.0,76.0,51.0,41.0,59.0,43.0,25.0,37.0,36.0,78.0,41.0,43.0,49.0,34.0,1.0,35.0,19.0,1.0,62.0,21.0,38.0,47.0,21.0,21.0,14.0,,59.0,51.0,17.0,34.0,39.0,22.0,59.0,56.0,53.0,65.0,2.0,90.0,59.0,89.0,53.0,39.0,68.0,72.0,45.0,14.0
2022,610396,Tarkington School of Excellence ES,1.0,42.0,27.0,31.0,33.0,24.0,14.0,5.0,10.0,8.0,1.0,9.0,1.0,45.0,,1.0,37.0,,21.0,48.0,1.0,32.0,32.0,27.0,35.0,1.0,45.0,22.0,1.0,22.0,17.0,10.0,24.0,7.0,15.0,49.0,,57.0,39.0,28.0,38.0,34.0,11.0,1.0,34.0,3.0,30.0
2022,610402,DeVry University Advantage Academy HS,81.0,77.0,42.0,60.0,54.0,,45.0,,73.0,67.0,64.0,64.0,75.0,63.0,,22.0,51.0,19.0,66.0,56.0,47.0,,38.0,81.0,,40.0,,94.0,85.0,,52.0,67.0,56.0,69.0,70.0,99.0,86.0,59.0,99.0,,99.0,80.0,53.0,75.0,,61.0,72.0
2022,610405,Suder Montessori Magnet ES,29.0,50.0,55.0,65.0,59.0,12.0,46.0,29.0,23.0,8.0,32.0,30.0,21.0,71.0,,21.0,32.0,,5.0,20.0,23.0,57.0,63.0,64.0,54.0,28.0,65.0,29.0,28.0,38.0,12.0,30.0,38.0,17.0,42.0,59.0,,44.0,50.0,33.0,45.0,51.0,42.0,37.0,52.0,25.0,34.0
2022,610499,Collins Academy High School,61.0,99.0,92.0,88.0,82.0,59.0,68.0,68.0,49.0,41.0,86.0,41.0,66.0,93.0,44.0,31.0,50.0,60.0,44.0,70.0,35.0,39.0,99.0,43.0,29.0,57.0,,51.0,59.0,48.0,60.0,61.0,42.0,26.0,83.0,68.0,79.0,80.0,91.0,41.0,99.0,66.0,25.0,44.0,46.0,52.0,53.0
2022,610503,Frazier Prospective IB Magnet ES,1.0,1.0,1.0,1.0,13.0,9.0,1.0,3.0,13.0,8.0,1.0,19.0,30.0,1.0,,26.0,4.0,,21.0,18.0,4.0,31.0,26.0,25.0,30.0,38.0,1.0,37.0,14.0,25.0,16.0,3.0,21.0,1.0,41.0,54.0,,49.0,27.0,17.0,2.0,6.0,29.0,18.0,38.0,5.0,40.0
2022,610513,Air Force Academy High School,50.0,86.0,59.0,57.0,70.0,77.0,53.0,51.0,41.0,42.0,58.0,35.0,44.0,77.0,56.0,13.0,32.0,40.0,32.0,86.0,34.0,40.0,72.0,43.0,36.0,21.0,,43.0,55.0,74.0,43.0,52.0,26.0,25.0,63.0,68.0,67.0,60.0,84.0,54.0,74.0,56.0,37.0,64.0,42.0,27.0,34.0
2022,610515,Disney II Magnet School,19.0,37.0,19.0,27.0,31.0,20.0,31.0,1.0,22.0,30.0,45.0,24.0,36.0,36.0,,2.0,69.0,,13.0,38.0,8.0,48.0,49.0,38.0,50.0,28.0,50.0,48.0,1.0,10.0,38.0,40.0,54.0,23.0,62.0,90.0,,41.0,80.0,46.0,57.0,45.0,31.0,40.0,55.0,9.0,55.0
2022,610518,Austin College and Career Academy High School,39.0,99.0,76.0,61.0,49.0,12.0,41.0,60.0,54.0,55.0,63.0,55.0,32.0,56.0,51.0,33.0,27.0,24.0,47.0,59.0,62.0,37.0,78.0,47.0,30.0,2.0,,66.0,62.0,1.0,86.0,54.0,32.0,32.0,56.0,61.0,54.0,99.0,66.0,35.0,69.0,52.0,34.0,34.0,33.0,56.0,63.0
2022,610520,LaSalle II Magnet Elementary School,81.0,51.0,30.0,63.0,66.0,77.0,45.0,45.0,54.0,37.0,25.0,66.0,47.0,61.0,,29.0,59.0,,34.0,62.0,59.0,65.0,53.0,65.0,67.0,28.0,57.0,83.0,73.0,85.0,41.0,56.0,56.0,67.0,52.0,78.0,,55.0,61.0,61.0,38.0,45.0,52.0,63.0,64.0,69.0,48.0
2022,610521,Sir Miles Davis Magnet Elementary Academy,29.0,49.0,39.0,70.0,69.0,74.0,30.0,1.0,39.0,30.0,22.0,45.0,15.0,84.0,,20.0,14.0,,61.0,35.0,50.0,39.0,40.0,24.0,20.0,2.0,49.0,55.0,61.0,81.0,25.0,14.0,22.0,44.0,12.0,55.0,,54.0,53.0,41.0,14.0,31.0,30.0,59.0,72.0,45.0,60.0
2022,610523,Edison Park Elementary School,50.0,,,,,78.0,,38.0,37.0,25.0,,48.0,,,,,,,23.0,,37.0,63.0,,42.0,75.0,,,55.0,44.0,58.0,33.0,,,48.0,,,,66.0,,67.0,,,54.0,75.0,71.0,46.0,29.0
2022,610524,Louisa May Alcott College Preparatory HS,99.0,72.0,67.0,44.0,66.0,70.0,45.0,73.0,86.0,90.0,47.0,83.0,40.0,70.0,77.0,1.0,54.0,30.0,98.0,75.0,82.0,86.0,69.0,73.0,91.0,34.0,,99.0,99.0,80.0,79.0,35.0,40.0,71.0,60.0,75.0,69.0,99.0,99.0,65.0,91.0,69.0,65.0,71.0,93.0,84.0,98.0
2022,610529,Ogden International High School,71.0,99.0,88.0,74.0,72.0,43.0,64.0,49.0,48.0,29.0,94.0,46.0,47.0,85.0,61.0,11.0,50.0,37.0,33.0,61.0,40.0,49.0,89.0,47.0,55.0,43.0,,66.0,66.0,39.0,43.0,67.0,34.0,36.0,67.0,69.0,74.0,71.0,83.0,47.0,94.0,66.0,40.0,49.0,46.0,37.0,58.0
2022,610530,South Shore Fine Arts Academy,99.0,99.0,99.0,99.0,93.0,56.0,89.0,51.0,67.0,59.0,72.0,61.0,91.0,98.0,,77.0,64.0,,80.0,78.0,73.0,72.0,99.0,66.0,67.0,55.0,99.0,66.0,98.0,77.0,78.0,79.0,90.0,63.0,87.0,99.0,,93.0,65.0,56.0,66.0,89.0,46.0,52.0,83.0,60.0,65.0
2022,610532,Irene C. Hernandez Middle School for the Advancement of Science,91.0,79.0,69.0,55.0,70.0,69.0,34.0,71.0,66.0,61.0,46.0,61.0,25.0,70.0,,1.0,42.0,,50.0,74.0,72.0,60.0,94.0,75.0,41.0,1.0,45.0,72.0,77.0,61.0,61.0,1.0,24.0,48.0,44.0,57.0,,99.0,59.0,56.0,55.0,48.0,59.0,53.0,63.0,40.0,74.0
2022,610533,Dr Jorge Prieto Math and Science,71.0,68.0,60.0,43.0,64.0,59.0,38.0,54.0,58.0,47.0,32.0,59.0,24.0,64.0,,1.0,51.0,,54.0,72.0,54.0,71.0,62.0,63.0,70.0,4.0,65.0,59.0,64.0,86.0,69.0,26.0,39.0,64.0,46.0,53.0,,77.0,63.0,69.0,57.0,55.0,55.0,63.0,81.0,66.0,60.0
2022,610539,Marvin Camras Elementary School,50.0,52.0,46.0,40.0,45.0,52.0,37.0,32.0,40.0,27.0,5.0,43.0,27.0,50.0,,1.0,46.0,,34.0,47.0,32.0,45.0,42.0,39.0,51.0,1.0,59.0,53.0,38.0,46.0,34.0,24.0,36.0,48.0,38.0,53.0,,44.0,60.0,53.0,57.0,50.0,40.0,41.0,46.0,46.0,53.0
2022,610541,Federico Garcia Lorca Elementary School,61.0,64.0,51.0,51.0,59.0,71.0,37.0,61.0,52.0,47.0,45.0,52.0,26.0,64.0,,1.0,46.0,,45.0,56.0,58.0,63.0,57.0,60.0,57.0,1.0,68.0,61.0,59.0,65.0,51.0,30.0,45.0,46.0,49.0,81.0,,86.0,73.0,51.0,52.0,54.0,53.0,75.0,73.0,34.0,46.0
2022,610542,West Ridge Elementary School,50.0,45.0,35.0,43.0,50.0,71.0,34.0,34.0,42.0,18.0,35.0,45.0,29.0,52.0,,1.0,42.0,,19.0,73.0,29.0,47.0,55.0,43.0,47.0,41.0,50.0,65.0,55.0,50.0,31.0,47.0,34.0,52.0,20.0,33.0,,38.0,36.0,49.0,40.0,40.0,43.0,49.0,51.0,41.0,52.0
2022,610543,Eric Solorio Academy High School,81.0,68.0,61.0,51.0,59.0,78.0,49.0,75.0,62.0,53.0,56.0,65.0,28.0,58.0,54.0,1.0,42.0,5.0,54.0,64.0,64.0,58.0,73.0,74.0,39.0,7.0,,74.0,70.0,54.0,56.0,23.0,34.0,56.0,54.0,67.0,64.0,99.0,92.0,60.0,86.0,60.0,56.0,64.0,61.0,65.0,57.0
2022,610544,Mariano Azuela Elementary School,29.0,44.0,31.0,46.0,52.0,70.0,22.0,38.0,34.0,32.0,1.0,32.0,24.0,56.0,,12.0,49.0,,46.0,56.0,35.0,49.0,57.0,40.0,47.0,12.0,57.0,43.0,41.0,50.0,41.0,39.0,44.0,17.0,31.0,56.0,,36.0,66.0,50.0,40.0,43.0,28.0,62.0,59.0,21.0,40.0
2022,610547,South Shore Intl College Prep High School,29.0,76.0,68.0,65.0,61.0,51.0,52.0,46.0,24.0,13.0,68.0,34.0,26.0,72.0,54.0,8.0,23.0,15.0,1.0,66.0,22.0,32.0,48.0,48.0,27.0,30.0,,44.0,36.0,59.0,47.0,41.0,28.0,26.0,39.0,60.0,61.0,32.0,60.0,48.0,61.0,51.0,31.0,48.0,22.0,38.0,1.0
2022,610557,Pathways in Education - Ashburn,39.0,99.0,85.0,37.0,38.0,,39.0,,49.0,60.0,68.0,23.0,60.0,43.0,,37.0,50.0,12.0,51.0,44.0,22.0,,34.0,25.0,,9.0,,29.0,17.0,,49.0,69.0,53.0,44.0,62.0,92.0,70.0,79.0,99.0,,99.0,74.0,1.0,72.0,,40.0,74.0
2022,610558,Sarah E. Goode STEM Academy,50.0,84.0,74.0,56.0,53.0,50.0,49.0,63.0,53.0,39.0,73.0,49.0,17.0,50.0,56.0,1.0,43.0,25.0,33.0,73.0,55.0,55.0,57.0,51.0,53.0,28.0,,51.0,69.0,48.0,52.0,23.0,28.0,42.0,48.0,63.0,69.0,63.0,76.0,41.0,77.0,58.0,45.0,50.0,60.0,46.0,53.0
2022,610559,James Shields Middle School,81.0,67.0,64.0,34.0,58.0,47.0,30.0,74.0,79.0,71.0,10.0,85.0,6.0,74.0,,1.0,31.0,,71.0,58.0,97.0,65.0,74.0,82.0,48.0,1.0,42.0,99.0,99.0,51.0,89.0,1.0,19.0,52.0,39.0,67.0,,90.0,56.0,49.0,58.0,46.0,77.0,36.0,65.0,68.0,99.0
2022,610561,Richard T Crane Medical Preparatory HS,39.0,84.0,62.0,47.0,44.0,33.0,46.0,33.0,40.0,38.0,46.0,44.0,1.0,53.0,54.0,14.0,22.0,9.0,30.0,58.0,47.0,28.0,63.0,35.0,19.0,41.0,,48.0,53.0,11.0,40.0,30.0,17.0,14.0,33.0,54.0,47.0,82.0,50.0,32.0,56.0,44.0,28.0,33.0,30.0,53.0,63.0
2022,610563,Back of the Yards IB HS,71.0,99.0,90.0,68.0,72.0,62.0,61.0,61.0,52.0,50.0,93.0,54.0,34.0,79.0,66.0,1.0,35.0,30.0,54.0,64.0,57.0,53.0,76.0,59.0,46.0,10.0,,71.0,72.0,63.0,78.0,30.0,22.0,40.0,56.0,57.0,77.0,63.0,94.0,57.0,93.0,65.0,43.0,48.0,53.0,46.0,39.0
2022,610564,Disney II Magnet High School,71.0,71.0,69.0,47.0,62.0,46.0,52.0,50.0,53.0,36.0,55.0,53.0,4.0,73.0,69.0,1.0,45.0,1.0,45.0,58.0,52.0,62.0,67.0,60.0,65.0,6.0,,77.0,75.0,62.0,36.0,24.0,28.0,46.0,38.0,54.0,44.0,54.0,63.0,48.0,63.0,51.0,37.0,45.0,62.0,46.0,59.0
2022,610565,Excel Academy of Englewood,61.0,99.0,99.0,99.0,82.0,46.0,99.0,56.0,51.0,61.0,99.0,52.0,99.0,99.0,21.0,52.0,6.0,99.0,27.0,99.0,66.0,27.0,99.0,47.0,20.0,53.0,,54.0,55.0,29.0,60.0,99.0,43.0,20.0,99.0,99.0,99.0,18.0,86.0,36.0,99.0,66.0,35.0,57.0,14.0,53.0,64.0
2022,610568,Pathways in Education - Avondale,39.0,99.0,99.0,54.0,37.0,,53.0,,49.0,56.0,92.0,35.0,52.0,25.0,,27.0,58.0,53.0,32.0,44.0,38.0,,33.0,39.0,,25.0,,41.0,40.0,,39.0,76.0,69.0,67.0,86.0,99.0,94.0,93.0,99.0,,99.0,87.0,13.0,70.0,,48.0,33.0
2022,610569,Ombudsman Chicago - Northwest,71.0,94.0,94.0,43.0,50.0,53.0,38.0,60.0,53.0,52.0,53.0,60.0,40.0,41.0,49.0,1.0,56.0,35.0,26.0,45.0,76.0,49.0,33.0,68.0,39.0,39.0,,86.0,87.0,82.0,65.0,48.0,70.0,18.0,71.0,93.0,79.0,78.0,99.0,31.0,99.0,74.0,31.0,59.0,40.0,45.0,46.0
2022,610570,Ombudsman Chicago - South,81.0,91.0,81.0,43.0,55.0,,36.0,,76.0,69.0,48.0,64.0,35.0,61.0,,11.0,40.0,17.0,,63.0,59.0,,61.0,,,24.0,,74.0,99.0,,99.0,63.0,42.0,59.0,56.0,81.0,62.0,,98.0,,93.0,66.0,,55.0,,58.0,
2022,610571,Ombudsman Chicago - West,61.0,99.0,99.0,61.0,72.0,,53.0,,,42.0,68.0,25.0,24.0,73.0,,44.0,41.0,50.0,,66.0,25.0,,82.0,,,44.0,,,,,52.0,72.0,40.0,23.0,60.0,73.0,81.0,,74.0,,99.0,73.0,,28.0,,24.0,
2022,610586,Edward E. Sadlowski Elementary School,29.0,50.0,21.0,30.0,38.0,39.0,13.0,35.0,45.0,37.0,6.0,44.0,1.0,41.0,,1.0,44.0,,35.0,51.0,36.0,51.0,39.0,60.0,43.0,1.0,40.0,48.0,54.0,41.0,65.0,1.0,36.0,56.0,28.0,69.0,,86.0,56.0,33.0,33.0,33.0,41.0,45.0,50.0,52.0,45.0
2022,610587,Walter Henri Dyett High School for the Arts,29.0,,,,,49.0,,40.0,22.0,34.0,,14.0,,,45.0,,,,17.0,,8.0,46.0,,39.0,48.0,,,36.0,5.0,60.0,18.0,,,9.0,,,,24.0,,50.0,,,3.0,42.0,50.0,7.0,24.0
2022,610588,Robert J. Richardson Middle School,91.0,81.0,61.0,57.0,71.0,68.0,38.0,64.0,64.0,65.0,56.0,69.0,23.0,73.0,,1.0,42.0,,46.0,49.0,73.0,63.0,76.0,80.0,47.0,5.0,61.0,88.0,75.0,77.0,39.0,19.0,31.0,69.0,39.0,65.0,,78.0,61.0,61.0,64.0,54.0,56.0,63.0,62.0,58.0,49.0
2022,610589,Sor Juana Ines de la Cruz Elementary School,81.0,77.0,66.0,99.0,68.0,47.0,63.0,15.0,45.0,42.0,,49.0,,65.0,,63.0,,,27.0,,36.0,63.0,72.0,45.0,69.0,,69.0,68.0,53.0,34.0,30.0,91.0,81.0,66.0,,,,60.0,,61.0,85.0,75.0,30.0,59.0,74.0,62.0,51.0
2022,610590,Bronzeville Classical Elementary School,99.0,79.0,64.0,99.0,87.0,72.0,81.0,45.0,73.0,82.0,,64.0,,92.0,,47.0,,,88.0,,78.0,94.0,76.0,84.0,99.0,,77.0,67.0,65.0,82.0,62.0,81.0,60.0,82.0,,,,99.0,,87.0,65.0,67.0,48.0,58.0,98.0,63.0,93.0
2022,610592,Englewood STEM High School,10.0,96.0,69.0,55.0,58.0,30.0,40.0,70.0,31.0,5.0,55.0,22.0,10.0,66.0,32.0,2.0,27.0,19.0,17.0,59.0,17.0,28.0,79.0,30.0,26.0,9.0,,33.0,30.0,32.0,51.0,34.0,11.0,1.0,38.0,35.0,51.0,81.0,41.0,35.0,40.0,34.0,15.0,6.0,28.0,21.0,49.0
2022,610593,Ombudsman Chicago - Roseland HS,39.0,70.0,46.0,24.0,27.0,,18.0,,,,12.0,,18.0,22.0,,23.0,18.0,1.0,,55.0,,,36.0,,,1.0,,,,,,46.0,25.0,,33.0,67.0,54.0,,69.0,,70.0,50.0,,,,,
2022,610594,Pathways in Education - Humboldt Park HS,50.0,83.0,79.0,41.0,19.0,,19.0,,,,41.0,,15.0,8.0,,1.0,37.0,32.0,,30.0,,,8.0,,,1.0,,,,,,50.0,52.0,,70.0,94.0,79.0,,99.0,,98.0,76.0,,,,,
2022,610596,The Virtual Academy Elementary School,71.0,,,,,75.0,,30.0,56.0,59.0,,61.0,,,,,,,63.0,,60.0,68.0,,59.0,63.0,,,78.0,74.0,49.0,20.0,,,62.0,,,,43.0,,63.0,,,43.0,90.0,83.0,61.0,54.0
2022,610597,The Virtual Academy High School,81.0,,,,,85.0,,,66.0,60.0,,63.0,,,,,,,58.0,,58.0,83.0,,67.0,,,,70.0,77.0,57.0,52.0,,,71.0,,,,47.0,,63.0,,,37.0,99.0,99.0,86.0,56.0
2022,910572,Safe Achieve Academy ES and HS,,,,,,,,,,,,,89.0,,,86.0,43.0,,,,,,,,,99.0,,,,,,96.0,71.0,,99.0,99.0,,,99.0,,99.0,85.0,,,,,
2023,400009,Academy for Global Citizenship Charter School,81.0,53.0,52.0,44.0,65.0,57.0,47.0,93.0,68.0,60.0,27.0,58.0,22.0,72.0,,11.0,42.0,,73.0,45.0,51.0,75.0,64.0,79.0,68.0,23.0,65.0,71.0,66.0,80.0,79.0,41.0,40.0,52.0,64.0,63.0,,89.0,56.0,79.0,44.0,50.0,52.0,64.0,78.0,57.0,67.0
2023,400013,ASPIRA Charter School - Early College High School,81.0,86.0,75.0,37.0,59.0,87.0,28.0,59.0,75.0,77.0,51.0,70.0,19.0,51.0,65.0,1.0,39.0,37.0,60.0,47.0,84.0,77.0,50.0,77.0,66.0,14.0,,92.0,99.0,99.0,63.0,32.0,23.0,62.0,52.0,55.0,63.0,67.0,73.0,84.0,74.0,56.0,40.0,70.0,89.0,62.0,78.0
2023,400017,ASPIRA Charter School - Haugan Middle School,71.0,99.0,80.0,94.0,76.0,,45.0,,49.0,51.0,87.0,40.0,32.0,83.0,,1.0,39.0,,,51.0,22.0,,50.0,,,4.0,59.0,71.0,52.0,,5.0,57.0,23.0,45.0,67.0,39.0,,,40.0,,90.0,63.0,,68.0,,26.0,
2023,400021,Catalyst Elementary Charter School - Circle Rock,71.0,79.0,69.0,63.0,75.0,53.0,59.0,59.0,59.0,49.0,63.0,63.0,34.0,89.0,,29.0,53.0,,46.0,64.0,69.0,55.0,86.0,70.0,43.0,40.0,57.0,73.0,77.0,63.0,56.0,61.0,32.0,55.0,74.0,58.0,,99.0,48.0,47.0,47.0,51.0,48.0,43.0,53.0,63.0,55.0
2023,400022,Chicago High School for the Arts (ChiArts),29.0,,,,,53.0,,26.0,25.0,29.0,,17.0,,,57.0,,,,26.0,,1.0,50.0,,45.0,52.0,,,34.0,1.0,62.0,24.0,,,18.0,,,,18.0,,57.0,,,30.0,54.0,54.0,1.0,49.0
2023,400023,CICS - Avalon/South Shore,19.0,63.0,47.0,53.0,61.0,26.0,52.0,30.0,25.0,18.0,11.0,34.0,24.0,66.0,,23.0,13.0,,25.0,1.0,43.0,22.0,69.0,28.0,25.0,11.0,30.0,61.0,38.0,56.0,47.0,32.0,12.0,1.0,17.0,21.0,,36.0,20.0,29.0,17.0,27.0,4.0,39.0,12.0,29.0,38.0
2023,400024,CICS - Basil,61.0,67.0,54.0,68.0,65.0,43.0,47.0,58.0,55.0,60.0,49.0,43.0,13.0,84.0,,4.0,23.0,,65.0,60.0,43.0,41.0,59.0,40.0,42.0,22.0,45.0,71.0,59.0,48.0,51.0,20.0,26.0,36.0,40.0,54.0,,58.0,37.0,35.0,36.0,40.0,14.0,47.0,41.0,43.0,64.0
2023,400025,CICS - Bucktown,50.0,33.0,40.0,43.0,49.0,1.0,16.0,67.0,56.0,38.0,1.0,57.0,9.0,66.0,,1.0,41.0,,49.0,41.0,67.0,64.0,45.0,59.0,64.0,1.0,35.0,69.0,88.0,40.0,81.0,16.0,22.0,16.0,23.0,33.0,,99.0,25.0,35.0,27.0,31.0,43.0,18.0,68.0,50.0,71.0
2023,400026,CICS - Loomis Primary,19.0,,,,,1.0,,18.0,14.0,1.0,,24.0,,,,,,,1.0,,23.0,14.0,,25.0,17.0,,,34.0,19.0,1.0,42.0,,,1.0,,,,27.0,,1.0,,,27.0,1.0,1.0,10.0,30.0
2023,400027,CICS - Irving Park,50.0,34.0,23.0,34.0,45.0,8.0,34.0,59.0,53.0,48.0,1.0,52.0,17.0,64.0,,1.0,44.0,,57.0,44.0,55.0,61.0,58.0,51.0,63.0,6.0,29.0,62.0,63.0,22.0,71.0,30.0,28.0,25.0,39.0,36.0,,99.0,35.0,31.0,36.0,29.0,30.0,17.0,68.0,59.0,72.0
2023,400028,CICS - Prairie,29.0,44.0,49.0,49.0,55.0,23.0,39.0,43.0,35.0,26.0,30.0,45.0,34.0,84.0,,6.0,31.0,,16.0,41.0,56.0,45.0,59.0,41.0,53.0,8.0,24.0,51.0,50.0,28.0,47.0,8.0,23.0,23.0,50.0,37.0,,99.0,29.0,19.0,37.0,33.0,25.0,25.0,40.0,48.0,33.0
2023,400029,CICS - Washington Park,10.0,52.0,40.0,52.0,51.0,2.0,22.0,52.0,25.0,23.0,15.0,22.0,1.0,60.0,,9.0,25.0,,2.0,32.0,20.0,23.0,45.0,16.0,28.0,17.0,31.0,46.0,19.0,46.0,35.0,6.0,11.0,3.0,10.0,39.0,,33.0,13.0,14.0,14.0,24.0,2.0,36.0,25.0,19.0,30.0
2023,400030,CICS - West Belden,39.0,41.0,40.0,39.0,48.0,10.0,28.0,67.0,53.0,47.0,1.0,54.0,16.0,60.0,,1.0,52.0,,65.0,31.0,61.0,53.0,50.0,43.0,61.0,1.0,40.0,79.0,68.0,43.0,58.0,13.0,35.0,15.0,55.0,56.0,,99.0,51.0,28.0,40.0,39.0,27.0,20.0,55.0,47.0,68.0
2023,400031,CICS - Wrightwood,91.0,58.0,54.0,71.0,78.0,58.0,53.0,80.0,69.0,62.0,62.0,69.0,41.0,85.0,,43.0,48.0,,75.0,63.0,76.0,63.0,72.0,69.0,54.0,43.0,48.0,75.0,88.0,84.0,99.0,46.0,41.0,57.0,61.0,48.0,,93.0,42.0,48.0,43.0,47.0,39.0,40.0,66.0,84.0,59.0
2023,400032,CICS - Ralph Ellison,10.0,77.0,54.0,42.0,42.0,43.0,19.0,50.0,26.0,16.0,28.0,26.0,1.0,61.0,24.0,10.0,32.0,5.0,16.0,55.0,25.0,30.0,30.0,58.0,32.0,1.0,,41.0,21.0,33.0,23.0,45.0,12.0,18.0,42.0,35.0,41.0,22.0,29.0,33.0,52.0,32.0,21.0,32.0,1.0,18.0,24.0
2023,400033,CICS - Longwood,29.0,49.0,33.0,41.0,46.0,1.0,16.0,59.0,41.0,34.0,4.0,49.0,9.0,58.0,,27.0,29.0,,34.0,46.0,66.0,24.0,47.0,42.0,8.0,1.0,37.0,53.0,53.0,36.0,66.0,19.0,5.0,19.0,15.0,35.0,,74.0,21.0,18.0,15.0,23.0,23.0,16.0,21.0,55.0,39.0
2023,400034,CICS - Northtown,71.0,88.0,65.0,62.0,67.0,58.0,50.0,75.0,64.0,80.0,65.0,34.0,34.0,75.0,64.0,1.0,51.0,34.0,88.0,62.0,46.0,70.0,64.0,83.0,58.0,27.0,,51.0,39.0,65.0,99.0,57.0,27.0,27.0,58.0,53.0,68.0,99.0,75.0,54.0,74.0,58.0,38.0,43.0,70.0,1.0,99.0
2023,400035,Chicago Math and Science Academy Charter School,71.0,99.0,87.0,66.0,69.0,60.0,57.0,50.0,46.0,46.0,83.0,49.0,41.0,87.0,69.0,3.0,48.0,50.0,26.0,69.0,41.0,46.0,89.0,40.0,44.0,25.0,,62.0,53.0,35.0,40.0,87.0,23.0,26.0,70.0,56.0,67.0,99.0,79.0,59.0,93.0,63.0,42.0,51.0,53.0,52.0,54.0
2023,400039,Erie Elementary Charter School,19.0,56.0,48.0,41.0,48.0,8.0,31.0,38.0,22.0,8.0,1.0,34.0,42.0,54.0,,10.0,50.0,,1.0,24.0,35.0,31.0,57.0,28.0,36.0,8.0,49.0,25.0,37.0,38.0,23.0,25.0,29.0,10.0,54.0,43.0,,32.0,56.0,22.0,38.0,41.0,34.0,13.0,29.0,40.0,17.0
2023,400043,Hope Institute Learning Academy,91.0,99.0,71.0,99.0,87.0,66.0,68.0,99.0,72.0,62.0,,69.0,,99.0,,47.0,,,84.0,,77.0,78.0,99.0,99.0,82.0,,34.0,82.0,80.0,51.0,98.0,87.0,20.0,44.0,61.0,,,78.0,38.0,26.0,34.0,40.0,55.0,46.0,53.0,62.0,74.0
2023,400044,KIPP Ascend Charter School,39.0,60.0,37.0,59.0,58.0,22.0,36.0,72.0,57.0,49.0,24.0,54.0,13.0,68.0,,35.0,27.0,,45.0,51.0,67.0,46.0,64.0,47.0,43.0,13.0,52.0,66.0,74.0,42.0,70.0,39.0,20.0,31.0,35.0,34.0,,75.0,34.0,26.0,32.0,35.0,29.0,38.0,47.0,55.0,58.0
2023,400046,L.E.A.R.N. - Romano Butler Campus,91.0,78.0,69.0,77.0,83.0,35.0,63.0,99.0,82.0,73.0,77.0,71.0,53.0,78.0,,45.0,37.0,,76.0,48.0,84.0,92.0,79.0,79.0,99.0,45.0,77.0,89.0,99.0,99.0,99.0,57.0,28.0,61.0,56.0,47.0,,85.0,41.0,69.0,57.0,58.0,49.0,46.0,99.0,63.0,80.0
2023,400047,L.E.A.R.N. - Charles and Dorothy Campbell Campus,61.0,71.0,65.0,68.0,69.0,32.0,47.0,47.0,54.0,47.0,92.0,54.0,30.0,74.0,,24.0,5.0,,29.0,72.0,55.0,49.0,69.0,46.0,53.0,72.0,73.0,75.0,71.0,64.0,54.0,20.0,17.0,52.0,48.0,58.0,,74.0,22.0,29.0,38.0,48.0,30.0,45.0,47.0,55.0,53.0
2023,400048,L.E.A.R.N. - Excel Campus,50.0,78.0,61.0,72.0,71.0,56.0,40.0,43.0,50.0,36.0,69.0,49.0,31.0,69.0,,33.0,53.0,,59.0,59.0,54.0,53.0,73.0,44.0,60.0,38.0,52.0,72.0,65.0,70.0,63.0,53.0,5.0,36.0,48.0,30.0,,81.0,29.0,49.0,37.0,39.0,25.0,39.0,54.0,46.0,69.0
2023,400049,Legacy Charter School,61.0,67.0,60.0,82.0,69.0,28.0,41.0,43.0,43.0,45.0,48.0,44.0,25.0,82.0,,28.0,31.0,,41.0,45.0,43.0,48.0,78.0,67.0,53.0,26.0,58.0,55.0,45.0,35.0,45.0,35.0,19.0,28.0,35.0,25.0,,82.0,29.0,16.0,33.0,43.0,36.0,16.0,23.0,42.0,52.0
2023,400050,Namaste Charter School,29.0,30.0,19.0,20.0,33.0,45.0,1.0,19.0,32.0,27.0,1.0,41.0,9.0,34.0,,1.0,33.0,,39.0,50.0,46.0,64.0,27.0,44.0,78.0,7.0,32.0,44.0,33.0,50.0,47.0,3.0,30.0,27.0,40.0,47.0,,91.0,48.0,45.0,29.0,28.0,31.0,37.0,69.0,44.0,54.0
2023,400051,Noble - Noble College Prep,99.0,92.0,75.0,85.0,86.0,77.0,58.0,61.0,66.0,66.0,80.0,66.0,58.0,99.0,72.0,15.0,47.0,40.0,57.0,64.0,73.0,76.0,90.0,81.0,69.0,28.0,,79.0,75.0,69.0,66.0,66.0,27.0,56.0,67.0,58.0,76.0,71.0,83.0,59.0,77.0,63.0,39.0,56.0,77.0,74.0,70.0
2023,4000521,Noble - Gary Comer College Prep Middle School,71.0,63.0,48.0,65.0,65.0,16.0,18.0,82.0,69.0,82.0,22.0,67.0,8.0,78.0,,9.0,5.0,,69.0,44.0,63.0,58.0,89.0,95.0,30.0,9.0,24.0,64.0,51.0,29.0,94.0,2.0,1.0,49.0,22.0,42.0,,80.0,10.0,1.0,17.0,23.0,53.0,24.0,48.0,86.0,83.0
2023,4000522,Noble - Gary Comer College Prep High School,19.0,99.0,76.0,52.0,59.0,35.0,45.0,38.0,16.0,6.0,64.0,25.0,19.0,74.0,39.0,22.0,26.0,6.0,1.0,60.0,17.0,42.0,74.0,55.0,41.0,27.0,,24.0,26.0,35.0,40.0,42.0,6.0,1.0,45.0,30.0,49.0,12.0,38.0,41.0,39.0,33.0,19.0,12.0,30.0,39.0,11.0
2023,400053,Noble - Golder College Prep,50.0,,,,,45.0,,61.0,48.0,46.0,,50.0,,,71.0,,,,34.0,,74.0,57.0,,46.0,65.0,,,62.0,80.0,59.0,66.0,,,8.0,,,,29.0,,55.0,,,28.0,26.0,60.0,34.0,47.0
2023,400054,Noble - Pritzker College Prep,50.0,94.0,67.0,63.0,59.0,39.0,51.0,64.0,42.0,45.0,74.0,28.0,55.0,82.0,56.0,15.0,44.0,43.0,30.0,66.0,32.0,46.0,83.0,43.0,53.0,25.0,,40.0,37.0,7.0,56.0,61.0,28.0,15.0,72.0,56.0,73.0,44.0,85.0,43.0,81.0,60.0,17.0,48.0,43.0,24.0,50.0
2023,400055,Noble - Rauner College Prep,61.0,,,,,42.0,,57.0,57.0,55.0,,59.0,,,82.0,,,,53.0,,61.0,78.0,,76.0,88.0,,,72.0,69.0,44.0,88.0,,,30.0,,,,92.0,,50.0,,,40.0,34.0,71.0,62.0,75.0
2023,400056,Noble - Rowe-Clark Math and Science Academy,61.0,99.0,69.0,56.0,64.0,8.0,41.0,41.0,45.0,52.0,61.0,41.0,14.0,79.0,59.0,25.0,25.0,38.0,49.0,56.0,43.0,44.0,92.0,69.0,28.0,14.0,,60.0,68.0,27.0,82.0,46.0,10.0,19.0,54.0,24.0,61.0,57.0,31.0,34.0,65.0,49.0,24.0,8.0,36.0,37.0,44.0
2023,400057,Noble - UIC College Prep,29.0,92.0,68.0,49.0,57.0,40.0,45.0,24.0,18.0,14.0,65.0,32.0,26.0,85.0,48.0,2.0,44.0,9.0,5.0,62.0,24.0,50.0,79.0,56.0,56.0,31.0,,36.0,31.0,15.0,44.0,60.0,13.0,1.0,50.0,35.0,53.0,13.0,58.0,46.0,66.0,45.0,19.0,24.0,39.0,49.0,21.0
2023,400058,North Lawndale College Prep - Christiana,29.0,89.0,48.0,41.0,49.0,13.0,32.0,61.0,38.0,34.0,24.0,35.0,42.0,59.0,54.0,37.0,25.0,3.0,22.0,74.0,40.0,54.0,74.0,49.0,63.0,37.0,,38.0,46.0,22.0,75.0,47.0,14.0,13.0,59.0,33.0,48.0,52.0,53.0,27.0,42.0,40.0,24.0,20.0,49.0,38.0,36.0
2023,400059,North Lawndale College Prep - Collins,10.0,69.0,44.0,19.0,38.0,2.0,24.0,66.0,38.0,46.0,18.0,38.0,26.0,50.0,50.0,54.0,27.0,4.0,29.0,56.0,48.0,42.0,81.0,62.0,29.0,60.0,,50.0,40.0,1.0,80.0,30.0,11.0,1.0,39.0,42.0,53.0,68.0,51.0,26.0,22.0,34.0,18.0,24.0,36.0,35.0,36.0
2023,400060,Asian Human Services - Passages Charter School,29.0,56.0,44.0,46.0,54.0,32.0,33.0,18.0,31.0,48.0,15.0,8.0,32.0,61.0,,17.0,46.0,,56.0,42.0,1.0,59.0,59.0,33.0,62.0,1.0,64.0,15.0,1.0,51.0,61.0,48.0,24.0,16.0,31.0,49.0,,36.0,36.0,33.0,31.0,41.0,16.0,41.0,81.0,1.0,71.0
2023,400061,Perspectives - Leadership Academy,50.0,91.0,70.0,56.0,65.0,28.0,36.0,73.0,51.0,49.0,48.0,52.0,19.0,78.0,50.0,16.0,41.0,15.0,44.0,58.0,70.0,52.0,84.0,69.0,49.0,29.0,,64.0,66.0,43.0,73.0,55.0,10.0,30.0,41.0,31.0,50.0,76.0,41.0,42.0,38.0,37.0,16.0,26.0,39.0,57.0,37.0
2023,400062,Perspectives - High School of Technology,61.0,91.0,71.0,50.0,65.0,44.0,38.0,76.0,47.0,45.0,50.0,54.0,12.0,64.0,47.0,26.0,31.0,20.0,39.0,52.0,69.0,68.0,73.0,77.0,73.0,43.0,,64.0,61.0,71.0,65.0,35.0,11.0,25.0,38.0,38.0,56.0,92.0,46.0,49.0,39.0,38.0,29.0,31.0,53.0,54.0,30.0
2023,400064,Perspectives - Rodney D. Joslin,29.0,89.0,65.0,49.0,55.0,1.0,27.0,44.0,31.0,35.0,34.0,39.0,27.0,73.0,47.0,25.0,46.0,13.0,36.0,57.0,56.0,42.0,82.0,56.0,38.0,40.0,,44.0,32.0,15.0,54.0,66.0,19.0,12.0,42.0,39.0,56.0,38.0,42.0,36.0,43.0,41.0,9.0,14.0,33.0,46.0,34.0
2023,400066,Perspectives - Math and Science Academy,50.0,99.0,81.0,84.0,78.0,33.0,52.0,52.0,36.0,33.0,70.0,45.0,34.0,93.0,46.0,42.0,38.0,42.0,30.0,64.0,58.0,44.0,88.0,56.0,42.0,30.0,,72.0,53.0,48.0,49.0,61.0,18.0,19.0,47.0,41.0,65.0,48.0,49.0,42.0,53.0,46.0,6.0,23.0,33.0,44.0,22.0
2023,400068,Plato Learning Academy,29.0,57.0,35.0,41.0,47.0,1.0,8.0,,29.0,26.0,23.0,48.0,6.0,53.0,,28.0,36.0,,,43.0,35.0,,51.0,,,18.0,65.0,69.0,47.0,42.0,26.0,48.0,24.0,13.0,43.0,43.0,,25.0,37.0,7.0,22.0,37.0,,30.0,2.0,40.0,
2023,400069,Polaris Charter Academy,71.0,99.0,99.0,99.0,94.0,41.0,99.0,63.0,54.0,42.0,99.0,50.0,99.0,99.0,,99.0,46.0,,44.0,99.0,41.0,55.0,99.0,57.0,49.0,92.0,99.0,68.0,61.0,78.0,71.0,99.0,99.0,35.0,99.0,99.0,,81.0,99.0,18.0,99.0,99.0,40.0,32.0,59.0,50.0,70.0
2023,400071,Providence Englewood Charter School,61.0,70.0,60.0,74.0,65.0,49.0,53.0,60.0,50.0,40.0,59.0,57.0,26.0,53.0,,28.0,32.0,,47.0,39.0,72.0,46.0,74.0,47.0,41.0,38.0,58.0,62.0,61.0,58.0,81.0,40.0,25.0,46.0,52.0,30.0,,99.0,43.0,40.0,45.0,47.0,40.0,48.0,49.0,54.0,41.0
2023,400075,University of Chicago - Donoghue,81.0,58.0,62.0,86.0,81.0,63.0,45.0,84.0,65.0,49.0,,67.0,,84.0,,28.0,,,60.0,,74.0,70.0,87.0,90.0,57.0,,18.0,81.0,85.0,66.0,61.0,16.0,15.0,43.0,35.0,,,92.0,13.0,31.0,37.0,33.0,51.0,28.0,64.0,60.0,66.0
2023,400076,University of Chicago - North Kenwood/Oakland,81.0,87.0,99.0,99.0,82.0,25.0,99.0,56.0,51.0,52.0,,54.0,,99.0,,37.0,,,63.0,,60.0,65.0,99.0,77.0,64.0,,99.0,67.0,62.0,29.0,65.0,73.0,22.0,25.0,39.0,,,83.0,36.0,9.0,39.0,65.0,43.0,19.0,54.0,45.0,58.0
2023,400077,University of Chicago - Woodlawn,29.0,81.0,58.0,60.0,67.0,35.0,41.0,43.0,38.0,36.0,53.0,38.0,10.0,72.0,55.0,4.0,27.0,11.0,36.0,58.0,46.0,59.0,93.0,61.0,67.0,29.0,,49.0,37.0,43.0,71.0,57.0,13.0,21.0,36.0,32.0,51.0,54.0,30.0,45.0,32.0,38.0,17.0,25.0,49.0,41.0,52.0
2023,400079,Acero Charter Schools - SPC Daniel Zizumbo,61.0,61.0,39.0,43.0,58.0,59.0,36.0,38.0,48.0,45.0,39.0,55.0,54.0,68.0,,10.0,57.0,,54.0,42.0,54.0,68.0,58.0,60.0,72.0,19.0,49.0,57.0,50.0,63.0,54.0,27.0,42.0,58.0,61.0,64.0,,67.0,56.0,58.0,54.0,46.0,50.0,54.0,72.0,57.0,49.0
2023,400080,Acero Charter Schools - PFC Omar E. Torres,19.0,48.0,38.0,37.0,39.0,45.0,31.0,13.0,23.0,8.0,26.0,37.0,26.0,52.0,,1.0,58.0,,1.0,47.0,24.0,45.0,43.0,28.0,57.0,13.0,49.0,45.0,36.0,23.0,3.0,21.0,36.0,26.0,43.0,52.0,,56.0,49.0,43.0,50.0,43.0,40.0,42.0,50.0,39.0,32.0
2023,400081,Acero Charter Schools - Bartolome de las Casas,39.0,50.0,39.0,38.0,33.0,22.0,12.0,28.0,49.0,45.0,10.0,52.0,34.0,55.0,,1.0,51.0,,76.0,54.0,58.0,45.0,36.0,46.0,45.0,11.0,43.0,62.0,74.0,1.0,39.0,17.0,38.0,28.0,54.0,65.0,,72.0,68.0,26.0,39.0,40.0,43.0,49.0,45.0,44.0,72.0
2023,400082,Acero Charter Schools - Carlos Fuentes,91.0,74.0,57.0,64.0,63.0,52.0,43.0,76.0,59.0,45.0,58.0,64.0,57.0,66.0,,18.0,57.0,,59.0,53.0,63.0,63.0,69.0,58.0,61.0,28.0,70.0,76.0,63.0,51.0,65.0,33.0,49.0,34.0,72.0,62.0,,99.0,68.0,45.0,67.0,61.0,53.0,47.0,71.0,65.0,77.0
2023,400083,Acero Charter Schools - Octavio Paz Campus,39.0,47.0,45.0,33.0,48.0,68.0,18.0,32.0,24.0,22.0,10.0,41.0,1.0,57.0,,1.0,33.0,,29.0,65.0,34.0,57.0,42.0,47.0,67.0,1.0,42.0,61.0,46.0,59.0,59.0,1.0,36.0,16.0,53.0,46.0,,94.0,43.0,60.0,47.0,43.0,34.0,35.0,56.0,36.0,6.0
2023,400084,Acero Charter Schools - Rufino Tamayo,71.0,57.0,44.0,46.0,58.0,55.0,39.0,47.0,66.0,83.0,45.0,52.0,44.0,87.0,,1.0,56.0,,98.0,34.0,52.0,69.0,48.0,48.0,73.0,7.0,63.0,69.0,66.0,49.0,62.0,24.0,42.0,56.0,60.0,83.0,,50.0,73.0,51.0,53.0,51.0,45.0,82.0,87.0,41.0,80.0
2023,400085,Acero Charter Schools - Major Hector P. Garcia MD,71.0,99.0,74.0,57.0,61.0,57.0,44.0,44.0,43.0,45.0,54.0,53.0,34.0,69.0,47.0,1.0,55.0,41.0,34.0,71.0,58.0,64.0,75.0,51.0,73.0,22.0,,59.0,53.0,42.0,61.0,63.0,32.0,41.0,69.0,54.0,66.0,45.0,78.0,55.0,82.0,57.0,37.0,51.0,68.0,58.0,30.0
2023,400086,Urban Prep Academy for Young Men - Englewood,81.0,86.0,46.0,45.0,69.0,38.0,36.0,61.0,67.0,64.0,38.0,59.0,27.0,81.0,68.0,35.0,31.0,30.0,45.0,53.0,59.0,66.0,89.0,86.0,49.0,66.0,,97.0,86.0,61.0,57.0,84.0,17.0,59.0,65.0,50.0,61.0,69.0,75.0,33.0,46.0,48.0,22.0,45.0,62.0,57.0,64.0
2023,400089,Acero Charter Schools - Officer Donald J. Marquez,50.0,48.0,39.0,37.0,41.0,35.0,27.0,35.0,44.0,45.0,25.0,55.0,29.0,51.0,,1.0,38.0,,44.0,82.0,60.0,58.0,46.0,36.0,64.0,1.0,48.0,51.0,41.0,30.0,41.0,21.0,35.0,43.0,38.0,61.0,,46.0,62.0,44.0,39.0,40.0,48.0,42.0,74.0,60.0,58.0
2023,400091,Chicago Technology Academy High School,61.0,99.0,82.0,59.0,55.0,19.0,49.0,64.0,51.0,31.0,70.0,65.0,34.0,74.0,43.0,2.0,43.0,53.0,36.0,71.0,79.0,43.0,79.0,71.0,33.0,25.0,,79.0,82.0,8.0,90.0,55.0,26.0,24.0,61.0,46.0,70.0,99.0,53.0,33.0,74.0,53.0,39.0,41.0,26.0,63.0,54.0
2023,400092,CICS - Lloyd Bond,81.0,88.0,70.0,92.0,81.0,27.0,58.0,71.0,62.0,55.0,59.0,71.0,40.0,67.0,,24.0,27.0,,41.0,37.0,78.0,55.0,79.0,75.0,34.0,34.0,82.0,88.0,83.0,86.0,92.0,52.0,22.0,54.0,65.0,52.0,,99.0,45.0,44.0,42.0,54.0,31.0,47.0,56.0,86.0,48.0
2023,400094,EPIC Academy Charter High School,19.0,87.0,65.0,42.0,53.0,45.0,38.0,20.0,21.0,19.0,45.0,24.0,23.0,65.0,44.0,1.0,30.0,17.0,1.0,52.0,20.0,26.0,63.0,39.0,16.0,17.0,,46.0,11.0,43.0,40.0,45.0,19.0,14.0,50.0,41.0,55.0,30.0,62.0,42.0,62.0,45.0,11.0,44.0,24.0,17.0,40.0
2023,400096,Rowe Elementary Charter School,1.0,49.0,38.0,40.0,37.0,22.0,24.0,51.0,28.0,24.0,10.0,26.0,27.0,49.0,,14.0,38.0,,16.0,59.0,14.0,33.0,42.0,21.0,45.0,7.0,36.0,31.0,18.0,15.0,28.0,12.0,35.0,8.0,44.0,56.0,,83.0,41.0,24.0,39.0,37.0,27.0,25.0,34.0,32.0,41.0
2023,400097,Noble - Chicago Bulls College Prep,61.0,96.0,65.0,60.0,79.0,,47.0,,,,63.0,,18.0,88.0,,12.0,37.0,24.0,,65.0,,,88.0,,,30.0,,,,,,42.0,12.0,,50.0,36.0,59.0,,58.0,,60.0,44.0,,,,,
2023,400098,Noble - Muchin College Prep,50.0,99.0,78.0,65.0,67.0,28.0,50.0,55.0,36.0,34.0,70.0,40.0,31.0,93.0,47.0,4.0,50.0,28.0,35.0,79.0,29.0,53.0,88.0,68.0,51.0,28.0,,58.0,45.0,22.0,61.0,58.0,19.0,3.0,55.0,42.0,56.0,40.0,59.0,35.0,64.0,47.0,27.0,25.0,40.0,45.0,41.0
2023,400101,Acero Charter Schools - Sandra Cisneros,29.0,58.0,40.0,55.0,48.0,38.0,32.0,30.0,21.0,23.0,33.0,17.0,24.0,54.0,,8.0,42.0,,26.0,26.0,1.0,45.0,52.0,32.0,59.0,4.0,51.0,33.0,5.0,29.0,17.0,28.0,33.0,4.0,55.0,30.0,,47.0,49.0,49.0,44.0,42.0,27.0,15.0,45.0,8.0,44.0
2023,400104,Instituto Health Sciences Career Academy,10.0,88.0,60.0,43.0,40.0,44.0,34.0,19.0,19.0,23.0,45.0,11.0,11.0,67.0,27.0,1.0,31.0,6.0,8.0,63.0,1.0,31.0,50.0,32.0,27.0,12.0,,18.0,1.0,1.0,14.0,34.0,16.0,11.0,39.0,42.0,46.0,1.0,50.0,37.0,63.0,38.0,15.0,38.0,35.0,8.0,40.0
2023,400105,Urban Prep Academy for Young Men - Bronzeville,19.0,75.0,53.0,40.0,51.0,26.0,19.0,56.0,36.0,15.0,37.0,38.0,11.0,55.0,62.0,38.0,27.0,1.0,1.0,25.0,34.0,37.0,74.0,35.0,33.0,43.0,,56.0,54.0,34.0,24.0,54.0,9.0,21.0,41.0,48.0,51.0,36.0,57.0,24.0,48.0,43.0,21.0,47.0,43.0,39.0,32.0
2023,400106,Noble - John and Eunice Johnson College Prep,61.0,94.0,58.0,54.0,64.0,34.0,36.0,54.0,41.0,35.0,45.0,40.0,20.0,78.0,57.0,12.0,35.0,12.0,23.0,65.0,49.0,53.0,83.0,67.0,52.0,13.0,,56.0,65.0,42.0,48.0,49.0,15.0,15.0,48.0,30.0,51.0,45.0,38.0,38.0,51.0,44.0,19.0,24.0,40.0,36.0,35.0
2023,400107,L.E.A.R.N. - South Chicago Campus,29.0,50.0,43.0,44.0,55.0,45.0,39.0,42.0,39.0,32.0,19.0,49.0,10.0,61.0,,19.0,29.0,,21.0,58.0,50.0,41.0,65.0,61.0,35.0,10.0,58.0,73.0,52.0,50.0,33.0,26.0,10.0,25.0,31.0,48.0,,55.0,31.0,14.0,31.0,36.0,25.0,32.0,27.0,48.0,42.0
2023,400111,L.E.A.R.N. - Hunter Perkins Campus,19.0,57.0,54.0,77.0,55.0,25.0,44.0,2.0,12.0,6.0,77.0,25.0,40.0,65.0,,28.0,21.0,,1.0,1.0,20.0,38.0,57.0,24.0,58.0,60.0,43.0,43.0,16.0,20.0,14.0,61.0,26.0,15.0,10.0,39.0,,8.0,24.0,22.0,35.0,40.0,16.0,19.0,32.0,20.0,23.0
2023,400112,Acero Charter Schools - Jovita Idar,1.0,43.0,28.0,30.0,35.0,41.0,11.0,1.0,9.0,1.0,1.0,22.0,4.0,52.0,,1.0,45.0,,1.0,71.0,18.0,39.0,37.0,16.0,56.0,1.0,41.0,37.0,19.0,20.0,1.0,15.0,30.0,1.0,42.0,47.0,,13.0,47.0,20.0,39.0,35.0,14.0,32.0,44.0,17.0,24.0
2023,400114,Acero Charter Schools - Esmeralda Santiago,61.0,57.0,52.0,54.0,58.0,55.0,44.0,67.0,56.0,40.0,28.0,56.0,39.0,51.0,,10.0,49.0,,51.0,17.0,44.0,70.0,50.0,56.0,75.0,14.0,57.0,77.0,67.0,75.0,83.0,11.0,45.0,35.0,59.0,71.0,,57.0,64.0,52.0,47.0,50.0,42.0,49.0,80.0,60.0,70.0
2023,4001151,Catalyst Maria Charter Elementary School,61.0,38.0,37.0,37.0,47.0,23.0,19.0,53.0,51.0,44.0,1.0,60.0,1.0,54.0,,1.0,22.0,,43.0,43.0,63.0,64.0,54.0,64.0,69.0,1.0,36.0,70.0,63.0,43.0,49.0,7.0,7.0,38.0,11.0,25.0,,91.0,26.0,51.0,16.0,24.0,33.0,32.0,58.0,72.0,57.0
2023,400116,The Montessori School of Englewood Charter,50.0,73.0,64.0,58.0,56.0,17.0,32.0,53.0,53.0,37.0,41.0,52.0,33.0,58.0,,27.0,38.0,,52.0,42.0,56.0,47.0,59.0,61.0,43.0,19.0,56.0,51.0,75.0,47.0,50.0,36.0,18.0,46.0,48.0,39.0,,85.0,40.0,30.0,34.0,43.0,45.0,38.0,38.0,54.0,54.0
2023,400117,Noble - Hansberry College Prep,39.0,,,,,38.0,,53.0,39.0,39.0,,44.0,,,59.0,,,,41.0,,53.0,47.0,,52.0,44.0,,,55.0,39.0,33.0,46.0,,,14.0,,,,22.0,,38.0,,,30.0,22.0,46.0,36.0,49.0
2023,400119,Legal Prep Charter Academy,29.0,96.0,59.0,32.0,46.0,10.0,33.0,67.0,38.0,37.0,41.0,41.0,16.0,78.0,46.0,19.0,30.0,20.0,35.0,63.0,49.0,59.0,66.0,73.0,66.0,34.0,,40.0,39.0,7.0,80.0,52.0,10.0,1.0,35.0,43.0,49.0,75.0,43.0,24.0,32.0,34.0,37.0,10.0,39.0,37.0,45.0
2023,400120,Acero Charter Schools - Roberto Clemente,61.0,49.0,36.0,38.0,52.0,66.0,36.0,71.0,53.0,51.0,10.0,55.0,18.0,62.0,,6.0,50.0,,39.0,50.0,55.0,72.0,56.0,66.0,74.0,1.0,54.0,59.0,44.0,51.0,54.0,32.0,40.0,44.0,55.0,53.0,,99.0,60.0,64.0,41.0,43.0,48.0,61.0,75.0,58.0,55.0
2023,400121,Acero Charter Schools - Sor Juana Ines de la Cruz,10.0,44.0,35.0,29.0,35.0,24.0,11.0,14.0,29.0,18.0,2.0,52.0,5.0,46.0,,1.0,36.0,,5.0,49.0,49.0,33.0,34.0,34.0,34.0,1.0,34.0,55.0,44.0,30.0,13.0,3.0,23.0,27.0,31.0,53.0,,73.0,40.0,28.0,27.0,30.0,48.0,36.0,32.0,57.0,40.0
2023,400123,YCCS - Academy of Scholastic Achievement HS,91.0,99.0,99.0,99.0,99.0,,83.0,,91.0,99.0,99.0,94.0,65.0,99.0,,71.0,69.0,99.0,96.0,49.0,99.0,,99.0,,,52.0,,99.0,99.0,,80.0,99.0,64.0,68.0,99.0,99.0,99.0,62.0,99.0,,99.0,87.0,,64.0,,85.0,99.0
2023,400124,YCCS - McKinley Lakeside Leadership HS,71.0,99.0,99.0,56.0,75.0,,45.0,,41.0,45.0,53.0,49.0,57.0,81.0,,61.0,38.0,69.0,30.0,65.0,69.0,,89.0,62.0,,35.0,,55.0,61.0,,65.0,99.0,32.0,26.0,83.0,72.0,83.0,62.0,80.0,,88.0,68.0,27.0,47.0,,46.0,33.0
2023,400125,"YCCS - ASPIRA, Antonia Pantoja Alternative HS",50.0,89.0,60.0,35.0,44.0,,30.0,,,,44.0,,26.0,41.0,,1.0,37.0,31.0,,54.0,,,55.0,,,1.0,,,,,,81.0,27.0,,58.0,57.0,57.0,,76.0,,78.0,54.0,,,,,
2023,400126,YCCS - Association House HS,91.0,99.0,99.0,87.0,87.0,,78.0,,89.0,99.0,99.0,83.0,89.0,75.0,38.0,65.0,39.0,83.0,99.0,72.0,80.0,56.0,99.0,51.0,,1.0,,99.0,97.0,,99.0,80.0,58.0,61.0,98.0,83.0,99.0,99.0,99.0,,99.0,74.0,76.0,49.0,60.0,78.0,99.0
2023,400128,YCCS - CCA Academy HS,91.0,99.0,99.0,78.0,92.0,,67.0,,75.0,69.0,93.0,70.0,70.0,99.0,,50.0,41.0,47.0,75.0,99.0,84.0,,99.0,99.0,,79.0,,84.0,89.0,,95.0,99.0,34.0,53.0,89.0,55.0,72.0,99.0,84.0,,88.0,65.0,51.0,52.0,,61.0,90.0
2023,400129,YCCS - Progressive Leadership Academy,81.0,99.0,99.0,67.0,88.0,,87.0,,54.0,53.0,98.0,61.0,95.0,99.0,,89.0,96.0,89.0,,,81.0,,99.0,,,79.0,,61.0,91.0,,39.0,99.0,49.0,17.0,99.0,99.0,82.0,,96.0,,88.0,73.0,,46.0,,41.0,
2023,400130,YCCS - Community Youth Development Institute HS,71.0,99.0,91.0,63.0,84.0,,55.0,,53.0,22.0,83.0,56.0,50.0,91.0,,52.0,49.0,69.0,21.0,80.0,52.0,,99.0,42.0,,38.0,,96.0,76.0,,36.0,81.0,42.0,63.0,99.0,66.0,81.0,48.0,98.0,,91.0,71.0,31.0,39.0,,45.0,51.0
2023,400131,YCCS - Dr. Pedro Albizu Campos Puerto Rican HS,91.0,99.0,63.0,32.0,48.0,4.0,18.0,,69.0,92.0,29.0,65.0,43.0,50.0,,30.0,50.0,40.0,55.0,43.0,69.0,63.0,44.0,99.0,,1.0,,72.0,88.0,64.0,68.0,82.0,32.0,61.0,86.0,56.0,60.0,70.0,85.0,10.0,97.0,63.0,37.0,42.0,26.0,81.0,36.0
2023,400133,YCCS - Innovations HS of Arts Integration,99.0,99.0,99.0,93.0,90.0,60.0,66.0,68.0,67.0,70.0,99.0,66.0,78.0,89.0,57.0,59.0,59.0,76.0,61.0,73.0,69.0,61.0,97.0,85.0,48.0,47.0,,86.0,96.0,82.0,99.0,99.0,44.0,51.0,84.0,72.0,91.0,74.0,99.0,40.0,99.0,73.0,45.0,58.0,51.0,63.0,49.0
2023,400135,YCCS - Latino Youth Alternative HS,71.0,99.0,90.0,55.0,62.0,67.0,63.0,17.0,56.0,92.0,95.0,73.0,66.0,74.0,29.0,14.0,42.0,55.0,49.0,72.0,74.0,26.0,78.0,60.0,3.0,1.0,,75.0,53.0,39.0,64.0,59.0,38.0,48.0,89.0,65.0,75.0,30.0,98.0,23.0,99.0,60.0,51.0,57.0,15.0,91.0,68.0
2023,400136,YCCS - Olive Harvey Middle College HS,61.0,99.0,99.0,68.0,78.0,76.0,62.0,,47.0,49.0,99.0,50.0,48.0,86.0,,13.0,48.0,29.0,30.0,67.0,43.0,45.0,99.0,52.0,,25.0,,52.0,38.0,58.0,65.0,95.0,39.0,53.0,70.0,69.0,54.0,43.0,68.0,38.0,46.0,46.0,55.0,72.0,38.0,49.0,49.0
2023,400137,Little Black Pearl Art and Design Academy,61.0,90.0,86.0,65.0,65.0,,48.0,,,,79.0,,64.0,74.0,,16.0,37.0,30.0,,8.0,,,56.0,,,24.0,,,,,,86.0,24.0,,69.0,55.0,70.0,,88.0,,77.0,57.0,,,,,
2023,400139,YCCS - Sullivan House Alternative HS,81.0,99.0,99.0,99.0,95.0,60.0,92.0,53.0,59.0,45.0,99.0,63.0,99.0,99.0,27.0,99.0,83.0,99.0,34.0,90.0,75.0,43.0,99.0,54.0,29.0,84.0,,84.0,76.0,84.0,57.0,99.0,66.0,63.0,99.0,13.0,99.0,59.0,73.0,53.0,99.0,73.0,41.0,51.0,47.0,52.0,56.0
2023,400141,YCCS - Truman Middle College HS,50.0,99.0,85.0,73.0,67.0,43.0,67.0,10.0,43.0,57.0,88.0,39.0,69.0,72.0,43.0,46.0,51.0,79.0,49.0,62.0,30.0,38.0,74.0,43.0,27.0,37.0,,54.0,43.0,49.0,1.0,96.0,39.0,42.0,80.0,74.0,83.0,76.0,99.0,20.0,99.0,66.0,47.0,65.0,45.0,25.0,65.0
2023,400143,YCCS - West Town Acad Alternative HS,91.0,99.0,99.0,99.0,99.0,,99.0,,77.0,85.0,99.0,76.0,99.0,99.0,40.0,99.0,49.0,79.0,99.0,98.0,80.0,,99.0,76.0,,54.0,,99.0,65.0,,58.0,99.0,56.0,57.0,99.0,76.0,99.0,80.0,99.0,,99.0,74.0,50.0,57.0,,74.0,99.0
2023,400144,YCCS - West HS,71.0,99.0,95.0,89.0,96.0,,51.0,,58.0,60.0,74.0,56.0,45.0,99.0,,59.0,48.0,68.0,,76.0,56.0,,99.0,,,26.0,,65.0,75.0,,63.0,95.0,37.0,39.0,81.0,63.0,62.0,,83.0,,99.0,66.0,,28.0,43.0,48.0,
2023,400145,YCCS - Youth Connection Leadership Acad HS,81.0,95.0,99.0,47.0,61.0,,66.0,,41.0,36.0,51.0,64.0,40.0,38.0,,10.0,54.0,61.0,,74.0,65.0,,99.0,,,1.0,,73.0,66.0,,35.0,54.0,48.0,20.0,95.0,80.0,72.0,,99.0,,99.0,73.0,,55.0,,55.0,
2023,400146,KIPP Academy Chicago,10.0,58.0,43.0,53.0,51.0,13.0,36.0,44.0,23.0,15.0,30.0,36.0,22.0,66.0,,35.0,29.0,,1.0,65.0,40.0,24.0,61.0,26.0,27.0,26.0,54.0,53.0,32.0,24.0,23.0,25.0,22.0,1.0,25.0,31.0,,26.0,28.0,13.0,28.0,37.0,12.0,24.0,20.0,39.0,22.0
2023,400147,Chicago Excel Academy HS,39.0,99.0,69.0,44.0,73.0,47.0,38.0,8.0,28.0,20.0,57.0,46.0,50.0,81.0,25.0,32.0,55.0,35.0,11.0,50.0,42.0,20.0,94.0,52.0,7.0,30.0,,66.0,60.0,72.0,32.0,78.0,38.0,16.0,74.0,55.0,68.0,59.0,74.0,32.0,80.0,53.0,34.0,49.0,1.0,41.0,35.0
2023,400149,Acero Charter Schools - Victoria Soto,71.0,99.0,92.0,65.0,61.0,16.0,54.0,53.0,43.0,34.0,80.0,43.0,49.0,85.0,37.0,6.0,62.0,56.0,23.0,75.0,47.0,56.0,81.0,46.0,69.0,24.0,,61.0,51.0,14.0,64.0,67.0,39.0,31.0,88.0,54.0,78.0,78.0,87.0,32.0,99.0,63.0,23.0,37.0,52.0,42.0,47.0
2023,400150,YCCS - Chatham AcademyHS,71.0,99.0,99.0,91.0,96.0,,73.0,,,,97.0,,99.0,99.0,,39.0,43.0,95.0,,,,,99.0,,,30.0,,,,,,99.0,39.0,,99.0,46.0,81.0,,82.0,,81.0,67.0,,,,,
2023,400151,L.E.A.R.N. - 7th Campus,29.0,99.0,89.0,99.0,81.0,1.0,55.0,6.0,26.0,20.0,,39.0,,99.0,,62.0,,,3.0,,36.0,33.0,99.0,47.0,43.0,,94.0,46.0,40.0,27.0,22.0,64.0,8.0,13.0,48.0,,,4.0,33.0,1.0,30.0,55.0,41.0,32.0,10.0,33.0,53.0
2023,400153,Acero Charter Schools - Brighton Park,50.0,59.0,42.0,40.0,45.0,40.0,26.0,37.0,36.0,29.0,17.0,49.0,1.0,60.0,,1.0,35.0,,30.0,31.0,41.0,60.0,49.0,46.0,60.0,1.0,57.0,59.0,44.0,31.0,42.0,23.0,36.0,24.0,52.0,50.0,,80.0,55.0,38.0,49.0,46.0,37.0,35.0,75.0,57.0,48.0
2023,400156,Noble - Butler College Prep,29.0,99.0,71.0,70.0,70.0,42.0,47.0,32.0,23.0,15.0,64.0,33.0,22.0,76.0,42.0,14.0,36.0,23.0,1.0,55.0,22.0,41.0,82.0,78.0,28.0,18.0,,46.0,42.0,50.0,32.0,39.0,14.0,17.0,45.0,38.0,55.0,42.0,42.0,54.0,45.0,39.0,19.0,31.0,18.0,45.0,7.0
2023,400157,Noble - Baker College Prep,19.0,98.0,71.0,40.0,53.0,10.0,41.0,35.0,23.0,30.0,55.0,20.0,15.0,73.0,37.0,17.0,34.0,19.0,11.0,72.0,6.0,34.0,73.0,56.0,19.0,6.0,,38.0,15.0,26.0,38.0,59.0,15.0,1.0,50.0,42.0,56.0,26.0,53.0,36.0,53.0,40.0,19.0,32.0,26.0,15.0,35.0
2023,400159,Christopher House Charter School,29.0,52.0,50.0,56.0,50.0,27.0,38.0,10.0,18.0,19.0,36.0,21.0,29.0,59.0,,1.0,46.0,,18.0,49.0,1.0,55.0,43.0,36.0,63.0,26.0,55.0,34.0,15.0,43.0,6.0,38.0,39.0,21.0,47.0,63.0,,28.0,53.0,37.0,46.0,48.0,31.0,38.0,65.0,17.0,26.0
2023,400161,Chicago Collegiate Charter School,29.0,60.0,44.0,52.0,50.0,32.0,28.0,80.0,58.0,43.0,25.0,51.0,26.0,52.0,,19.0,28.0,,45.0,39.0,45.0,39.0,50.0,45.0,31.0,12.0,47.0,75.0,79.0,44.0,45.0,16.0,17.0,34.0,41.0,44.0,,76.0,36.0,26.0,31.0,35.0,38.0,42.0,40.0,47.0,54.0
2023,400162,Intrinsic Charter School,81.0,81.0,76.0,61.0,66.0,47.0,44.0,62.0,52.0,53.0,65.0,58.0,42.0,81.0,65.0,1.0,51.0,36.0,40.0,68.0,68.0,84.0,75.0,73.0,88.0,29.0,,71.0,55.0,48.0,68.0,59.0,30.0,35.0,72.0,53.0,71.0,65.0,79.0,56.0,94.0,65.0,27.0,45.0,90.0,65.0,54.0
2023,400163,KIPP Bloom College Prep,50.0,65.0,50.0,66.0,62.0,29.0,46.0,92.0,59.0,48.0,29.0,52.0,21.0,67.0,,27.0,28.0,,62.0,68.0,59.0,48.0,65.0,41.0,54.0,11.0,50.0,63.0,64.0,51.0,80.0,32.0,22.0,38.0,38.0,43.0,,75.0,42.0,29.0,33.0,39.0,28.0,42.0,50.0,57.0,53.0
2023,400164,Instituto - Justice and Leadership,71.0,99.0,99.0,95.0,95.0,,70.0,,71.0,86.0,99.0,23.0,88.0,92.0,,42.0,53.0,90.0,99.0,75.0,1.0,,99.0,22.0,,1.0,,66.0,38.0,,99.0,99.0,59.0,70.0,99.0,82.0,94.0,99.0,99.0,,99.0,84.0,23.0,61.0,,1.0,91.0
2023,400165,L.E.A.R.N. - Middle School Campus,50.0,87.0,60.0,69.0,77.0,33.0,25.0,52.0,45.0,47.0,50.0,74.0,1.0,88.0,,18.0,30.0,,22.0,50.0,85.0,30.0,94.0,50.0,11.0,25.0,58.0,81.0,50.0,55.0,87.0,19.0,1.0,19.0,27.0,34.0,,70.0,5.0,34.0,23.0,36.0,57.0,32.0,29.0,73.0,57.0
2023,400167,Horizon Science Academy Southwest Chicago Charter,39.0,51.0,40.0,46.0,49.0,44.0,34.0,43.0,48.0,27.0,22.0,51.0,30.0,56.0,,6.0,42.0,,32.0,50.0,47.0,46.0,44.0,53.0,38.0,2.0,45.0,51.0,57.0,48.0,43.0,21.0,25.0,53.0,46.0,60.0,,85.0,53.0,43.0,34.0,36.0,37.0,42.0,48.0,70.0,59.0
2023,400168,Great Lakes Academy Charter School,29.0,47.0,46.0,63.0,54.0,31.0,46.0,57.0,35.0,34.0,38.0,44.0,13.0,61.0,,5.0,28.0,,33.0,65.0,49.0,47.0,53.0,39.0,54.0,20.0,47.0,64.0,40.0,37.0,50.0,33.0,20.0,15.0,32.0,48.0,,72.0,29.0,29.0,39.0,38.0,24.0,32.0,49.0,38.0,31.0
2023,400169,Noble - ITW David Speer Academy,50.0,92.0,72.0,74.0,65.0,46.0,52.0,45.0,30.0,34.0,73.0,36.0,37.0,84.0,56.0,4.0,42.0,36.0,36.0,63.0,31.0,53.0,81.0,52.0,53.0,21.0,,44.0,41.0,21.0,56.0,38.0,25.0,8.0,68.0,60.0,73.0,78.0,90.0,37.0,84.0,60.0,29.0,52.0,53.0,38.0,20.0
2023,400170,Noble - The Noble Academy,19.0,73.0,49.0,40.0,57.0,33.0,22.0,50.0,33.0,28.0,39.0,37.0,11.0,77.0,48.0,1.0,40.0,1.0,39.0,49.0,31.0,44.0,70.0,45.0,45.0,1.0,,51.0,39.0,39.0,55.0,31.0,9.0,1.0,46.0,34.0,49.0,70.0,44.0,43.0,49.0,39.0,26.0,14.0,42.0,39.0,47.0
2023,400172,ASPIRA Business and Finance,29.0,80.0,53.0,39.0,52.0,51.0,37.0,15.0,35.0,38.0,53.0,44.0,29.0,65.0,52.0,1.0,39.0,16.0,34.0,41.0,46.0,28.0,49.0,55.0,8.0,4.0,,39.0,40.0,56.0,44.0,46.0,27.0,39.0,48.0,48.0,60.0,36.0,65.0,55.0,73.0,53.0,32.0,50.0,21.0,58.0,44.0
2023,400173,Pathways in Education - Brighton Park,71.0,99.0,99.0,40.0,42.0,68.0,29.0,73.0,72.0,81.0,45.0,57.0,36.0,45.0,28.0,14.0,42.0,28.0,59.0,54.0,74.0,57.0,21.0,47.0,66.0,10.0,,67.0,65.0,60.0,99.0,65.0,47.0,48.0,76.0,83.0,80.0,98.0,99.0,26.0,99.0,64.0,11.0,63.0,57.0,76.0,92.0
2023,400175,Excel Academy of South Shore,99.0,99.0,99.0,79.0,88.0,84.0,75.0,91.0,86.0,99.0,80.0,76.0,58.0,86.0,,69.0,55.0,99.0,99.0,79.0,91.0,66.0,89.0,99.0,39.0,17.0,,99.0,81.0,97.0,99.0,98.0,48.0,82.0,99.0,76.0,99.0,99.0,99.0,66.0,99.0,82.0,43.0,73.0,60.0,72.0,75.0
2023,400176,Excel Academy Southwest,39.0,99.0,95.0,70.0,55.0,26.0,39.0,55.0,46.0,49.0,70.0,40.0,82.0,53.0,35.0,57.0,39.0,48.0,23.0,43.0,39.0,32.0,77.0,55.0,,49.0,,58.0,62.0,21.0,65.0,92.0,33.0,29.0,72.0,59.0,70.0,52.0,95.0,40.0,88.0,57.0,29.0,27.0,8.0,33.0,34.0
2023,400178,Moving Everest Charter School,19.0,39.0,41.0,46.0,48.0,11.0,28.0,42.0,31.0,22.0,23.0,44.0,4.0,55.0,,15.0,22.0,,17.0,56.0,48.0,24.0,64.0,23.0,23.0,30.0,24.0,58.0,49.0,25.0,36.0,1.0,10.0,16.0,9.0,34.0,,34.0,12.0,17.0,12.0,22.0,23.0,19.0,26.0,46.0,27.0
2023,400179,Noble - Mansueto High School,61.0,92.0,69.0,63.0,66.0,35.0,43.0,58.0,49.0,50.0,59.0,55.0,56.0,85.0,54.0,5.0,49.0,35.0,46.0,53.0,69.0,59.0,86.0,58.0,64.0,33.0,,70.0,64.0,30.0,70.0,56.0,24.0,30.0,71.0,46.0,70.0,55.0,81.0,42.0,82.0,58.0,25.0,48.0,56.0,56.0,41.0
2023,400180,KIPP One Academy,39.0,66.0,44.0,60.0,58.0,17.0,36.0,79.0,54.0,56.0,41.0,54.0,29.0,69.0,,30.0,34.0,,53.0,61.0,66.0,55.0,63.0,46.0,61.0,1.0,50.0,62.0,60.0,38.0,64.0,39.0,23.0,31.0,43.0,62.0,,76.0,44.0,42.0,35.0,38.0,29.0,42.0,59.0,58.0,46.0
2023,400181,Art in Motion Charter School,19.0,,,,,15.0,,44.0,30.0,15.0,,38.0,,,27.0,,,,8.0,,48.0,34.0,,47.0,27.0,,,60.0,38.0,1.0,48.0,,,12.0,,,,71.0,,24.0,,,1.0,21.0,27.0,42.0,40.0
2023,400182,Catalyst Maria Charter High School,99.0,92.0,81.0,63.0,68.0,50.0,49.0,69.0,63.0,62.0,74.0,64.0,39.0,71.0,68.0,5.0,40.0,44.0,61.0,68.0,67.0,91.0,72.0,92.0,86.0,11.0,,78.0,71.0,67.0,57.0,50.0,25.0,54.0,59.0,51.0,73.0,99.0,73.0,61.0,87.0,63.0,36.0,54.0,94.0,76.0,60.0
2023,609674,Chicago Vocational Career Academy High School,50.0,88.0,58.0,50.0,64.0,42.0,44.0,57.0,56.0,58.0,49.0,56.0,13.0,74.0,47.0,12.0,33.0,16.0,53.0,60.0,66.0,52.0,78.0,63.0,43.0,25.0,,76.0,76.0,53.0,56.0,49.0,6.0,28.0,41.0,30.0,45.0,96.0,34.0,49.0,48.0,37.0,29.0,18.0,51.0,51.0,63.0
2023,609676,Paul Laurence Dunbar Career Academy High School,19.0,,,,,29.0,,63.0,39.0,28.0,,28.0,,,31.0,,,,25.0,,28.0,36.0,,56.0,32.0,,,44.0,43.0,31.0,65.0,,,25.0,,,,84.0,,14.0,,,14.0,17.0,20.0,25.0,38.0
2023,609678,William Jones College Preparatory High School,61.0,99.0,85.0,89.0,89.0,75.0,73.0,48.0,23.0,22.0,88.0,11.0,62.0,99.0,80.0,12.0,53.0,41.0,13.0,74.0,1.0,62.0,93.0,51.0,69.0,41.0,,17.0,9.0,73.0,32.0,93.0,33.0,23.0,79.0,67.0,76.0,59.0,99.0,68.0,84.0,68.0,26.0,72.0,67.0,1.0,13.0
2023,609679,Charles Allen Prosser Career Academy High School,61.0,98.0,77.0,61.0,64.0,54.0,52.0,71.0,59.0,44.0,77.0,52.0,39.0,88.0,52.0,1.0,48.0,29.0,48.0,63.0,53.0,58.0,51.0,69.0,49.0,18.0,,65.0,67.0,54.0,76.0,55.0,25.0,49.0,62.0,53.0,65.0,84.0,77.0,56.0,74.0,54.0,33.0,54.0,57.0,55.0,65.0
2023,609680,Walter Payton College Preparatory High School,71.0,99.0,89.0,81.0,90.0,,76.0,,,,95.0,,78.0,99.0,,32.0,60.0,64.0,,76.0,,,91.0,,,55.0,,,,,,99.0,52.0,,98.0,79.0,90.0,,99.0,,99.0,80.0,,,,,
2023,609682,Ellen H Richards Career Academy High School,61.0,85.0,73.0,32.0,47.0,31.0,38.0,50.0,47.0,36.0,55.0,62.0,36.0,65.0,37.0,4.0,29.0,21.0,17.0,90.0,59.0,44.0,65.0,59.0,41.0,9.0,,63.0,77.0,24.0,47.0,33.0,19.0,38.0,55.0,55.0,57.0,99.0,63.0,38.0,78.0,48.0,52.0,43.0,31.0,73.0,32.0
2023,609691,North-Grand High School,71.0,87.0,66.0,47.0,58.0,56.0,41.0,56.0,64.0,50.0,55.0,67.0,23.0,82.0,55.0,1.0,41.0,25.0,45.0,74.0,64.0,56.0,60.0,64.0,49.0,7.0,,78.0,84.0,44.0,66.0,40.0,20.0,63.0,58.0,48.0,60.0,91.0,67.0,53.0,81.0,54.0,51.0,41.0,56.0,75.0,66.0
2023,609692,Neal F Simeon Career Academy High School,50.0,99.0,79.0,74.0,77.0,39.0,55.0,72.0,49.0,37.0,75.0,37.0,41.0,96.0,41.0,48.0,36.0,27.0,31.0,73.0,43.0,47.0,93.0,48.0,42.0,44.0,,61.0,50.0,46.0,59.0,64.0,18.0,29.0,50.0,38.0,55.0,67.0,49.0,42.0,47.0,40.0,19.0,27.0,50.0,24.0,59.0
2023,609693,George Westinghouse College Prep,99.0,75.0,62.0,68.0,74.0,53.0,55.0,83.0,66.0,58.0,72.0,64.0,31.0,86.0,82.0,12.0,33.0,20.0,60.0,80.0,65.0,71.0,78.0,71.0,64.0,26.0,,78.0,73.0,65.0,77.0,53.0,22.0,46.0,62.0,55.0,63.0,99.0,70.0,52.0,72.0,60.0,52.0,49.0,78.0,59.0,69.0
2023,609694,John Hancock College Preparatory High School,81.0,85.0,82.0,83.0,88.0,78.0,74.0,70.0,47.0,36.0,87.0,53.0,70.0,99.0,70.0,15.0,53.0,47.0,27.0,80.0,58.0,69.0,91.0,68.0,60.0,38.0,,71.0,56.0,79.0,36.0,77.0,47.0,60.0,79.0,89.0,83.0,84.0,99.0,71.0,97.0,74.0,37.0,90.0,80.0,46.0,12.0
2023,609695,Roald Amundsen High School,81.0,79.0,58.0,66.0,71.0,65.0,51.0,67.0,60.0,43.0,59.0,59.0,48.0,82.0,57.0,1.0,62.0,20.0,34.0,74.0,56.0,78.0,70.0,88.0,71.0,38.0,,69.0,68.0,67.0,64.0,52.0,36.0,65.0,70.0,66.0,60.0,75.0,88.0,59.0,75.0,57.0,45.0,66.0,75.0,66.0,56.0
2023,609698,William J Bogan High School,50.0,80.0,52.0,38.0,62.0,25.0,37.0,75.0,52.0,21.0,42.0,45.0,25.0,85.0,40.0,4.0,41.0,12.0,25.0,60.0,62.0,46.0,72.0,62.0,43.0,17.0,,57.0,79.0,52.0,65.0,43.0,15.0,44.0,42.0,38.0,47.0,78.0,48.0,45.0,48.0,38.0,28.0,36.0,34.0,33.0,42.0
2023,609704,David G Farragut Career Academy High School,39.0,79.0,58.0,38.0,44.0,57.0,26.0,52.0,43.0,44.0,43.0,43.0,12.0,55.0,46.0,1.0,35.0,12.0,31.0,68.0,43.0,34.0,54.0,50.0,13.0,1.0,,51.0,51.0,27.0,55.0,23.0,9.0,24.0,54.0,38.0,56.0,55.0,57.0,37.0,66.0,44.0,47.0,20.0,38.0,29.0,45.0
2023,609705,Christian Fenger Academy High School,39.0,78.0,44.0,22.0,38.0,48.0,14.0,74.0,57.0,47.0,21.0,64.0,1.0,37.0,49.0,4.0,29.0,1.0,45.0,55.0,77.0,53.0,47.0,82.0,33.0,1.0,,85.0,85.0,46.0,58.0,32.0,10.0,28.0,47.0,38.0,37.0,85.0,43.0,34.0,26.0,31.0,30.0,39.0,45.0,63.0,53.0
2023,609708,Edwin G. Foreman College and Career Academy,39.0,73.0,44.0,29.0,48.0,46.0,18.0,63.0,42.0,23.0,32.0,41.0,24.0,46.0,31.0,1.0,36.0,6.0,11.0,62.0,40.0,48.0,67.0,62.0,34.0,1.0,,52.0,66.0,49.0,46.0,45.0,14.0,38.0,45.0,40.0,43.0,38.0,57.0,44.0,68.0,39.0,35.0,35.0,47.0,36.0,19.0
2023,609709,Gage Park High School,61.0,98.0,63.0,42.0,63.0,62.0,32.0,54.0,56.0,52.0,53.0,52.0,31.0,67.0,49.0,10.0,43.0,39.0,60.0,66.0,60.0,52.0,60.0,60.0,45.0,1.0,,66.0,76.0,81.0,39.0,62.0,20.0,29.0,51.0,42.0,61.0,99.0,55.0,44.0,70.0,50.0,42.0,50.0,50.0,40.0,67.0
2023,609710,John M Harlan Community Academy High School,10.0,75.0,57.0,40.0,53.0,1.0,27.0,55.0,34.0,20.0,33.0,31.0,8.0,59.0,4.0,13.0,27.0,1.0,22.0,29.0,31.0,15.0,65.0,41.0,4.0,1.0,,59.0,43.0,49.0,39.0,38.0,2.0,1.0,32.0,16.0,26.0,4.0,19.0,7.0,24.0,14.0,7.0,2.0,1.0,25.0,53.0
2023,609712,Emil G Hirsch Metropolitan High School,61.0,97.0,68.0,47.0,59.0,17.0,44.0,71.0,69.0,61.0,35.0,60.0,38.0,75.0,34.0,4.0,30.0,28.0,50.0,78.0,66.0,55.0,67.0,46.0,46.0,1.0,,76.0,99.0,45.0,54.0,73.0,12.0,52.0,53.0,24.0,55.0,65.0,30.0,27.0,48.0,37.0,39.0,26.0,72.0,58.0,63.0
2023,609713,Hyde Park Academy High School,61.0,99.0,74.0,74.0,79.0,55.0,57.0,59.0,54.0,44.0,84.0,56.0,46.0,92.0,46.0,25.0,41.0,32.0,36.0,73.0,62.0,48.0,99.0,57.0,39.0,38.0,,68.0,71.0,51.0,59.0,56.0,21.0,45.0,59.0,38.0,60.0,57.0,46.0,49.0,59.0,47.0,33.0,42.0,48.0,61.0,50.0
2023,609715,Thomas Kelly College Preparatory,50.0,84.0,58.0,41.0,53.0,57.0,34.0,56.0,40.0,20.0,54.0,41.0,23.0,70.0,36.0,1.0,43.0,28.0,6.0,61.0,43.0,43.0,52.0,60.0,33.0,1.0,,50.0,61.0,47.0,37.0,54.0,19.0,42.0,59.0,42.0,63.0,53.0,72.0,52.0,80.0,50.0,29.0,41.0,35.0,41.0,19.0
2023,609716,Kelvyn Park High School,29.0,60.0,38.0,21.0,39.0,43.0,23.0,41.0,41.0,36.0,30.0,40.0,9.0,58.0,33.0,1.0,41.0,12.0,35.0,55.0,35.0,38.0,59.0,51.0,36.0,1.0,,56.0,39.0,19.0,42.0,48.0,20.0,35.0,53.0,55.0,50.0,91.0,68.0,42.0,76.0,45.0,34.0,42.0,26.0,36.0,53.0
2023,609718,John F Kennedy High School,39.0,92.0,60.0,63.0,61.0,47.0,45.0,51.0,33.0,28.0,58.0,33.0,31.0,74.0,42.0,1.0,50.0,15.0,22.0,67.0,28.0,49.0,55.0,55.0,47.0,19.0,,47.0,48.0,52.0,46.0,38.0,15.0,26.0,48.0,28.0,55.0,51.0,53.0,51.0,69.0,45.0,29.0,20.0,46.0,28.0,14.0
2023,609719,Lake View High School,50.0,86.0,70.0,50.0,70.0,56.0,50.0,70.0,41.0,30.0,65.0,32.0,42.0,81.0,44.0,3.0,56.0,33.0,23.0,73.0,24.0,46.0,87.0,52.0,41.0,37.0,,42.0,29.0,62.0,57.0,54.0,26.0,30.0,65.0,56.0,63.0,53.0,79.0,51.0,74.0,52.0,36.0,50.0,46.0,26.0,48.0
2023,609720,Albert G Lane Technical High School,81.0,92.0,75.0,77.0,81.0,76.0,63.0,55.0,52.0,36.0,79.0,49.0,79.0,95.0,82.0,22.0,66.0,37.0,33.0,72.0,50.0,71.0,69.0,71.0,69.0,49.0,,54.0,61.0,83.0,51.0,92.0,44.0,61.0,87.0,75.0,78.0,91.0,99.0,74.0,93.0,74.0,34.0,73.0,74.0,57.0,46.0
2023,609722,Manley Career Academy High School,19.0,68.0,26.0,14.0,32.0,1.0,15.0,47.0,51.0,54.0,9.0,57.0,60.0,51.0,31.0,3.0,32.0,8.0,34.0,47.0,66.0,39.0,60.0,41.0,42.0,7.0,,99.0,89.0,3.0,30.0,66.0,14.0,28.0,52.0,51.0,37.0,50.0,59.0,24.0,23.0,26.0,22.0,39.0,34.0,42.0,35.0
2023,609723,John Marshall Metropolitan High School,91.0,99.0,71.0,67.0,74.0,51.0,37.0,64.0,73.0,68.0,43.0,74.0,22.0,76.0,50.0,37.0,33.0,35.0,52.0,68.0,94.0,71.0,77.0,81.0,66.0,28.0,,92.0,99.0,77.0,66.0,64.0,25.0,50.0,65.0,35.0,56.0,99.0,47.0,48.0,55.0,47.0,45.0,39.0,65.0,65.0,84.0
2023,609724,Stephen T Mather High School,39.0,91.0,66.0,47.0,55.0,47.0,42.0,62.0,48.0,40.0,65.0,35.0,33.0,70.0,42.0,1.0,45.0,23.0,33.0,73.0,39.0,46.0,61.0,54.0,40.0,7.0,,47.0,39.0,40.0,62.0,54.0,18.0,43.0,54.0,43.0,59.0,80.0,69.0,56.0,73.0,48.0,27.0,33.0,45.0,25.0,55.0
2023,609725,Morgan Park High School,61.0,89.0,64.0,59.0,61.0,25.0,41.0,67.0,49.0,31.0,62.0,50.0,30.0,81.0,53.0,13.0,44.0,17.0,27.0,61.0,50.0,56.0,79.0,67.0,49.0,33.0,,67.0,63.0,26.0,68.0,68.0,17.0,29.0,50.0,40.0,52.0,71.0,52.0,34.0,55.0,44.0,28.0,24.0,52.0,53.0,53.0
2023,609726,Gwendolyn Brooks College Preparatory Academy HS,99.0,99.0,79.0,87.0,92.0,81.0,73.0,65.0,61.0,43.0,84.0,60.0,65.0,98.0,90.0,31.0,40.0,52.0,34.0,73.0,59.0,76.0,88.0,70.0,77.0,49.0,,72.0,79.0,96.0,49.0,92.0,35.0,68.0,73.0,68.0,77.0,56.0,94.0,66.0,76.0,70.0,50.0,72.0,82.0,58.0,51.0
2023,609727,Wendell Phillips Academy High School,50.0,99.0,93.0,76.0,68.0,47.0,54.0,65.0,47.0,24.0,79.0,41.0,34.0,89.0,37.0,35.0,40.0,40.0,27.0,70.0,43.0,39.0,80.0,65.0,20.0,21.0,,58.0,73.0,27.0,76.0,67.0,16.0,26.0,47.0,49.0,57.0,87.0,62.0,34.0,57.0,42.0,20.0,12.0,32.0,42.0,47.0
2023,609728,Theodore Roosevelt High School,61.0,78.0,62.0,45.0,61.0,60.0,35.0,77.0,59.0,45.0,51.0,56.0,16.0,63.0,47.0,1.0,42.0,14.0,37.0,60.0,56.0,59.0,57.0,67.0,52.0,1.0,,78.0,80.0,79.0,67.0,41.0,15.0,43.0,54.0,41.0,54.0,72.0,67.0,59.0,73.0,47.0,43.0,35.0,59.0,48.0,52.0
2023,609729,Carl Schurz High School,50.0,88.0,54.0,42.0,45.0,33.0,33.0,63.0,47.0,35.0,47.0,47.0,11.0,68.0,33.0,1.0,42.0,15.0,29.0,61.0,46.0,54.0,50.0,84.0,40.0,1.0,,51.0,63.0,21.0,46.0,33.0,13.0,33.0,43.0,39.0,54.0,70.0,55.0,32.0,67.0,42.0,37.0,24.0,37.0,52.0,41.0
2023,609730,Nicholas Senn High School,29.0,76.0,59.0,52.0,57.0,42.0,45.0,67.0,35.0,33.0,62.0,27.0,30.0,67.0,43.0,1.0,48.0,6.0,19.0,73.0,14.0,40.0,71.0,43.0,39.0,14.0,,46.0,29.0,38.0,48.0,46.0,18.0,14.0,55.0,32.0,57.0,88.0,59.0,38.0,68.0,47.0,26.0,15.0,37.0,21.0,31.0
2023,609732,Charles P Steinmetz College Preparatory HS,10.0,88.0,56.0,38.0,49.0,40.0,33.0,50.0,21.0,21.0,48.0,9.0,18.0,56.0,25.0,1.0,43.0,11.0,7.0,68.0,12.0,23.0,66.0,37.0,22.0,1.0,,23.0,15.0,36.0,37.0,42.0,13.0,10.0,43.0,32.0,49.0,50.0,52.0,33.0,57.0,36.0,1.0,18.0,9.0,1.0,8.0
2023,609733,Roger C Sullivan High School,29.0,90.0,70.0,52.0,56.0,56.0,47.0,46.0,20.0,19.0,67.0,26.0,45.0,70.0,31.0,9.0,45.0,37.0,2.0,71.0,6.0,46.0,62.0,51.0,46.0,23.0,,36.0,19.0,38.0,28.0,60.0,26.0,10.0,61.0,46.0,69.0,17.0,77.0,43.0,91.0,54.0,38.0,35.0,41.0,23.0,6.0
2023,609734,William Howard Taft High School,39.0,,,,,53.0,,57.0,41.0,38.0,,29.0,,,47.0,,,,34.0,,29.0,47.0,,48.0,44.0,,,54.0,34.0,51.0,78.0,,,28.0,,,,83.0,,47.0,,,17.0,24.0,48.0,17.0,49.0
2023,609735,Edward Tilden Career Community Academy HS,71.0,81.0,67.0,51.0,64.0,58.0,44.0,65.0,67.0,63.0,46.0,54.0,21.0,65.0,34.0,6.0,47.0,37.0,66.0,82.0,56.0,43.0,78.0,51.0,54.0,1.0,,65.0,80.0,61.0,55.0,30.0,25.0,54.0,71.0,46.0,70.0,99.0,69.0,53.0,82.0,53.0,41.0,53.0,24.0,52.0,73.0
2023,609737,Friedrich W von Steuben Metropolitan Science HS,50.0,84.0,61.0,69.0,65.0,67.0,49.0,71.0,49.0,44.0,73.0,26.0,58.0,80.0,61.0,8.0,53.0,24.0,28.0,70.0,15.0,55.0,60.0,59.0,47.0,30.0,,38.0,32.0,49.0,47.0,63.0,32.0,49.0,66.0,62.0,64.0,84.0,90.0,55.0,74.0,58.0,32.0,56.0,58.0,18.0,51.0
2023,609738,Lincoln Park High School,39.0,67.0,42.0,54.0,60.0,57.0,36.0,53.0,25.0,11.0,49.0,18.0,35.0,82.0,56.0,1.0,50.0,1.0,5.0,57.0,1.0,53.0,52.0,46.0,55.0,28.0,,33.0,10.0,52.0,33.0,57.0,19.0,26.0,47.0,38.0,44.0,23.0,62.0,52.0,46.0,41.0,25.0,38.0,58.0,11.0,25.0
2023,609739,George Washington High School,61.0,95.0,65.0,47.0,60.0,56.0,38.0,65.0,44.0,35.0,57.0,46.0,34.0,68.0,47.0,1.0,53.0,21.0,37.0,63.0,48.0,55.0,65.0,59.0,50.0,11.0,,60.0,57.0,58.0,61.0,49.0,23.0,33.0,53.0,36.0,58.0,72.0,60.0,57.0,69.0,49.0,35.0,38.0,57.0,41.0,28.0
2023,609740,Wells Community Academy High School,39.0,99.0,81.0,41.0,47.0,30.0,42.0,34.0,41.0,28.0,58.0,26.0,27.0,64.0,44.0,1.0,49.0,21.0,34.0,66.0,18.0,41.0,65.0,51.0,32.0,9.0,,58.0,42.0,19.0,29.0,78.0,18.0,26.0,57.0,36.0,57.0,99.0,56.0,34.0,69.0,47.0,16.0,24.0,39.0,13.0,73.0
2023,609741,Gurdon S Hubbard High School,71.0,85.0,62.0,38.0,54.0,58.0,37.0,63.0,65.0,58.0,50.0,58.0,23.0,64.0,51.0,1.0,42.0,14.0,48.0,68.0,55.0,68.0,42.0,87.0,55.0,1.0,,71.0,81.0,71.0,58.0,41.0,21.0,63.0,51.0,49.0,53.0,95.0,68.0,49.0,74.0,50.0,41.0,44.0,63.0,63.0,62.0
2023,609744,Northside Learning Center High School,81.0,,,,,67.0,,65.0,88.0,99.0,,88.0,,,11.0,,,,69.0,,96.0,99.0,,99.0,99.0,,,99.0,99.0,66.0,99.0,,,93.0,,,,99.0,,80.0,,,63.0,76.0,99.0,93.0,83.0
2023,609745,Southside Occupational Academy High School,99.0,99.0,99.0,79.0,73.0,59.0,99.0,69.0,72.0,64.0,99.0,67.0,99.0,59.0,31.0,91.0,58.0,99.0,79.0,,67.0,81.0,99.0,99.0,66.0,99.0,,99.0,84.0,54.0,90.0,86.0,69.0,63.0,99.0,91.0,99.0,99.0,99.0,67.0,99.0,75.0,55.0,72.0,79.0,46.0,81.0
2023,609746,Kenwood Academy High School,99.0,99.0,83.0,99.0,93.0,68.0,76.0,74.0,69.0,63.0,99.0,66.0,54.0,99.0,90.0,39.0,52.0,52.0,55.0,73.0,68.0,89.0,82.0,88.0,81.0,63.0,,82.0,82.0,90.0,74.0,74.0,34.0,65.0,68.0,61.0,89.0,99.0,80.0,65.0,82.0,74.0,48.0,63.0,99.0,64.0,63.0
2023,609748,Consuella B York Alternative HS,71.0,99.0,90.0,70.0,79.0,39.0,51.0,51.0,55.0,48.0,65.0,65.0,82.0,97.0,26.0,67.0,63.0,49.0,30.0,81.0,62.0,48.0,89.0,54.0,45.0,36.0,,89.0,93.0,61.0,65.0,84.0,33.0,44.0,91.0,63.0,68.0,65.0,92.0,49.0,99.0,57.0,52.0,28.0,45.0,58.0,39.0
2023,609749,Northside College Preparatory High School,71.0,86.0,64.0,71.0,90.0,,68.0,,,,79.0,,83.0,99.0,,28.0,62.0,39.0,,68.0,,,99.0,,,45.0,,,,,,99.0,55.0,,99.0,92.0,87.0,,99.0,,98.0,80.0,,,,,
2023,609750,Simpson Academy HS for Young Women,99.0,99.0,99.0,99.0,98.0,89.0,80.0,64.0,80.0,73.0,99.0,93.0,99.0,99.0,72.0,23.0,53.0,99.0,54.0,,99.0,90.0,99.0,92.0,80.0,21.0,,99.0,99.0,94.0,73.0,99.0,77.0,99.0,99.0,67.0,99.0,99.0,99.0,55.0,99.0,87.0,74.0,94.0,99.0,99.0,65.0
2023,609751,Dr  Martin Luther King Jr College Prep HS,71.0,99.0,83.0,76.0,72.0,47.0,62.0,74.0,47.0,31.0,79.0,41.0,40.0,89.0,59.0,23.0,33.0,22.0,26.0,69.0,46.0,64.0,77.0,62.0,58.0,27.0,,59.0,47.0,45.0,46.0,61.0,29.0,36.0,65.0,62.0,64.0,75.0,73.0,53.0,69.0,55.0,24.0,49.0,71.0,34.0,46.0
2023,609753,Chicago High School for Agricultural Sciences,81.0,72.0,47.0,58.0,57.0,63.0,34.0,64.0,69.0,53.0,67.0,71.0,50.0,78.0,62.0,18.0,63.0,18.0,47.0,61.0,77.0,77.0,46.0,89.0,67.0,45.0,,91.0,77.0,47.0,51.0,63.0,26.0,64.0,57.0,46.0,58.0,99.0,61.0,65.0,59.0,51.0,46.0,59.0,76.0,68.0,86.0
2023,609754,Chicago Military Academy High School,19.0,98.0,51.0,38.0,55.0,23.0,32.0,10.0,5.0,1.0,40.0,7.0,44.0,73.0,28.0,13.0,35.0,18.0,1.0,67.0,4.0,40.0,75.0,48.0,32.0,7.0,,14.0,4.0,35.0,4.0,48.0,18.0,1.0,58.0,40.0,51.0,6.0,60.0,25.0,45.0,36.0,8.0,32.0,39.0,3.0,9.0
2023,609755,Whitney M Young Magnet High School,99.0,97.0,69.0,97.0,92.0,78.0,68.0,43.0,61.0,49.0,84.0,67.0,75.0,99.0,97.0,23.0,63.0,53.0,47.0,86.0,62.0,98.0,78.0,97.0,99.0,52.0,,72.0,69.0,95.0,55.0,99.0,50.0,75.0,92.0,81.0,87.0,85.0,99.0,83.0,91.0,81.0,52.0,83.0,99.0,80.0,67.0
2023,609756,Marie Sklodowska Curie Metropolitan High School,29.0,79.0,57.0,45.0,55.0,48.0,38.0,56.0,36.0,25.0,52.0,22.0,23.0,67.0,36.0,1.0,43.0,12.0,20.0,64.0,25.0,40.0,58.0,55.0,31.0,2.0,,38.0,33.0,50.0,49.0,45.0,17.0,26.0,52.0,42.0,53.0,79.0,67.0,41.0,71.0,44.0,12.0,20.0,33.0,12.0,39.0
2023,609759,Roberto Clemente Community Academy High School,10.0,79.0,65.0,40.0,52.0,48.0,31.0,39.0,21.0,6.0,43.0,18.0,11.0,56.0,30.0,1.0,41.0,18.0,1.0,61.0,9.0,36.0,69.0,42.0,39.0,1.0,,30.0,29.0,43.0,25.0,30.0,14.0,12.0,47.0,35.0,55.0,38.0,44.0,40.0,58.0,39.0,21.0,25.0,28.0,13.0,20.0
2023,609760,George Washington Carver Military Academy HS,39.0,99.0,67.0,57.0,68.0,58.0,46.0,43.0,38.0,27.0,59.0,35.0,56.0,87.0,54.0,23.0,49.0,28.0,30.0,69.0,33.0,45.0,80.0,48.0,48.0,32.0,,55.0,40.0,47.0,22.0,61.0,29.0,43.0,65.0,56.0,63.0,42.0,74.0,51.0,57.0,51.0,30.0,62.0,39.0,21.0,38.0
2023,609761,George H Corliss High School,50.0,99.0,63.0,50.0,61.0,31.0,42.0,66.0,45.0,35.0,47.0,41.0,24.0,82.0,35.0,16.0,33.0,36.0,19.0,69.0,50.0,42.0,76.0,64.0,26.0,33.0,,60.0,73.0,37.0,47.0,72.0,14.0,18.0,54.0,39.0,60.0,84.0,50.0,40.0,46.0,39.0,26.0,34.0,37.0,27.0,34.0
2023,609762,Percy L Julian High School,81.0,99.0,84.0,70.0,78.0,52.0,57.0,69.0,74.0,79.0,80.0,66.0,47.0,88.0,55.0,39.0,44.0,45.0,70.0,78.0,77.0,58.0,82.0,86.0,37.0,35.0,,86.0,97.0,70.0,79.0,80.0,19.0,51.0,66.0,29.0,61.0,94.0,36.0,51.0,60.0,49.0,29.0,34.0,51.0,73.0,72.0
2023,609764,Benito Juarez Community Academy High School,61.0,78.0,61.0,41.0,56.0,53.0,40.0,59.0,52.0,52.0,42.0,47.0,21.0,70.0,52.0,1.0,42.0,15.0,38.0,79.0,47.0,66.0,63.0,81.0,59.0,6.0,,62.0,64.0,51.0,68.0,31.0,11.0,40.0,50.0,35.0,58.0,77.0,66.0,52.0,74.0,49.0,35.0,36.0,57.0,42.0,47.0
2023,609766,Jacqueline B Vaughn Occupational High School,81.0,,,,,61.0,,73.0,79.0,63.0,,74.0,,,6.0,,,,43.0,,78.0,90.0,,99.0,87.0,,,99.0,99.0,75.0,76.0,,,76.0,,,,99.0,,70.0,,,48.0,65.0,85.0,70.0,86.0
2023,609769,Ray Graham Training Center High School,99.0,99.0,92.0,81.0,82.0,47.0,57.0,62.0,72.0,53.0,79.0,66.0,93.0,88.0,38.0,62.0,33.0,75.0,60.0,83.0,75.0,88.0,99.0,99.0,90.0,93.0,,82.0,92.0,59.0,65.0,99.0,38.0,81.0,99.0,54.0,75.0,99.0,99.0,55.0,99.0,63.0,43.0,69.0,74.0,64.0,73.0
2023,609772,Jane Addams Elementary School,39.0,43.0,21.0,45.0,40.0,,15.0,,,,12.0,,22.0,49.0,,1.0,45.0,,,53.0,,,27.0,,,1.0,47.0,,,,,23.0,25.0,,28.0,39.0,,,39.0,,39.0,33.0,,,,,
2023,609773,Harriet Tubman Elementary School,71.0,44.0,27.0,50.0,61.0,55.0,40.0,59.0,56.0,47.0,17.0,41.0,33.0,49.0,,8.0,53.0,,41.0,84.0,53.0,82.0,64.0,90.0,83.0,44.0,50.0,63.0,65.0,80.0,66.0,29.0,52.0,46.0,64.0,66.0,,97.0,60.0,60.0,43.0,43.0,47.0,51.0,72.0,1.0,61.0
2023,609774,Louisa May Alcott College Preparatory ES,81.0,48.0,37.0,54.0,65.0,62.0,49.0,67.0,62.0,44.0,13.0,49.0,49.0,58.0,,26.0,65.0,,44.0,72.0,41.0,78.0,59.0,66.0,80.0,37.0,67.0,64.0,72.0,87.0,67.0,32.0,57.0,56.0,57.0,69.0,,51.0,64.0,83.0,39.0,50.0,49.0,56.0,88.0,41.0,69.0
2023,609777,Phillip D Armour Elementary School,71.0,65.0,61.0,67.0,70.0,71.0,49.0,56.0,64.0,63.0,49.0,51.0,30.0,80.0,,1.0,51.0,,60.0,70.0,49.0,59.0,66.0,53.0,57.0,14.0,69.0,78.0,58.0,67.0,64.0,42.0,43.0,63.0,58.0,50.0,,84.0,58.0,58.0,53.0,57.0,36.0,64.0,66.0,40.0,78.0
2023,609779,George Armstrong International Studies ES,91.0,78.0,61.0,63.0,70.0,62.0,57.0,60.0,74.0,65.0,64.0,74.0,41.0,71.0,,22.0,46.0,,64.0,74.0,78.0,71.0,67.0,81.0,56.0,14.0,67.0,89.0,89.0,79.0,92.0,47.0,35.0,75.0,56.0,52.0,,78.0,61.0,61.0,53.0,54.0,57.0,54.0,77.0,73.0,81.0
2023,609780,Marine Leadership Academy at Ames,50.0,75.0,57.0,45.0,58.0,71.0,39.0,63.0,50.0,39.0,57.0,47.0,39.0,63.0,41.0,1.0,44.0,25.0,29.0,65.0,38.0,50.0,72.0,61.0,40.0,17.0,,77.0,61.0,51.0,48.0,35.0,25.0,37.0,56.0,42.0,60.0,96.0,65.0,65.0,67.0,48.0,37.0,65.0,48.0,36.0,51.0
2023,609782,John J Audubon Elementary School,61.0,,,,,45.0,,56.0,56.0,49.0,,49.0,,,,,,,62.0,,50.0,75.0,,61.0,75.0,,,64.0,54.0,7.0,42.0,,,51.0,,,,85.0,,63.0,,,40.0,56.0,89.0,42.0,69.0
2023,609783,Nancy B Jefferson Alternative HS,81.0,99.0,85.0,71.0,86.0,53.0,63.0,76.0,64.0,69.0,70.0,58.0,45.0,90.0,45.0,53.0,66.0,36.0,71.0,73.0,69.0,67.0,99.0,70.0,45.0,46.0,,88.0,90.0,83.0,99.0,82.0,37.0,50.0,76.0,63.0,68.0,99.0,93.0,76.0,81.0,58.0,35.0,55.0,85.0,41.0,36.0
2023,609786,Avalon Park Elementary School,39.0,51.0,44.0,41.0,56.0,29.0,46.0,33.0,40.0,24.0,29.0,60.0,9.0,75.0,,20.0,26.0,,48.0,45.0,76.0,30.0,72.0,32.0,17.0,6.0,45.0,78.0,75.0,34.0,33.0,8.0,7.0,35.0,18.0,30.0,,97.0,12.0,25.0,40.0,34.0,34.0,40.0,40.0,50.0,33.0
2023,609788,Alice L Barnard Computer Math & Science Ctr ES,29.0,32.0,4.0,31.0,31.0,69.0,1.0,44.0,50.0,39.0,1.0,59.0,1.0,27.0,,1.0,17.0,,14.0,38.0,69.0,47.0,24.0,48.0,41.0,1.0,22.0,75.0,71.0,40.0,53.0,1.0,1.0,45.0,1.0,27.0,,71.0,6.0,55.0,1.0,7.0,45.0,44.0,53.0,48.0,52.0
2023,609789,John Barry Elementary School,50.0,70.0,62.0,52.0,59.0,59.0,41.0,20.0,36.0,23.0,47.0,47.0,31.0,65.0,,25.0,43.0,,40.0,24.0,33.0,62.0,59.0,56.0,66.0,1.0,72.0,65.0,55.0,60.0,19.0,55.0,36.0,41.0,74.0,52.0,,49.0,81.0,41.0,56.0,57.0,43.0,61.0,63.0,46.0,43.0
2023,609790,Clara Barton Elementary School,29.0,67.0,32.0,50.0,52.0,1.0,30.0,58.0,55.0,38.0,22.0,52.0,33.0,59.0,,18.0,37.0,,44.0,39.0,54.0,39.0,68.0,58.0,19.0,20.0,48.0,63.0,75.0,32.0,85.0,23.0,7.0,43.0,29.0,24.0,,87.0,30.0,16.0,19.0,27.0,41.0,23.0,40.0,49.0,61.0
2023,609791,Perkins Bass Elementary School,50.0,86.0,72.0,87.0,74.0,1.0,72.0,30.0,40.0,37.0,19.0,43.0,19.0,87.0,,56.0,28.0,,47.0,57.0,44.0,35.0,82.0,37.0,28.0,33.0,74.0,62.0,65.0,40.0,34.0,61.0,28.0,25.0,69.0,38.0,,93.0,48.0,5.0,51.0,56.0,27.0,39.0,39.0,38.0,44.0
2023,609792,Newton Bateman Elementary School,81.0,58.0,44.0,41.0,50.0,66.0,31.0,86.0,84.0,73.0,20.0,77.0,23.0,41.0,,15.0,52.0,,82.0,51.0,80.0,84.0,44.0,86.0,72.0,6.0,53.0,96.0,99.0,73.0,99.0,25.0,44.0,79.0,63.0,64.0,,99.0,67.0,63.0,58.0,50.0,56.0,63.0,93.0,76.0,84.0
2023,609793,Lillian R. Nicholson STEM Academy,39.0,53.0,41.0,44.0,53.0,38.0,19.0,68.0,55.0,55.0,8.0,41.0,1.0,51.0,,1.0,31.0,,62.0,53.0,52.0,43.0,52.0,45.0,30.0,1.0,49.0,45.0,56.0,65.0,53.0,3.0,9.0,40.0,17.0,41.0,,88.0,27.0,19.0,21.0,30.0,25.0,36.0,53.0,42.0,57.0
2023,609794,Thomas A Edison Regional Gifted Center ES,71.0,29.0,15.0,44.0,62.0,78.0,42.0,25.0,43.0,28.0,1.0,57.0,22.0,66.0,,12.0,69.0,,38.0,37.0,51.0,80.0,61.0,73.0,86.0,37.0,57.0,68.0,55.0,78.0,24.0,51.0,60.0,56.0,77.0,81.0,,79.0,62.0,88.0,47.0,45.0,46.0,68.0,80.0,63.0,53.0
2023,609795,George Rogers Clark Elementary School,91.0,75.0,66.0,68.0,68.0,61.0,68.0,56.0,68.0,82.0,46.0,65.0,44.0,75.0,,17.0,60.0,,83.0,35.0,64.0,75.0,69.0,63.0,77.0,71.0,55.0,94.0,98.0,61.0,73.0,40.0,42.0,44.0,61.0,62.0,,99.0,56.0,37.0,43.0,52.0,49.0,57.0,84.0,54.0,62.0
2023,609796,Jean Baptiste Beaubien Elementary School,91.0,68.0,63.0,75.0,67.0,54.0,69.0,30.0,59.0,56.0,64.0,65.0,73.0,70.0,,45.0,80.0,,45.0,72.0,68.0,79.0,52.0,79.0,77.0,35.0,68.0,78.0,79.0,70.0,67.0,68.0,61.0,68.0,96.0,79.0,,99.0,87.0,64.0,66.0,65.0,52.0,54.0,82.0,63.0,63.0
2023,609797,Jacob Beidler Elementary School,50.0,82.0,67.0,70.0,82.0,63.0,63.0,71.0,42.0,34.0,53.0,38.0,26.0,87.0,,7.0,46.0,,16.0,65.0,29.0,48.0,81.0,48.0,46.0,41.0,74.0,47.0,46.0,91.0,51.0,21.0,28.0,42.0,51.0,59.0,,79.0,59.0,40.0,29.0,50.0,42.0,39.0,49.0,33.0,16.0
2023,609798,Hiram H Belding Elementary School,81.0,60.0,53.0,48.0,54.0,41.0,51.0,61.0,70.0,64.0,42.0,68.0,52.0,54.0,,22.0,75.0,,69.0,74.0,72.0,78.0,71.0,85.0,68.0,32.0,62.0,82.0,80.0,41.0,59.0,48.0,46.0,68.0,66.0,64.0,,99.0,67.0,48.0,56.0,54.0,51.0,48.0,80.0,68.0,76.0
2023,609799,Alexander Graham Bell Elementary School,29.0,41.0,31.0,47.0,47.0,50.0,47.0,21.0,30.0,20.0,22.0,30.0,32.0,58.0,,32.0,83.0,,12.0,59.0,25.0,59.0,52.0,59.0,65.0,42.0,64.0,22.0,35.0,31.0,33.0,59.0,58.0,35.0,72.0,82.0,,24.0,65.0,61.0,54.0,52.0,37.0,37.0,54.0,35.0,39.0
2023,609800,Frank I Bennett Elementary School,61.0,83.0,62.0,71.0,71.0,,58.0,,,,40.0,,15.0,71.0,,49.0,25.0,,,45.0,,,72.0,,,28.0,70.0,,,,,54.0,22.0,,44.0,31.0,,,35.0,,40.0,49.0,,,,,
2023,609803,James G Blaine Elementary School,39.0,48.0,32.0,53.0,54.0,69.0,40.0,27.0,32.0,10.0,44.0,43.0,60.0,49.0,,58.0,83.0,,1.0,49.0,36.0,59.0,72.0,64.0,61.0,79.0,59.0,48.0,39.0,42.0,18.0,76.0,55.0,56.0,88.0,77.0,,20.0,69.0,62.0,59.0,51.0,39.0,52.0,51.0,47.0,27.0
2023,609804,Daniel Boone Elementary School,71.0,79.0,62.0,59.0,68.0,71.0,68.0,51.0,50.0,36.0,51.0,53.0,45.0,80.0,,23.0,54.0,,30.0,92.0,49.0,54.0,79.0,54.0,45.0,39.0,76.0,63.0,59.0,54.0,46.0,47.0,47.0,54.0,78.0,60.0,,81.0,71.0,43.0,67.0,63.0,44.0,56.0,62.0,54.0,48.0
2023,609805,Scott Joplin Elementary School,10.0,67.0,44.0,67.0,51.0,44.0,37.0,29.0,33.0,12.0,38.0,31.0,3.0,53.0,,20.0,20.0,,25.0,24.0,33.0,14.0,69.0,25.0,7.0,46.0,45.0,45.0,56.0,16.0,63.0,22.0,8.0,30.0,28.0,35.0,,76.0,35.0,24.0,22.0,30.0,22.0,20.0,11.0,22.0,40.0
2023,609806,Myra Bradwell Communications Arts & Sciences ES,19.0,61.0,34.0,47.0,49.0,1.0,18.0,45.0,38.0,21.0,19.0,50.0,1.0,58.0,,13.0,16.0,,18.0,22.0,66.0,26.0,52.0,52.0,6.0,1.0,40.0,58.0,69.0,40.0,24.0,29.0,1.0,14.0,21.0,20.0,,76.0,24.0,13.0,21.0,24.0,32.0,11.0,19.0,42.0,39.0
2023,609807,Lionel Hampton Fine & Performing Arts ES,1.0,30.0,20.0,24.0,32.0,64.0,1.0,4.0,12.0,5.0,1.0,20.0,1.0,38.0,,1.0,29.0,,1.0,60.0,18.0,33.0,22.0,31.0,24.0,1.0,31.0,26.0,23.0,42.0,1.0,8.0,1.0,7.0,8.0,21.0,,19.0,16.0,51.0,10.0,16.0,23.0,23.0,44.0,12.0,20.0
2023,609808,Alex Haley Elementary Academy,50.0,75.0,53.0,63.0,65.0,64.0,43.0,47.0,50.0,44.0,48.0,56.0,41.0,62.0,,39.0,38.0,,41.0,63.0,59.0,46.0,73.0,65.0,38.0,15.0,55.0,67.0,72.0,62.0,59.0,34.0,16.0,42.0,42.0,49.0,,91.0,46.0,40.0,33.0,39.0,38.0,47.0,34.0,58.0,44.0
2023,609809,Lorenz Brentano Math & Science Academy ES,81.0,89.0,57.0,67.0,63.0,41.0,72.0,47.0,53.0,42.0,19.0,54.0,12.0,53.0,,37.0,53.0,,47.0,76.0,43.0,75.0,72.0,68.0,76.0,42.0,71.0,66.0,61.0,60.0,54.0,57.0,48.0,63.0,84.0,73.0,,63.0,72.0,65.0,67.0,61.0,52.0,48.0,81.0,55.0,53.0
2023,609810,Norman A Bridge Elementary School,39.0,36.0,29.0,47.0,59.0,52.0,41.0,40.0,42.0,23.0,19.0,45.0,22.0,64.0,,5.0,51.0,,20.0,55.0,38.0,50.0,73.0,57.0,37.0,6.0,50.0,57.0,55.0,51.0,47.0,24.0,32.0,50.0,42.0,58.0,,59.0,45.0,36.0,46.0,39.0,43.0,45.0,55.0,41.0,41.0
2023,609811,Orville T Bright Elementary School,19.0,44.0,30.0,25.0,30.0,39.0,27.0,16.0,30.0,22.0,1.0,46.0,1.0,53.0,,1.0,18.0,,7.0,6.0,46.0,40.0,42.0,38.0,40.0,19.0,26.0,54.0,47.0,1.0,36.0,11.0,9.0,31.0,1.0,25.0,,54.0,11.0,12.0,21.0,22.0,38.0,34.0,42.0,47.0,35.0
2023,609812,William H Brown Elementary School,50.0,85.0,75.0,81.0,78.0,51.0,54.0,34.0,39.0,12.0,43.0,42.0,28.0,80.0,,27.0,50.0,,52.0,60.0,50.0,58.0,79.0,56.0,51.0,2.0,78.0,47.0,74.0,71.0,36.0,33.0,29.0,22.0,53.0,55.0,,99.0,45.0,61.0,30.0,53.0,40.0,15.0,66.0,30.0,51.0
2023,609813,Charles S Brownell Elementary School,39.0,81.0,62.0,65.0,69.0,,62.0,,23.0,8.0,20.0,39.0,20.0,82.0,,66.0,11.0,,,54.0,29.0,,59.0,,,63.0,69.0,64.0,49.0,,1.0,53.0,37.0,11.0,45.0,46.0,,,47.0,,61.0,57.0,,49.0,9.0,24.0,
2023,609815,Edward A Bouchet Math & Science Academy ES,81.0,87.0,68.0,81.0,77.0,46.0,67.0,64.0,66.0,69.0,71.0,61.0,49.0,82.0,,49.0,38.0,,74.0,60.0,65.0,57.0,95.0,59.0,43.0,51.0,77.0,81.0,83.0,48.0,82.0,48.0,24.0,50.0,49.0,33.0,,99.0,45.0,32.0,38.0,52.0,41.0,46.0,68.0,56.0,66.0
2023,609817,Lyman A Budlong Elementary School,71.0,61.0,53.0,64.0,68.0,62.0,63.0,44.0,49.0,48.0,51.0,51.0,54.0,65.0,,14.0,54.0,,44.0,52.0,52.0,74.0,68.0,65.0,67.0,13.0,59.0,69.0,55.0,74.0,49.0,32.0,48.0,53.0,66.0,70.0,,83.0,69.0,53.0,55.0,54.0,42.0,63.0,90.0,41.0,47.0
2023,609818,Luther Burbank Elementary School,91.0,57.0,57.0,49.0,62.0,58.0,43.0,50.0,64.0,49.0,19.0,66.0,28.0,71.0,,16.0,52.0,,62.0,68.0,70.0,70.0,70.0,64.0,68.0,17.0,63.0,79.0,84.0,56.0,57.0,39.0,38.0,65.0,62.0,46.0,,94.0,62.0,53.0,50.0,52.0,45.0,44.0,78.0,71.0,74.0
2023,609819,Edmond Burke Elementary School,50.0,66.0,46.0,55.0,64.0,,38.0,,,,26.0,,29.0,63.0,,41.0,43.0,,,53.0,,,74.0,,,29.0,52.0,,,,,40.0,8.0,,30.0,29.0,,,25.0,,26.0,33.0,,,,,
2023,609820,Augustus H Burley Elementary School,71.0,41.0,22.0,53.0,61.0,64.0,48.0,58.0,42.0,42.0,11.0,47.0,47.0,46.0,,43.0,83.0,,25.0,53.0,29.0,72.0,76.0,55.0,77.0,64.0,66.0,75.0,41.0,67.0,37.0,64.0,63.0,33.0,84.0,84.0,,99.0,75.0,75.0,50.0,50.0,49.0,57.0,83.0,33.0,37.0
2023,609821,Burnham Elementary Inclusive Academy,29.0,68.0,47.0,46.0,52.0,27.0,29.0,26.0,33.0,22.0,28.0,50.0,13.0,52.0,,28.0,33.0,,20.0,58.0,54.0,40.0,49.0,43.0,44.0,20.0,57.0,57.0,51.0,62.0,41.0,27.0,13.0,25.0,34.0,43.0,,50.0,33.0,38.0,35.0,38.0,38.0,31.0,34.0,52.0,41.0
2023,609827,Burnside Elementary Scholastic Academy,71.0,74.0,64.0,81.0,82.0,75.0,52.0,63.0,60.0,30.0,71.0,56.0,45.0,75.0,,43.0,41.0,,50.0,60.0,59.0,51.0,99.0,66.0,41.0,53.0,83.0,61.0,82.0,73.0,54.0,54.0,28.0,60.0,60.0,53.0,,81.0,39.0,42.0,45.0,55.0,41.0,54.0,45.0,64.0,66.0
2023,609828,Jonathan Burr Elementary School,81.0,54.0,56.0,56.0,58.0,49.0,54.0,83.0,68.0,53.0,50.0,61.0,43.0,60.0,,20.0,70.0,,69.0,75.0,58.0,71.0,63.0,70.0,70.0,43.0,39.0,76.0,79.0,53.0,60.0,25.0,54.0,55.0,64.0,74.0,,99.0,59.0,65.0,52.0,50.0,54.0,55.0,73.0,54.0,68.0
2023,609829,John C Burroughs Elementary School,81.0,68.0,59.0,70.0,78.0,70.0,64.0,81.0,66.0,58.0,65.0,57.0,34.0,90.0,,19.0,64.0,,55.0,82.0,65.0,56.0,72.0,48.0,50.0,30.0,76.0,74.0,76.0,80.0,49.0,38.0,44.0,62.0,84.0,75.0,,77.0,73.0,58.0,59.0,60.0,37.0,67.0,71.0,53.0,54.0
2023,609830,Milton Brunson Math & Science Specialty ES,50.0,65.0,48.0,55.0,53.0,1.0,33.0,55.0,50.0,35.0,33.0,55.0,22.0,58.0,,12.0,39.0,,42.0,52.0,60.0,60.0,56.0,68.0,56.0,15.0,60.0,70.0,70.0,41.0,57.0,29.0,16.0,42.0,34.0,37.0,,71.0,35.0,19.0,32.0,39.0,39.0,36.0,55.0,51.0,49.0
2023,609832,Michael M Byrne Elementary School,50.0,59.0,40.0,55.0,55.0,55.0,39.0,48.0,49.0,40.0,39.0,44.0,44.0,67.0,,20.0,57.0,,42.0,61.0,44.0,57.0,56.0,59.0,49.0,22.0,48.0,57.0,54.0,40.0,47.0,38.0,35.0,54.0,49.0,57.0,,87.0,54.0,35.0,35.0,40.0,43.0,48.0,63.0,30.0,47.0
2023,609833,Charles P Caldwell Academy of Math & Science ES,61.0,54.0,48.0,50.0,79.0,,45.0,21.0,46.0,68.0,45.0,72.0,43.0,88.0,,32.0,44.0,,71.0,66.0,60.0,37.0,99.0,46.0,30.0,24.0,55.0,98.0,50.0,,24.0,40.0,46.0,42.0,87.0,71.0,,86.0,60.0,,28.0,44.0,57.0,46.0,35.0,73.0,49.0
2023,609834,Little Village Elementary School,50.0,46.0,35.0,26.0,45.0,46.0,25.0,49.0,51.0,41.0,1.0,52.0,5.0,53.0,,1.0,40.0,,38.0,70.0,45.0,46.0,43.0,52.0,41.0,1.0,49.0,53.0,62.0,57.0,42.0,9.0,29.0,57.0,59.0,58.0,,76.0,61.0,38.0,46.0,40.0,45.0,54.0,44.0,63.0,48.0
2023,609835,Daniel R Cameron Elementary School,71.0,62.0,59.0,53.0,70.0,59.0,49.0,57.0,60.0,56.0,36.0,55.0,10.0,79.0,,9.0,41.0,,72.0,75.0,52.0,53.0,74.0,70.0,37.0,1.0,55.0,64.0,66.0,74.0,71.0,14.0,31.0,47.0,64.0,45.0,,99.0,50.0,37.0,51.0,49.0,41.0,29.0,51.0,62.0,72.0
2023,609836,Arthur E Canty Elementary School,71.0,58.0,36.0,62.0,62.0,66.0,46.0,39.0,55.0,42.0,31.0,59.0,40.0,65.0,,16.0,61.0,,32.0,44.0,56.0,60.0,59.0,61.0,60.0,24.0,60.0,71.0,83.0,60.0,54.0,37.0,51.0,60.0,55.0,67.0,,88.0,63.0,70.0,56.0,51.0,46.0,56.0,60.0,63.0,49.0
2023,609837,Andrew Carnegie Elementary School,61.0,56.0,44.0,63.0,65.0,49.0,56.0,54.0,58.0,62.0,44.0,68.0,26.0,77.0,,19.0,42.0,,65.0,51.0,71.0,57.0,64.0,65.0,47.0,40.0,47.0,89.0,75.0,54.0,79.0,40.0,27.0,52.0,41.0,58.0,,87.0,33.0,25.0,35.0,38.0,52.0,43.0,59.0,58.0,48.0
2023,609839,Carroll-Rosenwald Specialty Elementary School,81.0,62.0,40.0,64.0,63.0,42.0,33.0,40.0,66.0,62.0,20.0,70.0,13.0,73.0,,25.0,42.0,,85.0,15.0,78.0,70.0,50.0,67.0,67.0,45.0,40.0,87.0,93.0,64.0,74.0,32.0,33.0,60.0,45.0,44.0,,99.0,25.0,46.0,35.0,37.0,45.0,56.0,77.0,71.0,76.0
2023,609842,Rachel Carson Elementary School,29.0,40.0,33.0,40.0,48.0,52.0,13.0,57.0,45.0,38.0,9.0,35.0,14.0,64.0,,1.0,28.0,,52.0,57.0,37.0,54.0,32.0,37.0,62.0,1.0,46.0,46.0,43.0,57.0,50.0,21.0,20.0,32.0,26.0,35.0,,80.0,42.0,38.0,34.0,33.0,26.0,45.0,63.0,30.0,55.0
2023,609844,William W Carter Elementary School,19.0,47.0,31.0,42.0,40.0,1.0,7.0,19.0,36.0,36.0,7.0,44.0,16.0,54.0,,12.0,37.0,,42.0,40.0,53.0,38.0,43.0,51.0,21.0,22.0,42.0,56.0,38.0,21.0,28.0,15.0,16.0,18.0,20.0,48.0,,40.0,12.0,24.0,21.0,28.0,27.0,20.0,41.0,38.0,70.0
2023,609845,George Washington Carver Primary School,81.0,67.0,46.0,62.0,68.0,46.0,35.0,64.0,70.0,59.0,15.0,76.0,17.0,64.0,,24.0,27.0,,61.0,40.0,84.0,60.0,68.0,82.0,38.0,21.0,48.0,86.0,99.0,76.0,77.0,38.0,13.0,58.0,21.0,12.0,,93.0,10.0,26.0,28.0,34.0,50.0,36.0,61.0,85.0,68.0
2023,609848,Ira F Aldridge Elementary School,50.0,70.0,60.0,61.0,58.0,13.0,29.0,34.0,44.0,35.0,45.0,52.0,38.0,69.0,,23.0,36.0,,57.0,65.0,50.0,44.0,62.0,76.0,20.0,19.0,58.0,69.0,71.0,39.0,33.0,21.0,13.0,33.0,62.0,31.0,,99.0,33.0,1.0,41.0,43.0,43.0,33.0,35.0,47.0,47.0
2023,609849,George F Cassell Elementary School,99.0,62.0,80.0,86.0,88.0,69.0,84.0,67.0,76.0,65.0,82.0,80.0,81.0,99.0,,55.0,98.0,,81.0,99.0,81.0,84.0,70.0,88.0,76.0,75.0,75.0,99.0,99.0,95.0,64.0,43.0,92.0,81.0,99.0,99.0,,77.0,93.0,81.0,72.0,80.0,61.0,83.0,87.0,78.0,68.0
2023,609850,Horace Greeley Elementary School,50.0,57.0,51.0,50.0,57.0,26.0,45.0,43.0,45.0,37.0,19.0,39.0,29.0,58.0,,1.0,43.0,,43.0,44.0,41.0,61.0,55.0,57.0,57.0,16.0,56.0,41.0,53.0,63.0,58.0,21.0,36.0,35.0,40.0,44.0,,98.0,46.0,55.0,36.0,45.0,48.0,34.0,69.0,27.0,58.0
2023,609851,Thomas Chalmers Specialty Elementary School,39.0,91.0,82.0,75.0,60.0,14.0,54.0,41.0,35.0,34.0,22.0,23.0,34.0,68.0,,62.0,44.0,,35.0,82.0,36.0,33.0,70.0,10.0,37.0,36.0,91.0,41.0,32.0,28.0,28.0,54.0,38.0,10.0,85.0,59.0,,53.0,58.0,25.0,40.0,63.0,9.0,25.0,53.0,7.0,58.0
2023,609852,Eliza Chappell Elementary School,81.0,46.0,39.0,52.0,62.0,74.0,38.0,64.0,61.0,49.0,18.0,59.0,34.0,66.0,,14.0,66.0,,53.0,49.0,50.0,85.0,46.0,78.0,82.0,31.0,44.0,69.0,60.0,85.0,69.0,26.0,44.0,66.0,65.0,65.0,,67.0,67.0,68.0,45.0,43.0,54.0,64.0,96.0,61.0,65.0
2023,609853,Salmon P Chase Elementary School,61.0,55.0,41.0,46.0,51.0,56.0,37.0,21.0,40.0,39.0,23.0,40.0,24.0,67.0,,4.0,48.0,,28.0,65.0,31.0,60.0,60.0,59.0,56.0,1.0,62.0,52.0,47.0,29.0,54.0,15.0,42.0,46.0,62.0,69.0,,65.0,65.0,45.0,52.0,49.0,40.0,64.0,64.0,35.0,49.0
2023,609854,Frederic Chopin Elementary School,19.0,54.0,34.0,32.0,33.0,5.0,18.0,38.0,42.0,27.0,1.0,48.0,12.0,39.0,,1.0,35.0,,48.0,33.0,39.0,37.0,55.0,48.0,34.0,18.0,23.0,51.0,50.0,5.0,41.0,5.0,19.0,47.0,25.0,41.0,,49.0,40.0,1.0,20.0,24.0,41.0,29.0,28.0,59.0,46.0
2023,609855,Walter S Christopher Elementary School,39.0,56.0,43.0,38.0,40.0,65.0,31.0,37.0,39.0,17.0,22.0,47.0,35.0,62.0,,1.0,37.0,,15.0,19.0,44.0,45.0,60.0,48.0,47.0,1.0,54.0,60.0,52.0,1.0,38.0,20.0,30.0,44.0,53.0,55.0,,65.0,57.0,10.0,41.0,42.0,39.0,58.0,39.0,45.0,45.0
2023,609856,Henry Clay Elementary School,50.0,47.0,24.0,29.0,47.0,62.0,16.0,38.0,55.0,47.0,1.0,52.0,16.0,54.0,,1.0,39.0,,45.0,50.0,60.0,62.0,46.0,70.0,46.0,1.0,51.0,53.0,70.0,59.0,47.0,16.0,8.0,62.0,19.0,28.0,,70.0,25.0,45.0,26.0,27.0,37.0,33.0,69.0,56.0,60.0
2023,609857,Grover Cleveland Elementary School,61.0,50.0,52.0,53.0,53.0,70.0,43.0,33.0,48.0,40.0,44.0,56.0,45.0,56.0,,22.0,56.0,,44.0,23.0,45.0,72.0,49.0,78.0,64.0,25.0,58.0,68.0,67.0,54.0,45.0,35.0,38.0,51.0,63.0,85.0,,61.0,66.0,66.0,57.0,51.0,52.0,71.0,74.0,58.0,48.0
2023,609859,DeWitt Clinton Elementary School,99.0,99.0,92.0,88.0,80.0,53.0,83.0,62.0,71.0,51.0,83.0,69.0,68.0,87.0,,34.0,66.0,,67.0,82.0,72.0,74.0,72.0,81.0,58.0,40.0,81.0,83.0,99.0,74.0,96.0,67.0,52.0,78.0,97.0,81.0,,93.0,88.0,57.0,77.0,76.0,61.0,51.0,82.0,61.0,66.0
2023,609861,Henry R Clissold Elementary School,50.0,48.0,21.0,34.0,49.0,36.0,13.0,54.0,49.0,41.0,1.0,44.0,24.0,55.0,,16.0,50.0,,46.0,51.0,48.0,62.0,50.0,68.0,60.0,30.0,56.0,56.0,47.0,56.0,87.0,34.0,23.0,30.0,27.0,35.0,,78.0,29.0,38.0,19.0,30.0,38.0,29.0,57.0,35.0,72.0
2023,609862,Edward Coles Elementary Language Academy,39.0,35.0,31.0,46.0,50.0,,20.0,,,,1.0,,1.0,44.0,,10.0,32.0,,,1.0,,,61.0,,,1.0,42.0,,,,,4.0,6.0,,26.0,34.0,,,16.0,,30.0,27.0,,,,,
2023,609863,Christopher Columbus Elementary School,61.0,48.0,42.0,32.0,53.0,55.0,31.0,33.0,51.0,48.0,25.0,44.0,50.0,70.0,,12.0,53.0,,56.0,55.0,37.0,68.0,57.0,52.0,79.0,31.0,66.0,67.0,61.0,54.0,65.0,51.0,44.0,36.0,55.0,78.0,,65.0,70.0,51.0,49.0,50.0,43.0,68.0,74.0,27.0,75.0
2023,609864,John W Cook Elementary School,10.0,64.0,42.0,48.0,50.0,17.0,32.0,38.0,22.0,17.0,37.0,15.0,15.0,52.0,,16.0,28.0,,25.0,52.0,19.0,8.0,57.0,3.0,10.0,11.0,59.0,29.0,19.0,43.0,12.0,25.0,9.0,1.0,33.0,37.0,,26.0,38.0,16.0,40.0,38.0,12.0,27.0,12.0,1.0,33.0
2023,609865,Jordan Elementary Community School,19.0,58.0,46.0,43.0,54.0,15.0,39.0,56.0,38.0,28.0,35.0,38.0,36.0,66.0,,4.0,58.0,,34.0,65.0,32.0,39.0,67.0,46.0,32.0,14.0,59.0,54.0,43.0,39.0,75.0,37.0,30.0,29.0,66.0,60.0,,99.0,55.0,36.0,44.0,45.0,37.0,24.0,38.0,30.0,32.0
2023,609866,John C Coonley Elementary School,50.0,46.0,36.0,52.0,57.0,56.0,46.0,45.0,40.0,35.0,30.0,23.0,39.0,66.0,,38.0,89.0,,42.0,62.0,10.0,63.0,59.0,56.0,76.0,62.0,59.0,45.0,24.0,51.0,54.0,37.0,65.0,19.0,77.0,86.0,,81.0,69.0,69.0,47.0,52.0,35.0,40.0,56.0,1.0,79.0
2023,609867,Peter Cooper Elementary Dual Language Academy,29.0,63.0,47.0,39.0,45.0,42.0,28.0,1.0,33.0,35.0,11.0,26.0,15.0,56.0,,1.0,46.0,,49.0,50.0,25.0,43.0,56.0,28.0,46.0,1.0,54.0,41.0,38.0,30.0,1.0,34.0,42.0,35.0,55.0,50.0,,38.0,57.0,56.0,51.0,49.0,16.0,47.0,55.0,22.0,56.0
2023,609869,Anna R. Langford Community Academy,81.0,66.0,60.0,71.0,63.0,25.0,48.0,62.0,61.0,61.0,53.0,68.0,9.0,73.0,,43.0,44.0,,44.0,49.0,74.0,55.0,79.0,74.0,36.0,37.0,71.0,86.0,93.0,30.0,50.0,18.0,27.0,53.0,57.0,41.0,,88.0,30.0,43.0,41.0,50.0,41.0,44.0,55.0,71.0,34.0
2023,609870,Daniel J Corkery Elementary School,29.0,52.0,39.0,30.0,39.0,,26.0,,,,13.0,,12.0,41.0,,1.0,31.0,,,48.0,,,45.0,,,1.0,43.0,,,,,7.0,22.0,,49.0,35.0,,,46.0,,42.0,37.0,,,,,
2023,609872,Manuel Perez Elementary School,91.0,84.0,85.0,89.0,77.0,49.0,68.0,76.0,62.0,63.0,73.0,43.0,67.0,89.0,,43.0,69.0,,63.0,52.0,33.0,61.0,76.0,42.0,73.0,56.0,78.0,51.0,54.0,54.0,50.0,57.0,65.0,56.0,99.0,72.0,,70.0,92.0,46.0,67.0,74.0,53.0,59.0,68.0,34.0,59.0
2023,609873,Crown Community Academy of Fine Arts Center ES,39.0,70.0,33.0,62.0,55.0,,35.0,,,,1.0,,1.0,47.0,,10.0,37.0,,,71.0,,,56.0,,,3.0,37.0,,,,,14.0,17.0,,37.0,46.0,,,21.0,,32.0,30.0,,,,,
2023,609874,Everett McKinley Dirksen Elementary School,50.0,41.0,22.0,30.0,45.0,,27.0,,,,20.0,,35.0,52.0,,19.0,51.0,,,59.0,,,52.0,,,12.0,58.0,,,,,49.0,38.0,,44.0,69.0,,,58.0,,44.0,41.0,,,,,
2023,609875,Charles R Darwin Elementary School,50.0,54.0,48.0,40.0,51.0,30.0,36.0,54.0,54.0,46.0,17.0,51.0,11.0,66.0,,1.0,38.0,,53.0,50.0,48.0,59.0,48.0,55.0,60.0,1.0,51.0,71.0,65.0,48.0,70.0,27.0,29.0,42.0,32.0,52.0,,87.0,43.0,41.0,43.0,43.0,37.0,34.0,62.0,47.0,62.0
2023,609876,Nathan S Davis Elementary School,29.0,48.0,32.0,32.0,44.0,19.0,15.0,22.0,34.0,20.0,1.0,47.0,22.0,50.0,,1.0,39.0,,22.0,47.0,47.0,51.0,43.0,55.0,54.0,1.0,44.0,50.0,60.0,51.0,35.0,8.0,25.0,42.0,43.0,56.0,,56.0,53.0,43.0,40.0,35.0,38.0,46.0,44.0,53.0,24.0
2023,609879,Charles Gates Dawes Elementary School,50.0,41.0,26.0,38.0,52.0,67.0,20.0,70.0,65.0,55.0,16.0,59.0,15.0,50.0,,1.0,41.0,,56.0,26.0,63.0,58.0,50.0,68.0,48.0,1.0,51.0,78.0,74.0,71.0,68.0,17.0,31.0,65.0,30.0,50.0,,94.0,50.0,59.0,30.0,35.0,43.0,38.0,58.0,53.0,61.0
2023,609880,Stephen Decatur Classical Elementary School,99.0,36.0,40.0,51.0,72.0,78.0,68.0,82.0,91.0,95.0,53.0,84.0,63.0,54.0,,37.0,75.0,,99.0,74.0,84.0,97.0,84.0,94.0,99.0,50.0,58.0,99.0,99.0,99.0,99.0,49.0,88.0,79.0,94.0,99.0,,99.0,85.0,99.0,62.0,62.0,65.0,66.0,99.0,86.0,99.0
2023,609883,Charles S Deneen Elementary School,81.0,65.0,66.0,55.0,71.0,53.0,63.0,74.0,61.0,53.0,61.0,60.0,43.0,75.0,,34.0,39.0,,59.0,80.0,71.0,52.0,74.0,60.0,47.0,45.0,49.0,79.0,78.0,79.0,65.0,15.0,30.0,42.0,44.0,47.0,,99.0,42.0,41.0,37.0,46.0,41.0,43.0,49.0,50.0,57.0
2023,609884,William E Dever Elementary School,71.0,47.0,35.0,38.0,49.0,58.0,26.0,59.0,63.0,37.0,24.0,67.0,18.0,54.0,,1.0,49.0,,51.0,56.0,64.0,64.0,47.0,57.0,58.0,1.0,52.0,58.0,85.0,58.0,80.0,25.0,31.0,64.0,29.0,42.0,,99.0,41.0,56.0,34.0,38.0,59.0,46.0,76.0,86.0,68.0
2023,609885,Dewey Elementary Academy of Fine Arts,61.0,68.0,53.0,67.0,62.0,82.0,37.0,70.0,48.0,42.0,50.0,52.0,1.0,66.0,,31.0,34.0,,51.0,68.0,53.0,53.0,66.0,50.0,52.0,29.0,75.0,79.0,55.0,48.0,38.0,18.0,31.0,40.0,44.0,59.0,,99.0,38.0,22.0,31.0,48.0,39.0,61.0,56.0,36.0,34.0
2023,609887,Arthur Dixon Elementary School,91.0,82.0,72.0,92.0,96.0,69.0,77.0,77.0,79.0,83.0,65.0,70.0,51.0,92.0,,63.0,47.0,,96.0,74.0,75.0,89.0,99.0,77.0,91.0,39.0,58.0,95.0,99.0,99.0,99.0,56.0,42.0,70.0,82.0,60.0,,99.0,60.0,82.0,56.0,57.0,50.0,57.0,98.0,61.0,68.0
2023,609891,James R Doolittle Jr Elementary School,39.0,77.0,55.0,60.0,50.0,1.0,28.0,42.0,35.0,20.0,46.0,45.0,31.0,63.0,,36.0,27.0,,17.0,47.0,41.0,50.0,62.0,54.0,50.0,26.0,79.0,55.0,74.0,13.0,49.0,48.0,19.0,24.0,65.0,35.0,,48.0,40.0,29.0,45.0,50.0,41.0,18.0,46.0,42.0,15.0
2023,609893,John C Dore Elementary School,29.0,63.0,40.0,47.0,51.0,55.0,26.0,14.0,30.0,21.0,29.0,34.0,11.0,54.0,,14.0,54.0,,22.0,46.0,23.0,49.0,54.0,47.0,51.0,12.0,59.0,40.0,38.0,47.0,40.0,39.0,31.0,40.0,48.0,36.0,,73.0,62.0,38.0,45.0,44.0,39.0,31.0,49.0,33.0,37.0
2023,609894,John B Drake Elementary School,91.0,63.0,50.0,47.0,74.0,55.0,45.0,57.0,66.0,66.0,43.0,73.0,60.0,99.0,,22.0,34.0,,73.0,33.0,83.0,73.0,80.0,92.0,49.0,15.0,68.0,75.0,88.0,70.0,91.0,46.0,29.0,64.0,69.0,54.0,,99.0,58.0,36.0,49.0,49.0,52.0,49.0,77.0,81.0,57.0
2023,609895,Turner-Drew Elementary Language Academy,91.0,60.0,54.0,70.0,71.0,87.0,42.0,99.0,93.0,89.0,31.0,78.0,36.0,62.0,,29.0,32.0,,99.0,85.0,77.0,91.0,53.0,94.0,81.0,47.0,62.0,99.0,99.0,99.0,99.0,31.0,35.0,79.0,53.0,73.0,,99.0,50.0,92.0,49.0,50.0,61.0,67.0,97.0,74.0,99.0
2023,609896,Thomas Drummond Elementary School,91.0,53.0,55.0,54.0,64.0,43.0,65.0,36.0,48.0,33.0,68.0,66.0,59.0,58.0,,15.0,82.0,,14.0,67.0,55.0,85.0,69.0,75.0,80.0,81.0,68.0,69.0,73.0,73.0,31.0,41.0,69.0,52.0,99.0,97.0,,55.0,83.0,60.0,66.0,65.0,68.0,64.0,99.0,71.0,47.0
2023,609897,Charles W Earle Elementary School,91.0,76.0,63.0,69.0,75.0,77.0,56.0,92.0,90.0,88.0,30.0,85.0,1.0,70.0,,18.0,30.0,,99.0,50.0,94.0,88.0,71.0,91.0,75.0,1.0,66.0,99.0,99.0,91.0,99.0,17.0,20.0,81.0,33.0,35.0,,99.0,43.0,55.0,39.0,47.0,53.0,74.0,99.0,92.0,91.0
2023,609898,John F Eberhart Elementary School,39.0,32.0,31.0,20.0,43.0,71.0,19.0,43.0,50.0,29.0,7.0,54.0,8.0,41.0,,1.0,34.0,,31.0,58.0,57.0,52.0,42.0,60.0,44.0,1.0,34.0,66.0,78.0,67.0,39.0,10.0,23.0,55.0,22.0,29.0,,92.0,38.0,47.0,42.0,33.0,41.0,52.0,53.0,52.0,45.0
2023,609899,Christian Ebinger Elementary School,61.0,44.0,29.0,53.0,59.0,67.0,48.0,32.0,48.0,52.0,24.0,59.0,51.0,54.0,,37.0,85.0,,45.0,70.0,59.0,69.0,55.0,62.0,75.0,63.0,57.0,70.0,54.0,74.0,51.0,59.0,59.0,52.0,71.0,69.0,,51.0,68.0,75.0,59.0,51.0,47.0,64.0,69.0,60.0,51.0
2023,609900,George W Curtis Elementary School,10.0,59.0,43.0,49.0,57.0,48.0,13.0,1.0,14.0,1.0,18.0,18.0,1.0,60.0,,18.0,32.0,,4.0,43.0,20.0,14.0,48.0,17.0,1.0,1.0,48.0,31.0,25.0,71.0,15.0,26.0,11.0,9.0,33.0,23.0,,48.0,22.0,11.0,18.0,30.0,15.0,3.0,23.0,5.0,35.0
2023,609901,Edgebrook Elementary School,71.0,49.0,50.0,58.0,72.0,73.0,59.0,63.0,56.0,40.0,10.0,53.0,31.0,69.0,,31.0,77.0,,48.0,69.0,59.0,76.0,76.0,72.0,74.0,27.0,62.0,65.0,67.0,84.0,36.0,32.0,52.0,47.0,68.0,65.0,,96.0,71.0,71.0,57.0,55.0,51.0,48.0,83.0,37.0,65.0
2023,609903,Richard Edwards Elementary School,39.0,48.0,36.0,33.0,51.0,61.0,26.0,38.0,54.0,44.0,15.0,59.0,13.0,56.0,,1.0,32.0,,46.0,55.0,61.0,58.0,51.0,59.0,61.0,1.0,43.0,68.0,70.0,63.0,47.0,22.0,25.0,59.0,37.0,39.0,,67.0,54.0,56.0,39.0,36.0,46.0,54.0,55.0,61.0,61.0
2023,609904,Edward K Ellington Elementary School,39.0,62.0,50.0,47.0,50.0,1.0,41.0,38.0,51.0,49.0,13.0,52.0,17.0,65.0,,10.0,32.0,,41.0,53.0,60.0,45.0,65.0,52.0,36.0,1.0,49.0,55.0,56.0,22.0,75.0,17.0,17.0,42.0,31.0,31.0,,96.0,31.0,12.0,30.0,37.0,35.0,24.0,47.0,59.0,69.0
2023,609907,Leif Ericson Elementary Scholastic Academy,50.0,69.0,66.0,68.0,69.0,40.0,60.0,46.0,41.0,28.0,30.0,44.0,26.0,68.0,,35.0,33.0,,10.0,44.0,49.0,33.0,82.0,44.0,20.0,28.0,85.0,57.0,58.0,56.0,46.0,53.0,7.0,35.0,33.0,22.0,,62.0,26.0,36.0,26.0,46.0,35.0,38.0,34.0,35.0,39.0
2023,609908,Esmond Elementary School,39.0,48.0,47.0,54.0,53.0,44.0,38.0,65.0,40.0,21.0,43.0,55.0,1.0,61.0,,26.0,31.0,,57.0,24.0,51.0,50.0,57.0,56.0,42.0,30.0,40.0,76.0,54.0,41.0,62.0,38.0,19.0,34.0,37.0,37.0,,60.0,16.0,25.0,23.0,32.0,35.0,47.0,53.0,59.0,24.0
2023,609909,Edward Everett Elementary School,91.0,99.0,77.0,25.0,54.0,,31.0,99.0,85.0,91.0,,75.0,,38.0,,1.0,,,95.0,,99.0,68.0,99.0,79.0,57.0,,99.0,99.0,99.0,,99.0,39.0,20.0,49.0,65.0,,,99.0,87.0,,50.0,62.0,59.0,90.0,69.0,44.0,88.0
2023,609910,Laughlin Falconer Elementary School,99.0,73.0,67.0,66.0,70.0,63.0,49.0,62.0,66.0,62.0,78.0,64.0,47.0,73.0,,21.0,59.0,,65.0,53.0,71.0,63.0,68.0,60.0,55.0,35.0,84.0,71.0,77.0,74.0,61.0,58.0,40.0,66.0,65.0,55.0,,74.0,67.0,49.0,57.0,62.0,45.0,70.0,75.0,68.0,62.0
2023,609912,James B Farnsworth Elementary School,61.0,36.0,26.0,39.0,56.0,41.0,33.0,23.0,48.0,33.0,16.0,55.0,41.0,70.0,,1.0,70.0,,26.0,40.0,47.0,60.0,56.0,51.0,68.0,29.0,50.0,63.0,64.0,58.0,30.0,34.0,41.0,63.0,60.0,70.0,,52.0,59.0,65.0,45.0,41.0,44.0,52.0,61.0,64.0,56.0
2023,609917,Fernwood Elementary School,61.0,83.0,78.0,73.0,69.0,64.0,74.0,39.0,40.0,33.0,51.0,48.0,48.0,63.0,,55.0,51.0,,1.0,43.0,74.0,54.0,84.0,47.0,47.0,42.0,51.0,61.0,49.0,56.0,39.0,47.0,36.0,27.0,64.0,64.0,,72.0,37.0,31.0,34.0,50.0,23.0,65.0,69.0,35.0,52.0
2023,609918,Eugene Field Elementary School,10.0,73.0,68.0,60.0,46.0,5.0,39.0,15.0,9.0,1.0,18.0,11.0,1.0,72.0,,1.0,25.0,,1.0,46.0,1.0,21.0,50.0,45.0,12.0,1.0,38.0,16.0,9.0,1.0,1.0,20.0,17.0,1.0,28.0,49.0,,6.0,38.0,1.0,34.0,39.0,24.0,27.0,7.0,1.0,21.0
2023,609919,John Fiske Elementary School,10.0,45.0,34.0,46.0,50.0,53.0,30.0,26.0,23.0,11.0,39.0,31.0,12.0,59.0,,13.0,32.0,,14.0,69.0,39.0,24.0,55.0,37.0,13.0,1.0,45.0,48.0,40.0,41.0,22.0,21.0,8.0,13.0,44.0,40.0,,39.0,19.0,24.0,19.0,27.0,12.0,40.0,23.0,25.0,23.0
2023,609920,Gerald Delgado Kanoon Elementary Magnet School,71.0,49.0,34.0,32.0,53.0,79.0,11.0,69.0,85.0,76.0,1.0,74.0,12.0,47.0,,1.0,34.0,,81.0,42.0,79.0,79.0,34.0,87.0,55.0,1.0,50.0,90.0,99.0,97.0,84.0,2.0,25.0,80.0,37.0,48.0,,99.0,44.0,71.0,36.0,36.0,59.0,58.0,95.0,68.0,99.0
2023,609921,Telpochcalli Elementary School,50.0,44.0,45.0,50.0,58.0,,30.0,,,,27.0,,11.0,64.0,,1.0,38.0,,,55.0,,,59.0,,,9.0,49.0,,,,,7.0,33.0,,47.0,33.0,,,42.0,,43.0,43.0,,,,,
2023,609922,Belmont-Cragin Elementary School,61.0,50.0,41.0,36.0,46.0,62.0,18.0,49.0,64.0,65.0,9.0,58.0,20.0,54.0,,1.0,46.0,,69.0,52.0,59.0,74.0,43.0,71.0,67.0,1.0,36.0,62.0,64.0,51.0,60.0,14.0,38.0,71.0,47.0,53.0,,81.0,55.0,42.0,40.0,39.0,48.0,60.0,85.0,64.0,73.0
2023,609924,Fort Dearborn Elementary School,39.0,56.0,40.0,64.0,65.0,41.0,27.0,46.0,58.0,48.0,25.0,51.0,6.0,74.0,,20.0,24.0,,61.0,66.0,60.0,39.0,64.0,58.0,14.0,31.0,56.0,65.0,86.0,58.0,61.0,34.0,1.0,44.0,26.0,30.0,,76.0,34.0,8.0,16.0,28.0,29.0,49.0,44.0,48.0,64.0
2023,609925,Joseph Kellman Corporate Community ES,29.0,63.0,37.0,59.0,54.0,57.0,25.0,42.0,46.0,39.0,40.0,37.0,30.0,56.0,,1.0,34.0,,62.0,52.0,41.0,48.0,44.0,54.0,42.0,11.0,69.0,49.0,64.0,56.0,61.0,21.0,23.0,32.0,38.0,31.0,,49.0,41.0,34.0,19.0,37.0,36.0,48.0,48.0,23.0,55.0
2023,609926,Franklin Elementary Fine Arts Center,61.0,53.0,50.0,60.0,66.0,66.0,56.0,1.0,29.0,32.0,46.0,44.0,29.0,70.0,,33.0,54.0,,25.0,79.0,34.0,61.0,81.0,57.0,52.0,59.0,49.0,48.0,32.0,54.0,43.0,36.0,41.0,41.0,53.0,71.0,,83.0,39.0,45.0,31.0,43.0,43.0,32.0,75.0,49.0,38.0
2023,609927,Foster Park Elementary School,81.0,99.0,78.0,93.0,81.0,33.0,77.0,37.0,48.0,32.0,93.0,57.0,65.0,93.0,,56.0,60.0,,33.0,92.0,60.0,64.0,92.0,81.0,51.0,72.0,96.0,70.0,86.0,44.0,66.0,38.0,40.0,46.0,83.0,81.0,,70.0,64.0,17.0,56.0,68.0,47.0,45.0,61.0,51.0,38.0
2023,609928,Melville W Fuller Elementary School,39.0,66.0,73.0,87.0,74.0,16.0,70.0,66.0,41.0,26.0,54.0,46.0,23.0,95.0,,36.0,12.0,,24.0,58.0,55.0,24.0,72.0,30.0,15.0,39.0,14.0,55.0,46.0,43.0,43.0,18.0,12.0,30.0,34.0,31.0,,44.0,8.0,23.0,41.0,35.0,27.0,30.0,26.0,45.0,37.0
2023,609929,Robert Fulton Elementary School,29.0,56.0,48.0,68.0,68.0,63.0,53.0,11.0,31.0,36.0,43.0,22.0,17.0,64.0,,3.0,21.0,,44.0,45.0,6.0,30.0,74.0,41.0,24.0,1.0,59.0,41.0,31.0,64.0,27.0,1.0,16.0,24.0,43.0,29.0,,86.0,32.0,42.0,38.0,40.0,29.0,57.0,24.0,13.0,51.0
2023,609930,Frederick Funston Elementary School,39.0,52.0,32.0,39.0,54.0,29.0,22.0,41.0,44.0,25.0,12.0,45.0,18.0,61.0,,1.0,54.0,,6.0,38.0,58.0,54.0,58.0,61.0,47.0,17.0,65.0,36.0,72.0,57.0,52.0,16.0,29.0,37.0,42.0,45.0,,51.0,45.0,19.0,31.0,39.0,41.0,34.0,54.0,43.0,47.0
2023,609933,Stephen F Gale Elementary Community Academy,10.0,30.0,42.0,41.0,40.0,1.0,20.0,13.0,24.0,20.0,3.0,33.0,42.0,47.0,,19.0,35.0,,10.0,29.0,31.0,31.0,51.0,43.0,25.0,1.0,48.0,42.0,33.0,21.0,34.0,7.0,20.0,24.0,25.0,26.0,,60.0,23.0,18.0,15.0,31.0,21.0,18.0,26.0,38.0,32.0
2023,609935,Matthew Gallistel Elementary Language Academy,61.0,59.0,39.0,40.0,55.0,64.0,31.0,4.0,48.0,54.0,17.0,63.0,20.0,62.0,,3.0,39.0,,39.0,44.0,66.0,58.0,54.0,70.0,43.0,1.0,53.0,75.0,68.0,62.0,36.0,33.0,27.0,63.0,50.0,39.0,,99.0,59.0,59.0,41.0,40.0,45.0,47.0,61.0,65.0,51.0
2023,609937,John W Garvy Elementary School,81.0,57.0,36.0,56.0,67.0,70.0,56.0,40.0,59.0,45.0,36.0,61.0,61.0,76.0,,32.0,69.0,,32.0,68.0,59.0,66.0,72.0,70.0,56.0,25.0,68.0,67.0,85.0,63.0,55.0,50.0,46.0,68.0,66.0,69.0,,64.0,67.0,56.0,54.0,51.0,54.0,61.0,71.0,62.0,57.0
2023,609938,Joseph E Gary Elementary School,50.0,55.0,45.0,45.0,59.0,55.0,43.0,69.0,45.0,31.0,25.0,40.0,23.0,73.0,,1.0,45.0,,28.0,40.0,42.0,58.0,61.0,47.0,65.0,1.0,54.0,53.0,59.0,57.0,40.0,29.0,35.0,35.0,54.0,44.0,,65.0,60.0,58.0,56.0,48.0,39.0,56.0,61.0,25.0,29.0
2023,609939,Frank L Gillespie Elementary School,19.0,43.0,29.0,39.0,49.0,1.0,10.0,20.0,33.0,13.0,8.0,49.0,41.0,51.0,,29.0,58.0,,29.0,80.0,63.0,37.0,52.0,38.0,33.0,47.0,49.0,65.0,61.0,53.0,42.0,29.0,28.0,16.0,31.0,35.0,,65.0,26.0,27.0,36.0,36.0,39.0,19.0,41.0,28.0,54.0
2023,609941,Asa Philip Randolph Elementary School,19.0,69.0,45.0,59.0,53.0,49.0,22.0,31.0,35.0,10.0,36.0,46.0,27.0,58.0,,3.0,29.0,,16.0,27.0,36.0,20.0,48.0,27.0,9.0,6.0,60.0,63.0,51.0,46.0,45.0,7.0,17.0,38.0,45.0,43.0,,69.0,34.0,31.0,30.0,38.0,30.0,17.0,24.0,54.0,46.0
2023,609942,Johann W von Goethe Elementary School,61.0,47.0,46.0,37.0,51.0,48.0,26.0,43.0,55.0,44.0,20.0,54.0,20.0,52.0,,4.0,51.0,,40.0,60.0,49.0,74.0,56.0,72.0,71.0,17.0,44.0,59.0,65.0,57.0,47.0,24.0,37.0,61.0,50.0,52.0,,80.0,43.0,54.0,40.0,42.0,53.0,51.0,79.0,55.0,60.0
2023,609943,Jesse Owens Elementary Community Academy,50.0,99.0,99.0,99.0,78.0,27.0,89.0,27.0,25.0,14.0,96.0,40.0,82.0,99.0,,83.0,66.0,,19.0,48.0,40.0,11.0,99.0,32.0,1.0,80.0,99.0,54.0,49.0,16.0,30.0,90.0,34.0,7.0,74.0,31.0,,54.0,56.0,12.0,58.0,73.0,26.0,17.0,1.0,40.0,27.0
2023,609944,Virgil Grissom Elementary School,50.0,50.0,47.0,59.0,61.0,57.0,41.0,21.0,38.0,42.0,36.0,52.0,42.0,74.0,,1.0,52.0,,27.0,65.0,48.0,59.0,66.0,64.0,55.0,26.0,45.0,70.0,46.0,43.0,33.0,11.0,29.0,43.0,33.0,54.0,,52.0,48.0,32.0,38.0,40.0,40.0,44.0,59.0,48.0,36.0
2023,609945,William C. Goudy Technology Academy,81.0,43.0,39.0,53.0,66.0,77.0,44.0,70.0,77.0,59.0,15.0,71.0,9.0,65.0,,4.0,43.0,,75.0,74.0,71.0,67.0,68.0,77.0,46.0,1.0,44.0,79.0,93.0,78.0,79.0,38.0,27.0,80.0,47.0,46.0,,83.0,53.0,69.0,38.0,37.0,66.0,59.0,79.0,67.0,81.0
2023,609947,Alexander Graham Elementary School,29.0,43.0,34.0,35.0,43.0,12.0,16.0,39.0,41.0,7.0,1.0,46.0,1.0,50.0,,1.0,47.0,,27.0,53.0,43.0,24.0,52.0,38.0,15.0,1.0,34.0,51.0,64.0,35.0,44.0,2.0,33.0,43.0,30.0,36.0,,39.0,24.0,11.0,27.0,32.0,40.0,33.0,20.0,50.0,50.0
2023,609949,William P Gray Elementary School,71.0,64.0,37.0,51.0,61.0,65.0,45.0,78.0,72.0,68.0,24.0,55.0,42.0,62.0,,12.0,55.0,,66.0,54.0,60.0,57.0,65.0,57.0,52.0,1.0,58.0,71.0,78.0,65.0,66.0,38.0,47.0,59.0,56.0,54.0,,83.0,58.0,51.0,46.0,47.0,39.0,62.0,61.0,49.0,75.0
2023,609950,Josefa Ortiz De Dominguez Elementary School,81.0,,,,,59.0,,39.0,61.0,59.0,,71.0,,,,,,,75.0,,81.0,82.0,,85.0,78.0,,,89.0,88.0,71.0,64.0,,,60.0,,,,93.0,,46.0,,,56.0,75.0,84.0,59.0,61.0
2023,609951,Ariel Elementary Community Academy,39.0,51.0,30.0,42.0,42.0,34.0,3.0,35.0,45.0,37.0,3.0,53.0,27.0,51.0,,12.0,30.0,,30.0,38.0,55.0,48.0,35.0,64.0,40.0,23.0,28.0,58.0,59.0,41.0,49.0,28.0,18.0,45.0,27.0,41.0,,43.0,11.0,21.0,11.0,22.0,40.0,43.0,40.0,57.0,47.0
2023,609952,Nathanael Greene Elementary School,99.0,99.0,99.0,99.0,99.0,93.0,99.0,71.0,77.0,80.0,,73.0,,99.0,,76.0,,,97.0,,85.0,84.0,99.0,97.0,75.0,,99.0,96.0,99.0,99.0,77.0,99.0,73.0,74.0,99.0,,,82.0,99.0,41.0,98.0,92.0,59.0,77.0,80.0,51.0,62.0
2023,609954,John Milton Gregory Elementary School,29.0,63.0,43.0,49.0,41.0,19.0,17.0,44.0,41.0,39.0,9.0,50.0,1.0,52.0,,29.0,17.0,,35.0,28.0,51.0,16.0,38.0,37.0,1.0,2.0,18.0,58.0,48.0,24.0,44.0,15.0,16.0,24.0,32.0,50.0,,65.0,21.0,18.0,31.0,27.0,38.0,22.0,10.0,52.0,49.0
2023,609955,Walter Q Gresham Elementary School,81.0,94.0,75.0,87.0,82.0,15.0,53.0,73.0,69.0,48.0,72.0,62.0,51.0,86.0,,51.0,58.0,,62.0,61.0,71.0,51.0,84.0,64.0,44.0,42.0,78.0,78.0,96.0,69.0,69.0,60.0,35.0,49.0,62.0,25.0,,98.0,32.0,38.0,48.0,59.0,43.0,31.0,46.0,57.0,80.0
2023,609956,Robert L Grimes Elementary School,81.0,54.0,46.0,41.0,51.0,60.0,36.0,76.0,72.0,65.0,40.0,66.0,37.0,46.0,,1.0,63.0,,76.0,46.0,68.0,71.0,51.0,63.0,65.0,15.0,63.0,76.0,89.0,65.0,70.0,15.0,45.0,58.0,62.0,81.0,,76.0,75.0,60.0,53.0,52.0,46.0,66.0,86.0,74.0,71.0
2023,609958,Frank W Gunsaulus Elementary Scholastic Academy,50.0,58.0,44.0,52.0,47.0,44.0,30.0,67.0,49.0,43.0,11.0,39.0,27.0,52.0,,1.0,54.0,,54.0,64.0,41.0,63.0,60.0,58.0,59.0,1.0,54.0,46.0,41.0,25.0,69.0,18.0,38.0,30.0,58.0,45.0,,99.0,56.0,51.0,48.0,46.0,40.0,47.0,72.0,27.0,63.0
2023,609959,John Charles Haines Elementary School,81.0,52.0,35.0,38.0,49.0,59.0,35.0,68.0,63.0,43.0,28.0,60.0,11.0,46.0,,1.0,46.0,,43.0,46.0,60.0,67.0,54.0,63.0,72.0,1.0,59.0,60.0,86.0,59.0,29.0,22.0,22.0,60.0,33.0,60.0,,73.0,57.0,73.0,42.0,40.0,61.0,58.0,67.0,57.0,57.0
2023,609960,Nathan Hale Elementary School,91.0,61.0,45.0,55.0,69.0,83.0,53.0,60.0,65.0,51.0,41.0,65.0,51.0,63.0,,23.0,56.0,,51.0,54.0,68.0,63.0,83.0,74.0,58.0,12.0,54.0,79.0,85.0,74.0,61.0,44.0,41.0,71.0,65.0,43.0,,98.0,60.0,53.0,60.0,50.0,49.0,51.0,57.0,63.0,58.0
2023,609961,Ninos Heroes Elementary Academic Center,19.0,57.0,29.0,37.0,47.0,31.0,21.0,12.0,24.0,8.0,24.0,40.0,8.0,56.0,,1.0,17.0,,7.0,60.0,50.0,30.0,38.0,24.0,25.0,11.0,33.0,54.0,50.0,56.0,43.0,6.0,11.0,26.0,32.0,35.0,,19.0,29.0,10.0,24.0,24.0,20.0,41.0,41.0,37.0,26.0
2023,609963,Alexander Hamilton Elementary School,50.0,47.0,30.0,59.0,62.0,75.0,53.0,41.0,38.0,30.0,31.0,29.0,71.0,49.0,,50.0,83.0,,30.0,67.0,13.0,76.0,76.0,68.0,82.0,82.0,67.0,37.0,27.0,64.0,33.0,54.0,73.0,41.0,84.0,99.0,,56.0,93.0,71.0,64.0,59.0,42.0,67.0,79.0,22.0,53.0
2023,609964,John H Hamline Elementary School,19.0,34.0,29.0,23.0,30.0,24.0,7.0,50.0,42.0,25.0,1.0,41.0,8.0,49.0,,1.0,19.0,,30.0,26.0,46.0,39.0,41.0,36.0,36.0,1.0,31.0,52.0,52.0,5.0,41.0,16.0,15.0,23.0,23.0,44.0,,99.0,35.0,17.0,35.0,28.0,28.0,34.0,45.0,38.0,61.0
2023,609966,Charles G Hammond Elementary School,61.0,46.0,25.0,37.0,49.0,82.0,28.0,38.0,57.0,52.0,1.0,60.0,12.0,46.0,,1.0,42.0,,54.0,63.0,64.0,68.0,42.0,69.0,55.0,1.0,37.0,83.0,89.0,72.0,67.0,12.0,35.0,40.0,44.0,46.0,,80.0,49.0,37.0,37.0,34.0,48.0,55.0,79.0,43.0,64.0
2023,609967,William F Finkl Elementary School,61.0,57.0,32.0,49.0,57.0,56.0,32.0,39.0,51.0,31.0,1.0,55.0,7.0,66.0,,1.0,38.0,,23.0,54.0,50.0,61.0,61.0,61.0,56.0,1.0,61.0,69.0,79.0,50.0,36.0,22.0,34.0,58.0,65.0,75.0,,51.0,74.0,50.0,42.0,42.0,38.0,70.0,65.0,62.0,48.0
2023,609968,Sharon Christa McAuliffe Elementary School,39.0,62.0,44.0,37.0,43.0,38.0,25.0,31.0,39.0,26.0,27.0,42.0,39.0,58.0,,1.0,57.0,,20.0,41.0,38.0,53.0,43.0,57.0,62.0,5.0,70.0,40.0,51.0,33.0,35.0,30.0,31.0,42.0,58.0,50.0,,63.0,57.0,23.0,43.0,47.0,42.0,34.0,39.0,47.0,43.0
2023,609969,Bret Harte Elementary School,71.0,59.0,57.0,67.0,65.0,64.0,55.0,52.0,50.0,27.0,43.0,59.0,28.0,58.0,,13.0,42.0,,20.0,45.0,46.0,69.0,68.0,73.0,67.0,17.0,41.0,62.0,62.0,65.0,25.0,32.0,30.0,63.0,27.0,45.0,,76.0,22.0,66.0,39.0,42.0,61.0,45.0,68.0,65.0,44.0
2023,609971,John Harvard Elementary School of Excellence,1.0,36.0,15.0,31.0,35.0,17.0,2.0,37.0,36.0,20.0,1.0,39.0,1.0,41.0,,15.0,20.0,,27.0,49.0,35.0,23.0,34.0,46.0,8.0,1.0,36.0,61.0,64.0,34.0,39.0,24.0,1.0,24.0,7.0,17.0,,67.0,8.0,1.0,12.0,16.0,35.0,19.0,15.0,24.0,34.0
2023,609972,Helge A Haugan Elementary School,71.0,75.0,60.0,66.0,64.0,62.0,41.0,49.0,47.0,27.0,59.0,56.0,57.0,84.0,,19.0,37.0,,26.0,62.0,60.0,54.0,64.0,70.0,49.0,21.0,74.0,63.0,76.0,43.0,54.0,53.0,44.0,48.0,76.0,54.0,,76.0,65.0,49.0,67.0,61.0,46.0,42.0,44.0,56.0,36.0
2023,609973,Emiliano Zapata Elementary Academy,81.0,61.0,49.0,46.0,55.0,67.0,44.0,47.0,67.0,60.0,37.0,72.0,41.0,56.0,,2.0,42.0,,73.0,58.0,71.0,65.0,54.0,64.0,58.0,1.0,56.0,85.0,82.0,62.0,45.0,30.0,38.0,74.0,65.0,40.0,,84.0,58.0,70.0,60.0,51.0,55.0,65.0,72.0,77.0,73.0
2023,609974,Hawthorne Elementary Scholastic Academy,91.0,75.0,61.0,87.0,78.0,82.0,66.0,59.0,60.0,51.0,76.0,58.0,67.0,63.0,,45.0,82.0,,37.0,99.0,50.0,87.0,76.0,72.0,92.0,66.0,86.0,61.0,90.0,85.0,61.0,79.0,79.0,58.0,99.0,99.0,,76.0,92.0,83.0,71.0,74.0,62.0,76.0,98.0,59.0,44.0
2023,609975,John Hay Elementary Community Academy,61.0,58.0,58.0,56.0,62.0,38.0,48.0,38.0,43.0,31.0,19.0,53.0,36.0,78.0,,28.0,42.0,,25.0,65.0,48.0,42.0,55.0,61.0,20.0,30.0,57.0,68.0,63.0,59.0,41.0,40.0,27.0,48.0,60.0,51.0,,99.0,43.0,18.0,44.0,47.0,39.0,27.0,46.0,55.0,37.0
2023,609976,Stephen K Hayt Elementary School,39.0,57.0,40.0,40.0,53.0,63.0,43.0,23.0,45.0,46.0,8.0,58.0,23.0,59.0,,4.0,44.0,,32.0,40.0,59.0,54.0,52.0,51.0,54.0,1.0,50.0,70.0,54.0,59.0,36.0,37.0,28.0,52.0,42.0,37.0,,92.0,52.0,50.0,39.0,39.0,41.0,39.0,56.0,62.0,49.0
2023,609977,Woodlawn Community Elementary School,99.0,92.0,99.0,96.0,83.0,64.0,99.0,58.0,73.0,65.0,97.0,76.0,67.0,74.0,,54.0,31.0,,71.0,18.0,85.0,62.0,99.0,66.0,52.0,7.0,89.0,92.0,94.0,63.0,46.0,47.0,29.0,76.0,75.0,99.0,,99.0,71.0,45.0,55.0,68.0,49.0,69.0,68.0,78.0,72.0
2023,609978,Wendell Smith Elementary School,39.0,84.0,61.0,63.0,60.0,35.0,61.0,31.0,36.0,28.0,53.0,53.0,6.0,68.0,,1.0,47.0,,9.0,52.0,51.0,37.0,70.0,38.0,35.0,5.0,46.0,72.0,75.0,38.0,41.0,32.0,25.0,35.0,34.0,48.0,,49.0,37.0,8.0,40.0,43.0,38.0,41.0,39.0,50.0,13.0
2023,609979,Robert Healy Elementary School,81.0,49.0,36.0,48.0,59.0,79.0,38.0,59.0,65.0,55.0,31.0,60.0,5.0,59.0,,1.0,51.0,,56.0,59.0,62.0,71.0,50.0,72.0,58.0,1.0,67.0,78.0,74.0,77.0,64.0,32.0,36.0,68.0,42.0,67.0,,79.0,59.0,85.0,48.0,47.0,47.0,53.0,82.0,51.0,70.0
2023,609981,Phoebe Apperson Hearst Elementary School,10.0,53.0,44.0,47.0,42.0,1.0,8.0,40.0,24.0,10.0,23.0,17.0,22.0,62.0,,4.0,50.0,,10.0,25.0,18.0,19.0,57.0,12.0,34.0,1.0,58.0,23.0,25.0,1.0,23.0,29.0,27.0,1.0,43.0,53.0,,45.0,59.0,1.0,27.0,39.0,25.0,15.0,11.0,1.0,42.0
2023,609983,James Hedges Elementary School,1.0,48.0,30.0,31.0,38.0,44.0,8.0,1.0,14.0,1.0,1.0,34.0,1.0,42.0,,1.0,30.0,,1.0,40.0,25.0,36.0,38.0,34.0,36.0,1.0,38.0,50.0,44.0,40.0,15.0,24.0,24.0,19.0,32.0,48.0,,27.0,42.0,24.0,37.0,32.0,30.0,48.0,38.0,29.0,6.0
2023,609985,Helen M Hefferan Elementary School,19.0,71.0,50.0,61.0,55.0,1.0,58.0,25.0,31.0,26.0,34.0,31.0,26.0,65.0,,30.0,36.0,,22.0,48.0,43.0,16.0,94.0,26.0,3.0,39.0,62.0,37.0,46.0,1.0,55.0,41.0,16.0,18.0,58.0,32.0,,47.0,46.0,1.0,49.0,44.0,21.0,22.0,18.0,23.0,41.0
2023,609986,Charles R Henderson Elementary School,91.0,99.0,99.0,99.0,86.0,25.0,97.0,86.0,64.0,57.0,82.0,62.0,83.0,99.0,,87.0,73.0,,59.0,67.0,80.0,46.0,99.0,67.0,26.0,96.0,99.0,68.0,79.0,45.0,75.0,98.0,69.0,52.0,99.0,67.0,,81.0,83.0,33.0,84.0,88.0,39.0,51.0,45.0,60.0,48.0
2023,609987,Thomas A Hendricks Elementary Community Academy,29.0,70.0,62.0,67.0,71.0,66.0,42.0,35.0,33.0,15.0,22.0,30.0,15.0,88.0,,63.0,25.0,,24.0,39.0,8.0,35.0,72.0,44.0,30.0,1.0,70.0,57.0,41.0,55.0,51.0,62.0,39.0,26.0,32.0,23.0,,74.0,20.0,46.0,25.0,49.0,41.0,46.0,31.0,15.0,49.0
2023,609988,Patrick Henry Elementary School,50.0,,,,,35.0,,43.0,58.0,50.0,,59.0,,,,,,,68.0,,57.0,58.0,,58.0,65.0,,,69.0,83.0,52.0,32.0,,,44.0,,,,99.0,,43.0,,,51.0,49.0,52.0,60.0,68.0
2023,609990,South Loop Elementary School,61.0,45.0,30.0,45.0,46.0,49.0,37.0,52.0,58.0,41.0,29.0,60.0,14.0,42.0,,6.0,63.0,,36.0,53.0,57.0,67.0,52.0,65.0,65.0,33.0,49.0,64.0,72.0,43.0,39.0,35.0,34.0,59.0,40.0,58.0,,93.0,47.0,40.0,33.0,37.0,50.0,51.0,71.0,69.0,67.0
2023,609991,Theodore Herzl Elementary School,19.0,41.0,36.0,44.0,35.0,1.0,6.0,30.0,40.0,31.0,1.0,49.0,1.0,48.0,,3.0,26.0,,41.0,27.0,53.0,26.0,43.0,40.0,13.0,1.0,35.0,67.0,62.0,5.0,44.0,1.0,15.0,23.0,20.0,41.0,,99.0,22.0,4.0,17.0,26.0,31.0,9.0,26.0,46.0,54.0
2023,609993,Agustin Lara Elementary Academy,61.0,42.0,35.0,32.0,48.0,66.0,23.0,38.0,56.0,38.0,11.0,65.0,4.0,54.0,,1.0,35.0,,48.0,43.0,69.0,67.0,48.0,65.0,66.0,1.0,34.0,68.0,87.0,59.0,57.0,8.0,30.0,61.0,44.0,49.0,,67.0,51.0,51.0,42.0,35.0,55.0,65.0,71.0,68.0,54.0
2023,609994,William G Hibbard Elementary School,39.0,67.0,57.0,37.0,45.0,56.0,39.0,19.0,32.0,34.0,41.0,42.0,47.0,54.0,,2.0,58.0,,32.0,57.0,44.0,47.0,65.0,35.0,52.0,23.0,64.0,31.0,34.0,25.0,31.0,45.0,34.0,42.0,62.0,64.0,,73.0,59.0,56.0,56.0,53.0,39.0,51.0,55.0,55.0,29.0
2023,609995,Rufus M Hitch Elementary School,50.0,55.0,50.0,54.0,60.0,34.0,53.0,61.0,43.0,25.0,58.0,35.0,33.0,59.0,,8.0,58.0,,33.0,65.0,32.0,54.0,63.0,50.0,55.0,38.0,52.0,46.0,30.0,62.0,46.0,22.0,37.0,36.0,56.0,55.0,,71.0,53.0,52.0,50.0,47.0,39.0,40.0,58.0,22.0,61.0
2023,609996,Charles N Holden Elementary School,91.0,52.0,48.0,36.0,60.0,41.0,47.0,59.0,65.0,63.0,16.0,62.0,7.0,61.0,,1.0,47.0,,79.0,59.0,59.0,73.0,81.0,68.0,69.0,1.0,53.0,85.0,80.0,63.0,64.0,28.0,37.0,54.0,48.0,52.0,,99.0,57.0,40.0,43.0,45.0,55.0,42.0,81.0,47.0,67.0
2023,609997,Oliver Wendell Holmes Elementary School,10.0,37.0,17.0,18.0,39.0,53.0,1.0,,26.0,40.0,1.0,22.0,1.0,47.0,,1.0,25.0,,,46.0,2.0,,31.0,,,1.0,15.0,53.0,36.0,61.0,11.0,1.0,8.0,3.0,1.0,27.0,,,19.0,8.0,16.0,14.0,,46.0,11.0,10.0,
2023,610000,Julia Ward Howe Elementary School of Excellence,50.0,99.0,99.0,99.0,82.0,13.0,92.0,37.0,39.0,25.0,81.0,41.0,61.0,99.0,,68.0,55.0,,31.0,77.0,37.0,33.0,99.0,38.0,28.0,28.0,88.0,64.0,59.0,31.0,55.0,61.0,48.0,23.0,94.0,67.0,,61.0,65.0,12.0,61.0,74.0,32.0,36.0,33.0,29.0,50.0
2023,610002,Thomas Hoyne Elementary School,71.0,,,,,68.0,,48.0,61.0,81.0,,51.0,,,,,,,69.0,,67.0,64.0,,49.0,49.0,,,59.0,68.0,79.0,86.0,,,58.0,,,,59.0,,51.0,,,33.0,44.0,95.0,44.0,52.0
2023,610003,Paul Cuffe Math-Science Technology Academy ES,71.0,62.0,63.0,71.0,68.0,47.0,62.0,41.0,55.0,48.0,13.0,60.0,17.0,70.0,,28.0,32.0,,48.0,51.0,62.0,53.0,80.0,67.0,35.0,25.0,63.0,65.0,77.0,50.0,44.0,36.0,35.0,60.0,87.0,39.0,,86.0,46.0,36.0,47.0,52.0,46.0,55.0,58.0,67.0,47.0
2023,610004,Countee Cullen Elementary School,50.0,81.0,60.0,89.0,78.0,73.0,64.0,53.0,56.0,68.0,99.0,49.0,30.0,67.0,,32.0,41.0,,44.0,62.0,39.0,37.0,62.0,31.0,38.0,67.0,75.0,72.0,75.0,92.0,37.0,44.0,32.0,47.0,51.0,59.0,,44.0,42.0,41.0,43.0,53.0,50.0,67.0,41.0,35.0,38.0
2023,610005,Charles Evans Hughes Elementary School,81.0,56.0,68.0,45.0,76.0,56.0,61.0,63.0,63.0,51.0,44.0,61.0,34.0,79.0,,21.0,48.0,,56.0,51.0,63.0,57.0,94.0,50.0,65.0,32.0,51.0,76.0,87.0,84.0,56.0,27.0,35.0,43.0,62.0,66.0,,99.0,42.0,28.0,24.0,45.0,42.0,41.0,55.0,61.0,69.0
2023,610006,Edward N Hurley Elementary School,50.0,45.0,29.0,41.0,51.0,52.0,26.0,42.0,50.0,36.0,1.0,54.0,15.0,61.0,,1.0,46.0,,25.0,41.0,49.0,61.0,54.0,71.0,54.0,1.0,44.0,69.0,75.0,49.0,35.0,32.0,24.0,52.0,39.0,48.0,,66.0,45.0,52.0,40.0,34.0,40.0,63.0,59.0,57.0,47.0
2023,610009,Galileo Math & Science Scholastic Academy ES,81.0,56.0,32.0,49.0,55.0,48.0,38.0,71.0,62.0,43.0,27.0,69.0,27.0,58.0,,1.0,45.0,,46.0,58.0,71.0,67.0,59.0,79.0,65.0,32.0,54.0,73.0,84.0,53.0,46.0,37.0,40.0,60.0,51.0,61.0,,75.0,51.0,46.0,40.0,42.0,58.0,53.0,56.0,74.0,50.0
2023,610010,Friedrich L. Jahn Elementary of the Fine Arts,29.0,66.0,67.0,62.0,59.0,46.0,67.0,23.0,17.0,4.0,20.0,33.0,33.0,79.0,,16.0,56.0,,1.0,70.0,19.0,49.0,64.0,58.0,38.0,1.0,43.0,24.0,28.0,29.0,10.0,32.0,56.0,28.0,66.0,40.0,,29.0,53.0,36.0,46.0,53.0,43.0,35.0,51.0,46.0,1.0
2023,610011,Minnie Mars Jamieson Elementary School,81.0,69.0,54.0,55.0,69.0,65.0,59.0,50.0,58.0,44.0,50.0,61.0,44.0,81.0,,27.0,68.0,,50.0,69.0,61.0,68.0,76.0,73.0,62.0,28.0,71.0,74.0,82.0,64.0,75.0,47.0,45.0,62.0,78.0,40.0,,99.0,63.0,52.0,57.0,57.0,54.0,59.0,69.0,54.0,54.0
2023,610013,Pilsen Elementary Community Academy,61.0,62.0,48.0,53.0,58.0,53.0,40.0,70.0,49.0,37.0,43.0,50.0,10.0,64.0,,1.0,39.0,,59.0,59.0,48.0,68.0,68.0,64.0,70.0,1.0,62.0,62.0,50.0,45.0,38.0,7.0,32.0,36.0,42.0,48.0,,86.0,50.0,46.0,50.0,48.0,52.0,55.0,71.0,37.0,53.0
2023,610015,Joseph Jungman Elementary School,71.0,71.0,67.0,77.0,81.0,69.0,69.0,70.0,59.0,48.0,67.0,52.0,50.0,91.0,,29.0,56.0,,67.0,60.0,50.0,64.0,91.0,60.0,63.0,19.0,70.0,58.0,71.0,64.0,57.0,53.0,33.0,48.0,65.0,45.0,,72.0,69.0,54.0,65.0,59.0,45.0,59.0,68.0,53.0,60.0
2023,610016,Kate S Kellogg Elementary School,71.0,34.0,30.0,61.0,73.0,53.0,54.0,57.0,49.0,50.0,21.0,52.0,29.0,69.0,,31.0,73.0,,54.0,47.0,46.0,75.0,85.0,68.0,74.0,46.0,50.0,66.0,64.0,76.0,46.0,41.0,62.0,42.0,68.0,88.0,,81.0,65.0,70.0,48.0,48.0,47.0,55.0,84.0,48.0,34.0
2023,610017,Maria Saucedo Elementary Scholastic Academy,19.0,37.0,33.0,39.0,44.0,44.0,30.0,29.0,33.0,19.0,10.0,28.0,4.0,52.0,,1.0,35.0,,23.0,64.0,26.0,50.0,42.0,44.0,55.0,4.0,31.0,41.0,56.0,44.0,18.0,14.0,25.0,35.0,48.0,52.0,,82.0,42.0,32.0,45.0,34.0,29.0,31.0,50.0,17.0,24.0
2023,610019,Joshua D Kershaw Elementary School,61.0,75.0,73.0,67.0,63.0,15.0,68.0,45.0,53.0,42.0,20.0,57.0,20.0,66.0,,19.0,34.0,,58.0,47.0,57.0,52.0,99.0,66.0,49.0,30.0,67.0,79.0,78.0,20.0,48.0,31.0,18.0,37.0,62.0,53.0,,92.0,43.0,13.0,45.0,51.0,48.0,49.0,40.0,43.0,63.0
2023,610021,Pablo Casals Elementary School,71.0,99.0,97.0,99.0,86.0,61.0,95.0,61.0,49.0,45.0,87.0,51.0,74.0,99.0,,77.0,61.0,,53.0,88.0,51.0,54.0,99.0,50.0,53.0,52.0,99.0,67.0,57.0,46.0,53.0,76.0,76.0,38.0,99.0,90.0,,88.0,99.0,50.0,77.0,87.0,39.0,62.0,58.0,48.0,46.0
2023,610022,Joyce Kilmer Elementary School,61.0,59.0,68.0,58.0,70.0,61.0,73.0,34.0,35.0,26.0,51.0,40.0,65.0,86.0,,39.0,63.0,,5.0,76.0,34.0,58.0,82.0,55.0,62.0,40.0,61.0,43.0,37.0,53.0,44.0,48.0,59.0,47.0,99.0,80.0,,54.0,73.0,50.0,67.0,64.0,40.0,46.0,58.0,42.0,30.0
2023,610024,Lazaro Cardenas Elementary School,61.0,55.0,54.0,52.0,59.0,65.0,50.0,23.0,57.0,58.0,26.0,63.0,20.0,61.0,,1.0,39.0,,59.0,67.0,56.0,58.0,65.0,57.0,53.0,4.0,55.0,92.0,66.0,58.0,55.0,27.0,29.0,65.0,54.0,44.0,,91.0,60.0,49.0,52.0,48.0,52.0,59.0,64.0,50.0,74.0
2023,610026,John H Kinzie Elementary School,99.0,54.0,62.0,65.0,81.0,89.0,73.0,58.0,66.0,61.0,52.0,67.0,51.0,84.0,,38.0,72.0,,59.0,99.0,68.0,78.0,88.0,77.0,82.0,41.0,62.0,99.0,79.0,85.0,77.0,62.0,60.0,65.0,81.0,93.0,,69.0,85.0,67.0,66.0,63.0,55.0,75.0,74.0,47.0,65.0
2023,610027,Rudyard Kipling Elementary School,50.0,43.0,43.0,72.0,60.0,43.0,37.0,48.0,58.0,67.0,63.0,55.0,6.0,54.0,,1.0,29.0,,70.0,72.0,57.0,43.0,55.0,46.0,35.0,24.0,39.0,62.0,57.0,60.0,62.0,24.0,26.0,53.0,46.0,59.0,,82.0,42.0,30.0,43.0,38.0,42.0,41.0,47.0,58.0,67.0
2023,610029,Rodolfo Lozano Bilingual & International Ctr ES,39.0,54.0,49.0,31.0,41.0,40.0,36.0,44.0,49.0,35.0,11.0,53.0,21.0,50.0,,1.0,46.0,,59.0,48.0,44.0,47.0,52.0,36.0,47.0,1.0,47.0,70.0,65.0,31.0,30.0,18.0,25.0,37.0,45.0,50.0,,95.0,55.0,28.0,36.0,39.0,49.0,62.0,59.0,49.0,62.0
2023,610030,Charles Kozminski Elementary Community Academy,10.0,24.0,17.0,25.0,34.0,36.0,9.0,21.0,19.0,3.0,1.0,31.0,22.0,40.0,,1.0,24.0,,1.0,37.0,23.0,45.0,42.0,37.0,50.0,2.0,35.0,68.0,52.0,29.0,36.0,5.0,9.0,5.0,12.0,27.0,,59.0,13.0,7.0,5.0,17.0,19.0,30.0,49.0,13.0,15.0
2023,610032,Wendell E Green Elementary School,81.0,89.0,75.0,99.0,87.0,49.0,74.0,48.0,45.0,40.0,83.0,62.0,44.0,86.0,,45.0,60.0,,23.0,59.0,56.0,46.0,99.0,64.0,38.0,53.0,99.0,84.0,51.0,62.0,23.0,65.0,35.0,57.0,69.0,50.0,,64.0,63.0,28.0,46.0,64.0,44.0,40.0,36.0,65.0,27.0
2023,610033,LaSalle Elementary Language Academy,50.0,71.0,51.0,66.0,66.0,68.0,53.0,42.0,34.0,31.0,49.0,34.0,52.0,57.0,,46.0,69.0,,15.0,51.0,21.0,73.0,60.0,72.0,73.0,42.0,66.0,43.0,35.0,82.0,43.0,73.0,60.0,38.0,85.0,75.0,,49.0,59.0,67.0,54.0,58.0,50.0,60.0,75.0,23.0,24.0
2023,610034,Lawndale Elementary Community Academy,50.0,71.0,54.0,67.0,62.0,,24.0,43.0,42.0,34.0,38.0,59.0,19.0,65.0,,30.0,38.0,,38.0,46.0,68.0,49.0,53.0,63.0,50.0,22.0,50.0,66.0,70.0,,69.0,11.0,10.0,14.0,30.0,34.0,,82.0,33.0,,24.0,35.0,49.0,33.0,33.0,52.0,49.0
2023,610036,Leslie Lewis Elementary School,10.0,49.0,45.0,37.0,40.0,19.0,21.0,24.0,20.0,1.0,6.0,23.0,1.0,51.0,,1.0,29.0,,5.0,27.0,26.0,28.0,52.0,18.0,26.0,1.0,48.0,42.0,17.0,21.0,42.0,4.0,8.0,1.0,21.0,28.0,,82.0,25.0,18.0,27.0,32.0,11.0,8.0,39.0,14.0,58.0
2023,610037,Arthur A Libby Elementary School,50.0,53.0,52.0,46.0,52.0,47.0,40.0,47.0,44.0,40.0,38.0,55.0,31.0,59.0,,1.0,44.0,,39.0,58.0,60.0,48.0,51.0,72.0,27.0,7.0,54.0,72.0,67.0,51.0,43.0,1.0,31.0,38.0,54.0,76.0,,72.0,71.0,29.0,40.0,44.0,44.0,60.0,44.0,44.0,28.0
2023,610038,Abraham Lincoln Elementary School,99.0,69.0,40.0,68.0,77.0,86.0,66.0,52.0,67.0,60.0,59.0,61.0,68.0,62.0,,57.0,80.0,,50.0,63.0,58.0,94.0,77.0,90.0,94.0,56.0,77.0,79.0,80.0,99.0,66.0,79.0,69.0,69.0,96.0,75.0,,66.0,77.0,99.0,62.0,62.0,58.0,68.0,99.0,49.0,74.0
2023,610039,Carl von Linne Elementary School,50.0,40.0,28.0,35.0,44.0,63.0,15.0,36.0,46.0,32.0,4.0,45.0,9.0,54.0,,1.0,46.0,,42.0,44.0,41.0,60.0,53.0,59.0,60.0,1.0,49.0,55.0,51.0,33.0,38.0,16.0,28.0,50.0,40.0,63.0,,69.0,57.0,46.0,34.0,35.0,38.0,50.0,60.0,47.0,61.0
2023,610040,Henry D Lloyd Elementary School,71.0,99.0,58.0,38.0,70.0,61.0,32.0,46.0,53.0,46.0,,59.0,,88.0,,1.0,,,48.0,,65.0,65.0,98.0,83.0,62.0,,85.0,67.0,68.0,54.0,57.0,30.0,16.0,62.0,46.0,,,56.0,61.0,38.0,46.0,51.0,48.0,51.0,49.0,57.0,44.0
2023,610041,Josephine C Locke Elementary School,61.0,56.0,30.0,41.0,54.0,47.0,37.0,52.0,57.0,50.0,23.0,58.0,35.0,57.0,,1.0,51.0,,60.0,55.0,62.0,66.0,62.0,74.0,57.0,1.0,50.0,70.0,76.0,54.0,64.0,32.0,34.0,52.0,50.0,60.0,,87.0,62.0,38.0,51.0,41.0,41.0,52.0,67.0,57.0,57.0
2023,610043,Joseph Lovett Elementary School,81.0,77.0,65.0,80.0,69.0,72.0,55.0,83.0,77.0,78.0,48.0,61.0,41.0,73.0,,34.0,56.0,,82.0,47.0,65.0,54.0,65.0,52.0,48.0,26.0,73.0,79.0,73.0,58.0,53.0,29.0,27.0,69.0,48.0,44.0,,99.0,46.0,58.0,46.0,53.0,35.0,60.0,63.0,66.0,81.0
2023,610044,James Russell Lowell Elementary School,10.0,65.0,37.0,41.0,53.0,12.0,21.0,8.0,20.0,11.0,34.0,35.0,29.0,55.0,,1.0,40.0,,13.0,29.0,27.0,39.0,66.0,48.0,41.0,1.0,44.0,52.0,38.0,51.0,31.0,35.0,19.0,23.0,35.0,42.0,,38.0,43.0,42.0,32.0,33.0,35.0,34.0,29.0,27.0,20.0
2023,610046,Mary Lyon Elementary School,61.0,55.0,38.0,47.0,53.0,50.0,31.0,44.0,49.0,36.0,23.0,61.0,26.0,56.0,,1.0,44.0,,39.0,46.0,65.0,58.0,39.0,67.0,51.0,1.0,54.0,68.0,61.0,68.0,63.0,29.0,26.0,56.0,44.0,40.0,,89.0,55.0,54.0,49.0,42.0,42.0,37.0,55.0,70.0,49.0
2023,610047,James Madison Elementary School,81.0,90.0,71.0,78.0,75.0,65.0,44.0,73.0,73.0,64.0,41.0,71.0,49.0,68.0,,47.0,44.0,,85.0,68.0,77.0,56.0,71.0,75.0,32.0,28.0,80.0,74.0,86.0,84.0,44.0,32.0,29.0,65.0,68.0,57.0,,92.0,36.0,15.0,57.0,59.0,55.0,50.0,62.0,76.0,78.0
2023,610048,George Manierre Elementary School,1.0,53.0,49.0,41.0,33.0,1.0,15.0,10.0,26.0,21.0,17.0,37.0,7.0,34.0,,1.0,34.0,,22.0,40.0,35.0,34.0,43.0,43.0,30.0,1.0,41.0,48.0,36.0,15.0,33.0,35.0,12.0,20.0,24.0,45.0,,40.0,21.0,1.0,26.0,32.0,24.0,28.0,30.0,41.0,41.0
2023,610051,Northwest Middle School,50.0,53.0,34.0,8.0,42.0,16.0,5.0,53.0,50.0,35.0,1.0,67.0,1.0,61.0,,1.0,28.0,,39.0,56.0,64.0,56.0,65.0,79.0,41.0,1.0,27.0,79.0,65.0,32.0,51.0,1.0,1.0,37.0,22.0,45.0,,72.0,25.0,21.0,35.0,24.0,65.0,30.0,49.0,59.0,59.0
2023,610052,Horace Mann Elementary School,61.0,34.0,27.0,68.0,63.0,9.0,45.0,70.0,75.0,75.0,29.0,58.0,10.0,77.0,,9.0,45.0,,68.0,62.0,62.0,52.0,63.0,67.0,40.0,1.0,32.0,80.0,95.0,44.0,72.0,23.0,15.0,55.0,39.0,54.0,,84.0,35.0,27.0,23.0,24.0,37.0,45.0,50.0,53.0,82.0
2023,610053,Marquette Elementary School,61.0,46.0,46.0,44.0,52.0,53.0,29.0,57.0,59.0,47.0,8.0,63.0,18.0,62.0,,1.0,31.0,,55.0,47.0,72.0,60.0,53.0,66.0,51.0,1.0,37.0,76.0,80.0,49.0,62.0,10.0,22.0,55.0,34.0,35.0,,99.0,43.0,43.0,39.0,36.0,42.0,49.0,63.0,61.0,55.0
2023,610054,John L Marsh Elementary School,50.0,59.0,47.0,50.0,50.0,54.0,38.0,24.0,47.0,43.0,39.0,51.0,14.0,46.0,,7.0,48.0,,34.0,39.0,47.0,56.0,59.0,64.0,46.0,9.0,62.0,52.0,54.0,45.0,53.0,30.0,25.0,63.0,41.0,43.0,,94.0,54.0,52.0,39.0,43.0,41.0,53.0,58.0,62.0,52.0
2023,610055,Michael Faraday Elementary School,91.0,99.0,99.0,99.0,99.0,49.0,99.0,78.0,66.0,55.0,99.0,59.0,86.0,99.0,,99.0,72.0,,48.0,75.0,53.0,70.0,99.0,78.0,68.0,99.0,99.0,77.0,86.0,99.0,97.0,89.0,85.0,56.0,99.0,99.0,,84.0,99.0,49.0,79.0,91.0,50.0,47.0,64.0,54.0,56.0
2023,610056,Roswell B Mason Elementary School,81.0,85.0,79.0,86.0,83.0,,74.0,32.0,55.0,47.0,63.0,67.0,34.0,99.0,,34.0,41.0,,54.0,59.0,68.0,62.0,83.0,52.0,57.0,39.0,56.0,89.0,78.0,63.0,37.0,27.0,24.0,58.0,75.0,36.0,,59.0,37.0,,45.0,51.0,41.0,45.0,76.0,71.0,58.0
2023,610057,Fairfield Elementary Academy,29.0,39.0,25.0,33.0,30.0,,4.0,,,,1.0,,2.0,30.0,,1.0,29.0,,,45.0,,,27.0,,,1.0,27.0,,,,,1.0,21.0,,16.0,34.0,,,31.0,,28.0,25.0,,,,,
2023,610059,Oscar Mayer Magnet School,71.0,43.0,31.0,44.0,60.0,42.0,43.0,42.0,44.0,41.0,21.0,44.0,49.0,61.0,,46.0,71.0,,34.0,46.0,32.0,68.0,60.0,63.0,70.0,42.0,60.0,55.0,37.0,73.0,27.0,49.0,64.0,31.0,76.0,77.0,,67.0,60.0,69.0,47.0,51.0,43.0,45.0,72.0,47.0,70.0
2023,610060,Chicago World Language Academy,39.0,46.0,35.0,40.0,55.0,58.0,41.0,37.0,38.0,30.0,45.0,40.0,38.0,52.0,,23.0,61.0,,8.0,73.0,36.0,57.0,74.0,59.0,52.0,38.0,58.0,41.0,55.0,52.0,25.0,52.0,36.0,32.0,51.0,61.0,,40.0,53.0,54.0,40.0,42.0,41.0,43.0,60.0,43.0,35.0
2023,610062,George B McClellan Elementary School,71.0,79.0,75.0,83.0,66.0,37.0,77.0,52.0,51.0,46.0,62.0,56.0,58.0,68.0,,16.0,63.0,,44.0,65.0,59.0,55.0,72.0,60.0,48.0,43.0,69.0,67.0,68.0,39.0,64.0,35.0,45.0,40.0,80.0,82.0,,84.0,67.0,24.0,59.0,62.0,46.0,47.0,58.0,51.0,47.0
2023,610063,Cyrus H McCormick Elementary School,91.0,93.0,81.0,64.0,68.0,46.0,43.0,48.0,48.0,49.0,,63.0,,73.0,,30.0,,,60.0,,69.0,65.0,88.0,92.0,49.0,,95.0,63.0,62.0,45.0,68.0,51.0,44.0,41.0,72.0,,,79.0,81.0,28.0,57.0,69.0,57.0,46.0,54.0,61.0,41.0
2023,610065,Emmett Louis Till Math and Science Academy,19.0,39.0,25.0,47.0,50.0,39.0,7.0,34.0,25.0,8.0,2.0,43.0,7.0,55.0,,1.0,17.0,,1.0,43.0,27.0,25.0,51.0,38.0,10.0,1.0,30.0,64.0,55.0,45.0,32.0,12.0,15.0,27.0,18.0,27.0,,50.0,19.0,18.0,18.0,22.0,31.0,28.0,26.0,51.0,1.0
2023,610066,James E McDade Elementary Classical School,39.0,17.0,13.0,51.0,46.0,,21.0,,41.0,47.0,21.0,40.0,1.0,33.0,,1.0,31.0,,,45.0,36.0,,55.0,,,30.0,10.0,51.0,45.0,,45.0,35.0,33.0,32.0,31.0,68.0,,,19.0,,29.0,21.0,,,,32.0,
2023,610067,Francis M McKay Elementary School,61.0,35.0,30.0,44.0,59.0,59.0,20.0,85.0,63.0,52.0,21.0,52.0,7.0,63.0,,1.0,17.0,,55.0,2.0,67.0,60.0,75.0,65.0,51.0,10.0,37.0,59.0,76.0,53.0,42.0,34.0,11.0,56.0,12.0,28.0,,70.0,23.0,43.0,20.0,25.0,36.0,46.0,63.0,44.0,46.0
2023,610068,Hanson Park Elementary School,39.0,44.0,25.0,36.0,46.0,60.0,10.0,30.0,39.0,29.0,10.0,49.0,1.0,51.0,,1.0,38.0,,18.0,66.0,51.0,60.0,48.0,61.0,56.0,1.0,42.0,54.0,55.0,48.0,35.0,22.0,24.0,51.0,34.0,42.0,,56.0,56.0,61.0,33.0,31.0,36.0,44.0,62.0,55.0,30.0
2023,610070,James B McPherson Elementary School,19.0,49.0,33.0,51.0,47.0,44.0,31.0,5.0,14.0,1.0,20.0,19.0,23.0,61.0,,1.0,50.0,,1.0,53.0,11.0,47.0,64.0,36.0,58.0,1.0,43.0,27.0,29.0,10.0,5.0,11.0,24.0,24.0,39.0,34.0,,31.0,34.0,41.0,37.0,34.0,27.0,38.0,48.0,11.0,9.0
2023,610073,Ellen Mitchell Elementary School,91.0,44.0,30.0,44.0,74.0,63.0,37.0,82.0,82.0,78.0,12.0,71.0,19.0,70.0,,21.0,59.0,,96.0,55.0,67.0,94.0,83.0,86.0,98.0,16.0,59.0,99.0,81.0,99.0,92.0,40.0,44.0,68.0,57.0,70.0,,99.0,68.0,84.0,45.0,45.0,56.0,57.0,99.0,62.0,99.0
2023,610074,James Monroe Elementary School,50.0,61.0,47.0,39.0,51.0,53.0,37.0,45.0,52.0,37.0,30.0,53.0,25.0,56.0,,1.0,47.0,,47.0,58.0,48.0,55.0,49.0,53.0,52.0,1.0,55.0,52.0,61.0,61.0,51.0,24.0,30.0,55.0,47.0,48.0,,82.0,56.0,46.0,51.0,46.0,47.0,42.0,60.0,65.0,61.0
2023,610076,Bernhard Moos Elementary School,29.0,33.0,23.0,25.0,32.0,8.0,11.0,40.0,42.0,25.0,1.0,43.0,17.0,48.0,,1.0,33.0,,49.0,45.0,36.0,52.0,32.0,66.0,49.0,9.0,28.0,57.0,57.0,23.0,34.0,1.0,33.0,29.0,34.0,42.0,,86.0,33.0,26.0,32.0,29.0,43.0,33.0,41.0,36.0,57.0
2023,610077,Donald Morrill Math & Science Elementary School,29.0,80.0,55.0,68.0,68.0,66.0,45.0,8.0,23.0,30.0,51.0,25.0,32.0,81.0,,23.0,50.0,,16.0,57.0,31.0,29.0,68.0,39.0,18.0,15.0,67.0,32.0,44.0,56.0,1.0,40.0,29.0,13.0,44.0,58.0,,11.0,51.0,46.0,34.0,46.0,19.0,53.0,29.0,17.0,20.0
2023,610078,Inter-American Elementary Magnet School,61.0,75.0,54.0,67.0,73.0,,60.0,,,,48.0,,34.0,74.0,,28.0,54.0,,,60.0,,,79.0,,,31.0,68.0,,,,,37.0,48.0,,75.0,69.0,,,70.0,,52.0,56.0,,,,,
2023,610081,Mark Sheridan Math & Science Academy,61.0,28.0,29.0,35.0,39.0,68.0,33.0,54.0,59.0,45.0,18.0,67.0,21.0,42.0,,5.0,51.0,,44.0,58.0,61.0,66.0,36.0,60.0,70.0,7.0,57.0,72.0,57.0,44.0,35.0,39.0,37.0,71.0,49.0,56.0,,71.0,58.0,67.0,42.0,41.0,62.0,74.0,68.0,73.0,68.0
2023,610082,Mount Greenwood Elementary School,99.0,49.0,62.0,65.0,84.0,90.0,74.0,82.0,83.0,78.0,62.0,77.0,74.0,99.0,,44.0,99.0,,87.0,75.0,81.0,92.0,80.0,77.0,99.0,74.0,83.0,99.0,97.0,91.0,82.0,45.0,82.0,79.0,93.0,99.0,,99.0,94.0,98.0,73.0,75.0,61.0,90.0,99.0,68.0,81.0
2023,610083,Daniel C Beard Elementary School,61.0,,,,,1.0,,45.0,47.0,37.0,,52.0,,,,,,,51.0,,52.0,80.0,,84.0,81.0,,,74.0,69.0,1.0,67.0,,,42.0,,,,93.0,,1.0,,,53.0,51.0,74.0,29.0,43.0
2023,610084,Annie Keller Regional Gifted Center,99.0,59.0,79.0,82.0,82.0,99.0,81.0,99.0,99.0,99.0,58.0,90.0,56.0,57.0,,38.0,75.0,,99.0,46.0,86.0,99.0,91.0,99.0,99.0,26.0,64.0,99.0,99.0,99.0,99.0,56.0,73.0,98.0,99.0,99.0,,99.0,98.0,99.0,66.0,71.0,76.0,85.0,99.0,99.0,99.0
2023,610086,Mount Vernon Elementary School,81.0,73.0,70.0,78.0,75.0,16.0,56.0,82.0,68.0,60.0,19.0,62.0,31.0,93.0,,10.0,36.0,,89.0,72.0,79.0,51.0,77.0,74.0,28.0,2.0,56.0,66.0,85.0,53.0,72.0,31.0,12.0,56.0,38.0,42.0,,99.0,43.0,29.0,32.0,43.0,48.0,35.0,50.0,53.0,55.0
2023,610087,Blair Early Childhood Center,81.0,,,,,73.0,,92.0,96.0,99.0,,89.0,,,,,,,99.0,,99.0,99.0,,99.0,99.0,,,99.0,99.0,86.0,99.0,,,91.0,,,,99.0,,94.0,,,67.0,90.0,99.0,92.0,99.0
2023,610088,Wolfgang A Mozart Elementary School,39.0,54.0,46.0,31.0,55.0,46.0,37.0,35.0,42.0,38.0,21.0,46.0,6.0,65.0,,1.0,40.0,,44.0,53.0,50.0,55.0,60.0,60.0,51.0,1.0,45.0,56.0,61.0,65.0,52.0,6.0,22.0,37.0,37.0,39.0,,85.0,50.0,37.0,42.0,39.0,39.0,43.0,54.0,37.0,39.0
2023,610089,John B Murphy Elementary School,61.0,48.0,54.0,51.0,46.0,31.0,29.0,31.0,42.0,36.0,11.0,46.0,3.0,54.0,,1.0,49.0,,35.0,40.0,36.0,67.0,38.0,73.0,58.0,1.0,56.0,59.0,57.0,40.0,47.0,37.0,35.0,37.0,51.0,59.0,,92.0,64.0,42.0,47.0,48.0,45.0,27.0,69.0,44.0,50.0
2023,610090,Phillip Murray Elementary Language Academy,10.0,14.0,11.0,34.0,46.0,2.0,14.0,6.0,10.0,5.0,13.0,20.0,3.0,58.0,,3.0,26.0,,1.0,48.0,12.0,38.0,58.0,33.0,44.0,20.0,15.0,16.0,26.0,32.0,1.0,1.0,7.0,1.0,7.0,20.0,,37.0,6.0,20.0,1.0,9.0,35.0,13.0,37.0,15.0,12.0
2023,610091,Ronald Brown Elementary Community Academy,81.0,99.0,85.0,99.0,89.0,49.0,73.0,18.0,49.0,49.0,85.0,49.0,81.0,99.0,,61.0,80.0,,64.0,72.0,45.0,60.0,97.0,56.0,53.0,61.0,99.0,63.0,58.0,62.0,55.0,59.0,43.0,47.0,88.0,74.0,,73.0,69.0,40.0,60.0,72.0,39.0,51.0,70.0,47.0,75.0
2023,610092,Henry H Nash Elementary School,10.0,53.0,27.0,44.0,42.0,1.0,18.0,24.0,27.0,21.0,17.0,28.0,13.0,63.0,,3.0,27.0,,24.0,61.0,26.0,22.0,54.0,28.0,21.0,1.0,47.0,33.0,31.0,8.0,41.0,16.0,24.0,26.0,46.0,46.0,,49.0,28.0,20.0,21.0,30.0,24.0,22.0,18.0,29.0,34.0
2023,610093,Jane A Neil Elementary School,61.0,96.0,76.0,83.0,69.0,42.0,49.0,25.0,47.0,34.0,64.0,45.0,39.0,90.0,,34.0,53.0,,43.0,82.0,55.0,44.0,74.0,57.0,30.0,28.0,71.0,54.0,69.0,27.0,65.0,39.0,28.0,40.0,60.0,35.0,,75.0,41.0,29.0,38.0,53.0,35.0,47.0,45.0,34.0,67.0
2023,610094,Louis Nettelhorst Elementary School,61.0,44.0,38.0,34.0,48.0,56.0,38.0,48.0,41.0,37.0,3.0,42.0,30.0,54.0,,20.0,60.0,,35.0,82.0,37.0,68.0,55.0,65.0,65.0,30.0,53.0,40.0,39.0,49.0,27.0,38.0,46.0,42.0,61.0,59.0,,73.0,58.0,53.0,49.0,47.0,49.0,49.0,73.0,41.0,41.0
2023,610095,Walter L Newberry Math & Science Academy ES,71.0,68.0,60.0,70.0,70.0,38.0,48.0,54.0,59.0,48.0,20.0,57.0,18.0,80.0,,24.0,43.0,,45.0,76.0,54.0,72.0,62.0,69.0,65.0,1.0,38.0,82.0,84.0,67.0,61.0,29.0,31.0,37.0,37.0,44.0,,97.0,39.0,48.0,35.0,41.0,41.0,37.0,83.0,51.0,71.0
2023,610096,Florence Nightingale Elementary School,61.0,64.0,42.0,47.0,53.0,75.0,25.0,46.0,55.0,50.0,19.0,57.0,16.0,56.0,,1.0,41.0,,45.0,54.0,62.0,60.0,62.0,61.0,59.0,1.0,65.0,65.0,60.0,45.0,42.0,32.0,28.0,62.0,42.0,51.0,,84.0,62.0,55.0,39.0,44.0,45.0,62.0,61.0,56.0,56.0
2023,610097,William P Nixon Elementary School,50.0,56.0,25.0,28.0,49.0,71.0,7.0,64.0,53.0,29.0,1.0,55.0,1.0,47.0,,1.0,37.0,,38.0,35.0,51.0,61.0,47.0,73.0,49.0,1.0,51.0,65.0,70.0,73.0,61.0,30.0,17.0,44.0,39.0,36.0,,59.0,52.0,34.0,35.0,32.0,43.0,62.0,60.0,60.0,58.0
2023,610098,Alfred Nobel Elementary School,71.0,53.0,35.0,31.0,51.0,52.0,19.0,38.0,60.0,57.0,11.0,69.0,18.0,56.0,,1.0,40.0,,59.0,50.0,79.0,70.0,59.0,69.0,63.0,1.0,44.0,78.0,82.0,57.0,57.0,9.0,26.0,60.0,46.0,50.0,,87.0,50.0,48.0,39.0,36.0,49.0,50.0,79.0,71.0,65.0
2023,610099,Norwood Park Elementary School,50.0,47.0,27.0,24.0,37.0,47.0,17.0,13.0,49.0,52.0,29.0,55.0,40.0,46.0,,23.0,72.0,,58.0,83.0,48.0,76.0,24.0,72.0,81.0,47.0,60.0,66.0,72.0,52.0,43.0,54.0,56.0,52.0,69.0,89.0,,82.0,74.0,59.0,44.0,47.0,51.0,54.0,75.0,56.0,57.0
2023,610100,West Park Elementary Academy,50.0,66.0,53.0,44.0,57.0,60.0,34.0,21.0,45.0,35.0,14.0,52.0,2.0,63.0,,1.0,36.0,,36.0,58.0,56.0,50.0,62.0,58.0,39.0,1.0,48.0,60.0,56.0,60.0,38.0,24.0,25.0,53.0,44.0,47.0,,77.0,45.0,40.0,40.0,42.0,39.0,48.0,54.0,52.0,61.0
2023,610101,William B Ogden Elementary School,29.0,48.0,36.0,51.0,53.0,5.0,37.0,51.0,40.0,28.0,16.0,36.0,35.0,58.0,,20.0,50.0,,38.0,64.0,26.0,48.0,62.0,47.0,50.0,33.0,39.0,49.0,41.0,41.0,59.0,37.0,35.0,34.0,43.0,40.0,,57.0,34.0,33.0,40.0,38.0,41.0,26.0,48.0,29.0,46.0
2023,610102,Richard J Oglesby Elementary School,39.0,99.0,79.0,83.0,75.0,38.0,63.0,24.0,13.0,1.0,71.0,16.0,37.0,84.0,,44.0,35.0,,2.0,48.0,14.0,4.0,80.0,9.0,1.0,26.0,79.0,38.0,13.0,53.0,14.0,64.0,30.0,1.0,57.0,48.0,,33.0,58.0,19.0,50.0,60.0,10.0,35.0,3.0,2.0,27.0
2023,610103,Isabelle C O'Keeffe Elementary School,81.0,99.0,99.0,99.0,92.0,2.0,99.0,59.0,61.0,55.0,86.0,57.0,74.0,99.0,,95.0,65.0,,60.0,26.0,62.0,54.0,99.0,62.0,41.0,78.0,99.0,59.0,78.0,69.0,98.0,90.0,64.0,47.0,99.0,87.0,,99.0,93.0,43.0,81.0,86.0,50.0,35.0,58.0,55.0,67.0
2023,610104,William J Onahan Elementary School,99.0,63.0,49.0,61.0,80.0,87.0,66.0,63.0,63.0,50.0,34.0,67.0,50.0,83.0,,46.0,79.0,,39.0,76.0,77.0,90.0,88.0,89.0,83.0,33.0,79.0,74.0,75.0,86.0,63.0,62.0,58.0,69.0,86.0,73.0,,95.0,75.0,77.0,61.0,62.0,53.0,61.0,99.0,65.0,57.0
2023,610105,Oriole Park Elementary School,91.0,51.0,38.0,49.0,62.0,97.0,36.0,61.0,72.0,67.0,44.0,69.0,58.0,59.0,,36.0,92.0,,58.0,58.0,59.0,79.0,44.0,67.0,74.0,63.0,58.0,72.0,72.0,96.0,74.0,43.0,55.0,88.0,79.0,71.0,,96.0,60.0,84.0,55.0,52.0,60.0,60.0,96.0,84.0,70.0
2023,610106,Brian Piccolo Elementary Specialty School,10.0,59.0,39.0,42.0,42.0,36.0,23.0,41.0,35.0,28.0,6.0,38.0,1.0,58.0,,1.0,44.0,,24.0,58.0,32.0,39.0,54.0,31.0,43.0,1.0,44.0,44.0,36.0,14.0,58.0,1.0,19.0,21.0,33.0,30.0,,46.0,35.0,31.0,32.0,34.0,34.0,20.0,43.0,42.0,47.0
2023,610107,James Otis Elementary School,19.0,58.0,48.0,48.0,53.0,30.0,31.0,46.0,27.0,18.0,22.0,18.0,1.0,64.0,,1.0,41.0,,15.0,42.0,8.0,39.0,63.0,43.0,41.0,1.0,46.0,36.0,27.0,37.0,36.0,19.0,22.0,9.0,40.0,46.0,,48.0,32.0,25.0,47.0,41.0,26.0,25.0,34.0,3.0,37.0
2023,610108,Luke O'Toole Elementary School,50.0,59.0,41.0,43.0,62.0,50.0,10.0,53.0,55.0,46.0,21.0,57.0,16.0,54.0,,4.0,28.0,,45.0,51.0,63.0,48.0,54.0,55.0,35.0,1.0,47.0,74.0,71.0,97.0,52.0,29.0,13.0,52.0,28.0,42.0,,61.0,39.0,38.0,32.0,33.0,41.0,58.0,54.0,49.0,51.0
2023,610109,William Bishop Owen Scholastic Academy ES,10.0,35.0,24.0,48.0,44.0,16.0,26.0,1.0,1.0,1.0,31.0,10.0,5.0,44.0,,18.0,34.0,,1.0,63.0,1.0,28.0,75.0,17.0,40.0,9.0,32.0,20.0,1.0,9.0,3.0,11.0,17.0,1.0,23.0,47.0,,17.0,31.0,20.0,16.0,22.0,16.0,16.0,27.0,1.0,1.0
2023,610110,Ida B Wells Preparatory Elementary Academy,99.0,99.0,99.0,99.0,94.0,63.0,99.0,66.0,67.0,63.0,99.0,66.0,99.0,99.0,,90.0,91.0,,88.0,64.0,78.0,65.0,99.0,73.0,60.0,99.0,99.0,73.0,75.0,77.0,82.0,96.0,50.0,59.0,89.0,99.0,,89.0,78.0,17.0,66.0,79.0,48.0,55.0,63.0,65.0,74.0
2023,610111,John Palmer Elementary School,50.0,52.0,39.0,51.0,52.0,52.0,36.0,47.0,43.0,33.0,21.0,47.0,23.0,71.0,,11.0,51.0,,32.0,52.0,42.0,49.0,44.0,55.0,41.0,26.0,67.0,61.0,52.0,43.0,49.0,27.0,37.0,48.0,56.0,62.0,,83.0,66.0,41.0,52.0,49.0,38.0,42.0,51.0,47.0,36.0
2023,610112,Francis W Parker Elementary Community Academy,71.0,76.0,61.0,64.0,71.0,68.0,44.0,76.0,65.0,55.0,50.0,53.0,16.0,69.0,,33.0,36.0,,77.0,43.0,66.0,57.0,75.0,79.0,47.0,30.0,56.0,76.0,82.0,74.0,78.0,32.0,23.0,42.0,47.0,42.0,,80.0,25.0,21.0,42.0,46.0,40.0,44.0,46.0,28.0,69.0
2023,610115,Park Manor Elementary School,71.0,75.0,59.0,68.0,70.0,29.0,47.0,53.0,60.0,51.0,49.0,66.0,7.0,68.0,,32.0,17.0,,55.0,75.0,74.0,59.0,77.0,79.0,50.0,11.0,54.0,75.0,78.0,65.0,54.0,30.0,8.0,55.0,19.0,35.0,,98.0,21.0,38.0,26.0,37.0,41.0,47.0,48.0,75.0,65.0
2023,610116,Parkside Elementary Community Academy,71.0,98.0,78.0,87.0,94.0,70.0,86.0,84.0,58.0,41.0,73.0,53.0,24.0,99.0,,45.0,49.0,,35.0,75.0,56.0,60.0,92.0,55.0,52.0,31.0,86.0,71.0,67.0,99.0,43.0,13.0,31.0,40.0,68.0,62.0,,68.0,67.0,37.0,41.0,59.0,38.0,47.0,74.0,48.0,59.0
2023,610117,Louis Pasteur Elementary School,81.0,99.0,99.0,99.0,98.0,65.0,99.0,55.0,58.0,44.0,,54.0,,99.0,,38.0,,,64.0,,64.0,68.0,99.0,82.0,70.0,,99.0,59.0,80.0,93.0,56.0,99.0,65.0,51.0,99.0,,,67.0,99.0,28.0,89.0,88.0,50.0,46.0,53.0,42.0,60.0
2023,610120,Ferdinand Peck Elementary School,71.0,99.0,99.0,99.0,90.0,64.0,78.0,58.0,41.0,36.0,,38.0,,99.0,,21.0,,,29.0,,57.0,66.0,99.0,59.0,74.0,,99.0,39.0,46.0,61.0,72.0,39.0,27.0,17.0,78.0,,,42.0,87.0,48.0,60.0,71.0,44.0,63.0,65.0,11.0,46.0
2023,610121,Washington Irving Elementary School,10.0,29.0,27.0,21.0,39.0,54.0,12.0,41.0,38.0,16.0,3.0,48.0,15.0,53.0,,6.0,38.0,,14.0,61.0,43.0,34.0,42.0,42.0,24.0,1.0,22.0,77.0,63.0,40.0,30.0,9.0,10.0,31.0,16.0,51.0,,54.0,32.0,18.0,12.0,18.0,37.0,31.0,37.0,36.0,38.0
2023,610122,Helen Peirce International Studies ES,50.0,59.0,49.0,54.0,62.0,47.0,60.0,49.0,39.0,32.0,38.0,34.0,40.0,65.0,,10.0,68.0,,38.0,83.0,28.0,65.0,70.0,72.0,59.0,49.0,57.0,43.0,33.0,57.0,47.0,32.0,45.0,34.0,64.0,62.0,,87.0,60.0,49.0,57.0,52.0,40.0,47.0,64.0,26.0,46.0
2023,610123,William Penn Elementary School,29.0,91.0,74.0,90.0,86.0,,49.0,20.0,30.0,42.0,68.0,29.0,40.0,86.0,,39.0,37.0,,30.0,41.0,39.0,28.0,83.0,34.0,,9.0,64.0,26.0,32.0,,48.0,48.0,18.0,16.0,45.0,38.0,,58.0,36.0,,30.0,47.0,17.0,23.0,21.0,32.0,40.0
2023,610124,Harold Washington Elementary School,91.0,68.0,62.0,67.0,85.0,54.0,63.0,80.0,70.0,53.0,46.0,72.0,22.0,80.0,,41.0,34.0,,51.0,49.0,80.0,67.0,92.0,72.0,54.0,21.0,39.0,99.0,99.0,99.0,92.0,32.0,31.0,64.0,62.0,58.0,,68.0,27.0,65.0,45.0,44.0,37.0,52.0,76.0,73.0,56.0
2023,610125,Irma C Ruiz Elementary School,50.0,57.0,39.0,43.0,44.0,21.0,28.0,27.0,50.0,44.0,46.0,52.0,30.0,55.0,,11.0,43.0,,47.0,74.0,60.0,58.0,37.0,59.0,60.0,14.0,51.0,57.0,74.0,41.0,34.0,27.0,31.0,53.0,52.0,45.0,,78.0,58.0,41.0,38.0,40.0,38.0,48.0,55.0,53.0,51.0
2023,610126,John J Pershing Elementary Humanities Magnet,39.0,33.0,22.0,48.0,54.0,37.0,39.0,48.0,53.0,54.0,30.0,47.0,21.0,55.0,,1.0,46.0,,51.0,67.0,58.0,55.0,72.0,58.0,52.0,22.0,38.0,56.0,64.0,41.0,74.0,23.0,15.0,34.0,29.0,49.0,,56.0,28.0,38.0,25.0,25.0,31.0,36.0,56.0,43.0,63.0
2023,610127,Mary Gage Peterson Elementary School,29.0,63.0,45.0,49.0,55.0,45.0,53.0,28.0,24.0,24.0,41.0,21.0,36.0,60.0,,18.0,63.0,,11.0,75.0,13.0,53.0,72.0,51.0,55.0,24.0,52.0,25.0,11.0,40.0,35.0,45.0,41.0,18.0,62.0,50.0,,62.0,52.0,46.0,50.0,47.0,31.0,42.0,53.0,13.0,40.0
2023,610128,Marcus Moziah Garvey Elementary School,71.0,78.0,62.0,80.0,73.0,58.0,60.0,34.0,54.0,41.0,42.0,65.0,39.0,80.0,,44.0,42.0,,40.0,79.0,73.0,48.0,82.0,52.0,48.0,22.0,76.0,86.0,87.0,49.0,57.0,49.0,34.0,52.0,67.0,58.0,,77.0,68.0,27.0,32.0,51.0,39.0,59.0,45.0,61.0,54.0
2023,610129,Josiah Pickard Elementary School,61.0,26.0,30.0,36.0,70.0,75.0,28.0,25.0,54.0,55.0,1.0,58.0,1.0,69.0,,1.0,32.0,,43.0,31.0,62.0,77.0,83.0,60.0,81.0,1.0,33.0,78.0,82.0,90.0,42.0,1.0,32.0,53.0,40.0,63.0,,65.0,59.0,71.0,47.0,36.0,47.0,77.0,90.0,43.0,56.0
2023,610130,John T Pirie Fine Arts & Academic Center ES,71.0,99.0,99.0,99.0,99.0,,99.0,,,,99.0,,59.0,99.0,,51.0,39.0,,,99.0,,,99.0,,,99.0,99.0,,,,,58.0,50.0,,79.0,77.0,,,52.0,,57.0,76.0,,,,,
2023,610131,Ambrose Plamondon Elementary School,61.0,73.0,74.0,65.0,66.0,54.0,62.0,58.0,42.0,58.0,62.0,26.0,46.0,99.0,,16.0,51.0,,44.0,68.0,8.0,43.0,69.0,30.0,41.0,27.0,74.0,60.0,21.0,30.0,36.0,51.0,59.0,19.0,99.0,67.0,,91.0,75.0,30.0,73.0,70.0,36.0,71.0,59.0,1.0,54.0
2023,610132,Edgar Allan Poe Elementary Classical School,61.0,57.0,53.0,74.0,64.0,53.0,51.0,33.0,51.0,65.0,45.0,23.0,13.0,60.0,,29.0,39.0,,78.0,71.0,23.0,79.0,68.0,73.0,75.0,50.0,45.0,37.0,53.0,54.0,88.0,51.0,50.0,21.0,66.0,34.0,,99.0,32.0,20.0,40.0,47.0,30.0,46.0,90.0,1.0,83.0
2023,610133,Laura S Ward Elementary School,39.0,77.0,51.0,68.0,61.0,13.0,49.0,40.0,30.0,12.0,44.0,43.0,27.0,78.0,,44.0,17.0,,1.0,29.0,35.0,29.0,71.0,30.0,25.0,44.0,69.0,70.0,51.0,28.0,69.0,17.0,14.0,25.0,46.0,11.0,,33.0,26.0,6.0,27.0,40.0,30.0,30.0,33.0,36.0,23.0
2023,610135,Portage Park Elementary School,71.0,71.0,56.0,56.0,65.0,54.0,62.0,57.0,51.0,38.0,53.0,48.0,38.0,71.0,,11.0,48.0,,46.0,58.0,51.0,66.0,72.0,68.0,63.0,10.0,54.0,54.0,69.0,62.0,59.0,33.0,43.0,49.0,58.0,45.0,,64.0,59.0,52.0,54.0,52.0,37.0,49.0,68.0,49.0,43.0
2023,610136,William H Prescott Elementary School,71.0,47.0,42.0,64.0,67.0,48.0,64.0,63.0,43.0,32.0,32.0,42.0,35.0,64.0,,26.0,52.0,,33.0,58.0,26.0,71.0,78.0,64.0,73.0,34.0,50.0,65.0,50.0,63.0,43.0,47.0,46.0,29.0,70.0,59.0,,99.0,64.0,75.0,44.0,46.0,49.0,41.0,75.0,26.0,39.0
2023,610137,Ernst Prussing Elementary School,10.0,38.0,18.0,26.0,38.0,32.0,11.0,30.0,24.0,6.0,1.0,33.0,11.0,48.0,,1.0,44.0,,1.0,57.0,23.0,45.0,39.0,53.0,38.0,1.0,50.0,36.0,42.0,40.0,28.0,8.0,24.0,34.0,23.0,42.0,,39.0,50.0,42.0,23.0,29.0,39.0,21.0,45.0,33.0,9.0
2023,610138,Pulaski International School of Chicago,39.0,48.0,29.0,39.0,50.0,52.0,35.0,25.0,37.0,32.0,15.0,35.0,16.0,52.0,,8.0,52.0,,42.0,82.0,23.0,61.0,48.0,49.0,72.0,5.0,56.0,47.0,32.0,62.0,37.0,34.0,37.0,35.0,50.0,43.0,,51.0,52.0,52.0,38.0,40.0,42.0,46.0,62.0,27.0,61.0
2023,610139,George M Pullman Elementary School,39.0,44.0,35.0,40.0,46.0,,10.0,,,,17.0,,2.0,50.0,,14.0,28.0,,,54.0,,,47.0,,,31.0,57.0,,,,,7.0,8.0,,26.0,29.0,,,25.0,,27.0,32.0,,,,,
2023,610141,Ravenswood Elementary School,91.0,33.0,38.0,40.0,63.0,63.0,54.0,52.0,63.0,58.0,1.0,60.0,21.0,65.0,,16.0,62.0,,72.0,72.0,46.0,81.0,59.0,78.0,83.0,33.0,44.0,80.0,67.0,87.0,60.0,35.0,44.0,61.0,67.0,53.0,,56.0,60.0,74.0,48.0,44.0,59.0,55.0,83.0,53.0,75.0
2023,610142,William H Ray Elementary School,71.0,49.0,32.0,37.0,55.0,46.0,34.0,76.0,73.0,55.0,15.0,64.0,20.0,55.0,,24.0,43.0,,67.0,33.0,67.0,83.0,51.0,72.0,80.0,28.0,48.0,68.0,86.0,77.0,71.0,24.0,29.0,57.0,38.0,45.0,,83.0,40.0,59.0,31.0,35.0,54.0,23.0,97.0,65.0,91.0
2023,610143,William C Reavis Math & Science Specialty ES,29.0,66.0,52.0,68.0,59.0,20.0,40.0,12.0,31.0,22.0,14.0,43.0,15.0,49.0,,13.0,28.0,,24.0,21.0,37.0,40.0,58.0,45.0,34.0,23.0,62.0,54.0,54.0,61.0,42.0,14.0,15.0,32.0,20.0,42.0,,66.0,21.0,18.0,18.0,37.0,37.0,25.0,40.0,43.0,35.0
2023,610144,Frank W Reilly Elementary School,61.0,61.0,52.0,61.0,69.0,88.0,47.0,23.0,43.0,30.0,40.0,52.0,32.0,73.0,,5.0,56.0,,32.0,67.0,49.0,56.0,66.0,48.0,52.0,12.0,71.0,66.0,66.0,76.0,24.0,43.0,44.0,54.0,75.0,49.0,,57.0,60.0,63.0,53.0,55.0,38.0,61.0,67.0,56.0,42.0
2023,610145,Peter A Reinberg Elementary School,39.0,65.0,43.0,51.0,58.0,42.0,46.0,20.0,35.0,23.0,35.0,43.0,43.0,71.0,,1.0,53.0,,10.0,66.0,33.0,54.0,67.0,50.0,58.0,1.0,62.0,48.0,45.0,42.0,22.0,28.0,39.0,52.0,52.0,42.0,,57.0,52.0,36.0,55.0,50.0,39.0,61.0,53.0,52.0,35.0
2023,610146,Paul Revere Elementary School,10.0,71.0,50.0,62.0,43.0,1.0,14.0,17.0,18.0,8.0,48.0,33.0,24.0,61.0,,13.0,37.0,,1.0,64.0,50.0,27.0,47.0,50.0,23.0,1.0,46.0,33.0,47.0,1.0,36.0,24.0,7.0,1.0,27.0,21.0,,48.0,18.0,1.0,9.0,28.0,24.0,1.0,9.0,23.0,17.0
2023,610147,Philip Rogers Elementary School,91.0,66.0,49.0,50.0,66.0,65.0,46.0,61.0,61.0,46.0,48.0,61.0,42.0,63.0,,20.0,64.0,,52.0,69.0,58.0,74.0,64.0,72.0,66.0,19.0,69.0,71.0,80.0,87.0,74.0,50.0,47.0,68.0,79.0,73.0,,92.0,73.0,61.0,53.0,55.0,48.0,61.0,83.0,66.0,51.0
2023,610148,Cesar E Chavez Multicultural Academic Center ES,71.0,62.0,54.0,49.0,56.0,72.0,37.0,39.0,55.0,56.0,37.0,62.0,32.0,69.0,,3.0,35.0,,54.0,62.0,56.0,63.0,45.0,59.0,63.0,1.0,60.0,74.0,62.0,61.0,67.0,31.0,24.0,63.0,57.0,51.0,,85.0,63.0,63.0,49.0,47.0,55.0,63.0,67.0,61.0,56.0
2023,610152,Martha Ruggles Elementary School,39.0,68.0,60.0,64.0,63.0,36.0,41.0,31.0,44.0,47.0,34.0,37.0,20.0,66.0,,28.0,19.0,,41.0,28.0,36.0,31.0,80.0,42.0,18.0,26.0,72.0,52.0,61.0,42.0,44.0,50.0,18.0,22.0,38.0,24.0,,52.0,27.0,31.0,31.0,45.0,28.0,20.0,33.0,32.0,57.0
2023,610153,William H Ryder Math & Science Specialty ES,61.0,69.0,54.0,63.0,70.0,43.0,43.0,64.0,59.0,51.0,3.0,57.0,1.0,74.0,,16.0,21.0,,48.0,57.0,59.0,56.0,85.0,53.0,51.0,1.0,79.0,68.0,79.0,58.0,63.0,36.0,11.0,46.0,42.0,38.0,,78.0,33.0,42.0,15.0,40.0,37.0,53.0,63.0,63.0,54.0
2023,610155,Sauganash Elementary School,61.0,57.0,47.0,56.0,58.0,69.0,43.0,48.0,59.0,54.0,48.0,58.0,54.0,45.0,,31.0,84.0,,57.0,77.0,53.0,77.0,55.0,67.0,82.0,42.0,71.0,72.0,63.0,74.0,61.0,50.0,62.0,63.0,81.0,80.0,,99.0,70.0,80.0,57.0,59.0,47.0,53.0,83.0,61.0,65.0
2023,610157,Sidney Sawyer Elementary School,29.0,58.0,48.0,41.0,45.0,63.0,29.0,29.0,38.0,33.0,25.0,34.0,20.0,54.0,,1.0,46.0,,23.0,56.0,39.0,44.0,52.0,51.0,40.0,1.0,59.0,29.0,43.0,33.0,32.0,20.0,27.0,37.0,41.0,42.0,,68.0,56.0,33.0,47.0,45.0,34.0,46.0,40.0,34.0,48.0
2023,610158,Harriet E Sayre Elementary Language Academy,1.0,26.0,36.0,41.0,39.0,1.0,18.0,29.0,25.0,11.0,1.0,27.0,3.0,53.0,,1.0,44.0,,16.0,69.0,23.0,36.0,44.0,56.0,28.0,1.0,27.0,22.0,34.0,18.0,38.0,16.0,25.0,7.0,42.0,30.0,,29.0,36.0,4.0,32.0,30.0,32.0,4.0,24.0,32.0,44.0
2023,610159,Jonathan Y Scammon Elementary School,71.0,48.0,42.0,41.0,56.0,79.0,33.0,41.0,56.0,45.0,25.0,61.0,17.0,63.0,,1.0,47.0,,31.0,72.0,59.0,76.0,45.0,65.0,80.0,1.0,46.0,86.0,81.0,76.0,47.0,31.0,36.0,63.0,50.0,64.0,,59.0,58.0,59.0,56.0,45.0,50.0,70.0,83.0,50.0,52.0
2023,610163,Frederick Stock Elementary School,81.0,,,,,,,86.0,74.0,80.0,,73.0,,,,,,,80.0,,73.0,99.0,,99.0,99.0,,,96.0,75.0,,83.0,,,61.0,,,,99.0,,,,,61.0,80.0,99.0,63.0,68.0
2023,610165,Franz Peter Schubert Elementary School,61.0,99.0,58.0,99.0,80.0,43.0,34.0,31.0,31.0,19.0,,54.0,,90.0,,1.0,,,28.0,,58.0,60.0,99.0,75.0,58.0,,64.0,70.0,50.0,31.0,40.0,24.0,15.0,22.0,62.0,,,76.0,46.0,38.0,44.0,45.0,54.0,12.0,47.0,32.0,35.0
2023,610167,William H Seward Communication Arts Academy ES,50.0,51.0,41.0,34.0,40.0,21.0,30.0,57.0,48.0,39.0,7.0,47.0,1.0,53.0,,1.0,35.0,,38.0,75.0,42.0,46.0,56.0,56.0,38.0,1.0,56.0,65.0,51.0,16.0,36.0,4.0,27.0,46.0,42.0,46.0,,72.0,55.0,38.0,41.0,41.0,43.0,53.0,45.0,39.0,46.0
2023,610170,Columbia Explorers Elementary Academy,91.0,63.0,62.0,43.0,72.0,76.0,54.0,68.0,70.0,67.0,52.0,68.0,42.0,76.0,,3.0,54.0,,76.0,73.0,77.0,78.0,71.0,84.0,73.0,9.0,71.0,83.0,94.0,99.0,68.0,35.0,40.0,64.0,69.0,69.0,,99.0,74.0,70.0,59.0,58.0,54.0,72.0,77.0,57.0,57.0
2023,610171,Arnold Mireles Elementary Academy,50.0,54.0,29.0,51.0,62.0,13.0,30.0,35.0,50.0,46.0,16.0,59.0,23.0,64.0,,7.0,39.0,,51.0,37.0,68.0,42.0,69.0,61.0,19.0,2.0,49.0,79.0,78.0,63.0,61.0,29.0,17.0,37.0,33.0,36.0,,99.0,39.0,45.0,37.0,33.0,37.0,20.0,45.0,51.0,54.0
2023,610172,William T Sherman Elementary School,99.0,99.0,99.0,99.0,90.0,31.0,99.0,75.0,67.0,54.0,99.0,69.0,99.0,99.0,,99.0,82.0,,76.0,80.0,78.0,67.0,99.0,79.0,58.0,95.0,99.0,92.0,99.0,61.0,83.0,99.0,70.0,40.0,99.0,71.0,,99.0,99.0,52.0,78.0,87.0,52.0,43.0,64.0,54.0,66.0
2023,610173,Jesse Sherwood Elementary School,81.0,89.0,65.0,81.0,81.0,21.0,68.0,41.0,50.0,51.0,60.0,52.0,54.0,99.0,,48.0,57.0,,53.0,67.0,53.0,60.0,99.0,61.0,59.0,49.0,99.0,67.0,69.0,45.0,45.0,60.0,31.0,38.0,82.0,64.0,,83.0,61.0,25.0,52.0,62.0,44.0,30.0,59.0,43.0,51.0
2023,610174,James Shields Elementary School,81.0,99.0,96.0,99.0,90.0,54.0,63.0,19.0,41.0,61.0,,44.0,,99.0,,23.0,,,53.0,,40.0,62.0,99.0,63.0,61.0,,99.0,55.0,36.0,61.0,52.0,88.0,6.0,36.0,99.0,,,43.0,67.0,25.0,73.0,69.0,48.0,44.0,62.0,34.0,51.0
2023,610175,Beulah Shoesmith Elementary School,39.0,68.0,50.0,66.0,56.0,32.0,47.0,48.0,48.0,35.0,68.0,58.0,25.0,60.0,,31.0,53.0,,39.0,66.0,50.0,25.0,71.0,40.0,23.0,39.0,53.0,56.0,56.0,26.0,41.0,54.0,34.0,41.0,58.0,25.0,,60.0,23.0,9.0,42.0,45.0,56.0,30.0,13.0,68.0,61.0
2023,610176,John D Shoop Math-Science Technical Academy ES,50.0,49.0,41.0,60.0,56.0,29.0,28.0,59.0,54.0,45.0,27.0,60.0,1.0,64.0,,16.0,35.0,,48.0,41.0,68.0,50.0,66.0,63.0,34.0,1.0,44.0,79.0,79.0,34.0,63.0,22.0,5.0,41.0,25.0,23.0,,85.0,16.0,29.0,12.0,26.0,40.0,29.0,53.0,54.0,46.0
2023,610177,Mark Skinner Elementary School,19.0,50.0,30.0,58.0,54.0,41.0,36.0,26.0,28.0,13.0,30.0,31.0,31.0,60.0,,17.0,58.0,,4.0,49.0,29.0,56.0,57.0,52.0,60.0,29.0,59.0,42.0,40.0,42.0,34.0,50.0,34.0,30.0,55.0,38.0,,49.0,44.0,49.0,34.0,39.0,32.0,21.0,55.0,19.0,31.0
2023,610178,Theophilus Schmid Elementary School,29.0,54.0,32.0,48.0,39.0,10.0,6.0,69.0,50.0,31.0,44.0,52.0,6.0,26.0,,1.0,39.0,,24.0,41.0,59.0,55.0,60.0,69.0,50.0,5.0,29.0,62.0,61.0,22.0,35.0,3.0,9.0,37.0,30.0,23.0,,97.0,23.0,17.0,28.0,25.0,40.0,24.0,46.0,46.0,54.0
2023,610179,Washington D Smyser Elementary School,61.0,42.0,50.0,36.0,56.0,46.0,47.0,31.0,48.0,39.0,26.0,61.0,37.0,65.0,,4.0,51.0,,41.0,62.0,58.0,49.0,68.0,59.0,48.0,22.0,50.0,66.0,63.0,53.0,52.0,32.0,38.0,43.0,56.0,44.0,,49.0,51.0,49.0,59.0,49.0,50.0,29.0,41.0,71.0,62.0
2023,610180,John M Smyth Elementary School,81.0,76.0,65.0,53.0,54.0,9.0,36.0,66.0,68.0,57.0,28.0,71.0,31.0,56.0,,35.0,35.0,,68.0,57.0,76.0,62.0,52.0,69.0,50.0,7.0,60.0,82.0,96.0,54.0,99.0,41.0,5.0,46.0,30.0,20.0,,92.0,28.0,34.0,34.0,41.0,49.0,26.0,67.0,77.0,75.0
2023,610182,Hannah G Solomon Elementary School,71.0,45.0,24.0,35.0,63.0,51.0,46.0,1.0,43.0,55.0,8.0,53.0,35.0,48.0,,18.0,71.0,,40.0,32.0,50.0,64.0,88.0,59.0,68.0,20.0,74.0,63.0,64.0,79.0,33.0,52.0,47.0,58.0,77.0,77.0,,99.0,66.0,66.0,56.0,50.0,52.0,60.0,66.0,48.0,38.0
2023,610183,Spencer Technology Academy,50.0,66.0,47.0,61.0,54.0,1.0,33.0,42.0,41.0,33.0,24.0,45.0,27.0,62.0,,50.0,32.0,,27.0,13.0,52.0,40.0,74.0,44.0,38.0,20.0,64.0,52.0,55.0,20.0,53.0,44.0,14.0,29.0,44.0,28.0,,99.0,40.0,21.0,34.0,40.0,28.0,17.0,38.0,48.0,44.0
2023,610184,John Spry Elementary Community School,50.0,59.0,35.0,39.0,48.0,32.0,29.0,42.0,53.0,53.0,14.0,48.0,27.0,53.0,,5.0,49.0,,48.0,45.0,49.0,56.0,57.0,49.0,54.0,20.0,55.0,38.0,48.0,42.0,35.0,29.0,31.0,58.0,53.0,47.0,,74.0,59.0,31.0,41.0,41.0,35.0,35.0,65.0,68.0,64.0
2023,610185,Adlai E Stevenson Elementary School,81.0,65.0,52.0,59.0,70.0,72.0,47.0,42.0,63.0,60.0,46.0,51.0,34.0,79.0,,3.0,54.0,,55.0,64.0,61.0,73.0,69.0,65.0,75.0,16.0,63.0,68.0,92.0,73.0,75.0,36.0,40.0,59.0,57.0,57.0,,75.0,60.0,64.0,56.0,53.0,40.0,59.0,80.0,36.0,61.0
2023,610188,Dunne Technology Academy,99.0,99.0,99.0,99.0,99.0,70.0,99.0,91.0,84.0,80.0,99.0,70.0,99.0,99.0,,99.0,99.0,,71.0,99.0,80.0,61.0,99.0,70.0,40.0,99.0,99.0,83.0,99.0,99.0,87.0,99.0,99.0,75.0,99.0,99.0,,99.0,99.0,33.0,99.0,99.0,38.0,73.0,72.0,77.0,75.0
2023,610191,Stone Elementary Scholastic Academy,61.0,37.0,40.0,38.0,55.0,68.0,42.0,46.0,51.0,45.0,26.0,57.0,37.0,61.0,,10.0,57.0,,42.0,78.0,48.0,67.0,56.0,69.0,54.0,10.0,49.0,72.0,50.0,63.0,54.0,39.0,47.0,57.0,70.0,69.0,,88.0,60.0,71.0,48.0,46.0,51.0,59.0,77.0,58.0,57.0
2023,610192,Harriet Beecher Stowe Elementary School,1.0,45.0,35.0,31.0,27.0,1.0,6.0,15.0,20.0,1.0,1.0,34.0,1.0,38.0,,1.0,30.0,,19.0,43.0,29.0,36.0,36.0,38.0,37.0,1.0,45.0,43.0,41.0,2.0,29.0,5.0,12.0,9.0,27.0,36.0,,56.0,30.0,2.0,33.0,31.0,33.0,9.0,33.0,29.0,32.0
2023,610193,William K New Sullivan Elementary School,10.0,61.0,50.0,71.0,52.0,51.0,50.0,18.0,24.0,18.0,43.0,32.0,22.0,53.0,,8.0,19.0,,15.0,47.0,22.0,33.0,67.0,52.0,23.0,1.0,41.0,52.0,30.0,16.0,29.0,36.0,16.0,25.0,21.0,35.0,,31.0,23.0,14.0,31.0,35.0,26.0,44.0,23.0,27.0,30.0
2023,610194,Charles Sumner Math & Science Community Acad ES,81.0,69.0,58.0,60.0,66.0,59.0,53.0,56.0,61.0,52.0,40.0,62.0,14.0,65.0,,45.0,31.0,,44.0,27.0,65.0,52.0,66.0,65.0,43.0,38.0,49.0,70.0,86.0,72.0,50.0,28.0,25.0,48.0,42.0,54.0,,78.0,42.0,44.0,31.0,41.0,42.0,44.0,48.0,69.0,62.0
2023,610195,Elizabeth H Sutherland Elementary School,39.0,55.0,42.0,54.0,60.0,44.0,47.0,41.0,27.0,14.0,37.0,38.0,24.0,76.0,,35.0,56.0,,5.0,51.0,34.0,60.0,71.0,68.0,61.0,30.0,47.0,47.0,39.0,38.0,48.0,31.0,31.0,30.0,39.0,56.0,,58.0,32.0,48.0,34.0,39.0,36.0,23.0,52.0,34.0,13.0
2023,610196,George B Swift Elementary Specialty School,29.0,70.0,56.0,48.0,54.0,36.0,47.0,13.0,25.0,15.0,23.0,32.0,24.0,59.0,,16.0,33.0,,13.0,66.0,20.0,54.0,70.0,37.0,66.0,1.0,62.0,41.0,27.0,38.0,27.0,50.0,34.0,31.0,51.0,24.0,,32.0,45.0,50.0,47.0,50.0,33.0,32.0,60.0,33.0,38.0
2023,610197,Mancel Talcott Elementary School,71.0,53.0,50.0,48.0,60.0,54.0,27.0,35.0,50.0,43.0,24.0,47.0,17.0,71.0,,1.0,53.0,,50.0,56.0,39.0,76.0,51.0,62.0,84.0,1.0,55.0,58.0,47.0,71.0,59.0,26.0,42.0,55.0,70.0,71.0,,99.0,68.0,41.0,48.0,49.0,48.0,62.0,82.0,42.0,69.0
2023,610198,Douglas Taylor Elementary School,39.0,33.0,23.0,26.0,50.0,65.0,10.0,41.0,45.0,49.0,1.0,40.0,9.0,47.0,,1.0,39.0,,48.0,57.0,45.0,58.0,46.0,61.0,45.0,1.0,52.0,31.0,58.0,79.0,73.0,10.0,16.0,41.0,23.0,48.0,,73.0,41.0,44.0,28.0,30.0,45.0,40.0,69.0,39.0,38.0
2023,610199,Johnnie Colemon Elementary Academy,81.0,48.0,53.0,82.0,79.0,97.0,51.0,92.0,84.0,76.0,51.0,84.0,16.0,68.0,,43.0,30.0,,85.0,71.0,91.0,94.0,73.0,99.0,85.0,29.0,44.0,99.0,99.0,93.0,54.0,13.0,31.0,75.0,41.0,74.0,,99.0,40.0,92.0,15.0,36.0,73.0,92.0,99.0,73.0,78.0
2023,610200,James N Thorp Elementary School,50.0,49.0,56.0,58.0,58.0,40.0,20.0,38.0,50.0,42.0,30.0,60.0,1.0,72.0,,18.0,14.0,,45.0,38.0,55.0,43.0,59.0,50.0,36.0,27.0,40.0,83.0,75.0,42.0,48.0,1.0,21.0,37.0,32.0,26.0,,99.0,11.0,36.0,37.0,39.0,48.0,31.0,43.0,55.0,60.0
2023,610201,Ole A Thorp Elementary Scholastic Academy,61.0,63.0,42.0,69.0,60.0,49.0,53.0,64.0,45.0,38.0,54.0,33.0,54.0,60.0,,32.0,57.0,,29.0,64.0,34.0,66.0,65.0,66.0,69.0,42.0,59.0,32.0,38.0,46.0,43.0,57.0,52.0,34.0,72.0,71.0,,61.0,74.0,63.0,48.0,50.0,38.0,57.0,64.0,27.0,52.0
2023,610202,George W Tilton Elementary School,71.0,99.0,97.0,95.0,83.0,28.0,73.0,44.0,49.0,37.0,66.0,46.0,82.0,99.0,,70.0,58.0,,33.0,85.0,49.0,42.0,99.0,64.0,31.0,37.0,99.0,63.0,70.0,40.0,67.0,79.0,39.0,42.0,79.0,28.0,,70.0,47.0,1.0,40.0,69.0,36.0,21.0,32.0,34.0,53.0
2023,610203,Enrico Tonti Elementary School,50.0,99.0,67.0,99.0,82.0,58.0,53.0,27.0,29.0,18.0,,42.0,,77.0,,17.0,,,24.0,,40.0,54.0,97.0,62.0,63.0,,99.0,41.0,53.0,53.0,40.0,42.0,10.0,37.0,59.0,,,10.0,86.0,26.0,52.0,57.0,48.0,46.0,36.0,37.0,12.0
2023,610206,Mark Twain Elementary School,39.0,39.0,30.0,42.0,49.0,55.0,23.0,44.0,54.0,55.0,17.0,51.0,22.0,57.0,,1.0,48.0,,59.0,59.0,55.0,54.0,39.0,57.0,54.0,1.0,55.0,62.0,58.0,56.0,59.0,19.0,33.0,46.0,31.0,50.0,,66.0,55.0,51.0,36.0,39.0,41.0,46.0,50.0,46.0,66.0
2023,610207,John H Vanderpoel Elementary Magnet School,71.0,63.0,43.0,78.0,61.0,83.0,39.0,41.0,53.0,49.0,53.0,47.0,35.0,68.0,,33.0,51.0,,19.0,34.0,52.0,73.0,45.0,59.0,77.0,44.0,63.0,57.0,57.0,54.0,71.0,62.0,41.0,64.0,43.0,62.0,,98.0,42.0,70.0,39.0,47.0,36.0,59.0,83.0,44.0,55.0
2023,610208,Mildred I Lavizzo Elementary School,81.0,78.0,44.0,67.0,70.0,39.0,42.0,65.0,76.0,66.0,22.0,68.0,10.0,61.0,,7.0,39.0,,77.0,69.0,78.0,58.0,72.0,72.0,45.0,3.0,59.0,76.0,99.0,78.0,89.0,48.0,26.0,65.0,46.0,50.0,,99.0,39.0,39.0,33.0,41.0,41.0,46.0,57.0,78.0,83.0
2023,610209,Alessandro Volta Elementary School,61.0,56.0,35.0,38.0,67.0,63.0,32.0,40.0,46.0,41.0,29.0,39.0,36.0,76.0,,1.0,48.0,,50.0,60.0,36.0,65.0,67.0,60.0,66.0,1.0,56.0,56.0,52.0,86.0,63.0,22.0,31.0,45.0,44.0,44.0,,65.0,55.0,60.0,54.0,44.0,36.0,33.0,70.0,29.0,51.0
2023,610212,Albany Park Multicultural Academy,61.0,48.0,39.0,36.0,59.0,71.0,10.0,99.0,81.0,68.0,12.0,68.0,1.0,79.0,,1.0,36.0,,84.0,50.0,61.0,56.0,78.0,77.0,44.0,1.0,43.0,99.0,80.0,44.0,99.0,3.0,21.0,61.0,40.0,44.0,,77.0,37.0,39.0,45.0,37.0,64.0,70.0,46.0,49.0,97.0
2023,610213,James Wadsworth Elementary School,50.0,75.0,63.0,69.0,65.0,18.0,50.0,29.0,32.0,11.0,58.0,43.0,36.0,70.0,,32.0,34.0,,9.0,22.0,49.0,40.0,79.0,47.0,36.0,29.0,60.0,52.0,59.0,43.0,43.0,51.0,35.0,30.0,58.0,36.0,,45.0,42.0,6.0,52.0,53.0,24.0,26.0,37.0,46.0,30.0
2023,610215,Francisco I Madero Middle School,99.0,99.0,66.0,77.0,85.0,50.0,38.0,67.0,69.0,61.0,58.0,66.0,23.0,99.0,,1.0,27.0,,58.0,67.0,87.0,71.0,67.0,62.0,68.0,15.0,85.0,91.0,86.0,98.0,55.0,28.0,17.0,57.0,55.0,48.0,,90.0,52.0,70.0,71.0,60.0,58.0,43.0,84.0,28.0,74.0
2023,610216,John A Walsh Elementary School,61.0,45.0,58.0,47.0,62.0,65.0,53.0,58.0,48.0,37.0,45.0,36.0,45.0,78.0,,1.0,48.0,,14.0,60.0,32.0,66.0,81.0,45.0,65.0,31.0,46.0,44.0,49.0,41.0,46.0,18.0,40.0,61.0,53.0,64.0,,90.0,48.0,47.0,53.0,49.0,33.0,69.0,87.0,36.0,37.0
2023,610217,James Ward Elementary School,39.0,56.0,45.0,52.0,59.0,53.0,45.0,26.0,39.0,32.0,16.0,36.0,45.0,65.0,,1.0,63.0,,25.0,69.0,26.0,62.0,73.0,66.0,60.0,1.0,68.0,44.0,53.0,45.0,49.0,48.0,29.0,30.0,68.0,52.0,,62.0,62.0,64.0,48.0,48.0,38.0,48.0,60.0,35.0,52.0
2023,610218,Joseph Warren Elementary School,81.0,50.0,43.0,57.0,65.0,53.0,25.0,52.0,62.0,60.0,18.0,64.0,13.0,58.0,,17.0,34.0,,93.0,65.0,77.0,73.0,55.0,85.0,62.0,11.0,57.0,71.0,91.0,91.0,86.0,35.0,22.0,57.0,21.0,47.0,,81.0,34.0,52.0,19.0,35.0,45.0,61.0,73.0,61.0,51.0
2023,610219,George Washington Elementary School,71.0,64.0,48.0,63.0,62.0,59.0,50.0,22.0,43.0,38.0,45.0,51.0,42.0,55.0,,16.0,60.0,,41.0,62.0,51.0,62.0,61.0,62.0,64.0,27.0,68.0,59.0,73.0,68.0,37.0,46.0,60.0,52.0,67.0,88.0,,70.0,71.0,47.0,57.0,58.0,39.0,48.0,59.0,54.0,28.0
2023,610220,Thomas J Waters Elementary School,39.0,33.0,33.0,42.0,55.0,42.0,48.0,43.0,39.0,25.0,13.0,39.0,19.0,47.0,,13.0,71.0,,13.0,82.0,32.0,72.0,67.0,73.0,79.0,38.0,57.0,51.0,45.0,65.0,44.0,35.0,46.0,44.0,57.0,60.0,,41.0,58.0,72.0,50.0,47.0,44.0,40.0,65.0,28.0,40.0
2023,610221,Daniel Webster Elementary School,99.0,81.0,89.0,76.0,88.0,81.0,66.0,69.0,63.0,52.0,52.0,62.0,51.0,76.0,,50.0,51.0,,37.0,9.0,74.0,69.0,99.0,72.0,64.0,38.0,89.0,83.0,87.0,99.0,90.0,54.0,58.0,52.0,93.0,90.0,,79.0,90.0,58.0,61.0,74.0,48.0,50.0,70.0,43.0,57.0
2023,610223,Daniel S Wentworth Elementary School,10.0,62.0,37.0,46.0,40.0,20.0,17.0,25.0,25.0,12.0,24.0,30.0,18.0,37.0,,1.0,22.0,,1.0,55.0,33.0,10.0,59.0,19.0,3.0,6.0,56.0,49.0,41.0,16.0,44.0,30.0,1.0,11.0,3.0,10.0,,67.0,16.0,1.0,18.0,28.0,20.0,1.0,8.0,18.0,35.0
2023,610225,John Whistler Elementary School,29.0,,,,,52.0,,36.0,40.0,44.0,,32.0,,,,,,,45.0,,28.0,39.0,,16.0,47.0,,,41.0,40.0,23.0,57.0,,,25.0,,,,21.0,,21.0,,,36.0,51.0,55.0,21.0,57.0
2023,610226,Socorro Sandoval Elementary School,50.0,99.0,45.0,66.0,82.0,72.0,46.0,34.0,34.0,25.0,,42.0,,83.0,,12.0,,,28.0,,39.0,59.0,93.0,70.0,54.0,,94.0,51.0,57.0,85.0,46.0,55.0,15.0,26.0,72.0,,,62.0,91.0,48.0,46.0,50.0,49.0,57.0,53.0,27.0,30.0
2023,610227,Eli Whitney Elementary School,39.0,48.0,34.0,32.0,53.0,45.0,18.0,55.0,49.0,34.0,10.0,51.0,5.0,58.0,,1.0,31.0,,19.0,72.0,55.0,53.0,39.0,61.0,52.0,1.0,49.0,57.0,78.0,83.0,48.0,10.0,22.0,38.0,39.0,41.0,,61.0,53.0,45.0,45.0,38.0,46.0,48.0,45.0,46.0,42.0
2023,610228,John Greenleaf Whittier Elementary School,61.0,43.0,43.0,37.0,52.0,46.0,33.0,44.0,57.0,41.0,22.0,61.0,1.0,52.0,,1.0,47.0,,50.0,44.0,63.0,53.0,56.0,56.0,43.0,1.0,59.0,74.0,63.0,64.0,23.0,1.0,35.0,63.0,56.0,65.0,,94.0,59.0,43.0,46.0,46.0,44.0,62.0,59.0,64.0,74.0
2023,610229,A.N. Pritzker School,39.0,48.0,39.0,62.0,53.0,42.0,56.0,8.0,38.0,26.0,35.0,43.0,29.0,70.0,,6.0,55.0,,12.0,71.0,48.0,57.0,45.0,65.0,59.0,22.0,58.0,44.0,64.0,35.0,39.0,37.0,44.0,51.0,54.0,64.0,,46.0,49.0,44.0,47.0,47.0,36.0,45.0,46.0,45.0,40.0
2023,610230,Wildwood IB World Magnet School,71.0,60.0,49.0,51.0,57.0,60.0,59.0,50.0,41.0,27.0,23.0,40.0,63.0,49.0,,42.0,90.0,,21.0,65.0,35.0,71.0,73.0,69.0,77.0,46.0,70.0,45.0,33.0,53.0,31.0,56.0,61.0,42.0,85.0,67.0,,36.0,73.0,71.0,62.0,61.0,37.0,52.0,67.0,44.0,52.0
2023,610231,National Teachers Elementary Academy,39.0,46.0,29.0,54.0,60.0,21.0,42.0,23.0,37.0,27.0,6.0,53.0,18.0,75.0,,29.0,52.0,,28.0,62.0,55.0,55.0,69.0,64.0,49.0,31.0,45.0,58.0,54.0,42.0,47.0,45.0,25.0,44.0,38.0,33.0,,87.0,25.0,27.0,31.0,33.0,36.0,31.0,51.0,62.0,39.0
2023,610234,Richard Yates Elementary School,50.0,,,,,25.0,,21.0,41.0,39.0,,40.0,,,,,,,36.0,,44.0,56.0,,60.0,54.0,,,42.0,57.0,20.0,67.0,,,44.0,,,,72.0,,34.0,,,43.0,29.0,54.0,29.0,45.0
2023,610235,Ella Flagg Young Elementary School,61.0,74.0,50.0,68.0,60.0,51.0,34.0,49.0,47.0,25.0,37.0,43.0,34.0,66.0,,26.0,43.0,,37.0,54.0,56.0,56.0,60.0,59.0,52.0,16.0,71.0,55.0,53.0,44.0,48.0,40.0,16.0,48.0,44.0,38.0,,63.0,43.0,25.0,32.0,42.0,31.0,31.0,58.0,31.0,62.0
2023,610237,Ludwig Van Beethoven Elementary School,19.0,67.0,63.0,64.0,52.0,1.0,38.0,29.0,32.0,11.0,38.0,48.0,29.0,50.0,,25.0,30.0,,32.0,60.0,56.0,27.0,60.0,41.0,26.0,11.0,45.0,76.0,62.0,32.0,38.0,10.0,3.0,1.0,21.0,19.0,,83.0,9.0,1.0,33.0,36.0,36.0,1.0,14.0,24.0,57.0
2023,610238,Carrie Jacobs Bond Elementary School,91.0,80.0,98.0,78.0,81.0,21.0,64.0,74.0,65.0,43.0,69.0,62.0,65.0,99.0,,59.0,32.0,,50.0,82.0,62.0,58.0,99.0,70.0,57.0,34.0,66.0,78.0,97.0,49.0,75.0,47.0,45.0,48.0,89.0,70.0,,99.0,52.0,30.0,55.0,66.0,50.0,48.0,48.0,58.0,61.0
2023,610239,Richard J Daley Elementary Academy,1.0,50.0,36.0,29.0,38.0,33.0,8.0,29.0,36.0,23.0,5.0,31.0,10.0,53.0,,1.0,42.0,,29.0,44.0,31.0,29.0,42.0,36.0,19.0,1.0,45.0,41.0,53.0,28.0,25.0,15.0,18.0,28.0,33.0,50.0,,62.0,47.0,24.0,37.0,34.0,30.0,28.0,31.0,22.0,49.0
2023,610242,Joseph Brennemann Elementary School,19.0,74.0,47.0,43.0,44.0,1.0,36.0,24.0,29.0,24.0,41.0,34.0,17.0,62.0,,1.0,53.0,,34.0,59.0,29.0,34.0,70.0,38.0,38.0,1.0,53.0,44.0,32.0,1.0,38.0,28.0,25.0,5.0,37.0,45.0,,83.0,34.0,6.0,33.0,40.0,31.0,1.0,26.0,30.0,58.0
2023,610244,Michele Clark Academic Prep Magnet High School,39.0,94.0,77.0,64.0,66.0,20.0,59.0,36.0,37.0,34.0,65.0,35.0,50.0,90.0,29.0,34.0,41.0,30.0,40.0,80.0,45.0,48.0,81.0,74.0,41.0,17.0,,46.0,57.0,28.0,60.0,59.0,17.0,11.0,65.0,41.0,64.0,94.0,62.0,31.0,68.0,45.0,23.0,31.0,29.0,26.0,49.0
2023,610245,Frederick A Douglass Academy High School,91.0,99.0,99.0,77.0,78.0,57.0,63.0,69.0,61.0,31.0,69.0,80.0,76.0,83.0,63.0,42.0,56.0,63.0,40.0,76.0,88.0,50.0,86.0,88.0,30.0,52.0,,99.0,99.0,64.0,75.0,62.0,39.0,57.0,94.0,60.0,81.0,99.0,85.0,59.0,65.0,62.0,47.0,68.0,32.0,85.0,49.0
2023,610246,Edward Beasley Elementary Magnet Academic Center,50.0,46.0,26.0,52.0,58.0,28.0,24.0,47.0,54.0,43.0,1.0,61.0,20.0,55.0,,36.0,38.0,,52.0,49.0,66.0,53.0,67.0,54.0,46.0,41.0,43.0,78.0,76.0,56.0,53.0,23.0,21.0,45.0,38.0,34.0,,84.0,30.0,41.0,15.0,26.0,39.0,36.0,58.0,60.0,59.0
2023,610248,Chicago Academy Elementary School,50.0,54.0,52.0,57.0,58.0,52.0,53.0,53.0,45.0,35.0,38.0,47.0,29.0,78.0,,7.0,58.0,,31.0,43.0,48.0,56.0,62.0,45.0,57.0,41.0,58.0,74.0,53.0,33.0,30.0,37.0,48.0,35.0,70.0,63.0,,77.0,66.0,47.0,59.0,54.0,35.0,39.0,67.0,32.0,50.0
2023,610249,Talman Elementary School,61.0,,,,,77.0,,43.0,45.0,44.0,,42.0,,,,,,,46.0,,40.0,68.0,,45.0,69.0,,,58.0,39.0,79.0,77.0,,,36.0,,,,85.0,,67.0,,,41.0,65.0,89.0,27.0,63.0
2023,610250,Ruben Salazar Elementary Bilingual Center,50.0,50.0,49.0,44.0,56.0,51.0,39.0,56.0,40.0,26.0,24.0,44.0,9.0,70.0,,7.0,42.0,,46.0,37.0,44.0,44.0,45.0,39.0,47.0,5.0,66.0,60.0,44.0,64.0,46.0,33.0,43.0,31.0,55.0,43.0,,81.0,52.0,30.0,43.0,50.0,41.0,43.0,46.0,32.0,41.0
2023,610251,Willa Cather Elementary School,10.0,54.0,30.0,40.0,39.0,1.0,23.0,52.0,35.0,22.0,3.0,44.0,9.0,60.0,,1.0,36.0,,24.0,57.0,48.0,31.0,51.0,40.0,19.0,7.0,46.0,55.0,47.0,3.0,49.0,1.0,5.0,25.0,18.0,28.0,,86.0,13.0,9.0,24.0,26.0,37.0,15.0,33.0,37.0,27.0
2023,610252,Robert Nathaniel Dett Elementary School,29.0,55.0,30.0,29.0,41.0,5.0,4.0,45.0,44.0,30.0,1.0,51.0,16.0,46.0,,25.0,34.0,,36.0,36.0,57.0,36.0,46.0,47.0,32.0,1.0,56.0,59.0,75.0,41.0,79.0,28.0,13.0,39.0,23.0,27.0,,75.0,26.0,22.0,10.0,27.0,36.0,23.0,29.0,52.0,29.0
2023,610254,Dvorak Technology Academy,19.0,57.0,48.0,54.0,42.0,17.0,35.0,52.0,35.0,24.0,18.0,32.0,13.0,51.0,,13.0,32.0,,34.0,42.0,25.0,43.0,52.0,45.0,39.0,34.0,40.0,45.0,41.0,10.0,52.0,22.0,9.0,16.0,22.0,27.0,,76.0,32.0,1.0,26.0,31.0,28.0,16.0,46.0,28.0,42.0
2023,610256,Jackie Robinson Elementary School,71.0,,,,,,,,62.0,69.0,,77.0,,,,,,,,,76.0,,,,,,,89.0,66.0,,50.0,,,52.0,,,,,,,,,,46.0,20.0,66.0,
2023,610257,Morton School of Excellence,29.0,48.0,33.0,70.0,68.0,55.0,50.0,52.0,35.0,21.0,25.0,35.0,13.0,82.0,,30.0,40.0,,46.0,67.0,21.0,51.0,62.0,46.0,56.0,57.0,39.0,43.0,24.0,56.0,54.0,23.0,30.0,18.0,41.0,37.0,,46.0,34.0,36.0,33.0,34.0,32.0,48.0,51.0,44.0,62.0
2023,610263,John Foster Dulles Elementary School,61.0,53.0,33.0,38.0,45.0,27.0,8.0,82.0,62.0,44.0,1.0,65.0,4.0,46.0,,15.0,35.0,,48.0,32.0,78.0,52.0,40.0,63.0,37.0,1.0,46.0,72.0,86.0,54.0,72.0,9.0,6.0,32.0,16.0,25.0,,99.0,30.0,19.0,18.0,26.0,39.0,28.0,55.0,69.0,65.0
2023,610268,Arthur R Ashe Elementary School,61.0,74.0,59.0,62.0,61.0,51.0,41.0,28.0,44.0,36.0,37.0,55.0,32.0,70.0,,28.0,42.0,,36.0,45.0,63.0,44.0,60.0,63.0,24.0,33.0,67.0,66.0,74.0,52.0,63.0,34.0,18.0,39.0,42.0,42.0,,73.0,37.0,21.0,33.0,44.0,37.0,42.0,46.0,53.0,42.0
2023,610269,John T McCutcheon Elementary School,81.0,90.0,84.0,70.0,76.0,33.0,75.0,29.0,55.0,52.0,46.0,67.0,42.0,92.0,,57.0,55.0,,38.0,66.0,67.0,58.0,91.0,82.0,37.0,42.0,79.0,77.0,82.0,49.0,66.0,54.0,58.0,58.0,99.0,81.0,,94.0,71.0,44.0,71.0,73.0,51.0,51.0,54.0,71.0,53.0
2023,610271,Jensen Elementary Scholastic Academy,61.0,99.0,67.0,76.0,70.0,48.0,48.0,32.0,46.0,48.0,59.0,53.0,54.0,87.0,,49.0,50.0,,46.0,64.0,56.0,47.0,77.0,39.0,51.0,50.0,68.0,62.0,72.0,40.0,34.0,36.0,23.0,36.0,32.0,38.0,,29.0,31.0,29.0,24.0,46.0,44.0,34.0,50.0,50.0,40.0
2023,610274,James Weldon Johnson Elementary School,10.0,58.0,28.0,42.0,44.0,42.0,15.0,27.0,28.0,17.0,14.0,23.0,25.0,51.0,,21.0,34.0,,24.0,30.0,26.0,4.0,58.0,9.0,1.0,8.0,53.0,38.0,46.0,23.0,36.0,27.0,25.0,9.0,32.0,57.0,,47.0,44.0,1.0,30.0,34.0,16.0,18.0,1.0,10.0,43.0
2023,610276,Irvin C Mollison Elementary School,19.0,,,,,43.0,,32.0,32.0,26.0,,32.0,,,,,,,10.0,,37.0,29.0,,51.0,12.0,,,36.0,37.0,21.0,39.0,,,13.0,,,,45.0,,7.0,,,27.0,11.0,25.0,28.0,54.0
2023,610279,Henry O Tanner Elementary School,29.0,40.0,46.0,47.0,56.0,1.0,40.0,48.0,57.0,41.0,8.0,51.0,14.0,78.0,,14.0,20.0,,25.0,43.0,57.0,26.0,78.0,51.0,7.0,7.0,31.0,59.0,90.0,20.0,74.0,6.0,10.0,39.0,34.0,31.0,,90.0,10.0,11.0,18.0,26.0,34.0,17.0,21.0,52.0,69.0
2023,610281,Adam Clayton Powell Paideia Community Academy ES,19.0,57.0,37.0,45.0,42.0,15.0,20.0,29.0,34.0,30.0,30.0,42.0,13.0,35.0,,8.0,35.0,,20.0,50.0,42.0,31.0,51.0,40.0,20.0,1.0,54.0,55.0,49.0,35.0,31.0,29.0,6.0,25.0,23.0,37.0,,57.0,40.0,23.0,23.0,30.0,31.0,16.0,32.0,39.0,38.0
2023,610282,Ronald E McNair Elementary School,99.0,99.0,99.0,99.0,89.0,69.0,99.0,75.0,76.0,54.0,99.0,68.0,99.0,99.0,,82.0,71.0,,94.0,68.0,72.0,67.0,99.0,61.0,66.0,99.0,99.0,91.0,99.0,58.0,73.0,99.0,56.0,68.0,97.0,61.0,,99.0,84.0,52.0,88.0,86.0,45.0,54.0,75.0,64.0,83.0
2023,610284,New Field Elementary School,39.0,89.0,82.0,77.0,63.0,41.0,66.0,1.0,8.0,1.0,,28.0,,85.0,,41.0,,,1.0,,11.0,44.0,59.0,58.0,44.0,,22.0,42.0,17.0,29.0,1.0,40.0,59.0,1.0,98.0,,,22.0,98.0,33.0,59.0,56.0,41.0,9.0,31.0,17.0,18.0
2023,610287,Ashburn Community Elementary School,19.0,50.0,42.0,53.0,48.0,71.0,30.0,17.0,38.0,42.0,22.0,36.0,24.0,48.0,,24.0,44.0,,44.0,56.0,33.0,53.0,54.0,54.0,44.0,36.0,43.0,50.0,50.0,35.0,20.0,41.0,35.0,37.0,42.0,61.0,,82.0,37.0,46.0,35.0,39.0,32.0,67.0,60.0,28.0,45.0
2023,610290,Benjamin E Mays Elementary Academy,91.0,76.0,61.0,72.0,91.0,56.0,49.0,51.0,73.0,80.0,58.0,62.0,30.0,92.0,,53.0,33.0,,84.0,54.0,75.0,65.0,99.0,54.0,56.0,61.0,76.0,83.0,91.0,99.0,99.0,11.0,25.0,51.0,36.0,47.0,,97.0,34.0,67.0,39.0,50.0,44.0,47.0,84.0,47.0,90.0
2023,610291,Richard Henry Lee Elementary School,99.0,84.0,72.0,68.0,80.0,78.0,69.0,85.0,83.0,70.0,66.0,77.0,53.0,91.0,,24.0,60.0,,79.0,79.0,80.0,84.0,69.0,81.0,77.0,35.0,70.0,99.0,99.0,93.0,93.0,46.0,48.0,71.0,75.0,60.0,,99.0,78.0,76.0,62.0,63.0,55.0,72.0,95.0,72.0,88.0
2023,610293,Genevieve Melody Elementary School,99.0,99.0,85.0,89.0,75.0,35.0,61.0,66.0,70.0,61.0,85.0,71.0,72.0,77.0,,41.0,55.0,,81.0,84.0,80.0,63.0,87.0,78.0,55.0,77.0,95.0,86.0,83.0,48.0,73.0,65.0,22.0,61.0,67.0,65.0,,99.0,66.0,25.0,48.0,63.0,51.0,42.0,56.0,67.0,77.0
2023,610295,Thomas J Higgins Elementary Community Academy,39.0,46.0,39.0,65.0,59.0,1.0,44.0,34.0,47.0,44.0,43.0,56.0,26.0,90.0,,18.0,43.0,,45.0,78.0,62.0,43.0,55.0,59.0,30.0,47.0,49.0,71.0,73.0,27.0,80.0,1.0,22.0,30.0,37.0,49.0,,97.0,24.0,8.0,21.0,33.0,41.0,26.0,39.0,49.0,52.0
2023,610298,Lenart Elementary Regional Gifted Center,39.0,27.0,27.0,64.0,58.0,,50.0,1.0,28.0,16.0,28.0,50.0,12.0,45.0,,1.0,44.0,,22.0,60.0,52.0,64.0,64.0,41.0,80.0,19.0,55.0,60.0,68.0,,26.0,38.0,32.0,30.0,50.0,67.0,,6.0,31.0,,35.0,37.0,48.0,62.0,70.0,41.0,27.0
2023,610299,Dr. Martin L. King Jr Academy of Social Justice,29.0,61.0,38.0,42.0,54.0,5.0,26.0,71.0,48.0,39.0,46.0,45.0,17.0,64.0,,1.0,43.0,,44.0,57.0,45.0,33.0,59.0,59.0,11.0,23.0,59.0,55.0,72.0,52.0,92.0,23.0,14.0,23.0,44.0,25.0,,80.0,42.0,4.0,35.0,37.0,29.0,25.0,29.0,49.0,34.0
2023,610300,Oliver S Westcott Elementary School,39.0,53.0,38.0,42.0,51.0,13.0,23.0,37.0,41.0,36.0,14.0,47.0,22.0,58.0,,26.0,35.0,,33.0,20.0,47.0,42.0,58.0,48.0,34.0,21.0,39.0,46.0,55.0,46.0,46.0,14.0,15.0,42.0,25.0,33.0,,75.0,19.0,12.0,22.0,29.0,28.0,23.0,45.0,66.0,36.0
2023,610304,Phoenix Military Academy High School,71.0,99.0,75.0,63.0,75.0,62.0,52.0,48.0,55.0,53.0,67.0,50.0,65.0,84.0,59.0,18.0,49.0,44.0,39.0,75.0,55.0,63.0,93.0,63.0,71.0,19.0,,70.0,72.0,59.0,26.0,71.0,32.0,47.0,86.0,47.0,64.0,80.0,76.0,48.0,81.0,59.0,37.0,67.0,55.0,38.0,54.0
2023,610305,George Leland Elementary School,1.0,46.0,34.0,24.0,24.0,21.0,1.0,4.0,13.0,1.0,29.0,13.0,12.0,30.0,,1.0,19.0,,1.0,45.0,1.0,11.0,31.0,14.0,1.0,1.0,30.0,30.0,17.0,12.0,18.0,12.0,1.0,1.0,1.0,29.0,,37.0,28.0,8.0,12.0,19.0,15.0,1.0,18.0,6.0,41.0
2023,610312,Mary E McDowell Elementary School,99.0,99.0,99.0,99.0,99.0,94.0,99.0,35.0,73.0,81.0,,74.0,,99.0,,69.0,,,87.0,,99.0,62.0,99.0,99.0,50.0,,99.0,99.0,99.0,99.0,66.0,99.0,81.0,62.0,99.0,,,99.0,96.0,37.0,86.0,91.0,49.0,75.0,37.0,48.0,89.0
2023,610313,Jose De Diego Elementary Community Academy,39.0,23.0,17.0,18.0,34.0,16.0,1.0,49.0,52.0,37.0,1.0,62.0,2.0,46.0,,1.0,34.0,,56.0,66.0,62.0,48.0,25.0,57.0,35.0,3.0,13.0,78.0,77.0,46.0,44.0,1.0,19.0,30.0,17.0,48.0,,99.0,29.0,20.0,20.0,17.0,47.0,21.0,52.0,59.0,69.0
2023,610315,Edward White Elementary Career Academy,39.0,63.0,55.0,51.0,58.0,34.0,45.0,42.0,47.0,39.0,6.0,54.0,1.0,77.0,,18.0,47.0,,17.0,55.0,61.0,37.0,61.0,34.0,41.0,2.0,52.0,78.0,70.0,43.0,58.0,26.0,20.0,41.0,61.0,45.0,,14.0,33.0,35.0,50.0,44.0,28.0,37.0,36.0,48.0,42.0
2023,610316,Amelia Earhart Options for Knowledge ES,50.0,61.0,38.0,60.0,71.0,,33.0,1.0,53.0,66.0,47.0,42.0,20.0,79.0,,16.0,47.0,,51.0,53.0,44.0,50.0,75.0,46.0,48.0,21.0,60.0,49.0,76.0,,3.0,33.0,10.0,42.0,24.0,45.0,,1.0,31.0,,28.0,34.0,36.0,65.0,55.0,37.0,79.0
2023,610317,Brighton Park Elementary School,50.0,75.0,68.0,48.0,63.0,80.0,47.0,44.0,35.0,18.0,48.0,44.0,28.0,86.0,,1.0,53.0,,1.0,75.0,41.0,52.0,82.0,60.0,49.0,4.0,64.0,52.0,55.0,34.0,15.0,38.0,38.0,47.0,72.0,56.0,,47.0,66.0,52.0,50.0,55.0,44.0,55.0,46.0,38.0,10.0
2023,610319,Evergreen Academy Middle School,99.0,73.0,66.0,80.0,85.0,78.0,35.0,68.0,80.0,91.0,47.0,81.0,40.0,99.0,,1.0,49.0,,61.0,58.0,86.0,78.0,84.0,96.0,48.0,1.0,61.0,98.0,99.0,75.0,69.0,14.0,44.0,73.0,63.0,58.0,,94.0,60.0,61.0,68.0,60.0,70.0,64.0,90.0,70.0,69.0
2023,610323,Bowen High School,29.0,99.0,76.0,57.0,55.0,30.0,34.0,52.0,41.0,26.0,57.0,44.0,11.0,72.0,39.0,1.0,34.0,31.0,27.0,46.0,29.0,35.0,59.0,59.0,21.0,1.0,,62.0,63.0,30.0,61.0,61.0,13.0,31.0,51.0,46.0,51.0,82.0,50.0,35.0,54.0,39.0,35.0,33.0,24.0,48.0,35.0
2023,610325,Avondale-Logandale Elementary School,81.0,60.0,54.0,59.0,66.0,63.0,42.0,59.0,61.0,48.0,10.0,56.0,9.0,74.0,,1.0,42.0,,36.0,57.0,59.0,63.0,59.0,71.0,62.0,1.0,69.0,60.0,80.0,71.0,53.0,29.0,37.0,67.0,55.0,51.0,,74.0,62.0,49.0,51.0,53.0,45.0,60.0,57.0,59.0,53.0
2023,610329,Orozco Fine Arts & Sciences Elementary School,81.0,66.0,58.0,89.0,67.0,38.0,67.0,42.0,49.0,47.0,98.0,48.0,90.0,68.0,,17.0,70.0,,32.0,85.0,51.0,62.0,57.0,37.0,63.0,62.0,64.0,58.0,74.0,52.0,46.0,57.0,64.0,42.0,96.0,96.0,,77.0,88.0,83.0,66.0,63.0,42.0,60.0,87.0,40.0,41.0
2023,610334,Al Raby High School,19.0,99.0,67.0,56.0,52.0,3.0,43.0,29.0,29.0,21.0,41.0,19.0,14.0,61.0,43.0,38.0,38.0,37.0,19.0,74.0,7.0,19.0,88.0,26.0,9.0,19.0,,21.0,55.0,1.0,12.0,59.0,21.0,1.0,66.0,41.0,64.0,76.0,47.0,27.0,62.0,48.0,33.0,25.0,22.0,14.0,38.0
2023,610339,Amos Alonzo Stagg Elementary School,50.0,60.0,54.0,58.0,59.0,,35.0,,,,31.0,,13.0,63.0,,36.0,27.0,,,30.0,,,55.0,,,32.0,51.0,,,,,36.0,20.0,,47.0,30.0,,,36.0,,41.0,42.0,,,,,
2023,610340,Chicago Academy High School,71.0,94.0,98.0,83.0,80.0,52.0,68.0,50.0,41.0,43.0,93.0,55.0,59.0,99.0,57.0,6.0,64.0,50.0,47.0,72.0,56.0,45.0,99.0,40.0,41.0,38.0,,57.0,53.0,37.0,49.0,65.0,43.0,44.0,88.0,71.0,88.0,89.0,99.0,53.0,99.0,72.0,40.0,63.0,55.0,65.0,16.0
2023,610342,Albert R Sabin Elementary Magnet School,19.0,62.0,46.0,70.0,44.0,1.0,35.0,31.0,26.0,18.0,34.0,31.0,10.0,52.0,,1.0,36.0,,12.0,57.0,29.0,46.0,49.0,49.0,48.0,1.0,47.0,39.0,38.0,4.0,27.0,11.0,23.0,22.0,31.0,28.0,,50.0,37.0,11.0,29.0,36.0,31.0,27.0,42.0,25.0,23.0
2023,610345,Carter G Woodson South Elementary School,71.0,93.0,84.0,80.0,71.0,57.0,70.0,55.0,64.0,44.0,80.0,54.0,36.0,77.0,,40.0,47.0,,46.0,30.0,58.0,58.0,77.0,44.0,54.0,24.0,74.0,55.0,88.0,49.0,89.0,52.0,27.0,53.0,43.0,41.0,,85.0,43.0,39.0,39.0,56.0,41.0,42.0,76.0,60.0,80.0
2023,610347,Claremont Academy Elementary School,71.0,99.0,99.0,99.0,91.0,47.0,99.0,44.0,53.0,39.0,99.0,56.0,99.0,99.0,,99.0,99.0,,40.0,99.0,66.0,57.0,99.0,70.0,53.0,99.0,99.0,66.0,87.0,67.0,61.0,99.0,99.0,55.0,99.0,99.0,,86.0,99.0,51.0,99.0,99.0,43.0,45.0,48.0,47.0,42.0
2023,610350,Robert A Black Magnet Elementary School,81.0,,,,,79.0,,99.0,75.0,71.0,,66.0,,,,,,,70.0,,74.0,77.0,,74.0,82.0,,,77.0,90.0,99.0,88.0,,,62.0,,,,99.0,,77.0,,,50.0,69.0,75.0,62.0,55.0
2023,610352,Durkin Park Elementary School,50.0,61.0,45.0,55.0,59.0,46.0,48.0,63.0,58.0,47.0,37.0,58.0,21.0,64.0,,9.0,54.0,,41.0,44.0,57.0,57.0,62.0,53.0,55.0,16.0,58.0,74.0,63.0,55.0,48.0,32.0,33.0,60.0,53.0,55.0,,63.0,63.0,47.0,47.0,46.0,42.0,53.0,63.0,59.0,59.0
2023,610353,Calmeca Academy of Fine Arts and Dual Language,71.0,53.0,39.0,37.0,52.0,48.0,33.0,41.0,58.0,52.0,15.0,63.0,22.0,55.0,,1.0,42.0,,61.0,73.0,60.0,62.0,54.0,56.0,58.0,14.0,62.0,66.0,70.0,61.0,47.0,22.0,35.0,76.0,55.0,50.0,,80.0,66.0,50.0,48.0,46.0,55.0,56.0,71.0,71.0,51.0
2023,610354,North River Elementary School,99.0,77.0,69.0,72.0,87.0,91.0,59.0,48.0,72.0,69.0,49.0,66.0,32.0,88.0,,18.0,43.0,,84.0,48.0,71.0,80.0,89.0,68.0,72.0,1.0,95.0,71.0,93.0,99.0,68.0,51.0,38.0,78.0,57.0,71.0,,93.0,64.0,79.0,55.0,64.0,54.0,87.0,99.0,68.0,72.0
2023,610355,Mary E Courtenay Elementary Language Arts Center,71.0,82.0,85.0,72.0,65.0,39.0,77.0,14.0,48.0,41.0,47.0,55.0,18.0,85.0,,23.0,43.0,,59.0,83.0,63.0,59.0,81.0,56.0,61.0,1.0,62.0,68.0,70.0,20.0,37.0,11.0,39.0,49.0,68.0,48.0,,51.0,57.0,23.0,53.0,60.0,47.0,51.0,60.0,41.0,64.0
2023,610357,Spry Community Links High School,50.0,80.0,67.0,46.0,46.0,50.0,24.0,72.0,70.0,61.0,48.0,58.0,19.0,45.0,45.0,1.0,55.0,41.0,73.0,68.0,56.0,38.0,46.0,53.0,29.0,15.0,,67.0,75.0,46.0,73.0,37.0,22.0,45.0,73.0,61.0,76.0,99.0,75.0,47.0,94.0,59.0,55.0,38.0,32.0,55.0,99.0
2023,610362,Medgar Evers Elementary School,61.0,41.0,32.0,58.0,58.0,11.0,38.0,86.0,65.0,44.0,46.0,65.0,35.0,69.0,,21.0,48.0,,47.0,56.0,74.0,42.0,63.0,50.0,41.0,15.0,43.0,72.0,75.0,43.0,70.0,11.0,30.0,48.0,40.0,58.0,,99.0,28.0,26.0,22.0,32.0,45.0,33.0,34.0,68.0,70.0
2023,610363,Walt Disney Magnet Elementary School,39.0,60.0,37.0,68.0,62.0,37.0,53.0,21.0,18.0,6.0,30.0,34.0,34.0,67.0,,24.0,46.0,,1.0,70.0,32.0,44.0,67.0,45.0,48.0,11.0,59.0,36.0,30.0,46.0,41.0,41.0,34.0,12.0,53.0,35.0,,68.0,43.0,30.0,40.0,43.0,34.0,14.0,40.0,34.0,22.0
2023,610364,William E B Dubois Elementary School,29.0,62.0,40.0,64.0,50.0,1.0,32.0,46.0,29.0,16.0,26.0,49.0,33.0,68.0,,20.0,54.0,,5.0,56.0,47.0,31.0,67.0,55.0,14.0,21.0,73.0,61.0,49.0,1.0,40.0,39.0,22.0,26.0,52.0,47.0,,60.0,55.0,1.0,28.0,41.0,32.0,19.0,23.0,56.0,8.0
2023,610366,Charles H Wacker Elementary School,99.0,99.0,99.0,99.0,99.0,72.0,99.0,74.0,73.0,74.0,99.0,68.0,82.0,99.0,,85.0,85.0,,81.0,78.0,76.0,76.0,99.0,68.0,70.0,97.0,99.0,87.0,80.0,99.0,88.0,62.0,65.0,62.0,99.0,90.0,,78.0,87.0,77.0,66.0,82.0,54.0,76.0,91.0,53.0,77.0
2023,610367,Oscar DePriest Elementary School,19.0,52.0,42.0,46.0,48.0,1.0,16.0,45.0,34.0,18.0,6.0,40.0,1.0,59.0,,1.0,24.0,,8.0,51.0,41.0,32.0,53.0,54.0,16.0,1.0,44.0,38.0,46.0,32.0,40.0,15.0,13.0,29.0,28.0,27.0,,73.0,22.0,1.0,22.0,30.0,39.0,15.0,27.0,41.0,30.0
2023,610368,Langston Hughes Elementary School,29.0,59.0,37.0,52.0,50.0,11.0,19.0,38.0,39.0,36.0,4.0,45.0,15.0,63.0,,27.0,24.0,,40.0,39.0,53.0,43.0,63.0,51.0,40.0,16.0,45.0,51.0,61.0,23.0,58.0,24.0,11.0,24.0,33.0,31.0,,66.0,24.0,1.0,21.0,29.0,37.0,11.0,38.0,37.0,35.0
2023,610369,Mahalia Jackson Elementary School,39.0,55.0,45.0,60.0,50.0,31.0,25.0,43.0,48.0,49.0,17.0,51.0,13.0,64.0,,8.0,27.0,,42.0,55.0,57.0,56.0,54.0,57.0,52.0,6.0,70.0,65.0,73.0,21.0,54.0,22.0,19.0,45.0,26.0,39.0,,79.0,20.0,10.0,18.0,38.0,31.0,44.0,60.0,50.0,32.0
2023,610380,Daniel Hale Williams Prep School of Medicine,81.0,99.0,90.0,84.0,77.0,37.0,58.0,68.0,66.0,97.0,93.0,46.0,44.0,89.0,86.0,13.0,43.0,60.0,88.0,71.0,81.0,53.0,88.0,73.0,45.0,38.0,,62.0,78.0,47.0,89.0,84.0,28.0,25.0,88.0,48.0,77.0,95.0,61.0,43.0,79.0,68.0,17.0,63.0,40.0,25.0,63.0
2023,610381,Bronzeville Scholastic Academy High School,61.0,99.0,72.0,62.0,78.0,61.0,66.0,47.0,54.0,37.0,93.0,59.0,21.0,98.0,45.0,20.0,47.0,43.0,33.0,65.0,62.0,57.0,99.0,65.0,33.0,7.0,,79.0,92.0,51.0,38.0,93.0,33.0,41.0,56.0,50.0,65.0,53.0,73.0,51.0,41.0,46.0,40.0,72.0,74.0,53.0,53.0
2023,610383,Greater Lawndale High School For Social Justice,29.0,,,,,47.0,,57.0,41.0,36.0,,24.0,,,41.0,,,,23.0,,27.0,33.0,,45.0,40.0,,,24.0,39.0,12.0,68.0,,,31.0,,,,75.0,,43.0,,,32.0,40.0,13.0,14.0,43.0
2023,610384,Infinity Math Science and Technology High School,50.0,80.0,60.0,36.0,49.0,70.0,42.0,42.0,48.0,51.0,57.0,55.0,38.0,48.0,55.0,1.0,39.0,32.0,31.0,72.0,41.0,55.0,70.0,57.0,49.0,14.0,,67.0,49.0,40.0,64.0,41.0,18.0,50.0,68.0,52.0,60.0,87.0,91.0,62.0,92.0,56.0,44.0,66.0,58.0,66.0,47.0
2023,610385,Multicultural Arts High School,61.0,74.0,50.0,37.0,54.0,58.0,28.0,61.0,70.0,58.0,49.0,56.0,12.0,67.0,39.0,1.0,42.0,9.0,79.0,57.0,63.0,46.0,59.0,48.0,37.0,1.0,,60.0,86.0,54.0,94.0,31.0,15.0,61.0,44.0,46.0,52.0,99.0,67.0,50.0,76.0,46.0,44.0,48.0,54.0,56.0,85.0
2023,610386,Peace & Education Coalition HS,61.0,99.0,82.0,48.0,62.0,37.0,56.0,48.0,64.0,71.0,62.0,49.0,29.0,94.0,21.0,9.0,46.0,37.0,89.0,87.0,47.0,10.0,81.0,17.0,1.0,1.0,,88.0,65.0,23.0,88.0,56.0,30.0,40.0,79.0,59.0,68.0,98.0,85.0,34.0,85.0,51.0,28.0,39.0,12.0,33.0,95.0
2023,610389,Orr Academy High School,91.0,99.0,78.0,76.0,77.0,63.0,45.0,75.0,66.0,59.0,70.0,73.0,42.0,72.0,62.0,32.0,43.0,25.0,48.0,66.0,88.0,69.0,92.0,92.0,65.0,35.0,,99.0,99.0,68.0,74.0,50.0,20.0,34.0,58.0,37.0,62.0,91.0,52.0,52.0,51.0,49.0,40.0,39.0,49.0,64.0,62.0
2023,610390,Hyman G Rickover Naval Academy High School,71.0,82.0,70.0,52.0,52.0,57.0,33.0,53.0,55.0,52.0,57.0,58.0,44.0,60.0,68.0,24.0,55.0,31.0,38.0,58.0,71.0,82.0,51.0,92.0,79.0,42.0,,79.0,72.0,43.0,51.0,46.0,39.0,57.0,72.0,68.0,67.0,99.0,88.0,59.0,81.0,64.0,40.0,64.0,75.0,40.0,43.0
2023,610391,Robert Lindblom Math & Science Academy HS,71.0,75.0,67.0,68.0,74.0,74.0,55.0,59.0,45.0,53.0,80.0,24.0,39.0,78.0,93.0,3.0,32.0,19.0,55.0,65.0,1.0,68.0,83.0,53.0,68.0,28.0,,62.0,1.0,67.0,44.0,49.0,26.0,34.0,61.0,65.0,62.0,99.0,86.0,63.0,72.0,63.0,32.0,68.0,84.0,1.0,80.0
2023,610392,World Language Academy High School,29.0,99.0,73.0,44.0,51.0,70.0,46.0,28.0,26.0,24.0,72.0,51.0,32.0,68.0,32.0,1.0,39.0,29.0,1.0,61.0,27.0,34.0,58.0,42.0,19.0,1.0,,57.0,47.0,35.0,39.0,42.0,19.0,30.0,60.0,47.0,62.0,1.0,81.0,70.0,87.0,50.0,56.0,63.0,41.0,63.0,1.0
2023,610394,Uplift Community High School,71.0,99.0,99.0,84.0,84.0,57.0,76.0,54.0,48.0,35.0,96.0,47.0,46.0,97.0,40.0,3.0,59.0,71.0,41.0,58.0,53.0,53.0,99.0,62.0,41.0,64.0,,65.0,62.0,54.0,39.0,77.0,32.0,41.0,74.0,47.0,88.0,93.0,54.0,58.0,87.0,62.0,23.0,57.0,56.0,46.0,49.0
2023,610396,Tarkington School of Excellence ES,1.0,40.0,26.0,25.0,33.0,18.0,9.0,1.0,10.0,3.0,1.0,5.0,4.0,52.0,,1.0,39.0,,7.0,48.0,1.0,32.0,32.0,16.0,40.0,1.0,37.0,10.0,1.0,22.0,20.0,1.0,17.0,1.0,26.0,33.0,,41.0,38.0,17.0,30.0,28.0,8.0,1.0,39.0,1.0,45.0
2023,610402,DeVry University Advantage Academy HS,71.0,99.0,81.0,71.0,52.0,,75.0,,58.0,42.0,75.0,66.0,83.0,56.0,,31.0,53.0,32.0,67.0,60.0,64.0,,29.0,77.0,,34.0,,99.0,88.0,,49.0,88.0,47.0,35.0,88.0,79.0,86.0,47.0,99.0,,99.0,77.0,54.0,83.0,,47.0,67.0
2023,610405,Suder Montessori Magnet ES,29.0,56.0,47.0,47.0,45.0,17.0,35.0,40.0,31.0,16.0,20.0,35.0,13.0,51.0,,14.0,45.0,,21.0,60.0,38.0,61.0,56.0,58.0,69.0,13.0,36.0,35.0,47.0,24.0,23.0,14.0,18.0,28.0,47.0,42.0,,61.0,29.0,34.0,26.0,32.0,43.0,31.0,56.0,23.0,26.0
2023,610499,Collins Academy High School,81.0,99.0,88.0,78.0,83.0,68.0,52.0,86.0,76.0,75.0,62.0,67.0,62.0,90.0,65.0,20.0,49.0,25.0,67.0,68.0,72.0,51.0,76.0,58.0,30.0,16.0,,82.0,79.0,89.0,84.0,67.0,35.0,59.0,78.0,56.0,66.0,83.0,80.0,58.0,62.0,57.0,47.0,79.0,66.0,66.0,80.0
2023,610503,Frazier Prospective IB Magnet ES,29.0,82.0,80.0,83.0,66.0,1.0,30.0,7.0,25.0,18.0,70.0,29.0,51.0,96.0,,14.0,42.0,,1.0,60.0,22.0,13.0,82.0,23.0,1.0,36.0,50.0,37.0,38.0,1.0,26.0,38.0,32.0,27.0,62.0,67.0,,43.0,51.0,1.0,31.0,48.0,29.0,26.0,15.0,28.0,34.0
2023,610513,Air Force Academy High School,50.0,99.0,79.0,76.0,64.0,64.0,54.0,37.0,42.0,55.0,66.0,39.0,76.0,83.0,49.0,37.0,37.0,50.0,45.0,70.0,46.0,44.0,62.0,56.0,33.0,23.0,,53.0,53.0,34.0,35.0,82.0,29.0,21.0,76.0,57.0,67.0,95.0,67.0,47.0,67.0,53.0,27.0,59.0,42.0,30.0,42.0
2023,610515,Disney II Magnet School,61.0,30.0,14.0,39.0,40.0,30.0,22.0,51.0,60.0,56.0,1.0,52.0,10.0,36.0,,18.0,40.0,,49.0,44.0,40.0,65.0,55.0,49.0,68.0,1.0,50.0,61.0,66.0,29.0,64.0,34.0,31.0,59.0,35.0,39.0,,61.0,44.0,32.0,40.0,34.0,41.0,54.0,77.0,66.0,69.0
2023,610518,Austin College and Career Academy High School,50.0,99.0,64.0,43.0,52.0,17.0,27.0,60.0,50.0,32.0,60.0,58.0,25.0,74.0,39.0,26.0,43.0,31.0,33.0,71.0,52.0,40.0,88.0,74.0,19.0,19.0,,66.0,58.0,1.0,81.0,67.0,20.0,34.0,67.0,41.0,52.0,82.0,60.0,22.0,57.0,42.0,49.0,29.0,26.0,65.0,64.0
2023,610520,LaSalle II Magnet Elementary School,91.0,46.0,34.0,48.0,61.0,66.0,41.0,43.0,60.0,48.0,3.0,71.0,25.0,67.0,,32.0,56.0,,38.0,55.0,69.0,73.0,58.0,71.0,69.0,23.0,47.0,81.0,78.0,71.0,37.0,51.0,43.0,74.0,61.0,57.0,,67.0,51.0,73.0,37.0,40.0,54.0,59.0,79.0,81.0,55.0
2023,610521,Sir Miles Davis Magnet Elementary Academy,39.0,60.0,75.0,74.0,76.0,54.0,62.0,1.0,25.0,27.0,14.0,37.0,41.0,75.0,,22.0,38.0,,42.0,66.0,38.0,42.0,79.0,31.0,39.0,27.0,61.0,53.0,47.0,77.0,5.0,35.0,31.0,26.0,44.0,62.0,,57.0,62.0,47.0,43.0,53.0,28.0,46.0,57.0,29.0,25.0
2023,610523,Edison Park Elementary School,81.0,51.0,54.0,67.0,74.0,50.0,80.0,59.0,46.0,27.0,57.0,51.0,71.0,78.0,,46.0,91.0,,36.0,76.0,50.0,72.0,77.0,66.0,79.0,75.0,66.0,51.0,70.0,75.0,44.0,48.0,69.0,43.0,95.0,95.0,,70.0,80.0,59.0,64.0,63.0,57.0,67.0,71.0,47.0,29.0
2023,610524,Louisa May Alcott College Preparatory HS,91.0,72.0,61.0,53.0,57.0,49.0,40.0,60.0,60.0,49.0,47.0,69.0,23.0,73.0,72.0,1.0,55.0,16.0,63.0,77.0,60.0,63.0,67.0,75.0,59.0,31.0,,90.0,62.0,34.0,65.0,35.0,29.0,61.0,55.0,59.0,59.0,99.0,80.0,58.0,82.0,61.0,54.0,68.0,56.0,73.0,67.0
2023,610529,Ogden International High School,99.0,99.0,78.0,68.0,70.0,56.0,56.0,66.0,68.0,57.0,87.0,60.0,48.0,79.0,70.0,24.0,54.0,43.0,52.0,74.0,54.0,60.0,79.0,68.0,52.0,39.0,,88.0,86.0,55.0,56.0,78.0,31.0,61.0,77.0,58.0,72.0,99.0,82.0,55.0,86.0,65.0,50.0,57.0,59.0,48.0,69.0
2023,610530,South Shore Fine Arts Academy,99.0,99.0,90.0,99.0,91.0,62.0,99.0,72.0,70.0,49.0,85.0,61.0,56.0,92.0,,44.0,58.0,,70.0,70.0,67.0,63.0,99.0,62.0,52.0,46.0,99.0,83.0,99.0,74.0,58.0,69.0,53.0,51.0,64.0,75.0,,90.0,56.0,52.0,45.0,72.0,46.0,39.0,75.0,49.0,78.0
2023,610532,Irene C. Hernandez Middle School for the Advancement of Science,81.0,52.0,44.0,21.0,61.0,62.0,15.0,77.0,70.0,59.0,19.0,67.0,17.0,60.0,,1.0,35.0,,60.0,68.0,80.0,60.0,88.0,90.0,33.0,1.0,28.0,81.0,89.0,75.0,70.0,1.0,7.0,54.0,35.0,40.0,,99.0,32.0,51.0,42.0,30.0,63.0,48.0,56.0,43.0,72.0
2023,610533,Dr Jorge Prieto Math and Science,91.0,82.0,59.0,56.0,69.0,64.0,50.0,70.0,64.0,49.0,33.0,66.0,30.0,88.0,,3.0,55.0,,40.0,70.0,60.0,71.0,64.0,65.0,68.0,11.0,66.0,73.0,78.0,69.0,71.0,24.0,38.0,58.0,63.0,52.0,,74.0,58.0,66.0,53.0,54.0,58.0,57.0,80.0,72.0,64.0
2023,610534,Skinner North,91.0,47.0,41.0,63.0,74.0,63.0,67.0,74.0,68.0,55.0,47.0,65.0,42.0,63.0,,27.0,66.0,,56.0,66.0,66.0,86.0,86.0,79.0,80.0,27.0,57.0,57.0,82.0,83.0,56.0,45.0,53.0,51.0,78.0,79.0,,99.0,66.0,94.0,46.0,49.0,57.0,54.0,99.0,80.0,80.0
2023,610539,Marvin Camras Elementary School,39.0,38.0,29.0,31.0,42.0,30.0,27.0,47.0,41.0,27.0,1.0,41.0,10.0,44.0,,1.0,38.0,,40.0,50.0,41.0,44.0,48.0,44.0,53.0,1.0,42.0,44.0,47.0,44.0,39.0,7.0,29.0,38.0,41.0,40.0,,36.0,50.0,36.0,40.0,35.0,40.0,43.0,35.0,39.0,46.0
2023,610541,Federico Garcia Lorca Elementary School,61.0,62.0,42.0,50.0,55.0,65.0,37.0,29.0,41.0,32.0,43.0,48.0,32.0,63.0,,1.0,49.0,,33.0,65.0,51.0,62.0,56.0,65.0,56.0,1.0,62.0,56.0,46.0,51.0,49.0,28.0,38.0,46.0,51.0,57.0,,83.0,60.0,44.0,46.0,47.0,47.0,55.0,64.0,38.0,51.0
2023,610542,West Ridge Elementary School,29.0,43.0,27.0,33.0,44.0,48.0,11.0,53.0,41.0,20.0,7.0,37.0,4.0,57.0,,1.0,31.0,,13.0,56.0,21.0,40.0,52.0,35.0,41.0,1.0,36.0,58.0,51.0,34.0,32.0,23.0,14.0,44.0,20.0,30.0,,42.0,40.0,38.0,20.0,24.0,35.0,35.0,44.0,34.0,36.0
2023,610543,Eric Solorio Academy High School,91.0,91.0,68.0,63.0,67.0,71.0,49.0,94.0,66.0,51.0,62.0,63.0,36.0,68.0,57.0,1.0,46.0,34.0,52.0,66.0,75.0,61.0,83.0,71.0,51.0,3.0,,69.0,78.0,52.0,71.0,38.0,26.0,53.0,67.0,50.0,65.0,99.0,75.0,64.0,79.0,57.0,50.0,59.0,62.0,59.0,56.0
2023,610544,Mariano Azuela Elementary School,50.0,48.0,39.0,37.0,54.0,40.0,36.0,49.0,47.0,51.0,15.0,41.0,27.0,53.0,,7.0,49.0,,68.0,60.0,52.0,64.0,66.0,65.0,58.0,4.0,53.0,49.0,59.0,58.0,58.0,30.0,27.0,29.0,42.0,39.0,,66.0,56.0,39.0,37.0,39.0,28.0,51.0,70.0,35.0,48.0
2023,610547,South Shore Intl College Prep High School,50.0,82.0,68.0,68.0,71.0,49.0,49.0,44.0,29.0,22.0,68.0,44.0,29.0,84.0,51.0,1.0,27.0,25.0,1.0,64.0,37.0,50.0,81.0,54.0,54.0,45.0,,45.0,42.0,52.0,29.0,54.0,18.0,29.0,50.0,49.0,70.0,38.0,59.0,46.0,46.0,46.0,36.0,52.0,42.0,56.0,8.0
2023,610548,STEM Magnet Academy,29.0,51.0,32.0,68.0,56.0,76.0,49.0,9.0,20.0,16.0,55.0,27.0,25.0,42.0,,20.0,60.0,,10.0,67.0,1.0,56.0,68.0,22.0,78.0,15.0,59.0,45.0,1.0,44.0,1.0,60.0,54.0,43.0,62.0,75.0,,10.0,71.0,71.0,47.0,48.0,45.0,79.0,68.0,16.0,33.0
2023,610557,Pathways in Education - Ashburn,71.0,99.0,99.0,50.0,52.0,57.0,56.0,45.0,72.0,73.0,79.0,58.0,55.0,51.0,28.0,31.0,55.0,59.0,39.0,52.0,75.0,53.0,60.0,42.0,55.0,46.0,,86.0,95.0,46.0,74.0,80.0,54.0,62.0,77.0,75.0,85.0,99.0,99.0,45.0,99.0,67.0,22.0,74.0,61.0,50.0,86.0
2023,610558,Sarah E. Goode STEM Academy,50.0,90.0,76.0,49.0,51.0,39.0,41.0,73.0,51.0,30.0,61.0,54.0,22.0,64.0,51.0,1.0,42.0,21.0,30.0,77.0,66.0,52.0,52.0,51.0,41.0,14.0,,59.0,59.0,40.0,73.0,34.0,18.0,47.0,52.0,45.0,64.0,67.0,60.0,43.0,66.0,50.0,31.0,42.0,65.0,59.0,48.0
2023,610559,James Shields Middle School,71.0,51.0,43.0,33.0,55.0,33.0,16.0,73.0,79.0,79.0,9.0,77.0,1.0,63.0,,1.0,22.0,,75.0,64.0,91.0,65.0,73.0,88.0,44.0,1.0,28.0,94.0,94.0,52.0,99.0,1.0,6.0,51.0,24.0,49.0,,99.0,27.0,31.0,40.0,29.0,64.0,23.0,62.0,58.0,99.0
2023,610561,Richard T Crane Medical Preparatory HS,29.0,88.0,73.0,67.0,55.0,7.0,50.0,45.0,34.0,14.0,61.0,41.0,53.0,71.0,48.0,25.0,31.0,37.0,1.0,74.0,40.0,18.0,79.0,49.0,1.0,21.0,,56.0,51.0,1.0,25.0,42.0,18.0,18.0,63.0,44.0,60.0,51.0,50.0,17.0,52.0,45.0,21.0,34.0,4.0,48.0,42.0
2023,610563,Back of the Yards IB HS,81.0,99.0,92.0,69.0,75.0,55.0,63.0,67.0,49.0,41.0,87.0,47.0,45.0,94.0,58.0,3.0,42.0,45.0,40.0,77.0,51.0,62.0,89.0,67.0,52.0,22.0,,68.0,52.0,48.0,74.0,58.0,24.0,36.0,73.0,52.0,75.0,83.0,94.0,54.0,93.0,63.0,35.0,44.0,67.0,34.0,51.0
2023,610564,Disney II Magnet High School,91.0,81.0,71.0,55.0,69.0,63.0,50.0,84.0,63.0,47.0,60.0,72.0,23.0,76.0,70.0,1.0,51.0,15.0,47.0,61.0,67.0,75.0,69.0,92.0,67.0,18.0,,86.0,68.0,76.0,63.0,35.0,27.0,57.0,55.0,52.0,54.0,76.0,67.0,55.0,74.0,56.0,47.0,57.0,65.0,87.0,61.0
2023,610565,Excel Academy of Englewood,50.0,99.0,67.0,54.0,52.0,9.0,32.0,,72.0,85.0,49.0,42.0,32.0,49.0,,44.0,43.0,1.0,74.0,61.0,54.0,47.0,75.0,68.0,,21.0,,65.0,89.0,31.0,72.0,67.0,21.0,49.0,57.0,48.0,33.0,47.0,54.0,40.0,39.0,31.0,14.0,40.0,26.0,33.0,63.0
2023,610568,Pathways in Education - Avondale,71.0,99.0,94.0,49.0,52.0,71.0,48.0,44.0,60.0,61.0,76.0,42.0,45.0,55.0,26.0,7.0,55.0,36.0,39.0,53.0,55.0,45.0,66.0,42.0,,8.0,,48.0,74.0,39.0,64.0,72.0,49.0,50.0,79.0,80.0,79.0,99.0,99.0,27.0,99.0,63.0,21.0,67.0,47.0,43.0,69.0
2023,610569,Ombudsman Chicago - Northwest,91.0,99.0,99.0,81.0,76.0,,54.0,,66.0,58.0,80.0,65.0,63.0,78.0,,25.0,66.0,48.0,46.0,75.0,74.0,,68.0,65.0,,52.0,,90.0,99.0,,79.0,82.0,59.0,26.0,99.0,73.0,89.0,88.0,99.0,,99.0,82.0,35.0,61.0,,62.0,79.0
2023,610570,Ombudsman Chicago - South,71.0,99.0,75.0,50.0,66.0,,38.0,,53.0,32.0,59.0,53.0,34.0,69.0,,39.0,48.0,34.0,,60.0,29.0,,80.0,,,4.0,,85.0,82.0,,61.0,85.0,39.0,46.0,83.0,68.0,63.0,,85.0,,93.0,65.0,,58.0,,46.0,
2023,610571,Ombudsman Chicago - West,99.0,99.0,99.0,71.0,73.0,,55.0,,80.0,70.0,74.0,82.0,33.0,70.0,,51.0,36.0,41.0,79.0,77.0,84.0,72.0,78.0,96.0,,49.0,,99.0,99.0,,70.0,71.0,27.0,53.0,77.0,61.0,64.0,99.0,72.0,,99.0,63.0,45.0,40.0,47.0,99.0,99.0
2023,610586,Edward E. Sadlowski Elementary School,39.0,54.0,42.0,39.0,42.0,32.0,18.0,32.0,49.0,37.0,9.0,52.0,1.0,51.0,,1.0,36.0,,43.0,50.0,45.0,54.0,34.0,64.0,45.0,1.0,43.0,65.0,69.0,44.0,48.0,5.0,29.0,60.0,37.0,48.0,,87.0,46.0,40.0,36.0,38.0,44.0,51.0,54.0,53.0,46.0
2023,610587,Walter Henri Dyett High School for the Arts,61.0,99.0,68.0,54.0,65.0,56.0,51.0,64.0,44.0,24.0,61.0,46.0,20.0,82.0,58.0,16.0,34.0,22.0,13.0,53.0,57.0,55.0,61.0,73.0,40.0,39.0,,54.0,63.0,64.0,56.0,45.0,13.0,48.0,46.0,37.0,52.0,63.0,38.0,46.0,40.0,41.0,25.0,44.0,51.0,48.0,21.0
2023,610588,Robert J. Richardson Middle School,91.0,83.0,56.0,73.0,73.0,72.0,38.0,67.0,61.0,61.0,45.0,63.0,24.0,73.0,,1.0,38.0,,41.0,57.0,68.0,65.0,80.0,87.0,46.0,1.0,52.0,83.0,66.0,65.0,55.0,14.0,17.0,59.0,43.0,47.0,,81.0,50.0,54.0,54.0,45.0,52.0,55.0,63.0,48.0,51.0
2023,610589,Sor Juana Ines de la Cruz ES,71.0,81.0,58.0,99.0,82.0,56.0,50.0,6.0,26.0,1.0,1.0,44.0,44.0,71.0,,32.0,60.0,,25.0,35.0,35.0,66.0,99.0,56.0,76.0,50.0,82.0,69.0,41.0,57.0,11.0,63.0,71.0,45.0,90.0,70.0,,48.0,99.0,56.0,52.0,66.0,42.0,54.0,65.0,31.0,37.0
2023,610590,Bronzeville Classical Elementary School,61.0,30.0,26.0,64.0,60.0,42.0,37.0,40.0,53.0,57.0,7.0,49.0,36.0,46.0,,30.0,51.0,,56.0,58.0,44.0,78.0,59.0,75.0,93.0,32.0,44.0,65.0,44.0,70.0,64.0,42.0,44.0,44.0,49.0,66.0,,99.0,38.0,70.0,39.0,38.0,43.0,56.0,65.0,42.0,80.0
2023,610592,Englewood STEM High School,29.0,97.0,69.0,53.0,64.0,20.0,38.0,58.0,24.0,15.0,42.0,17.0,27.0,81.0,34.0,16.0,41.0,30.0,3.0,75.0,10.0,40.0,90.0,52.0,36.0,14.0,,33.0,12.0,32.0,47.0,58.0,12.0,1.0,53.0,27.0,56.0,70.0,42.0,26.0,52.0,39.0,12.0,8.0,31.0,14.0,32.0
2023,610593,Ombudsman Chicago - Roseland HS,61.0,92.0,72.0,52.0,62.0,,36.0,,35.0,32.0,30.0,50.0,1.0,73.0,,1.0,15.0,35.0,1.0,61.0,65.0,,62.0,42.0,,1.0,,78.0,41.0,,52.0,59.0,22.0,20.0,67.0,42.0,84.0,74.0,54.0,,95.0,67.0,8.0,42.0,,48.0,48.0
2023,610594,Pathways in Education - Humboldt Park HS,61.0,99.0,99.0,73.0,53.0,,53.0,,,,81.0,,72.0,36.0,,50.0,60.0,52.0,,59.0,,,49.0,,,48.0,,,,,,99.0,54.0,,77.0,93.0,89.0,,99.0,,99.0,81.0,,,,,
2023,610595,Lincoln Park Early Learning Center,81.0,,,,,,,40.0,72.0,87.0,,80.0,,,,,,,99.0,,94.0,86.0,,96.0,75.0,,,99.0,72.0,,86.0,,,68.0,,,,47.0,,,,,58.0,87.0,86.0,70.0,92.0
2023,610596,The Virtual Academy Elementary School,99.0,85.0,67.0,61.0,63.0,59.0,66.0,37.0,64.0,49.0,42.0,68.0,59.0,65.0,,23.0,48.0,,55.0,47.0,59.0,73.0,57.0,56.0,66.0,46.0,99.0,76.0,77.0,67.0,37.0,60.0,59.0,85.0,98.0,99.0,,88.0,99.0,55.0,66.0,73.0,49.0,91.0,97.0,86.0,70.0
2023,610597,The Virtual Academy High School,99.0,81.0,81.0,60.0,74.0,85.0,69.0,54.0,75.0,79.0,83.0,75.0,36.0,87.0,40.0,1.0,52.0,38.0,69.0,72.0,75.0,86.0,76.0,86.0,74.0,96.0,,99.0,87.0,74.0,63.0,99.0,54.0,74.0,92.0,99.0,71.0,87.0,99.0,58.0,99.0,66.0,45.0,99.0,99.0,80.0,81.0
2023,610599,Northwest Early Childhood Center,81.0,,,,,,,99.0,99.0,99.0,,89.0,,,,,,,99.0,,99.0,99.0,,99.0,98.0,,,99.0,99.0,,99.0,,,97.0,,,,99.0,,,,,72.0,81.0,99.0,87.0,99.0
2023,910572,Safe Achieve Academy ES and HS,71.0,,,,,,,,96.0,99.0,,87.0,,,,,,,,,97.0,,,,,,,91.0,99.0,,99.0,,,90.0,,,,,,,,,,88.0,,72.0,
2024,400009,Academy for Global Citizenship Charter School,71.0,56.0,44.0,49.0,52.0,64.0,41.0,50.0,52.0,42.0,29.0,61.0,3.0,60.0,,,46.0,,53.0,51.0,59.0,76.0,52.0,73.0,72.0,8.0,64.0,68.0,71.0,45.0,84.0,35.0,37.0,44.0,58.0,56.0,,67.0,,62.0,40.0,46.0,57.0,53.0,82.0,60.0,54.0
2024,400013,ASPIRA Charter School - Early College High School,81.0,77.0,54.0,33.0,51.0,59.0,24.0,52.0,67.0,56.0,38.0,69.0,12.0,66.0,51.0,,44.0,21.0,48.0,32.0,76.0,67.0,64.0,72.0,60.0,1.0,,81.0,95.0,41.0,77.0,44.0,20.0,58.0,46.0,44.0,54.0,49.0,,60.0,68.0,48.0,40.0,58.0,68.0,78.0,72.0
2024,400017,ASPIRA Charter School - Haugan Middle School,61.0,81.0,57.0,50.0,77.0,,12.0,,58.0,66.0,25.0,43.0,16.0,99.0,,,43.0,,,71.0,52.0,,83.0,,,1.0,69.0,49.0,49.0,,44.0,50.0,29.0,60.0,62.0,66.0,,,,,60.0,54.0,,80.0,65.0,29.0,
2024,400021,Catalyst Elementary Charter School - Circle Rock,99.0,90.0,78.0,78.0,79.0,40.0,72.0,75.0,65.0,52.0,60.0,64.0,45.0,92.0,,,53.0,,66.0,62.0,67.0,63.0,91.0,75.0,58.0,58.0,79.0,76.0,85.0,56.0,61.0,65.0,38.0,60.0,88.0,65.0,,99.0,,45.0,54.0,62.0,51.0,44.0,55.0,61.0,51.0
2024,400022,Chicago High School for the Arts (ChiArts),39.0,81.0,63.0,63.0,71.0,50.0,55.0,32.0,36.0,41.0,64.0,21.0,46.0,93.0,56.0,,47.0,19.0,43.0,73.0,1.0,54.0,68.0,47.0,57.0,36.0,,37.0,1.0,61.0,42.0,52.0,30.0,27.0,77.0,53.0,56.0,37.0,,50.0,84.0,57.0,32.0,60.0,57.0,13.0,78.0
2024,400023,CICS - Avalon/South Shore,39.0,58.0,33.0,57.0,72.0,44.0,39.0,62.0,46.0,26.0,26.0,49.0,25.0,74.0,,,18.0,,27.0,10.0,62.0,38.0,72.0,32.0,42.0,15.0,45.0,67.0,63.0,83.0,46.0,50.0,21.0,43.0,32.0,40.0,,56.0,,36.0,30.0,32.0,14.0,41.0,40.0,53.0,36.0
2024,400024,CICS - Basil,61.0,67.0,47.0,56.0,65.0,53.0,47.0,55.0,60.0,51.0,36.0,52.0,5.0,71.0,,,22.0,,55.0,12.0,66.0,51.0,56.0,39.0,54.0,6.0,54.0,78.0,72.0,76.0,55.0,30.0,17.0,45.0,21.0,27.0,,75.0,,47.0,29.0,37.0,17.0,44.0,59.0,45.0,75.0
2024,400025,CICS - Bucktown,71.0,35.0,38.0,49.0,59.0,12.0,29.0,65.0,67.0,40.0,17.0,61.0,20.0,84.0,,,45.0,,66.0,44.0,71.0,75.0,67.0,67.0,84.0,26.0,39.0,80.0,98.0,36.0,63.0,30.0,30.0,45.0,41.0,53.0,,99.0,,38.0,29.0,34.0,33.0,29.0,73.0,59.0,89.0
2024,400026,CICS - Loomis Primary,39.0,,,,,1.0,,43.0,39.0,33.0,,64.0,,,,,,,51.0,,87.0,28.0,,62.0,13.0,,,79.0,65.0,9.0,83.0,,,1.0,,,,99.0,,1.0,,,38.0,1.0,8.0,50.0,53.0
2024,400027,CICS - Irving Park,91.0,51.0,35.0,50.0,65.0,42.0,44.0,72.0,76.0,73.0,14.0,73.0,15.0,73.0,,,53.0,,99.0,47.0,78.0,74.0,75.0,70.0,62.0,25.0,39.0,88.0,94.0,63.0,87.0,46.0,42.0,51.0,51.0,48.0,,99.0,,53.0,43.0,40.0,45.0,44.0,89.0,79.0,91.0
2024,400028,CICS - Prairie,29.0,46.0,48.0,44.0,47.0,1.0,34.0,40.0,32.0,17.0,12.0,50.0,1.0,61.0,,,34.0,,10.0,35.0,66.0,53.0,49.0,61.0,60.0,1.0,36.0,68.0,71.0,34.0,64.0,15.0,20.0,4.0,22.0,27.0,,86.0,,18.0,27.0,33.0,23.0,26.0,39.0,42.0,27.0
2024,400029,CICS - Washington Park,19.0,51.0,36.0,52.0,46.0,29.0,19.0,92.0,40.0,28.0,13.0,34.0,1.0,58.0,,,18.0,,18.0,28.0,40.0,29.0,44.0,28.0,26.0,15.0,40.0,67.0,52.0,29.0,70.0,10.0,4.0,1.0,5.0,26.0,,76.0,,18.0,13.0,23.0,11.0,31.0,32.0,17.0,29.0
2024,400030,CICS - West Belden,71.0,42.0,43.0,43.0,47.0,24.0,22.0,61.0,60.0,52.0,9.0,65.0,1.0,57.0,,,48.0,,64.0,36.0,78.0,71.0,47.0,67.0,69.0,3.0,31.0,74.0,80.0,41.0,61.0,26.0,28.0,41.0,44.0,46.0,,99.0,,50.0,41.0,36.0,35.0,31.0,78.0,71.0,64.0
2024,400031,CICS - Wrightwood,61.0,56.0,53.0,62.0,69.0,44.0,53.0,50.0,53.0,42.0,49.0,52.0,29.0,82.0,,,40.0,,45.0,57.0,57.0,59.0,67.0,60.0,52.0,29.0,50.0,66.0,60.0,64.0,51.0,37.0,19.0,54.0,36.0,37.0,,74.0,,39.0,37.0,40.0,33.0,34.0,64.0,51.0,58.0
2024,400032,CICS - Ralph Ellison,29.0,63.0,35.0,28.0,51.0,46.0,24.0,47.0,43.0,46.0,21.0,48.0,8.0,68.0,38.0,,32.0,1.0,33.0,37.0,63.0,38.0,52.0,82.0,11.0,6.0,,59.0,59.0,55.0,42.0,39.0,12.0,28.0,42.0,41.0,40.0,45.0,,48.0,32.0,31.0,31.0,37.0,21.0,38.0,36.0
2024,400033,CICS - Longwood,29.0,47.0,28.0,34.0,42.0,7.0,17.0,60.0,40.0,36.0,1.0,45.0,12.0,57.0,,,30.0,,37.0,48.0,52.0,27.0,47.0,41.0,14.0,1.0,41.0,55.0,56.0,29.0,65.0,18.0,1.0,19.0,15.0,25.0,,81.0,,15.0,20.0,23.0,23.0,20.0,25.0,51.0,29.0
2024,400034,CICS - Northtown,91.0,94.0,72.0,55.0,75.0,74.0,50.0,75.0,85.0,84.0,64.0,81.0,35.0,77.0,78.0,,56.0,29.0,95.0,67.0,94.0,88.0,67.0,97.0,68.0,31.0,,99.0,99.0,99.0,99.0,66.0,29.0,70.0,58.0,46.0,59.0,99.0,,74.0,69.0,59.0,54.0,58.0,99.0,78.0,99.0
2024,400035,Chicago Math and Science Academy Charter School,61.0,95.0,72.0,57.0,61.0,59.0,43.0,51.0,45.0,39.0,69.0,56.0,36.0,77.0,61.0,,47.0,44.0,23.0,60.0,55.0,59.0,83.0,53.0,57.0,35.0,,62.0,54.0,25.0,29.0,84.0,21.0,38.0,65.0,45.0,61.0,99.0,,60.0,75.0,55.0,43.0,52.0,66.0,63.0,45.0
2024,400039,Erie Elementary Charter School,10.0,58.0,40.0,36.0,51.0,15.0,32.0,45.0,32.0,22.0,9.0,36.0,33.0,63.0,,,48.0,,22.0,30.0,30.0,37.0,60.0,36.0,43.0,6.0,51.0,40.0,43.0,44.0,43.0,29.0,25.0,21.0,50.0,48.0,,62.0,,21.0,40.0,39.0,32.0,26.0,32.0,41.0,27.0
2024,400044,KIPP Ascend Charter School,50.0,60.0,35.0,58.0,62.0,27.0,47.0,71.0,50.0,46.0,39.0,49.0,22.0,70.0,,,33.0,,43.0,58.0,57.0,50.0,71.0,51.0,48.0,28.0,58.0,65.0,66.0,50.0,60.0,34.0,17.0,30.0,36.0,36.0,,66.0,,30.0,30.0,35.0,26.0,37.0,52.0,49.0,39.0
2024,400046,L.E.A.R.N. - Romano Butler Campus,91.0,66.0,45.0,69.0,73.0,21.0,51.0,99.0,79.0,65.0,65.0,61.0,49.0,73.0,,,37.0,,69.0,23.0,70.0,62.0,77.0,59.0,71.0,38.0,65.0,81.0,91.0,74.0,84.0,34.0,28.0,52.0,45.0,66.0,,82.0,,39.0,41.0,45.0,37.0,43.0,57.0,57.0,89.0
2024,400047,L.E.A.R.N. - Charles and Dorothy Campbell Campus,71.0,74.0,71.0,73.0,61.0,42.0,63.0,45.0,58.0,53.0,69.0,60.0,40.0,72.0,,,16.0,,43.0,66.0,72.0,50.0,66.0,47.0,51.0,24.0,76.0,76.0,82.0,33.0,35.0,54.0,17.0,48.0,40.0,58.0,,69.0,,6.0,39.0,51.0,30.0,41.0,51.0,61.0,60.0
2024,400048,L.E.A.R.N. - Excel Campus,91.0,87.0,72.0,71.0,84.0,53.0,67.0,53.0,66.0,57.0,52.0,63.0,1.0,77.0,,,42.0,,82.0,44.0,68.0,62.0,93.0,50.0,64.0,30.0,69.0,94.0,82.0,94.0,82.0,47.0,18.0,57.0,46.0,37.0,,89.0,,61.0,42.0,50.0,34.0,39.0,72.0,57.0,81.0
2024,400049,Legacy Charter School,50.0,69.0,59.0,67.0,67.0,13.0,50.0,49.0,36.0,30.0,53.0,43.0,24.0,82.0,,,39.0,,35.0,63.0,44.0,40.0,74.0,50.0,39.0,30.0,63.0,62.0,41.0,45.0,40.0,44.0,15.0,27.0,32.0,14.0,,81.0,,6.0,33.0,43.0,30.0,7.0,31.0,37.0,34.0
2024,400050,Namaste Charter School,29.0,52.0,34.0,43.0,45.0,39.0,14.0,27.0,34.0,30.0,1.0,49.0,8.0,47.0,,,43.0,,38.0,26.0,44.0,58.0,48.0,56.0,64.0,1.0,50.0,77.0,38.0,41.0,50.0,20.0,32.0,29.0,33.0,48.0,,96.0,,17.0,35.0,38.0,40.0,42.0,53.0,33.0,48.0
2024,400051,Noble - Noble College Prep,99.0,99.0,86.0,90.0,88.0,68.0,72.0,70.0,68.0,71.0,89.0,72.0,53.0,99.0,76.0,,53.0,54.0,74.0,79.0,81.0,87.0,99.0,94.0,83.0,35.0,,87.0,79.0,65.0,79.0,84.0,30.0,50.0,73.0,57.0,79.0,90.0,,64.0,93.0,70.0,46.0,61.0,85.0,75.0,68.0
2024,400052,Noble - Gary Comer College Prep,50.0,92.0,64.0,63.0,68.0,42.0,43.0,48.0,43.0,45.0,58.0,48.0,11.0,89.0,47.0,,28.0,17.0,28.0,65.0,43.0,58.0,83.0,78.0,43.0,15.0,,60.0,69.0,38.0,59.0,41.0,5.0,26.0,28.0,31.0,48.0,47.0,,39.0,31.0,33.0,26.0,31.0,53.0,62.0,26.0
2024,400053,Noble - Golder College Prep,39.0,84.0,46.0,45.0,55.0,39.0,32.0,71.0,47.0,45.0,35.0,39.0,1.0,78.0,58.0,,43.0,21.0,44.0,70.0,59.0,59.0,73.0,47.0,69.0,12.0,,51.0,67.0,24.0,61.0,43.0,10.0,6.0,52.0,39.0,48.0,21.0,,45.0,50.0,42.0,18.0,33.0,60.0,28.0,48.0
2024,400054,Noble - Pritzker College Prep,81.0,99.0,79.0,71.0,74.0,57.0,56.0,68.0,55.0,61.0,70.0,45.0,47.0,90.0,69.0,,47.0,52.0,47.0,74.0,52.0,60.0,98.0,54.0,67.0,29.0,,62.0,54.0,35.0,69.0,66.0,29.0,27.0,79.0,52.0,76.0,63.0,,60.0,87.0,65.0,29.0,59.0,58.0,36.0,66.0
2024,400055,Noble - Rauner College Prep,71.0,99.0,73.0,74.0,74.0,55.0,43.0,73.0,53.0,52.0,67.0,50.0,31.0,91.0,72.0,,54.0,41.0,37.0,59.0,50.0,72.0,83.0,67.0,80.0,20.0,,71.0,55.0,49.0,73.0,53.0,23.0,19.0,62.0,36.0,68.0,80.0,,61.0,71.0,59.0,31.0,32.0,68.0,48.0,68.0
2024,400056,Noble - Rowe-Clark Math and Science Academy,50.0,99.0,69.0,59.0,78.0,,41.0,,,,51.0,,33.0,85.0,,,43.0,32.0,,71.0,,,91.0,,,12.0,,,,,,80.0,14.0,,58.0,31.0,56.0,,,,46.0,39.0,,,,,
2024,400057,Noble - UIC College Prep,39.0,92.0,60.0,60.0,63.0,23.0,48.0,44.0,20.0,18.0,57.0,35.0,21.0,93.0,41.0,,45.0,21.0,6.0,71.0,30.0,41.0,84.0,45.0,46.0,19.0,,52.0,21.0,13.0,48.0,58.0,12.0,1.0,45.0,33.0,56.0,16.0,,37.0,52.0,40.0,14.0,27.0,32.0,44.0,14.0
2024,400058,North Lawndale College Prep - Christiana,61.0,75.0,38.0,41.0,48.0,1.0,22.0,68.0,41.0,56.0,20.0,40.0,34.0,70.0,51.0,,33.0,9.0,48.0,57.0,52.0,68.0,65.0,70.0,74.0,11.0,,49.0,36.0,17.0,89.0,46.0,14.0,22.0,59.0,43.0,49.0,75.0,,24.0,44.0,40.0,22.0,20.0,60.0,37.0,25.0
2024,400059,North Lawndale College Prep - Collins,29.0,93.0,50.0,47.0,56.0,12.0,27.0,53.0,40.0,52.0,33.0,35.0,26.0,67.0,40.0,,40.0,1.0,28.0,60.0,36.0,40.0,86.0,44.0,37.0,26.0,,47.0,43.0,25.0,72.0,52.0,10.0,12.0,47.0,37.0,34.0,40.0,,25.0,31.0,29.0,17.0,16.0,38.0,41.0,41.0
2024,400060,Passages Charter School,29.0,52.0,41.0,37.0,57.0,38.0,33.0,47.0,37.0,39.0,12.0,29.0,15.0,55.0,,,44.0,,27.0,35.0,23.0,61.0,69.0,28.0,74.0,1.0,45.0,39.0,24.0,65.0,53.0,46.0,20.0,27.0,35.0,36.0,,55.0,,32.0,30.0,34.0,23.0,46.0,82.0,32.0,49.0
2024,400061,Perspectives - Leadership Academy,19.0,89.0,57.0,45.0,49.0,15.0,31.0,50.0,38.0,39.0,30.0,40.0,26.0,75.0,31.0,,41.0,11.0,22.0,58.0,55.0,35.0,75.0,52.0,33.0,22.0,,53.0,59.0,2.0,62.0,65.0,7.0,5.0,40.0,29.0,41.0,65.0,,30.0,34.0,28.0,7.0,18.0,21.0,43.0,36.0
2024,400062,Perspectives - High School of Technology,19.0,82.0,50.0,36.0,57.0,32.0,30.0,70.0,34.0,4.0,24.0,38.0,33.0,74.0,35.0,,43.0,17.0,30.0,48.0,50.0,44.0,78.0,54.0,46.0,25.0,,43.0,61.0,41.0,49.0,51.0,11.0,1.0,46.0,32.0,42.0,84.0,,35.0,46.0,34.0,13.0,15.0,31.0,47.0,34.0
2024,400064,Perspectives - Rodney D. Joslin,50.0,99.0,67.0,54.0,54.0,4.0,40.0,39.0,44.0,49.0,46.0,48.0,25.0,78.0,40.0,,50.0,35.0,29.0,65.0,61.0,50.0,84.0,47.0,49.0,42.0,,68.0,72.0,1.0,53.0,65.0,21.0,14.0,55.0,44.0,57.0,36.0,,33.0,46.0,41.0,14.0,36.0,53.0,49.0,47.0
2024,400066,Perspectives - Math and Science Academy,71.0,97.0,74.0,68.0,69.0,32.0,44.0,65.0,51.0,44.0,52.0,55.0,28.0,81.0,44.0,,49.0,23.0,26.0,62.0,75.0,61.0,88.0,75.0,50.0,42.0,,77.0,85.0,39.0,70.0,70.0,22.0,21.0,54.0,36.0,53.0,70.0,,36.0,59.0,45.0,20.0,27.0,57.0,47.0,42.0
2024,400068,Plato Learning Academy,1.0,43.0,13.0,31.0,26.0,3.0,1.0,1.0,10.0,9.0,1.0,34.0,1.0,39.0,,,31.0,,1.0,27.0,30.0,26.0,31.0,37.0,20.0,1.0,39.0,51.0,28.0,1.0,14.0,12.0,4.0,6.0,6.0,49.0,,23.0,,1.0,1.0,14.0,25.0,14.0,21.0,31.0,6.0
2024,400069,Polaris Charter Academy,71.0,99.0,99.0,99.0,86.0,14.0,99.0,57.0,54.0,37.0,99.0,51.0,99.0,99.0,,,44.0,,49.0,99.0,41.0,51.0,99.0,43.0,53.0,36.0,99.0,74.0,71.0,48.0,71.0,99.0,99.0,47.0,99.0,99.0,,77.0,,34.0,99.0,99.0,40.0,36.0,57.0,47.0,58.0
2024,400071,Providence Englewood Charter School,71.0,76.0,62.0,76.0,70.0,49.0,72.0,71.0,52.0,41.0,51.0,61.0,28.0,76.0,,,28.0,,45.0,40.0,69.0,43.0,87.0,50.0,28.0,43.0,66.0,84.0,55.0,40.0,80.0,49.0,28.0,41.0,54.0,58.0,,99.0,,31.0,39.0,49.0,37.0,41.0,50.0,53.0,52.0
2024,400075,University of Chicago - Donoghue,91.0,99.0,77.0,99.0,84.0,51.0,65.0,99.0,67.0,52.0,,64.0,,78.0,,,,,43.0,,73.0,67.0,99.0,96.0,55.0,,46.0,73.0,90.0,58.0,68.0,51.0,39.0,38.0,71.0,,,97.0,,19.0,49.0,53.0,51.0,27.0,51.0,58.0,57.0
2024,400076,University of Chicago - North Kenwood/Oakland,39.0,99.0,59.0,69.0,74.0,26.0,37.0,22.0,33.0,20.0,,47.0,,84.0,,,,,23.0,,47.0,54.0,90.0,71.0,58.0,,16.0,57.0,67.0,53.0,40.0,10.0,12.0,15.0,33.0,,,86.0,,2.0,32.0,30.0,44.0,8.0,33.0,40.0,40.0
2024,400077,University of Chicago - Woodlawn,39.0,89.0,63.0,63.0,65.0,32.0,46.0,33.0,34.0,40.0,57.0,42.0,24.0,80.0,48.0,,35.0,15.0,39.0,58.0,54.0,46.0,93.0,54.0,43.0,38.0,,53.0,41.0,24.0,63.0,71.0,13.0,7.0,41.0,29.0,60.0,39.0,,48.0,33.0,39.0,11.0,23.0,42.0,49.0,47.0
2024,400079,Acero Charter Schools - SPC Daniel Zizumbo,71.0,66.0,49.0,50.0,63.0,54.0,50.0,35.0,43.0,29.0,55.0,52.0,53.0,75.0,,,59.0,,28.0,42.0,51.0,65.0,64.0,60.0,66.0,20.0,73.0,57.0,63.0,63.0,45.0,44.0,45.0,45.0,76.0,61.0,,67.0,,43.0,59.0,57.0,47.0,58.0,70.0,51.0,43.0
2024,400080,Acero Charter Schools - PFC Omar E. Torres,29.0,46.0,31.0,35.0,45.0,65.0,19.0,22.0,33.0,24.0,17.0,44.0,27.0,58.0,,,53.0,,16.0,35.0,35.0,52.0,42.0,42.0,59.0,8.0,45.0,42.0,47.0,43.0,15.0,14.0,34.0,35.0,44.0,43.0,,40.0,,41.0,39.0,37.0,44.0,42.0,54.0,53.0,37.0
2024,400081,Acero Charter Schools - Bartolome de las Casas,10.0,55.0,50.0,40.0,28.0,14.0,13.0,17.0,26.0,24.0,26.0,32.0,28.0,47.0,,,46.0,,19.0,41.0,20.0,47.0,23.0,47.0,59.0,9.0,47.0,44.0,35.0,1.0,21.0,28.0,20.0,12.0,37.0,61.0,,53.0,,22.0,36.0,38.0,37.0,32.0,36.0,26.0,41.0
2024,400082,Acero Charter Schools - Carlos Fuentes,61.0,71.0,53.0,65.0,65.0,48.0,45.0,12.0,24.0,23.0,56.0,42.0,54.0,73.0,,,59.0,,29.0,66.0,21.0,47.0,71.0,37.0,53.0,15.0,79.0,60.0,32.0,52.0,17.0,44.0,60.0,20.0,84.0,56.0,,52.0,,40.0,68.0,65.0,40.0,43.0,51.0,48.0,32.0
2024,400083,Acero Charter Schools - Octavio Paz Campus,29.0,58.0,46.0,41.0,48.0,41.0,33.0,1.0,13.0,11.0,27.0,33.0,9.0,65.0,,,32.0,,1.0,56.0,17.0,44.0,41.0,29.0,51.0,5.0,67.0,44.0,15.0,45.0,1.0,29.0,33.0,17.0,44.0,48.0,,35.0,,34.0,48.0,49.0,35.0,46.0,51.0,34.0,23.0
2024,400084,Acero Charter Schools - Rufino Tamayo,71.0,57.0,40.0,54.0,58.0,74.0,49.0,53.0,66.0,74.0,36.0,54.0,34.0,64.0,,,42.0,,76.0,21.0,59.0,74.0,65.0,47.0,77.0,11.0,52.0,66.0,64.0,50.0,45.0,15.0,45.0,64.0,76.0,75.0,,97.0,,36.0,48.0,46.0,47.0,83.0,99.0,45.0,73.0
2024,400085,Acero Charter Schools - Major Hector P. Garcia MD,81.0,90.0,61.0,39.0,60.0,61.0,35.0,53.0,52.0,45.0,54.0,60.0,23.0,67.0,53.0,,58.0,26.0,44.0,77.0,58.0,65.0,73.0,53.0,74.0,13.0,,71.0,57.0,62.0,60.0,51.0,35.0,56.0,66.0,61.0,60.0,55.0,,60.0,84.0,58.0,44.0,65.0,67.0,66.0,51.0
2024,400086,Urban Prep Academy for Young Men - Englewood,91.0,99.0,99.0,98.0,91.0,58.0,69.0,56.0,67.0,77.0,96.0,63.0,70.0,93.0,74.0,,48.0,68.0,49.0,59.0,71.0,54.0,99.0,93.0,26.0,81.0,,88.0,83.0,73.0,71.0,99.0,27.0,62.0,75.0,32.0,68.0,45.0,,59.0,88.0,64.0,28.0,61.0,43.0,66.0,56.0
2024,400089,Acero Charter Schools - Officer Donald J. Marquez,39.0,50.0,43.0,38.0,42.0,62.0,36.0,19.0,32.0,27.0,27.0,46.0,24.0,63.0,,,48.0,,18.0,76.0,35.0,49.0,37.0,32.0,57.0,5.0,53.0,54.0,24.0,30.0,32.0,20.0,37.0,40.0,56.0,65.0,,38.0,,39.0,49.0,46.0,41.0,45.0,59.0,52.0,49.0
2024,400091,Chicago Technology Academy High School,19.0,99.0,76.0,62.0,53.0,6.0,50.0,48.0,18.0,7.0,54.0,30.0,31.0,70.0,18.0,,44.0,45.0,1.0,81.0,29.0,19.0,79.0,35.0,18.0,34.0,,27.0,17.0,1.0,55.0,57.0,17.0,5.0,70.0,38.0,67.0,65.0,,26.0,67.0,42.0,31.0,22.0,5.0,31.0,15.0
2024,400092,CICS - Lloyd Bond,71.0,99.0,75.0,96.0,75.0,27.0,75.0,36.0,49.0,49.0,79.0,65.0,35.0,86.0,,,37.0,,61.0,54.0,70.0,43.0,81.0,49.0,38.0,47.0,73.0,78.0,79.0,36.0,98.0,46.0,27.0,37.0,51.0,60.0,,99.0,,27.0,37.0,53.0,29.0,44.0,41.0,83.0,45.0
2024,400094,EPIC Academy Charter High School,29.0,99.0,77.0,62.0,75.0,59.0,49.0,55.0,31.0,20.0,62.0,39.0,39.0,85.0,40.0,,47.0,56.0,10.0,72.0,41.0,32.0,77.0,47.0,24.0,32.0,,64.0,36.0,77.0,52.0,84.0,22.0,15.0,69.0,42.0,71.0,24.0,,48.0,82.0,54.0,25.0,51.0,24.0,25.0,28.0
2024,400096,Rowe Elementary Charter School,29.0,43.0,31.0,33.0,35.0,11.0,8.0,52.0,46.0,41.0,1.0,45.0,13.0,49.0,,,40.0,,56.0,41.0,46.0,42.0,42.0,44.0,44.0,1.0,39.0,54.0,51.0,17.0,50.0,22.0,24.0,22.0,30.0,45.0,,49.0,,13.0,19.0,28.0,38.0,24.0,38.0,41.0,62.0
2024,400097,Noble - Chicago Bulls College Prep,19.0,97.0,54.0,48.0,54.0,39.0,37.0,41.0,29.0,37.0,41.0,18.0,10.0,78.0,51.0,,40.0,21.0,21.0,66.0,19.0,45.0,70.0,53.0,51.0,5.0,,27.0,40.0,18.0,60.0,43.0,5.0,1.0,41.0,27.0,50.0,13.0,,34.0,38.0,36.0,15.0,1.0,32.0,9.0,24.0
2024,400098,Noble - Muchin College Prep,29.0,99.0,71.0,56.0,65.0,22.0,40.0,48.0,26.0,20.0,53.0,25.0,24.0,87.0,39.0,,51.0,21.0,27.0,68.0,11.0,52.0,80.0,54.0,50.0,23.0,,43.0,34.0,36.0,66.0,62.0,4.0,1.0,45.0,21.0,54.0,14.0,,35.0,55.0,38.0,14.0,15.0,53.0,30.0,29.0
2024,400101,Acero Charter Schools - Sandra Cisneros,61.0,58.0,33.0,51.0,53.0,34.0,38.0,43.0,40.0,38.0,29.0,51.0,27.0,66.0,,,34.0,,38.0,29.0,50.0,70.0,49.0,59.0,75.0,16.0,59.0,48.0,35.0,44.0,25.0,25.0,33.0,41.0,59.0,50.0,,46.0,,53.0,47.0,43.0,46.0,37.0,75.0,61.0,45.0
2024,400104,Instituto Health Sciences Career Academy,19.0,,,,,64.0,,16.0,15.0,25.0,,11.0,,,19.0,,,,6.0,,1.0,24.0,,20.0,16.0,,,20.0,9.0,35.0,1.0,,,6.0,,,,11.0,,39.0,,,1.0,50.0,37.0,21.0,20.0
2024,400105,Urban Prep Academy for Young Men - Bronzeville,91.0,91.0,66.0,55.0,70.0,54.0,38.0,66.0,64.0,52.0,65.0,64.0,20.0,65.0,95.0,,34.0,35.0,69.0,40.0,85.0,79.0,78.0,95.0,68.0,60.0,,68.0,93.0,80.0,77.0,82.0,13.0,62.0,47.0,38.0,70.0,73.0,,52.0,37.0,54.0,34.0,52.0,75.0,69.0,45.0
2024,400106,Noble - John and Eunice Johnson College Prep,61.0,91.0,71.0,62.0,72.0,30.0,43.0,61.0,46.0,47.0,47.0,41.0,20.0,90.0,49.0,,36.0,13.0,40.0,71.0,54.0,65.0,86.0,86.0,64.0,25.0,,47.0,67.0,50.0,63.0,47.0,10.0,16.0,45.0,34.0,45.0,39.0,,49.0,38.0,36.0,26.0,32.0,44.0,35.0,40.0
2024,400107,L.E.A.R.N. - South Chicago Campus,29.0,64.0,50.0,58.0,62.0,42.0,49.0,27.0,37.0,36.0,40.0,52.0,41.0,76.0,,,32.0,,49.0,50.0,54.0,37.0,73.0,60.0,20.0,17.0,61.0,71.0,58.0,41.0,41.0,44.0,13.0,19.0,29.0,28.0,,75.0,,18.0,32.0,39.0,33.0,33.0,31.0,49.0,44.0
2024,400111,L.E.A.R.N. - Hunter Perkins Campus,10.0,42.0,41.0,61.0,46.0,1.0,30.0,6.0,13.0,6.0,35.0,24.0,35.0,56.0,,,37.0,,1.0,1.0,22.0,24.0,63.0,9.0,42.0,59.0,46.0,40.0,24.0,2.0,30.0,49.0,24.0,10.0,35.0,32.0,,35.0,,8.0,27.0,35.0,9.0,1.0,20.0,25.0,19.0
2024,400112,Acero Charter Schools - Jovita Idar,71.0,50.0,40.0,44.0,45.0,31.0,33.0,40.0,52.0,46.0,5.0,64.0,2.0,57.0,,,43.0,,39.0,66.0,66.0,64.0,43.0,66.0,69.0,1.0,45.0,65.0,67.0,36.0,46.0,25.0,31.0,55.0,47.0,43.0,,64.0,,42.0,44.0,40.0,49.0,51.0,58.0,75.0,54.0
2024,400114,Acero Charter Schools - Esmeralda Santiago,61.0,64.0,46.0,48.0,47.0,20.0,43.0,55.0,51.0,41.0,13.0,55.0,28.0,50.0,,,46.0,,50.0,24.0,51.0,62.0,50.0,60.0,71.0,12.0,62.0,81.0,60.0,40.0,77.0,17.0,46.0,34.0,76.0,77.0,,50.0,,39.0,54.0,52.0,42.0,43.0,56.0,47.0,64.0
2024,4001151,Catalyst Maria Charter Elementary School,39.0,36.0,35.0,49.0,52.0,44.0,39.0,59.0,43.0,29.0,1.0,46.0,2.0,65.0,,,29.0,,27.0,47.0,50.0,46.0,56.0,46.0,49.0,12.0,23.0,59.0,61.0,37.0,72.0,26.0,12.0,28.0,28.0,35.0,,96.0,,34.0,33.0,26.0,28.0,43.0,42.0,47.0,40.0
2024,400116,The Montessori School of Englewood Charter,50.0,74.0,59.0,66.0,56.0,8.0,46.0,58.0,53.0,41.0,51.0,59.0,27.0,61.0,,,35.0,,44.0,75.0,66.0,46.0,68.0,56.0,40.0,19.0,71.0,64.0,76.0,30.0,53.0,46.0,22.0,46.0,54.0,63.0,,66.0,,30.0,43.0,49.0,42.0,37.0,42.0,62.0,45.0
2024,400117,Noble - Hansberry College Prep,19.0,82.0,52.0,45.0,51.0,29.0,30.0,57.0,38.0,39.0,40.0,39.0,13.0,78.0,64.0,,32.0,9.0,39.0,63.0,47.0,48.0,72.0,57.0,50.0,15.0,,57.0,57.0,7.0,46.0,52.0,7.0,4.0,46.0,26.0,46.0,29.0,,33.0,40.0,39.0,26.0,30.0,38.0,26.0,35.0
2024,400119,Legal Prep Charter Academy,10.0,82.0,43.0,36.0,41.0,24.0,35.0,40.0,18.0,23.0,17.0,28.0,12.0,60.0,26.0,,31.0,1.0,27.0,61.0,22.0,23.0,68.0,37.0,17.0,21.0,,43.0,1.0,1.0,52.0,45.0,8.0,1.0,40.0,31.0,39.0,95.0,,17.0,14.0,22.0,10.0,9.0,16.0,37.0,27.0
2024,400120,Acero Charter Schools - Roberto Clemente,29.0,53.0,36.0,34.0,49.0,63.0,26.0,30.0,31.0,48.0,41.0,16.0,23.0,56.0,,,55.0,,42.0,44.0,1.0,50.0,54.0,34.0,56.0,3.0,59.0,34.0,1.0,50.0,24.0,29.0,43.0,18.0,44.0,58.0,,47.0,,44.0,37.0,44.0,29.0,45.0,60.0,1.0,56.0
2024,400121,Acero Charter Schools - Sor Juana Ines de la Cruz,10.0,36.0,29.0,34.0,36.0,33.0,18.0,20.0,28.0,15.0,7.0,45.0,17.0,52.0,,,41.0,,11.0,60.0,38.0,29.0,32.0,37.0,25.0,1.0,39.0,56.0,45.0,27.0,28.0,18.0,29.0,21.0,38.0,52.0,,63.0,,32.0,33.0,33.0,43.0,35.0,26.0,41.0,37.0
2024,400123,YCCS - Academy of Scholastic Achievement HS,91.0,99.0,99.0,99.0,99.0,,81.0,,69.0,99.0,99.0,82.0,99.0,99.0,,,76.0,99.0,,73.0,82.0,,99.0,,,85.0,,90.0,72.0,,99.0,99.0,50.0,37.0,99.0,72.0,99.0,,,,99.0,83.0,,71.0,,73.0,
2024,400124,YCCS - McKinley Lakeside Leadership HS,71.0,99.0,99.0,74.0,83.0,47.0,56.0,,57.0,58.0,78.0,56.0,51.0,80.0,,,48.0,58.0,40.0,85.0,59.0,,99.0,86.0,,54.0,,71.0,79.0,77.0,66.0,97.0,42.0,42.0,73.0,59.0,78.0,93.0,,25.0,89.0,70.0,32.0,52.0,,61.0,49.0
2024,400125,"YCCS - ASPIRA, Antonia Pantoja Alternative HS",19.0,96.0,63.0,57.0,42.0,40.0,24.0,6.0,25.0,43.0,51.0,29.0,33.0,37.0,32.0,,47.0,40.0,36.0,51.0,24.0,11.0,66.0,23.0,4.0,1.0,,48.0,22.0,8.0,20.0,78.0,28.0,16.0,77.0,57.0,52.0,44.0,,12.0,85.0,49.0,17.0,51.0,6.0,25.0,39.0
2024,400126,YCCS - Association House HS,91.0,99.0,99.0,66.0,77.0,,59.0,,67.0,56.0,79.0,75.0,67.0,71.0,,,77.0,75.0,,73.0,59.0,,93.0,,,82.0,,88.0,72.0,,74.0,99.0,55.0,72.0,99.0,66.0,80.0,,,,99.0,78.0,,46.0,51.0,77.0,
2024,400128,YCCS - CCA Academy HS,81.0,99.0,94.0,99.0,97.0,,57.0,,66.0,78.0,88.0,70.0,48.0,92.0,,,56.0,61.0,,87.0,66.0,,99.0,,,64.0,,91.0,77.0,,71.0,83.0,29.0,43.0,73.0,66.0,69.0,,,,66.0,55.0,,47.0,,53.0,
2024,400129,YCCS - Progressive Leadership Academy,81.0,99.0,74.0,66.0,66.0,47.0,42.0,,74.0,67.0,69.0,68.0,44.0,46.0,,,64.0,50.0,80.0,69.0,68.0,,85.0,,,48.0,,79.0,99.0,65.0,69.0,99.0,28.0,56.0,75.0,39.0,60.0,99.0,,51.0,76.0,55.0,,66.0,66.0,58.0,
2024,400130,YCCS - Community Youth Development Institute HS,61.0,99.0,80.0,81.0,92.0,,66.0,,43.0,14.0,65.0,50.0,49.0,96.0,,,56.0,55.0,26.0,73.0,39.0,,99.0,49.0,,35.0,,69.0,49.0,,60.0,91.0,27.0,59.0,77.0,59.0,62.0,40.0,,,64.0,51.0,23.0,61.0,,67.0,51.0
2024,400131,YCCS - Dr. Pedro Albizu Campos Puerto Rican HS,71.0,99.0,89.0,73.0,86.0,,51.0,,58.0,56.0,83.0,55.0,81.0,86.0,,,63.0,47.0,69.0,62.0,69.0,,99.0,94.0,,22.0,,63.0,67.0,,53.0,99.0,35.0,66.0,88.0,53.0,63.0,60.0,,,99.0,66.0,34.0,40.0,,53.0,42.0
2024,400133,YCCS - Innovations HS of Arts Integration,91.0,99.0,84.0,55.0,68.0,29.0,52.0,63.0,74.0,87.0,78.0,68.0,64.0,79.0,53.0,,56.0,53.0,64.0,60.0,87.0,74.0,85.0,96.0,53.0,25.0,,69.0,86.0,53.0,88.0,80.0,24.0,49.0,65.0,58.0,73.0,99.0,,26.0,75.0,56.0,45.0,40.0,72.0,70.0,83.0
2024,400135,YCCS - Latino Youth Alternative HS,61.0,99.0,77.0,37.0,59.0,43.0,43.0,35.0,58.0,75.0,46.0,69.0,26.0,74.0,35.0,,36.0,41.0,42.0,62.0,69.0,41.0,80.0,35.0,54.0,1.0,,84.0,80.0,46.0,69.0,26.0,24.0,49.0,64.0,61.0,70.0,42.0,,25.0,86.0,54.0,54.0,54.0,33.0,69.0,53.0
2024,400136,YCCS - Olive Harvey Middle College HS,61.0,99.0,99.0,67.0,73.0,,47.0,,54.0,57.0,84.0,50.0,35.0,73.0,,,50.0,67.0,9.0,75.0,37.0,,78.0,46.0,,10.0,,55.0,54.0,,44.0,79.0,31.0,46.0,64.0,52.0,81.0,30.0,,,57.0,56.0,54.0,65.0,,55.0,58.0
2024,400137,Little Black Pearl Art and Design Academy,50.0,61.0,43.0,49.0,53.0,,24.0,,,,9.0,,36.0,50.0,,,38.0,33.0,,42.0,,,59.0,,,5.0,,,,,,84.0,17.0,,58.0,53.0,63.0,,,,79.0,53.0,,,,,
2024,400139,YCCS - Sullivan House Alternative HS,81.0,,,43.0,83.0,78.0,85.0,70.0,81.0,73.0,99.0,72.0,69.0,99.0,34.0,,56.0,,62.0,,79.0,60.0,99.0,75.0,51.0,5.0,,99.0,99.0,90.0,68.0,99.0,21.0,66.0,83.0,99.0,,86.0,,45.0,59.0,38.0,45.0,56.0,55.0,64.0,97.0
2024,400141,YCCS - Truman Middle College HS,39.0,99.0,81.0,52.0,52.0,74.0,51.0,17.0,40.0,82.0,76.0,36.0,50.0,62.0,39.0,,47.0,43.0,49.0,74.0,29.0,38.0,58.0,20.0,40.0,4.0,,56.0,15.0,35.0,36.0,74.0,35.0,35.0,83.0,66.0,73.0,49.0,,30.0,99.0,62.0,34.0,68.0,54.0,23.0,53.0
2024,400143,YCCS - West Town Acad Alternative HS,91.0,99.0,99.0,56.0,81.0,,69.0,,93.0,99.0,80.0,98.0,58.0,99.0,,,39.0,68.0,,92.0,96.0,,89.0,,,45.0,,99.0,99.0,,69.0,79.0,44.0,81.0,84.0,80.0,85.0,,,,99.0,76.0,,61.0,79.0,99.0,
2024,400144,YCCS - West HS,81.0,99.0,80.0,69.0,89.0,,60.0,,66.0,84.0,79.0,59.0,57.0,99.0,,,61.0,46.0,,85.0,52.0,,99.0,,,54.0,,84.0,82.0,,40.0,92.0,34.0,33.0,98.0,64.0,64.0,,,,99.0,66.0,,45.0,,41.0,
2024,400145,YCCS - Youth Connection Leadership Acad HS,91.0,99.0,99.0,63.0,82.0,51.0,58.0,,72.0,62.0,93.0,66.0,69.0,93.0,,,70.0,61.0,48.0,88.0,89.0,,99.0,61.0,,29.0,,77.0,86.0,72.0,49.0,99.0,54.0,57.0,99.0,68.0,85.0,64.0,,31.0,95.0,78.0,41.0,59.0,,56.0,84.0
2024,400146,KIPP Academy Chicago Campus,19.0,61.0,38.0,48.0,54.0,15.0,39.0,60.0,39.0,32.0,28.0,48.0,21.0,59.0,,,33.0,,20.0,70.0,49.0,36.0,63.0,41.0,38.0,28.0,52.0,60.0,56.0,45.0,56.0,33.0,19.0,14.0,27.0,37.0,,57.0,,18.0,32.0,35.0,27.0,26.0,29.0,56.0,31.0
2024,400147,Chicago Excel Academy HS,81.0,84.0,52.0,52.0,70.0,42.0,35.0,62.0,56.0,57.0,40.0,68.0,25.0,57.0,48.0,,30.0,12.0,46.0,49.0,71.0,66.0,75.0,95.0,64.0,1.0,,95.0,69.0,94.0,75.0,57.0,41.0,35.0,76.0,60.0,59.0,99.0,,50.0,84.0,58.0,47.0,64.0,39.0,58.0,58.0
2024,400149,Acero Charter Schools - Victoria Soto,91.0,99.0,84.0,61.0,67.0,40.0,52.0,60.0,64.0,62.0,68.0,65.0,51.0,89.0,40.0,,68.0,53.0,54.0,83.0,72.0,78.0,86.0,78.0,84.0,32.0,,78.0,84.0,30.0,67.0,83.0,36.0,46.0,81.0,48.0,70.0,89.0,,47.0,86.0,58.0,33.0,57.0,73.0,76.0,66.0
2024,400150,YCCS - Chatham AcademyHS,81.0,99.0,60.0,55.0,84.0,,60.0,,74.0,99.0,51.0,66.0,63.0,99.0,,,71.0,27.0,37.0,69.0,74.0,,99.0,60.0,,6.0,,83.0,80.0,,94.0,99.0,31.0,35.0,86.0,37.0,63.0,99.0,,,69.0,54.0,26.0,46.0,,81.0,82.0
2024,400151,L.E.A.R.N. - 7th Campus,39.0,60.0,70.0,85.0,72.0,16.0,46.0,37.0,34.0,26.0,,59.0,,65.0,,,,,32.0,,70.0,46.0,97.0,44.0,63.0,,47.0,76.0,57.0,42.0,58.0,1.0,1.0,12.0,38.0,,,21.0,,19.0,12.0,33.0,50.0,6.0,30.0,40.0,38.0
2024,400153,Acero Charter Schools - Brighton Park,50.0,57.0,46.0,55.0,56.0,33.0,43.0,43.0,51.0,46.0,31.0,56.0,26.0,75.0,,,44.0,,47.0,36.0,56.0,57.0,59.0,46.0,60.0,6.0,66.0,64.0,53.0,35.0,51.0,34.0,35.0,50.0,56.0,56.0,,99.0,,28.0,52.0,50.0,35.0,54.0,66.0,67.0,65.0
2024,400156,Noble - Butler College Prep,29.0,99.0,95.0,93.0,81.0,44.0,61.0,14.0,15.0,22.0,88.0,20.0,48.0,95.0,35.0,,55.0,55.0,1.0,73.0,22.0,37.0,98.0,60.0,29.0,31.0,,30.0,25.0,38.0,36.0,84.0,22.0,1.0,66.0,34.0,69.0,29.0,,44.0,66.0,48.0,5.0,28.0,21.0,23.0,11.0
2024,400157,Noble - Baker College Prep,91.0,99.0,61.0,66.0,61.0,1.0,51.0,,77.0,89.0,65.0,70.0,25.0,85.0,81.0,,32.0,22.0,69.0,47.0,93.0,64.0,72.0,64.0,,9.0,,88.0,99.0,20.0,63.0,48.0,17.0,49.0,56.0,37.0,63.0,67.0,,36.0,63.0,56.0,34.0,44.0,63.0,65.0,70.0
2024,400159,Christopher House Charter School,19.0,41.0,23.0,36.0,45.0,4.0,19.0,1.0,8.0,1.0,7.0,16.0,17.0,70.0,,,46.0,,1.0,59.0,1.0,41.0,66.0,15.0,54.0,4.0,51.0,31.0,6.0,7.0,8.0,30.0,32.0,15.0,32.0,46.0,,1.0,,14.0,33.0,35.0,25.0,31.0,54.0,7.0,17.0
2024,400161,Chicago Collegiate Charter School,50.0,50.0,32.0,36.0,48.0,1.0,13.0,85.0,66.0,54.0,11.0,54.0,24.0,62.0,,,47.0,,75.0,44.0,61.0,47.0,51.0,42.0,60.0,7.0,36.0,62.0,87.0,42.0,52.0,26.0,23.0,45.0,49.0,49.0,,91.0,,37.0,30.0,30.0,43.0,37.0,40.0,50.0,59.0
2024,400162,Intrinsic Charter School,81.0,80.0,77.0,55.0,63.0,40.0,51.0,52.0,45.0,38.0,66.0,53.0,37.0,79.0,55.0,,52.0,34.0,37.0,55.0,70.0,73.0,80.0,72.0,83.0,31.0,,61.0,64.0,36.0,61.0,54.0,30.0,31.0,69.0,54.0,68.0,69.0,,51.0,90.0,61.0,23.0,44.0,64.0,59.0,40.0
2024,400163,KIPP Chicago Charter School - KIPP Bloom,10.0,64.0,43.0,59.0,59.0,1.0,46.0,44.0,29.0,22.0,25.0,34.0,24.0,75.0,,,32.0,,29.0,55.0,33.0,35.0,71.0,33.0,49.0,17.0,44.0,50.0,48.0,31.0,61.0,34.0,19.0,3.0,31.0,19.0,,74.0,,10.0,28.0,34.0,23.0,13.0,22.0,29.0,28.0
2024,400164,Instituto - Justice and Leadership,71.0,99.0,99.0,90.0,96.0,,78.0,,,,99.0,,93.0,99.0,,,69.0,99.0,,90.0,,,99.0,,,33.0,,,,,,99.0,49.0,,99.0,88.0,99.0,,,,99.0,82.0,,,,,
2024,400165,L.E.A.R.N. - Middle School Campus,71.0,91.0,73.0,74.0,80.0,37.0,34.0,93.0,70.0,73.0,54.0,86.0,10.0,91.0,,,41.0,,50.0,63.0,99.0,33.0,99.0,55.0,1.0,34.0,60.0,97.0,82.0,56.0,90.0,34.0,6.0,49.0,40.0,39.0,,99.0,,46.0,22.0,40.0,53.0,51.0,42.0,93.0,54.0
2024,400167,Horizon Science Academy Southwest Chicago Charter,1.0,34.0,28.0,27.0,32.0,50.0,13.0,13.0,21.0,1.0,1.0,36.0,16.0,51.0,,,38.0,,1.0,50.0,19.0,38.0,35.0,53.0,26.0,1.0,33.0,45.0,38.0,16.0,1.0,9.0,20.0,22.0,28.0,48.0,,63.0,,38.0,26.0,27.0,32.0,37.0,35.0,46.0,31.0
2024,400168,Great Lakes Academy Charter School,19.0,53.0,41.0,52.0,53.0,17.0,32.0,34.0,21.0,26.0,31.0,35.0,9.0,67.0,,,41.0,,22.0,79.0,37.0,43.0,60.0,43.0,50.0,10.0,40.0,53.0,32.0,32.0,44.0,34.0,25.0,4.0,38.0,47.0,,73.0,,29.0,36.0,36.0,19.0,26.0,35.0,31.0,7.0
2024,400169,Noble - ITW David Speer Academy,39.0,95.0,73.0,65.0,70.0,57.0,54.0,45.0,37.0,39.0,65.0,36.0,26.0,89.0,58.0,,44.0,28.0,30.0,63.0,32.0,58.0,77.0,50.0,71.0,22.0,,49.0,48.0,49.0,87.0,49.0,18.0,18.0,60.0,46.0,66.0,86.0,,56.0,66.0,52.0,23.0,46.0,53.0,41.0,36.0
2024,400170,Noble - The Noble Academy,61.0,99.0,81.0,66.0,67.0,29.0,54.0,61.0,47.0,42.0,66.0,45.0,31.0,89.0,55.0,,49.0,21.0,38.0,62.0,44.0,49.0,79.0,58.0,44.0,24.0,,64.0,68.0,33.0,71.0,50.0,18.0,11.0,57.0,38.0,55.0,61.0,,41.0,66.0,49.0,30.0,35.0,44.0,42.0,53.0
2024,400172,ASPIRA Business and Finance,29.0,87.0,67.0,49.0,62.0,72.0,43.0,18.0,28.0,35.0,60.0,20.0,16.0,75.0,43.0,,43.0,28.0,25.0,51.0,3.0,33.0,64.0,41.0,26.0,4.0,,38.0,25.0,58.0,42.0,33.0,26.0,25.0,54.0,49.0,59.0,24.0,,46.0,79.0,52.0,17.0,31.0,31.0,22.0,39.0
2024,400173,Pathways in Education - Brighton Park,81.0,99.0,96.0,32.0,37.0,58.0,41.0,88.0,83.0,87.0,64.0,60.0,34.0,29.0,46.0,,51.0,33.0,62.0,62.0,87.0,77.0,34.0,62.0,87.0,23.0,,72.0,99.0,53.0,95.0,60.0,47.0,55.0,80.0,75.0,68.0,99.0,,41.0,99.0,65.0,22.0,76.0,81.0,57.0,87.0
2024,400175,Excel Academy of South Shore,81.0,99.0,82.0,75.0,78.0,44.0,39.0,74.0,62.0,73.0,68.0,54.0,66.0,90.0,34.0,,42.0,37.0,54.0,93.0,60.0,60.0,94.0,68.0,52.0,25.0,,79.0,86.0,51.0,76.0,88.0,37.0,59.0,93.0,61.0,63.0,75.0,,44.0,71.0,51.0,31.0,75.0,61.0,45.0,18.0
2024,400176,Excel Academy Southwest,39.0,99.0,68.0,63.0,63.0,33.0,49.0,36.0,25.0,26.0,61.0,46.0,57.0,70.0,17.0,,56.0,35.0,3.0,73.0,46.0,29.0,83.0,65.0,15.0,26.0,,63.0,54.0,35.0,48.0,71.0,32.0,9.0,80.0,62.0,63.0,31.0,,25.0,77.0,47.0,35.0,36.0,7.0,40.0,1.0
2024,400178,Moving Everest Charter School,19.0,50.0,29.0,47.0,40.0,2.0,24.0,35.0,30.0,19.0,12.0,44.0,1.0,55.0,,,23.0,,9.0,54.0,53.0,22.0,51.0,30.0,22.0,1.0,34.0,63.0,50.0,5.0,32.0,25.0,1.0,19.0,1.0,9.0,,40.0,,8.0,6.0,18.0,19.0,16.0,15.0,41.0,29.0
2024,400179,Noble - Mansueto High School,99.0,99.0,71.0,64.0,68.0,62.0,52.0,76.0,68.0,71.0,65.0,64.0,49.0,84.0,66.0,,54.0,54.0,62.0,68.0,81.0,83.0,84.0,83.0,82.0,27.0,,79.0,84.0,40.0,93.0,71.0,25.0,47.0,72.0,46.0,73.0,65.0,,53.0,80.0,61.0,34.0,53.0,83.0,60.0,64.0
2024,400180,KIPP One Academy,71.0,63.0,39.0,62.0,71.0,34.0,40.0,94.0,61.0,50.0,33.0,56.0,10.0,73.0,,,38.0,,54.0,55.0,60.0,63.0,70.0,59.0,82.0,4.0,53.0,72.0,81.0,78.0,80.0,32.0,19.0,30.0,31.0,36.0,,71.0,,50.0,32.0,36.0,36.0,34.0,49.0,55.0,49.0
2024,400181,Art in Motion Charter School,19.0,41.0,18.0,15.0,38.0,37.0,13.0,31.0,31.0,15.0,1.0,44.0,7.0,52.0,33.0,,25.0,1.0,20.0,58.0,64.0,44.0,47.0,73.0,25.0,1.0,,51.0,61.0,38.0,64.0,38.0,1.0,11.0,17.0,23.0,17.0,42.0,,30.0,4.0,14.0,1.0,20.0,35.0,58.0,39.0
2024,400182,Catalyst Maria Charter High School,71.0,81.0,68.0,67.0,72.0,57.0,46.0,69.0,56.0,54.0,61.0,57.0,33.0,83.0,59.0,,43.0,39.0,37.0,76.0,67.0,81.0,82.0,85.0,72.0,29.0,,77.0,73.0,55.0,69.0,44.0,22.0,33.0,57.0,53.0,62.0,99.0,,58.0,79.0,56.0,28.0,53.0,85.0,57.0,49.0
2024,609674,Chicago Vocational Career Academy High School,61.0,75.0,49.0,46.0,57.0,52.0,30.0,57.0,60.0,59.0,28.0,54.0,8.0,66.0,45.0,,35.0,24.0,50.0,69.0,64.0,54.0,66.0,64.0,40.0,12.0,,73.0,86.0,48.0,69.0,29.0,8.0,32.0,53.0,28.0,55.0,99.0,,35.0,55.0,41.0,26.0,20.0,58.0,51.0,64.0
2024,609676,Paul Laurence Dunbar Career Academy High School,50.0,,,,,43.0,,66.0,48.0,30.0,,41.0,,,43.0,,,,35.0,,44.0,47.0,,58.0,43.0,,,56.0,67.0,99.0,64.0,,,37.0,,,,68.0,,40.0,,,21.0,32.0,41.0,44.0,39.0
2024,609678,William Jones College Preparatory High School,50.0,99.0,89.0,86.0,90.0,71.0,75.0,47.0,32.0,25.0,91.0,24.0,80.0,99.0,82.0,,63.0,61.0,17.0,81.0,10.0,58.0,99.0,53.0,61.0,59.0,,29.0,25.0,74.0,41.0,99.0,41.0,36.0,92.0,65.0,80.0,42.0,,70.0,99.0,76.0,30.0,61.0,60.0,26.0,25.0
2024,609679,Charles Allen Prosser Career Academy High School,61.0,96.0,73.0,50.0,63.0,53.0,51.0,70.0,58.0,48.0,63.0,49.0,37.0,83.0,48.0,,47.0,31.0,36.0,66.0,50.0,59.0,55.0,68.0,43.0,26.0,,60.0,60.0,65.0,66.0,58.0,24.0,48.0,60.0,53.0,61.0,77.0,,58.0,71.0,51.0,29.0,54.0,67.0,55.0,65.0
2024,609680,Walter Payton College Preparatory High School,71.0,99.0,93.0,93.0,94.0,73.0,78.0,70.0,45.0,31.0,99.0,32.0,95.0,99.0,95.0,,72.0,78.0,32.0,95.0,12.0,81.0,99.0,75.0,81.0,65.0,,47.0,40.0,83.0,39.0,99.0,54.0,37.0,99.0,76.0,93.0,57.0,,77.0,99.0,85.0,44.0,77.0,87.0,23.0,45.0
2024,609682,Ellen H Richards Career Academy High School,39.0,99.0,90.0,48.0,54.0,34.0,55.0,37.0,39.0,24.0,71.0,52.0,40.0,55.0,26.0,,42.0,50.0,25.0,90.0,50.0,44.0,78.0,63.0,31.0,15.0,,56.0,75.0,33.0,43.0,55.0,23.0,42.0,70.0,51.0,68.0,93.0,,51.0,89.0,52.0,42.0,47.0,39.0,60.0,17.0
2024,609691,North-Grand High School,81.0,88.0,64.0,46.0,60.0,55.0,37.0,64.0,60.0,49.0,57.0,60.0,21.0,82.0,51.0,,47.0,22.0,37.0,74.0,62.0,57.0,64.0,68.0,47.0,1.0,,70.0,84.0,46.0,75.0,53.0,20.0,52.0,60.0,47.0,55.0,99.0,,48.0,74.0,50.0,41.0,42.0,57.0,67.0,51.0
2024,609692,Neal F Simeon Career Academy High School,61.0,99.0,82.0,77.0,85.0,,55.0,,,,68.0,,49.0,99.0,,,49.0,46.0,,80.0,,,80.0,,,51.0,,,,,,78.0,19.0,,64.0,34.0,63.0,,,,61.0,48.0,,,,,
2024,609693,George Westinghouse College Prep,99.0,74.0,60.0,62.0,79.0,63.0,54.0,99.0,73.0,59.0,65.0,65.0,23.0,99.0,87.0,,29.0,22.0,68.0,85.0,73.0,73.0,73.0,76.0,64.0,28.0,,78.0,71.0,80.0,78.0,49.0,19.0,59.0,62.0,50.0,63.0,99.0,,58.0,72.0,60.0,48.0,61.0,79.0,62.0,79.0
2024,609694,John Hancock College Preparatory High School,71.0,99.0,92.0,94.0,96.0,83.0,77.0,61.0,37.0,30.0,96.0,50.0,86.0,99.0,68.0,,67.0,67.0,17.0,80.0,48.0,63.0,99.0,62.0,52.0,53.0,,72.0,49.0,91.0,20.0,92.0,55.0,44.0,96.0,88.0,92.0,66.0,,74.0,99.0,79.0,43.0,95.0,74.0,38.0,1.0
2024,609695,Roald Amundsen High School,71.0,87.0,60.0,73.0,75.0,59.0,52.0,71.0,57.0,40.0,62.0,56.0,60.0,97.0,58.0,,72.0,33.0,36.0,82.0,48.0,72.0,81.0,76.0,70.0,51.0,,65.0,60.0,49.0,69.0,79.0,35.0,59.0,78.0,47.0,67.0,88.0,,54.0,75.0,59.0,48.0,52.0,69.0,62.0,54.0
2024,609698,William J Bogan High School,71.0,77.0,43.0,38.0,55.0,51.0,32.0,75.0,63.0,44.0,35.0,54.0,24.0,69.0,45.0,,43.0,11.0,48.0,49.0,71.0,66.0,61.0,84.0,61.0,10.0,,70.0,97.0,51.0,68.0,45.0,17.0,52.0,50.0,37.0,52.0,93.0,,56.0,55.0,42.0,33.0,52.0,52.0,43.0,49.0
2024,609704,David G Farragut Career Academy High School,19.0,99.0,64.0,46.0,54.0,54.0,34.0,45.0,34.0,20.0,42.0,39.0,23.0,63.0,29.0,,41.0,24.0,17.0,57.0,30.0,35.0,68.0,51.0,18.0,9.0,,47.0,44.0,38.0,45.0,55.0,16.0,21.0,63.0,41.0,55.0,49.0,,37.0,69.0,42.0,35.0,20.0,36.0,43.0,41.0
2024,609705,Christian Fenger Academy High School,39.0,99.0,67.0,71.0,65.0,19.0,56.0,51.0,46.0,27.0,47.0,36.0,27.0,89.0,32.0,,41.0,33.0,35.0,84.0,44.0,38.0,75.0,58.0,20.0,22.0,,54.0,70.0,23.0,46.0,47.0,16.0,22.0,56.0,36.0,64.0,63.0,,26.0,54.0,42.0,12.0,33.0,37.0,35.0,58.0
2024,609708,Edwin G. Foreman College and Career Academy,19.0,97.0,73.0,42.0,57.0,39.0,38.0,54.0,22.0,4.0,65.0,23.0,26.0,64.0,20.0,,46.0,29.0,1.0,65.0,19.0,32.0,79.0,46.0,25.0,10.0,,48.0,30.0,44.0,38.0,55.0,18.0,22.0,61.0,46.0,63.0,15.0,,35.0,78.0,45.0,6.0,29.0,26.0,17.0,1.0
2024,609709,Gage Park High School,61.0,99.0,82.0,48.0,64.0,64.0,47.0,56.0,56.0,44.0,64.0,45.0,19.0,70.0,41.0,,53.0,34.0,60.0,60.0,50.0,49.0,76.0,70.0,29.0,7.0,,69.0,81.0,60.0,67.0,52.0,20.0,29.0,59.0,44.0,57.0,98.0,,43.0,71.0,47.0,23.0,46.0,49.0,37.0,72.0
2024,609710,John M Harlan Community Academy High School,1.0,52.0,9.0,1.0,26.0,20.0,1.0,58.0,33.0,25.0,1.0,24.0,12.0,45.0,21.0,,34.0,1.0,19.0,39.0,39.0,27.0,56.0,39.0,19.0,1.0,,47.0,34.0,1.0,65.0,37.0,7.0,1.0,35.0,34.0,27.0,47.0,,9.0,23.0,20.0,3.0,11.0,24.0,8.0,47.0
2024,609712,Emil G Hirsch Metropolitan High School,39.0,99.0,78.0,68.0,56.0,30.0,35.0,64.0,43.0,35.0,65.0,44.0,26.0,73.0,25.0,,33.0,3.0,30.0,67.0,51.0,41.0,74.0,44.0,37.0,16.0,,60.0,51.0,9.0,49.0,80.0,11.0,32.0,43.0,38.0,61.0,59.0,,19.0,50.0,37.0,22.0,29.0,43.0,42.0,35.0
2024,609713,Hyde Park Academy High School,19.0,94.0,62.0,53.0,61.0,36.0,39.0,49.0,38.0,34.0,53.0,33.0,27.0,76.0,32.0,,42.0,18.0,21.0,68.0,34.0,32.0,84.0,30.0,27.0,30.0,,55.0,37.0,30.0,45.0,60.0,13.0,13.0,42.0,30.0,44.0,58.0,,31.0,38.0,32.0,20.0,12.0,40.0,24.0,56.0
2024,609715,Thomas Kelly College Preparatory,50.0,88.0,60.0,40.0,54.0,54.0,38.0,50.0,42.0,32.0,52.0,43.0,23.0,69.0,38.0,,50.0,31.0,20.0,62.0,45.0,46.0,60.0,56.0,37.0,1.0,,49.0,60.0,45.0,33.0,54.0,17.0,44.0,63.0,30.0,58.0,51.0,,51.0,75.0,47.0,31.0,36.0,44.0,48.0,26.0
2024,609716,Kelvyn Park High School,39.0,85.0,63.0,29.0,48.0,35.0,36.0,42.0,47.0,37.0,53.0,39.0,26.0,65.0,33.0,,52.0,9.0,44.0,58.0,41.0,43.0,74.0,63.0,33.0,1.0,,57.0,61.0,25.0,49.0,55.0,20.0,39.0,63.0,41.0,51.0,99.0,,38.0,77.0,45.0,21.0,51.0,32.0,38.0,55.0
2024,609718,John F Kennedy High School,39.0,84.0,61.0,54.0,60.0,43.0,44.0,54.0,38.0,30.0,52.0,38.0,33.0,75.0,40.0,,54.0,15.0,31.0,76.0,39.0,45.0,64.0,55.0,38.0,20.0,,50.0,53.0,45.0,53.0,45.0,20.0,29.0,56.0,35.0,56.0,79.0,,48.0,72.0,47.0,31.0,27.0,42.0,33.0,23.0
2024,609719,Lake View High School,50.0,98.0,71.0,58.0,69.0,52.0,52.0,72.0,43.0,39.0,63.0,28.0,43.0,83.0,47.0,,60.0,48.0,46.0,75.0,20.0,49.0,89.0,49.0,43.0,29.0,,38.0,22.0,45.0,71.0,74.0,23.0,19.0,69.0,45.0,65.0,65.0,,43.0,74.0,52.0,28.0,31.0,54.0,25.0,64.0
2024,609722,Manley Career Academy High School,39.0,91.0,38.0,22.0,58.0,,23.0,,,,19.0,,32.0,66.0,,,47.0,21.0,,70.0,,,87.0,,,37.0,,,,,,38.0,20.0,,53.0,49.0,49.0,,,,35.0,35.0,,,,,
2024,609723,John Marshall Metropolitan High School,91.0,99.0,77.0,61.0,74.0,55.0,39.0,64.0,69.0,70.0,52.0,70.0,30.0,96.0,48.0,,53.0,40.0,48.0,88.0,75.0,65.0,90.0,86.0,48.0,33.0,,84.0,84.0,50.0,69.0,77.0,18.0,58.0,69.0,40.0,63.0,99.0,,40.0,54.0,46.0,47.0,44.0,60.0,72.0,71.0
2024,609724,Stephen T Mather High School,50.0,90.0,61.0,51.0,58.0,48.0,45.0,63.0,51.0,42.0,61.0,45.0,31.0,72.0,45.0,,49.0,31.0,39.0,73.0,51.0,46.0,61.0,62.0,31.0,12.0,,55.0,51.0,47.0,58.0,64.0,17.0,52.0,60.0,39.0,60.0,81.0,,52.0,73.0,49.0,29.0,36.0,44.0,45.0,47.0
2024,609725,Morgan Park High School,71.0,94.0,56.0,66.0,63.0,33.0,50.0,64.0,49.0,39.0,64.0,56.0,32.0,89.0,53.0,,49.0,28.0,36.0,59.0,61.0,60.0,81.0,77.0,48.0,26.0,,64.0,68.0,16.0,58.0,75.0,21.0,28.0,54.0,38.0,60.0,88.0,,33.0,57.0,48.0,35.0,32.0,56.0,62.0,48.0
2024,609726,Gwendolyn Brooks College Preparatory Academy HS,81.0,98.0,74.0,92.0,92.0,74.0,71.0,52.0,54.0,43.0,89.0,55.0,68.0,97.0,85.0,,48.0,46.0,28.0,71.0,50.0,69.0,90.0,66.0,74.0,61.0,,71.0,69.0,89.0,34.0,99.0,38.0,61.0,83.0,70.0,83.0,48.0,,64.0,81.0,72.0,48.0,75.0,67.0,50.0,45.0
2024,609727,Wendell Phillips Academy High School,39.0,99.0,79.0,70.0,71.0,44.0,46.0,77.0,37.0,23.0,68.0,32.0,39.0,95.0,27.0,,47.0,43.0,13.0,66.0,26.0,42.0,72.0,56.0,38.0,25.0,,49.0,34.0,48.0,49.0,66.0,17.0,25.0,58.0,45.0,64.0,54.0,,33.0,57.0,41.0,17.0,35.0,32.0,34.0,28.0
2024,609728,Theodore Roosevelt High School,50.0,81.0,62.0,38.0,48.0,45.0,32.0,64.0,50.0,34.0,58.0,54.0,20.0,65.0,36.0,,43.0,17.0,29.0,66.0,51.0,53.0,58.0,64.0,46.0,1.0,,61.0,59.0,32.0,60.0,49.0,14.0,43.0,58.0,39.0,54.0,79.0,,47.0,79.0,46.0,39.0,33.0,48.0,63.0,50.0
2024,609729,Carl Schurz High School,61.0,89.0,57.0,44.0,52.0,44.0,37.0,65.0,50.0,33.0,52.0,52.0,21.0,67.0,42.0,,52.0,25.0,35.0,76.0,55.0,65.0,60.0,87.0,59.0,1.0,,55.0,72.0,38.0,46.0,51.0,16.0,43.0,54.0,35.0,57.0,85.0,,42.0,77.0,48.0,40.0,26.0,48.0,56.0,39.0
2024,609730,Nicholas Senn High School,29.0,90.0,64.0,59.0,63.0,44.0,53.0,70.0,33.0,27.0,68.0,16.0,32.0,85.0,48.0,,50.0,17.0,29.0,82.0,2.0,39.0,79.0,36.0,42.0,17.0,,37.0,13.0,29.0,51.0,64.0,10.0,7.0,61.0,29.0,59.0,55.0,,33.0,71.0,47.0,22.0,15.0,40.0,1.0,48.0
2024,609732,Charles P Steinmetz College Preparatory HS,10.0,93.0,65.0,46.0,50.0,20.0,43.0,41.0,11.0,13.0,58.0,4.0,26.0,75.0,14.0,,50.0,28.0,4.0,68.0,1.0,18.0,71.0,28.0,21.0,2.0,,13.0,1.0,7.0,35.0,59.0,14.0,1.0,49.0,34.0,57.0,23.0,,24.0,68.0,38.0,1.0,16.0,5.0,1.0,1.0
2024,609733,Roger C Sullivan High School,19.0,,,,,58.0,,55.0,25.0,19.0,,28.0,,,42.0,,,,7.0,,5.0,38.0,,46.0,23.0,,,50.0,29.0,46.0,41.0,,,18.0,,,,20.0,,40.0,,,32.0,43.0,45.0,24.0,2.0
2024,609734,William Howard Taft High School,50.0,83.0,57.0,48.0,59.0,48.0,44.0,74.0,51.0,35.0,51.0,41.0,46.0,84.0,48.0,,64.0,15.0,36.0,73.0,44.0,49.0,64.0,54.0,47.0,24.0,,61.0,54.0,40.0,71.0,61.0,27.0,36.0,64.0,40.0,55.0,86.0,,46.0,73.0,51.0,25.0,34.0,47.0,32.0,56.0
2024,609735,Edward Tilden Career Community Academy HS,39.0,73.0,58.0,45.0,66.0,44.0,43.0,51.0,39.0,19.0,38.0,46.0,28.0,83.0,30.0,,41.0,29.0,15.0,80.0,53.0,24.0,95.0,39.0,1.0,1.0,,66.0,61.0,42.0,51.0,53.0,14.0,33.0,51.0,38.0,60.0,76.0,,43.0,64.0,42.0,23.0,38.0,31.0,43.0,30.0
2024,609737,Friedrich W von Steuben Metropolitan Science HS,50.0,90.0,66.0,74.0,71.0,63.0,54.0,71.0,39.0,35.0,78.0,21.0,58.0,91.0,57.0,,55.0,32.0,23.0,78.0,13.0,57.0,66.0,50.0,55.0,38.0,,29.0,18.0,52.0,52.0,75.0,35.0,40.0,76.0,61.0,68.0,77.0,,58.0,85.0,61.0,30.0,58.0,67.0,12.0,31.0
2024,609740,Wells Community Academy High School,50.0,99.0,76.0,48.0,54.0,33.0,41.0,48.0,54.0,47.0,65.0,40.0,24.0,67.0,47.0,,57.0,29.0,54.0,69.0,37.0,46.0,66.0,50.0,36.0,1.0,,67.0,65.0,36.0,54.0,83.0,17.0,39.0,60.0,36.0,61.0,99.0,,35.0,67.0,48.0,28.0,28.0,52.0,27.0,71.0
2024,609741,Gurdon S Hubbard High School,71.0,90.0,62.0,45.0,59.0,57.0,42.0,60.0,62.0,47.0,54.0,55.0,24.0,70.0,48.0,,51.0,29.0,49.0,74.0,62.0,63.0,58.0,85.0,48.0,7.0,,65.0,84.0,63.0,63.0,54.0,20.0,64.0,60.0,41.0,58.0,99.0,,48.0,80.0,52.0,36.0,39.0,57.0,57.0,57.0
2024,609745,Southside Occupational Academy High School,99.0,99.0,99.0,82.0,76.0,66.0,81.0,64.0,82.0,87.0,99.0,81.0,87.0,58.0,36.0,,46.0,99.0,78.0,50.0,84.0,88.0,99.0,99.0,80.0,99.0,,99.0,99.0,66.0,97.0,99.0,70.0,83.0,99.0,75.0,95.0,99.0,,75.0,99.0,75.0,65.0,69.0,86.0,76.0,78.0
2024,609746,Kenwood Academy High School,81.0,99.0,89.0,98.0,90.0,64.0,75.0,74.0,59.0,49.0,97.0,56.0,62.0,99.0,83.0,,60.0,61.0,46.0,74.0,57.0,85.0,85.0,79.0,81.0,57.0,,63.0,65.0,77.0,67.0,82.0,34.0,55.0,70.0,53.0,88.0,99.0,,57.0,89.0,74.0,49.0,59.0,94.0,55.0,54.0
2024,609748,Consuella B York Alternative High School,61.0,99.0,94.0,70.0,79.0,35.0,56.0,57.0,52.0,37.0,70.0,63.0,61.0,95.0,15.0,,70.0,61.0,15.0,87.0,62.0,37.0,99.0,37.0,29.0,34.0,,89.0,86.0,50.0,66.0,89.0,36.0,37.0,89.0,64.0,72.0,70.0,,40.0,95.0,55.0,48.0,37.0,44.0,51.0,41.0
2024,609750,Simpson Academy HS for Young Women,99.0,99.0,99.0,99.0,99.0,99.0,88.0,68.0,80.0,82.0,99.0,85.0,99.0,99.0,69.0,,76.0,99.0,66.0,99.0,91.0,99.0,99.0,99.0,99.0,99.0,,99.0,99.0,99.0,79.0,99.0,65.0,90.0,99.0,66.0,99.0,87.0,,62.0,99.0,83.0,63.0,86.0,99.0,86.0,60.0
2024,609751,Dr  Martin Luther King  Jr  College Prep HS,39.0,99.0,83.0,81.0,80.0,42.0,70.0,65.0,36.0,22.0,90.0,31.0,52.0,98.0,55.0,,45.0,43.0,17.0,73.0,31.0,52.0,95.0,49.0,42.0,46.0,,56.0,38.0,45.0,41.0,68.0,28.0,19.0,75.0,53.0,73.0,99.0,,54.0,74.0,58.0,11.0,46.0,64.0,24.0,38.0
2024,609753,Chicago High School for Agricultural Sciences,91.0,82.0,58.0,62.0,59.0,64.0,40.0,68.0,70.0,56.0,68.0,68.0,53.0,82.0,70.0,,67.0,35.0,58.0,65.0,70.0,77.0,55.0,81.0,74.0,46.0,,90.0,85.0,36.0,50.0,83.0,36.0,68.0,72.0,57.0,64.0,99.0,,59.0,72.0,61.0,45.0,65.0,75.0,67.0,75.0
2024,609754,Chicago Military Academy High School,39.0,97.0,69.0,83.0,69.0,38.0,42.0,24.0,8.0,13.0,58.0,5.0,42.0,81.0,37.0,,35.0,44.0,1.0,71.0,1.0,42.0,74.0,37.0,48.0,22.0,,17.0,1.0,38.0,11.0,47.0,18.0,1.0,71.0,48.0,62.0,6.0,,38.0,63.0,45.0,1.0,54.0,42.0,1.0,1.0
2024,609755,Whitney M Young Magnet High School,99.0,99.0,76.0,94.0,92.0,82.0,67.0,44.0,65.0,51.0,84.0,67.0,82.0,95.0,97.0,,73.0,62.0,50.0,89.0,58.0,98.0,83.0,99.0,96.0,59.0,,78.0,84.0,94.0,50.0,99.0,52.0,76.0,98.0,79.0,85.0,90.0,,85.0,97.0,83.0,54.0,85.0,99.0,77.0,71.0
2024,609756,Marie Sklodowska Curie Metropolitan High School,29.0,77.0,53.0,43.0,54.0,53.0,37.0,52.0,35.0,27.0,47.0,25.0,24.0,61.0,38.0,,48.0,14.0,24.0,62.0,33.0,45.0,56.0,57.0,41.0,4.0,,43.0,38.0,54.0,46.0,55.0,17.0,27.0,58.0,38.0,50.0,90.0,,43.0,64.0,42.0,14.0,23.0,36.0,11.0,32.0
2024,609759,Roberto Clemente Community Academy High School,19.0,93.0,55.0,48.0,60.0,38.0,38.0,22.0,9.0,1.0,49.0,12.0,30.0,77.0,19.0,,50.0,16.0,1.0,77.0,2.0,30.0,79.0,36.0,33.0,1.0,,22.0,16.0,35.0,11.0,68.0,14.0,1.0,54.0,30.0,47.0,30.0,,44.0,52.0,33.0,22.0,21.0,21.0,1.0,3.0
2024,609760,George Washington Carver Military Academy HS,39.0,93.0,65.0,46.0,57.0,40.0,45.0,50.0,48.0,32.0,55.0,39.0,46.0,73.0,43.0,,52.0,24.0,29.0,64.0,47.0,44.0,69.0,56.0,33.0,29.0,,48.0,64.0,39.0,45.0,72.0,29.0,39.0,67.0,48.0,56.0,71.0,,40.0,69.0,49.0,26.0,59.0,44.0,34.0,54.0
2024,609761,George H Corliss High School,19.0,99.0,74.0,64.0,58.0,31.0,44.0,51.0,33.0,28.0,65.0,33.0,50.0,86.0,36.0,,61.0,32.0,28.0,78.0,31.0,37.0,76.0,61.0,16.0,32.0,,57.0,54.0,6.0,15.0,94.0,23.0,13.0,65.0,36.0,60.0,77.0,,26.0,59.0,45.0,22.0,40.0,33.0,23.0,18.0
2024,609762,Percy L Julian High School,81.0,99.0,59.0,70.0,72.0,48.0,39.0,59.0,58.0,46.0,51.0,63.0,37.0,88.0,49.0,,47.0,41.0,41.0,69.0,76.0,62.0,76.0,88.0,62.0,26.0,,79.0,99.0,55.0,56.0,86.0,17.0,51.0,63.0,28.0,55.0,99.0,,40.0,66.0,47.0,32.0,34.0,37.0,63.0,33.0
2024,609764,Benito Juarez Community Academy High School,61.0,78.0,60.0,46.0,56.0,52.0,41.0,66.0,56.0,42.0,51.0,52.0,22.0,72.0,51.0,,46.0,9.0,39.0,78.0,58.0,69.0,68.0,86.0,59.0,9.0,,66.0,75.0,38.0,73.0,29.0,19.0,46.0,55.0,44.0,54.0,92.0,,44.0,75.0,50.0,38.0,43.0,63.0,46.0,53.0
2024,609766,Jacqueline B Vaughn Occupational High School,81.0,,,,,57.0,,68.0,68.0,63.0,,67.0,,,5.0,,,,47.0,,72.0,81.0,,99.0,66.0,,,84.0,81.0,77.0,76.0,,,70.0,,,,99.0,,67.0,,,50.0,55.0,79.0,61.0,58.0
2024,609769,Ray Graham Training Center High School,81.0,99.0,64.0,54.0,55.0,63.0,41.0,42.0,74.0,65.0,51.0,65.0,65.0,33.0,24.0,,59.0,60.0,60.0,65.0,71.0,87.0,55.0,93.0,85.0,56.0,,84.0,95.0,78.0,73.0,88.0,39.0,76.0,92.0,46.0,64.0,95.0,,68.0,86.0,53.0,47.0,65.0,83.0,57.0,91.0
2024,609772,Jane Addams Elementary School,29.0,49.0,34.0,35.0,37.0,34.0,24.0,53.0,56.0,43.0,19.0,55.0,32.0,41.0,,,57.0,,55.0,67.0,60.0,51.0,39.0,44.0,51.0,1.0,55.0,68.0,75.0,31.0,67.0,20.0,28.0,57.0,34.0,43.0,,54.0,,47.0,39.0,39.0,38.0,43.0,57.0,53.0,53.0
2024,609773,Harriet Tubman Elementary School,39.0,27.0,26.0,44.0,46.0,17.0,28.0,45.0,46.0,35.0,24.0,37.0,29.0,56.0,,,58.0,,45.0,55.0,31.0,80.0,44.0,79.0,79.0,26.0,37.0,62.0,49.0,38.0,71.0,28.0,45.0,37.0,60.0,41.0,,91.0,,40.0,34.0,36.0,43.0,37.0,83.0,12.0,63.0
2024,609774,Louisa May Alcott College Preparatory ES,81.0,33.0,30.0,52.0,66.0,53.0,48.0,61.0,63.0,52.0,10.0,58.0,37.0,70.0,,,66.0,,47.0,80.0,54.0,83.0,65.0,77.0,90.0,39.0,59.0,69.0,84.0,76.0,65.0,44.0,54.0,62.0,66.0,69.0,,59.0,,73.0,38.0,45.0,48.0,56.0,83.0,60.0,57.0
2024,609777,Phillip D Armour Elementary School,91.0,73.0,74.0,68.0,80.0,62.0,56.0,69.0,72.0,74.0,47.0,66.0,23.0,94.0,,,31.0,,76.0,54.0,72.0,66.0,85.0,60.0,64.0,1.0,63.0,99.0,82.0,72.0,62.0,28.0,37.0,54.0,61.0,48.0,,82.0,,58.0,53.0,57.0,45.0,60.0,74.0,46.0,81.0
2024,609779,George Armstrong International Studies ES,91.0,65.0,53.0,57.0,68.0,60.0,54.0,69.0,69.0,53.0,46.0,67.0,37.0,72.0,,,49.0,,59.0,66.0,74.0,63.0,76.0,70.0,57.0,11.0,61.0,81.0,85.0,65.0,83.0,40.0,31.0,69.0,51.0,54.0,,77.0,,46.0,47.0,48.0,47.0,57.0,63.0,65.0,71.0
2024,609782,John J Audubon Elementary School,99.0,58.0,53.0,72.0,64.0,56.0,63.0,60.0,70.0,62.0,41.0,69.0,61.0,69.0,,,99.0,,56.0,81.0,71.0,83.0,68.0,68.0,87.0,43.0,66.0,89.0,83.0,45.0,63.0,53.0,68.0,59.0,99.0,99.0,,99.0,,63.0,65.0,63.0,51.0,65.0,93.0,63.0,84.0
2024,609783,Nancy B Jefferson Alternative High School,71.0,99.0,66.0,41.0,71.0,33.0,27.0,68.0,67.0,71.0,46.0,62.0,22.0,78.0,39.0,,57.0,15.0,54.0,73.0,74.0,56.0,99.0,68.0,34.0,16.0,,95.0,87.0,66.0,76.0,57.0,22.0,64.0,49.0,42.0,44.0,86.0,,66.0,30.0,34.0,28.0,58.0,67.0,52.0,43.0
2024,609786,Avalon Park Elementary School,81.0,91.0,87.0,78.0,85.0,75.0,78.0,59.0,61.0,57.0,59.0,63.0,33.0,99.0,,,45.0,,68.0,67.0,70.0,50.0,99.0,66.0,33.0,16.0,60.0,81.0,89.0,62.0,64.0,30.0,35.0,42.0,74.0,18.0,,98.0,,43.0,52.0,59.0,47.0,52.0,50.0,53.0,57.0
2024,609788,Alice L Barnard Computer Math & Science Ctr ES,1.0,47.0,25.0,54.0,38.0,1.0,36.0,16.0,30.0,26.0,10.0,39.0,1.0,51.0,,,38.0,,25.0,47.0,43.0,35.0,44.0,35.0,28.0,1.0,30.0,59.0,52.0,1.0,26.0,6.0,16.0,25.0,11.0,28.0,,42.0,,9.0,14.0,21.0,29.0,34.0,42.0,25.0,31.0
2024,609789,John Barry Elementary School,61.0,82.0,63.0,67.0,70.0,37.0,55.0,24.0,33.0,23.0,22.0,43.0,39.0,80.0,,,60.0,,31.0,53.0,24.0,63.0,76.0,60.0,67.0,1.0,78.0,60.0,47.0,56.0,26.0,52.0,40.0,36.0,82.0,48.0,,42.0,,36.0,52.0,58.0,45.0,48.0,61.0,42.0,33.0
2024,609790,Clara Barton Elementary School,29.0,75.0,48.0,57.0,62.0,35.0,40.0,46.0,39.0,20.0,23.0,46.0,20.0,72.0,,,38.0,,22.0,70.0,49.0,32.0,73.0,36.0,29.0,8.0,61.0,58.0,65.0,44.0,69.0,31.0,15.0,30.0,42.0,28.0,,59.0,,25.0,27.0,38.0,34.0,34.0,32.0,41.0,36.0
2024,609791,Perkins Bass Elementary School,61.0,74.0,57.0,68.0,69.0,40.0,58.0,53.0,54.0,44.0,46.0,49.0,27.0,78.0,,,41.0,,47.0,56.0,70.0,55.0,82.0,71.0,41.0,28.0,80.0,55.0,78.0,48.0,60.0,41.0,30.0,44.0,55.0,34.0,,92.0,,8.0,42.0,52.0,34.0,47.0,52.0,38.0,52.0
2024,609792,Newton Bateman Elementary School,81.0,64.0,40.0,50.0,55.0,65.0,37.0,77.0,72.0,56.0,37.0,67.0,43.0,54.0,,,67.0,,68.0,64.0,73.0,77.0,56.0,85.0,70.0,27.0,56.0,85.0,96.0,61.0,79.0,29.0,49.0,65.0,67.0,69.0,,97.0,,64.0,59.0,51.0,49.0,61.0,77.0,59.0,66.0
2024,609793,Lillian R. Nicholson STEM Academy,19.0,52.0,32.0,41.0,45.0,11.0,22.0,34.0,33.0,27.0,1.0,40.0,12.0,54.0,,,38.0,,24.0,57.0,38.0,31.0,59.0,53.0,15.0,1.0,44.0,59.0,57.0,24.0,40.0,20.0,5.0,24.0,17.0,16.0,,70.0,,1.0,14.0,24.0,23.0,15.0,25.0,40.0,23.0
2024,609794,Thomas A Edison Regional Gifted Center ES,81.0,31.0,26.0,49.0,64.0,66.0,51.0,63.0,54.0,41.0,26.0,63.0,27.0,60.0,,,64.0,,42.0,42.0,67.0,92.0,63.0,85.0,94.0,66.0,62.0,79.0,72.0,85.0,56.0,51.0,61.0,35.0,87.0,89.0,,92.0,,75.0,53.0,51.0,49.0,62.0,96.0,55.0,61.0
2024,609795,George Rogers Clark Elementary School,91.0,74.0,64.0,71.0,68.0,57.0,59.0,49.0,64.0,69.0,54.0,63.0,52.0,60.0,,,62.0,,58.0,18.0,63.0,89.0,80.0,85.0,88.0,55.0,76.0,88.0,99.0,59.0,62.0,41.0,40.0,40.0,65.0,71.0,,99.0,,36.0,40.0,55.0,52.0,61.0,94.0,49.0,63.0
2024,609796,Jean Baptiste Beaubien Elementary School,71.0,55.0,49.0,62.0,61.0,44.0,61.0,38.0,52.0,52.0,50.0,56.0,57.0,63.0,,,67.0,,35.0,70.0,57.0,70.0,53.0,67.0,70.0,34.0,56.0,68.0,57.0,66.0,63.0,51.0,51.0,65.0,85.0,57.0,,93.0,,56.0,58.0,54.0,44.0,37.0,73.0,56.0,49.0
2024,609797,Jacob Beidler Elementary School,50.0,70.0,48.0,63.0,66.0,55.0,36.0,64.0,44.0,29.0,31.0,51.0,24.0,61.0,,,50.0,,16.0,49.0,48.0,49.0,74.0,34.0,65.0,1.0,64.0,66.0,54.0,65.0,56.0,35.0,20.0,36.0,30.0,50.0,,73.0,,43.0,25.0,39.0,43.0,32.0,49.0,47.0,35.0
2024,609798,Hiram H Belding Elementary School,81.0,40.0,47.0,36.0,54.0,73.0,43.0,57.0,76.0,79.0,1.0,77.0,19.0,40.0,,,64.0,,83.0,77.0,76.0,85.0,66.0,88.0,69.0,21.0,49.0,96.0,97.0,72.0,70.0,41.0,45.0,77.0,68.0,61.0,,99.0,,67.0,52.0,48.0,60.0,64.0,99.0,74.0,70.0
2024,609799,Alexander Graham Bell Elementary School,61.0,40.0,32.0,47.0,54.0,71.0,49.0,30.0,43.0,28.0,26.0,41.0,41.0,52.0,,,86.0,,17.0,60.0,40.0,74.0,55.0,72.0,77.0,42.0,69.0,31.0,60.0,61.0,32.0,59.0,61.0,48.0,84.0,81.0,,45.0,,75.0,58.0,55.0,47.0,46.0,72.0,47.0,49.0
2024,609800,Frank I Bennett Elementary School,39.0,51.0,30.0,34.0,44.0,,30.0,56.0,52.0,31.0,9.0,51.0,1.0,42.0,,,33.0,,24.0,38.0,53.0,54.0,55.0,67.0,50.0,8.0,52.0,63.0,81.0,,39.0,34.0,15.0,49.0,34.0,47.0,,45.0,,,24.0,30.0,42.0,44.0,45.0,46.0,44.0
2024,609803,James G Blaine Elementary School,71.0,50.0,37.0,63.0,75.0,80.0,49.0,65.0,55.0,30.0,26.0,56.0,47.0,62.0,,,89.0,,36.0,28.0,52.0,76.0,77.0,72.0,80.0,47.0,60.0,76.0,69.0,96.0,52.0,57.0,58.0,65.0,79.0,82.0,,69.0,,77.0,48.0,51.0,43.0,57.0,77.0,51.0,44.0
2024,609804,Mosaic School of Fine Arts,50.0,81.0,70.0,69.0,70.0,57.0,75.0,51.0,29.0,16.0,53.0,36.0,42.0,77.0,,,63.0,,1.0,90.0,35.0,42.0,83.0,44.0,42.0,39.0,80.0,39.0,52.0,52.0,35.0,61.0,51.0,25.0,84.0,56.0,,64.0,,28.0,72.0,68.0,40.0,49.0,40.0,28.0,1.0
2024,609805,Scott Joplin Elementary School,50.0,71.0,61.0,80.0,72.0,53.0,59.0,34.0,48.0,49.0,55.0,47.0,24.0,86.0,,,52.0,,48.0,47.0,50.0,28.0,76.0,31.0,16.0,30.0,74.0,66.0,63.0,46.0,49.0,49.0,32.0,41.0,68.0,49.0,,99.0,,24.0,43.0,53.0,23.0,32.0,38.0,49.0,52.0
2024,609806,Myra Bradwell Communications Arts & Sciences ES,10.0,68.0,49.0,57.0,55.0,13.0,30.0,29.0,21.0,12.0,1.0,36.0,10.0,61.0,,,33.0,,1.0,27.0,37.0,18.0,68.0,36.0,1.0,24.0,43.0,44.0,49.0,34.0,26.0,24.0,14.0,9.0,37.0,21.0,,66.0,,1.0,45.0,38.0,25.0,25.0,18.0,36.0,8.0
2024,609807,Lionel Hampton Fine & Performing Arts ES,39.0,43.0,30.0,40.0,51.0,,22.0,,,,1.0,,1.0,62.0,,,40.0,,,58.0,,,51.0,,,1.0,53.0,,,,,20.0,4.0,,12.0,23.0,,,,,19.0,27.0,,,,,
2024,609808,Alex Haley Elementary Academy,81.0,65.0,51.0,67.0,71.0,63.0,37.0,63.0,58.0,46.0,58.0,63.0,33.0,70.0,,,51.0,,49.0,66.0,62.0,60.0,68.0,70.0,48.0,17.0,49.0,82.0,78.0,80.0,67.0,30.0,26.0,52.0,50.0,54.0,,98.0,,54.0,40.0,42.0,39.0,48.0,63.0,70.0,50.0
2024,609809,Lorenz Brentano Math & Science Academy ES,81.0,65.0,46.0,57.0,64.0,50.0,54.0,52.0,59.0,49.0,23.0,64.0,49.0,51.0,,,68.0,,58.0,77.0,54.0,80.0,73.0,83.0,78.0,39.0,59.0,75.0,74.0,73.0,58.0,48.0,50.0,69.0,82.0,53.0,,67.0,,54.0,60.0,54.0,55.0,57.0,79.0,70.0,49.0
2024,609810,Norman A Bridge Elementary School,50.0,46.0,45.0,34.0,57.0,66.0,51.0,37.0,44.0,32.0,32.0,48.0,19.0,66.0,,,50.0,,27.0,60.0,38.0,53.0,74.0,58.0,48.0,1.0,52.0,64.0,58.0,53.0,34.0,23.0,36.0,46.0,48.0,37.0,,49.0,,45.0,46.0,45.0,45.0,51.0,53.0,44.0,48.0
2024,609811,Orville T Bright Elementary School,29.0,56.0,36.0,43.0,42.0,1.0,30.0,22.0,33.0,18.0,17.0,44.0,36.0,48.0,,,31.0,,49.0,41.0,41.0,49.0,60.0,60.0,52.0,6.0,53.0,66.0,49.0,17.0,44.0,22.0,14.0,18.0,30.0,46.0,,78.0,,8.0,34.0,34.0,37.0,31.0,36.0,32.0,60.0
2024,609812,William H Brown STEM Magnet Elementary School,61.0,85.0,66.0,73.0,74.0,16.0,50.0,44.0,49.0,41.0,31.0,47.0,26.0,81.0,,,52.0,,60.0,67.0,64.0,59.0,76.0,64.0,54.0,14.0,66.0,51.0,73.0,66.0,65.0,41.0,33.0,24.0,52.0,50.0,,97.0,,38.0,33.0,50.0,34.0,30.0,58.0,38.0,61.0
2024,609813,Charles S Brownell Elementary School,29.0,78.0,74.0,53.0,60.0,,59.0,9.0,25.0,39.0,99.0,22.0,28.0,73.0,,,43.0,,27.0,,13.0,17.0,55.0,25.0,15.0,84.0,74.0,51.0,20.0,,3.0,47.0,18.0,1.0,46.0,44.0,,41.0,,,55.0,55.0,22.0,31.0,12.0,1.0,55.0
2024,609815,Edward A Bouchet Math & Science Academy ES,71.0,85.0,70.0,85.0,78.0,36.0,69.0,82.0,61.0,56.0,59.0,56.0,40.0,89.0,,,40.0,,62.0,57.0,57.0,57.0,87.0,63.0,55.0,36.0,70.0,77.0,77.0,49.0,74.0,49.0,27.0,36.0,46.0,37.0,,99.0,,24.0,37.0,51.0,40.0,39.0,54.0,50.0,52.0
2024,609817,Lyman A Budlong Elementary School,71.0,58.0,47.0,56.0,65.0,58.0,50.0,55.0,53.0,45.0,56.0,47.0,42.0,63.0,,,69.0,,56.0,56.0,51.0,70.0,71.0,68.0,70.0,9.0,64.0,55.0,70.0,69.0,37.0,29.0,45.0,46.0,66.0,68.0,,83.0,,52.0,56.0,53.0,41.0,52.0,73.0,40.0,50.0
2024,609818,Luther Burbank Elementary School,71.0,71.0,51.0,44.0,57.0,31.0,35.0,43.0,55.0,37.0,31.0,63.0,34.0,75.0,,,56.0,,50.0,64.0,71.0,62.0,71.0,64.0,62.0,5.0,71.0,76.0,78.0,38.0,55.0,40.0,26.0,56.0,62.0,43.0,,94.0,,43.0,49.0,49.0,43.0,40.0,61.0,62.0,63.0
2024,609819,Edmond Burke Elementary School,50.0,60.0,37.0,75.0,61.0,14.0,28.0,50.0,44.0,33.0,11.0,58.0,25.0,60.0,,,41.0,,37.0,49.0,64.0,47.0,63.0,64.0,34.0,31.0,50.0,79.0,64.0,45.0,45.0,41.0,17.0,37.0,41.0,29.0,,86.0,,1.0,34.0,35.0,42.0,25.0,42.0,45.0,36.0
2024,609820,Augustus H Burley Elementary School,71.0,34.0,33.0,48.0,62.0,58.0,62.0,62.0,54.0,49.0,37.0,56.0,64.0,54.0,,,99.0,,39.0,62.0,42.0,77.0,87.0,65.0,77.0,65.0,69.0,71.0,61.0,60.0,61.0,66.0,70.0,55.0,88.0,92.0,,85.0,,72.0,64.0,59.0,49.0,66.0,88.0,62.0,45.0
2024,609821,Burnham Elementary Inclusive Academy,10.0,58.0,40.0,40.0,41.0,34.0,30.0,36.0,26.0,7.0,31.0,34.0,3.0,51.0,,,30.0,,1.0,55.0,27.0,29.0,54.0,33.0,30.0,15.0,44.0,44.0,44.0,17.0,33.0,9.0,10.0,10.0,19.0,18.0,,50.0,,25.0,28.0,31.0,31.0,21.0,25.0,32.0,33.0
2024,609827,Burnside Elementary Scholastic Academy,91.0,73.0,53.0,76.0,72.0,60.0,61.0,54.0,72.0,58.0,51.0,72.0,18.0,74.0,,,31.0,,71.0,60.0,77.0,63.0,84.0,75.0,52.0,40.0,68.0,83.0,99.0,52.0,72.0,39.0,25.0,76.0,62.0,49.0,,99.0,,32.0,33.0,45.0,51.0,56.0,62.0,78.0,72.0
2024,609828,Jonathan Burr Elementary School,91.0,45.0,41.0,59.0,60.0,74.0,50.0,83.0,82.0,74.0,31.0,77.0,46.0,54.0,,,70.0,,90.0,77.0,80.0,87.0,49.0,83.0,82.0,39.0,46.0,89.0,95.0,76.0,73.0,32.0,56.0,73.0,75.0,76.0,,99.0,,68.0,53.0,49.0,62.0,77.0,97.0,77.0,85.0
2024,609829,John C Burroughs Elementary School,71.0,72.0,62.0,65.0,64.0,40.0,64.0,55.0,57.0,51.0,47.0,59.0,41.0,75.0,,,66.0,,49.0,92.0,64.0,59.0,65.0,57.0,55.0,26.0,72.0,74.0,68.0,49.0,45.0,28.0,49.0,66.0,70.0,74.0,,72.0,,43.0,59.0,61.0,35.0,61.0,66.0,62.0,43.0
2024,609830,Milton Brunson Math & Science Specialty ES,71.0,56.0,51.0,49.0,58.0,15.0,45.0,51.0,60.0,61.0,24.0,59.0,41.0,79.0,,,45.0,,51.0,58.0,72.0,66.0,70.0,71.0,54.0,1.0,71.0,63.0,76.0,35.0,48.0,42.0,18.0,54.0,47.0,46.0,,91.0,,28.0,37.0,44.0,36.0,50.0,72.0,65.0,60.0
2024,609832,Michael M Byrne Elementary School,39.0,50.0,42.0,48.0,51.0,33.0,42.0,39.0,46.0,41.0,26.0,37.0,34.0,65.0,,,56.0,,35.0,55.0,30.0,53.0,54.0,55.0,50.0,20.0,49.0,53.0,48.0,35.0,41.0,22.0,41.0,54.0,44.0,49.0,,79.0,,52.0,33.0,41.0,39.0,49.0,55.0,27.0,50.0
2024,609833,Daisy Bates Academy of Social Justice,61.0,52.0,49.0,59.0,67.0,31.0,60.0,26.0,50.0,43.0,40.0,54.0,53.0,86.0,,,56.0,,51.0,87.0,51.0,57.0,99.0,49.0,54.0,16.0,51.0,53.0,84.0,25.0,30.0,38.0,68.0,47.0,99.0,84.0,,95.0,,29.0,45.0,53.0,51.0,44.0,68.0,60.0,48.0
2024,609834,Little Village Elementary School,50.0,54.0,44.0,31.0,49.0,63.0,28.0,52.0,51.0,36.0,22.0,57.0,20.0,56.0,,,48.0,,46.0,67.0,49.0,57.0,52.0,63.0,52.0,3.0,68.0,62.0,64.0,56.0,37.0,23.0,36.0,59.0,54.0,56.0,,81.0,,55.0,46.0,49.0,45.0,59.0,55.0,71.0,44.0
2024,609835,Daniel R Cameron Elementary School,10.0,56.0,48.0,50.0,55.0,33.0,30.0,53.0,39.0,41.0,3.0,31.0,19.0,68.0,,,35.0,,47.0,67.0,23.0,36.0,66.0,53.0,29.0,1.0,51.0,49.0,29.0,34.0,49.0,23.0,18.0,4.0,41.0,27.0,,86.0,,13.0,36.0,38.0,32.0,11.0,27.0,21.0,66.0
2024,609836,Arthur E Canty Elementary School,50.0,52.0,44.0,58.0,57.0,65.0,48.0,38.0,47.0,37.0,27.0,47.0,42.0,60.0,,,64.0,,31.0,47.0,50.0,57.0,56.0,56.0,60.0,29.0,47.0,57.0,74.0,53.0,45.0,29.0,51.0,49.0,63.0,59.0,,70.0,,51.0,58.0,50.0,43.0,55.0,56.0,39.0,36.0
2024,609837,Andrew Carnegie Elementary School,91.0,58.0,42.0,71.0,69.0,56.0,63.0,65.0,62.0,49.0,40.0,67.0,24.0,77.0,,,47.0,,48.0,47.0,73.0,62.0,69.0,59.0,62.0,24.0,63.0,86.0,90.0,60.0,53.0,40.0,36.0,55.0,56.0,54.0,,86.0,,47.0,40.0,45.0,53.0,49.0,66.0,54.0,50.0
2024,609839,Carroll-Rosenwald Specialty Elementary School,99.0,98.0,99.0,99.0,95.0,67.0,97.0,61.0,73.0,74.0,84.0,75.0,61.0,99.0,,,69.0,,80.0,43.0,85.0,74.0,99.0,76.0,64.0,72.0,90.0,99.0,99.0,84.0,80.0,83.0,71.0,61.0,99.0,70.0,,99.0,,62.0,72.0,83.0,45.0,60.0,82.0,69.0,71.0
2024,609842,Rachel Carson Elementary School,39.0,44.0,32.0,35.0,55.0,62.0,23.0,33.0,50.0,44.0,15.0,50.0,9.0,65.0,,,33.0,,57.0,50.0,55.0,53.0,54.0,46.0,52.0,1.0,55.0,62.0,70.0,67.0,54.0,21.0,24.0,40.0,40.0,45.0,,80.0,,50.0,35.0,37.0,37.0,51.0,60.0,47.0,62.0
2024,609844,William W Carter Elementary School,19.0,48.0,34.0,37.0,40.0,35.0,23.0,38.0,37.0,20.0,1.0,51.0,20.0,41.0,,,35.0,,31.0,26.0,55.0,30.0,42.0,54.0,13.0,1.0,44.0,72.0,74.0,41.0,67.0,15.0,18.0,24.0,22.0,36.0,,58.0,,36.0,16.0,28.0,32.0,25.0,22.0,45.0,30.0
2024,609845,George Washington Carver Primary School,81.0,66.0,55.0,72.0,74.0,27.0,59.0,53.0,64.0,66.0,31.0,72.0,17.0,66.0,,,34.0,,65.0,57.0,76.0,59.0,85.0,86.0,36.0,17.0,63.0,83.0,91.0,71.0,85.0,34.0,12.0,52.0,48.0,24.0,,99.0,,28.0,35.0,41.0,49.0,42.0,56.0,79.0,59.0
2024,609848,Ira F Aldridge Elementary School,50.0,78.0,56.0,76.0,65.0,1.0,52.0,58.0,42.0,18.0,41.0,46.0,34.0,89.0,,,41.0,,53.0,64.0,51.0,30.0,72.0,44.0,20.0,17.0,72.0,63.0,63.0,23.0,42.0,36.0,13.0,21.0,61.0,25.0,,81.0,,16.0,44.0,46.0,35.0,19.0,26.0,33.0,49.0
2024,609849,George F Cassell Elementary School,99.0,53.0,59.0,75.0,86.0,78.0,75.0,74.0,83.0,73.0,61.0,84.0,85.0,99.0,,,99.0,,90.0,90.0,86.0,92.0,73.0,81.0,97.0,92.0,90.0,99.0,99.0,96.0,81.0,45.0,99.0,91.0,99.0,99.0,,99.0,,95.0,70.0,80.0,64.0,86.0,99.0,87.0,79.0
2024,609850,Horace Greeley Elementary School,71.0,48.0,38.0,43.0,55.0,46.0,35.0,19.0,47.0,32.0,4.0,62.0,21.0,58.0,,,53.0,,43.0,41.0,65.0,66.0,68.0,73.0,64.0,1.0,75.0,55.0,76.0,51.0,36.0,30.0,39.0,56.0,38.0,55.0,,68.0,,51.0,36.0,47.0,54.0,38.0,62.0,73.0,50.0
2024,609851,Thomas Chalmers STEAM Elementary School,39.0,99.0,86.0,92.0,73.0,1.0,64.0,15.0,33.0,43.0,72.0,28.0,67.0,92.0,,,57.0,,49.0,80.0,28.0,39.0,99.0,30.0,41.0,48.0,77.0,50.0,27.0,7.0,15.0,39.0,26.0,15.0,75.0,36.0,,29.0,,3.0,50.0,60.0,16.0,28.0,46.0,16.0,66.0
2024,609852,Eliza Chappell Elementary School,61.0,48.0,41.0,47.0,56.0,64.0,56.0,50.0,46.0,32.0,24.0,45.0,48.0,72.0,,,83.0,,32.0,59.0,38.0,80.0,64.0,75.0,81.0,44.0,65.0,55.0,50.0,42.0,37.0,35.0,54.0,55.0,92.0,81.0,,72.0,,49.0,61.0,55.0,49.0,62.0,84.0,39.0,45.0
2024,609853,Salmon P Chase Elementary School,61.0,67.0,43.0,47.0,57.0,67.0,44.0,27.0,53.0,53.0,32.0,55.0,21.0,68.0,,,56.0,,59.0,60.0,54.0,76.0,59.0,73.0,69.0,1.0,65.0,58.0,69.0,53.0,46.0,24.0,50.0,60.0,71.0,68.0,,61.0,,57.0,53.0,53.0,48.0,62.0,86.0,60.0,57.0
2024,609854,Frederic Chopin Elementary School,50.0,71.0,69.0,55.0,51.0,51.0,54.0,33.0,43.0,25.0,30.0,53.0,48.0,63.0,,,53.0,,32.0,45.0,47.0,55.0,59.0,62.0,53.0,7.0,56.0,63.0,66.0,27.0,59.0,38.0,32.0,41.0,66.0,44.0,,55.0,,15.0,41.0,50.0,42.0,35.0,49.0,61.0,49.0
2024,609855,Walter S Christopher Elementary School,61.0,55.0,45.0,46.0,50.0,47.0,33.0,54.0,53.0,34.0,1.0,62.0,14.0,52.0,,,40.0,,43.0,43.0,64.0,60.0,70.0,66.0,55.0,1.0,45.0,71.0,73.0,30.0,58.0,28.0,24.0,60.0,38.0,41.0,,81.0,,30.0,36.0,38.0,49.0,57.0,59.0,62.0,46.0
2024,609856,Henry Clay Elementary School,10.0,53.0,20.0,33.0,45.0,45.0,13.0,29.0,35.0,21.0,1.0,39.0,16.0,50.0,,,45.0,,13.0,55.0,42.0,39.0,43.0,52.0,22.0,1.0,54.0,44.0,51.0,52.0,35.0,26.0,13.0,35.0,23.0,18.0,,45.0,,28.0,21.0,27.0,31.0,17.0,43.0,38.0,41.0
2024,609857,Grover Cleveland Elementary School,81.0,57.0,47.0,44.0,58.0,58.0,41.0,51.0,60.0,56.0,54.0,65.0,45.0,56.0,,,60.0,,58.0,17.0,71.0,76.0,59.0,77.0,75.0,24.0,73.0,66.0,78.0,73.0,66.0,49.0,40.0,64.0,75.0,65.0,,68.0,,40.0,63.0,56.0,51.0,74.0,76.0,73.0,49.0
2024,609859,DeWitt Clinton Elementary School,99.0,81.0,71.0,77.0,71.0,48.0,63.0,99.0,83.0,71.0,74.0,77.0,57.0,70.0,,,64.0,,87.0,47.0,78.0,76.0,62.0,83.0,66.0,37.0,70.0,95.0,99.0,74.0,99.0,50.0,40.0,72.0,68.0,74.0,,99.0,,56.0,58.0,60.0,60.0,59.0,80.0,74.0,72.0
2024,609861,Henry R Clissold Elementary School,29.0,23.0,18.0,35.0,45.0,4.0,24.0,58.0,45.0,43.0,7.0,34.0,12.0,54.0,,,55.0,,62.0,42.0,42.0,58.0,52.0,54.0,62.0,18.0,26.0,42.0,45.0,38.0,70.0,32.0,27.0,19.0,29.0,46.0,,84.0,,19.0,17.0,22.0,31.0,21.0,59.0,19.0,62.0
2024,609862,Edward Coles Elementary Language Academy,50.0,74.0,51.0,70.0,62.0,31.0,35.0,77.0,57.0,43.0,34.0,59.0,13.0,63.0,,,48.0,,47.0,60.0,56.0,45.0,83.0,65.0,32.0,1.0,52.0,75.0,75.0,32.0,55.0,1.0,10.0,36.0,35.0,28.0,,81.0,,27.0,32.0,36.0,42.0,40.0,37.0,62.0,53.0
2024,609863,Ruth Bader Ginsburg Elementary School,39.0,60.0,51.0,36.0,47.0,26.0,26.0,10.0,36.0,53.0,33.0,30.0,37.0,63.0,,,57.0,,54.0,57.0,19.0,68.0,62.0,45.0,80.0,20.0,69.0,46.0,41.0,25.0,47.0,51.0,36.0,7.0,44.0,49.0,,59.0,,32.0,32.0,47.0,42.0,62.0,78.0,11.0,67.0
2024,609864,John W Cook Elementary School,19.0,63.0,41.0,65.0,62.0,35.0,46.0,22.0,24.0,25.0,42.0,17.0,22.0,60.0,,,35.0,,16.0,60.0,20.0,33.0,76.0,15.0,42.0,5.0,59.0,30.0,36.0,45.0,30.0,40.0,15.0,1.0,44.0,40.0,,27.0,,43.0,33.0,37.0,18.0,31.0,41.0,1.0,35.0
2024,609865,Jordan Elementary Community School,71.0,55.0,60.0,58.0,54.0,37.0,50.0,65.0,54.0,47.0,34.0,61.0,28.0,64.0,,,38.0,,42.0,74.0,59.0,64.0,66.0,72.0,58.0,21.0,50.0,65.0,70.0,26.0,71.0,2.0,28.0,49.0,49.0,57.0,,99.0,,29.0,31.0,42.0,53.0,41.0,61.0,66.0,40.0
2024,609866,John C Coonley Elementary School,39.0,52.0,45.0,62.0,53.0,53.0,52.0,28.0,32.0,33.0,54.0,28.0,48.0,58.0,,,98.0,,28.0,56.0,26.0,62.0,56.0,60.0,74.0,60.0,59.0,35.0,36.0,37.0,38.0,41.0,64.0,16.0,85.0,79.0,,76.0,,52.0,57.0,56.0,34.0,47.0,52.0,15.0,45.0
2024,609867,Peter Cooper Elementary Dual Language Academy,50.0,58.0,54.0,58.0,58.0,45.0,43.0,32.0,51.0,49.0,10.0,41.0,13.0,65.0,,,41.0,,59.0,49.0,41.0,56.0,59.0,47.0,58.0,1.0,55.0,62.0,46.0,48.0,58.0,23.0,33.0,47.0,56.0,47.0,,60.0,,35.0,49.0,48.0,30.0,55.0,62.0,29.0,79.0
2024,609869,Anna R. Langford Community Academy,81.0,84.0,57.0,62.0,63.0,78.0,61.0,62.0,60.0,52.0,32.0,64.0,51.0,70.0,,,54.0,,77.0,55.0,71.0,55.0,77.0,88.0,26.0,34.0,73.0,79.0,76.0,41.0,72.0,35.0,36.0,53.0,76.0,53.0,,88.0,,27.0,48.0,54.0,36.0,57.0,51.0,70.0,59.0
2024,609870,Daniel J Corkery Elementary School,29.0,49.0,33.0,25.0,33.0,39.0,20.0,42.0,43.0,34.0,6.0,43.0,9.0,47.0,,,40.0,,37.0,48.0,41.0,43.0,38.0,55.0,40.0,1.0,43.0,61.0,56.0,21.0,65.0,2.0,19.0,30.0,34.0,40.0,,66.0,,24.0,38.0,33.0,43.0,22.0,33.0,26.0,54.0
2024,609871,Barbara Vick Early Childhood & Family Center,71.0,,,,,,,42.0,56.0,44.0,,63.0,,,,,,,48.0,,54.0,81.0,,87.0,83.0,,,73.0,73.0,,57.0,,,73.0,,,,80.0,,,,,62.0,76.0,72.0,61.0,48.0
2024,609872,Manuel Perez Elementary School,91.0,99.0,81.0,94.0,79.0,72.0,60.0,64.0,65.0,68.0,60.0,56.0,51.0,83.0,,,88.0,,73.0,53.0,50.0,65.0,86.0,45.0,71.0,19.0,93.0,78.0,70.0,54.0,70.0,72.0,47.0,63.0,89.0,89.0,,80.0,,35.0,62.0,71.0,47.0,64.0,78.0,49.0,60.0
2024,609873,Crown Community Academy of Fine Arts Center ES,19.0,50.0,25.0,17.0,44.0,,7.0,,13.0,,1.0,23.0,11.0,51.0,,,25.0,,,68.0,38.0,,64.0,7.0,,6.0,39.0,38.0,31.0,,1.0,22.0,6.0,7.0,31.0,38.0,,72.0,,,9.0,20.0,13.0,55.0,,1.0,1.0
2024,609874,Everett McKinley Dirksen Elementary School,61.0,68.0,47.0,46.0,61.0,,46.0,,,,17.0,,44.0,67.0,,,59.0,,,67.0,,,70.0,,,24.0,69.0,,,,,51.0,42.0,,58.0,61.0,,,,,46.0,51.0,,,,,
2024,609875,Charles R Darwin Elementary School,71.0,63.0,58.0,49.0,56.0,30.0,49.0,87.0,68.0,57.0,43.0,57.0,35.0,68.0,,,51.0,,72.0,58.0,60.0,67.0,62.0,62.0,69.0,8.0,69.0,79.0,75.0,45.0,82.0,37.0,35.0,49.0,61.0,35.0,,99.0,,38.0,47.0,52.0,44.0,35.0,69.0,46.0,73.0
2024,609876,Nathan S Davis Elementary School,1.0,28.0,7.0,8.0,31.0,18.0,1.0,1.0,10.0,5.0,1.0,17.0,2.0,50.0,,,37.0,,1.0,49.0,8.0,32.0,42.0,34.0,34.0,1.0,30.0,38.0,21.0,25.0,22.0,1.0,14.0,1.0,18.0,35.0,,21.0,,11.0,26.0,19.0,19.0,22.0,27.0,2.0,21.0
2024,609879,Charles Gates Dawes Elementary School,61.0,54.0,34.0,31.0,49.0,47.0,29.0,82.0,67.0,52.0,5.0,58.0,15.0,59.0,,,48.0,,59.0,30.0,67.0,56.0,49.0,64.0,51.0,1.0,53.0,71.0,77.0,58.0,56.0,30.0,33.0,57.0,42.0,46.0,,94.0,,52.0,40.0,40.0,39.0,36.0,54.0,53.0,67.0
2024,609880,Stephen Decatur Classical Elementary School,99.0,77.0,77.0,95.0,90.0,53.0,94.0,80.0,83.0,82.0,99.0,82.0,85.0,88.0,,,91.0,,97.0,96.0,79.0,98.0,94.0,95.0,99.0,64.0,66.0,99.0,99.0,82.0,99.0,63.0,99.0,60.0,99.0,99.0,,99.0,,91.0,79.0,80.0,74.0,59.0,99.0,77.0,96.0
2024,609883,Charles S Deneen Elementary School,81.0,99.0,94.0,94.0,88.0,58.0,95.0,95.0,69.0,49.0,99.0,55.0,74.0,99.0,,,75.0,,53.0,78.0,66.0,49.0,99.0,63.0,42.0,54.0,90.0,69.0,86.0,61.0,72.0,72.0,50.0,44.0,99.0,68.0,,99.0,,33.0,71.0,76.0,34.0,33.0,41.0,51.0,70.0
2024,609884,William E Dever Elementary School,39.0,50.0,33.0,39.0,52.0,43.0,34.0,63.0,53.0,35.0,3.0,54.0,14.0,60.0,,,48.0,,26.0,69.0,62.0,54.0,50.0,52.0,53.0,1.0,49.0,41.0,71.0,59.0,63.0,26.0,29.0,47.0,47.0,33.0,,82.0,,41.0,42.0,38.0,51.0,36.0,58.0,63.0,48.0
2024,609885,Dewey Elementary Academy of Fine Arts,61.0,85.0,70.0,99.0,83.0,41.0,67.0,43.0,54.0,51.0,76.0,58.0,18.0,82.0,,,37.0,,53.0,64.0,64.0,52.0,90.0,52.0,45.0,17.0,60.0,77.0,74.0,61.0,38.0,16.0,22.0,47.0,51.0,53.0,,99.0,,26.0,29.0,45.0,42.0,49.0,59.0,49.0,56.0
2024,609887,Arthur Dixon Elementary School,91.0,81.0,65.0,80.0,88.0,58.0,70.0,77.0,76.0,76.0,46.0,70.0,33.0,74.0,,,50.0,,85.0,67.0,75.0,80.0,99.0,71.0,92.0,45.0,61.0,85.0,99.0,99.0,78.0,45.0,37.0,60.0,72.0,45.0,,99.0,,60.0,48.0,53.0,57.0,50.0,78.0,63.0,67.0
2024,609891,James R Doolittle Jr Elementary School,29.0,75.0,45.0,42.0,46.0,1.0,17.0,48.0,40.0,22.0,45.0,50.0,28.0,58.0,,,47.0,,30.0,35.0,50.0,39.0,57.0,56.0,28.0,9.0,54.0,69.0,65.0,28.0,46.0,36.0,15.0,33.0,40.0,22.0,,64.0,,1.0,14.0,32.0,42.0,10.0,32.0,40.0,34.0
2024,609893,John C Dore Elementary School,71.0,60.0,47.0,59.0,62.0,69.0,48.0,51.0,52.0,38.0,47.0,45.0,39.0,62.0,,,68.0,,41.0,63.0,43.0,65.0,67.0,59.0,66.0,26.0,70.0,50.0,55.0,59.0,52.0,45.0,40.0,61.0,66.0,56.0,,91.0,,57.0,53.0,53.0,42.0,53.0,69.0,45.0,53.0
2024,609894,John B Drake Elementary School,99.0,99.0,99.0,99.0,95.0,43.0,99.0,59.0,74.0,73.0,99.0,76.0,90.0,99.0,,,44.0,,94.0,82.0,78.0,79.0,99.0,92.0,66.0,77.0,82.0,90.0,99.0,81.0,93.0,68.0,30.0,70.0,92.0,58.0,,99.0,,37.0,60.0,68.0,55.0,51.0,80.0,80.0,69.0
2024,609895,Turner-Drew Elementary Language Academy,99.0,79.0,73.0,99.0,94.0,99.0,85.0,84.0,92.0,99.0,84.0,77.0,57.0,92.0,,,51.0,,99.0,64.0,82.0,92.0,89.0,90.0,88.0,43.0,76.0,99.0,99.0,95.0,97.0,46.0,36.0,86.0,66.0,72.0,,94.0,,78.0,57.0,61.0,51.0,86.0,99.0,74.0,94.0
2024,609896,Thomas Drummond Elementary School,99.0,48.0,48.0,73.0,72.0,69.0,70.0,71.0,61.0,39.0,56.0,62.0,70.0,52.0,,,81.0,,41.0,71.0,52.0,89.0,66.0,73.0,95.0,69.0,80.0,74.0,77.0,98.0,38.0,44.0,72.0,64.0,90.0,99.0,,72.0,,85.0,55.0,64.0,54.0,62.0,99.0,66.0,53.0
2024,609897,Charles W Earle Elementary School,99.0,92.0,84.0,77.0,93.0,75.0,73.0,99.0,93.0,96.0,88.0,85.0,75.0,97.0,,,72.0,,99.0,61.0,91.0,99.0,99.0,99.0,99.0,41.0,99.0,99.0,99.0,99.0,99.0,57.0,48.0,76.0,89.0,73.0,,99.0,,99.0,59.0,73.0,64.0,81.0,99.0,84.0,96.0
2024,609898,John F Eberhart Elementary School,39.0,33.0,31.0,27.0,44.0,,27.0,,,,1.0,,9.0,57.0,,,38.0,,,57.0,,,48.0,,,1.0,34.0,,,,,7.0,23.0,,26.0,29.0,,,,,38.0,32.0,,,,,
2024,609899,Christian Ebinger Elementary School,61.0,47.0,36.0,51.0,58.0,60.0,52.0,67.0,50.0,38.0,15.0,42.0,44.0,54.0,,,80.0,,36.0,63.0,40.0,66.0,55.0,68.0,67.0,43.0,59.0,50.0,49.0,70.0,58.0,60.0,60.0,38.0,77.0,68.0,,36.0,,58.0,60.0,54.0,39.0,42.0,62.0,38.0,57.0
2024,609900,George W Curtis Elementary School,10.0,50.0,30.0,42.0,47.0,36.0,20.0,6.0,22.0,24.0,15.0,35.0,17.0,49.0,,,41.0,,16.0,43.0,46.0,18.0,49.0,38.0,1.0,1.0,50.0,56.0,54.0,46.0,23.0,10.0,14.0,10.0,23.0,31.0,,35.0,,1.0,21.0,29.0,21.0,1.0,15.0,16.0,17.0
2024,609901,Edgebrook Elementary School,61.0,29.0,32.0,25.0,57.0,79.0,37.0,21.0,43.0,38.0,4.0,48.0,15.0,53.0,,,69.0,,30.0,61.0,54.0,76.0,70.0,73.0,79.0,18.0,47.0,63.0,60.0,79.0,34.0,13.0,42.0,48.0,61.0,68.0,,86.0,,87.0,39.0,40.0,44.0,56.0,75.0,32.0,49.0
2024,609902,Ralph H Metcalfe Elementary Community Academy,81.0,86.0,75.0,76.0,72.0,58.0,54.0,81.0,65.0,50.0,75.0,55.0,56.0,77.0,,,53.0,,50.0,63.0,49.0,71.0,83.0,84.0,64.0,19.0,72.0,61.0,85.0,51.0,50.0,48.0,28.0,51.0,66.0,38.0,,78.0,,37.0,42.0,54.0,46.0,35.0,64.0,63.0,58.0
2024,609903,Richard Edwards Elementary School,50.0,49.0,40.0,39.0,50.0,52.0,34.0,34.0,46.0,36.0,27.0,52.0,18.0,61.0,,,45.0,,31.0,58.0,56.0,53.0,54.0,56.0,59.0,1.0,55.0,53.0,46.0,46.0,39.0,24.0,28.0,60.0,44.0,42.0,,60.0,,41.0,43.0,42.0,42.0,52.0,44.0,56.0,52.0
2024,609904,Edward K Ellington Elementary School,39.0,57.0,31.0,46.0,48.0,2.0,22.0,72.0,55.0,34.0,5.0,54.0,26.0,59.0,,,35.0,,50.0,66.0,56.0,43.0,55.0,58.0,40.0,12.0,47.0,72.0,55.0,30.0,57.0,22.0,16.0,51.0,39.0,25.0,,90.0,,1.0,28.0,31.0,40.0,14.0,31.0,49.0,61.0
2024,609907,Leif Ericson Elementary Scholastic Academy,19.0,79.0,54.0,55.0,63.0,39.0,47.0,42.0,28.0,8.0,42.0,32.0,40.0,77.0,,,55.0,,1.0,62.0,34.0,31.0,81.0,31.0,30.0,16.0,72.0,41.0,36.0,37.0,23.0,43.0,12.0,21.0,36.0,27.0,,43.0,,30.0,18.0,39.0,32.0,33.0,33.0,20.0,32.0
2024,609908,Esmond Elementary School,50.0,65.0,49.0,55.0,60.0,33.0,33.0,64.0,36.0,10.0,18.0,50.0,32.0,59.0,,,41.0,,23.0,26.0,46.0,60.0,56.0,73.0,66.0,35.0,45.0,67.0,58.0,69.0,56.0,59.0,27.0,27.0,39.0,29.0,,71.0,,29.0,32.0,38.0,38.0,42.0,41.0,47.0,22.0
2024,609909,Edward Everett Elementary School,99.0,99.0,99.0,99.0,99.0,86.0,99.0,99.0,81.0,86.0,,71.0,,99.0,,,,,99.0,,87.0,78.0,99.0,71.0,80.0,,99.0,99.0,99.0,99.0,99.0,99.0,99.0,49.0,99.0,,,99.0,,99.0,99.0,99.0,54.0,94.0,83.0,44.0,70.0
2024,609910,Laughlin Falconer Elementary School,99.0,79.0,73.0,63.0,75.0,82.0,62.0,65.0,70.0,63.0,50.0,65.0,31.0,82.0,,,58.0,,74.0,36.0,72.0,72.0,75.0,64.0,70.0,16.0,86.0,79.0,82.0,80.0,82.0,50.0,46.0,68.0,68.0,51.0,,84.0,,50.0,61.0,67.0,44.0,76.0,83.0,63.0,71.0
2024,609912,James B Farnsworth Elementary School,61.0,60.0,48.0,55.0,69.0,,58.0,,,,33.0,,41.0,74.0,,,67.0,,,56.0,,,77.0,,,21.0,53.0,,,,,43.0,40.0,,56.0,71.0,,,,,46.0,47.0,,,,,
2024,609917,Fernwood Elementary School,50.0,65.0,66.0,56.0,70.0,,59.0,,28.0,24.0,51.0,51.0,47.0,71.0,,,61.0,,16.0,48.0,77.0,,83.0,31.0,,26.0,41.0,64.0,45.0,,17.0,33.0,34.0,17.0,40.0,57.0,,63.0,,,34.0,44.0,29.0,62.0,,33.0,27.0
2024,609918,Eugene Field Elementary School,39.0,75.0,39.0,34.0,55.0,,16.0,,,,1.0,,13.0,70.0,,,19.0,,,35.0,,,60.0,,,1.0,55.0,,,,,22.0,7.0,,22.0,51.0,,,,,13.0,29.0,,,,,
2024,609919,John Fiske Elementary School,29.0,64.0,49.0,56.0,51.0,48.0,40.0,20.0,32.0,19.0,41.0,47.0,17.0,57.0,,,36.0,,1.0,75.0,51.0,43.0,55.0,55.0,39.0,27.0,45.0,62.0,62.0,34.0,37.0,37.0,15.0,22.0,38.0,30.0,,42.0,,1.0,35.0,36.0,28.0,16.0,34.0,46.0,38.0
2024,609920,Gerald Delgado Kanoon Elementary Magnet School,81.0,42.0,37.0,39.0,40.0,47.0,15.0,59.0,72.0,66.0,1.0,64.0,11.0,45.0,,,41.0,,71.0,46.0,73.0,75.0,43.0,77.0,67.0,1.0,52.0,81.0,90.0,32.0,69.0,1.0,26.0,57.0,52.0,56.0,,92.0,,43.0,44.0,40.0,50.0,49.0,81.0,53.0,90.0
2024,609921,Telpochcalli Elementary School,99.0,71.0,73.0,61.0,79.0,56.0,65.0,59.0,84.0,80.0,40.0,75.0,32.0,94.0,,,56.0,,95.0,68.0,81.0,85.0,81.0,77.0,78.0,24.0,74.0,81.0,99.0,79.0,56.0,23.0,49.0,84.0,80.0,57.0,,82.0,,41.0,63.0,65.0,70.0,49.0,99.0,68.0,98.0
2024,609922,Belmont-Cragin Elementary School,61.0,55.0,37.0,36.0,47.0,43.0,19.0,21.0,50.0,42.0,1.0,55.0,8.0,61.0,,,51.0,,53.0,51.0,56.0,64.0,52.0,62.0,60.0,1.0,56.0,58.0,59.0,40.0,50.0,27.0,36.0,58.0,49.0,53.0,,78.0,,32.0,35.0,41.0,40.0,48.0,69.0,65.0,69.0
2024,609924,Fort Dearborn Elementary School,50.0,69.0,45.0,73.0,75.0,20.0,49.0,45.0,57.0,53.0,55.0,56.0,4.0,72.0,,,29.0,,67.0,50.0,68.0,53.0,79.0,69.0,44.0,3.0,64.0,68.0,81.0,74.0,52.0,38.0,1.0,45.0,14.0,10.0,,82.0,,30.0,15.0,31.0,34.0,55.0,47.0,53.0,60.0
2024,609925,Joseph Kellman Corporate Community ES,61.0,69.0,55.0,55.0,63.0,63.0,48.0,29.0,56.0,50.0,41.0,49.0,48.0,79.0,,,51.0,,41.0,65.0,61.0,53.0,75.0,57.0,38.0,37.0,81.0,53.0,62.0,43.0,41.0,45.0,8.0,62.0,27.0,39.0,,68.0,,21.0,17.0,40.0,38.0,58.0,64.0,44.0,75.0
2024,609926,Franklin Elementary Fine Arts Center,61.0,45.0,39.0,63.0,59.0,42.0,45.0,9.0,40.0,43.0,30.0,40.0,19.0,75.0,,,55.0,,35.0,74.0,41.0,60.0,68.0,68.0,47.0,28.0,46.0,55.0,40.0,29.0,35.0,33.0,41.0,51.0,67.0,51.0,,77.0,,36.0,36.0,41.0,39.0,35.0,66.0,26.0,56.0
2024,609927,Foster Park Elementary School,50.0,71.0,59.0,61.0,67.0,52.0,55.0,7.0,35.0,41.0,46.0,49.0,31.0,72.0,,,57.0,,27.0,84.0,51.0,46.0,74.0,58.0,27.0,44.0,61.0,62.0,69.0,62.0,47.0,30.0,31.0,36.0,67.0,68.0,,60.0,,29.0,38.0,47.0,35.0,41.0,54.0,48.0,21.0
2024,609928,James Farmer Jr Elementary School,19.0,59.0,50.0,60.0,62.0,27.0,46.0,25.0,19.0,4.0,45.0,34.0,18.0,77.0,,,32.0,,1.0,45.0,30.0,19.0,68.0,27.0,24.0,10.0,61.0,39.0,33.0,42.0,14.0,19.0,18.0,15.0,25.0,37.0,,19.0,,4.0,21.0,38.0,23.0,15.0,6.0,45.0,19.0
2024,609929,Robert Fulton Elementary School,29.0,66.0,52.0,68.0,65.0,15.0,47.0,33.0,36.0,26.0,30.0,29.0,23.0,75.0,,,31.0,,39.0,61.0,10.0,34.0,67.0,47.0,25.0,1.0,68.0,44.0,33.0,49.0,40.0,26.0,31.0,35.0,44.0,32.0,,81.0,,22.0,37.0,47.0,37.0,44.0,29.0,25.0,53.0
2024,609930,Frederick Funston Elementary School,39.0,42.0,31.0,36.0,48.0,21.0,20.0,31.0,39.0,26.0,1.0,47.0,16.0,59.0,,,50.0,,29.0,47.0,46.0,64.0,55.0,75.0,67.0,1.0,56.0,61.0,62.0,41.0,55.0,26.0,17.0,38.0,37.0,44.0,,63.0,,29.0,33.0,34.0,41.0,42.0,51.0,41.0,39.0
2024,609933,Stephen F Gale Elementary Community Academy,10.0,36.0,30.0,20.0,28.0,25.0,15.0,31.0,34.0,11.0,4.0,34.0,6.0,44.0,,,42.0,,3.0,31.0,23.0,44.0,32.0,58.0,32.0,9.0,55.0,49.0,49.0,17.0,18.0,2.0,26.0,29.0,38.0,37.0,,57.0,,14.0,22.0,33.0,28.0,35.0,42.0,37.0,50.0
2024,609935,Matthew Gallistel Elementary Language Academy,71.0,71.0,52.0,54.0,57.0,61.0,38.0,26.0,54.0,54.0,32.0,62.0,20.0,58.0,,,46.0,,46.0,57.0,64.0,61.0,65.0,68.0,45.0,1.0,56.0,60.0,72.0,52.0,21.0,21.0,27.0,64.0,55.0,45.0,,99.0,,49.0,45.0,45.0,47.0,48.0,69.0,75.0,53.0
2024,609937,John W Garvy Elementary School,99.0,74.0,56.0,64.0,71.0,64.0,74.0,59.0,62.0,48.0,61.0,64.0,66.0,82.0,,,76.0,,49.0,68.0,66.0,78.0,75.0,74.0,76.0,39.0,77.0,75.0,80.0,62.0,77.0,55.0,55.0,70.0,72.0,72.0,,89.0,,74.0,59.0,62.0,51.0,63.0,83.0,62.0,52.0
2024,609938,Joseph E Gary Elementary School,50.0,57.0,49.0,41.0,57.0,57.0,42.0,55.0,45.0,35.0,26.0,43.0,20.0,68.0,,,46.0,,34.0,52.0,48.0,54.0,52.0,49.0,55.0,1.0,63.0,52.0,55.0,68.0,27.0,19.0,32.0,40.0,47.0,37.0,,66.0,,55.0,49.0,48.0,41.0,46.0,58.0,30.0,41.0
2024,609939,Frank L Gillespie Elementary School,1.0,46.0,28.0,42.0,39.0,1.0,15.0,1.0,23.0,21.0,1.0,36.0,11.0,48.0,,,33.0,,1.0,51.0,35.0,24.0,44.0,23.0,21.0,1.0,44.0,54.0,51.0,22.0,19.0,18.0,16.0,4.0,18.0,24.0,,25.0,,6.0,24.0,28.0,31.0,14.0,28.0,22.0,36.0
2024,609941,Asa Philip Randolph Elementary School,81.0,80.0,69.0,88.0,75.0,30.0,68.0,49.0,66.0,44.0,66.0,74.0,60.0,78.0,,,67.0,,45.0,43.0,88.0,44.0,75.0,59.0,34.0,55.0,72.0,87.0,99.0,58.0,84.0,38.0,27.0,61.0,78.0,43.0,,97.0,,38.0,51.0,55.0,41.0,29.0,39.0,78.0,76.0
2024,609942,Johann W von Goethe Elementary School,71.0,53.0,43.0,42.0,61.0,61.0,35.0,48.0,54.0,42.0,16.0,49.0,21.0,59.0,,,58.0,,54.0,62.0,33.0,74.0,53.0,69.0,79.0,9.0,57.0,66.0,60.0,90.0,46.0,35.0,39.0,60.0,54.0,53.0,,78.0,,72.0,41.0,45.0,54.0,53.0,73.0,43.0,61.0
2024,609943,Jesse Owens Elementary Community Academy,71.0,99.0,99.0,99.0,82.0,43.0,99.0,38.0,40.0,26.0,99.0,48.0,99.0,99.0,,,97.0,,56.0,73.0,47.0,44.0,99.0,63.0,34.0,99.0,99.0,65.0,63.0,32.0,62.0,99.0,89.0,23.0,99.0,72.0,,71.0,,25.0,92.0,95.0,34.0,26.0,36.0,45.0,50.0
2024,609944,Virgil Grissom Elementary School,71.0,58.0,45.0,61.0,72.0,60.0,51.0,44.0,47.0,39.0,27.0,53.0,23.0,95.0,,,50.0,,49.0,63.0,48.0,62.0,80.0,66.0,61.0,10.0,47.0,67.0,59.0,52.0,41.0,29.0,37.0,46.0,49.0,53.0,,65.0,,36.0,39.0,42.0,44.0,53.0,60.0,53.0,45.0
2024,609945,William C. Goudy Technology Academy,81.0,38.0,31.0,50.0,60.0,64.0,38.0,82.0,72.0,55.0,17.0,70.0,4.0,59.0,,,45.0,,59.0,73.0,70.0,67.0,69.0,68.0,55.0,1.0,44.0,83.0,86.0,62.0,76.0,28.0,32.0,72.0,49.0,54.0,,85.0,,55.0,36.0,36.0,63.0,57.0,79.0,64.0,67.0
2024,609947,Alexander Graham Elementary School,39.0,43.0,19.0,27.0,41.0,15.0,1.0,62.0,51.0,27.0,1.0,51.0,4.0,48.0,,,53.0,,29.0,46.0,50.0,53.0,42.0,64.0,59.0,1.0,42.0,68.0,75.0,46.0,67.0,10.0,20.0,40.0,31.0,26.0,,99.0,,22.0,26.0,27.0,37.0,36.0,35.0,49.0,51.0
2024,609949,William P Gray Elementary School,99.0,72.0,67.0,67.0,78.0,73.0,73.0,93.0,87.0,77.0,48.0,81.0,63.0,79.0,,,64.0,,91.0,69.0,84.0,81.0,80.0,86.0,74.0,9.0,64.0,96.0,99.0,85.0,96.0,57.0,55.0,75.0,83.0,57.0,,99.0,,57.0,65.0,63.0,63.0,62.0,83.0,79.0,91.0
2024,609951,Ariel Elementary Community Academy,50.0,67.0,49.0,62.0,59.0,53.0,36.0,48.0,55.0,45.0,30.0,62.0,19.0,61.0,,,42.0,,58.0,49.0,68.0,50.0,60.0,65.0,38.0,32.0,50.0,74.0,65.0,54.0,48.0,48.0,22.0,56.0,29.0,33.0,,70.0,,17.0,22.0,36.0,43.0,45.0,47.0,63.0,63.0
2024,609952,Nathanael Greene Elementary School,99.0,99.0,99.0,99.0,96.0,65.0,99.0,98.0,93.0,99.0,,76.0,,99.0,,,,,99.0,,95.0,92.0,99.0,99.0,86.0,,99.0,95.0,96.0,85.0,88.0,99.0,99.0,72.0,99.0,,,86.0,,25.0,91.0,97.0,60.0,76.0,91.0,53.0,99.0
2024,609954,John Milton Gregory Elementary School,29.0,71.0,57.0,62.0,46.0,1.0,40.0,1.0,30.0,26.0,24.0,57.0,41.0,53.0,,,48.0,,28.0,25.0,57.0,23.0,58.0,45.0,1.0,17.0,57.0,65.0,51.0,12.0,31.0,36.0,23.0,35.0,48.0,32.0,,71.0,,1.0,45.0,46.0,40.0,27.0,22.0,65.0,39.0
2024,609955,Walter Q Gresham Elementary School,71.0,88.0,72.0,68.0,67.0,11.0,52.0,46.0,59.0,32.0,70.0,66.0,45.0,85.0,,,64.0,,74.0,68.0,76.0,53.0,83.0,80.0,46.0,35.0,85.0,85.0,91.0,33.0,51.0,55.0,24.0,42.0,42.0,26.0,,89.0,,7.0,35.0,54.0,45.0,30.0,33.0,58.0,82.0
2024,609956,Robert L Grimes Elementary School,81.0,60.0,60.0,53.0,68.0,46.0,55.0,99.0,65.0,48.0,44.0,57.0,36.0,65.0,,,63.0,,44.0,56.0,64.0,62.0,76.0,45.0,73.0,29.0,66.0,69.0,82.0,77.0,74.0,23.0,55.0,50.0,68.0,61.0,,62.0,,46.0,55.0,59.0,36.0,58.0,69.0,58.0,45.0
2024,609958,Frank W Gunsaulus Elementary Scholastic Academy,61.0,54.0,45.0,47.0,47.0,43.0,33.0,71.0,57.0,52.0,24.0,44.0,34.0,59.0,,,61.0,,65.0,72.0,39.0,67.0,56.0,63.0,65.0,1.0,65.0,46.0,49.0,24.0,54.0,18.0,39.0,39.0,65.0,56.0,,99.0,,43.0,52.0,50.0,45.0,51.0,72.0,47.0,76.0
2024,609959,John Charles Haines Elementary School,81.0,49.0,41.0,41.0,55.0,70.0,36.0,54.0,60.0,44.0,44.0,60.0,30.0,55.0,,,61.0,,34.0,56.0,55.0,63.0,67.0,65.0,60.0,1.0,64.0,71.0,71.0,56.0,49.0,40.0,37.0,70.0,50.0,61.0,,99.0,,74.0,52.0,49.0,51.0,58.0,65.0,64.0,62.0
2024,609960,Nathan Hale Elementary School,71.0,47.0,36.0,51.0,65.0,60.0,49.0,47.0,58.0,46.0,28.0,62.0,40.0,64.0,,,56.0,,59.0,58.0,67.0,59.0,76.0,69.0,57.0,11.0,50.0,75.0,80.0,67.0,57.0,32.0,37.0,67.0,53.0,50.0,,97.0,,43.0,48.0,43.0,40.0,52.0,51.0,64.0,50.0
2024,609961,Ninos Heroes Elementary Academic Center,19.0,58.0,42.0,42.0,52.0,41.0,39.0,14.0,29.0,20.0,18.0,38.0,1.0,54.0,,,36.0,,1.0,73.0,49.0,41.0,57.0,50.0,40.0,3.0,32.0,45.0,50.0,54.0,35.0,24.0,13.0,23.0,17.0,40.0,,60.0,,11.0,30.0,29.0,24.0,42.0,32.0,35.0,37.0
2024,609963,Alexander Hamilton Elementary School,81.0,47.0,35.0,55.0,57.0,70.0,40.0,61.0,63.0,51.0,36.0,49.0,65.0,46.0,,,87.0,,74.0,56.0,43.0,77.0,67.0,81.0,74.0,62.0,67.0,66.0,69.0,59.0,55.0,40.0,81.0,65.0,94.0,99.0,,85.0,,68.0,59.0,61.0,47.0,72.0,77.0,40.0,70.0
2024,609964,John H Hamline Elementary School,50.0,54.0,46.0,38.0,42.0,40.0,10.0,68.0,55.0,40.0,5.0,56.0,16.0,52.0,,,42.0,,38.0,41.0,64.0,59.0,50.0,65.0,50.0,1.0,53.0,62.0,60.0,29.0,52.0,27.0,27.0,50.0,48.0,45.0,,99.0,,18.0,40.0,42.0,40.0,50.0,61.0,59.0,56.0
2024,609966,Charles G Hammond Elementary School,71.0,40.0,30.0,47.0,66.0,56.0,44.0,38.0,56.0,45.0,15.0,61.0,8.0,69.0,,,45.0,,50.0,78.0,64.0,72.0,65.0,70.0,64.0,1.0,44.0,81.0,74.0,82.0,39.0,1.0,27.0,48.0,37.0,35.0,,64.0,,36.0,38.0,35.0,43.0,54.0,81.0,54.0,73.0
2024,609967,William F Finkl Elementary School,50.0,43.0,19.0,30.0,46.0,19.0,17.0,13.0,43.0,31.0,3.0,58.0,20.0,69.0,,,51.0,,29.0,51.0,53.0,63.0,66.0,67.0,50.0,1.0,62.0,80.0,62.0,19.0,36.0,15.0,23.0,61.0,50.0,70.0,,67.0,,26.0,32.0,34.0,40.0,63.0,71.0,57.0,50.0
2024,609968,Sharon Christa McAuliffe Elementary School,19.0,49.0,26.0,24.0,31.0,25.0,14.0,18.0,29.0,17.0,7.0,41.0,5.0,53.0,,,47.0,,19.0,42.0,36.0,47.0,37.0,61.0,49.0,1.0,55.0,56.0,51.0,11.0,36.0,15.0,19.0,33.0,34.0,33.0,,58.0,,14.0,29.0,32.0,33.0,23.0,32.0,40.0,28.0
2024,609969,Bret Harte Elementary School,50.0,54.0,55.0,50.0,57.0,59.0,46.0,55.0,47.0,35.0,33.0,49.0,28.0,60.0,,,49.0,,19.0,64.0,41.0,58.0,70.0,55.0,61.0,19.0,55.0,48.0,58.0,49.0,41.0,25.0,29.0,43.0,39.0,54.0,,69.0,,24.0,36.0,44.0,45.0,44.0,58.0,60.0,45.0
2024,609971,John Harvard Elementary School of Excellence,29.0,52.0,30.0,43.0,45.0,31.0,17.0,50.0,49.0,29.0,20.0,57.0,13.0,53.0,,,36.0,,36.0,52.0,63.0,37.0,45.0,56.0,27.0,1.0,48.0,68.0,78.0,37.0,54.0,18.0,1.0,31.0,7.0,26.0,,88.0,,18.0,13.0,23.0,48.0,29.0,29.0,50.0,57.0
2024,609972,Helge A Haugan Elementary School,39.0,76.0,52.0,50.0,53.0,48.0,33.0,39.0,36.0,24.0,38.0,44.0,43.0,67.0,,,57.0,,21.0,55.0,53.0,49.0,58.0,60.0,46.0,1.0,70.0,48.0,56.0,37.0,48.0,46.0,36.0,35.0,68.0,43.0,,66.0,,35.0,55.0,53.0,38.0,41.0,40.0,38.0,28.0
2024,609973,Emiliano Zapata Elementary Academy,71.0,49.0,28.0,32.0,53.0,61.0,10.0,44.0,66.0,52.0,9.0,72.0,35.0,53.0,,,47.0,,61.0,56.0,77.0,70.0,47.0,70.0,65.0,1.0,52.0,79.0,93.0,79.0,53.0,17.0,33.0,72.0,61.0,34.0,,83.0,,65.0,36.0,37.0,55.0,71.0,76.0,78.0,68.0
2024,609974,Hawthorne Elementary Scholastic Academy,99.0,71.0,77.0,95.0,95.0,92.0,86.0,92.0,81.0,76.0,81.0,80.0,82.0,87.0,,,99.0,,80.0,71.0,76.0,94.0,99.0,86.0,98.0,78.0,99.0,94.0,99.0,99.0,67.0,86.0,96.0,69.0,99.0,99.0,,99.0,,95.0,89.0,90.0,67.0,70.0,99.0,82.0,69.0
2024,609975,John Hay Elementary Community Academy,71.0,57.0,56.0,64.0,71.0,45.0,61.0,34.0,55.0,48.0,14.0,61.0,28.0,99.0,,,44.0,,28.0,59.0,66.0,57.0,65.0,54.0,55.0,29.0,70.0,85.0,82.0,56.0,55.0,14.0,26.0,65.0,50.0,36.0,,99.0,,15.0,39.0,48.0,24.0,38.0,61.0,68.0,44.0
2024,609976,Stephen K Hayt Elementary School,50.0,52.0,39.0,51.0,55.0,44.0,48.0,28.0,40.0,21.0,16.0,51.0,34.0,66.0,,,50.0,,14.0,54.0,50.0,47.0,58.0,52.0,45.0,13.0,69.0,51.0,65.0,44.0,35.0,40.0,43.0,50.0,60.0,49.0,,90.0,,32.0,57.0,52.0,43.0,42.0,44.0,61.0,36.0
2024,609977,Woodlawn Community Elementary School,91.0,99.0,99.0,99.0,99.0,,99.0,41.0,56.0,47.0,99.0,69.0,45.0,99.0,,,60.0,,33.0,99.0,70.0,77.0,99.0,77.0,59.0,90.0,77.0,79.0,90.0,,54.0,32.0,70.0,60.0,99.0,99.0,,87.0,,,81.0,82.0,52.0,54.0,95.0,74.0,43.0
2024,609978,Wendell Smith Elementary School,99.0,99.0,99.0,94.0,98.0,78.0,89.0,99.0,88.0,77.0,99.0,81.0,99.0,99.0,,,99.0,,99.0,94.0,81.0,98.0,99.0,96.0,99.0,77.0,99.0,96.0,99.0,99.0,99.0,85.0,56.0,85.0,99.0,86.0,,99.0,,68.0,57.0,78.0,57.0,54.0,99.0,88.0,79.0
2024,609979,Robert Healy Elementary School,61.0,37.0,22.0,39.0,53.0,75.0,33.0,65.0,63.0,53.0,10.0,54.0,7.0,50.0,,,52.0,,66.0,53.0,48.0,73.0,46.0,70.0,66.0,1.0,54.0,74.0,61.0,75.0,60.0,30.0,34.0,66.0,40.0,63.0,,92.0,,75.0,42.0,38.0,45.0,54.0,82.0,49.0,72.0
2024,609981,Phoebe Apperson Hearst Elementary School,29.0,67.0,39.0,52.0,48.0,24.0,39.0,65.0,35.0,10.0,18.0,27.0,15.0,68.0,,,57.0,,23.0,49.0,20.0,43.0,60.0,37.0,51.0,1.0,59.0,55.0,44.0,12.0,31.0,26.0,29.0,12.0,53.0,39.0,,66.0,,25.0,32.0,40.0,26.0,36.0,42.0,8.0,45.0
2024,609983,James Hedges Elementary School,29.0,48.0,35.0,33.0,45.0,52.0,15.0,40.0,34.0,20.0,1.0,42.0,1.0,44.0,,,32.0,,13.0,36.0,38.0,50.0,47.0,44.0,54.0,1.0,50.0,52.0,59.0,54.0,33.0,12.0,14.0,28.0,31.0,36.0,,66.0,,28.0,33.0,33.0,39.0,49.0,51.0,38.0,25.0
2024,609985,Helen M Hefferan Elementary School,39.0,60.0,43.0,58.0,64.0,41.0,44.0,49.0,46.0,47.0,16.0,44.0,14.0,74.0,,,32.0,,50.0,62.0,46.0,38.0,79.0,39.0,35.0,18.0,62.0,63.0,51.0,45.0,77.0,30.0,27.0,32.0,35.0,54.0,,80.0,,35.0,25.0,39.0,27.0,39.0,39.0,39.0,49.0
2024,609986,Charles R Henderson Elementary School,61.0,99.0,93.0,87.0,73.0,15.0,81.0,59.0,48.0,43.0,90.0,49.0,72.0,99.0,,,60.0,,55.0,60.0,50.0,34.0,99.0,53.0,25.0,64.0,99.0,55.0,65.0,6.0,44.0,63.0,50.0,32.0,91.0,58.0,,76.0,,11.0,60.0,76.0,34.0,45.0,23.0,55.0,42.0
2024,609987,Thomas A Hendricks Elementary Community Academy,71.0,69.0,65.0,60.0,62.0,45.0,48.0,30.0,50.0,29.0,30.0,53.0,53.0,83.0,,,49.0,,30.0,37.0,51.0,60.0,70.0,69.0,61.0,29.0,70.0,67.0,72.0,34.0,42.0,39.0,26.0,46.0,72.0,65.0,,82.0,,31.0,30.0,48.0,44.0,52.0,49.0,49.0,72.0
2024,609988,Patrick Henry Elementary School,50.0,61.0,51.0,33.0,44.0,39.0,39.0,46.0,53.0,43.0,45.0,50.0,28.0,50.0,,,47.0,,53.0,71.0,49.0,53.0,50.0,50.0,59.0,1.0,68.0,50.0,66.0,41.0,43.0,23.0,28.0,45.0,57.0,52.0,,91.0,,26.0,57.0,51.0,41.0,44.0,51.0,58.0,64.0
2024,609990,South Loop Elementary School,71.0,51.0,30.0,48.0,50.0,55.0,42.0,49.0,57.0,52.0,28.0,64.0,27.0,47.0,,,63.0,,54.0,48.0,65.0,74.0,56.0,76.0,72.0,40.0,52.0,73.0,74.0,48.0,52.0,41.0,40.0,57.0,54.0,61.0,,99.0,,58.0,44.0,42.0,51.0,55.0,73.0,67.0,55.0
2024,609991,Theodore Herzl Elementary School,39.0,32.0,25.0,37.0,41.0,1.0,14.0,42.0,44.0,29.0,2.0,47.0,9.0,51.0,,,49.0,,41.0,45.0,57.0,41.0,60.0,53.0,29.0,1.0,35.0,61.0,52.0,17.0,49.0,1.0,17.0,23.0,47.0,38.0,,99.0,,1.0,22.0,25.0,32.0,13.0,41.0,39.0,75.0
2024,609993,Agustin Lara Elementary Academy,71.0,45.0,40.0,52.0,50.0,48.0,28.0,57.0,63.0,52.0,26.0,65.0,5.0,56.0,,,41.0,,61.0,43.0,64.0,69.0,58.0,74.0,70.0,1.0,41.0,68.0,82.0,34.0,55.0,16.0,30.0,62.0,45.0,50.0,,66.0,,42.0,43.0,39.0,61.0,64.0,64.0,67.0,61.0
2024,609994,William G Hibbard Elementary School,29.0,61.0,46.0,44.0,47.0,41.0,38.0,12.0,25.0,20.0,28.0,29.0,33.0,69.0,,,47.0,,22.0,53.0,20.0,40.0,62.0,40.0,44.0,1.0,64.0,49.0,34.0,12.0,41.0,36.0,32.0,28.0,55.0,47.0,,55.0,,29.0,51.0,48.0,26.0,44.0,35.0,22.0,30.0
2024,609995,Rufus M Hitch Elementary School,29.0,35.0,35.0,34.0,53.0,26.0,39.0,62.0,47.0,40.0,1.0,39.0,15.0,60.0,,,54.0,,43.0,55.0,41.0,49.0,66.0,45.0,45.0,1.0,40.0,64.0,53.0,52.0,60.0,10.0,33.0,25.0,50.0,42.0,,76.0,,50.0,37.0,36.0,37.0,32.0,56.0,14.0,56.0
2024,609996,Charles N Holden Elementary School,71.0,42.0,41.0,38.0,63.0,43.0,44.0,42.0,48.0,45.0,35.0,57.0,16.0,73.0,,,55.0,,54.0,72.0,54.0,68.0,70.0,72.0,61.0,1.0,46.0,80.0,72.0,69.0,55.0,29.0,43.0,34.0,44.0,52.0,,92.0,,48.0,48.0,45.0,51.0,35.0,72.0,42.0,47.0
2024,609997,Oliver Wendell Holmes Elementary School,29.0,73.0,59.0,72.0,72.0,39.0,41.0,19.0,33.0,42.0,1.0,25.0,1.0,87.0,,,23.0,,34.0,30.0,29.0,20.0,77.0,10.0,22.0,1.0,61.0,52.0,35.0,51.0,43.0,13.0,27.0,14.0,51.0,46.0,,91.0,,1.0,38.0,46.0,15.0,30.0,28.0,4.0,54.0
2024,610000,Julia Ward Howe Elementary School of Excellence,50.0,79.0,58.0,68.0,62.0,4.0,47.0,44.0,42.0,30.0,43.0,41.0,35.0,79.0,,,64.0,,37.0,79.0,43.0,28.0,76.0,39.0,24.0,13.0,70.0,63.0,53.0,25.0,42.0,42.0,28.0,18.0,56.0,45.0,,76.0,,1.0,47.0,51.0,24.0,21.0,22.0,32.0,63.0
2024,610002,Thomas Hoyne Elementary School,39.0,45.0,41.0,54.0,59.0,58.0,48.0,22.0,49.0,54.0,18.0,40.0,3.0,53.0,,,46.0,,40.0,52.0,49.0,49.0,73.0,59.0,31.0,18.0,51.0,67.0,71.0,57.0,73.0,19.0,12.0,44.0,14.0,38.0,,42.0,,43.0,23.0,32.0,20.0,33.0,58.0,25.0,54.0
2024,610003,Paul Cuffe Math-Science Technology Academy ES,50.0,66.0,47.0,57.0,52.0,35.0,42.0,48.0,51.0,38.0,30.0,60.0,9.0,71.0,,,43.0,,31.0,65.0,58.0,56.0,44.0,78.0,42.0,9.0,64.0,75.0,70.0,34.0,56.0,19.0,16.0,55.0,36.0,40.0,,67.0,,34.0,27.0,39.0,40.0,47.0,48.0,65.0,44.0
2024,610004,Countee Cullen Elementary School,81.0,99.0,92.0,99.0,81.0,54.0,75.0,,61.0,63.0,99.0,48.0,15.0,72.0,,,58.0,,,73.0,55.0,,80.0,,,34.0,72.0,51.0,77.0,74.0,19.0,58.0,39.0,44.0,75.0,51.0,,,,61.0,55.0,65.0,,69.0,50.0,39.0,
2024,610005,Charles Evans Hughes Elementary School,39.0,86.0,72.0,61.0,83.0,,63.0,12.0,35.0,21.0,50.0,41.0,48.0,89.0,,,51.0,,9.0,69.0,42.0,13.0,99.0,18.0,19.0,1.0,69.0,46.0,59.0,,43.0,54.0,38.0,39.0,55.0,61.0,,74.0,,,44.0,56.0,31.0,21.0,1.0,43.0,45.0
2024,610006,Edward N Hurley Elementary School,50.0,43.0,31.0,29.0,52.0,68.0,22.0,56.0,52.0,30.0,1.0,55.0,10.0,59.0,,,47.0,,30.0,46.0,62.0,63.0,51.0,77.0,59.0,1.0,45.0,59.0,76.0,68.0,47.0,28.0,30.0,58.0,45.0,54.0,,78.0,,46.0,44.0,38.0,36.0,61.0,54.0,61.0,39.0
2024,610009,Galileo Math & Science Scholastic Academy ES,91.0,51.0,35.0,56.0,61.0,47.0,34.0,72.0,62.0,50.0,44.0,69.0,33.0,64.0,,,49.0,,49.0,65.0,77.0,66.0,60.0,71.0,63.0,20.0,51.0,73.0,79.0,62.0,64.0,45.0,39.0,63.0,54.0,60.0,,84.0,,41.0,46.0,43.0,50.0,45.0,64.0,76.0,48.0
2024,610010,Friedrich L. Jahn Elementary of the Fine Arts,50.0,76.0,70.0,59.0,61.0,37.0,65.0,25.0,22.0,10.0,56.0,22.0,49.0,73.0,,,66.0,,1.0,92.0,14.0,51.0,78.0,45.0,48.0,29.0,65.0,19.0,34.0,32.0,30.0,85.0,60.0,28.0,82.0,76.0,,35.0,,33.0,62.0,64.0,26.0,56.0,60.0,27.0,12.0
2024,610011,Minnie Mars Jamieson Elementary School,71.0,68.0,59.0,58.0,67.0,59.0,62.0,48.0,47.0,33.0,62.0,58.0,56.0,73.0,,,67.0,,34.0,70.0,58.0,64.0,76.0,64.0,65.0,35.0,79.0,68.0,75.0,60.0,52.0,51.0,38.0,48.0,69.0,49.0,,95.0,,56.0,55.0,58.0,49.0,47.0,63.0,56.0,33.0
2024,610013,Pilsen Elementary Community Academy,71.0,54.0,36.0,39.0,52.0,73.0,29.0,67.0,60.0,41.0,12.0,59.0,18.0,70.0,,,45.0,,60.0,61.0,54.0,76.0,59.0,80.0,77.0,1.0,45.0,75.0,75.0,40.0,55.0,9.0,31.0,56.0,40.0,66.0,,99.0,,60.0,53.0,41.0,57.0,58.0,71.0,48.0,60.0
2024,610015,Joseph Jungman STEM Magnet Elementary School,50.0,60.0,43.0,65.0,59.0,54.0,44.0,54.0,55.0,52.0,47.0,51.0,23.0,64.0,,,61.0,,54.0,68.0,48.0,53.0,60.0,58.0,49.0,1.0,72.0,60.0,65.0,46.0,53.0,44.0,24.0,50.0,44.0,30.0,,72.0,,31.0,42.0,45.0,45.0,44.0,53.0,51.0,53.0
2024,610016,Kate S Kellogg Elementary School,71.0,40.0,53.0,61.0,68.0,35.0,75.0,45.0,41.0,20.0,35.0,57.0,33.0,50.0,,,82.0,,49.0,58.0,51.0,64.0,93.0,53.0,78.0,82.0,58.0,79.0,67.0,66.0,40.0,55.0,48.0,32.0,74.0,83.0,,85.0,,54.0,40.0,50.0,53.0,45.0,62.0,46.0,40.0
2024,610017,Maria Saucedo STEAM Magnet Academy,39.0,48.0,40.0,37.0,47.0,,29.0,,,,6.0,,21.0,54.0,,,46.0,,,57.0,,,51.0,,,1.0,48.0,,,,,29.0,21.0,,44.0,48.0,,,,,40.0,37.0,,,,,
2024,610019,Joshua D Kershaw Elementary School,99.0,99.0,99.0,99.0,90.0,45.0,99.0,60.0,67.0,63.0,99.0,66.0,85.0,99.0,,,78.0,,83.0,98.0,65.0,71.0,99.0,82.0,59.0,93.0,99.0,92.0,87.0,61.0,83.0,85.0,54.0,56.0,99.0,89.0,,99.0,,50.0,76.0,82.0,47.0,57.0,71.0,58.0,70.0
2024,610021,Pablo Casals Elementary School,99.0,85.0,81.0,87.0,89.0,83.0,64.0,75.0,69.0,69.0,68.0,61.0,43.0,97.0,,,59.0,,82.0,59.0,66.0,65.0,99.0,59.0,66.0,33.0,89.0,82.0,74.0,71.0,73.0,56.0,50.0,57.0,81.0,71.0,,93.0,,51.0,61.0,70.0,44.0,70.0,70.0,51.0,72.0
2024,610022,Joyce Kilmer Elementary School,19.0,39.0,29.0,30.0,44.0,49.0,23.0,24.0,20.0,3.0,9.0,31.0,21.0,59.0,,,50.0,,1.0,61.0,18.0,45.0,40.0,46.0,48.0,6.0,42.0,40.0,33.0,46.0,24.0,12.0,28.0,27.0,40.0,41.0,,41.0,,44.0,33.0,33.0,31.0,21.0,42.0,34.0,11.0
2024,610024,Lazaro Cardenas Elementary School,81.0,62.0,64.0,66.0,68.0,64.0,59.0,24.0,55.0,64.0,44.0,64.0,28.0,73.0,,,50.0,,76.0,65.0,61.0,62.0,72.0,59.0,62.0,3.0,61.0,88.0,58.0,61.0,46.0,34.0,39.0,61.0,65.0,59.0,,85.0,,48.0,59.0,56.0,54.0,66.0,66.0,51.0,66.0
2024,610026,John H Kinzie Elementary School,99.0,62.0,61.0,76.0,69.0,65.0,78.0,57.0,63.0,49.0,41.0,64.0,42.0,78.0,,,59.0,,57.0,97.0,65.0,66.0,67.0,75.0,60.0,27.0,60.0,87.0,82.0,55.0,70.0,58.0,59.0,67.0,79.0,76.0,,66.0,,57.0,61.0,60.0,55.0,64.0,64.0,48.0,60.0
2024,610027,Rudyard Kipling Elementary School,71.0,30.0,28.0,37.0,54.0,46.0,38.0,62.0,72.0,84.0,37.0,64.0,1.0,55.0,,,52.0,,94.0,62.0,67.0,60.0,68.0,56.0,52.0,27.0,15.0,82.0,75.0,56.0,64.0,29.0,29.0,58.0,12.0,78.0,,98.0,,32.0,30.0,26.0,35.0,53.0,72.0,70.0,79.0
2024,610029,Rodolfo Lozano Bilingual & International Ctr ES,61.0,57.0,39.0,27.0,52.0,55.0,18.0,43.0,58.0,42.0,3.0,68.0,20.0,51.0,,,46.0,,50.0,52.0,75.0,48.0,78.0,54.0,36.0,1.0,67.0,80.0,96.0,51.0,56.0,19.0,30.0,56.0,60.0,51.0,,76.0,,44.0,30.0,42.0,47.0,43.0,54.0,69.0,53.0
2024,610030,Charles Kozminski Elementary Community Academy,19.0,48.0,28.0,32.0,50.0,49.0,17.0,30.0,29.0,15.0,1.0,39.0,14.0,65.0,,,43.0,,12.0,48.0,36.0,42.0,49.0,45.0,39.0,1.0,41.0,57.0,54.0,54.0,31.0,13.0,15.0,26.0,17.0,44.0,,62.0,,18.0,16.0,25.0,32.0,37.0,41.0,30.0,18.0
2024,610032,Wendell E Green Elementary School,71.0,97.0,72.0,76.0,76.0,25.0,56.0,45.0,50.0,21.0,73.0,60.0,52.0,90.0,,,72.0,,10.0,76.0,61.0,36.0,93.0,54.0,27.0,49.0,78.0,77.0,79.0,44.0,55.0,61.0,44.0,59.0,78.0,65.0,,80.0,,13.0,44.0,60.0,42.0,44.0,28.0,60.0,45.0
2024,610033,LaSalle Elementary Language Academy,71.0,99.0,99.0,99.0,89.0,51.0,99.0,37.0,38.0,33.0,99.0,44.0,99.0,99.0,,,99.0,,28.0,99.0,28.0,65.0,99.0,69.0,58.0,99.0,99.0,65.0,38.0,57.0,38.0,99.0,99.0,49.0,99.0,99.0,,64.0,,51.0,99.0,99.0,48.0,54.0,67.0,36.0,32.0
2024,610034,Lawndale Elementary Community Academy,39.0,73.0,38.0,62.0,50.0,1.0,27.0,58.0,45.0,39.0,39.0,48.0,29.0,65.0,,,53.0,,46.0,54.0,48.0,39.0,69.0,43.0,45.0,39.0,60.0,63.0,60.0,2.0,55.0,20.0,23.0,9.0,57.0,48.0,,60.0,,1.0,38.0,40.0,39.0,28.0,30.0,41.0,59.0
2024,610036,Leslie Lewis Elementary School,1.0,45.0,27.0,25.0,39.0,7.0,6.0,23.0,23.0,14.0,1.0,24.0,4.0,52.0,,,28.0,,27.0,25.0,21.0,34.0,44.0,35.0,30.0,1.0,46.0,44.0,23.0,34.0,50.0,16.0,6.0,10.0,19.0,37.0,,80.0,,19.0,24.0,26.0,16.0,3.0,36.0,15.0,47.0
2024,610037,Arthur A Libby Elementary School,39.0,56.0,55.0,46.0,51.0,59.0,55.0,35.0,36.0,22.0,40.0,48.0,15.0,62.0,,,31.0,,23.0,59.0,53.0,40.0,55.0,63.0,26.0,45.0,54.0,54.0,66.0,40.0,44.0,20.0,33.0,34.0,61.0,60.0,,61.0,,23.0,44.0,47.0,37.0,66.0,32.0,48.0,22.0
2024,610038,Abraham Lincoln Elementary School,61.0,54.0,46.0,51.0,72.0,71.0,60.0,48.0,46.0,37.0,43.0,37.0,55.0,58.0,,,76.0,,21.0,63.0,20.0,77.0,78.0,71.0,72.0,60.0,74.0,61.0,31.0,99.0,45.0,70.0,60.0,55.0,87.0,76.0,,41.0,,80.0,55.0,59.0,48.0,46.0,88.0,20.0,61.0
2024,610039,Carl von Linne Elementary School,39.0,33.0,29.0,39.0,46.0,59.0,12.0,40.0,49.0,51.0,4.0,50.0,11.0,44.0,,,44.0,,47.0,58.0,52.0,58.0,46.0,63.0,59.0,1.0,44.0,56.0,56.0,54.0,60.0,17.0,28.0,52.0,39.0,57.0,,64.0,,49.0,35.0,34.0,38.0,53.0,53.0,52.0,48.0
2024,610040,Henry D Lloyd Elementary School,81.0,99.0,56.0,47.0,71.0,65.0,39.0,46.0,49.0,33.0,,62.0,,93.0,,,,,48.0,,73.0,65.0,83.0,83.0,66.0,,99.0,72.0,72.0,60.0,57.0,29.0,8.0,51.0,55.0,,,53.0,,19.0,35.0,50.0,51.0,50.0,46.0,51.0,44.0
2024,610041,Josephine C Locke Elementary School,91.0,61.0,51.0,51.0,65.0,50.0,55.0,79.0,78.0,60.0,46.0,68.0,54.0,58.0,,,66.0,,69.0,49.0,78.0,81.0,68.0,81.0,74.0,30.0,62.0,78.0,99.0,81.0,87.0,38.0,47.0,70.0,74.0,69.0,,99.0,,53.0,58.0,55.0,45.0,59.0,88.0,69.0,80.0
2024,610043,Joseph Lovett Elementary School,81.0,81.0,50.0,60.0,70.0,60.0,48.0,60.0,68.0,71.0,22.0,60.0,7.0,71.0,,,50.0,,78.0,41.0,60.0,56.0,79.0,44.0,51.0,5.0,76.0,74.0,75.0,70.0,71.0,24.0,25.0,60.0,46.0,44.0,,99.0,,44.0,29.0,45.0,36.0,50.0,73.0,69.0,72.0
2024,610044,James Russell Lowell Elementary School,29.0,61.0,37.0,52.0,58.0,34.0,38.0,44.0,39.0,31.0,15.0,40.0,19.0,64.0,,,40.0,,43.0,28.0,38.0,54.0,75.0,55.0,58.0,13.0,66.0,57.0,54.0,40.0,50.0,39.0,12.0,27.0,61.0,31.0,,45.0,,32.0,41.0,39.0,35.0,35.0,48.0,30.0,37.0
2024,610046,Mary Lyon Elementary School,19.0,50.0,33.0,38.0,48.0,35.0,31.0,50.0,33.0,15.0,6.0,46.0,13.0,63.0,,,46.0,,20.0,48.0,55.0,38.0,51.0,49.0,39.0,1.0,45.0,53.0,48.0,40.0,44.0,24.0,30.0,23.0,48.0,45.0,,57.0,,30.0,45.0,38.0,26.0,25.0,27.0,51.0,27.0
2024,610047,James Madison Elementary School,50.0,59.0,49.0,57.0,65.0,42.0,51.0,46.0,48.0,41.0,28.0,59.0,20.0,71.0,,,35.0,,50.0,64.0,64.0,36.0,70.0,53.0,15.0,13.0,67.0,77.0,72.0,62.0,55.0,25.0,21.0,34.0,44.0,45.0,,71.0,,17.0,42.0,45.0,44.0,32.0,39.0,49.0,49.0
2024,610048,George Manierre Elementary School,29.0,65.0,40.0,59.0,53.0,,34.0,47.0,44.0,41.0,44.0,44.0,38.0,52.0,,,55.0,,40.0,45.0,45.0,39.0,47.0,53.0,23.0,21.0,59.0,47.0,45.0,,64.0,34.0,21.0,26.0,35.0,44.0,,72.0,,,30.0,38.0,40.0,25.0,42.0,43.0,60.0
2024,610051,Northwest Middle School,19.0,47.0,36.0,9.0,32.0,1.0,2.0,37.0,36.0,8.0,1.0,50.0,1.0,60.0,,,31.0,,19.0,53.0,48.0,44.0,51.0,67.0,31.0,1.0,24.0,60.0,58.0,8.0,35.0,1.0,1.0,16.0,19.0,42.0,,52.0,,2.0,35.0,24.0,45.0,17.0,33.0,46.0,61.0
2024,610052,Horace Mann Elementary School,50.0,66.0,52.0,79.0,76.0,51.0,64.0,39.0,46.0,25.0,26.0,51.0,11.0,90.0,,,40.0,,33.0,58.0,59.0,43.0,80.0,47.0,31.0,18.0,50.0,76.0,74.0,53.0,19.0,25.0,17.0,41.0,41.0,37.0,,66.0,,29.0,33.0,38.0,23.0,42.0,51.0,45.0,51.0
2024,610053,Marquette Elementary School,81.0,58.0,52.0,52.0,54.0,37.0,47.0,60.0,62.0,50.0,34.0,61.0,29.0,64.0,,,37.0,,72.0,40.0,71.0,61.0,60.0,76.0,48.0,13.0,56.0,75.0,81.0,38.0,63.0,19.0,25.0,61.0,50.0,37.0,,99.0,,37.0,48.0,45.0,42.0,48.0,59.0,57.0,58.0
2024,610054,John L Marsh Elementary School,19.0,54.0,36.0,49.0,44.0,48.0,27.0,14.0,31.0,26.0,18.0,35.0,14.0,50.0,,,47.0,,24.0,56.0,33.0,55.0,63.0,60.0,50.0,1.0,53.0,44.0,45.0,14.0,35.0,29.0,28.0,37.0,42.0,36.0,,70.0,,30.0,36.0,38.0,29.0,41.0,54.0,35.0,33.0
2024,610055,Michael Faraday Elementary School,99.0,99.0,95.0,86.0,87.0,67.0,82.0,78.0,76.0,79.0,99.0,72.0,99.0,96.0,,,76.0,,97.0,72.0,72.0,80.0,93.0,85.0,65.0,84.0,91.0,95.0,99.0,74.0,76.0,76.0,50.0,51.0,89.0,85.0,,93.0,,39.0,62.0,75.0,57.0,56.0,91.0,63.0,72.0
2024,610056,Roswell B Mason Elementary School,71.0,85.0,73.0,84.0,80.0,,60.0,38.0,51.0,29.0,79.0,62.0,24.0,97.0,,,39.0,,15.0,72.0,61.0,56.0,60.0,56.0,56.0,22.0,57.0,77.0,89.0,,37.0,29.0,19.0,52.0,52.0,31.0,,84.0,,,37.0,47.0,48.0,39.0,56.0,62.0,48.0
2024,610057,Fairfield Elementary Academy,10.0,33.0,15.0,14.0,21.0,15.0,1.0,26.0,23.0,18.0,1.0,35.0,1.0,25.0,,,33.0,,36.0,40.0,32.0,40.0,23.0,46.0,40.0,1.0,22.0,50.0,43.0,23.0,55.0,1.0,22.0,10.0,28.0,41.0,,34.0,,14.0,27.0,22.0,28.0,10.0,33.0,29.0,18.0
2024,610059,Oscar Mayer Magnet School,71.0,51.0,39.0,46.0,60.0,46.0,54.0,33.0,48.0,51.0,30.0,46.0,48.0,62.0,,,80.0,,42.0,53.0,32.0,74.0,84.0,76.0,76.0,46.0,60.0,60.0,47.0,49.0,36.0,42.0,71.0,44.0,86.0,79.0,,68.0,,54.0,54.0,56.0,44.0,42.0,69.0,47.0,66.0
2024,610060,Chicago World Language Academy,39.0,58.0,48.0,51.0,61.0,50.0,64.0,30.0,35.0,32.0,35.0,31.0,38.0,63.0,,,67.0,,29.0,62.0,26.0,58.0,77.0,71.0,54.0,46.0,59.0,30.0,35.0,52.0,11.0,58.0,51.0,33.0,55.0,61.0,,74.0,,45.0,44.0,51.0,42.0,48.0,49.0,24.0,44.0
2024,610062,Minnie Miñoso Academy,50.0,37.0,39.0,49.0,43.0,41.0,38.0,47.0,46.0,32.0,20.0,48.0,9.0,57.0,,,47.0,,44.0,50.0,42.0,53.0,59.0,70.0,47.0,9.0,45.0,61.0,69.0,6.0,43.0,9.0,33.0,32.0,49.0,64.0,,94.0,,9.0,41.0,40.0,48.0,42.0,43.0,40.0,51.0
2024,610063,Cyrus H McCormick Elementary School,71.0,99.0,62.0,72.0,68.0,34.0,44.0,24.0,46.0,52.0,,57.0,,87.0,,,,,63.0,,60.0,65.0,76.0,93.0,54.0,,99.0,61.0,60.0,36.0,59.0,49.0,23.0,38.0,62.0,,,81.0,,15.0,52.0,59.0,52.0,36.0,47.0,53.0,57.0
2024,610065,Emmett Louis Till Math and Science Academy,1.0,54.0,35.0,51.0,39.0,25.0,19.0,5.0,11.0,1.0,1.0,39.0,5.0,57.0,,,31.0,,1.0,60.0,19.0,23.0,41.0,45.0,14.0,1.0,51.0,53.0,37.0,6.0,19.0,32.0,4.0,13.0,6.0,18.0,,45.0,,33.0,9.0,25.0,34.0,16.0,9.0,50.0,1.0
2024,610066,James E McDade Elementary Classical School,71.0,27.0,13.0,62.0,59.0,70.0,52.0,11.0,66.0,79.0,3.0,67.0,4.0,54.0,,,35.0,,76.0,54.0,74.0,72.0,69.0,77.0,74.0,12.0,20.0,91.0,90.0,52.0,64.0,28.0,45.0,68.0,47.0,73.0,,85.0,,68.0,33.0,28.0,43.0,69.0,65.0,59.0,81.0
2024,610067,Francis M McKay Elementary School,61.0,80.0,80.0,75.0,67.0,16.0,66.0,51.0,47.0,34.0,66.0,49.0,22.0,80.0,,,41.0,,42.0,19.0,52.0,44.0,87.0,60.0,32.0,36.0,63.0,72.0,65.0,25.0,39.0,39.0,20.0,49.0,49.0,45.0,,68.0,,21.0,42.0,51.0,25.0,36.0,40.0,48.0,38.0
2024,610068,Hanson Park Elementary School,50.0,55.0,33.0,47.0,48.0,37.0,25.0,40.0,46.0,32.0,8.0,52.0,9.0,48.0,,,40.0,,32.0,65.0,51.0,66.0,58.0,69.0,57.0,1.0,51.0,60.0,66.0,38.0,43.0,25.0,28.0,52.0,48.0,45.0,,61.0,,34.0,41.0,38.0,37.0,42.0,71.0,58.0,39.0
2024,610070,James B McPherson Elementary School,61.0,44.0,40.0,45.0,51.0,49.0,51.0,34.0,44.0,31.0,13.0,42.0,33.0,67.0,,,60.0,,28.0,62.0,40.0,68.0,63.0,61.0,68.0,1.0,61.0,52.0,68.0,30.0,51.0,24.0,33.0,48.0,64.0,44.0,,60.0,,39.0,52.0,47.0,36.0,52.0,75.0,38.0,37.0
2024,610073,Ellen Mitchell Elementary School,71.0,34.0,15.0,34.0,60.0,57.0,25.0,73.0,79.0,74.0,1.0,57.0,24.0,57.0,,,53.0,,70.0,51.0,58.0,89.0,59.0,81.0,88.0,16.0,49.0,81.0,77.0,90.0,79.0,42.0,46.0,71.0,65.0,61.0,,96.0,,73.0,43.0,38.0,50.0,54.0,99.0,40.0,99.0
2024,610074,Logan Square Elementary School,29.0,54.0,42.0,41.0,52.0,52.0,32.0,30.0,32.0,18.0,12.0,34.0,14.0,54.0,,,49.0,,21.0,51.0,26.0,50.0,59.0,49.0,47.0,1.0,56.0,36.0,32.0,55.0,30.0,8.0,27.0,48.0,45.0,47.0,,68.0,,27.0,38.0,41.0,37.0,37.0,55.0,37.0,34.0
2024,610076,Bernhard Moos Elementary School,19.0,51.0,37.0,39.0,46.0,13.0,20.0,17.0,21.0,9.0,1.0,20.0,1.0,55.0,,,34.0,,29.0,51.0,3.0,47.0,46.0,49.0,50.0,12.0,45.0,29.0,23.0,42.0,20.0,1.0,26.0,15.0,38.0,47.0,,68.0,,26.0,31.0,35.0,38.0,27.0,41.0,10.0,42.0
2024,610077,Donald Morrill Math & Science Elementary School,71.0,47.0,44.0,49.0,59.0,45.0,39.0,61.0,71.0,60.0,36.0,66.0,35.0,63.0,,,48.0,,89.0,48.0,73.0,71.0,57.0,68.0,67.0,1.0,53.0,88.0,98.0,66.0,85.0,27.0,26.0,59.0,35.0,52.0,,94.0,,43.0,34.0,39.0,47.0,62.0,79.0,56.0,75.0
2024,610078,Inter-American Elementary Magnet School,71.0,57.0,41.0,63.0,65.0,60.0,53.0,33.0,48.0,41.0,34.0,41.0,37.0,65.0,,,57.0,,40.0,51.0,35.0,70.0,65.0,75.0,73.0,17.0,66.0,53.0,41.0,66.0,41.0,49.0,42.0,67.0,75.0,64.0,,43.0,,45.0,49.0,50.0,45.0,64.0,61.0,29.0,58.0
2024,610081,Mark Sheridan Math & Science Academy,81.0,25.0,27.0,25.0,45.0,70.0,21.0,53.0,72.0,65.0,1.0,74.0,22.0,46.0,,,53.0,,61.0,60.0,71.0,79.0,33.0,81.0,77.0,9.0,56.0,84.0,78.0,77.0,45.0,35.0,39.0,78.0,47.0,64.0,,85.0,,65.0,38.0,40.0,63.0,78.0,78.0,78.0,84.0
2024,610082,Mount Greenwood Elementary School,99.0,40.0,52.0,67.0,77.0,87.0,63.0,81.0,80.0,78.0,56.0,75.0,66.0,99.0,,,99.0,,74.0,71.0,72.0,92.0,71.0,80.0,98.0,62.0,69.0,99.0,91.0,70.0,78.0,29.0,89.0,75.0,93.0,99.0,,99.0,,83.0,72.0,71.0,61.0,84.0,97.0,69.0,74.0
2024,610084,Annie Keller Regional Gifted Center,99.0,64.0,66.0,89.0,82.0,97.0,69.0,99.0,99.0,99.0,71.0,93.0,70.0,61.0,,,83.0,,99.0,49.0,97.0,99.0,78.0,99.0,99.0,44.0,73.0,99.0,99.0,99.0,99.0,60.0,71.0,97.0,97.0,99.0,,99.0,,99.0,64.0,69.0,78.0,91.0,99.0,99.0,99.0
2024,610086,Mount Vernon Elementary School,61.0,59.0,31.0,36.0,48.0,52.0,32.0,64.0,64.0,48.0,1.0,58.0,1.0,52.0,,,39.0,,65.0,87.0,73.0,60.0,48.0,74.0,48.0,1.0,42.0,65.0,94.0,54.0,39.0,2.0,17.0,65.0,33.0,51.0,,90.0,,35.0,22.0,28.0,32.0,35.0,57.0,63.0,48.0
2024,610087,Blair Early Childhood Center,81.0,,,,,84.0,,97.0,97.0,99.0,,89.0,,,,,,,99.0,,99.0,99.0,,99.0,99.0,,,99.0,99.0,71.0,99.0,,,92.0,,,,99.0,,95.0,,,70.0,86.0,99.0,89.0,99.0
2024,610088,Wolfgang A Mozart Elementary School,39.0,50.0,43.0,35.0,41.0,28.0,33.0,22.0,35.0,26.0,26.0,41.0,8.0,53.0,,,39.0,,36.0,45.0,38.0,45.0,52.0,50.0,45.0,1.0,52.0,57.0,51.0,23.0,32.0,4.0,22.0,38.0,36.0,49.0,,77.0,,21.0,47.0,41.0,30.0,44.0,41.0,40.0,37.0
2024,610089,John B Murphy Elementary School,71.0,62.0,50.0,69.0,61.0,56.0,55.0,47.0,47.0,32.0,33.0,45.0,43.0,61.0,,,72.0,,32.0,71.0,31.0,62.0,62.0,66.0,54.0,28.0,61.0,59.0,51.0,52.0,38.0,42.0,46.0,39.0,80.0,57.0,,78.0,,44.0,65.0,56.0,45.0,48.0,67.0,45.0,64.0
2024,610090,Phillip Murray Elementary Language Academy,29.0,38.0,17.0,49.0,54.0,32.0,34.0,17.0,29.0,28.0,3.0,51.0,6.0,63.0,,,36.0,,21.0,62.0,38.0,51.0,57.0,61.0,52.0,12.0,41.0,61.0,41.0,45.0,36.0,30.0,14.0,19.0,24.0,31.0,,45.0,,36.0,11.0,21.0,45.0,28.0,39.0,59.0,38.0
2024,610091,Ronald Brown Elementary Community Academy,71.0,99.0,99.0,99.0,97.0,35.0,99.0,24.0,53.0,54.0,99.0,56.0,99.0,99.0,,,99.0,,69.0,71.0,51.0,54.0,99.0,66.0,42.0,99.0,99.0,76.0,68.0,89.0,41.0,99.0,70.0,55.0,99.0,99.0,,87.0,,52.0,91.0,90.0,44.0,40.0,53.0,54.0,64.0
2024,610092,Henry H Nash Elementary School,61.0,63.0,61.0,76.0,68.0,11.0,62.0,61.0,46.0,31.0,63.0,40.0,59.0,91.0,,,45.0,,46.0,99.0,44.0,45.0,99.0,49.0,47.0,41.0,32.0,47.0,57.0,5.0,72.0,29.0,37.0,34.0,66.0,72.0,,66.0,,9.0,42.0,43.0,26.0,22.0,38.0,43.0,46.0
2024,610093,Jane A Neil Elementary School,39.0,51.0,42.0,56.0,46.0,66.0,30.0,39.0,54.0,50.0,13.0,50.0,1.0,56.0,,,19.0,,55.0,57.0,62.0,49.0,48.0,62.0,37.0,11.0,56.0,61.0,73.0,23.0,61.0,27.0,12.0,41.0,17.0,37.0,,83.0,,39.0,30.0,35.0,35.0,47.0,49.0,43.0,69.0
2024,610094,Louis Nettelhorst Elementary School,71.0,58.0,56.0,55.0,63.0,50.0,56.0,60.0,49.0,30.0,42.0,46.0,45.0,60.0,,,72.0,,35.0,88.0,42.0,69.0,67.0,70.0,67.0,45.0,61.0,49.0,56.0,70.0,41.0,50.0,52.0,52.0,82.0,66.0,,73.0,,59.0,61.0,58.0,46.0,51.0,71.0,47.0,46.0
2024,610095,Walter L Newberry Math & Science Academy ES,50.0,55.0,45.0,57.0,67.0,,46.0,,,,34.0,,27.0,71.0,,,58.0,,,80.0,,,74.0,,,22.0,52.0,,,,,40.0,27.0,,39.0,35.0,,,,,33.0,39.0,,,,,
2024,610096,Florence Nightingale Elementary School,50.0,61.0,39.0,41.0,46.0,66.0,32.0,50.0,53.0,47.0,36.0,53.0,30.0,56.0,,,49.0,,43.0,55.0,54.0,57.0,56.0,61.0,50.0,1.0,64.0,63.0,64.0,32.0,51.0,32.0,28.0,53.0,51.0,52.0,,84.0,,42.0,40.0,43.0,44.0,58.0,60.0,51.0,52.0
2024,610097,William P Nixon Elementary School,39.0,67.0,44.0,45.0,51.0,74.0,28.0,37.0,40.0,22.0,6.0,44.0,5.0,55.0,,,42.0,,24.0,45.0,40.0,42.0,52.0,53.0,37.0,1.0,56.0,46.0,59.0,53.0,23.0,13.0,16.0,37.0,38.0,35.0,,56.0,,27.0,37.0,38.0,39.0,56.0,35.0,52.0,47.0
2024,610098,Alfred Nobel Elementary School,61.0,56.0,34.0,33.0,52.0,53.0,20.0,44.0,57.0,55.0,7.0,63.0,29.0,56.0,,,48.0,,66.0,48.0,69.0,68.0,57.0,72.0,62.0,1.0,46.0,75.0,77.0,60.0,56.0,21.0,19.0,49.0,44.0,35.0,,90.0,,42.0,35.0,34.0,48.0,43.0,69.0,61.0,59.0
2024,610099,Norwood Park Elementary School,81.0,36.0,34.0,26.0,44.0,50.0,28.0,73.0,73.0,62.0,20.0,66.0,30.0,52.0,,,71.0,,61.0,68.0,61.0,84.0,41.0,71.0,85.0,34.0,55.0,85.0,96.0,56.0,75.0,45.0,53.0,54.0,58.0,73.0,,90.0,,71.0,48.0,48.0,54.0,53.0,96.0,64.0,82.0
2024,610100,West Park Elementary Academy,99.0,81.0,71.0,79.0,85.0,71.0,72.0,61.0,65.0,54.0,60.0,67.0,38.0,89.0,,,53.0,,54.0,76.0,71.0,74.0,85.0,77.0,67.0,22.0,88.0,85.0,83.0,86.0,65.0,46.0,48.0,60.0,82.0,60.0,,96.0,,63.0,66.0,68.0,53.0,68.0,77.0,58.0,65.0
2024,610101,William B Ogden Elementary School,19.0,52.0,39.0,52.0,47.0,1.0,36.0,37.0,35.0,21.0,29.0,33.0,23.0,60.0,,,50.0,,22.0,70.0,23.0,45.0,56.0,40.0,45.0,20.0,36.0,40.0,38.0,21.0,38.0,41.0,23.0,33.0,35.0,28.0,,62.0,,26.0,33.0,33.0,41.0,21.0,49.0,26.0,45.0
2024,610102,Richard J Oglesby Elementary School,19.0,51.0,37.0,41.0,52.0,1.0,27.0,12.0,39.0,40.0,10.0,49.0,19.0,71.0,,,30.0,,52.0,53.0,52.0,36.0,58.0,50.0,23.0,1.0,60.0,68.0,66.0,36.0,71.0,25.0,1.0,21.0,11.0,35.0,,58.0,,5.0,16.0,29.0,23.0,25.0,36.0,54.0,56.0
2024,610103,Isabelle C O'Keeffe Elementary School,61.0,99.0,99.0,99.0,75.0,1.0,99.0,13.0,25.0,9.0,99.0,44.0,99.0,99.0,,,97.0,,21.0,99.0,42.0,40.0,99.0,54.0,34.0,96.0,99.0,50.0,51.0,1.0,47.0,99.0,96.0,16.0,99.0,52.0,,71.0,,6.0,99.0,98.0,31.0,6.0,33.0,51.0,37.0
2024,610104,William J Onahan Elementary School,81.0,63.0,54.0,74.0,81.0,76.0,60.0,69.0,52.0,36.0,44.0,49.0,43.0,84.0,,,79.0,,22.0,83.0,50.0,74.0,90.0,79.0,63.0,48.0,72.0,64.0,61.0,75.0,61.0,60.0,58.0,58.0,87.0,78.0,,96.0,,75.0,64.0,62.0,43.0,59.0,81.0,39.0,38.0
2024,610105,Oriole Park Elementary School,81.0,63.0,45.0,68.0,62.0,76.0,52.0,78.0,64.0,43.0,60.0,59.0,58.0,64.0,,,89.0,,38.0,71.0,54.0,73.0,48.0,66.0,72.0,66.0,66.0,59.0,70.0,66.0,54.0,54.0,56.0,77.0,78.0,74.0,,88.0,,67.0,57.0,56.0,53.0,57.0,82.0,70.0,52.0
2024,610106,Brian Piccolo Elementary Specialty School,39.0,57.0,38.0,40.0,44.0,16.0,24.0,47.0,44.0,31.0,1.0,42.0,6.0,57.0,,,47.0,,47.0,59.0,39.0,52.0,50.0,50.0,52.0,1.0,51.0,46.0,51.0,30.0,56.0,22.0,19.0,36.0,38.0,36.0,,99.0,,25.0,31.0,35.0,37.0,24.0,55.0,44.0,53.0
2024,610107,James Otis Elementary School,19.0,52.0,50.0,37.0,41.0,24.0,31.0,40.0,28.0,15.0,14.0,26.0,1.0,67.0,,,47.0,,24.0,51.0,16.0,30.0,58.0,31.0,34.0,1.0,62.0,39.0,35.0,1.0,54.0,22.0,28.0,14.0,35.0,55.0,,64.0,,1.0,42.0,46.0,30.0,1.0,25.0,20.0,38.0
2024,610108,Luke O'Toole Elementary School,91.0,65.0,51.0,66.0,72.0,83.0,40.0,62.0,68.0,67.0,29.0,69.0,43.0,72.0,,,42.0,,62.0,53.0,78.0,64.0,60.0,68.0,52.0,6.0,67.0,93.0,91.0,90.0,64.0,27.0,20.0,61.0,41.0,41.0,,83.0,,44.0,42.0,45.0,40.0,74.0,71.0,66.0,60.0
2024,610109,William Bishop Owen Scholastic Academy ES,10.0,41.0,38.0,60.0,52.0,22.0,50.0,4.0,4.0,1.0,4.0,12.0,11.0,51.0,,,37.0,,1.0,56.0,1.0,35.0,75.0,22.0,48.0,23.0,30.0,20.0,10.0,20.0,13.0,11.0,21.0,1.0,29.0,26.0,,62.0,,36.0,24.0,28.0,24.0,19.0,34.0,1.0,4.0
2024,610110,Ida B Wells Preparatory Elementary Academy,99.0,99.0,99.0,99.0,91.0,60.0,99.0,84.0,66.0,53.0,99.0,65.0,99.0,99.0,,,68.0,,64.0,65.0,64.0,63.0,99.0,74.0,51.0,99.0,98.0,86.0,74.0,65.0,88.0,87.0,47.0,59.0,99.0,93.0,,80.0,,12.0,64.0,77.0,46.0,61.0,63.0,64.0,58.0
2024,610111,John Palmer Elementary School,50.0,63.0,52.0,51.0,52.0,63.0,52.0,58.0,48.0,24.0,33.0,53.0,40.0,72.0,,,63.0,,29.0,55.0,61.0,55.0,47.0,64.0,47.0,13.0,70.0,58.0,68.0,38.0,51.0,29.0,40.0,49.0,64.0,56.0,,77.0,,43.0,56.0,55.0,43.0,47.0,54.0,51.0,40.0
2024,610112,Francis W Parker Elementary Community Academy,50.0,84.0,60.0,70.0,72.0,38.0,68.0,73.0,49.0,35.0,30.0,43.0,22.0,91.0,,,50.0,,54.0,52.0,49.0,39.0,86.0,57.0,28.0,18.0,68.0,65.0,50.0,39.0,55.0,37.0,25.0,26.0,56.0,42.0,,74.0,,1.0,51.0,51.0,36.0,40.0,32.0,21.0,62.0
2024,610115,Park Manor Elementary School,19.0,58.0,36.0,56.0,50.0,25.0,41.0,14.0,28.0,21.0,40.0,39.0,12.0,59.0,,,37.0,,8.0,52.0,40.0,42.0,62.0,56.0,30.0,10.0,58.0,54.0,58.0,21.0,42.0,18.0,4.0,12.0,8.0,25.0,,52.0,,22.0,8.0,27.0,30.0,21.0,39.0,31.0,35.0
2024,610116,Parkside Elementary Community Academy,61.0,82.0,48.0,59.0,67.0,,61.0,,,,28.0,,51.0,75.0,,,59.0,,,74.0,,,67.0,,,18.0,64.0,,,,,33.0,26.0,,50.0,35.0,,,,,44.0,46.0,,,,,
2024,610117,Louis Pasteur Elementary School,99.0,99.0,99.0,99.0,92.0,44.0,99.0,67.0,74.0,57.0,,71.0,,99.0,,,,,90.0,,81.0,91.0,99.0,99.0,90.0,,99.0,80.0,91.0,72.0,83.0,98.0,36.0,70.0,99.0,,,99.0,,12.0,72.0,77.0,64.0,57.0,85.0,59.0,83.0
2024,610120,Ferdinand Peck Elementary School,29.0,77.0,49.0,82.0,69.0,68.0,42.0,33.0,31.0,39.0,,24.0,,78.0,,,,,39.0,,4.0,59.0,66.0,54.0,67.0,,28.0,45.0,21.0,50.0,58.0,18.0,20.0,16.0,50.0,,,52.0,,50.0,45.0,36.0,37.0,53.0,56.0,9.0,46.0
2024,610121,Washington Irving Elementary School,10.0,49.0,27.0,43.0,40.0,3.0,17.0,7.0,24.0,15.0,38.0,36.0,29.0,58.0,,,41.0,,1.0,55.0,23.0,25.0,41.0,50.0,13.0,26.0,48.0,51.0,55.0,17.0,38.0,15.0,20.0,15.0,35.0,52.0,,29.0,,3.0,21.0,29.0,34.0,23.0,12.0,35.0,30.0
2024,610122,Helen Peirce International Studies ES,50.0,57.0,43.0,51.0,57.0,36.0,59.0,77.0,42.0,32.0,20.0,23.0,36.0,65.0,,,68.0,,33.0,81.0,16.0,60.0,63.0,68.0,60.0,38.0,56.0,35.0,27.0,48.0,41.0,37.0,48.0,20.0,72.0,53.0,,90.0,,41.0,56.0,51.0,34.0,29.0,52.0,6.0,53.0
2024,610123,William Penn Elementary School,50.0,70.0,41.0,55.0,60.0,,24.0,,,,34.0,,25.0,57.0,,,35.0,,,44.0,,,68.0,,,13.0,54.0,,,,,26.0,7.0,,24.0,37.0,,,,,28.0,33.0,,,,,
2024,610124,Harold Washington Elementary School,50.0,59.0,52.0,54.0,71.0,59.0,41.0,60.0,46.0,43.0,30.0,49.0,6.0,64.0,,,37.0,,29.0,62.0,56.0,42.0,78.0,48.0,28.0,16.0,35.0,68.0,63.0,86.0,58.0,17.0,16.0,29.0,51.0,34.0,,52.0,,32.0,36.0,35.0,26.0,41.0,51.0,46.0,37.0
2024,610125,Irma C Ruiz Elementary School,50.0,62.0,51.0,47.0,50.0,32.0,43.0,37.0,53.0,42.0,50.0,57.0,46.0,72.0,,,54.0,,60.0,84.0,61.0,55.0,53.0,64.0,43.0,1.0,59.0,75.0,75.0,29.0,47.0,25.0,33.0,45.0,45.0,46.0,,92.0,,19.0,39.0,46.0,36.0,45.0,57.0,54.0,66.0
2024,610126,John J Pershing STEAM Magnet Elementary School,39.0,40.0,21.0,41.0,49.0,45.0,24.0,61.0,56.0,44.0,12.0,42.0,25.0,58.0,,,40.0,,47.0,55.0,58.0,51.0,63.0,52.0,42.0,9.0,46.0,52.0,76.0,32.0,62.0,21.0,14.0,34.0,25.0,37.0,,96.0,,21.0,23.0,26.0,30.0,30.0,59.0,28.0,66.0
2024,610127,Mary Gage Peterson Elementary School,39.0,57.0,47.0,49.0,60.0,38.0,60.0,39.0,28.0,25.0,41.0,26.0,37.0,74.0,,,67.0,,21.0,70.0,19.0,46.0,71.0,58.0,39.0,21.0,54.0,36.0,25.0,45.0,25.0,39.0,40.0,19.0,62.0,47.0,,70.0,,43.0,52.0,48.0,31.0,40.0,42.0,17.0,33.0
2024,610128,Marcus Moziah Garvey Elementary School,71.0,56.0,54.0,55.0,61.0,53.0,51.0,26.0,47.0,34.0,16.0,60.0,14.0,71.0,,,43.0,,24.0,77.0,55.0,43.0,71.0,44.0,,16.0,63.0,81.0,77.0,45.0,64.0,32.0,22.0,49.0,44.0,39.0,,51.0,,23.0,37.0,44.0,37.0,62.0,41.0,65.0,47.0
2024,610129,Josiah Pickard Elementary School,71.0,38.0,41.0,45.0,66.0,41.0,27.0,35.0,58.0,57.0,40.0,56.0,24.0,70.0,,,43.0,,47.0,28.0,56.0,76.0,71.0,62.0,79.0,1.0,40.0,78.0,87.0,76.0,70.0,20.0,38.0,63.0,65.0,66.0,,74.0,,60.0,52.0,43.0,44.0,78.0,88.0,44.0,46.0
2024,610130,John T Pirie Fine Arts & Academic Center ES,71.0,99.0,99.0,99.0,99.0,,99.0,,,,99.0,,99.0,99.0,,,76.0,,,99.0,,,99.0,,,99.0,99.0,,,,,99.0,99.0,,99.0,94.0,,,,,64.0,90.0,,,,,
2024,610131,Ambrose Plamondon Elementary School,39.0,72.0,60.0,58.0,61.0,53.0,52.0,35.0,39.0,39.0,56.0,35.0,24.0,83.0,,,53.0,,38.0,73.0,38.0,51.0,85.0,50.0,50.0,5.0,71.0,62.0,40.0,19.0,44.0,40.0,44.0,16.0,72.0,81.0,,82.0,,26.0,50.0,56.0,32.0,79.0,54.0,8.0,63.0
2024,610132,Edgar Allan Poe Elementary Classical School,50.0,54.0,56.0,76.0,60.0,48.0,56.0,17.0,31.0,28.0,54.0,18.0,27.0,63.0,,,21.0,,35.0,75.0,1.0,62.0,71.0,46.0,71.0,67.0,51.0,29.0,36.0,31.0,54.0,57.0,59.0,43.0,83.0,68.0,,81.0,,35.0,48.0,54.0,27.0,46.0,68.0,13.0,33.0
2024,610133,Laura S Ward Elementary School,39.0,96.0,76.0,82.0,74.0,17.0,77.0,46.0,27.0,19.0,78.0,34.0,87.0,85.0,,,67.0,,7.0,81.0,25.0,32.0,88.0,34.0,33.0,61.0,92.0,44.0,46.0,41.0,56.0,53.0,34.0,15.0,69.0,61.0,,43.0,,10.0,43.0,61.0,31.0,21.0,29.0,34.0,10.0
2024,610135,Portage Park Elementary School,39.0,40.0,43.0,39.0,52.0,45.0,45.0,55.0,42.0,28.0,32.0,42.0,33.0,69.0,,,50.0,,28.0,52.0,42.0,57.0,53.0,61.0,55.0,7.0,29.0,44.0,55.0,46.0,37.0,21.0,37.0,35.0,55.0,51.0,,62.0,,30.0,47.0,39.0,38.0,44.0,54.0,44.0,37.0
2024,610136,William H Prescott Elementary School,61.0,73.0,58.0,65.0,84.0,68.0,83.0,51.0,38.0,40.0,60.0,46.0,47.0,85.0,,,65.0,,38.0,66.0,30.0,76.0,99.0,67.0,78.0,51.0,65.0,62.0,30.0,87.0,50.0,42.0,58.0,33.0,83.0,74.0,,83.0,,90.0,56.0,59.0,52.0,51.0,83.0,40.0,37.0
2024,610137,Ernst Prussing Elementary School,10.0,30.0,18.0,27.0,34.0,17.0,11.0,29.0,23.0,13.0,8.0,30.0,18.0,50.0,,,50.0,,7.0,60.0,21.0,45.0,36.0,49.0,45.0,12.0,36.0,35.0,39.0,24.0,28.0,15.0,25.0,23.0,34.0,45.0,,27.0,,27.0,26.0,26.0,32.0,21.0,41.0,31.0,9.0
2024,610138,Pulaski International School of Chicago,29.0,38.0,27.0,34.0,48.0,28.0,31.0,26.0,38.0,38.0,2.0,35.0,28.0,55.0,,,63.0,,38.0,91.0,26.0,64.0,52.0,56.0,71.0,10.0,50.0,47.0,34.0,49.0,38.0,39.0,40.0,45.0,57.0,49.0,,54.0,,56.0,37.0,39.0,34.0,40.0,65.0,33.0,49.0
2024,610139,George M Pullman Elementary School,10.0,53.0,27.0,29.0,42.0,34.0,14.0,42.0,35.0,20.0,1.0,38.0,20.0,52.0,,,43.0,,12.0,31.0,44.0,24.0,59.0,39.0,15.0,2.0,56.0,56.0,51.0,26.0,68.0,16.0,16.0,26.0,26.0,31.0,,90.0,,3.0,17.0,29.0,28.0,28.0,17.0,24.0,36.0
2024,610141,Ravenswood Elementary School,81.0,41.0,25.0,39.0,62.0,72.0,51.0,59.0,71.0,59.0,20.0,57.0,8.0,67.0,,,59.0,,62.0,58.0,47.0,78.0,69.0,72.0,79.0,34.0,54.0,64.0,82.0,74.0,65.0,39.0,42.0,78.0,64.0,43.0,,70.0,,78.0,46.0,42.0,59.0,59.0,84.0,56.0,77.0
2024,610142,William H Ray Elementary School,81.0,40.0,30.0,42.0,60.0,43.0,30.0,44.0,63.0,60.0,6.0,69.0,25.0,52.0,,,54.0,,66.0,40.0,74.0,76.0,62.0,79.0,68.0,17.0,44.0,67.0,75.0,82.0,72.0,21.0,27.0,65.0,47.0,34.0,,92.0,,53.0,33.0,34.0,60.0,49.0,82.0,76.0,69.0
2024,610143,William C Reavis Math & Science Specialty ES,50.0,64.0,42.0,59.0,50.0,34.0,44.0,32.0,45.0,52.0,49.0,54.0,16.0,59.0,,,55.0,,54.0,40.0,62.0,46.0,55.0,48.0,45.0,44.0,70.0,70.0,51.0,25.0,49.0,22.0,18.0,42.0,35.0,32.0,,67.0,,10.0,30.0,40.0,37.0,33.0,45.0,48.0,49.0
2024,610144,Frank W Reilly Elementary School,61.0,47.0,48.0,50.0,61.0,74.0,49.0,34.0,50.0,46.0,53.0,57.0,31.0,73.0,,,63.0,,38.0,65.0,58.0,58.0,52.0,53.0,58.0,11.0,67.0,75.0,70.0,67.0,40.0,32.0,41.0,55.0,70.0,54.0,,59.0,,45.0,54.0,53.0,39.0,63.0,62.0,57.0,46.0
2024,610145,Peter A Reinberg Elementary School,29.0,58.0,35.0,43.0,50.0,54.0,42.0,33.0,36.0,17.0,44.0,40.0,30.0,50.0,,,53.0,,9.0,63.0,32.0,48.0,65.0,49.0,49.0,21.0,44.0,43.0,47.0,42.0,24.0,25.0,30.0,48.0,40.0,38.0,,55.0,,43.0,45.0,39.0,37.0,52.0,45.0,49.0,34.0
2024,610146,Paul Revere Elementary School,29.0,67.0,50.0,64.0,51.0,1.0,41.0,61.0,32.0,13.0,60.0,48.0,57.0,68.0,,,58.0,,15.0,51.0,54.0,26.0,69.0,70.0,1.0,9.0,79.0,49.0,69.0,1.0,30.0,47.0,13.0,5.0,33.0,16.0,,90.0,,1.0,33.0,44.0,30.0,2.0,7.0,58.0,12.0
2024,610147,Philip Rogers Elementary School,81.0,50.0,35.0,48.0,59.0,48.0,48.0,54.0,63.0,53.0,41.0,63.0,54.0,57.0,,,73.0,,54.0,62.0,69.0,81.0,69.0,81.0,73.0,26.0,49.0,69.0,73.0,60.0,70.0,35.0,53.0,76.0,84.0,73.0,,87.0,,52.0,51.0,47.0,39.0,58.0,89.0,76.0,60.0
2024,610148,Cesar E Chavez Multicultural Academic Center ES,91.0,60.0,46.0,50.0,64.0,78.0,36.0,71.0,75.0,69.0,31.0,73.0,16.0,70.0,,,49.0,,78.0,60.0,67.0,83.0,57.0,83.0,82.0,1.0,58.0,87.0,82.0,80.0,66.0,28.0,28.0,74.0,58.0,46.0,,99.0,,72.0,49.0,45.0,65.0,68.0,84.0,71.0,77.0
2024,610152,Martha Ruggles Elementary School,61.0,74.0,64.0,78.0,77.0,28.0,74.0,62.0,50.0,45.0,62.0,46.0,25.0,86.0,,,38.0,,56.0,43.0,55.0,48.0,89.0,58.0,39.0,46.0,68.0,58.0,64.0,54.0,66.0,34.0,27.0,33.0,60.0,37.0,,70.0,,23.0,44.0,51.0,29.0,24.0,46.0,40.0,46.0
2024,610153,William H Ryder Math & Science Specialty ES,61.0,73.0,58.0,84.0,77.0,26.0,56.0,53.0,52.0,40.0,1.0,59.0,2.0,82.0,,,31.0,,71.0,74.0,60.0,45.0,99.0,45.0,45.0,1.0,76.0,77.0,74.0,42.0,62.0,51.0,20.0,30.0,54.0,32.0,,95.0,,25.0,23.0,44.0,35.0,35.0,46.0,64.0,64.0
2024,610155,Sauganash Elementary School,81.0,56.0,41.0,50.0,59.0,72.0,47.0,42.0,63.0,58.0,44.0,64.0,47.0,51.0,,,85.0,,60.0,91.0,64.0,81.0,59.0,79.0,77.0,35.0,62.0,79.0,69.0,77.0,62.0,51.0,58.0,75.0,73.0,75.0,,99.0,,66.0,50.0,53.0,53.0,61.0,87.0,58.0,70.0
2024,610157,Sidney Sawyer Elementary School,19.0,48.0,39.0,33.0,43.0,51.0,29.0,24.0,30.0,23.0,16.0,24.0,5.0,48.0,,,38.0,,27.0,54.0,30.0,46.0,50.0,46.0,49.0,1.0,40.0,25.0,40.0,42.0,37.0,15.0,22.0,26.0,42.0,43.0,,52.0,,33.0,41.0,36.0,25.0,48.0,43.0,16.0,37.0
2024,610158,Harriet E Sayre Elementary Language Academy,29.0,65.0,56.0,63.0,59.0,36.0,50.0,15.0,19.0,10.0,27.0,27.0,27.0,66.0,,,61.0,,7.0,65.0,17.0,43.0,76.0,46.0,49.0,9.0,45.0,27.0,24.0,30.0,15.0,29.0,32.0,21.0,43.0,43.0,,24.0,,24.0,46.0,45.0,33.0,23.0,35.0,30.0,27.0
2024,610159,Jonathan Y Scammon Elementary School,39.0,45.0,37.0,48.0,58.0,50.0,37.0,28.0,38.0,28.0,11.0,44.0,21.0,75.0,,,48.0,,20.0,69.0,46.0,67.0,48.0,62.0,67.0,1.0,41.0,55.0,63.0,62.0,31.0,17.0,29.0,51.0,43.0,44.0,,31.0,,47.0,46.0,38.0,37.0,51.0,72.0,38.0,21.0
2024,610163,Frederick Stock Elementary School,81.0,,,,,,,99.0,94.0,98.0,,88.0,,,,,,,99.0,,99.0,99.0,,99.0,99.0,,,99.0,99.0,,73.0,,,81.0,,,,99.0,,,,,71.0,86.0,99.0,83.0,91.0
2024,610165,Franz Peter Schubert Elementary School,91.0,99.0,99.0,99.0,84.0,41.0,79.0,56.0,52.0,38.0,,60.0,,99.0,,,,,37.0,,63.0,66.0,99.0,85.0,64.0,,94.0,77.0,82.0,37.0,34.0,53.0,36.0,37.0,96.0,,,90.0,,18.0,66.0,74.0,55.0,31.0,50.0,46.0,47.0
2024,610167,William H Seward Communication Arts Academy ES,1.0,41.0,37.0,35.0,38.0,72.0,19.0,28.0,29.0,30.0,13.0,37.0,15.0,48.0,,,48.0,,31.0,65.0,32.0,30.0,53.0,43.0,25.0,1.0,52.0,60.0,32.0,17.0,14.0,2.0,20.0,26.0,30.0,49.0,,47.0,,22.0,31.0,35.0,33.0,40.0,22.0,23.0,28.0
2024,610170,Columbia Explorers Elementary Academy,91.0,51.0,54.0,44.0,70.0,89.0,55.0,99.0,81.0,67.0,54.0,76.0,53.0,71.0,,,57.0,,78.0,67.0,79.0,85.0,75.0,87.0,82.0,8.0,64.0,95.0,99.0,88.0,73.0,38.0,39.0,63.0,74.0,63.0,,99.0,,81.0,59.0,54.0,67.0,77.0,86.0,64.0,75.0
2024,610171,Arnold Mireles Elementary Academy,19.0,46.0,21.0,35.0,55.0,12.0,27.0,42.0,38.0,29.0,1.0,51.0,8.0,57.0,,,30.0,,45.0,41.0,59.0,38.0,72.0,55.0,30.0,1.0,45.0,72.0,54.0,57.0,56.0,14.0,4.0,28.0,24.0,28.0,,85.0,,35.0,27.0,24.0,31.0,24.0,29.0,42.0,39.0
2024,610172,William T Sherman Elementary School,99.0,99.0,99.0,99.0,97.0,54.0,99.0,83.0,69.0,58.0,99.0,74.0,99.0,99.0,,,93.0,,72.0,75.0,87.0,74.0,99.0,79.0,60.0,55.0,99.0,95.0,99.0,89.0,95.0,69.0,64.0,56.0,99.0,69.0,,99.0,,49.0,86.0,87.0,53.0,49.0,82.0,60.0,51.0
2024,610173,Jesse Sherwood Elementary School,71.0,73.0,62.0,77.0,75.0,13.0,41.0,39.0,52.0,52.0,39.0,54.0,67.0,89.0,,,66.0,,52.0,56.0,54.0,63.0,99.0,64.0,63.0,28.0,72.0,73.0,79.0,35.0,48.0,52.0,44.0,44.0,99.0,80.0,,74.0,,12.0,53.0,58.0,42.0,42.0,62.0,46.0,47.0
2024,610174,James Shields Elementary School,91.0,99.0,78.0,99.0,84.0,47.0,59.0,40.0,63.0,66.0,,72.0,,85.0,,,,,74.0,,81.0,70.0,99.0,84.0,55.0,,99.0,88.0,80.0,53.0,65.0,15.0,1.0,67.0,67.0,,,74.0,,48.0,56.0,59.0,60.0,51.0,70.0,59.0,64.0
2024,610175,Beulah Shoesmith Elementary School,10.0,60.0,46.0,81.0,57.0,36.0,64.0,36.0,31.0,24.0,53.0,38.0,31.0,56.0,,,37.0,,16.0,41.0,12.0,19.0,65.0,42.0,9.0,14.0,50.0,56.0,37.0,24.0,35.0,18.0,17.0,19.0,31.0,28.0,,47.0,,17.0,29.0,36.0,45.0,30.0,7.0,38.0,40.0
2024,610176,John D Shoop Math-Science Technical Academy ES,81.0,58.0,45.0,72.0,71.0,46.0,46.0,75.0,60.0,48.0,26.0,64.0,6.0,65.0,,,34.0,,49.0,38.0,78.0,60.0,89.0,67.0,46.0,1.0,44.0,80.0,92.0,56.0,73.0,16.0,18.0,37.0,48.0,29.0,,99.0,,23.0,25.0,33.0,42.0,37.0,66.0,54.0,48.0
2024,610177,Mark Skinner Elementary School,61.0,60.0,43.0,60.0,55.0,47.0,44.0,40.0,43.0,29.0,54.0,49.0,33.0,59.0,,,66.0,,21.0,35.0,55.0,67.0,49.0,66.0,66.0,33.0,59.0,57.0,61.0,50.0,43.0,50.0,41.0,41.0,61.0,45.0,,80.0,,46.0,48.0,48.0,39.0,24.0,70.0,43.0,46.0
2024,610178,Theophilus Schmid Elementary School,19.0,55.0,27.0,42.0,45.0,27.0,26.0,46.0,37.0,30.0,7.0,46.0,5.0,57.0,,,36.0,,18.0,42.0,52.0,37.0,49.0,54.0,19.0,1.0,54.0,59.0,55.0,33.0,29.0,10.0,20.0,28.0,34.0,34.0,,89.0,,17.0,30.0,33.0,30.0,42.0,37.0,42.0,27.0
2024,610179,Washington D Smyser Elementary School,50.0,41.0,42.0,36.0,49.0,27.0,50.0,40.0,41.0,38.0,34.0,56.0,26.0,70.0,,,56.0,,37.0,60.0,58.0,51.0,60.0,68.0,41.0,16.0,48.0,61.0,62.0,29.0,50.0,22.0,37.0,27.0,52.0,38.0,,55.0,,24.0,54.0,45.0,48.0,25.0,45.0,57.0,37.0
2024,610180,John M Smyth Elementary School,39.0,75.0,49.0,51.0,57.0,13.0,33.0,62.0,49.0,34.0,23.0,58.0,33.0,67.0,,,47.0,,17.0,60.0,60.0,48.0,63.0,58.0,35.0,31.0,58.0,67.0,89.0,48.0,72.0,35.0,8.0,26.0,31.0,18.0,,86.0,,19.0,26.0,35.0,38.0,22.0,50.0,66.0,34.0
2024,610182,Hannah G Solomon Elementary School,39.0,51.0,39.0,56.0,58.0,47.0,54.0,7.0,28.0,31.0,30.0,41.0,43.0,64.0,,,79.0,,1.0,38.0,34.0,56.0,88.0,49.0,58.0,35.0,72.0,49.0,48.0,25.0,13.0,69.0,53.0,45.0,77.0,77.0,,81.0,,66.0,49.0,53.0,42.0,49.0,62.0,38.0,11.0
2024,610183,Spencer Technology Academy,50.0,84.0,59.0,67.0,64.0,28.0,40.0,49.0,44.0,33.0,39.0,48.0,51.0,71.0,,,60.0,,35.0,65.0,51.0,38.0,75.0,48.0,32.0,6.0,72.0,60.0,66.0,44.0,30.0,46.0,22.0,24.0,42.0,24.0,,96.0,,16.0,28.0,45.0,33.0,19.0,34.0,49.0,50.0
2024,610184,John Spry Elementary Community School,39.0,47.0,38.0,40.0,49.0,49.0,30.0,18.0,41.0,38.0,23.0,36.0,34.0,65.0,,,47.0,,35.0,56.0,25.0,51.0,47.0,49.0,52.0,1.0,55.0,46.0,59.0,44.0,21.0,28.0,28.0,49.0,57.0,48.0,,74.0,,38.0,39.0,40.0,25.0,50.0,52.0,48.0,42.0
2024,610185,Adlai E Stevenson Elementary School,61.0,58.0,44.0,50.0,62.0,,45.0,,,,38.0,,22.0,70.0,,,52.0,,,67.0,,,66.0,,,6.0,54.0,,,,,41.0,31.0,,51.0,60.0,,,,,45.0,44.0,,,,,
2024,610188,Dunne Technology Academy,99.0,99.0,99.0,99.0,99.0,64.0,99.0,60.0,71.0,67.0,99.0,69.0,99.0,99.0,,,99.0,,97.0,99.0,70.0,71.0,99.0,82.0,56.0,99.0,99.0,99.0,99.0,99.0,60.0,99.0,79.0,65.0,99.0,99.0,,99.0,,56.0,94.0,93.0,41.0,69.0,76.0,65.0,66.0
2024,610191,Stone Elementary Scholastic Academy,61.0,32.0,33.0,40.0,56.0,63.0,49.0,39.0,49.0,42.0,1.0,52.0,35.0,70.0,,,49.0,,35.0,72.0,44.0,63.0,67.0,76.0,50.0,3.0,38.0,67.0,60.0,47.0,48.0,36.0,43.0,54.0,61.0,62.0,,95.0,,53.0,48.0,41.0,49.0,60.0,64.0,48.0,48.0
2024,610192,Harriet Beecher Stowe Elementary School,50.0,59.0,38.0,41.0,49.0,22.0,30.0,26.0,41.0,35.0,17.0,49.0,3.0,59.0,,,34.0,,31.0,55.0,47.0,53.0,52.0,51.0,54.0,1.0,55.0,57.0,60.0,43.0,33.0,7.0,18.0,37.0,38.0,39.0,,82.0,,28.0,47.0,40.0,36.0,37.0,54.0,55.0,48.0
2024,610193,William K New Sullivan Elementary School,10.0,35.0,30.0,50.0,49.0,41.0,43.0,27.0,30.0,20.0,40.0,34.0,25.0,59.0,,,27.0,,2.0,57.0,37.0,35.0,54.0,46.0,25.0,16.0,33.0,42.0,50.0,34.0,25.0,32.0,19.0,28.0,32.0,52.0,,33.0,,5.0,29.0,28.0,25.0,41.0,35.0,30.0,26.0
2024,610194,Charles Sumner Math & Science Community Acad ES,61.0,64.0,60.0,76.0,82.0,66.0,58.0,36.0,41.0,42.0,48.0,47.0,42.0,83.0,,,41.0,,31.0,31.0,48.0,46.0,81.0,49.0,46.0,22.0,61.0,54.0,62.0,86.0,38.0,29.0,20.0,32.0,57.0,36.0,,48.0,,61.0,38.0,45.0,37.0,41.0,42.0,48.0,35.0
2024,610195,Elizabeth H Sutherland Elementary School,50.0,51.0,34.0,54.0,61.0,34.0,47.0,61.0,41.0,22.0,33.0,39.0,40.0,87.0,,,61.0,,34.0,49.0,37.0,61.0,68.0,71.0,61.0,30.0,42.0,47.0,49.0,33.0,62.0,36.0,31.0,31.0,46.0,52.0,,54.0,,50.0,39.0,37.0,36.0,23.0,51.0,35.0,41.0
2024,610196,George B Swift Elementary Specialty School,61.0,57.0,36.0,36.0,53.0,29.0,30.0,37.0,42.0,28.0,13.0,49.0,29.0,63.0,,,39.0,,38.0,61.0,51.0,66.0,69.0,62.0,64.0,1.0,72.0,61.0,70.0,42.0,40.0,51.0,26.0,43.0,47.0,30.0,,78.0,,46.0,45.0,45.0,40.0,37.0,71.0,45.0,32.0
2024,610197,Mancel Talcott Elementary School,61.0,67.0,57.0,49.0,63.0,,43.0,,,,1.0,,7.0,65.0,,,53.0,,,59.0,,,74.0,,,1.0,79.0,,,,,44.0,43.0,,79.0,55.0,,,,,53.0,58.0,,,,,
2024,610198,Douglas Taylor Elementary School,81.0,66.0,41.0,50.0,70.0,58.0,34.0,58.0,64.0,59.0,7.0,59.0,33.0,70.0,,,46.0,,56.0,63.0,61.0,68.0,65.0,72.0,52.0,1.0,52.0,61.0,74.0,95.0,73.0,30.0,38.0,69.0,61.0,25.0,,89.0,,54.0,32.0,41.0,49.0,57.0,80.0,66.0,58.0
2024,610199,Johnnie Colemon Elementary Academy,81.0,51.0,28.0,70.0,75.0,93.0,34.0,76.0,80.0,73.0,31.0,78.0,45.0,52.0,,,49.0,,86.0,78.0,77.0,95.0,89.0,97.0,88.0,68.0,60.0,94.0,99.0,88.0,64.0,26.0,33.0,82.0,60.0,61.0,,99.0,,55.0,28.0,37.0,63.0,89.0,99.0,78.0,72.0
2024,610200,James N Thorp Elementary School,71.0,77.0,50.0,68.0,61.0,19.0,39.0,36.0,51.0,39.0,28.0,61.0,31.0,61.0,,,46.0,,29.0,59.0,58.0,46.0,88.0,56.0,37.0,17.0,63.0,80.0,73.0,28.0,46.0,16.0,30.0,46.0,59.0,44.0,,77.0,,22.0,49.0,48.0,43.0,28.0,46.0,61.0,63.0
2024,610201,Ole A Thorp Elementary Scholastic Academy,61.0,49.0,34.0,53.0,56.0,66.0,39.0,69.0,56.0,43.0,31.0,48.0,34.0,49.0,,,60.0,,39.0,69.0,48.0,83.0,49.0,88.0,78.0,32.0,53.0,60.0,54.0,73.0,65.0,43.0,43.0,52.0,57.0,53.0,,60.0,,63.0,41.0,43.0,42.0,47.0,84.0,40.0,61.0
2024,610202,George W Tilton Elementary School,61.0,99.0,89.0,99.0,75.0,1.0,86.0,32.0,52.0,60.0,90.0,45.0,99.0,99.0,,,89.0,,60.0,99.0,47.0,33.0,99.0,61.0,17.0,72.0,99.0,56.0,65.0,1.0,56.0,98.0,52.0,40.0,99.0,30.0,,82.0,,1.0,61.0,75.0,40.0,21.0,21.0,37.0,64.0
2024,610203,Monarcas Academy,50.0,99.0,69.0,93.0,85.0,70.0,53.0,46.0,27.0,13.0,,38.0,,94.0,,,,,22.0,,42.0,51.0,99.0,72.0,57.0,,99.0,45.0,38.0,55.0,49.0,63.0,27.0,27.0,84.0,,,1.0,,23.0,64.0,65.0,43.0,56.0,25.0,22.0,9.0
2024,610206,Mark Twain Elementary School,50.0,41.0,38.0,46.0,56.0,56.0,36.0,34.0,54.0,50.0,32.0,49.0,26.0,62.0,,,53.0,,48.0,61.0,59.0,56.0,49.0,53.0,59.0,10.0,54.0,57.0,61.0,68.0,62.0,24.0,39.0,52.0,45.0,56.0,,68.0,,56.0,41.0,43.0,37.0,46.0,55.0,41.0,75.0
2024,610207,John H Vanderpoel Elementary Magnet School,50.0,61.0,46.0,73.0,60.0,39.0,43.0,8.0,38.0,29.0,56.0,39.0,61.0,74.0,,,61.0,,32.0,74.0,43.0,72.0,67.0,63.0,63.0,36.0,69.0,42.0,61.0,24.0,26.0,45.0,44.0,52.0,58.0,54.0,,85.0,,40.0,41.0,50.0,30.0,55.0,91.0,42.0,40.0
2024,610208,Mildred I Lavizzo Elementary School,61.0,74.0,47.0,74.0,62.0,28.0,50.0,45.0,47.0,41.0,50.0,41.0,46.0,68.0,,,47.0,,37.0,76.0,39.0,49.0,79.0,54.0,43.0,21.0,62.0,44.0,65.0,26.0,50.0,40.0,29.0,41.0,68.0,66.0,,74.0,,7.0,43.0,45.0,29.0,36.0,50.0,52.0,42.0
2024,610209,Alessandro Volta Elementary School,50.0,67.0,54.0,46.0,65.0,59.0,32.0,20.0,30.0,25.0,22.0,27.0,27.0,71.0,,,50.0,,16.0,47.0,30.0,63.0,68.0,45.0,72.0,1.0,57.0,37.0,53.0,76.0,35.0,25.0,32.0,26.0,59.0,34.0,,36.0,,52.0,56.0,50.0,27.0,37.0,73.0,12.0,25.0
2024,610212,Albany Park Multicultural Academy,91.0,78.0,47.0,61.0,79.0,73.0,33.0,89.0,79.0,72.0,35.0,71.0,16.0,99.0,,,46.0,,67.0,60.0,77.0,67.0,99.0,72.0,52.0,1.0,74.0,87.0,85.0,56.0,67.0,10.0,20.0,65.0,39.0,54.0,,63.0,,53.0,45.0,47.0,58.0,80.0,76.0,61.0,86.0
2024,610213,James Wadsworth Elementary School,61.0,75.0,68.0,77.0,66.0,18.0,62.0,49.0,40.0,14.0,69.0,54.0,42.0,70.0,,,38.0,,4.0,64.0,61.0,41.0,80.0,47.0,39.0,42.0,68.0,72.0,71.0,38.0,43.0,31.0,25.0,31.0,51.0,39.0,,62.0,,9.0,46.0,52.0,29.0,31.0,36.0,55.0,37.0
2024,610215,Francisco I Madero Middle School,91.0,99.0,64.0,80.0,88.0,55.0,42.0,79.0,75.0,55.0,48.0,69.0,15.0,99.0,,,40.0,,52.0,69.0,73.0,84.0,84.0,86.0,67.0,9.0,72.0,90.0,93.0,89.0,67.0,24.0,22.0,59.0,56.0,56.0,,99.0,,53.0,69.0,57.0,72.0,55.0,99.0,42.0,90.0
2024,610216,John A Walsh Elementary School,19.0,53.0,33.0,33.0,50.0,66.0,42.0,12.0,23.0,10.0,40.0,36.0,24.0,54.0,,,57.0,,1.0,62.0,39.0,54.0,79.0,46.0,51.0,29.0,52.0,48.0,46.0,32.0,7.0,23.0,27.0,36.0,51.0,52.0,,72.0,,35.0,34.0,37.0,27.0,50.0,66.0,30.0,11.0
2024,610217,James Ward Elementary School,61.0,51.0,36.0,33.0,51.0,52.0,37.0,38.0,59.0,48.0,16.0,59.0,25.0,52.0,,,62.0,,53.0,53.0,55.0,76.0,66.0,83.0,70.0,1.0,62.0,72.0,78.0,51.0,56.0,36.0,32.0,65.0,54.0,63.0,,72.0,,71.0,43.0,43.0,46.0,60.0,74.0,63.0,65.0
2024,610218,Joseph Warren Elementary School,81.0,52.0,43.0,51.0,66.0,53.0,37.0,75.0,77.0,86.0,18.0,72.0,34.0,63.0,,,46.0,,95.0,59.0,78.0,70.0,52.0,81.0,56.0,1.0,60.0,87.0,89.0,99.0,93.0,25.0,23.0,70.0,27.0,57.0,,90.0,,45.0,22.0,37.0,55.0,67.0,72.0,66.0,66.0
2024,610219,George Washington Elementary School,81.0,61.0,55.0,61.0,71.0,64.0,62.0,36.0,48.0,44.0,55.0,58.0,45.0,68.0,,,69.0,,46.0,61.0,60.0,62.0,75.0,57.0,66.0,27.0,75.0,78.0,66.0,78.0,46.0,36.0,59.0,60.0,69.0,90.0,,83.0,,44.0,57.0,62.0,44.0,60.0,62.0,51.0,32.0
2024,610220,Thomas J Waters Elementary School,61.0,41.0,33.0,55.0,57.0,51.0,48.0,58.0,57.0,30.0,33.0,53.0,35.0,49.0,,,84.0,,34.0,79.0,42.0,82.0,67.0,77.0,85.0,33.0,55.0,68.0,75.0,58.0,33.0,40.0,47.0,61.0,71.0,49.0,,52.0,,71.0,51.0,47.0,53.0,51.0,84.0,47.0,63.0
2024,610221,Daniel Webster Elementary School,71.0,99.0,99.0,99.0,81.0,40.0,85.0,46.0,48.0,38.0,75.0,55.0,83.0,99.0,,,70.0,,40.0,70.0,62.0,57.0,99.0,63.0,47.0,49.0,93.0,68.0,73.0,25.0,55.0,76.0,68.0,38.0,99.0,99.0,,92.0,,25.0,62.0,81.0,44.0,32.0,60.0,47.0,44.0
2024,610223,Daniel S Wentworth Elementary School,10.0,64.0,39.0,53.0,53.0,23.0,40.0,1.0,8.0,5.0,52.0,18.0,20.0,53.0,,,34.0,,1.0,51.0,2.0,17.0,66.0,17.0,14.0,13.0,54.0,42.0,15.0,39.0,6.0,18.0,7.0,1.0,17.0,24.0,,28.0,,1.0,26.0,32.0,17.0,23.0,20.0,9.0,19.0
2024,610225,John Whistler Elementary School,19.0,63.0,49.0,43.0,54.0,43.0,52.0,54.0,38.0,31.0,29.0,30.0,9.0,71.0,,,40.0,,37.0,42.0,22.0,36.0,79.0,33.0,47.0,42.0,50.0,50.0,40.0,24.0,56.0,31.0,23.0,11.0,28.0,49.0,,52.0,,11.0,39.0,40.0,35.0,45.0,29.0,12.0,56.0
2024,610226,Socorro Sandoval Elementary School,99.0,99.0,77.0,76.0,82.0,63.0,53.0,59.0,61.0,56.0,,60.0,,85.0,,,,,51.0,,79.0,71.0,87.0,88.0,67.0,,99.0,68.0,79.0,78.0,69.0,54.0,25.0,60.0,80.0,,,86.0,,49.0,61.0,66.0,51.0,58.0,58.0,43.0,49.0
2024,610227,Eli Whitney Elementary School,61.0,56.0,37.0,37.0,57.0,49.0,35.0,45.0,54.0,46.0,33.0,53.0,11.0,61.0,,,38.0,,50.0,71.0,59.0,69.0,54.0,78.0,66.0,1.0,59.0,61.0,71.0,75.0,54.0,17.0,28.0,48.0,55.0,52.0,,73.0,,36.0,51.0,44.0,44.0,55.0,62.0,46.0,58.0
2024,610228,John Greenleaf Whittier Elementary School,61.0,48.0,38.0,32.0,48.0,45.0,22.0,39.0,59.0,44.0,32.0,60.0,1.0,48.0,,,39.0,,57.0,35.0,64.0,58.0,45.0,69.0,48.0,1.0,49.0,66.0,67.0,66.0,33.0,14.0,32.0,61.0,40.0,49.0,,94.0,,26.0,42.0,40.0,45.0,54.0,56.0,65.0,84.0
2024,610229,A.N. Pritzker School,61.0,40.0,34.0,53.0,57.0,69.0,44.0,37.0,55.0,40.0,36.0,55.0,35.0,58.0,,,60.0,,40.0,65.0,57.0,66.0,48.0,68.0,68.0,39.0,63.0,60.0,75.0,69.0,43.0,39.0,48.0,68.0,70.0,69.0,,55.0,,59.0,55.0,50.0,49.0,57.0,61.0,55.0,55.0
2024,610230,Wildwood IB World Magnet School,39.0,46.0,50.0,42.0,54.0,53.0,50.0,39.0,31.0,17.0,28.0,35.0,42.0,67.0,,,82.0,,6.0,64.0,25.0,61.0,68.0,58.0,67.0,47.0,60.0,47.0,36.0,39.0,37.0,33.0,57.0,35.0,70.0,60.0,,32.0,,56.0,55.0,56.0,32.0,42.0,57.0,34.0,30.0
2024,610231,National Teachers Elementary Academy,91.0,73.0,59.0,81.0,74.0,44.0,62.0,67.0,76.0,68.0,27.0,79.0,30.0,87.0,,,52.0,,77.0,57.0,77.0,88.0,70.0,85.0,81.0,25.0,50.0,99.0,99.0,59.0,91.0,41.0,42.0,65.0,61.0,44.0,,99.0,,58.0,41.0,48.0,62.0,44.0,99.0,79.0,83.0
2024,610234,Richard Yates Elementary School,39.0,73.0,48.0,51.0,50.0,2.0,41.0,38.0,39.0,27.0,29.0,42.0,10.0,66.0,,,42.0,,28.0,48.0,42.0,45.0,65.0,51.0,47.0,2.0,55.0,56.0,64.0,19.0,49.0,26.0,24.0,27.0,30.0,30.0,,45.0,,11.0,33.0,40.0,37.0,28.0,38.0,32.0,38.0
2024,610235,Ella Flagg Young Elementary School,71.0,65.0,51.0,55.0,63.0,34.0,37.0,63.0,58.0,35.0,37.0,47.0,36.0,66.0,,,49.0,,46.0,63.0,53.0,63.0,63.0,69.0,50.0,1.0,65.0,58.0,66.0,66.0,48.0,40.0,21.0,54.0,41.0,37.0,,72.0,,14.0,33.0,43.0,36.0,40.0,69.0,40.0,71.0
2024,610237,Ludwig Van Beethoven Elementary School,10.0,71.0,48.0,55.0,59.0,15.0,38.0,21.0,22.0,18.0,48.0,39.0,30.0,72.0,,,41.0,,36.0,55.0,54.0,16.0,60.0,28.0,8.0,33.0,49.0,57.0,55.0,49.0,52.0,37.0,16.0,1.0,21.0,21.0,,68.0,,10.0,38.0,38.0,24.0,1.0,11.0,21.0,14.0
2024,610238,Carrie Jacobs Bond Elementary School,19.0,63.0,50.0,53.0,54.0,5.0,41.0,41.0,36.0,28.0,47.0,37.0,18.0,76.0,,,36.0,,31.0,65.0,38.0,43.0,64.0,54.0,42.0,48.0,61.0,37.0,64.0,23.0,62.0,25.0,18.0,20.0,34.0,46.0,,96.0,,7.0,27.0,39.0,42.0,16.0,34.0,31.0,29.0
2024,610239,Richard J Daley Elementary Academy,10.0,45.0,25.0,23.0,40.0,18.0,11.0,22.0,31.0,19.0,1.0,25.0,1.0,45.0,,,31.0,,18.0,51.0,31.0,25.0,48.0,32.0,23.0,1.0,56.0,29.0,35.0,42.0,16.0,21.0,17.0,27.0,34.0,47.0,,64.0,,28.0,34.0,33.0,21.0,40.0,19.0,17.0,54.0
2024,610242,Joseph Brennemann Elementary School,1.0,57.0,42.0,35.0,37.0,1.0,30.0,13.0,25.0,22.0,30.0,32.0,8.0,54.0,,,38.0,,36.0,64.0,22.0,33.0,53.0,36.0,29.0,16.0,45.0,46.0,30.0,4.0,37.0,27.0,14.0,4.0,28.0,27.0,,75.0,,20.0,35.0,34.0,34.0,1.0,33.0,27.0,58.0
2024,610244,Michele Clark Academic Prep Magnet High School,39.0,99.0,80.0,69.0,72.0,26.0,60.0,46.0,37.0,30.0,65.0,28.0,58.0,99.0,29.0,,56.0,38.0,29.0,84.0,33.0,54.0,95.0,79.0,40.0,37.0,,35.0,48.0,26.0,60.0,76.0,26.0,17.0,75.0,45.0,64.0,95.0,,29.0,73.0,48.0,22.0,34.0,44.0,23.0,45.0
2024,610245,Frederick A Douglass Academy High School,91.0,99.0,72.0,80.0,73.0,47.0,65.0,,78.0,72.0,77.0,90.0,60.0,99.0,,,47.0,48.0,77.0,87.0,99.0,91.0,73.0,91.0,,39.0,,99.0,99.0,38.0,79.0,61.0,26.0,60.0,85.0,37.0,70.0,99.0,,51.0,60.0,52.0,61.0,74.0,90.0,99.0,82.0
2024,610246,Edward Beasley Elementary Magnet Academic Center,39.0,50.0,37.0,49.0,55.0,27.0,35.0,46.0,53.0,39.0,13.0,58.0,12.0,60.0,,,40.0,,56.0,56.0,64.0,49.0,64.0,52.0,40.0,19.0,58.0,73.0,73.0,47.0,50.0,24.0,19.0,49.0,32.0,37.0,,65.0,,32.0,15.0,32.0,35.0,37.0,54.0,59.0,59.0
2024,610248,Chicago Academy Elementary School,81.0,50.0,45.0,55.0,60.0,34.0,52.0,55.0,59.0,66.0,21.0,63.0,26.0,77.0,,,60.0,,59.0,54.0,70.0,62.0,60.0,58.0,57.0,27.0,60.0,86.0,71.0,48.0,53.0,29.0,40.0,52.0,59.0,56.0,,96.0,,56.0,56.0,50.0,40.0,36.0,71.0,54.0,52.0
2024,610249,Talman Elementary School,71.0,56.0,58.0,46.0,58.0,68.0,59.0,63.0,65.0,61.0,26.0,58.0,20.0,81.0,,,50.0,,59.0,28.0,57.0,75.0,61.0,67.0,78.0,1.0,48.0,70.0,73.0,42.0,73.0,13.0,35.0,59.0,65.0,62.0,,85.0,,27.0,53.0,49.0,53.0,67.0,81.0,50.0,68.0
2024,610250,Ruben Salazar Elementary Bilingual Center,50.0,58.0,57.0,53.0,59.0,26.0,46.0,48.0,50.0,42.0,45.0,48.0,55.0,73.0,,,57.0,,68.0,56.0,51.0,58.0,76.0,60.0,59.0,21.0,69.0,56.0,62.0,32.0,56.0,49.0,43.0,33.0,67.0,56.0,,94.0,,28.0,53.0,56.0,40.0,48.0,54.0,46.0,64.0
2024,610251,Willa Cather Elementary School,39.0,72.0,59.0,63.0,58.0,12.0,55.0,75.0,58.0,44.0,12.0,54.0,19.0,71.0,,,44.0,,41.0,57.0,60.0,38.0,76.0,54.0,27.0,12.0,63.0,68.0,71.0,22.0,82.0,27.0,25.0,52.0,41.0,34.0,,98.0,,8.0,31.0,45.0,41.0,33.0,33.0,48.0,46.0
2024,610252,Robert Nathaniel Dett Elementary School,39.0,54.0,26.0,37.0,48.0,,28.0,,,,40.0,,52.0,53.0,,,54.0,,,22.0,,,55.0,,,7.0,47.0,,,,,24.0,15.0,,15.0,27.0,,,,,6.0,24.0,,,,,
2024,610254,Dvorak Technology Academy,10.0,54.0,40.0,54.0,49.0,9.0,26.0,30.0,25.0,22.0,23.0,22.0,24.0,56.0,,,38.0,,1.0,46.0,20.0,31.0,69.0,22.0,38.0,13.0,60.0,30.0,36.0,17.0,29.0,28.0,10.0,12.0,31.0,26.0,,82.0,,5.0,27.0,34.0,23.0,8.0,33.0,16.0,26.0
2024,610256,Jackie Robinson Elementary School,71.0,,,,,,,54.0,63.0,52.0,,72.0,,,,,,,50.0,,66.0,54.0,,83.0,58.0,,,91.0,82.0,,47.0,,,46.0,,,,85.0,,,,,58.0,52.0,22.0,73.0,81.0
2024,610257,Morton School of Excellence,19.0,50.0,30.0,38.0,50.0,39.0,24.0,68.0,34.0,18.0,7.0,31.0,5.0,65.0,,,43.0,,26.0,58.0,14.0,41.0,53.0,32.0,47.0,1.0,29.0,51.0,35.0,45.0,54.0,26.0,19.0,15.0,31.0,36.0,,55.0,,33.0,21.0,25.0,38.0,33.0,44.0,19.0,36.0
2024,610263,John Foster Dulles Elementary School,50.0,59.0,47.0,52.0,46.0,1.0,26.0,73.0,61.0,47.0,1.0,59.0,4.0,54.0,,,24.0,,68.0,50.0,68.0,44.0,54.0,60.0,31.0,1.0,47.0,66.0,82.0,24.0,99.0,16.0,10.0,28.0,30.0,28.0,,99.0,,16.0,21.0,31.0,42.0,17.0,40.0,60.0,73.0
2024,610268,Arthur R Ashe Elementary School,61.0,78.0,54.0,82.0,72.0,57.0,58.0,44.0,54.0,41.0,63.0,57.0,38.0,78.0,,,44.0,,42.0,48.0,62.0,40.0,72.0,68.0,24.0,45.0,69.0,65.0,77.0,57.0,43.0,22.0,23.0,54.0,45.0,48.0,,83.0,,2.0,37.0,46.0,33.0,44.0,29.0,67.0,53.0
2024,610269,John T McCutcheon Elementary School,99.0,81.0,72.0,55.0,62.0,42.0,61.0,59.0,64.0,48.0,51.0,66.0,50.0,79.0,,,77.0,,45.0,73.0,67.0,67.0,70.0,73.0,61.0,64.0,80.0,68.0,94.0,45.0,73.0,48.0,54.0,64.0,94.0,82.0,,90.0,,42.0,55.0,65.0,50.0,55.0,67.0,79.0,55.0
2024,610271,Jensen Elementary Scholastic Academy,50.0,90.0,61.0,83.0,75.0,39.0,67.0,38.0,53.0,56.0,61.0,56.0,35.0,83.0,,,34.0,,45.0,74.0,48.0,45.0,86.0,53.0,37.0,24.0,58.0,79.0,72.0,48.0,43.0,53.0,7.0,44.0,41.0,10.0,,73.0,,10.0,27.0,38.0,48.0,35.0,45.0,48.0,57.0
2024,610274,James Weldon Johnson STEAM Elementary School,29.0,65.0,42.0,43.0,51.0,16.0,31.0,76.0,42.0,22.0,5.0,30.0,29.0,66.0,,,35.0,,51.0,37.0,36.0,11.0,49.0,17.0,11.0,5.0,52.0,45.0,46.0,47.0,29.0,24.0,24.0,11.0,47.0,42.0,,65.0,,13.0,42.0,40.0,21.0,13.0,6.0,16.0,57.0
2024,610276,Irvin C Mollison Elementary School,10.0,46.0,38.0,43.0,44.0,1.0,25.0,3.0,13.0,2.0,16.0,17.0,4.0,42.0,,,30.0,,28.0,44.0,18.0,22.0,59.0,36.0,19.0,23.0,23.0,27.0,27.0,33.0,42.0,10.0,3.0,1.0,1.0,7.0,,28.0,,1.0,26.0,23.0,20.0,1.0,10.0,4.0,31.0
2024,610279,Henry O Tanner Elementary School,29.0,55.0,38.0,48.0,49.0,19.0,27.0,47.0,49.0,37.0,16.0,55.0,17.0,58.0,,,40.0,,41.0,46.0,62.0,33.0,64.0,57.0,12.0,1.0,59.0,67.0,71.0,24.0,65.0,25.0,11.0,36.0,30.0,24.0,,74.0,,1.0,21.0,32.0,33.0,18.0,29.0,59.0,52.0
2024,610281,Adam Clayton Powell Paideia Community Academy ES,39.0,67.0,47.0,56.0,51.0,7.0,45.0,34.0,42.0,25.0,29.0,41.0,40.0,61.0,,,51.0,,22.0,70.0,50.0,40.0,52.0,52.0,35.0,11.0,53.0,50.0,65.0,35.0,39.0,26.0,17.0,37.0,57.0,27.0,,82.0,,6.0,32.0,37.0,24.0,20.0,32.0,41.0,51.0
2024,610282,Ronald E McNair Elementary School,91.0,99.0,99.0,99.0,80.0,55.0,93.0,76.0,67.0,55.0,99.0,66.0,96.0,99.0,,,56.0,,64.0,41.0,69.0,55.0,99.0,58.0,50.0,62.0,99.0,97.0,98.0,22.0,67.0,57.0,51.0,49.0,84.0,44.0,,92.0,,22.0,71.0,80.0,41.0,48.0,57.0,58.0,58.0
2024,610284,New Field Elementary School,61.0,99.0,49.0,64.0,68.0,40.0,23.0,9.0,30.0,22.0,,54.0,,56.0,,,,,21.0,,59.0,63.0,93.0,83.0,55.0,,53.0,66.0,65.0,59.0,29.0,41.0,45.0,23.0,69.0,,,78.0,,39.0,50.0,49.0,52.0,25.0,51.0,38.0,32.0
2024,610287,Ashburn Community Elementary School,61.0,64.0,55.0,73.0,59.0,56.0,57.0,50.0,54.0,47.0,48.0,51.0,47.0,59.0,,,46.0,,84.0,58.0,58.0,61.0,84.0,64.0,64.0,56.0,62.0,61.0,70.0,18.0,52.0,27.0,45.0,51.0,63.0,51.0,,92.0,,28.0,49.0,53.0,36.0,59.0,54.0,47.0,54.0
2024,610290,Benjamin E Mays Elementary Academy,39.0,48.0,43.0,47.0,55.0,,22.0,,,,26.0,,17.0,54.0,,,25.0,,,24.0,,,63.0,,,1.0,60.0,,,,,16.0,5.0,,25.0,20.0,,,,,23.0,33.0,,,,,
2024,610291,Richard Henry Lee Elementary School,91.0,79.0,60.0,68.0,69.0,76.0,61.0,73.0,66.0,55.0,58.0,64.0,38.0,85.0,,,56.0,,70.0,69.0,69.0,71.0,69.0,77.0,70.0,19.0,70.0,80.0,78.0,54.0,56.0,44.0,45.0,59.0,69.0,61.0,,99.0,,59.0,57.0,58.0,47.0,61.0,65.0,60.0,64.0
2024,610293,Genevieve Melody Elementary School,91.0,93.0,75.0,74.0,71.0,50.0,66.0,67.0,61.0,67.0,62.0,60.0,58.0,76.0,,,53.0,,63.0,75.0,65.0,51.0,87.0,68.0,33.0,39.0,95.0,77.0,65.0,48.0,84.0,75.0,36.0,47.0,70.0,66.0,,99.0,,11.0,58.0,66.0,41.0,45.0,52.0,56.0,61.0
2024,610295,Thomas J Higgins Elementary Community Academy,81.0,68.0,65.0,87.0,78.0,26.0,83.0,40.0,61.0,61.0,60.0,60.0,37.0,81.0,,,56.0,,77.0,86.0,73.0,55.0,76.0,77.0,32.0,45.0,46.0,72.0,76.0,66.0,72.0,16.0,34.0,58.0,57.0,62.0,,99.0,,18.0,38.0,46.0,40.0,50.0,55.0,53.0,68.0
2024,610298,Lenart Elementary Regional Gifted Center,50.0,33.0,29.0,68.0,66.0,,56.0,10.0,36.0,29.0,37.0,41.0,10.0,66.0,,,43.0,,20.0,74.0,55.0,72.0,65.0,70.0,81.0,22.0,38.0,47.0,81.0,,19.0,36.0,42.0,30.0,55.0,69.0,,24.0,,,38.0,37.0,27.0,69.0,66.0,35.0,28.0
2024,610299,Dr. Martin Luther King Jr Academy of Social Justice,10.0,67.0,46.0,44.0,47.0,1.0,29.0,4.0,13.0,14.0,1.0,18.0,1.0,60.0,,,27.0,,7.0,55.0,17.0,18.0,68.0,45.0,1.0,1.0,49.0,32.0,29.0,15.0,54.0,29.0,7.0,1.0,26.0,33.0,,41.0,,1.0,23.0,31.0,9.0,15.0,7.0,15.0,18.0
2024,610300,Oliver S Westcott Elementary School,19.0,49.0,22.0,33.0,40.0,25.0,10.0,2.0,29.0,24.0,1.0,51.0,16.0,58.0,,,37.0,,32.0,34.0,56.0,32.0,50.0,44.0,25.0,1.0,39.0,46.0,55.0,18.0,34.0,9.0,4.0,25.0,10.0,6.0,,46.0,,1.0,13.0,20.0,28.0,20.0,28.0,72.0,38.0
2024,610304,Phoenix Military Academy High School,71.0,99.0,79.0,50.0,85.0,76.0,59.0,32.0,45.0,39.0,69.0,41.0,59.0,91.0,51.0,,42.0,42.0,44.0,81.0,34.0,58.0,99.0,65.0,53.0,47.0,,58.0,69.0,99.0,23.0,56.0,32.0,47.0,80.0,56.0,67.0,49.0,,53.0,90.0,60.0,31.0,63.0,57.0,42.0,40.0
2024,610305,George Leland Elementary School,61.0,85.0,59.0,71.0,72.0,41.0,48.0,43.0,54.0,43.0,46.0,58.0,34.0,79.0,,,47.0,,51.0,68.0,66.0,51.0,91.0,59.0,39.0,44.0,93.0,65.0,72.0,48.0,96.0,42.0,27.0,55.0,56.0,34.0,,68.0,,6.0,41.0,55.0,32.0,51.0,54.0,69.0,58.0
2024,610312,Mary E McDowell Elementary School,81.0,99.0,99.0,99.0,86.0,61.0,69.0,36.0,50.0,52.0,,65.0,,86.0,,,,,64.0,,81.0,56.0,99.0,72.0,59.0,,81.0,84.0,73.0,61.0,59.0,99.0,40.0,38.0,95.0,,,81.0,,69.0,70.0,73.0,49.0,64.0,37.0,46.0,49.0
2024,610313,Jose De Diego Elementary Community Academy,29.0,50.0,25.0,23.0,43.0,24.0,15.0,44.0,41.0,25.0,1.0,47.0,12.0,57.0,,,41.0,,35.0,60.0,51.0,37.0,45.0,44.0,34.0,1.0,42.0,51.0,67.0,46.0,32.0,13.0,17.0,27.0,40.0,31.0,,90.0,,26.0,31.0,29.0,42.0,11.0,32.0,43.0,40.0
2024,610315,Edward White Elementary Career Academy,91.0,98.0,81.0,76.0,78.0,64.0,86.0,,77.0,75.0,69.0,73.0,56.0,94.0,,,59.0,,71.0,67.0,74.0,63.0,72.0,50.0,,54.0,62.0,91.0,91.0,71.0,51.0,43.0,37.0,67.0,71.0,75.0,,70.0,,55.0,47.0,57.0,50.0,48.0,76.0,75.0,76.0
2024,610316,Amelia Earhart Options for Knowledge ES,19.0,66.0,42.0,60.0,66.0,32.0,54.0,1.0,33.0,27.0,37.0,30.0,44.0,69.0,,,53.0,,21.0,64.0,22.0,36.0,69.0,23.0,37.0,21.0,56.0,54.0,50.0,64.0,21.0,38.0,21.0,37.0,25.0,62.0,,1.0,,34.0,21.0,35.0,21.0,46.0,47.0,22.0,51.0
2024,610317,Brighton Park Elementary School,39.0,68.0,53.0,47.0,52.0,75.0,42.0,45.0,33.0,3.0,45.0,42.0,35.0,72.0,,,60.0,,1.0,71.0,42.0,42.0,64.0,54.0,48.0,1.0,66.0,48.0,43.0,25.0,31.0,33.0,33.0,49.0,58.0,59.0,,52.0,,11.0,47.0,50.0,39.0,62.0,24.0,39.0,25.0
2024,610319,Evergreen Academy Middle School,99.0,99.0,90.0,84.0,91.0,84.0,60.0,77.0,82.0,99.0,76.0,81.0,51.0,99.0,,,60.0,,67.0,52.0,91.0,79.0,99.0,92.0,57.0,11.0,85.0,90.0,99.0,82.0,48.0,34.0,46.0,75.0,81.0,76.0,,95.0,,64.0,81.0,76.0,72.0,72.0,89.0,71.0,58.0
2024,610323,Bowen High School,39.0,99.0,65.0,54.0,65.0,32.0,33.0,63.0,33.0,19.0,54.0,44.0,36.0,74.0,29.0,,50.0,34.0,1.0,65.0,45.0,39.0,89.0,56.0,27.0,29.0,,63.0,45.0,42.0,61.0,91.0,22.0,19.0,63.0,41.0,58.0,92.0,,35.0,58.0,42.0,26.0,42.0,33.0,40.0,19.0
2024,610325,Avondale-Logandale Elementary School,50.0,76.0,57.0,61.0,62.0,45.0,54.0,28.0,37.0,28.0,35.0,41.0,26.0,72.0,,,62.0,,35.0,67.0,45.0,45.0,76.0,57.0,44.0,8.0,66.0,53.0,52.0,38.0,56.0,37.0,36.0,43.0,61.0,68.0,,57.0,,23.0,51.0,53.0,32.0,47.0,33.0,33.0,33.0
2024,610329,Orozco Fine Arts & Sciences Elementary School,61.0,74.0,66.0,77.0,84.0,38.0,79.0,21.0,33.0,36.0,66.0,28.0,58.0,89.0,,,66.0,,30.0,92.0,27.0,76.0,89.0,54.0,82.0,28.0,74.0,37.0,37.0,81.0,29.0,55.0,60.0,39.0,92.0,71.0,,58.0,,77.0,54.0,64.0,32.0,42.0,93.0,15.0,32.0
2024,610334,Al Raby High School,1.0,82.0,48.0,32.0,32.0,1.0,39.0,39.0,33.0,37.0,6.0,16.0,40.0,50.0,25.0,,51.0,4.0,20.0,67.0,6.0,18.0,43.0,13.0,15.0,3.0,,39.0,48.0,1.0,34.0,60.0,20.0,1.0,60.0,41.0,46.0,72.0,,17.0,66.0,39.0,17.0,16.0,26.0,1.0,41.0
2024,610339,Amos Alonzo Stagg Elementary School,19.0,62.0,48.0,58.0,55.0,30.0,41.0,1.0,10.0,4.0,20.0,19.0,25.0,60.0,,,49.0,,7.0,33.0,23.0,27.0,59.0,23.0,35.0,21.0,57.0,39.0,13.0,44.0,31.0,38.0,27.0,1.0,45.0,30.0,,33.0,,2.0,37.0,42.0,11.0,31.0,23.0,1.0,33.0
2024,610340,Chicago Academy High School,71.0,99.0,90.0,86.0,82.0,59.0,69.0,61.0,49.0,51.0,83.0,59.0,56.0,95.0,60.0,,63.0,51.0,38.0,85.0,68.0,54.0,95.0,59.0,51.0,27.0,,74.0,61.0,51.0,59.0,59.0,39.0,45.0,81.0,59.0,78.0,76.0,,53.0,89.0,67.0,38.0,57.0,52.0,56.0,29.0
2024,610342,Albert R Sabin Elementary Magnet School,19.0,46.0,39.0,40.0,44.0,25.0,35.0,44.0,32.0,13.0,1.0,45.0,5.0,62.0,,,45.0,,1.0,40.0,42.0,37.0,51.0,63.0,22.0,1.0,44.0,45.0,56.0,23.0,59.0,19.0,26.0,28.0,35.0,31.0,,61.0,,19.0,34.0,36.0,33.0,25.0,25.0,59.0,18.0
2024,610345,Carter G Woodson South Elementary School,91.0,73.0,66.0,71.0,69.0,42.0,56.0,69.0,65.0,44.0,57.0,65.0,31.0,66.0,,,51.0,,56.0,47.0,72.0,65.0,70.0,75.0,58.0,33.0,49.0,70.0,84.0,69.0,69.0,45.0,28.0,52.0,42.0,34.0,,99.0,,31.0,49.0,48.0,50.0,39.0,61.0,69.0,77.0
2024,610347,Claremont STEM Magnet Elementary School,81.0,99.0,99.0,99.0,91.0,68.0,99.0,75.0,60.0,41.0,99.0,58.0,99.0,99.0,,,99.0,,44.0,99.0,64.0,56.0,99.0,69.0,46.0,99.0,99.0,79.0,82.0,66.0,48.0,99.0,99.0,51.0,99.0,99.0,,99.0,,31.0,99.0,99.0,38.0,60.0,52.0,52.0,49.0
2024,610350,Robert A Black Magnet Elementary School,81.0,74.0,45.0,71.0,73.0,84.0,58.0,99.0,71.0,65.0,45.0,62.0,55.0,64.0,,,58.0,,74.0,78.0,66.0,84.0,75.0,88.0,83.0,28.0,68.0,71.0,99.0,80.0,57.0,50.0,19.0,51.0,28.0,32.0,,92.0,,64.0,13.0,36.0,48.0,62.0,82.0,62.0,39.0
2024,610352,Durkin Park Elementary School,50.0,62.0,53.0,58.0,57.0,49.0,47.0,39.0,48.0,40.0,47.0,43.0,33.0,64.0,,,64.0,,32.0,54.0,49.0,56.0,63.0,56.0,54.0,19.0,67.0,55.0,65.0,44.0,42.0,36.0,39.0,48.0,61.0,54.0,,61.0,,44.0,56.0,54.0,29.0,46.0,58.0,38.0,50.0
2024,610353,Calmeca Academy of Fine Arts and Dual Language,81.0,47.0,33.0,36.0,43.0,47.0,26.0,53.0,61.0,43.0,16.0,65.0,21.0,54.0,,,48.0,,43.0,70.0,69.0,64.0,49.0,71.0,57.0,1.0,55.0,67.0,75.0,34.0,51.0,17.0,30.0,67.0,52.0,52.0,,85.0,,26.0,47.0,41.0,53.0,62.0,63.0,70.0,67.0
2024,610354,North River Elementary School,71.0,73.0,42.0,50.0,51.0,69.0,40.0,33.0,53.0,40.0,44.0,63.0,16.0,63.0,,,44.0,,57.0,51.0,52.0,63.0,62.0,59.0,64.0,1.0,55.0,87.0,81.0,28.0,63.0,39.0,32.0,58.0,60.0,46.0,,84.0,,30.0,46.0,44.0,50.0,65.0,67.0,62.0,53.0
2024,610355,Mary E Courtenay Elementary Language Arts Center,50.0,51.0,50.0,47.0,47.0,28.0,39.0,17.0,42.0,35.0,28.0,56.0,30.0,68.0,,,58.0,,43.0,50.0,59.0,48.0,66.0,63.0,40.0,16.0,61.0,69.0,59.0,8.0,32.0,40.0,40.0,36.0,77.0,74.0,,71.0,,19.0,46.0,49.0,49.0,48.0,41.0,45.0,62.0
2024,610357,Spry Community Links High School,39.0,71.0,62.0,28.0,38.0,24.0,24.0,66.0,64.0,70.0,56.0,55.0,16.0,54.0,53.0,,46.0,20.0,78.0,67.0,57.0,38.0,59.0,58.0,29.0,1.0,,68.0,51.0,11.0,76.0,44.0,18.0,43.0,80.0,41.0,58.0,99.0,,37.0,74.0,51.0,52.0,43.0,28.0,44.0,89.0
2024,610362,Medgar Evers Elementary School,39.0,35.0,28.0,47.0,53.0,1.0,27.0,57.0,54.0,41.0,22.0,47.0,17.0,58.0,,,52.0,,58.0,33.0,57.0,56.0,76.0,81.0,47.0,27.0,34.0,53.0,82.0,30.0,84.0,19.0,28.0,23.0,46.0,39.0,,90.0,,1.0,27.0,29.0,36.0,33.0,39.0,42.0,67.0
2024,610363,Walt Disney Magnet Elementary School,19.0,38.0,25.0,43.0,53.0,28.0,41.0,37.0,28.0,13.0,9.0,34.0,19.0,61.0,,,52.0,,9.0,76.0,34.0,43.0,63.0,41.0,46.0,11.0,50.0,31.0,33.0,43.0,35.0,36.0,35.0,21.0,42.0,41.0,,79.0,,29.0,35.0,36.0,33.0,18.0,42.0,37.0,36.0
2024,610364,William E B Dubois Elementary School,71.0,99.0,99.0,99.0,87.0,10.0,99.0,57.0,49.0,41.0,99.0,55.0,99.0,99.0,,,99.0,,53.0,99.0,61.0,48.0,99.0,58.0,36.0,99.0,99.0,67.0,72.0,51.0,64.0,99.0,99.0,37.0,99.0,99.0,,73.0,,20.0,99.0,99.0,40.0,35.0,49.0,53.0,39.0
2024,610366,Charles H Wacker Elementary School,99.0,99.0,99.0,99.0,95.0,88.0,99.0,91.0,80.0,74.0,99.0,64.0,99.0,99.0,,,99.0,,73.0,99.0,68.0,84.0,99.0,79.0,76.0,99.0,99.0,84.0,98.0,83.0,88.0,90.0,77.0,58.0,99.0,87.0,,91.0,,64.0,65.0,85.0,53.0,85.0,97.0,51.0,78.0
2024,610367,Oscar DePriest Elementary School,1.0,43.0,18.0,33.0,36.0,17.0,7.0,34.0,23.0,2.0,2.0,27.0,7.0,48.0,,,32.0,,1.0,48.0,22.0,20.0,50.0,38.0,13.0,1.0,50.0,35.0,45.0,12.0,9.0,12.0,1.0,20.0,10.0,16.0,,51.0,,2.0,6.0,19.0,24.0,8.0,10.0,25.0,14.0
2024,610368,Langston Hughes Elementary School,50.0,62.0,49.0,55.0,62.0,,31.0,,,,20.0,,25.0,62.0,,,36.0,,,58.0,,,68.0,,,17.0,46.0,,,,,18.0,11.0,,27.0,27.0,,,,,27.0,33.0,,,,,
2024,610369,Mahalia Jackson Elementary School,71.0,99.0,96.0,99.0,80.0,24.0,98.0,28.0,40.0,29.0,81.0,42.0,95.0,99.0,,,66.0,,38.0,84.0,43.0,41.0,99.0,47.0,37.0,69.0,99.0,64.0,71.0,21.0,53.0,63.0,61.0,37.0,99.0,60.0,,64.0,,1.0,60.0,79.0,28.0,45.0,39.0,33.0,35.0
2024,610380,Daniel Hale Williams Prep School of Medicine,50.0,99.0,73.0,76.0,84.0,43.0,51.0,66.0,49.0,86.0,62.0,34.0,56.0,99.0,95.0,,34.0,30.0,61.0,70.0,59.0,55.0,99.0,67.0,53.0,15.0,,53.0,41.0,63.0,65.0,82.0,21.0,1.0,53.0,49.0,58.0,99.0,,46.0,52.0,57.0,21.0,59.0,45.0,1.0,51.0
2024,610381,Bronzeville Scholastic Academy High School,50.0,97.0,69.0,64.0,59.0,14.0,47.0,38.0,41.0,20.0,73.0,49.0,41.0,90.0,39.0,,43.0,26.0,12.0,64.0,39.0,43.0,79.0,74.0,28.0,24.0,,66.0,71.0,1.0,22.0,75.0,27.0,25.0,68.0,54.0,59.0,55.0,,28.0,59.0,46.0,38.0,47.0,28.0,52.0,53.0
2024,610383,Greater Lawndale High School For Social Justice,19.0,94.0,66.0,43.0,46.0,35.0,38.0,52.0,28.0,10.0,45.0,25.0,14.0,58.0,38.0,,42.0,35.0,3.0,65.0,17.0,32.0,72.0,44.0,30.0,13.0,,36.0,42.0,9.0,55.0,42.0,19.0,25.0,52.0,43.0,63.0,44.0,,39.0,78.0,50.0,20.0,29.0,23.0,26.0,12.0
2024,610384,Infinity Math Science and Technology High School,99.0,99.0,76.0,48.0,63.0,63.0,58.0,51.0,62.0,41.0,75.0,72.0,48.0,70.0,51.0,,52.0,48.0,37.0,73.0,64.0,68.0,81.0,65.0,68.0,30.0,,75.0,93.0,54.0,71.0,50.0,25.0,69.0,77.0,48.0,76.0,99.0,,62.0,89.0,60.0,65.0,64.0,72.0,85.0,56.0
2024,610385,Multicultural Arts High School,50.0,88.0,82.0,42.0,59.0,50.0,45.0,60.0,58.0,43.0,55.0,51.0,20.0,71.0,32.0,,41.0,34.0,29.0,48.0,65.0,49.0,76.0,50.0,52.0,1.0,,57.0,69.0,47.0,72.0,33.0,17.0,48.0,61.0,47.0,61.0,85.0,,54.0,84.0,49.0,42.0,44.0,44.0,41.0,70.0
2024,610386,Peace & Education Coalition HS,81.0,99.0,91.0,52.0,70.0,65.0,44.0,60.0,76.0,90.0,87.0,64.0,33.0,81.0,34.0,,41.0,54.0,83.0,79.0,54.0,26.0,78.0,32.0,7.0,11.0,,94.0,72.0,67.0,71.0,70.0,30.0,68.0,80.0,65.0,78.0,84.0,,47.0,99.0,60.0,43.0,70.0,40.0,64.0,91.0
2024,610389,Orr Academy High School,91.0,99.0,65.0,40.0,65.0,48.0,33.0,81.0,79.0,85.0,47.0,73.0,28.0,68.0,56.0,,44.0,41.0,56.0,64.0,81.0,77.0,96.0,84.0,66.0,1.0,,99.0,99.0,57.0,99.0,81.0,10.0,49.0,65.0,36.0,62.0,91.0,,53.0,76.0,51.0,45.0,49.0,82.0,65.0,79.0
2024,610390,Hyman G Rickover Naval Academy High School,99.0,79.0,70.0,54.0,66.0,74.0,43.0,61.0,69.0,69.0,59.0,61.0,45.0,71.0,67.0,,64.0,36.0,52.0,67.0,63.0,89.0,64.0,95.0,82.0,44.0,,79.0,82.0,75.0,50.0,66.0,41.0,69.0,81.0,66.0,71.0,99.0,,66.0,98.0,69.0,47.0,76.0,91.0,56.0,65.0
2024,610391,Robert Lindblom Math & Science Academy HS,71.0,89.0,70.0,71.0,78.0,76.0,61.0,57.0,45.0,43.0,76.0,30.0,41.0,88.0,86.0,,45.0,37.0,46.0,73.0,1.0,66.0,88.0,53.0,73.0,48.0,,57.0,23.0,65.0,38.0,77.0,29.0,50.0,70.0,54.0,71.0,99.0,,65.0,73.0,65.0,43.0,68.0,72.0,19.0,54.0
2024,610392,World Language Academy High School,71.0,99.0,76.0,56.0,66.0,70.0,48.0,57.0,52.0,40.0,69.0,56.0,41.0,76.0,50.0,,43.0,36.0,15.0,69.0,51.0,60.0,67.0,60.0,59.0,1.0,,69.0,81.0,65.0,51.0,56.0,20.0,54.0,71.0,41.0,68.0,41.0,,68.0,91.0,57.0,42.0,69.0,61.0,63.0,26.0
2024,610394,Uplift Community High School,29.0,91.0,51.0,47.0,48.0,37.0,34.0,61.0,36.0,14.0,55.0,34.0,22.0,56.0,46.0,,55.0,51.0,27.0,82.0,37.0,42.0,70.0,54.0,36.0,54.0,,53.0,48.0,20.0,61.0,65.0,22.0,25.0,69.0,36.0,64.0,89.0,,40.0,57.0,47.0,9.0,35.0,36.0,38.0,33.0
2024,610396,Tarkington School of Excellence ES,19.0,47.0,35.0,33.0,44.0,39.0,24.0,26.0,35.0,26.0,2.0,21.0,6.0,59.0,,,45.0,,38.0,53.0,22.0,47.0,51.0,41.0,49.0,1.0,44.0,43.0,32.0,33.0,49.0,8.0,16.0,20.0,30.0,35.0,,63.0,,19.0,33.0,32.0,19.0,15.0,50.0,1.0,69.0
2024,610402,DeVry University Advantage Academy HS,91.0,94.0,85.0,90.0,88.0,,70.0,,95.0,99.0,97.0,91.0,75.0,98.0,99.0,,59.0,57.0,99.0,61.0,99.0,,75.0,99.0,,58.0,,99.0,99.0,,81.0,99.0,54.0,83.0,79.0,79.0,95.0,99.0,,,99.0,87.0,74.0,99.0,,91.0,99.0
2024,610405,Suder Montessori Magnet ES,19.0,42.0,27.0,38.0,50.0,11.0,34.0,21.0,22.0,14.0,15.0,33.0,29.0,61.0,,,44.0,,1.0,67.0,28.0,51.0,72.0,54.0,46.0,1.0,27.0,38.0,37.0,28.0,24.0,32.0,19.0,21.0,26.0,37.0,,34.0,,24.0,11.0,21.0,37.0,14.0,52.0,27.0,19.0
2024,610499,Collins Academy STEAM High School,81.0,99.0,92.0,88.0,83.0,69.0,55.0,70.0,65.0,47.0,78.0,60.0,49.0,89.0,53.0,,43.0,48.0,45.0,81.0,61.0,55.0,79.0,76.0,40.0,33.0,,70.0,71.0,76.0,72.0,79.0,23.0,70.0,71.0,43.0,64.0,79.0,,59.0,68.0,52.0,40.0,72.0,48.0,69.0,69.0
2024,610503,Frazier Prospective IB Magnet ES,29.0,72.0,66.0,55.0,56.0,1.0,46.0,27.0,38.0,47.0,58.0,41.0,23.0,90.0,,,49.0,,57.0,80.0,36.0,35.0,61.0,39.0,41.0,30.0,56.0,63.0,55.0,16.0,51.0,33.0,26.0,10.0,43.0,48.0,,76.0,,20.0,20.0,42.0,40.0,39.0,25.0,25.0,51.0
2024,610504,Velma F Thomas Early Childhood Center,50.0,,,,,,,20.0,36.0,36.0,,51.0,,,,,,,39.0,,51.0,90.0,,94.0,90.0,,,67.0,58.0,,47.0,,,39.0,,,,50.0,,,,,58.0,59.0,86.0,29.0,29.0
2024,610513,Air Force Academy High School,61.0,75.0,58.0,52.0,74.0,64.0,43.0,68.0,43.0,43.0,52.0,39.0,33.0,75.0,43.0,,42.0,8.0,49.0,76.0,35.0,60.0,99.0,59.0,62.0,21.0,,58.0,40.0,69.0,40.0,58.0,24.0,21.0,58.0,53.0,51.0,99.0,,56.0,46.0,41.0,32.0,65.0,60.0,30.0,45.0
2024,610515,Disney II Magnet School,81.0,43.0,35.0,41.0,48.0,71.0,29.0,69.0,71.0,61.0,1.0,70.0,15.0,53.0,,,57.0,,68.0,54.0,70.0,83.0,56.0,77.0,78.0,21.0,50.0,93.0,85.0,41.0,90.0,37.0,44.0,67.0,45.0,63.0,,99.0,,57.0,44.0,43.0,49.0,59.0,94.0,69.0,74.0
2024,610518,Austin College and Career Academy High School,50.0,99.0,68.0,54.0,66.0,39.0,54.0,49.0,51.0,44.0,46.0,57.0,50.0,87.0,37.0,,55.0,47.0,33.0,82.0,51.0,38.0,99.0,61.0,21.0,20.0,,73.0,64.0,22.0,42.0,99.0,27.0,41.0,64.0,34.0,62.0,97.0,,34.0,64.0,48.0,49.0,40.0,31.0,53.0,58.0
2024,610520,LaSalle II Magnet Elementary School,81.0,63.0,34.0,57.0,64.0,60.0,49.0,47.0,53.0,39.0,26.0,68.0,25.0,66.0,,,56.0,,32.0,63.0,58.0,68.0,58.0,78.0,62.0,20.0,55.0,88.0,73.0,74.0,45.0,65.0,41.0,62.0,56.0,49.0,,60.0,,70.0,43.0,43.0,57.0,62.0,65.0,70.0,44.0
2024,610521,Sir Miles Davis Magnet Elementary Academy,71.0,86.0,82.0,99.0,87.0,50.0,94.0,1.0,40.0,41.0,41.0,56.0,1.0,99.0,,,34.0,,52.0,70.0,70.0,53.0,99.0,39.0,44.0,1.0,89.0,77.0,74.0,51.0,20.0,39.0,30.0,40.0,69.0,72.0,,86.0,,32.0,44.0,61.0,29.0,56.0,76.0,48.0,42.0
2024,610523,Edison Park Elementary School,61.0,76.0,50.0,73.0,67.0,42.0,64.0,49.0,37.0,17.0,75.0,38.0,98.0,77.0,,,99.0,,44.0,86.0,32.0,70.0,77.0,64.0,79.0,72.0,83.0,48.0,46.0,42.0,50.0,69.0,68.0,37.0,99.0,86.0,,63.0,,56.0,65.0,67.0,43.0,62.0,66.0,29.0,34.0
2024,610524,Louisa May Alcott College Preparatory HS,61.0,95.0,77.0,65.0,60.0,40.0,48.0,55.0,43.0,29.0,66.0,51.0,30.0,72.0,40.0,,58.0,31.0,32.0,74.0,38.0,53.0,71.0,46.0,69.0,30.0,,72.0,42.0,30.0,39.0,57.0,31.0,34.0,66.0,55.0,66.0,75.0,,46.0,85.0,56.0,47.0,56.0,44.0,46.0,53.0
2024,610529,Ogden International High School,99.0,99.0,73.0,77.0,71.0,52.0,58.0,67.0,66.0,55.0,85.0,64.0,54.0,85.0,62.0,,60.0,46.0,55.0,75.0,66.0,70.0,90.0,78.0,65.0,42.0,,81.0,81.0,33.0,64.0,84.0,34.0,52.0,75.0,62.0,72.0,99.0,,49.0,91.0,65.0,49.0,58.0,67.0,58.0,73.0
2024,610530,South Shore Fine Arts Academy,81.0,89.0,82.0,99.0,88.0,60.0,82.0,55.0,64.0,53.0,79.0,59.0,74.0,97.0,,,58.0,,64.0,64.0,62.0,55.0,99.0,46.0,54.0,39.0,89.0,80.0,88.0,58.0,54.0,62.0,79.0,61.0,99.0,90.0,,86.0,,32.0,61.0,78.0,38.0,49.0,64.0,57.0,61.0
2024,610532,Irene C. Hernandez Middle School for the Advancement of Science,71.0,62.0,50.0,32.0,66.0,65.0,24.0,90.0,68.0,57.0,23.0,64.0,18.0,72.0,,,37.0,,54.0,66.0,84.0,55.0,96.0,85.0,33.0,1.0,32.0,81.0,84.0,64.0,72.0,1.0,7.0,48.0,39.0,36.0,,99.0,,49.0,43.0,33.0,59.0,52.0,47.0,33.0,60.0
2024,610533,Dr Jorge Prieto Math and Science,81.0,58.0,40.0,35.0,56.0,65.0,31.0,86.0,71.0,54.0,14.0,65.0,22.0,66.0,,,53.0,,72.0,59.0,65.0,72.0,59.0,81.0,66.0,1.0,54.0,75.0,82.0,65.0,99.0,25.0,32.0,64.0,54.0,45.0,,90.0,,56.0,44.0,43.0,50.0,45.0,69.0,70.0,71.0
2024,610534,Skinner North,91.0,54.0,32.0,49.0,68.0,51.0,63.0,70.0,65.0,56.0,55.0,66.0,43.0,62.0,,,64.0,,56.0,58.0,73.0,84.0,84.0,83.0,86.0,26.0,54.0,66.0,72.0,76.0,50.0,55.0,53.0,63.0,79.0,75.0,,98.0,,79.0,43.0,46.0,50.0,60.0,84.0,75.0,63.0
2024,610539,Marvin Camras Elementary School,29.0,36.0,23.0,23.0,34.0,39.0,19.0,52.0,43.0,31.0,1.0,46.0,18.0,42.0,,,43.0,,35.0,46.0,50.0,42.0,35.0,46.0,43.0,1.0,45.0,54.0,44.0,34.0,37.0,10.0,34.0,41.0,39.0,41.0,,53.0,,25.0,38.0,35.0,35.0,52.0,36.0,43.0,48.0
2024,610541,Federico Garcia Lorca Elementary School,39.0,62.0,44.0,59.0,56.0,65.0,38.0,49.0,42.0,34.0,30.0,38.0,30.0,62.0,,,57.0,,27.0,69.0,45.0,44.0,53.0,44.0,48.0,1.0,66.0,39.0,42.0,50.0,52.0,25.0,34.0,45.0,50.0,52.0,,65.0,,41.0,43.0,47.0,34.0,55.0,41.0,33.0,38.0
2024,610542,West Ridge Elementary School,10.0,36.0,12.0,20.0,39.0,56.0,8.0,60.0,42.0,22.0,1.0,34.0,1.0,47.0,,,32.0,,22.0,57.0,22.0,38.0,54.0,34.0,41.0,1.0,32.0,52.0,44.0,33.0,43.0,14.0,17.0,36.0,18.0,36.0,,37.0,,29.0,17.0,20.0,29.0,39.0,38.0,33.0,46.0
2024,610543,Eric Solorio Academy High School,99.0,96.0,72.0,67.0,75.0,78.0,54.0,78.0,64.0,49.0,69.0,64.0,43.0,87.0,55.0,,57.0,45.0,55.0,73.0,72.0,60.0,94.0,72.0,41.0,10.0,,72.0,84.0,52.0,53.0,54.0,34.0,59.0,79.0,50.0,69.0,99.0,,65.0,84.0,61.0,47.0,71.0,67.0,64.0,52.0
2024,610544,Mariano Azuela Elementary School,50.0,34.0,29.0,35.0,47.0,27.0,25.0,48.0,48.0,39.0,5.0,47.0,28.0,57.0,,,49.0,,63.0,65.0,49.0,61.0,54.0,69.0,59.0,1.0,45.0,60.0,56.0,40.0,49.0,18.0,29.0,41.0,39.0,36.0,,55.0,,35.0,37.0,35.0,36.0,63.0,54.0,43.0,55.0
2024,610548,STEM Magnet Academy,50.0,64.0,51.0,73.0,76.0,82.0,59.0,13.0,36.0,36.0,63.0,42.0,43.0,73.0,,,58.0,,17.0,77.0,28.0,56.0,76.0,30.0,64.0,33.0,70.0,62.0,51.0,82.0,10.0,73.0,62.0,42.0,74.0,69.0,,36.0,,71.0,54.0,59.0,52.0,80.0,75.0,27.0,36.0
2024,610557,Pathways in Education - Ashburn,91.0,99.0,94.0,43.0,45.0,46.0,38.0,79.0,89.0,99.0,55.0,67.0,50.0,53.0,25.0,,56.0,40.0,76.0,64.0,87.0,62.0,50.0,36.0,70.0,32.0,,89.0,99.0,32.0,99.0,81.0,43.0,67.0,84.0,68.0,72.0,99.0,,18.0,99.0,60.0,32.0,55.0,80.0,60.0,99.0
2024,610558,Sarah E. Goode STEM Academy,50.0,86.0,63.0,52.0,56.0,46.0,47.0,68.0,51.0,28.0,55.0,52.0,26.0,64.0,47.0,,48.0,27.0,26.0,82.0,57.0,52.0,65.0,59.0,45.0,24.0,,59.0,70.0,42.0,54.0,54.0,20.0,52.0,62.0,41.0,60.0,60.0,,43.0,71.0,50.0,29.0,42.0,53.0,61.0,38.0
2024,610559,James Shields Middle School,61.0,44.0,41.0,18.0,49.0,30.0,12.0,83.0,71.0,64.0,1.0,73.0,1.0,66.0,,,31.0,,67.0,59.0,86.0,58.0,66.0,92.0,38.0,1.0,32.0,92.0,99.0,47.0,83.0,1.0,3.0,11.0,24.0,39.0,,93.0,,42.0,46.0,31.0,61.0,8.0,44.0,53.0,99.0
2024,610561,Richard T Crane Medical Preparatory HS,71.0,88.0,57.0,41.0,55.0,36.0,45.0,55.0,60.0,38.0,42.0,60.0,30.0,78.0,58.0,,39.0,20.0,47.0,63.0,59.0,40.0,71.0,61.0,32.0,8.0,,79.0,83.0,28.0,58.0,63.0,12.0,46.0,48.0,42.0,53.0,71.0,,37.0,58.0,45.0,23.0,44.0,28.0,80.0,79.0
2024,610563,Back of the Yards IB High School,71.0,99.0,86.0,73.0,80.0,74.0,61.0,68.0,43.0,45.0,85.0,38.0,50.0,98.0,61.0,,57.0,54.0,55.0,80.0,38.0,63.0,86.0,70.0,49.0,28.0,,49.0,21.0,64.0,62.0,58.0,31.0,32.0,86.0,53.0,76.0,67.0,,61.0,99.0,67.0,36.0,56.0,69.0,29.0,48.0
2024,610564,Disney II Magnet High School,81.0,88.0,59.0,50.0,69.0,51.0,44.0,81.0,58.0,46.0,49.0,63.0,35.0,83.0,65.0,,58.0,30.0,57.0,70.0,60.0,76.0,82.0,96.0,67.0,21.0,,69.0,62.0,59.0,58.0,47.0,27.0,48.0,58.0,41.0,61.0,96.0,,52.0,69.0,56.0,52.0,53.0,65.0,71.0,52.0
2024,610565,Excel Academy of Englewood,50.0,99.0,86.0,63.0,64.0,34.0,38.0,56.0,52.0,51.0,57.0,50.0,53.0,56.0,,,46.0,45.0,39.0,67.0,65.0,27.0,78.0,69.0,1.0,23.0,,58.0,70.0,57.0,20.0,77.0,18.0,31.0,65.0,44.0,61.0,52.0,,42.0,48.0,42.0,14.0,37.0,11.0,64.0,50.0
2024,610568,Pathways in Education - Avondale,81.0,98.0,89.0,39.0,49.0,43.0,27.0,99.0,83.0,68.0,49.0,68.0,27.0,42.0,40.0,,56.0,19.0,52.0,49.0,85.0,54.0,53.0,49.0,52.0,11.0,,76.0,99.0,63.0,90.0,61.0,44.0,71.0,68.0,65.0,68.0,99.0,,20.0,99.0,63.0,34.0,51.0,60.0,76.0,76.0
2024,610569,Ombudsman Chicago - Northwest,91.0,99.0,82.0,62.0,68.0,,52.0,,88.0,92.0,64.0,75.0,51.0,70.0,,,68.0,49.0,68.0,67.0,84.0,,73.0,55.0,,30.0,,99.0,99.0,,91.0,73.0,55.0,62.0,93.0,68.0,77.0,91.0,,,99.0,77.0,26.0,71.0,,92.0,99.0
2024,610570,Ombudsman Chicago - South,50.0,99.0,77.0,52.0,69.0,,48.0,,30.0,18.0,52.0,33.0,51.0,69.0,,,47.0,34.0,12.0,67.0,30.0,,85.0,29.0,,16.0,,69.0,45.0,,75.0,88.0,44.0,37.0,88.0,50.0,55.0,18.0,,,91.0,63.0,15.0,40.0,,18.0,18.0
2024,610571,Ombudsman Chicago - West,71.0,99.0,71.0,50.0,54.0,,37.0,,86.0,84.0,63.0,82.0,43.0,57.0,,,50.0,36.0,,75.0,82.0,,56.0,,,8.0,,65.0,99.0,,52.0,92.0,30.0,76.0,72.0,51.0,57.0,,,,82.0,56.0,,41.0,,99.0,
2024,610586,Edward E. Sadlowski Elementary School,61.0,63.0,51.0,61.0,63.0,56.0,53.0,50.0,46.0,33.0,46.0,52.0,12.0,66.0,,,44.0,,46.0,70.0,48.0,56.0,73.0,70.0,54.0,1.0,61.0,63.0,54.0,50.0,55.0,1.0,30.0,54.0,53.0,41.0,,86.0,,32.0,44.0,47.0,43.0,45.0,43.0,53.0,39.0
2024,610587,Walter Henri Dyett High School for the Arts,71.0,98.0,78.0,57.0,64.0,48.0,52.0,68.0,56.0,51.0,61.0,43.0,52.0,77.0,64.0,,47.0,36.0,32.0,71.0,48.0,61.0,61.0,76.0,54.0,24.0,,55.0,78.0,59.0,69.0,77.0,20.0,42.0,56.0,38.0,56.0,79.0,,43.0,58.0,50.0,29.0,41.0,52.0,39.0,41.0
2024,610588,Robert J. Richardson Middle School,71.0,75.0,47.0,69.0,68.0,57.0,35.0,73.0,60.0,65.0,33.0,58.0,21.0,75.0,,,36.0,,42.0,61.0,69.0,50.0,85.0,73.0,35.0,1.0,47.0,67.0,70.0,42.0,45.0,10.0,20.0,43.0,44.0,43.0,,76.0,,28.0,48.0,41.0,53.0,47.0,42.0,44.0,51.0
2024,610589,Sor Juana Ines de la Cruz ES,61.0,49.0,47.0,58.0,56.0,56.0,48.0,45.0,40.0,26.0,35.0,45.0,41.0,49.0,,,56.0,,39.0,50.0,37.0,62.0,69.0,46.0,75.0,32.0,57.0,63.0,49.0,48.0,32.0,42.0,51.0,42.0,74.0,66.0,,79.0,,47.0,50.0,51.0,33.0,49.0,64.0,47.0,38.0
2024,610590,Bronzeville Classical Elementary School,81.0,48.0,43.0,73.0,47.0,55.0,38.0,55.0,63.0,52.0,41.0,67.0,34.0,40.0,,,57.0,,68.0,70.0,70.0,80.0,23.0,81.0,89.0,57.0,49.0,81.0,74.0,53.0,43.0,47.0,47.0,60.0,52.0,73.0,,99.0,,41.0,35.0,44.0,54.0,48.0,71.0,62.0,74.0
2024,610592,Englewood STEM High School,29.0,99.0,85.0,73.0,65.0,17.0,56.0,62.0,36.0,28.0,76.0,22.0,35.0,84.0,18.0,,46.0,38.0,14.0,65.0,21.0,24.0,91.0,36.0,27.0,11.0,,39.0,37.0,10.0,53.0,67.0,14.0,3.0,52.0,31.0,62.0,37.0,,20.0,69.0,41.0,11.0,2.0,9.0,16.0,48.0
2024,610593,Ombudsman Chicago - Roseland HS,81.0,99.0,99.0,78.0,90.0,,58.0,,,,84.0,68.0,57.0,93.0,,,53.0,90.0,,46.0,75.0,,99.0,,,35.0,,80.0,83.0,,73.0,94.0,37.0,29.0,99.0,36.0,95.0,,,,99.0,77.0,,48.0,,50.0,
2024,610594,Pathways in Education - Humboldt Park HS,50.0,74.0,99.0,46.0,36.0,,40.0,,,,68.0,,77.0,39.0,,,46.0,12.0,,35.0,,,23.0,,,1.0,,,,,,78.0,49.0,,84.0,84.0,82.0,,,,99.0,77.0,,,,,
2024,610595,Dr. Fisher Early Learning Center,71.0,,,,,,,6.0,43.0,49.0,,65.0,,,,,,,66.0,,67.0,87.0,,96.0,80.0,,,98.0,61.0,,31.0,,,41.0,,,,36.0,,,,,53.0,51.0,84.0,40.0,60.0
2024,610596,The Virtual Academy Elementary School,91.0,67.0,54.0,52.0,60.0,59.0,54.0,34.0,61.0,38.0,35.0,62.0,40.0,65.0,,,55.0,,43.0,64.0,64.0,64.0,59.0,59.0,53.0,23.0,86.0,74.0,90.0,65.0,38.0,44.0,42.0,80.0,70.0,92.0,,86.0,,45.0,55.0,59.0,42.0,90.0,79.0,69.0,62.0
2024,610597,The Virtual Academy High School,99.0,99.0,99.0,79.0,81.0,89.0,88.0,51.0,72.0,65.0,99.0,70.0,54.0,99.0,40.0,,56.0,34.0,68.0,76.0,66.0,81.0,87.0,77.0,66.0,71.0,,97.0,99.0,59.0,44.0,86.0,49.0,69.0,99.0,88.0,77.0,99.0,,56.0,99.0,66.0,45.0,99.0,99.0,70.0,74.0
2024,610599,Catalpa Early Childhood Center,81.0,,,,,,,56.0,83.0,82.0,,83.0,,,,,,,96.0,,94.0,88.0,,99.0,91.0,,,97.0,99.0,,73.0,,,86.0,,,,99.0,,,,,60.0,65.0,73.0,80.0,90.0
2024,910572,Safe Achieve Academy ES and HS,71.0,,,,,81.0,,,96.0,99.0,,95.0,,,,,,,,,99.0,,,,,,,99.0,99.0,99.0,99.0,,,90.0,,,,,,64.0,,,,94.0,,88.0,
2025,400009,Academy for Global Citizenship Charter School,,,,,,61.0,,61.0,59.0,62.0,,65.0,44.0,51.0,,,38.0,,59.0,59.0,63.0,66.0,46.0,72.0,65.0,49.0,,58.0,58.0,57.0,68.0,43.0,48.0,56.0,47.0,58.0,,51.0,53.0,63.0,40.0,,75.0,65.0,62.0,63.0,60.0
2025,400013,ASPIRA Charter School - Early College High School,,,,,,69.0,,67.0,70.0,74.0,,69.0,40.0,52.0,64.0,,36.0,55.0,72.0,44.0,74.0,84.0,65.0,85.0,81.0,22.0,,65.0,71.0,92.0,72.0,48.0,38.0,64.0,50.0,49.0,48.0,50.0,61.0,62.0,48.0,50.0,68.0,65.0,85.0,67.0,72.0
2025,400017,ASPIRA Charter School - Haugan Middle School,,,,,,,,,50.0,48.0,,47.0,81.0,94.0,,,38.0,,67.0,65.0,44.0,,82.0,74.0,,43.0,,38.0,40.0,,28.0,66.0,64.0,65.0,94.0,93.0,,25.0,93.0,,80.0,,60.0,92.0,,44.0,48.0
2025,400021,Catalyst Elementary Charter School - Circle Rock,,,,,,41.0,,69.0,63.0,63.0,,66.0,54.0,62.0,,,45.0,,69.0,56.0,75.0,55.0,65.0,71.0,46.0,60.0,,59.0,64.0,63.0,65.0,63.0,43.0,60.0,53.0,62.0,,72.0,58.0,44.0,48.0,,64.0,47.0,48.0,64.0,57.0
2025,400022,Chicago High School for the Arts (ChiArts),,,,,,46.0,,45.0,40.0,46.0,,36.0,49.0,70.0,58.0,,30.0,49.0,47.0,53.0,18.0,49.0,54.0,39.0,58.0,39.0,,25.0,23.0,58.0,44.0,46.0,40.0,33.0,47.0,55.0,51.0,14.0,52.0,36.0,51.0,50.0,52.0,59.0,50.0,49.0,54.0
2025,400023,CICS - Avalon/South Shore,,,,,,32.0,,45.0,43.0,52.0,,44.0,47.0,64.0,,,25.0,,46.0,24.0,60.0,38.0,51.0,52.0,28.0,50.0,,50.0,52.0,47.0,54.0,47.0,29.0,33.0,38.0,39.0,,26.0,32.0,49.0,26.0,,17.0,45.0,35.0,49.0,35.0
2025,400024,CICS - Basil,,,,,,41.0,,53.0,50.0,55.0,,41.0,40.0,69.0,,,26.0,,53.0,45.0,53.0,42.0,49.0,47.0,38.0,40.0,,50.0,50.0,44.0,52.0,44.0,37.0,40.0,43.0,36.0,,39.0,40.0,38.0,38.0,,18.0,50.0,42.0,42.0,50.0
2025,400025,CICS - Bucktown,,,,,,27.0,,64.0,51.0,48.0,,45.0,52.0,59.0,,,43.0,,57.0,55.0,51.0,52.0,56.0,47.0,57.0,46.0,,53.0,51.0,40.0,69.0,50.0,46.0,30.0,51.0,52.0,,61.0,41.0,46.0,49.0,,43.0,44.0,51.0,32.0,61.0
2025,400026,CICS - Loomis Primary,,,,,,24.0,,60.0,43.0,40.0,,44.0,,,,,,,53.0,,64.0,32.0,,46.0,23.0,,,45.0,47.0,24.0,68.0,,,27.0,,,,46.0,,15.0,,,27.0,35.0,26.0,38.0,43.0
2025,400027,CICS - Irving Park,,,,,,40.0,,66.0,59.0,61.0,,58.0,35.0,66.0,,,44.0,,65.0,63.0,61.0,57.0,53.0,61.0,57.0,41.0,,68.0,56.0,51.0,81.0,46.0,40.0,48.0,46.0,48.0,,67.0,39.0,51.0,47.0,,42.0,44.0,54.0,62.0,65.0
2025,400028,CICS - Prairie,,,,,,39.0,,54.0,43.0,31.0,,47.0,38.0,60.0,,,34.0,,44.0,56.0,54.0,59.0,58.0,66.0,58.0,47.0,,52.0,52.0,51.0,55.0,38.0,29.0,26.0,42.0,39.0,,60.0,28.0,45.0,37.0,,29.0,40.0,52.0,54.0,51.0
2025,400029,CICS - Washington Park,,,,,,45.0,,64.0,54.0,55.0,,50.0,35.0,55.0,,,27.0,,57.0,34.0,63.0,47.0,38.0,51.0,45.0,47.0,,58.0,63.0,59.0,80.0,37.0,30.0,40.0,33.0,45.0,,48.0,37.0,39.0,33.0,,30.0,56.0,46.0,49.0,50.0
2025,400030,CICS - West Belden,,,,,,38.0,,62.0,54.0,53.0,,52.0,32.0,48.0,,,34.0,,56.0,42.0,62.0,60.0,51.0,61.0,62.0,33.0,,50.0,53.0,45.0,60.0,45.0,36.0,40.0,43.0,49.0,,67.0,41.0,47.0,44.0,,41.0,46.0,56.0,53.0,60.0
2025,400031,CICS - Wrightwood,,,,,,56.0,,62.0,61.0,63.0,,60.0,42.0,66.0,,,39.0,,68.0,34.0,68.0,64.0,61.0,70.0,62.0,60.0,,55.0,69.0,60.0,83.0,46.0,32.0,56.0,36.0,42.0,,60.0,32.0,49.0,41.0,,52.0,48.0,60.0,65.0,55.0
2025,400032,CICS - Ralph Ellison,,,,,,40.0,,39.0,24.0,27.0,,29.0,37.0,53.0,37.0,,26.0,40.0,21.0,38.0,23.0,30.0,55.0,26.0,47.0,34.0,,36.0,23.0,56.0,45.0,47.0,30.0,16.0,32.0,38.0,42.0,7.0,35.0,34.0,35.0,36.0,34.0,34.0,16.0,21.0,13.0
2025,400033,CICS - Longwood,,,,,,23.0,,56.0,40.0,36.0,,43.0,40.0,49.0,,,33.0,,41.0,53.0,53.0,33.0,46.0,44.0,23.0,35.0,,45.0,47.0,33.0,58.0,35.0,19.0,28.0,31.0,39.0,,51.0,29.0,28.0,22.0,,26.0,29.0,31.0,46.0,32.0
2025,400034,CICS - Northtown,,,,,,64.0,,77.0,81.0,91.0,,64.0,49.0,57.0,76.0,,39.0,50.0,99.0,49.0,71.0,78.0,52.0,76.0,68.0,42.0,,56.0,71.0,78.0,99.0,50.0,41.0,66.0,47.0,47.0,53.0,81.0,57.0,66.0,45.0,54.0,69.0,50.0,90.0,61.0,99.0
2025,400035,Chicago Math and Science Academy Charter School,,,,,,55.0,,59.0,51.0,54.0,,54.0,46.0,62.0,77.0,,30.0,56.0,51.0,49.0,52.0,58.0,59.0,44.0,58.0,45.0,,55.0,43.0,47.0,44.0,57.0,34.0,47.0,45.0,50.0,57.0,62.0,55.0,52.0,51.0,55.0,63.0,50.0,72.0,47.0,54.0
2025,400039,Erie Elementary Charter School,,,,,,33.0,,52.0,41.0,40.0,,41.0,49.0,53.0,,,41.0,,45.0,39.0,41.0,49.0,51.0,58.0,47.0,45.0,,37.0,44.0,53.0,38.0,44.0,37.0,33.0,49.0,53.0,,39.0,54.0,40.0,42.0,,43.0,33.0,43.0,43.0,37.0
2025,400044,KIPP Ascend Charter School,,,,,,36.0,,62.0,49.0,51.0,,48.0,43.0,61.0,,,33.0,,47.0,57.0,62.0,50.0,48.0,54.0,48.0,49.0,,49.0,56.0,54.0,65.0,47.0,29.0,39.0,40.0,41.0,,41.0,32.0,40.0,35.0,,32.0,44.0,47.0,50.0,37.0
2025,400046,L.E.A.R.N. - Romano Butler Campus,,,,,,53.0,,68.0,65.0,68.0,,64.0,59.0,65.0,,,36.0,,68.0,26.0,76.0,65.0,68.0,70.0,60.0,59.0,,67.0,65.0,81.0,83.0,64.0,52.0,61.0,58.0,71.0,,53.0,65.0,59.0,57.0,,50.0,67.0,66.0,61.0,61.0
2025,400047,L.E.A.R.N. - Charles and Dorothy Campbell Campus,,,,,,43.0,,44.0,50.0,50.0,,56.0,51.0,65.0,,,37.0,,54.0,60.0,58.0,55.0,64.0,49.0,60.0,73.0,,64.0,57.0,63.0,41.0,60.0,37.0,47.0,52.0,62.0,,39.0,56.0,52.0,63.0,,47.0,54.0,56.0,53.0,50.0
2025,400048,L.E.A.R.N. - Excel Campus,,,,,,58.0,,54.0,57.0,60.0,,58.0,45.0,66.0,,,29.0,,61.0,42.0,66.0,46.0,69.0,33.0,52.0,52.0,,59.0,60.0,55.0,65.0,56.0,33.0,46.0,50.0,49.0,,41.0,46.0,63.0,53.0,,43.0,44.0,54.0,63.0,64.0
2025,400049,Legacy Charter School,,,,,,48.0,,68.0,58.0,55.0,,56.0,52.0,76.0,,,33.0,,65.0,64.0,59.0,54.0,62.0,66.0,46.0,54.0,,49.0,66.0,72.0,67.0,59.0,40.0,50.0,43.0,49.0,,59.0,47.0,41.0,38.0,,48.0,52.0,49.0,69.0,50.0
2025,400050,Namaste Charter School,,,,,,42.0,,58.0,47.0,45.0,,46.0,48.0,47.0,,,35.0,,57.0,46.0,47.0,59.0,44.0,57.0,62.0,37.0,,50.0,41.0,50.0,53.0,41.0,34.0,37.0,43.0,54.0,,64.0,51.0,47.0,47.0,,50.0,49.0,59.0,37.0,55.0
2025,400051,Noble - Noble College Prep,,,,,,55.0,,77.0,64.0,67.0,,69.0,75.0,97.0,74.0,,44.0,89.0,82.0,76.0,75.0,65.0,90.0,67.0,65.0,58.0,,66.0,63.0,59.0,78.0,71.0,53.0,57.0,65.0,54.0,82.0,56.0,69.0,53.0,64.0,68.0,62.0,51.0,62.0,72.0,58.0
2025,400052,Noble - Gary Comer College Prep,,,,,,28.0,,54.0,39.0,39.0,,45.0,37.0,68.0,58.0,,21.0,34.0,51.0,46.0,45.0,52.0,65.0,62.0,47.0,38.0,,39.0,41.0,47.0,54.0,42.0,24.0,33.0,32.0,42.0,35.0,20.0,39.0,34.0,30.0,37.0,38.0,32.0,46.0,59.0,29.0
2025,400053,Noble - Golder College Prep,,,,,,46.0,,72.0,60.0,60.0,,52.0,43.0,70.0,69.0,,36.0,61.0,66.0,63.0,73.0,63.0,71.0,61.0,64.0,32.0,,57.0,62.0,38.0,68.0,55.0,35.0,37.0,52.0,47.0,54.0,34.0,55.0,37.0,47.0,51.0,24.0,48.0,64.0,53.0,67.0
2025,400054,Noble - Pritzker College Prep,,,,,,55.0,,76.0,64.0,74.0,,60.0,60.0,85.0,87.0,,35.0,81.0,70.0,64.0,65.0,60.0,77.0,62.0,61.0,53.0,,60.0,54.0,52.0,81.0,54.0,46.0,48.0,62.0,54.0,83.0,41.0,67.0,49.0,67.0,71.0,55.0,52.0,58.0,61.0,67.0
2025,400055,Noble - Rauner College Prep,,,,,,,,,,,,,54.0,86.0,,,45.0,73.0,,56.0,,,78.0,,,41.0,,,,,,57.0,42.0,,56.0,43.0,66.0,,52.0,,60.0,56.0,,,,,
2025,400056,Noble - Rowe-Clark Math and Science Academy,,,,,,,,,,,,,37.0,67.0,,,17.0,42.0,,64.0,,,69.0,,,30.0,,,,,,43.0,26.0,,32.0,43.0,41.0,,41.0,,29.0,32.0,,,,,
2025,400057,Noble - UIC College Prep,,,,,,36.0,,56.0,38.0,46.0,,45.0,51.0,80.0,65.0,,40.0,59.0,48.0,71.0,53.0,49.0,71.0,39.0,62.0,47.0,,41.0,37.0,30.0,61.0,56.0,37.0,24.0,49.0,42.0,58.0,30.0,50.0,33.0,49.0,52.0,38.0,30.0,47.0,49.0,27.0
2025,400058,North Lawndale College Prep - Christiana,,,,,,28.0,,89.0,61.0,58.0,,50.0,50.0,68.0,80.0,,28.0,57.0,66.0,57.0,56.0,72.0,69.0,81.0,75.0,46.0,,50.0,53.0,54.0,76.0,49.0,45.0,41.0,52.0,52.0,54.0,58.0,61.0,30.0,45.0,56.0,41.0,35.0,61.0,52.0,66.0
2025,400059,North Lawndale College Prep - Collins,,,,,,17.0,,54.0,33.0,28.0,,35.0,42.0,51.0,42.0,,29.0,37.0,23.0,57.0,42.0,32.0,68.0,35.0,29.0,30.0,,33.0,25.0,27.0,52.0,45.0,36.0,20.0,44.0,47.0,39.0,22.0,50.0,7.0,30.0,37.0,27.0,30.0,31.0,37.0,37.0
2025,400060,Passages Charter School,,,,,,28.0,,50.0,39.0,33.0,,32.0,55.0,57.0,,,43.0,,43.0,43.0,35.0,42.0,45.0,32.0,44.0,39.0,,32.0,29.0,33.0,48.0,56.0,30.0,29.0,32.0,33.0,,24.0,32.0,29.0,27.0,,34.0,39.0,50.0,28.0,55.0
2025,400061,Perspectives - Leadership Academy,,,,,,30.0,,61.0,53.0,51.0,,53.0,35.0,49.0,55.0,,23.0,40.0,62.0,42.0,72.0,47.0,61.0,62.0,42.0,36.0,,51.0,61.0,42.0,68.0,43.0,20.0,35.0,30.0,35.0,35.0,41.0,42.0,27.0,20.0,33.0,36.0,32.0,37.0,54.0,59.0
2025,400062,Perspectives - High School of Technology,,,,,,18.0,,67.0,50.0,45.0,,48.0,41.0,52.0,49.0,,24.0,37.0,43.0,39.0,61.0,55.0,58.0,49.0,61.0,36.0,,49.0,62.0,45.0,75.0,36.0,18.0,34.0,28.0,36.0,36.0,47.0,41.0,39.0,25.0,32.0,34.0,37.0,54.0,47.0,41.0
2025,400064,Perspectives - Rodney D. Joslin,,,,,,15.0,,56.0,52.0,65.0,,49.0,35.0,57.0,61.0,,29.0,46.0,66.0,44.0,48.0,50.0,53.0,47.0,49.0,51.0,,54.0,43.0,26.0,55.0,49.0,30.0,37.0,32.0,47.0,45.0,27.0,47.0,24.0,24.0,40.0,30.0,37.0,53.0,63.0,60.0
2025,400066,Perspectives - Math and Science Academy,,,,,,23.0,,53.0,46.0,48.0,,47.0,42.0,61.0,43.0,,33.0,48.0,57.0,50.0,62.0,49.0,66.0,52.0,46.0,48.0,,51.0,49.0,27.0,53.0,45.0,31.0,33.0,38.0,43.0,46.0,38.0,52.0,17.0,36.0,39.0,27.0,33.0,49.0,46.0,46.0
2025,400068,Plato Learning Academy,,,,,,39.0,,21.0,29.0,42.0,,27.0,52.0,66.0,,,31.0,,46.0,50.0,36.0,29.0,60.0,32.0,22.0,63.0,,40.0,24.0,55.0,29.0,57.0,29.0,22.0,46.0,49.0,,14.0,37.0,29.0,43.0,,12.0,42.0,34.0,20.0,37.0
2025,400069,Polaris Charter Academy,,,,,,42.0,,56.0,61.0,56.0,,62.0,99.0,69.0,,,34.0,,71.0,73.0,68.0,59.0,99.0,50.0,62.0,67.0,,66.0,74.0,55.0,79.0,99.0,99.0,59.0,99.0,99.0,,51.0,99.0,44.0,99.0,,51.0,53.0,64.0,62.0,59.0
2025,400071,Providence Englewood Charter School,,,,,,46.0,,60.0,48.0,44.0,,52.0,60.0,70.0,,,29.0,,41.0,55.0,60.0,37.0,66.0,37.0,34.0,64.0,,54.0,47.0,43.0,57.0,57.0,41.0,46.0,47.0,55.0,,51.0,53.0,30.0,52.0,,43.0,44.0,40.0,51.0,44.0
2025,400075,University of Chicago - Donoghue,,,,,,57.0,,75.0,66.0,67.0,,69.0,,68.0,,,,,66.0,,72.0,69.0,71.0,83.0,58.0,,,63.0,77.0,66.0,72.0,50.0,45.0,51.0,48.0,,,63.0,35.0,32.0,44.0,,77.0,56.0,66.0,62.0,59.0
2025,400076,University of Chicago - North Kenwood/Oakland,,,,,,28.0,,66.0,56.0,51.0,,59.0,,62.0,,,,,58.0,,67.0,55.0,49.0,68.0,47.0,,,54.0,61.0,56.0,64.0,46.0,24.0,48.0,39.0,,,64.0,38.0,33.0,27.0,,63.0,48.0,49.0,50.0,56.0
2025,400077,University of Chicago - Woodlawn,,,,,,24.0,,42.0,39.0,36.0,,47.0,38.0,73.0,57.0,,33.0,57.0,47.0,50.0,55.0,48.0,70.0,44.0,52.0,60.0,,47.0,48.0,42.0,48.0,54.0,33.0,27.0,39.0,41.0,69.0,28.0,42.0,33.0,42.0,50.0,39.0,37.0,47.0,45.0,42.0
2025,400079,Acero Charter Schools - SPC Daniel Zizumbo,,,,,,61.0,,70.0,57.0,53.0,,55.0,66.0,52.0,,,49.0,,51.0,45.0,56.0,57.0,52.0,52.0,61.0,43.0,,40.0,55.0,58.0,53.0,55.0,62.0,53.0,64.0,62.0,,46.0,66.0,51.0,68.0,,66.0,65.0,57.0,56.0,53.0
2025,400080,Acero Charter Schools - PFC Omar E. Torres,,,,,,57.0,,46.0,45.0,41.0,,50.0,52.0,53.0,,,41.0,,46.0,41.0,43.0,57.0,40.0,55.0,57.0,42.0,,34.0,54.0,43.0,43.0,36.0,45.0,46.0,46.0,51.0,,42.0,53.0,46.0,48.0,,58.0,56.0,58.0,65.0,40.0
2025,400081,Acero Charter Schools - Bartolome de las Casas,,,,,,33.0,,29.0,31.0,30.0,,41.0,39.0,44.0,,,42.0,,29.0,39.0,29.0,35.0,26.0,34.0,36.0,34.0,,37.0,34.0,26.0,42.0,44.0,39.0,32.0,41.0,53.0,,30.0,57.0,29.0,36.0,,60.0,46.0,35.0,38.0,32.0
2025,400082,Acero Charter Schools - Carlos Fuentes,,,,,,40.0,,42.0,44.0,42.0,,58.0,53.0,46.0,,,46.0,,51.0,56.0,51.0,53.0,53.0,56.0,52.0,47.0,,49.0,46.0,47.0,36.0,47.0,55.0,36.0,58.0,52.0,,38.0,57.0,46.0,58.0,,60.0,44.0,50.0,71.0,55.0
2025,400083,Acero Charter Schools - Octavio Paz Campus,,,,,,53.0,,31.0,35.0,38.0,,46.0,52.0,58.0,,,33.0,,46.0,36.0,40.0,43.0,51.0,45.0,43.0,42.0,,53.0,37.0,41.0,22.0,52.0,56.0,44.0,69.0,65.0,,21.0,72.0,36.0,55.0,,42.0,53.0,42.0,49.0,26.0
2025,400084,Acero Charter Schools - Rufino Tamayo,,,,,,80.0,,57.0,70.0,81.0,,63.0,48.0,50.0,,,41.0,,77.0,34.0,66.0,76.0,45.0,61.0,79.0,45.0,,66.0,68.0,70.0,54.0,37.0,50.0,73.0,58.0,67.0,,39.0,69.0,64.0,52.0,,64.0,95.0,87.0,57.0,71.0
2025,400085,Acero Charter Schools - Major Hector P. Garcia MD,,,,,,49.0,,55.0,45.0,42.0,,48.0,57.0,63.0,59.0,,47.0,60.0,48.0,69.0,36.0,51.0,65.0,36.0,58.0,45.0,,43.0,40.0,52.0,43.0,54.0,53.0,46.0,60.0,61.0,66.0,27.0,72.0,45.0,62.0,60.0,60.0,51.0,58.0,51.0,43.0
2025,400086,Urban Prep Academy for Young Men - Englewood,,,,,,39.0,,50.0,56.0,69.0,,50.0,51.0,69.0,76.0,,43.0,87.0,57.0,57.0,62.0,44.0,88.0,63.0,22.0,48.0,,50.0,73.0,44.0,79.0,70.0,41.0,48.0,53.0,44.0,75.0,25.0,57.0,39.0,54.0,62.0,36.0,53.0,46.0,50.0,41.0
2025,400089,Acero Charter Schools - Officer Donald J. Marquez,,,,,,48.0,,54.0,44.0,47.0,,52.0,52.0,49.0,,,40.0,,36.0,53.0,48.0,52.0,39.0,51.0,53.0,48.0,,42.0,36.0,37.0,53.0,39.0,51.0,44.0,54.0,56.0,,25.0,66.0,38.0,56.0,,59.0,54.0,51.0,58.0,41.0
2025,400091,Chicago Technology Academy High School,,,,,,17.0,,49.0,33.0,33.0,,37.0,,,34.0,,,,37.0,,39.0,33.0,,40.0,32.0,,,32.0,31.0,22.0,57.0,,,21.0,,,,19.0,,18.0,,,44.0,32.0,26.0,32.0,29.0
2025,400092,CICS - Lloyd Bond,,,,,,32.0,,49.0,32.0,32.0,,35.0,51.0,54.0,,,40.0,,44.0,49.0,49.0,32.0,43.0,46.0,19.0,70.0,,46.0,42.0,31.0,62.0,51.0,33.0,23.0,45.0,48.0,,52.0,44.0,27.0,34.0,,8.0,30.0,30.0,36.0,15.0
2025,400094,EPIC Academy Charter High School,,,,,,50.0,,66.0,57.0,56.0,,56.0,50.0,68.0,66.0,,29.0,56.0,67.0,46.0,66.0,60.0,63.0,77.0,50.0,40.0,,59.0,68.0,61.0,72.0,46.0,39.0,43.0,50.0,53.0,63.0,35.0,61.0,44.0,43.0,53.0,50.0,62.0,53.0,47.0,50.0
2025,400096,Rowe Elementary Charter School,,,,,,33.0,,51.0,35.0,33.0,,24.0,37.0,40.0,,,32.0,,39.0,31.0,29.0,29.0,35.0,24.0,33.0,34.0,,28.0,27.0,14.0,53.0,36.0,32.0,12.0,33.0,52.0,,20.0,38.0,26.0,23.0,,20.0,26.0,31.0,20.0,54.0
2025,400097,Noble - Chicago Bulls College Prep,,,,,,35.0,,51.0,37.0,38.0,,40.0,47.0,76.0,57.0,,28.0,55.0,36.0,56.0,40.0,50.0,69.0,53.0,57.0,42.0,,44.0,40.0,43.0,44.0,44.0,33.0,26.0,43.0,43.0,54.0,18.0,51.0,35.0,44.0,47.0,39.0,29.0,41.0,37.0,28.0
2025,400098,Noble - Muchin College Prep,,,,,,,,,,,,,54.0,81.0,,,44.0,64.0,,59.0,,,81.0,,,44.0,,,,,,64.0,35.0,,54.0,38.0,55.0,,47.0,,46.0,45.0,,,,,
2025,400101,Acero Charter Schools - Sandra Cisneros,,,,,,52.0,,54.0,43.0,46.0,,28.0,62.0,47.0,,,36.0,,43.0,42.0,19.0,49.0,39.0,35.0,56.0,45.0,,22.0,27.0,47.0,42.0,44.0,46.0,46.0,56.0,62.0,,44.0,63.0,54.0,57.0,,41.0,56.0,55.0,28.0,43.0
2025,400104,Instituto Health Sciences Career Academy,,,,,,52.0,,32.0,32.0,27.0,,39.0,36.0,60.0,32.0,,32.0,47.0,31.0,56.0,36.0,36.0,53.0,40.0,32.0,35.0,,37.0,42.0,39.0,22.0,44.0,42.0,32.0,45.0,52.0,45.0,10.0,56.0,45.0,50.0,42.0,38.0,51.0,35.0,45.0,28.0
2025,400105,Urban Prep Academy for Young Men - Bronzeville,,,,,,38.0,,59.0,50.0,58.0,,49.0,52.0,59.0,76.0,,19.0,60.0,64.0,36.0,51.0,60.0,79.0,74.0,56.0,70.0,,50.0,40.0,68.0,56.0,58.0,44.0,48.0,44.0,59.0,66.0,32.0,58.0,23.0,48.0,59.0,43.0,54.0,49.0,52.0,44.0
2025,400106,Noble - John and Eunice Johnson College Prep,,,,,,25.0,,65.0,51.0,54.0,,48.0,53.0,71.0,59.0,,27.0,61.0,58.0,55.0,59.0,55.0,68.0,76.0,42.0,47.0,,46.0,53.0,37.0,66.0,48.0,33.0,31.0,43.0,48.0,57.0,34.0,51.0,20.0,46.0,49.0,24.0,34.0,47.0,64.0,51.0
2025,400107,L.E.A.R.N. - South Chicago Campus,,,,,,48.0,,64.0,57.0,59.0,,61.0,57.0,57.0,,,40.0,,64.0,29.0,73.0,56.0,56.0,78.0,42.0,50.0,,63.0,58.0,54.0,61.0,56.0,32.0,43.0,42.0,44.0,,56.0,35.0,32.0,35.0,,48.0,41.0,47.0,58.0,60.0
2025,400111,L.E.A.R.N. - Hunter Perkins Campus,,,,,,44.0,,36.0,35.0,23.0,,52.0,68.0,48.0,,,27.0,,29.0,5.0,59.0,38.0,53.0,32.0,43.0,75.0,,60.0,61.0,47.0,37.0,71.0,43.0,32.0,40.0,49.0,,21.0,45.0,50.0,51.0,,28.0,33.0,38.0,59.0,22.0
2025,400112,Acero Charter Schools - Jovita Idar,,,,,,48.0,,42.0,46.0,48.0,,49.0,46.0,46.0,,,40.0,,51.0,58.0,52.0,59.0,37.0,59.0,62.0,44.0,,43.0,47.0,47.0,42.0,48.0,52.0,42.0,52.0,53.0,,28.0,60.0,53.0,56.0,,55.0,61.0,57.0,47.0,49.0
2025,400114,Acero Charter Schools - Esmeralda Santiago,,,,,,41.0,,70.0,63.0,60.0,,50.0,54.0,45.0,,,39.0,,77.0,39.0,46.0,66.0,47.0,64.0,68.0,39.0,,48.0,59.0,61.0,80.0,41.0,57.0,57.0,65.0,63.0,,45.0,70.0,58.0,68.0,,61.0,57.0,66.0,43.0,68.0
2025,4001151,Catalyst Maria Charter Elementary School,,,,,,40.0,,68.0,45.0,37.0,,44.0,42.0,46.0,,,32.0,,44.0,48.0,52.0,46.0,46.0,46.0,44.0,35.0,,50.0,45.0,37.0,55.0,36.0,32.0,30.0,40.0,37.0,,32.0,41.0,39.0,42.0,,39.0,49.0,47.0,35.0,46.0
2025,400116,The Montessori School of Englewood Charter,,,,,,28.0,,61.0,47.0,33.0,,56.0,48.0,49.0,,,29.0,,40.0,69.0,57.0,45.0,55.0,53.0,43.0,44.0,,44.0,60.0,48.0,40.0,49.0,29.0,40.0,51.0,51.0,,36.0,51.0,33.0,41.0,,56.0,36.0,39.0,65.0,39.0
2025,400117,Noble - Hansberry College Prep,,,,,,27.0,,60.0,38.0,44.0,,41.0,42.0,70.0,52.0,,23.0,52.0,56.0,59.0,47.0,40.0,66.0,43.0,44.0,40.0,,37.0,32.0,38.0,62.0,46.0,20.0,17.0,38.0,33.0,46.0,28.0,41.0,33.0,30.0,37.0,41.0,23.0,32.0,39.0,36.0
2025,400118,Noble - DRW College Prep,,,,,,38.0,,51.0,35.0,30.0,,45.0,49.0,75.0,55.0,,33.0,58.0,36.0,62.0,55.0,48.0,72.0,55.0,47.0,39.0,,41.0,46.0,36.0,57.0,47.0,33.0,17.0,42.0,41.0,46.0,18.0,41.0,36.0,36.0,43.0,35.0,29.0,43.0,47.0,29.0
2025,400119,Legal Prep Charter Academy,,,,,,10.0,,65.0,47.0,61.0,,45.0,46.0,66.0,49.0,,23.0,51.0,61.0,59.0,45.0,38.0,69.0,33.0,37.0,51.0,,42.0,33.0,52.0,72.0,43.0,31.0,29.0,35.0,43.0,39.0,61.0,41.0,34.0,27.0,37.0,48.0,29.0,44.0,43.0,45.0
2025,400120,Acero Charter Schools - Roberto Clemente,,,,,,59.0,,34.0,38.0,68.0,,7.0,44.0,64.0,,,40.0,,61.0,44.0,1.0,46.0,46.0,26.0,56.0,55.0,,13.0,4.0,53.0,41.0,43.0,51.0,22.0,50.0,61.0,,27.0,57.0,53.0,55.0,,11.0,52.0,57.0,1.0,64.0
2025,400121,Acero Charter Schools - Sor Juana Ines de la Cruz,,,,,,39.0,,33.0,30.0,21.0,,40.0,52.0,42.0,,,39.0,,25.0,57.0,41.0,34.0,34.0,36.0,33.0,40.0,,36.0,33.0,37.0,28.0,39.0,41.0,26.0,43.0,54.0,,34.0,42.0,37.0,39.0,,48.0,45.0,32.0,36.0,37.0
2025,400123,YCCS - Academy of Scholastic Achievement HS,,,,,,,,,,,,87.0,99.0,99.0,,,69.0,99.0,,73.0,98.0,,99.0,,,71.0,,79.0,98.0,,99.0,99.0,99.0,66.0,99.0,99.0,97.0,,99.0,,99.0,98.0,,62.0,,83.0,
2025,400124,YCCS - McKinley Lakeside Leadership HS,,,,,,,,,77.0,80.0,,75.0,77.0,92.0,,,37.0,87.0,93.0,79.0,91.0,,94.0,85.0,,74.0,,70.0,94.0,,71.0,78.0,56.0,54.0,57.0,66.0,90.0,63.0,61.0,,54.0,67.0,77.0,42.0,,63.0,78.0
2025,400125,"YCCS - ASPIRA, Antonia Pantoja Alternative HS",,,,,,37.0,,63.0,64.0,99.0,,59.0,49.0,49.0,44.0,,37.0,48.0,92.0,44.0,51.0,51.0,51.0,57.0,35.0,21.0,,58.0,48.0,46.0,78.0,56.0,43.0,45.0,48.0,68.0,50.0,47.0,68.0,24.0,42.0,45.0,71.0,51.0,61.0,56.0,63.0
2025,400126,YCCS - Association House HS,,,,,,32.0,,52.0,73.0,81.0,,72.0,50.0,64.0,59.0,,36.0,63.0,99.0,48.0,79.0,78.0,62.0,91.0,57.0,30.0,,65.0,89.0,49.0,81.0,59.0,62.0,73.0,63.0,80.0,57.0,37.0,84.0,30.0,58.0,59.0,79.0,66.0,87.0,63.0,70.0
2025,400128,YCCS - CCA Academy HS,,,,,,,,,71.0,77.0,,76.0,36.0,71.0,,,34.0,68.0,99.0,80.0,78.0,,68.0,81.0,,58.0,,79.0,70.0,,61.0,61.0,56.0,48.0,69.0,59.0,72.0,61.0,64.0,,62.0,63.0,77.0,44.0,,71.0,88.0
2025,400129,YCCS - Progressive Leadership Academy,,,,,,,,,37.0,43.0,,36.0,41.0,45.0,,,24.0,42.0,,36.0,35.0,,69.0,,,52.0,,45.0,37.0,,80.0,48.0,54.0,32.0,49.0,69.0,50.0,,75.0,,50.0,51.0,,45.0,,28.0,
2025,400130,YCCS - Community Youth Development Institute HS,,,,,,,,,67.0,62.0,,64.0,89.0,48.0,,,33.0,71.0,46.0,46.0,73.0,,70.0,65.0,,43.0,,69.0,85.0,,66.0,52.0,51.0,53.0,53.0,53.0,45.0,31.0,68.0,,46.0,47.0,56.0,41.0,,57.0,66.0
2025,400131,YCCS - Dr. Pedro Albizu Campos Puerto Rican HS,,,,,,52.0,,,57.0,67.0,,59.0,59.0,72.0,,,39.0,50.0,67.0,41.0,65.0,,76.0,65.0,,36.0,,44.0,52.0,87.0,51.0,57.0,50.0,52.0,62.0,65.0,53.0,22.0,82.0,33.0,60.0,54.0,65.0,43.0,,62.0,56.0
2025,400133,YCCS - Innovations HS of Arts Integration,,,,,,31.0,,60.0,57.0,67.0,,60.0,57.0,60.0,50.0,,34.0,61.0,69.0,57.0,61.0,64.0,67.0,76.0,58.0,41.0,,68.0,62.0,59.0,63.0,59.0,53.0,42.0,45.0,70.0,61.0,42.0,77.0,18.0,51.0,54.0,59.0,49.0,58.0,52.0,53.0
2025,400135,YCCS - Latino Youth Alternative HS,,,,,,42.0,,,62.0,65.0,,73.0,45.0,44.0,,,27.0,59.0,63.0,38.0,74.0,57.0,67.0,55.0,,14.0,,75.0,68.0,49.0,70.0,47.0,43.0,61.0,50.0,63.0,55.0,31.0,71.0,22.0,54.0,51.0,77.0,55.0,58.0,67.0,54.0
2025,400136,YCCS - Olive Harvey Middle College HS,,,,,,,,,57.0,60.0,,57.0,58.0,77.0,,,42.0,63.0,36.0,41.0,50.0,45.0,68.0,24.0,,42.0,,58.0,62.0,,40.0,74.0,51.0,49.0,55.0,70.0,66.0,17.0,71.0,,51.0,56.0,65.0,65.0,66.0,53.0,55.0
2025,400139,YCCS - Sullivan House Alternative HS,,,,,,26.0,,69.0,77.0,84.0,,84.0,71.0,99.0,51.0,,1.0,99.0,91.0,99.0,93.0,66.0,99.0,96.0,43.0,31.0,,77.0,90.0,55.0,81.0,85.0,99.0,60.0,82.0,99.0,87.0,53.0,99.0,16.0,55.0,73.0,85.0,55.0,58.0,80.0,82.0
2025,400141,YCCS - Truman Middle College HS,,,,,,51.0,,42.0,47.0,69.0,,42.0,62.0,64.0,47.0,,37.0,62.0,60.0,56.0,33.0,34.0,68.0,43.0,28.0,47.0,,57.0,36.0,47.0,34.0,55.0,65.0,40.0,64.0,74.0,69.0,12.0,84.0,20.0,65.0,62.0,47.0,58.0,31.0,31.0,47.0
2025,400143,YCCS - West Town Acad Alternative HS,,,,,,,,62.0,69.0,75.0,,74.0,63.0,65.0,,,36.0,83.0,99.0,59.0,85.0,74.0,64.0,79.0,,66.0,,77.0,81.0,,73.0,68.0,78.0,54.0,73.0,88.0,76.0,55.0,99.0,,80.0,78.0,67.0,63.0,69.0,68.0,72.0
2025,400144,YCCS - West HS,,,,,,42.0,,,64.0,87.0,,64.0,51.0,75.0,,,36.0,63.0,81.0,68.0,57.0,,75.0,94.0,,40.0,,59.0,67.0,50.0,60.0,70.0,58.0,40.0,59.0,61.0,54.0,41.0,66.0,29.0,62.0,58.0,82.0,56.0,,58.0,63.0
2025,400145,YCCS - Youth Connection Leadership Acad HS,,,,,,,,,63.0,64.0,,65.0,30.0,48.0,,,31.0,42.0,85.0,18.0,70.0,,62.0,96.0,,23.0,,66.0,67.0,,57.0,44.0,56.0,55.0,48.0,72.0,46.0,34.0,75.0,,57.0,53.0,70.0,57.0,,52.0,66.0
2025,400146,KIPP Academy Chicago Campus,,,,,,22.0,,48.0,31.0,24.0,,33.0,45.0,46.0,,,31.0,,26.0,55.0,43.0,33.0,51.0,32.0,37.0,37.0,,41.0,36.0,27.0,41.0,45.0,32.0,17.0,38.0,48.0,,24.0,36.0,27.0,38.0,,14.0,33.0,29.0,35.0,30.0
2025,400147,Chicago Excel Academy HS,,,,,,45.0,,66.0,62.0,60.0,,67.0,58.0,51.0,54.0,,23.0,49.0,56.0,28.0,79.0,52.0,66.0,75.0,36.0,48.0,,66.0,81.0,80.0,71.0,49.0,64.0,51.0,64.0,69.0,62.0,55.0,71.0,41.0,66.0,62.0,57.0,55.0,46.0,64.0,53.0
2025,400149,Acero Charter Schools - Victoria Soto,,,,,,34.0,,64.0,60.0,61.0,,61.0,56.0,67.0,49.0,,46.0,62.0,59.0,66.0,66.0,63.0,65.0,58.0,73.0,43.0,,57.0,62.0,35.0,68.0,52.0,49.0,47.0,59.0,55.0,57.0,43.0,60.0,41.0,57.0,53.0,62.0,52.0,59.0,59.0,65.0
2025,400150,YCCS - Chatham Academy HS,,,,,,,,,63.0,79.0,,60.0,72.0,99.0,,,46.0,99.0,,99.0,69.0,,99.0,,,44.0,,56.0,61.0,,88.0,80.0,79.0,49.0,95.0,99.0,94.0,,86.0,,84.0,86.0,,51.0,,54.0,
2025,400151,L.E.A.R.N. - 7th Campus,,,,,,50.0,,83.0,70.0,62.0,,72.0,,60.0,,,,,83.0,,87.0,63.0,38.0,58.0,70.0,,,71.0,78.0,73.0,64.0,45.0,13.0,53.0,38.0,,,36.0,33.0,56.0,14.0,,74.0,67.0,62.0,54.0,72.0
2025,400153,Acero Charter Schools - Brighton Park,,,,,,65.0,,52.0,54.0,55.0,,58.0,52.0,68.0,,,38.0,,58.0,48.0,60.0,57.0,46.0,49.0,60.0,42.0,,58.0,58.0,56.0,57.0,44.0,51.0,48.0,56.0,62.0,,65.0,59.0,49.0,59.0,,46.0,59.0,62.0,66.0,56.0
2025,400156,Noble - Butler College Prep,,,,,,,,,,,,,57.0,75.0,,,36.0,68.0,,69.0,,,78.0,,,38.0,,,,,,58.0,34.0,,53.0,40.0,61.0,,50.0,,46.0,47.0,,,,,
2025,400157,Noble - Baker College Prep,,,,,,35.0,,59.0,35.0,36.0,,44.0,60.0,73.0,52.0,,28.0,64.0,27.0,59.0,51.0,39.0,74.0,40.0,43.0,27.0,,41.0,37.0,56.0,60.0,43.0,29.0,24.0,42.0,47.0,69.0,21.0,57.0,40.0,46.0,49.0,37.0,33.0,33.0,48.0,17.0
2025,400159,Christopher House Charter School,,,,,,28.0,,28.0,31.0,34.0,,29.0,44.0,44.0,,,35.0,,36.0,53.0,26.0,42.0,34.0,35.0,42.0,35.0,,24.0,18.0,29.0,37.0,38.0,38.0,32.0,42.0,47.0,,16.0,46.0,39.0,42.0,,32.0,37.0,48.0,35.0,41.0
2025,400161,Chicago Collegiate Charter School,,,,,,25.0,,56.0,51.0,54.0,,46.0,44.0,56.0,,,39.0,,66.0,45.0,48.0,44.0,48.0,50.0,42.0,45.0,,47.0,56.0,58.0,49.0,45.0,30.0,40.0,40.0,45.0,,49.0,36.0,30.0,30.0,,47.0,41.0,40.0,41.0,51.0
2025,400162,Intrinsic Charter School,,,,,,34.0,,53.0,48.0,48.0,,51.0,50.0,64.0,54.0,,36.0,66.0,53.0,61.0,62.0,69.0,67.0,64.0,77.0,50.0,,50.0,57.0,33.0,57.0,40.0,48.0,36.0,51.0,57.0,70.0,38.0,63.0,42.0,67.0,60.0,40.0,48.0,65.0,50.0,48.0
2025,400163,KIPP Chicago Charter School - KIPP Bloom,,,,,,35.0,,57.0,47.0,44.0,,42.0,51.0,65.0,,,28.0,,46.0,62.0,54.0,44.0,58.0,41.0,47.0,56.0,,40.0,56.0,49.0,54.0,47.0,31.0,37.0,42.0,44.0,,39.0,36.0,39.0,35.0,,30.0,40.0,44.0,43.0,42.0
2025,400164,Instituto - Justice and Leadership,,,,,,,,,,,,,66.0,51.0,,,39.0,75.0,,54.0,,,76.0,,,31.0,,,,,,80.0,67.0,,89.0,70.0,75.0,,90.0,,74.0,72.0,,,,,
2025,400165,L.E.A.R.N. - Middle School Campus,,,,,,35.0,,67.0,70.0,64.0,,86.0,56.0,86.0,,,27.0,,69.0,67.0,99.0,43.0,88.0,68.0,27.0,57.0,,83.0,89.0,58.0,75.0,51.0,36.0,58.0,46.0,28.0,,53.0,39.0,35.0,40.0,,75.0,42.0,33.0,88.0,73.0
2025,400167,Horizon Science Academy Southwest Chicago Charter,,,,,,53.0,,48.0,47.0,40.0,,48.0,50.0,49.0,,,30.0,,39.0,56.0,47.0,48.0,38.0,55.0,41.0,39.0,,43.0,48.0,41.0,43.0,32.0,38.0,47.0,42.0,54.0,,40.0,49.0,47.0,38.0,,45.0,51.0,47.0,57.0,51.0
2025,400168,Great Lakes Academy Charter School,,,,,,36.0,,39.0,41.0,46.0,,50.0,42.0,54.0,,,31.0,,46.0,65.0,60.0,44.0,53.0,53.0,41.0,50.0,,50.0,46.0,53.0,42.0,42.0,33.0,46.0,39.0,44.0,,49.0,35.0,46.0,34.0,,36.0,49.0,39.0,52.0,30.0
2025,400169,Noble - ITW David Speer Academy,,,,,,51.0,,59.0,43.0,45.0,,41.0,44.0,66.0,66.0,,31.0,56.0,48.0,55.0,44.0,49.0,59.0,47.0,52.0,36.0,,38.0,36.0,39.0,68.0,37.0,34.0,34.0,48.0,51.0,59.0,35.0,62.0,38.0,49.0,52.0,40.0,46.0,47.0,40.0,42.0
2025,400170,Noble - The Noble Academy,,,,,,35.0,,61.0,53.0,56.0,,54.0,55.0,91.0,76.0,,38.0,61.0,58.0,61.0,62.0,49.0,74.0,50.0,46.0,48.0,,52.0,51.0,47.0,78.0,54.0,43.0,39.0,48.0,52.0,62.0,26.0,54.0,34.0,52.0,58.0,48.0,50.0,50.0,55.0,60.0
2025,400172,ASPIRA Business and Finance,,,,,,46.0,,41.0,39.0,33.0,,43.0,40.0,55.0,36.0,,32.0,50.0,41.0,40.0,45.0,35.0,63.0,38.0,32.0,33.0,,42.0,46.0,38.0,40.0,32.0,42.0,40.0,38.0,56.0,51.0,25.0,60.0,33.0,51.0,45.0,38.0,44.0,36.0,47.0,35.0
2025,400173,Pathways in Education - Brighton Park,,,,,,67.0,,72.0,77.0,88.0,,79.0,51.0,47.0,71.0,,35.0,72.0,88.0,45.0,99.0,72.0,54.0,70.0,80.0,38.0,,74.0,85.0,60.0,81.0,54.0,79.0,68.0,74.0,83.0,89.0,69.0,95.0,37.0,97.0,84.0,59.0,76.0,66.0,82.0,71.0
2025,400175,Excel Academy of South Shore,,,,,,44.0,,59.0,53.0,69.0,,49.0,99.0,95.0,51.0,,15.0,96.0,75.0,70.0,54.0,64.0,99.0,70.0,75.0,60.0,,53.0,58.0,50.0,60.0,82.0,66.0,39.0,83.0,70.0,90.0,50.0,64.0,49.0,89.0,74.0,38.0,51.0,47.0,50.0,42.0
2025,400176,Excel Academy Southwest,,,,,,41.0,,48.0,38.0,43.0,,52.0,61.0,60.0,29.0,,32.0,50.0,31.0,46.0,53.0,36.0,60.0,50.0,18.0,27.0,,59.0,56.0,46.0,61.0,49.0,47.0,32.0,49.0,59.0,47.0,26.0,58.0,37.0,38.0,40.0,57.0,39.0,40.0,40.0,9.0
2025,400178,Moving Everest Charter School,,,,,,22.0,,50.0,39.0,30.0,,40.0,40.0,60.0,,,21.0,,39.0,30.0,52.0,35.0,50.0,39.0,38.0,46.0,,41.0,48.0,24.0,51.0,43.0,31.0,31.0,32.0,33.0,,21.0,28.0,26.0,32.0,,25.0,31.0,29.0,40.0,36.0
2025,400179,Noble - Mansueto High School,,,,,,49.0,,62.0,55.0,64.0,,56.0,50.0,81.0,71.0,,33.0,61.0,66.0,42.0,63.0,75.0,64.0,74.0,79.0,43.0,,54.0,52.0,47.0,78.0,39.0,45.0,50.0,56.0,60.0,67.0,29.0,69.0,42.0,59.0,61.0,48.0,52.0,71.0,57.0,47.0
2025,400180,KIPP One Academy,,,,,,54.0,,63.0,49.0,50.0,,46.0,48.0,69.0,,,30.0,,54.0,57.0,52.0,53.0,59.0,56.0,56.0,47.0,,49.0,51.0,64.0,57.0,53.0,37.0,38.0,49.0,47.0,,35.0,44.0,56.0,46.0,,33.0,53.0,48.0,49.0,44.0
2025,400181,Art in Motion Charter School,,,,,,22.0,,48.0,38.0,30.0,,33.0,21.0,63.0,38.0,,15.0,16.0,38.0,50.0,50.0,38.0,56.0,44.0,40.0,25.0,,36.0,42.0,34.0,53.0,34.0,15.0,20.0,16.0,31.0,15.0,29.0,30.0,19.0,15.0,21.0,12.0,24.0,30.0,33.0,49.0
2025,400182,Catalyst Maria Charter High School,,,,,,43.0,,70.0,56.0,59.0,,59.0,53.0,60.0,68.0,,30.0,64.0,70.0,53.0,63.0,73.0,55.0,76.0,75.0,43.0,,58.0,62.0,65.0,65.0,38.0,38.0,44.0,43.0,51.0,60.0,63.0,59.0,46.0,57.0,56.0,55.0,50.0,67.0,60.0,47.0
2025,609674,Chicago Vocational Career Academy High School,,,,,,49.0,,58.0,59.0,60.0,,62.0,48.0,66.0,65.0,,28.0,60.0,67.0,58.0,72.0,61.0,63.0,75.0,56.0,38.0,,59.0,70.0,58.0,69.0,53.0,24.0,47.0,43.0,33.0,50.0,55.0,40.0,40.0,38.0,44.0,56.0,34.0,53.0,61.0,60.0
2025,609676,Paul Laurence Dunbar Career Academy High School,,,,,,25.0,,57.0,51.0,44.0,,51.0,48.0,65.0,41.0,,36.0,59.0,53.0,59.0,63.0,46.0,52.0,54.0,38.0,37.0,,54.0,60.0,38.0,54.0,54.0,33.0,41.0,45.0,39.0,51.0,36.0,39.0,27.0,44.0,42.0,37.0,33.0,47.0,50.0,55.0
2025,609678,William Jones College Preparatory High School,,,,,,61.0,,59.0,43.0,39.0,,34.0,75.0,92.0,89.0,,45.0,77.0,46.0,67.0,28.0,62.0,82.0,50.0,73.0,58.0,,31.0,34.0,72.0,51.0,84.0,65.0,45.0,68.0,78.0,75.0,30.0,86.0,64.0,70.0,75.0,50.0,65.0,63.0,26.0,40.0
2025,609679,Charles Allen Prosser Career Academy High School,,,,,,49.0,,65.0,58.0,46.0,,55.0,54.0,69.0,60.0,,39.0,59.0,58.0,56.0,60.0,59.0,56.0,67.0,49.0,39.0,,54.0,62.0,61.0,61.0,54.0,44.0,57.0,54.0,55.0,58.0,41.0,64.0,54.0,55.0,54.0,49.0,56.0,61.0,55.0,60.0
2025,609680,Walter Payton College Preparatory High School,,,,,,56.0,,64.0,54.0,46.0,,52.0,92.0,84.0,96.0,,51.0,89.0,55.0,72.0,44.0,72.0,71.0,68.0,76.0,67.0,,48.0,51.0,75.0,51.0,93.0,83.0,55.0,85.0,85.0,89.0,31.0,96.0,65.0,84.0,88.0,75.0,73.0,71.0,42.0,52.0
2025,609682,Ellen H Richards Career Academy High School,,,,,,29.0,,56.0,43.0,37.0,,58.0,41.0,66.0,43.0,,23.0,52.0,52.0,76.0,48.0,41.0,54.0,54.0,32.0,16.0,,56.0,62.0,29.0,44.0,31.0,40.0,35.0,44.0,64.0,52.0,41.0,65.0,34.0,53.0,47.0,67.0,51.0,37.0,59.0,24.0
2025,609691,North-Grand High School,,,,,,51.0,,68.0,47.0,42.0,,52.0,35.0,60.0,49.0,,29.0,55.0,52.0,66.0,47.0,45.0,56.0,42.0,45.0,26.0,,43.0,45.0,41.0,59.0,42.0,30.0,41.0,46.0,44.0,48.0,44.0,53.0,42.0,48.0,44.0,60.0,30.0,47.0,56.0,38.0
2025,609692,Neal F Simeon Career Academy High School,,,,,,45.0,,66.0,46.0,38.0,,48.0,51.0,74.0,43.0,,28.0,52.0,44.0,66.0,46.0,49.0,74.0,50.0,49.0,60.0,,49.0,45.0,51.0,68.0,56.0,29.0,43.0,40.0,37.0,43.0,32.0,41.0,41.0,37.0,38.0,44.0,38.0,47.0,51.0,39.0
2025,609693,George Westinghouse College Prep,,,,,,60.0,,82.0,68.0,61.0,,71.0,51.0,89.0,94.0,,25.0,58.0,75.0,76.0,79.0,74.0,67.0,67.0,74.0,45.0,,64.0,70.0,74.0,72.0,50.0,44.0,66.0,53.0,58.0,63.0,59.0,70.0,61.0,62.0,66.0,78.0,64.0,81.0,63.0,63.0
2025,609694,John Hancock College Preparatory High School,,,,,,69.0,,60.0,36.0,42.0,,26.0,87.0,99.0,82.0,,50.0,80.0,43.0,69.0,17.0,61.0,79.0,40.0,64.0,60.0,,40.0,16.0,81.0,33.0,77.0,79.0,45.0,74.0,94.0,90.0,18.0,99.0,71.0,83.0,84.0,39.0,86.0,79.0,7.0,15.0
2025,609695,Roald Amundsen High School,,,,,,47.0,,69.0,55.0,46.0,,53.0,65.0,77.0,65.0,,53.0,56.0,51.0,65.0,48.0,66.0,66.0,65.0,68.0,57.0,,47.0,51.0,52.0,68.0,60.0,54.0,58.0,62.0,57.0,60.0,44.0,69.0,42.0,57.0,59.0,61.0,55.0,66.0,57.0,50.0
2025,609698,William J Bogan High School,,,,,,38.0,,78.0,59.0,46.0,,56.0,54.0,69.0,59.0,,33.0,61.0,53.0,46.0,64.0,53.0,67.0,60.0,42.0,35.0,,57.0,66.0,61.0,63.0,51.0,43.0,50.0,46.0,46.0,51.0,46.0,52.0,49.0,43.0,49.0,51.0,49.0,57.0,50.0,53.0
2025,609704,David G Farragut Career Academy High School,,,,,,47.0,,52.0,53.0,55.0,,59.0,39.0,57.0,42.0,,26.0,51.0,64.0,43.0,59.0,55.0,60.0,61.0,51.0,41.0,,61.0,63.0,48.0,63.0,39.0,34.0,41.0,47.0,48.0,52.0,28.0,55.0,35.0,55.0,46.0,62.0,43.0,52.0,55.0,54.0
2025,609705,Christian Fenger Academy High School,,,,,,32.0,,62.0,48.0,46.0,,43.0,53.0,58.0,51.0,,31.0,49.0,64.0,53.0,51.0,44.0,65.0,50.0,44.0,30.0,,50.0,49.0,39.0,68.0,43.0,29.0,30.0,43.0,41.0,41.0,41.0,49.0,18.0,31.0,38.0,30.0,37.0,39.0,41.0,55.0
2025,609708,Edwin G. Foreman College and Career Academy,,,,,,26.0,,43.0,26.0,10.0,,30.0,51.0,60.0,28.0,,35.0,65.0,13.0,62.0,31.0,28.0,72.0,32.0,30.0,40.0,,32.0,35.0,21.0,36.0,54.0,44.0,24.0,56.0,46.0,58.0,8.0,59.0,25.0,58.0,47.0,32.0,35.0,21.0,26.0,20.0
2025,609709,Gage Park High School,,,,,,41.0,,59.0,53.0,48.0,,47.0,43.0,54.0,44.0,,32.0,51.0,54.0,56.0,56.0,42.0,70.0,46.0,30.0,20.0,,52.0,70.0,58.0,58.0,59.0,35.0,39.0,47.0,47.0,49.0,62.0,64.0,35.0,53.0,45.0,36.0,52.0,49.0,42.0,48.0
2025,609710,John M Harlan Community Academy High School,,,,,,1.0,,61.0,41.0,38.0,,27.0,18.0,61.0,20.0,,25.0,53.0,44.0,32.0,43.0,20.0,66.0,19.0,19.0,45.0,,35.0,46.0,4.0,52.0,42.0,31.0,16.0,36.0,45.0,49.0,21.0,39.0,12.0,33.0,33.0,9.0,31.0,22.0,21.0,45.0
2025,609712,Emil G Hirsch Metropolitan High School,,,,,,27.0,,69.0,62.0,61.0,,62.0,51.0,79.0,54.0,,21.0,47.0,61.0,71.0,74.0,40.0,78.0,45.0,34.0,48.0,,54.0,76.0,49.0,69.0,60.0,27.0,39.0,45.0,24.0,60.0,43.0,40.0,31.0,34.0,44.0,61.0,31.0,42.0,60.0,63.0
2025,609713,Hyde Park Academy High School,,,,,,35.0,,55.0,38.0,36.0,,34.0,46.0,62.0,45.0,,30.0,49.0,41.0,65.0,37.0,31.0,74.0,27.0,27.0,38.0,,44.0,31.0,35.0,45.0,47.0,29.0,21.0,41.0,34.0,41.0,32.0,37.0,20.0,36.0,38.0,30.0,15.0,40.0,25.0,47.0
2025,609715,Thomas Kelly College Preparatory,,,,,,52.0,,62.0,48.0,38.0,,47.0,46.0,55.0,52.0,,35.0,60.0,42.0,47.0,51.0,48.0,60.0,50.0,44.0,23.0,,43.0,52.0,58.0,50.0,48.0,38.0,50.0,52.0,44.0,58.0,33.0,56.0,49.0,51.0,50.0,47.0,47.0,49.0,47.0,37.0
2025,609716,Kelvyn Park High School,,,,,,38.0,,55.0,46.0,44.0,,45.0,37.0,52.0,41.0,,35.0,55.0,58.0,57.0,47.0,40.0,62.0,46.0,37.0,17.0,,46.0,49.0,41.0,47.0,48.0,38.0,35.0,50.0,53.0,50.0,49.0,63.0,30.0,60.0,47.0,44.0,50.0,38.0,41.0,46.0
2025,609718,John F Kennedy High School,,,,,,49.0,,62.0,47.0,44.0,,50.0,53.0,62.0,52.0,,42.0,52.0,46.0,62.0,53.0,51.0,61.0,52.0,47.0,41.0,,48.0,44.0,54.0,56.0,47.0,37.0,47.0,47.0,42.0,53.0,40.0,52.0,43.0,52.0,49.0,54.0,37.0,55.0,43.0,39.0
2025,609719,Lake View High School,,,,,,43.0,,62.0,45.0,40.0,,40.0,57.0,68.0,51.0,,44.0,63.0,51.0,67.0,39.0,47.0,73.0,42.0,49.0,43.0,,41.0,39.0,52.0,59.0,59.0,41.0,36.0,58.0,51.0,58.0,31.0,62.0,36.0,56.0,52.0,45.0,30.0,51.0,35.0,47.0
2025,609720,Albert G Lane Technical High School,,,,,,,,,,,,,82.0,72.0,,,52.0,68.0,,63.0,,,59.0,,,68.0,,,,,,76.0,74.0,,72.0,80.0,73.0,,92.0,,73.0,73.0,,,,,
2025,609722,Manley Career Academy High School,,,,,,2.0,,40.0,42.0,49.0,,40.0,47.0,67.0,37.0,,35.0,56.0,77.0,49.0,37.0,25.0,54.0,33.0,17.0,46.0,,53.0,52.0,8.0,53.0,53.0,45.0,25.0,52.0,51.0,57.0,13.0,60.0,7.0,26.0,41.0,34.0,15.0,24.0,34.0,42.0
2025,609723,John Marshall Metropolitan High School,,,,,,41.0,,69.0,61.0,59.0,,63.0,39.0,64.0,52.0,,27.0,52.0,69.0,55.0,76.0,56.0,58.0,73.0,45.0,46.0,,63.0,75.0,64.0,68.0,46.0,39.0,46.0,42.0,49.0,53.0,60.0,56.0,36.0,40.0,46.0,62.0,38.0,51.0,51.0,55.0
2025,609724,Stephen T Mather High School,,,,,,46.0,,54.0,45.0,39.0,,48.0,48.0,57.0,55.0,,37.0,57.0,47.0,58.0,45.0,42.0,55.0,53.0,35.0,33.0,,44.0,44.0,48.0,52.0,58.0,34.0,44.0,50.0,39.0,53.0,38.0,59.0,41.0,54.0,49.0,58.0,26.0,38.0,46.0,46.0
2025,609725,Morgan Park High School,,,,,,38.0,,65.0,47.0,40.0,,48.0,48.0,79.0,58.0,,35.0,57.0,50.0,53.0,53.0,56.0,76.0,55.0,55.0,52.0,,50.0,46.0,50.0,59.0,56.0,37.0,39.0,45.0,46.0,51.0,44.0,47.0,39.0,46.0,48.0,45.0,39.0,57.0,45.0,43.0
2025,609726,Gwendolyn Brooks College Preparatory Academy HS,,,,,,61.0,,57.0,55.0,49.0,,57.0,66.0,86.0,89.0,,32.0,78.0,46.0,60.0,56.0,62.0,78.0,57.0,62.0,62.0,,56.0,58.0,74.0,41.0,71.0,57.0,64.0,57.0,64.0,77.0,24.0,73.0,55.0,54.0,69.0,66.0,64.0,68.0,50.0,45.0
2025,609727,Wendell Phillips Academy High School,,,,,,20.0,,48.0,28.0,26.0,,25.0,39.0,57.0,30.0,,30.0,53.0,37.0,51.0,22.0,17.0,63.0,23.0,13.0,33.0,,26.0,27.0,39.0,42.0,45.0,29.0,13.0,42.0,42.0,44.0,30.0,42.0,13.0,35.0,35.0,29.0,16.0,15.0,22.0,24.0
2025,609728,Theodore Roosevelt High School,,,,,,46.0,,65.0,50.0,42.0,,51.0,42.0,57.0,43.0,,34.0,52.0,51.0,59.0,51.0,45.0,62.0,51.0,42.0,20.0,,51.0,54.0,48.0,55.0,49.0,37.0,47.0,48.0,50.0,52.0,40.0,63.0,38.0,57.0,47.0,54.0,40.0,43.0,47.0,44.0
2025,609729,Carl Schurz High School,,,,,,40.0,,66.0,52.0,43.0,,51.0,41.0,57.0,46.0,,37.0,52.0,52.0,58.0,57.0,54.0,60.0,62.0,50.0,25.0,,46.0,63.0,50.0,50.0,44.0,33.0,46.0,46.0,48.0,51.0,42.0,55.0,39.0,49.0,45.0,55.0,37.0,51.0,47.0,43.0
2025,609730,Nicholas Senn High School,,,,,,44.0,,67.0,47.0,41.0,,28.0,51.0,64.0,55.0,,39.0,54.0,55.0,70.0,24.0,40.0,63.0,32.0,44.0,40.0,,40.0,43.0,44.0,55.0,55.0,36.0,33.0,49.0,42.0,58.0,40.0,56.0,32.0,51.0,50.0,36.0,32.0,44.0,12.0,51.0
2025,609732,Charles P Steinmetz College Preparatory HS,,,,,,43.0,,49.0,33.0,40.0,,20.0,43.0,67.0,35.0,,37.0,57.0,47.0,59.0,24.0,37.0,64.0,38.0,38.0,26.0,,29.0,24.0,43.0,45.0,49.0,35.0,24.0,47.0,45.0,54.0,29.0,56.0,30.0,53.0,44.0,15.0,37.0,35.0,12.0,27.0
2025,609733,Roger C Sullivan High School,,,,,,39.0,,64.0,42.0,29.0,,46.0,63.0,61.0,39.0,,35.0,65.0,41.0,55.0,41.0,45.0,66.0,47.0,46.0,47.0,,45.0,38.0,47.0,46.0,67.0,40.0,36.0,56.0,51.0,67.0,40.0,66.0,38.0,58.0,51.0,58.0,39.0,42.0,40.0,42.0
2025,609734,William Howard Taft High School,,,,,,44.0,,69.0,56.0,49.0,,57.0,59.0,68.0,62.0,,46.0,51.0,56.0,61.0,62.0,54.0,59.0,53.0,54.0,43.0,,57.0,59.0,52.0,71.0,50.0,44.0,52.0,52.0,49.0,52.0,45.0,59.0,39.0,53.0,53.0,47.0,43.0,56.0,61.0,52.0
2025,609735,Edward Tilden Career Community Academy HS,,,,,,34.0,,63.0,47.0,36.0,,44.0,42.0,81.0,36.0,,34.0,60.0,44.0,53.0,45.0,25.0,91.0,37.0,16.0,34.0,,43.0,51.0,24.0,54.0,44.0,46.0,37.0,49.0,52.0,60.0,30.0,61.0,26.0,52.0,49.0,40.0,37.0,22.0,49.0,48.0
2025,609737,Friedrich W von Steuben Metropolitan Science HS,,,,,,56.0,,66.0,52.0,45.0,,44.0,66.0,67.0,70.0,,44.0,60.0,52.0,63.0,44.0,63.0,60.0,64.0,59.0,52.0,,45.0,46.0,61.0,54.0,59.0,56.0,55.0,60.0,64.0,61.0,43.0,72.0,55.0,63.0,63.0,55.0,61.0,67.0,33.0,47.0
2025,609738,Lincoln Park High School,,,,,,41.0,,65.0,43.0,33.0,,36.0,59.0,75.0,71.0,,45.0,51.0,42.0,54.0,25.0,50.0,59.0,41.0,55.0,50.0,,39.0,37.0,41.0,51.0,63.0,41.0,38.0,48.0,43.0,51.0,19.0,56.0,39.0,44.0,52.0,50.0,38.0,53.0,30.0,41.0
2025,609739,George Washington High School,,,,,,36.0,,66.0,40.0,34.0,,43.0,42.0,55.0,50.0,,37.0,49.0,41.0,46.0,40.0,46.0,58.0,52.0,39.0,35.0,,44.0,40.0,44.0,56.0,44.0,27.0,36.0,45.0,31.0,48.0,41.0,44.0,42.0,48.0,43.0,47.0,22.0,47.0,39.0,26.0
2025,609740,Wells Community Academy High School,,,,,,26.0,,50.0,48.0,50.0,,43.0,47.0,55.0,46.0,,35.0,56.0,56.0,53.0,40.0,42.0,61.0,39.0,44.0,24.0,,53.0,43.0,47.0,47.0,56.0,41.0,38.0,52.0,46.0,51.0,48.0,55.0,30.0,53.0,48.0,57.0,37.0,43.0,23.0,60.0
2025,609741,Gurdon S Hubbard High School,,,,,,47.0,,68.0,59.0,49.0,,60.0,43.0,55.0,55.0,,35.0,58.0,60.0,64.0,64.0,60.0,55.0,70.0,50.0,35.0,,55.0,62.0,56.0,55.0,41.0,38.0,62.0,49.0,45.0,59.0,47.0,57.0,40.0,59.0,53.0,64.0,45.0,59.0,58.0,54.0
2025,609745,Southside Occupational Academy High School,,,,,,47.0,,72.0,65.0,57.0,,65.0,70.0,28.0,42.0,,40.0,87.0,71.0,1.0,63.0,73.0,99.0,92.0,64.0,77.0,,64.0,69.0,57.0,75.0,37.0,77.0,75.0,73.0,74.0,99.0,71.0,87.0,56.0,73.0,73.0,82.0,64.0,62.0,51.0,51.0
2025,609746,Kenwood Academy High School,,,,,,51.0,,69.0,59.0,54.0,,59.0,69.0,89.0,84.0,,44.0,75.0,65.0,68.0,58.0,75.0,69.0,62.0,79.0,61.0,,54.0,61.0,75.0,58.0,63.0,55.0,60.0,59.0,60.0,84.0,51.0,69.0,54.0,65.0,72.0,71.0,57.0,83.0,53.0,51.0
2025,609748,Consuella B York Alternative High School,,,,,,32.0,,53.0,49.0,44.0,,61.0,86.0,77.0,33.0,,50.0,70.0,51.0,60.0,73.0,46.0,96.0,40.0,51.0,48.0,,62.0,66.0,46.0,62.0,74.0,62.0,41.0,81.0,59.0,73.0,40.0,77.0,31.0,64.0,58.0,61.0,41.0,46.0,49.0,42.0
2025,609750,Simpson Academy HS for Young Women,,,,,,86.0,,52.0,47.0,34.0,,57.0,48.0,54.0,56.0,,39.0,99.0,34.0,90.0,62.0,59.0,75.0,56.0,61.0,57.0,,51.0,68.0,86.0,57.0,59.0,76.0,55.0,70.0,81.0,89.0,25.0,61.0,41.0,64.0,71.0,58.0,81.0,61.0,57.0,27.0
2025,609751,Dr  Martin Luther King  Jr  College Prep HS,,,,,,39.0,,55.0,43.0,38.0,,37.0,63.0,71.0,62.0,,36.0,64.0,50.0,64.0,39.0,50.0,83.0,43.0,51.0,52.0,,44.0,41.0,59.0,49.0,59.0,51.0,31.0,57.0,56.0,64.0,31.0,59.0,41.0,53.0,58.0,36.0,43.0,57.0,27.0,51.0
2025,609753,Chicago High School for Agricultural Sciences,,,,,,56.0,,68.0,64.0,53.0,,62.0,66.0,65.0,75.0,,50.0,61.0,75.0,52.0,66.0,76.0,47.0,73.0,83.0,56.0,,60.0,68.0,62.0,63.0,58.0,55.0,65.0,53.0,65.0,58.0,54.0,63.0,60.0,53.0,60.0,66.0,63.0,73.0,56.0,68.0
2025,609754,Chicago Military Academy High School,,,,,,41.0,,46.0,37.0,34.0,,34.0,62.0,72.0,47.0,,23.0,57.0,50.0,74.0,32.0,39.0,82.0,32.0,44.0,43.0,,40.0,36.0,66.0,49.0,44.0,36.0,31.0,48.0,45.0,56.0,31.0,58.0,33.0,38.0,44.0,35.0,49.0,41.0,27.0,37.0
2025,609755,Whitney M Young Magnet High School,,,,,,64.0,,55.0,60.0,53.0,,62.0,87.0,81.0,98.0,,55.0,83.0,61.0,79.0,58.0,80.0,67.0,73.0,85.0,65.0,,56.0,57.0,84.0,56.0,92.0,79.0,70.0,80.0,84.0,90.0,46.0,97.0,70.0,73.0,85.0,75.0,73.0,81.0,59.0,64.0
2025,609756,Marie Sklodowska Curie Metropolitan High School,,,,,,46.0,,68.0,42.0,44.0,,29.0,42.0,62.0,44.0,,34.0,53.0,48.0,53.0,33.0,42.0,52.0,44.0,42.0,33.0,,31.0,30.0,56.0,53.0,41.0,34.0,32.0,48.0,44.0,53.0,49.0,60.0,43.0,54.0,46.0,31.0,34.0,40.0,19.0,38.0
2025,609759,Roberto Clemente Community Academy High School,,,,,,,,,,,,,38.0,68.0,,,36.0,54.0,,68.0,,,67.0,,,27.0,,,,,,50.0,38.0,,49.0,44.0,48.0,,50.0,,41.0,42.0,,,,,
2025,609760,George Washington Carver Military Academy HS,,,,,,42.0,,52.0,43.0,36.0,,44.0,63.0,68.0,48.0,,42.0,60.0,35.0,63.0,45.0,46.0,68.0,51.0,47.0,35.0,,42.0,51.0,55.0,44.0,62.0,45.0,45.0,59.0,51.0,57.0,40.0,55.0,45.0,47.0,49.0,51.0,55.0,39.0,39.0,29.0
2025,609761,George H Corliss High School,,,,,,24.0,,62.0,45.0,37.0,,44.0,43.0,64.0,44.0,,33.0,58.0,37.0,63.0,48.0,45.0,74.0,55.0,41.0,31.0,,48.0,56.0,43.0,41.0,57.0,33.0,34.0,50.0,37.0,52.0,54.0,38.0,26.0,37.0,42.0,49.0,26.0,40.0,30.0,36.0
2025,609762,Percy L Julian High School,,,,,,,,,,,,,50.0,70.0,,,30.0,60.0,,55.0,,,67.0,,,39.0,,,,,,53.0,29.0,,39.0,37.0,48.0,,44.0,,31.0,36.0,,,,,
2025,609764,Benito Juarez Community Academy High School,,,,,,52.0,,70.0,61.0,52.0,,58.0,45.0,67.0,64.0,,35.0,58.0,59.0,66.0,66.0,74.0,74.0,83.0,68.0,36.0,,57.0,67.0,61.0,69.0,38.0,41.0,55.0,50.0,49.0,58.0,55.0,60.0,47.0,58.0,55.0,61.0,52.0,71.0,46.0,60.0
2025,609769,Ray Graham Training Center High School,,,,,,63.0,,53.0,52.0,45.0,,52.0,74.0,40.0,20.0,,47.0,84.0,56.0,50.0,52.0,66.0,51.0,65.0,71.0,61.0,,54.0,53.0,52.0,62.0,83.0,60.0,57.0,84.0,52.0,78.0,44.0,76.0,51.0,71.0,57.0,59.0,59.0,63.0,41.0,50.0
2025,609772,Jane Addams Elementary School,,,,,,48.0,,53.0,46.0,44.0,,42.0,51.0,41.0,,,45.0,,50.0,60.0,42.0,42.0,37.0,47.0,38.0,48.0,,50.0,48.0,58.0,60.0,37.0,49.0,48.0,46.0,48.0,,28.0,61.0,42.0,55.0,,38.0,57.0,41.0,36.0,37.0
2025,609773,Harriet Tubman Elementary School,,,,,,46.0,,52.0,54.0,54.0,,45.0,59.0,51.0,,,48.0,,52.0,67.0,44.0,68.0,64.0,70.0,69.0,60.0,,47.0,48.0,54.0,61.0,37.0,55.0,49.0,55.0,60.0,,46.0,58.0,42.0,45.0,,60.0,51.0,65.0,30.0,66.0
2025,609774,Louisa May Alcott College Preparatory ES,,,,,,57.0,,78.0,65.0,59.0,,61.0,64.0,60.0,,,62.0,,64.0,64.0,66.0,76.0,58.0,74.0,77.0,78.0,,64.0,70.0,65.0,75.0,59.0,62.0,64.0,61.0,66.0,,49.0,61.0,62.0,58.0,,60.0,63.0,78.0,55.0,56.0
2025,609777,Phillip D Armour Elementary School,,,,,,49.0,,47.0,54.0,68.0,,49.0,45.0,61.0,,,38.0,,72.0,43.0,52.0,49.0,54.0,49.0,41.0,35.0,,71.0,45.0,61.0,56.0,47.0,53.0,44.0,54.0,62.0,,51.0,65.0,59.0,59.0,,43.0,70.0,58.0,30.0,66.0
2025,609779,George Armstrong International Studies ES,,,,,,63.0,,61.0,61.0,57.0,,63.0,61.0,60.0,,,43.0,,62.0,56.0,64.0,56.0,52.0,62.0,52.0,43.0,,61.0,63.0,66.0,69.0,55.0,52.0,65.0,55.0,62.0,,49.0,65.0,52.0,59.0,,64.0,67.0,55.0,61.0,61.0
2025,609780,Marine Leadership Academy at Ames,,,,,,54.0,,62.0,47.0,44.0,,46.0,47.0,58.0,50.0,,37.0,57.0,41.0,56.0,44.0,52.0,64.0,52.0,56.0,36.0,,55.0,41.0,48.0,49.0,42.0,42.0,45.0,53.0,48.0,48.0,39.0,55.0,47.0,50.0,48.0,41.0,51.0,47.0,42.0,41.0
2025,609782,John J Audubon Elementary School,,,,,,59.0,,57.0,65.0,66.0,,60.0,68.0,58.0,,,76.0,,67.0,78.0,54.0,72.0,63.0,62.0,79.0,68.0,,65.0,66.0,66.0,67.0,65.0,78.0,63.0,76.0,79.0,,65.0,81.0,74.0,76.0,,66.0,67.0,75.0,53.0,72.0
2025,609783,Nancy B Jefferson Alternative High School,,,,,,30.0,,68.0,62.0,62.0,,61.0,59.0,76.0,48.0,,49.0,66.0,74.0,65.0,71.0,66.0,95.0,70.0,64.0,41.0,,69.0,71.0,65.0,83.0,54.0,54.0,50.0,59.0,44.0,44.0,52.0,58.0,64.0,53.0,50.0,54.0,57.0,64.0,49.0,58.0
2025,609786,Avalon Park Elementary School,,,,,,41.0,,59.0,69.0,81.0,,73.0,66.0,91.0,,,56.0,,82.0,68.0,81.0,68.0,99.0,78.0,59.0,43.0,,80.0,76.0,67.0,74.0,71.0,55.0,54.0,77.0,50.0,,78.0,59.0,44.0,58.0,,77.0,62.0,68.0,55.0,73.0
2025,609788,Alice L Barnard Computer Math & Science Ctr ES,,,,,,68.0,,69.0,64.0,52.0,,72.0,41.0,55.0,,,47.0,,61.0,55.0,76.0,57.0,65.0,56.0,52.0,43.0,,75.0,83.0,90.0,58.0,40.0,35.0,47.0,41.0,47.0,,59.0,44.0,71.0,24.0,,75.0,54.0,62.0,63.0,68.0
2025,609789,John Barry Elementary School,,,,,,47.0,,50.0,42.0,34.0,,46.0,59.0,50.0,,,41.0,,41.0,47.0,37.0,54.0,66.0,54.0,55.0,33.0,,50.0,46.0,58.0,34.0,71.0,49.0,41.0,62.0,55.0,,26.0,66.0,46.0,61.0,,55.0,56.0,54.0,43.0,37.0
2025,609790,Clara Barton Elementary School,,,,,,31.0,,54.0,58.0,50.0,,62.0,40.0,43.0,,,32.0,,54.0,54.0,65.0,49.0,54.0,65.0,38.0,42.0,,65.0,80.0,53.0,77.0,39.0,27.0,47.0,39.0,38.0,,47.0,42.0,43.0,41.0,,60.0,43.0,44.0,58.0,58.0
2025,609791,Perkins Bass Elementary School,,,,,,40.0,,46.0,47.0,49.0,,49.0,45.0,72.0,,,32.0,,60.0,65.0,62.0,44.0,79.0,58.0,33.0,65.0,,54.0,52.0,33.0,48.0,48.0,44.0,38.0,53.0,52.0,,54.0,49.0,14.0,58.0,,39.0,54.0,41.0,40.0,50.0
2025,609792,Newton Bateman Elementary School,,,,,,71.0,,73.0,70.0,65.0,,67.0,69.0,42.0,,,59.0,,66.0,67.0,67.0,70.0,57.0,75.0,69.0,55.0,,72.0,75.0,68.0,70.0,50.0,58.0,70.0,61.0,67.0,,61.0,65.0,56.0,62.0,,66.0,72.0,67.0,63.0,67.0
2025,609793,Lillian R. Nicholson STEM Academy,,,,,,27.0,,51.0,46.0,42.0,,48.0,35.0,45.0,,,30.0,,54.0,49.0,61.0,43.0,47.0,57.0,29.0,28.0,,48.0,66.0,41.0,62.0,32.0,20.0,33.0,25.0,33.0,,47.0,30.0,19.0,15.0,,40.0,25.0,43.0,44.0,39.0
2025,609794,Thomas A Edison Regional Gifted Center ES,,,,,,65.0,,57.0,56.0,51.0,,63.0,52.0,44.0,,,53.0,,57.0,36.0,66.0,69.0,56.0,59.0,79.0,65.0,,63.0,68.0,68.0,53.0,59.0,73.0,50.0,61.0,79.0,,41.0,61.0,78.0,50.0,,68.0,75.0,69.0,55.0,55.0
2025,609795,George Rogers Clark Elementary School,,,,,,57.0,,58.0,55.0,58.0,,51.0,63.0,70.0,,,50.0,,58.0,38.0,50.0,65.0,80.0,62.0,76.0,74.0,,56.0,59.0,64.0,65.0,55.0,57.0,40.0,55.0,81.0,,55.0,69.0,51.0,51.0,,59.0,77.0,57.0,39.0,62.0
2025,609796,Jean Baptiste Beaubien Elementary School,,,,,,62.0,,63.0,66.0,62.0,,64.0,60.0,52.0,,,55.0,,55.0,62.0,66.0,71.0,47.0,72.0,66.0,49.0,,67.0,68.0,78.0,61.0,56.0,58.0,70.0,62.0,55.0,,68.0,67.0,68.0,64.0,,62.0,53.0,76.0,60.0,65.0
2025,609797,Jacob Beidler Elementary School,,,,,,49.0,,65.0,66.0,71.0,,59.0,58.0,62.0,,,39.0,,67.0,62.0,68.0,53.0,55.0,60.0,46.0,51.0,,52.0,72.0,64.0,61.0,43.0,40.0,59.0,44.0,56.0,,51.0,48.0,41.0,28.0,,63.0,41.0,53.0,54.0,65.0
2025,609798,Hiram H Belding Elementary School,,,,,,52.0,,71.0,74.0,72.0,,68.0,59.0,39.0,,,55.0,,77.0,67.0,73.0,75.0,62.0,74.0,73.0,52.0,,75.0,73.0,62.0,73.0,49.0,61.0,77.0,58.0,60.0,,78.0,59.0,56.0,62.0,,62.0,57.0,77.0,62.0,78.0
2025,609799,Alexander Graham Bell Elementary School,,,,,,59.0,,55.0,50.0,41.0,,52.0,50.0,36.0,,,67.0,,42.0,65.0,48.0,69.0,40.0,72.0,72.0,52.0,,46.0,50.0,64.0,44.0,62.0,61.0,54.0,61.0,69.0,,43.0,62.0,72.0,53.0,,66.0,49.0,64.0,47.0,49.0
2025,609800,Frank I Bennett Elementary School,,,,,,38.0,,59.0,56.0,45.0,,58.0,33.0,57.0,,,34.0,,62.0,44.0,70.0,57.0,63.0,67.0,47.0,55.0,,54.0,70.0,47.0,59.0,58.0,36.0,46.0,47.0,38.0,,41.0,32.0,35.0,46.0,,61.0,52.0,57.0,46.0,58.0
2025,609803,James G Blaine Elementary School,,,,,,78.0,,77.0,63.0,48.0,,69.0,64.0,52.0,,,70.0,,57.0,36.0,66.0,80.0,53.0,77.0,86.0,74.0,,78.0,67.0,75.0,61.0,78.0,68.0,66.0,71.0,76.0,,54.0,75.0,81.0,60.0,,72.0,67.0,76.0,58.0,59.0
2025,609804,Mosaic School of Fine Arts,,,,,,58.0,,50.0,43.0,39.0,,47.0,53.0,57.0,,,49.0,,39.0,70.0,44.0,50.0,51.0,53.0,46.0,51.0,,37.0,51.0,55.0,50.0,55.0,46.0,48.0,57.0,49.0,,47.0,55.0,37.0,62.0,,59.0,52.0,52.0,48.0,25.0
2025,609805,Scott Joplin Elementary School,,,,,,63.0,,64.0,59.0,61.0,,51.0,59.0,88.0,,,39.0,,63.0,80.0,61.0,41.0,80.0,43.0,38.0,52.0,,52.0,61.0,47.0,74.0,64.0,50.0,46.0,61.0,47.0,,63.0,51.0,44.0,54.0,,40.0,47.0,42.0,50.0,62.0
2025,609806,Myra Bradwell Communications Arts & Sciences ES,,,,,,39.0,,48.0,47.0,36.0,,54.0,38.0,46.0,,,28.0,,40.0,50.0,57.0,39.0,47.0,68.0,17.0,32.0,,49.0,63.0,38.0,42.0,37.0,21.0,33.0,37.0,31.0,,50.0,37.0,33.0,18.0,,48.0,26.0,32.0,62.0,53.0
2025,609807,Lionel Hampton Fine & Performing Arts ES,,,,,,,,,,,,,32.0,43.0,,,28.0,,,48.0,,,34.0,,,35.0,,,,,,17.0,15.0,,28.0,34.0,,,33.0,,25.0,,,,,,
2025,609808,Alex Haley Elementary Academy,,,,,,46.0,,62.0,56.0,54.0,,56.0,45.0,66.0,,,36.0,,58.0,61.0,56.0,58.0,53.0,66.0,54.0,56.0,,56.0,61.0,69.0,59.0,51.0,33.0,53.0,45.0,50.0,,60.0,53.0,55.0,37.0,,52.0,49.0,54.0,58.0,48.0
2025,609809,Lorenz Brentano Math & Science Academy ES,,,,,,57.0,,70.0,67.0,63.0,,68.0,49.0,58.0,,,51.0,,71.0,71.0,64.0,72.0,63.0,76.0,70.0,51.0,,59.0,64.0,71.0,65.0,50.0,59.0,72.0,64.0,66.0,,44.0,65.0,64.0,61.0,,82.0,61.0,70.0,68.0,64.0
2025,609810,Norman A Bridge Elementary School,,,,,,77.0,,63.0,72.0,72.0,,69.0,58.0,57.0,,,50.0,,78.0,51.0,67.0,72.0,67.0,70.0,67.0,51.0,,70.0,78.0,84.0,75.0,53.0,55.0,77.0,56.0,57.0,,52.0,59.0,82.0,65.0,,76.0,69.0,78.0,62.0,72.0
2025,609811,Orville T Bright Elementary School,,,,,,,,,,,,,47.0,65.0,,,39.0,,,45.0,,,61.0,,,44.0,,,,,,47.0,40.0,,51.0,40.0,,,44.0,,54.0,,,,,,
2025,609812,William H Brown STEM Magnet Elementary School,,,,,,47.0,,53.0,45.0,48.0,,41.0,64.0,66.0,,,45.0,,48.0,60.0,45.0,49.0,74.0,53.0,45.0,60.0,,41.0,46.0,57.0,68.0,55.0,49.0,37.0,65.0,66.0,,53.0,55.0,47.0,46.0,,44.0,49.0,48.0,34.0,39.0
2025,609813,Charles S Brownell Elementary School,,,,,,,,48.0,42.0,36.0,,42.0,46.0,71.0,,,22.0,,67.0,50.0,40.0,39.0,60.0,51.0,,43.0,,64.0,41.0,,25.0,41.0,40.0,26.0,58.0,57.0,,24.0,56.0,,64.0,,42.0,36.0,26.0,22.0,61.0
2025,609815,Edward A Bouchet Math & Science Academy ES,,,,,,37.0,,65.0,55.0,51.0,,52.0,54.0,85.0,,,39.0,,57.0,52.0,61.0,51.0,81.0,61.0,47.0,58.0,,59.0,64.0,46.0,64.0,54.0,44.0,45.0,51.0,46.0,,58.0,43.0,30.0,46.0,,44.0,48.0,46.0,45.0,49.0
2025,609817,Lyman A Budlong Elementary School,,,,,,67.0,,68.0,59.0,56.0,,52.0,57.0,56.0,,,51.0,,60.0,52.0,55.0,66.0,57.0,65.0,61.0,48.0,,54.0,61.0,73.0,45.0,47.0,47.0,53.0,60.0,57.0,,53.0,62.0,51.0,61.0,,56.0,65.0,73.0,44.0,59.0
2025,609818,Luther Burbank Elementary School,,,,,,62.0,,65.0,67.0,62.0,,69.0,59.0,77.0,,,49.0,,69.0,63.0,76.0,66.0,71.0,76.0,62.0,53.0,,63.0,72.0,74.0,72.0,53.0,48.0,67.0,62.0,58.0,,73.0,67.0,62.0,57.0,,70.0,65.0,60.0,67.0,69.0
2025,609819,Edmond Burke Elementary School,,,,,,22.0,,52.0,43.0,41.0,,47.0,57.0,48.0,,,39.0,,56.0,46.0,52.0,42.0,47.0,54.0,34.0,39.0,,50.0,59.0,31.0,49.0,53.0,22.0,30.0,46.0,33.0,,38.0,43.0,19.0,33.0,,45.0,27.0,37.0,41.0,35.0
2025,609820,Augustus H Burley Elementary School,,,,,,72.0,,42.0,42.0,45.0,,39.0,67.0,42.0,,,75.0,,35.0,62.0,23.0,64.0,57.0,56.0,68.0,72.0,,40.0,39.0,60.0,42.0,67.0,77.0,46.0,68.0,87.0,,41.0,73.0,71.0,64.0,,56.0,63.0,67.0,35.0,36.0
2025,609821,Burnham Elementary Inclusive Academy,,,,,,50.0,,61.0,54.0,42.0,,54.0,48.0,44.0,,,30.0,,51.0,49.0,58.0,54.0,51.0,61.0,53.0,45.0,,51.0,60.0,66.0,67.0,43.0,27.0,41.0,35.0,35.0,,45.0,30.0,55.0,43.0,,57.0,46.0,47.0,50.0,65.0
2025,609827,Burnside Elementary Scholastic Academy,,,,,,68.0,,79.0,74.0,67.0,,74.0,54.0,62.0,,,26.0,,71.0,68.0,80.0,69.0,61.0,79.0,59.0,60.0,,70.0,74.0,71.0,69.0,53.0,35.0,78.0,45.0,44.0,,68.0,45.0,46.0,32.0,,77.0,71.0,69.0,70.0,72.0
2025,609828,Jonathan Burr Elementary School,,,,,,58.0,,75.0,77.0,84.0,,75.0,54.0,49.0,,,57.0,,77.0,63.0,76.0,76.0,50.0,78.0,71.0,63.0,,61.0,77.0,61.0,86.0,51.0,62.0,71.0,59.0,74.0,,77.0,65.0,69.0,58.0,,91.0,79.0,78.0,70.0,80.0
2025,609829,John C Burroughs Elementary School,,,,,,64.0,,56.0,52.0,50.0,,54.0,39.0,65.0,,,45.0,,55.0,66.0,63.0,54.0,57.0,56.0,55.0,38.0,,58.0,63.0,65.0,47.0,38.0,48.0,54.0,50.0,60.0,,47.0,55.0,50.0,58.0,,42.0,67.0,52.0,52.0,38.0
2025,609830,Milton Brunson Math & Science Specialty ES,,,,,,45.0,,65.0,59.0,47.0,,59.0,46.0,64.0,,,23.0,,49.0,44.0,63.0,59.0,53.0,61.0,58.0,48.0,,65.0,64.0,47.0,46.0,31.0,29.0,55.0,35.0,39.0,,59.0,27.0,38.0,31.0,,48.0,51.0,58.0,60.0,62.0
2025,609832,Michael M Byrne Elementary School,,,,,,60.0,,73.0,66.0,61.0,,53.0,67.0,59.0,,,57.0,,64.0,53.0,54.0,63.0,54.0,66.0,62.0,46.0,,55.0,62.0,64.0,78.0,49.0,53.0,64.0,51.0,62.0,,58.0,65.0,59.0,46.0,,59.0,64.0,60.0,44.0,69.0
2025,609833,Daisy Bates Academy of Social Justice,,,,,,53.0,,43.0,49.0,54.0,,53.0,55.0,72.0,,,40.0,,61.0,64.0,48.0,43.0,61.0,49.0,33.0,55.0,,48.0,51.0,45.0,41.0,60.0,51.0,48.0,54.0,59.0,,49.0,63.0,38.0,35.0,,69.0,67.0,46.0,48.0,51.0
2025,609834,Little Village Elementary School,,,,,,57.0,,61.0,56.0,52.0,,54.0,50.0,51.0,,,45.0,,56.0,61.0,51.0,51.0,48.0,63.0,38.0,42.0,,49.0,60.0,50.0,49.0,40.0,50.0,56.0,61.0,58.0,,44.0,66.0,49.0,59.0,,59.0,68.0,51.0,58.0,49.0
2025,609835,Daniel R Cameron Elementary School,,,,,,35.0,,44.0,35.0,39.0,,23.0,39.0,60.0,,,34.0,,39.0,52.0,23.0,28.0,56.0,31.0,24.0,20.0,,27.0,26.0,35.0,33.0,35.0,34.0,14.0,50.0,39.0,,33.0,42.0,26.0,45.0,,23.0,15.0,28.0,18.0,51.0
2025,609836,Arthur E Canty Elementary School,,,,,,57.0,,51.0,56.0,54.0,,59.0,59.0,43.0,,,48.0,,52.0,49.0,60.0,60.0,43.0,61.0,62.0,50.0,,57.0,68.0,59.0,61.0,40.0,51.0,59.0,47.0,55.0,,48.0,58.0,58.0,52.0,,69.0,64.0,57.0,49.0,47.0
2025,609837,Andrew Carnegie Elementary School,,,,,,52.0,,37.0,50.0,51.0,,59.0,45.0,55.0,,,40.0,,58.0,58.0,59.0,52.0,53.0,63.0,44.0,45.0,,65.0,62.0,54.0,51.0,45.0,38.0,52.0,46.0,50.0,,45.0,39.0,46.0,43.0,,61.0,55.0,48.0,49.0,47.0
2025,609839,Carroll-Rosenwald Specialty Elementary School,,,,,,55.0,,58.0,65.0,66.0,,66.0,87.0,99.0,,,82.0,,80.0,71.0,74.0,71.0,86.0,75.0,63.0,88.0,,67.0,72.0,62.0,59.0,81.0,81.0,57.0,76.0,93.0,,70.0,80.0,55.0,75.0,,57.0,66.0,74.0,66.0,73.0
2025,609842,Rachel Carson Elementary School,,,,,,60.0,,54.0,50.0,55.0,,46.0,49.0,61.0,,,31.0,,61.0,56.0,48.0,55.0,62.0,51.0,58.0,31.0,,49.0,51.0,72.0,51.0,47.0,42.0,42.0,49.0,49.0,,46.0,58.0,60.0,53.0,,45.0,59.0,57.0,40.0,49.0
2025,609844,William W Carter Elementary School,,,,,,24.0,,58.0,51.0,42.0,,46.0,42.0,43.0,,,28.0,,62.0,37.0,56.0,33.0,34.0,32.0,31.0,40.0,,52.0,67.0,31.0,50.0,32.0,24.0,29.0,36.0,35.0,,44.0,29.0,22.0,24.0,,36.0,34.0,36.0,41.0,58.0
2025,609845,George Washington Carver Primary School,,,,,,45.0,,54.0,62.0,66.0,,63.0,43.0,64.0,,,26.0,,64.0,53.0,72.0,58.0,60.0,76.0,46.0,55.0,,60.0,72.0,62.0,60.0,45.0,27.0,51.0,39.0,27.0,,69.0,35.0,39.0,37.0,,48.0,40.0,53.0,70.0,65.0
2025,609848,Ira F Aldridge Elementary School,,,,,,33.0,,18.0,33.0,31.0,,44.0,49.0,57.0,,,34.0,,44.0,63.0,46.0,37.0,46.0,53.0,21.0,42.0,,46.0,46.0,22.0,36.0,42.0,28.0,31.0,51.0,53.0,,28.0,49.0,20.0,33.0,,40.0,41.0,36.0,42.0,37.0
2025,609849,George F Cassell Elementary School,,,,,,77.0,,75.0,85.0,87.0,,94.0,84.0,99.0,,,78.0,,85.0,82.0,95.0,87.0,66.0,85.0,87.0,86.0,,99.0,90.0,78.0,73.0,76.0,97.0,93.0,89.0,99.0,,57.0,99.0,82.0,82.0,,97.0,93.0,90.0,84.0,81.0
2025,609850,Horace Greeley Elementary School,,,,,,33.0,,47.0,41.0,32.0,,45.0,48.0,49.0,,,49.0,,45.0,33.0,36.0,47.0,53.0,53.0,48.0,45.0,,34.0,38.0,36.0,38.0,40.0,40.0,35.0,50.0,47.0,,41.0,52.0,39.0,40.0,,62.0,28.0,41.0,47.0,52.0
2025,609851,Thomas Chalmers STEAM Elementary School,,,,,,46.0,,49.0,52.0,64.0,,47.0,65.0,79.0,,,58.0,,71.0,47.0,54.0,57.0,74.0,56.0,49.0,62.0,,59.0,53.0,61.0,40.0,56.0,50.0,36.0,70.0,55.0,,30.0,55.0,37.0,56.0,,38.0,52.0,66.0,36.0,58.0
2025,609852,Eliza Chappell Elementary School,,,,,,64.0,,86.0,56.0,39.0,,47.0,58.0,62.0,,,63.0,,49.0,47.0,43.0,68.0,55.0,66.0,71.0,60.0,,44.0,49.0,60.0,50.0,43.0,65.0,59.0,65.0,76.0,,43.0,69.0,61.0,59.0,,64.0,68.0,68.0,36.0,47.0
2025,609853,Salmon P Chase Elementary School,,,,,,74.0,,53.0,59.0,60.0,,56.0,53.0,55.0,,,49.0,,67.0,62.0,55.0,61.0,54.0,66.0,56.0,33.0,,54.0,63.0,65.0,55.0,42.0,51.0,58.0,58.0,59.0,,41.0,66.0,50.0,45.0,,57.0,72.0,60.0,57.0,62.0
2025,609854,Frederic Chopin Elementary School,,,,,,59.0,,61.0,56.0,53.0,,55.0,51.0,60.0,,,39.0,,55.0,52.0,48.0,56.0,57.0,49.0,56.0,37.0,,51.0,58.0,68.0,60.0,44.0,38.0,60.0,41.0,42.0,,46.0,38.0,62.0,34.0,,63.0,55.0,62.0,59.0,46.0
2025,609855,Walter S Christopher Elementary School,,,,,,,,,,,,,52.0,53.0,,,35.0,,,56.0,,,34.0,,,39.0,,,,,,43.0,40.0,,54.0,54.0,,,61.0,,49.0,,,,,,
2025,609856,Henry Clay Elementary School,,,,,,40.0,,50.0,43.0,28.0,,45.0,42.0,55.0,,,43.0,,27.0,52.0,48.0,38.0,61.0,52.0,24.0,33.0,,45.0,52.0,50.0,45.0,40.0,35.0,46.0,42.0,45.0,,28.0,39.0,47.0,35.0,,39.0,43.0,38.0,49.0,41.0
2025,609857,Grover Cleveland Elementary School,,,,,,56.0,,49.0,52.0,52.0,,54.0,58.0,47.0,,,46.0,,53.0,39.0,54.0,62.0,48.0,66.0,59.0,49.0,,49.0,57.0,65.0,56.0,61.0,51.0,61.0,58.0,62.0,,36.0,67.0,51.0,56.0,,59.0,71.0,60.0,53.0,42.0
2025,609859,DeWitt Clinton Elementary School,,,,,,56.0,,77.0,74.0,67.0,,76.0,66.0,57.0,,,51.0,,84.0,52.0,79.0,70.0,45.0,78.0,61.0,45.0,,70.0,81.0,74.0,79.0,61.0,47.0,71.0,59.0,60.0,,64.0,66.0,59.0,55.0,,84.0,61.0,71.0,72.0,72.0
2025,609861,Henry R Clissold Elementary School,,,,,,,,,,,,,33.0,44.0,,,48.0,,,28.0,,,27.0,,,54.0,,,,,,47.0,30.0,,27.0,43.0,,,33.0,,26.0,,,,,,
2025,609862,Edward Coles Elementary Language Academy,,,,,,58.0,,63.0,60.0,57.0,,62.0,50.0,54.0,,,41.0,,63.0,44.0,68.0,43.0,49.0,61.0,25.0,39.0,,60.0,69.0,61.0,69.0,44.0,28.0,57.0,37.0,37.0,,53.0,35.0,42.0,35.0,,60.0,49.0,43.0,60.0,55.0
2025,609863,Ruth Bader Ginsburg Elementary School,,,,,,35.0,,49.0,49.0,59.0,,40.0,47.0,57.0,,,35.0,,62.0,51.0,39.0,56.0,35.0,44.0,64.0,41.0,,46.0,39.0,48.0,50.0,38.0,43.0,29.0,38.0,39.0,,49.0,42.0,55.0,20.0,,49.0,47.0,59.0,25.0,69.0
2025,609864,John W Cook Elementary School,,,,,,,,,,,,,53.0,48.0,,,34.0,,,54.0,,,61.0,,,40.0,,,,,,50.0,30.0,,46.0,44.0,,,41.0,,41.0,,,,,,
2025,609865,Jordan Elementary Community School,,,,,,67.0,,73.0,66.0,61.0,,71.0,67.0,60.0,,,40.0,,70.0,59.0,73.0,69.0,62.0,76.0,63.0,51.0,,67.0,74.0,64.0,82.0,36.0,40.0,64.0,55.0,64.0,,79.0,67.0,76.0,54.0,,82.0,64.0,68.0,63.0,59.0
2025,609866,John C Coonley Elementary School,,,,,,50.0,,54.0,51.0,48.0,,46.0,58.0,46.0,,,74.0,,46.0,52.0,45.0,64.0,50.0,62.0,69.0,74.0,,44.0,52.0,48.0,55.0,56.0,69.0,51.0,64.0,73.0,,45.0,60.0,59.0,63.0,,54.0,60.0,60.0,40.0,52.0
2025,609867,Peter Cooper Elementary Dual Language Academy,,,,,,62.0,,35.0,45.0,50.0,,40.0,46.0,53.0,,,42.0,,45.0,50.0,43.0,48.0,48.0,45.0,44.0,34.0,,41.0,43.0,59.0,47.0,37.0,48.0,46.0,55.0,51.0,,31.0,50.0,57.0,54.0,,43.0,55.0,56.0,32.0,50.0
2025,609869,Anna R. Langford Community Academy,,,,,,56.0,,62.0,59.0,59.0,,64.0,68.0,96.0,,,48.0,,66.0,77.0,75.0,53.0,92.0,70.0,32.0,60.0,,64.0,64.0,58.0,61.0,72.0,46.0,55.0,72.0,60.0,,56.0,50.0,37.0,67.0,,46.0,59.0,56.0,71.0,55.0
2025,609870,Daniel J Corkery Elementary School,,,,,,43.0,,59.0,59.0,52.0,,66.0,25.0,43.0,,,28.0,,62.0,41.0,67.0,53.0,38.0,64.0,47.0,26.0,,66.0,68.0,56.0,67.0,24.0,33.0,56.0,40.0,46.0,,54.0,36.0,49.0,39.0,,70.0,46.0,48.0,60.0,62.0
2025,609871,Barbara Vick Early Childhood & Family Center,,,,,,,,38.0,54.0,57.0,,69.0,,,,,,,58.0,,59.0,71.0,,72.0,71.0,,,68.0,59.0,,50.0,,,72.0,,,,38.0,,,,,86.0,86.0,69.0,61.0,45.0
2025,609872,Manuel Perez Elementary School,,,,,,65.0,,57.0,50.0,50.0,,45.0,65.0,80.0,,,52.0,,47.0,60.0,48.0,52.0,59.0,43.0,57.0,61.0,,36.0,54.0,52.0,57.0,59.0,61.0,43.0,70.0,75.0,,35.0,69.0,56.0,69.0,,55.0,71.0,57.0,40.0,44.0
2025,609873,Crown Community Academy of Fine Arts Center ES,,,,,,63.0,,10.0,21.0,19.0,,42.0,54.0,62.0,,,52.0,,18.0,84.0,56.0,28.0,53.0,39.0,20.0,71.0,,44.0,41.0,50.0,29.0,62.0,41.0,21.0,50.0,52.0,,40.0,34.0,47.0,47.0,,52.0,72.0,24.0,16.0,15.0
2025,609874,Everett McKinley Dirksen Elementary School,,,,,,,,,,,,,55.0,50.0,,,43.0,,,48.0,,,46.0,,,53.0,,,,,,56.0,48.0,,51.0,58.0,,,64.0,,47.0,,,,,,
2025,609875,Charles R Darwin Elementary School,,,,,,47.0,,78.0,67.0,59.0,,67.0,49.0,57.0,,,42.0,,67.0,46.0,77.0,65.0,57.0,74.0,62.0,31.0,,73.0,68.0,56.0,77.0,41.0,47.0,60.0,50.0,43.0,,70.0,54.0,44.0,48.0,,60.0,51.0,60.0,59.0,72.0
2025,609876,Nathan S Davis Elementary School,,,,,,31.0,,36.0,38.0,29.0,,36.0,31.0,45.0,,,34.0,,42.0,48.0,40.0,44.0,44.0,48.0,44.0,17.0,,39.0,45.0,36.0,41.0,33.0,34.0,36.0,39.0,40.0,,37.0,45.0,31.0,29.0,,37.0,36.0,40.0,27.0,44.0
2025,609879,Charles Gates Dawes Elementary School,,,,,,50.0,,65.0,54.0,48.0,,47.0,38.0,50.0,,,39.0,,48.0,30.0,52.0,52.0,39.0,55.0,52.0,34.0,,56.0,59.0,59.0,52.0,36.0,47.0,50.0,42.0,53.0,,52.0,59.0,49.0,44.0,,37.0,46.0,49.0,42.0,48.0
2025,609880,Stephen Decatur Classical Elementary School,,,,,,84.0,,89.0,87.0,94.0,,90.0,81.0,88.0,,,78.0,,94.0,98.0,91.0,98.0,90.0,99.0,99.0,75.0,,99.0,88.0,92.0,99.0,71.0,93.0,73.0,87.0,99.0,,71.0,82.0,99.0,81.0,,92.0,77.0,97.0,76.0,91.0
2025,609883,Charles S Deneen Elementary School,,,,,,56.0,,70.0,58.0,51.0,,56.0,60.0,82.0,,,46.0,,51.0,61.0,61.0,55.0,71.0,67.0,48.0,60.0,,56.0,64.0,60.0,63.0,48.0,50.0,50.0,58.0,51.0,,65.0,50.0,40.0,57.0,,51.0,56.0,51.0,57.0,55.0
2025,609884,William E Dever Elementary School,,,,,,50.0,,62.0,57.0,45.0,,62.0,46.0,50.0,,,43.0,,49.0,63.0,63.0,51.0,47.0,51.0,49.0,38.0,,34.0,64.0,48.0,57.0,42.0,42.0,55.0,45.0,41.0,,55.0,41.0,58.0,46.0,,81.0,47.0,53.0,69.0,58.0
2025,609885,Dewey Elementary Academy of Fine Arts,,,,,,64.0,,65.0,68.0,76.0,,73.0,18.0,75.0,,,25.0,,77.0,56.0,73.0,65.0,68.0,62.0,63.0,51.0,,89.0,79.0,71.0,62.0,40.0,35.0,59.0,41.0,53.0,,64.0,29.0,52.0,28.0,,75.0,68.0,70.0,54.0,62.0
2025,609887,Arthur Dixon Elementary School,,,,,,53.0,,64.0,65.0,62.0,,62.0,61.0,65.0,,,43.0,,59.0,53.0,68.0,64.0,86.0,64.0,62.0,66.0,,68.0,75.0,84.0,62.0,54.0,49.0,66.0,56.0,58.0,,55.0,53.0,57.0,55.0,,56.0,55.0,65.0,55.0,60.0
2025,609891,James R Doolittle Jr Elementary School,,,,,,24.0,,60.0,47.0,31.0,,57.0,64.0,69.0,,,44.0,,29.0,63.0,57.0,26.0,71.0,44.0,16.0,53.0,,48.0,60.0,46.0,54.0,59.0,43.0,39.0,68.0,50.0,,37.0,55.0,28.0,44.0,,61.0,32.0,17.0,60.0,45.0
2025,609893,John C Dore Elementary School,,,,,,67.0,,53.0,59.0,53.0,,63.0,56.0,49.0,,,49.0,,57.0,61.0,63.0,57.0,52.0,62.0,56.0,50.0,,61.0,64.0,67.0,55.0,49.0,49.0,65.0,51.0,54.0,,60.0,59.0,62.0,49.0,,68.0,64.0,52.0,59.0,60.0
2025,609894,John B Drake Elementary School,,,,,,52.0,,54.0,63.0,71.0,,70.0,53.0,74.0,,,34.0,,69.0,59.0,69.0,60.0,60.0,82.0,41.0,53.0,,74.0,71.0,66.0,75.0,59.0,43.0,61.0,67.0,58.0,,66.0,56.0,45.0,56.0,,68.0,58.0,58.0,68.0,60.0
2025,609895,Turner-Drew Elementary Language Academy,,,,,,92.0,,73.0,89.0,99.0,,85.0,59.0,56.0,,,42.0,,90.0,58.0,87.0,84.0,58.0,86.0,80.0,68.0,,90.0,90.0,82.0,69.0,59.0,49.0,89.0,63.0,85.0,,60.0,71.0,59.0,61.0,,86.0,88.0,85.0,75.0,92.0
2025,609896,Thomas Drummond Elementary School,,,,,,63.0,,55.0,62.0,54.0,,65.0,70.0,42.0,,,55.0,,65.0,63.0,58.0,76.0,54.0,72.0,75.0,72.0,,70.0,68.0,67.0,55.0,53.0,73.0,63.0,69.0,82.0,,43.0,81.0,71.0,67.0,,78.0,62.0,80.0,52.0,71.0
2025,609897,Charles W Earle Elementary School,,,,,,64.0,,80.0,76.0,78.0,,70.0,62.0,71.0,,,50.0,,78.0,63.0,75.0,77.0,66.0,73.0,74.0,58.0,,84.0,73.0,76.0,79.0,55.0,45.0,66.0,56.0,59.0,,81.0,54.0,57.0,56.0,,55.0,85.0,85.0,66.0,82.0
2025,609898,John F Eberhart Elementary School,,,,,,51.0,,46.0,49.0,38.0,,54.0,42.0,46.0,,,34.0,,44.0,55.0,55.0,51.0,53.0,62.0,45.0,31.0,,52.0,65.0,45.0,41.0,28.0,40.0,53.0,37.0,42.0,,55.0,43.0,47.0,46.0,,57.0,52.0,45.0,50.0,43.0
2025,609899,Christian Ebinger Elementary School,,,,,,54.0,,73.0,58.0,47.0,,54.0,64.0,46.0,,,62.0,,52.0,61.0,60.0,62.0,42.0,67.0,61.0,62.0,,51.0,55.0,59.0,56.0,65.0,63.0,56.0,59.0,71.0,,36.0,66.0,55.0,62.0,,55.0,52.0,58.0,51.0,59.0
2025,609900,George W Curtis Elementary School,,,,,,42.0,,48.0,50.0,44.0,,54.0,45.0,75.0,,,30.0,,52.0,53.0,60.0,32.0,74.0,40.0,21.0,36.0,,54.0,62.0,54.0,42.0,45.0,42.0,41.0,42.0,52.0,,34.0,48.0,28.0,39.0,,52.0,45.0,35.0,48.0,55.0
2025,609901,Edgebrook Elementary School,,,,,,67.0,,59.0,55.0,60.0,,54.0,51.0,48.0,,,70.0,,57.0,62.0,55.0,70.0,59.0,66.0,74.0,61.0,,61.0,57.0,68.0,53.0,52.0,63.0,52.0,60.0,81.0,,49.0,68.0,72.0,57.0,,62.0,71.0,69.0,37.0,46.0
2025,609902,Ralph H Metcalfe Elementary Community Academy,,,,,,39.0,,45.0,50.0,47.0,,61.0,74.0,99.0,,,61.0,,39.0,70.0,73.0,58.0,99.0,71.0,42.0,60.0,,61.0,63.0,47.0,52.0,79.0,57.0,48.0,73.0,54.0,,46.0,56.0,43.0,49.0,,51.0,40.0,60.0,57.0,49.0
2025,609903,Richard Edwards Elementary School,,,,,,57.0,,50.0,47.0,46.0,,44.0,50.0,51.0,,,42.0,,52.0,55.0,48.0,52.0,47.0,52.0,53.0,36.0,,39.0,40.0,57.0,53.0,39.0,46.0,56.0,49.0,50.0,,35.0,52.0,45.0,50.0,,45.0,62.0,50.0,43.0,45.0
2025,609904,Edward K Ellington Elementary School,,,,,,21.0,,65.0,56.0,50.0,,55.0,44.0,57.0,,,34.0,,58.0,69.0,64.0,46.0,53.0,57.0,40.0,48.0,,55.0,58.0,47.0,58.0,45.0,25.0,43.0,42.0,32.0,,61.0,41.0,31.0,36.0,,49.0,30.0,41.0,53.0,64.0
2025,609907,Leif Ericson Elementary Scholastic Academy,,,,,,50.0,,48.0,40.0,35.0,,37.0,56.0,71.0,,,36.0,,43.0,57.0,43.0,42.0,77.0,38.0,34.0,70.0,,40.0,38.0,68.0,31.0,58.0,27.0,40.0,41.0,53.0,,37.0,40.0,,40.0,,42.0,52.0,55.0,22.0,40.0
2025,609908,Esmond Elementary School,,,,,,69.0,,99.0,65.0,49.0,,63.0,30.0,46.0,,,26.0,,59.0,38.0,65.0,78.0,47.0,81.0,76.0,51.0,,72.0,70.0,86.0,94.0,41.0,29.0,55.0,31.0,40.0,,71.0,26.0,67.0,18.0,,66.0,61.0,76.0,49.0,50.0
2025,609909,Edward Everett Elementary School,,,,,,99.0,,93.0,85.0,93.0,,81.0,,99.0,,,,,91.0,,91.0,75.0,99.0,64.0,70.0,,,99.0,99.0,99.0,91.0,76.0,84.0,56.0,71.0,,,84.0,99.0,92.0,87.0,,76.0,99.0,91.0,58.0,82.0
2025,609910,Laughlin Falconer Elementary School,,,,,,70.0,,67.0,66.0,73.0,,60.0,64.0,65.0,,,46.0,,72.0,44.0,64.0,59.0,59.0,55.0,60.0,50.0,,64.0,65.0,75.0,73.0,69.0,54.0,61.0,63.0,60.0,,47.0,72.0,66.0,67.0,,53.0,78.0,63.0,58.0,66.0
2025,609912,James B Farnsworth Elementary School,,,,,,,,,,,,,55.0,50.0,,,50.0,,,51.0,,,63.0,,,51.0,,,,,,52.0,54.0,,57.0,62.0,,,62.0,,54.0,,,,,,
2025,609917,Fernwood Elementary School,,,,,,50.0,,43.0,43.0,43.0,,42.0,59.0,86.0,,,55.0,,31.0,64.0,47.0,46.0,71.0,36.0,55.0,52.0,,56.0,52.0,43.0,31.0,35.0,57.0,32.0,48.0,52.0,,31.0,43.0,30.0,43.0,,32.0,69.0,48.0,33.0,45.0
2025,609918,Eugene Field Elementary School,,,,,,39.0,,37.0,61.0,62.0,,58.0,73.0,67.0,,,28.0,,89.0,45.0,75.0,59.0,50.0,64.0,50.0,41.0,,76.0,77.0,47.0,41.0,52.0,42.0,41.0,43.0,65.0,,45.0,59.0,40.0,41.0,,37.0,62.0,63.0,45.0,89.0
2025,609919,John Fiske Elementary School,,,,,,40.0,,41.0,37.0,34.0,,45.0,56.0,49.0,,,34.0,,37.0,60.0,48.0,49.0,54.0,47.0,49.0,58.0,,48.0,39.0,49.0,43.0,49.0,28.0,31.0,42.0,41.0,,33.0,37.0,34.0,38.0,,39.0,32.0,52.0,46.0,42.0
2025,609920,Gerald Delgado Kanoon Elementary Magnet School,,,,,,83.0,,64.0,71.0,64.0,,70.0,37.0,48.0,,,30.0,,70.0,40.0,70.0,79.0,40.0,74.0,75.0,25.0,,73.0,87.0,91.0,68.0,28.0,41.0,66.0,51.0,49.0,,56.0,57.0,84.0,54.0,,80.0,69.0,87.0,57.0,74.0
2025,609921,Telpochcalli Elementary School,,,,,,62.0,,77.0,73.0,70.0,,70.0,52.0,63.0,,,37.0,,77.0,61.0,73.0,70.0,52.0,63.0,63.0,47.0,,67.0,68.0,82.0,51.0,30.0,54.0,79.0,69.0,59.0,,49.0,67.0,57.0,68.0,,73.0,76.0,85.0,67.0,72.0
2025,609922,Belmont-Cragin Elementary School,,,,,,39.0,,52.0,55.0,55.0,,52.0,47.0,56.0,,,38.0,,59.0,57.0,51.0,54.0,44.0,59.0,52.0,35.0,,49.0,50.0,28.0,48.0,39.0,48.0,58.0,56.0,59.0,,49.0,52.0,32.0,47.0,,54.0,54.0,52.0,55.0,62.0
2025,609924,Fort Dearborn Elementary School,,,,,,54.0,,57.0,50.0,45.0,,52.0,43.0,64.0,,,26.0,,45.0,52.0,55.0,50.0,54.0,52.0,42.0,46.0,,55.0,66.0,74.0,64.0,45.0,19.0,43.0,38.0,27.0,,46.0,32.0,38.0,27.0,,43.0,53.0,56.0,53.0,39.0
2025,609925,Joseph Kellman Corporate Community ES,,,,,,53.0,,38.0,34.0,28.0,,35.0,52.0,51.0,,,21.0,,39.0,52.0,38.0,44.0,57.0,44.0,43.0,30.0,,33.0,33.0,61.0,34.0,55.0,23.0,34.0,41.0,40.0,,19.0,49.0,26.0,27.0,,36.0,58.0,46.0,33.0,39.0
2025,609926,Franklin Elementary Fine Arts Center,,,,,,45.0,,48.0,48.0,37.0,,42.0,62.0,54.0,,,47.0,,47.0,73.0,40.0,59.0,71.0,61.0,54.0,64.0,,41.0,43.0,55.0,49.0,42.0,50.0,51.0,55.0,55.0,,46.0,46.0,50.0,39.0,,50.0,47.0,61.0,38.0,60.0
2025,609927,Foster Park Elementary School,,,,,,43.0,,60.0,54.0,50.0,,56.0,65.0,59.0,,,50.0,,46.0,56.0,64.0,53.0,48.0,62.0,45.0,58.0,,53.0,64.0,53.0,65.0,45.0,39.0,53.0,52.0,37.0,,49.0,46.0,41.0,52.0,,51.0,48.0,51.0,54.0,43.0
2025,609928,James Farmer Jr Elementary School,,,,,,39.0,,54.0,35.0,32.0,,44.0,37.0,58.0,,,35.0,,33.0,43.0,41.0,31.0,51.0,45.0,25.0,33.0,,47.0,39.0,33.0,33.0,32.0,23.0,25.0,33.0,36.0,,38.0,27.0,29.0,17.0,,40.0,35.0,22.0,47.0,25.0
2025,609929,Robert Fulton Elementary School,,,,,,61.0,,46.0,43.0,37.0,,36.0,42.0,38.0,,,34.0,,49.0,46.0,34.0,49.0,30.0,52.0,48.0,28.0,,34.0,39.0,50.0,43.0,37.0,31.0,38.0,42.0,45.0,,40.0,38.0,35.0,31.0,,47.0,60.0,47.0,30.0,53.0
2025,609930,Frederick Funston Elementary School,,,,,,32.0,,51.0,50.0,44.0,,54.0,39.0,51.0,,,34.0,,54.0,49.0,51.0,65.0,46.0,73.0,67.0,27.0,,54.0,56.0,47.0,51.0,31.0,33.0,48.0,41.0,59.0,,43.0,45.0,35.0,33.0,,55.0,56.0,55.0,54.0,53.0
2025,609933,Stephen F Gale Elementary Community Academy,,,,,,24.0,,33.0,32.0,29.0,,31.0,48.0,53.0,,,37.0,,40.0,42.0,23.0,35.0,42.0,38.0,41.0,27.0,,35.0,27.0,30.0,32.0,47.0,36.0,27.0,38.0,57.0,,29.0,42.0,23.0,27.0,,39.0,33.0,26.0,27.0,43.0
2025,609935,Matthew Gallistel Elementary Language Academy,,,,,,56.0,,39.0,56.0,60.0,,60.0,49.0,59.0,,,44.0,,54.0,57.0,65.0,49.0,65.0,59.0,40.0,43.0,,60.0,58.0,53.0,42.0,45.0,48.0,63.0,54.0,44.0,,70.0,54.0,48.0,54.0,,54.0,60.0,49.0,61.0,58.0
2025,609937,John W Garvy Elementary School,,,,,,65.0,,73.0,60.0,50.0,,60.0,66.0,52.0,,,56.0,,50.0,63.0,61.0,62.0,57.0,63.0,59.0,59.0,,59.0,59.0,58.0,55.0,61.0,56.0,65.0,53.0,58.0,,58.0,60.0,66.0,56.0,,64.0,65.0,63.0,56.0,51.0
2025,609938,Joseph E Gary Elementary School,,,,,,54.0,,55.0,48.0,50.0,,40.0,46.0,61.0,,,40.0,,47.0,47.0,45.0,53.0,43.0,55.0,54.0,30.0,,39.0,43.0,50.0,49.0,37.0,44.0,41.0,48.0,46.0,,55.0,53.0,52.0,53.0,,38.0,58.0,51.0,37.0,49.0
2025,609939,Frank L Gillespie Elementary School,,,,,,41.0,,35.0,40.0,40.0,,40.0,91.0,81.0,,,56.0,,59.0,80.0,51.0,40.0,99.0,50.0,31.0,97.0,,39.0,37.0,48.0,51.0,98.0,98.0,27.0,99.0,91.0,,46.0,92.0,28.0,93.0,,41.0,42.0,40.0,30.0,63.0
2025,609941,Asa Philip Randolph Elementary School,,,,,,48.0,,63.0,69.0,63.0,,69.0,46.0,57.0,,,38.0,,66.0,25.0,72.0,52.0,45.0,61.0,42.0,38.0,,73.0,87.0,59.0,85.0,28.0,40.0,66.0,48.0,51.0,,70.0,42.0,50.0,45.0,,50.0,43.0,52.0,79.0,68.0
2025,609942,Johann W von Goethe Elementary School,,,,,,63.0,,69.0,67.0,52.0,,59.0,58.0,48.0,,,55.0,,60.0,57.0,54.0,67.0,44.0,67.0,61.0,49.0,,55.0,69.0,72.0,57.0,47.0,52.0,69.0,56.0,60.0,,48.0,57.0,67.0,57.0,,68.0,63.0,74.0,57.0,74.0
2025,609943,Jesse Owens Elementary Community Academy,,,,,,59.0,,78.0,71.0,63.0,,72.0,97.0,99.0,,,56.0,,81.0,84.0,81.0,78.0,99.0,86.0,76.0,93.0,,68.0,82.0,73.0,82.0,99.0,83.0,54.0,94.0,90.0,,66.0,99.0,69.0,83.0,,76.0,64.0,73.0,64.0,77.0
2025,609944,Virgil Grissom Elementary School,,,,,,51.0,,61.0,50.0,35.0,,56.0,40.0,60.0,,,48.0,,48.0,72.0,57.0,64.0,51.0,79.0,56.0,48.0,,54.0,55.0,51.0,53.0,37.0,47.0,56.0,44.0,52.0,,41.0,46.0,55.0,43.0,,65.0,61.0,58.0,49.0,45.0
2025,609945,William C. Goudy Technology Academy,,,,,,60.0,,75.0,66.0,63.0,,61.0,55.0,63.0,,,46.0,,69.0,72.0,56.0,61.0,61.0,62.0,53.0,38.0,,62.0,61.0,65.0,80.0,53.0,48.0,65.0,60.0,72.0,,53.0,64.0,73.0,53.0,,76.0,72.0,67.0,50.0,64.0
2025,609947,Alexander Graham Elementary School,,,,,,27.0,,38.0,33.0,21.0,,36.0,39.0,57.0,,,38.0,,35.0,43.0,44.0,37.0,52.0,39.0,39.0,54.0,,44.0,38.0,36.0,21.0,34.0,43.0,26.0,52.0,55.0,,35.0,52.0,36.0,47.0,,27.0,38.0,32.0,29.0,41.0
2025,609949,William P Gray Elementary School,,,,,,70.0,,76.0,73.0,72.0,,74.0,68.0,76.0,,,57.0,,71.0,66.0,73.0,71.0,65.0,78.0,61.0,44.0,,77.0,75.0,75.0,81.0,61.0,62.0,70.0,67.0,64.0,,70.0,77.0,64.0,62.0,,78.0,70.0,73.0,69.0,74.0
2025,609951,Ariel Elementary Community Academy,,,,,,43.0,,57.0,61.0,61.0,,59.0,55.0,56.0,,,36.0,,57.0,57.0,67.0,48.0,55.0,57.0,37.0,55.0,,55.0,67.0,47.0,52.0,55.0,39.0,66.0,44.0,39.0,,40.0,36.0,38.0,36.0,,54.0,56.0,49.0,61.0,54.0
2025,609952,Nathanael Greene Elementary School,,,,,,90.0,,74.0,77.0,74.0,,76.0,,75.0,,,,,70.0,,79.0,80.0,85.0,86.0,78.0,,,81.0,85.0,70.0,63.0,60.0,67.0,74.0,56.0,,,49.0,75.0,68.0,59.0,,87.0,89.0,77.0,58.0,76.0
2025,609954,John Milton Gregory Elementary School,,,,,,32.0,,20.0,34.0,28.0,,48.0,34.0,42.0,,,32.0,,26.0,46.0,46.0,26.0,30.0,34.0,16.0,28.0,,53.0,46.0,23.0,36.0,28.0,26.0,32.0,36.0,40.0,,39.0,36.0,16.0,32.0,,39.0,33.0,29.0,54.0,44.0
2025,609955,Walter Q Gresham Elementary School,,,,,,23.0,,71.0,64.0,59.0,,64.0,44.0,60.0,,,41.0,,72.0,51.0,77.0,49.0,50.0,70.0,35.0,43.0,,59.0,75.0,61.0,73.0,48.0,28.0,53.0,44.0,24.0,,62.0,28.0,43.0,32.0,,60.0,42.0,42.0,61.0,61.0
2025,609956,Robert L Grimes Elementary School,,,,,,62.0,,66.0,64.0,60.0,,59.0,54.0,45.0,,,59.0,,65.0,58.0,70.0,57.0,58.0,49.0,56.0,57.0,,59.0,74.0,64.0,63.0,37.0,57.0,60.0,57.0,67.0,,62.0,64.0,55.0,61.0,,46.0,66.0,66.0,60.0,58.0
2025,609958,Frank W Gunsaulus Elementary Scholastic Academy,,,,,,59.0,,50.0,54.0,57.0,,52.0,54.0,51.0,,,44.0,,58.0,67.0,48.0,67.0,58.0,68.0,69.0,33.0,,49.0,53.0,45.0,52.0,41.0,50.0,50.0,57.0,56.0,,55.0,60.0,55.0,56.0,,59.0,61.0,65.0,51.0,60.0
2025,609959,John Charles Haines Elementary School,,,,,,68.0,,54.0,56.0,52.0,,62.0,37.0,39.0,,,43.0,,47.0,50.0,56.0,50.0,51.0,51.0,51.0,22.0,,57.0,61.0,75.0,32.0,45.0,44.0,64.0,47.0,63.0,,46.0,57.0,74.0,48.0,,75.0,68.0,48.0,59.0,47.0
2025,609960,Nathan Hale Elementary School,,,,,,67.0,,66.0,61.0,57.0,,59.0,51.0,42.0,,,49.0,,60.0,55.0,68.0,52.0,56.0,58.0,50.0,48.0,,57.0,70.0,69.0,67.0,46.0,49.0,69.0,49.0,59.0,,68.0,52.0,58.0,53.0,,53.0,62.0,49.0,59.0,45.0
2025,609961,Ninos Heroes Elementary Academic Center,,,,,,27.0,,33.0,35.0,29.0,,37.0,27.0,50.0,,,31.0,,36.0,56.0,39.0,34.0,41.0,48.0,27.0,23.0,,41.0,40.0,29.0,47.0,24.0,23.0,30.0,29.0,46.0,,44.0,25.0,15.0,25.0,,34.0,42.0,27.0,33.0,41.0
2025,609963,Alexander Hamilton Elementary School,,,,,,62.0,,67.0,52.0,42.0,,41.0,67.0,39.0,,,67.0,,47.0,47.0,32.0,69.0,59.0,70.0,70.0,68.0,,52.0,46.0,55.0,46.0,58.0,77.0,55.0,73.0,82.0,,46.0,77.0,53.0,66.0,,43.0,71.0,66.0,35.0,49.0
2025,609964,John H Hamline Elementary School,,,,,,46.0,,63.0,51.0,41.0,,56.0,28.0,38.0,,,31.0,,40.0,45.0,59.0,53.0,40.0,66.0,46.0,18.0,,54.0,53.0,41.0,58.0,31.0,32.0,49.0,40.0,46.0,,64.0,42.0,34.0,36.0,,52.0,49.0,48.0,57.0,47.0
2025,609966,Charles G Hammond Elementary School,,,,,,62.0,,53.0,59.0,62.0,,58.0,36.0,48.0,,,30.0,,59.0,41.0,62.0,68.0,39.0,71.0,66.0,21.0,,58.0,61.0,71.0,53.0,28.0,37.0,56.0,41.0,54.0,,47.0,38.0,59.0,29.0,,57.0,62.0,68.0,55.0,63.0
2025,609967,William F Finkl Elementary School,,,,,,58.0,,37.0,42.0,30.0,,50.0,46.0,49.0,,,36.0,,30.0,59.0,46.0,53.0,41.0,55.0,48.0,39.0,,53.0,51.0,42.0,38.0,31.0,41.0,51.0,51.0,56.0,,43.0,62.0,48.0,44.0,,48.0,71.0,57.0,52.0,43.0
2025,609968,Sharon Christa McAuliffe Elementary School,,,,,,46.0,,53.0,48.0,41.0,,54.0,44.0,55.0,,,37.0,,45.0,54.0,57.0,54.0,39.0,56.0,51.0,33.0,,51.0,53.0,47.0,43.0,30.0,42.0,49.0,53.0,39.0,,36.0,52.0,44.0,47.0,,48.0,49.0,55.0,58.0,46.0
2025,609969,Bret Harte Elementary School,,,,,,54.0,,57.0,48.0,35.0,,52.0,47.0,47.0,,,46.0,,37.0,50.0,45.0,53.0,49.0,54.0,50.0,37.0,,43.0,52.0,43.0,55.0,37.0,36.0,51.0,45.0,50.0,,49.0,42.0,45.0,36.0,,67.0,43.0,56.0,54.0,43.0
2025,609971,John Harvard Elementary School of Excellence,,,,,,37.0,,68.0,58.0,48.0,,61.0,45.0,49.0,,,24.0,,57.0,53.0,65.0,60.0,55.0,69.0,59.0,42.0,,64.0,68.0,59.0,59.0,46.0,28.0,46.0,48.0,48.0,,62.0,49.0,35.0,31.0,,67.0,57.0,51.0,47.0,62.0
2025,609972,Helge A Haugan Elementary School,,,,,,51.0,,64.0,48.0,40.0,,51.0,55.0,59.0,,,41.0,,45.0,55.0,56.0,56.0,54.0,73.0,51.0,35.0,,48.0,56.0,45.0,58.0,44.0,43.0,42.0,57.0,47.0,,48.0,60.0,40.0,58.0,,53.0,50.0,43.0,45.0,38.0
2025,609973,Emiliano Zapata Elementary Academy,,,,,,52.0,,55.0,65.0,60.0,,71.0,58.0,38.0,,,37.0,,71.0,46.0,72.0,62.0,38.0,62.0,61.0,23.0,,65.0,80.0,54.0,60.0,37.0,52.0,69.0,53.0,52.0,,60.0,57.0,50.0,53.0,,75.0,73.0,62.0,70.0,63.0
2025,609974,Hawthorne Elementary Scholastic Academy,,,,,,75.0,,82.0,74.0,70.0,,75.0,69.0,54.0,,,71.0,,67.0,72.0,73.0,84.0,70.0,78.0,89.0,69.0,,75.0,83.0,74.0,72.0,72.0,78.0,72.0,72.0,95.0,,59.0,83.0,79.0,69.0,,86.0,82.0,85.0,64.0,61.0
2025,609975,John Hay Elementary Community Academy,,,,,,54.0,,73.0,57.0,46.0,,59.0,38.0,64.0,,,33.0,,49.0,56.0,74.0,49.0,62.0,53.0,43.0,36.0,,59.0,69.0,51.0,50.0,42.0,39.0,54.0,48.0,52.0,,64.0,50.0,36.0,33.0,,39.0,49.0,52.0,64.0,41.0
2025,609976,Stephen K Hayt Elementary School,,,,,,61.0,,48.0,46.0,41.0,,49.0,52.0,47.0,,,48.0,,41.0,57.0,49.0,47.0,39.0,50.0,41.0,40.0,,43.0,51.0,50.0,45.0,37.0,48.0,50.0,51.0,56.0,,61.0,53.0,47.0,55.0,,51.0,58.0,51.0,51.0,42.0
2025,609977,Woodlawn Community Elementary School,,,,,,60.0,,48.0,49.0,42.0,,58.0,84.0,99.0,,,35.0,,44.0,69.0,58.0,60.0,97.0,63.0,55.0,89.0,,55.0,60.0,68.0,33.0,79.0,62.0,50.0,73.0,89.0,,50.0,88.0,31.0,73.0,,63.0,70.0,63.0,54.0,46.0
2025,609978,Wendell Smith Elementary School,,,,,,53.0,,75.0,66.0,62.0,,61.0,70.0,68.0,,,59.0,,72.0,77.0,63.0,72.0,86.0,81.0,65.0,65.0,,57.0,68.0,53.0,64.0,64.0,47.0,63.0,66.0,75.0,,70.0,64.0,45.0,58.0,,64.0,62.0,69.0,61.0,63.0
2025,609979,Robert Healy Elementary School,,,,,,69.0,,56.0,60.0,60.0,,54.0,44.0,43.0,,,48.0,,59.0,63.0,54.0,60.0,42.0,60.0,55.0,28.0,,53.0,62.0,62.0,61.0,52.0,47.0,64.0,48.0,59.0,,44.0,59.0,71.0,51.0,,59.0,64.0,64.0,48.0,58.0
2025,609981,Phoebe Apperson Hearst Elementary School,,,,,,,,,,,,,45.0,54.0,,,40.0,,,44.0,,,55.0,,,36.0,,,,,,47.0,38.0,,51.0,37.0,,,41.0,,38.0,,,,,,
2025,609983,James Hedges Elementary School,,,,,,48.0,,57.0,50.0,49.0,,53.0,35.0,44.0,,,26.0,,54.0,42.0,55.0,58.0,38.0,55.0,61.0,29.0,,52.0,60.0,47.0,53.0,34.0,35.0,47.0,46.0,51.0,,40.0,45.0,44.0,55.0,,57.0,72.0,58.0,46.0,35.0
2025,609985,Helen M Hefferan Elementary School,,,,,,54.0,,63.0,53.0,52.0,,52.0,44.0,61.0,,,26.0,,48.0,56.0,56.0,48.0,52.0,53.0,40.0,37.0,,56.0,48.0,57.0,64.0,52.0,31.0,43.0,49.0,36.0,,44.0,43.0,44.0,35.0,,49.0,47.0,51.0,47.0,58.0
2025,609986,Charles R Henderson Elementary School,,,,,,37.0,,59.0,53.0,58.0,,55.0,52.0,64.0,,,48.0,,55.0,76.0,63.0,45.0,62.0,57.0,37.0,33.0,,46.0,60.0,52.0,53.0,49.0,35.0,44.0,52.0,44.0,,47.0,45.0,31.0,43.0,,50.0,56.0,41.0,62.0,46.0
2025,609987,Thomas A Hendricks Elementary Community Academy,,,,,,53.0,,49.0,55.0,43.0,,59.0,41.0,58.0,,,38.0,,58.0,53.0,66.0,62.0,47.0,73.0,59.0,52.0,,58.0,65.0,60.0,56.0,43.0,38.0,59.0,46.0,62.0,,44.0,37.0,44.0,34.0,,61.0,59.0,53.0,52.0,57.0
2025,609988,Patrick Henry Elementary School,,,,,,49.0,,49.0,46.0,38.0,,46.0,40.0,54.0,,,34.0,,49.0,55.0,47.0,48.0,45.0,55.0,46.0,23.0,,38.0,49.0,52.0,55.0,29.0,39.0,39.0,44.0,52.0,,40.0,51.0,44.0,49.0,,48.0,52.0,43.0,49.0,55.0
2025,609990,South Loop Elementary School,,,,,,54.0,,57.0,56.0,54.0,,55.0,55.0,46.0,,,60.0,,56.0,54.0,54.0,65.0,45.0,67.0,66.0,71.0,,47.0,58.0,58.0,54.0,61.0,57.0,57.0,56.0,71.0,,59.0,59.0,56.0,50.0,,64.0,64.0,62.0,55.0,54.0
2025,609991,Theodore Herzl Elementary School,,,,,,21.0,,63.0,62.0,53.0,,59.0,41.0,49.0,,,32.0,,60.0,43.0,75.0,46.0,47.0,48.0,40.0,48.0,,67.0,74.0,44.0,73.0,24.0,30.0,39.0,37.0,44.0,,75.0,34.0,24.0,30.0,,44.0,40.0,51.0,51.0,79.0
2025,609993,Agustin Lara Elementary Academy,,,,,,50.0,,68.0,66.0,62.0,,68.0,49.0,54.0,,,34.0,,61.0,41.0,70.0,60.0,43.0,66.0,59.0,21.0,,63.0,76.0,65.0,69.0,34.0,48.0,68.0,52.0,45.0,,62.0,54.0,57.0,48.0,,77.0,70.0,55.0,63.0,58.0
2025,609994,William G Hibbard Elementary School,,,,,,43.0,,28.0,26.0,29.0,,22.0,54.0,54.0,,,41.0,,42.0,51.0,19.0,37.0,52.0,30.0,42.0,37.0,,25.0,19.0,28.0,28.0,51.0,37.0,19.0,54.0,45.0,,38.0,45.0,37.0,51.0,,26.0,31.0,38.0,18.0,35.0
2025,609995,Rufus M Hitch Elementary School,,,,,,48.0,,81.0,72.0,70.0,,60.0,46.0,61.0,,,46.0,,76.0,58.0,63.0,75.0,64.0,74.0,77.0,42.0,,67.0,75.0,73.0,85.0,38.0,49.0,56.0,50.0,44.0,,65.0,44.0,67.0,42.0,,72.0,53.0,73.0,37.0,79.0
2025,609996,Charles N Holden Elementary School,,,,,,46.0,,52.0,52.0,45.0,,52.0,47.0,53.0,,,51.0,,53.0,63.0,48.0,52.0,69.0,55.0,51.0,48.0,,66.0,72.0,51.0,59.0,53.0,51.0,32.0,55.0,59.0,,37.0,59.0,42.0,52.0,,59.0,36.0,50.0,34.0,57.0
2025,609997,Oliver Wendell Holmes Elementary School,,,,,,37.0,,22.0,24.0,20.0,,23.0,53.0,53.0,,,30.0,,32.0,63.0,25.0,14.0,63.0,10.0,9.0,60.0,,36.0,19.0,39.0,37.0,21.0,24.0,17.0,40.0,40.0,,29.0,34.0,21.0,46.0,,15.0,21.0,22.0,17.0,41.0
2025,610000,Julia Ward Howe Elementary School of Excellence,,,,,,40.0,,65.0,55.0,57.0,,51.0,57.0,64.0,,,36.0,,67.0,69.0,60.0,41.0,61.0,44.0,33.0,53.0,,59.0,62.0,47.0,59.0,40.0,45.0,38.0,49.0,45.0,,52.0,41.0,32.0,50.0,,41.0,42.0,47.0,43.0,55.0
2025,610002,Thomas Hoyne Elementary School,,,,,,47.0,,63.0,56.0,54.0,,49.0,47.0,60.0,,,40.0,,61.0,56.0,60.0,52.0,59.0,46.0,51.0,44.0,,53.0,54.0,76.0,63.0,47.0,23.0,50.0,32.0,38.0,,41.0,33.0,46.0,25.0,,38.0,49.0,59.0,43.0,59.0
2025,610003,Paul Cuffe Math-Science Technology Academy ES,,,,,,43.0,,54.0,48.0,37.0,,58.0,54.0,74.0,,,43.0,,44.0,61.0,64.0,61.0,65.0,71.0,56.0,57.0,,54.0,65.0,47.0,52.0,53.0,50.0,46.0,62.0,40.0,,41.0,38.0,47.0,56.0,,52.0,52.0,56.0,60.0,36.0
2025,610004,Countee Cullen Elementary School,,,,,,50.0,,56.0,64.0,59.0,,63.0,44.0,56.0,,,39.0,,60.0,70.0,69.0,54.0,55.0,48.0,58.0,63.0,,63.0,82.0,74.0,61.0,56.0,50.0,59.0,57.0,55.0,,59.0,49.0,61.0,65.0,,61.0,65.0,57.0,59.0,62.0
2025,610005,Charles Evans Hughes Elementary School,,,,,,,,56.0,52.0,45.0,,51.0,36.0,56.0,,,23.0,,52.0,41.0,57.0,52.0,73.0,54.0,46.0,27.0,,62.0,56.0,,59.0,56.0,30.0,38.0,43.0,45.0,,41.0,26.0,,49.0,,40.0,46.0,56.0,43.0,66.0
2025,610006,Edward N Hurley Elementary School,,,,,,,,,,,,,49.0,55.0,,,42.0,,,50.0,,,58.0,,,35.0,,,,,,43.0,42.0,,52.0,47.0,,,59.0,,51.0,,,,,,
2025,610009,Galileo Math & Science Scholastic Academy ES,,,,,,49.0,,65.0,54.0,44.0,,59.0,45.0,52.0,,,42.0,,47.0,54.0,62.0,58.0,51.0,61.0,58.0,52.0,,51.0,61.0,54.0,51.0,55.0,46.0,55.0,46.0,54.0,,43.0,54.0,47.0,42.0,,63.0,52.0,56.0,58.0,43.0
2025,610010,Friedrich L. Jahn Elementary of the Fine Arts,,,,,,44.0,,21.0,18.0,18.0,,19.0,61.0,73.0,,,60.0,,14.0,67.0,12.0,42.0,67.0,39.0,40.0,51.0,,23.0,17.0,29.0,17.0,73.0,62.0,23.0,72.0,59.0,,12.0,74.0,30.0,74.0,,28.0,43.0,47.0,13.0,13.0
2025,610011,Minnie Mars Jamieson Elementary School,,,,,,54.0,,57.0,51.0,49.0,,58.0,62.0,62.0,,,51.0,,47.0,64.0,63.0,57.0,62.0,57.0,58.0,58.0,,52.0,63.0,60.0,56.0,67.0,46.0,53.0,64.0,54.0,,60.0,62.0,58.0,61.0,,68.0,60.0,57.0,49.0,34.0
2025,610013,Pilsen Elementary Community Academy,,,,,,45.0,,62.0,49.0,41.0,,48.0,45.0,62.0,,,43.0,,63.0,57.0,45.0,53.0,54.0,58.0,49.0,46.0,,44.0,47.0,45.0,44.0,40.0,45.0,43.0,54.0,62.0,,60.0,56.0,43.0,61.0,,54.0,58.0,52.0,48.0,53.0
2025,610015,Joseph Jungman STEM Magnet Elementary School,,,,,,59.0,,65.0,52.0,46.0,,46.0,59.0,52.0,,,52.0,,58.0,66.0,47.0,54.0,50.0,60.0,45.0,47.0,,46.0,45.0,50.0,57.0,49.0,45.0,49.0,50.0,47.0,,44.0,53.0,50.0,39.0,,49.0,60.0,56.0,43.0,55.0
2025,610016,Kate S Kellogg Elementary School,,,,,,58.0,,68.0,55.0,49.0,,53.0,66.0,50.0,,,65.0,,57.0,45.0,54.0,66.0,54.0,68.0,71.0,71.0,,52.0,65.0,67.0,48.0,64.0,58.0,55.0,45.0,63.0,,34.0,43.0,63.0,39.0,,63.0,63.0,60.0,44.0,39.0
2025,610017,Maria Saucedo STEAM Magnet Academy,,,,,,47.0,,33.0,41.0,35.0,,44.0,41.0,48.0,,,36.0,,43.0,58.0,47.0,49.0,44.0,57.0,40.0,29.0,,47.0,56.0,42.0,36.0,38.0,38.0,50.0,51.0,50.0,,46.0,48.0,38.0,49.0,,39.0,55.0,49.0,43.0,29.0
2025,610019,Joshua D Kershaw Elementary School,,,,,,38.0,,70.0,66.0,61.0,,67.0,65.0,99.0,,,40.0,,69.0,98.0,75.0,68.0,99.0,78.0,59.0,95.0,,71.0,79.0,69.0,78.0,70.0,61.0,56.0,76.0,85.0,,66.0,60.0,44.0,63.0,,61.0,59.0,67.0,62.0,62.0
2025,610021,Pablo Casals Elementary School,,,,,,73.0,,66.0,64.0,73.0,,61.0,60.0,77.0,,,49.0,,62.0,63.0,70.0,54.0,72.0,52.0,54.0,56.0,,64.0,69.0,75.0,56.0,65.0,59.0,56.0,63.0,71.0,,55.0,66.0,66.0,59.0,,51.0,73.0,56.0,57.0,57.0
2025,610022,Joyce Kilmer Elementary School,,,,,,38.0,,41.0,27.0,18.0,,31.0,63.0,85.0,,,48.0,,22.0,72.0,26.0,42.0,83.0,41.0,43.0,53.0,,32.0,29.0,50.0,34.0,66.0,61.0,30.0,73.0,53.0,,27.0,55.0,47.0,58.0,,33.0,33.0,41.0,31.0,19.0
2025,610024,Lazaro Cardenas Elementary School,,,,,,70.0,,45.0,61.0,63.0,,66.0,51.0,49.0,,,35.0,,69.0,61.0,60.0,57.0,48.0,57.0,53.0,38.0,,75.0,62.0,58.0,48.0,43.0,50.0,67.0,56.0,57.0,,56.0,61.0,52.0,62.0,,70.0,78.0,61.0,57.0,66.0
2025,610026,John H Kinzie Elementary School,,,,,,,,,,,,,60.0,59.0,,,60.0,,,83.0,,,50.0,,,51.0,,,,,,51.0,66.0,,54.0,70.0,,,64.0,,57.0,,,,,,
2025,610027,Rudyard Kipling Elementary School,,,,,,64.0,,59.0,62.0,72.0,,58.0,34.0,49.0,,,32.0,,72.0,66.0,56.0,44.0,52.0,39.0,40.0,53.0,,71.0,56.0,56.0,57.0,44.0,35.0,56.0,30.0,66.0,,48.0,38.0,42.0,28.0,,52.0,66.0,54.0,51.0,65.0
2025,610029,Rodolfo Lozano Bilingual & International Ctr ES,,,,,,55.0,,64.0,66.0,62.0,,68.0,45.0,52.0,,,41.0,,66.0,54.0,75.0,53.0,66.0,60.0,44.0,51.0,,65.0,78.0,70.0,51.0,32.0,49.0,60.0,50.0,51.0,,47.0,60.0,39.0,40.0,,66.0,56.0,54.0,67.0,66.0
2025,610030,Charles Kozminski Elementary Community Academy,,,,,,40.0,,45.0,35.0,25.0,,38.0,44.0,50.0,,,34.0,,31.0,57.0,43.0,32.0,42.0,28.0,33.0,45.0,,41.0,44.0,29.0,38.0,40.0,30.0,30.0,41.0,43.0,,31.0,33.0,27.0,27.0,,34.0,43.0,36.0,35.0,30.0
2025,610032,Wendell E Green Elementary School,,,,,,44.0,,65.0,53.0,41.0,,60.0,68.0,75.0,,,43.0,,36.0,65.0,62.0,45.0,66.0,50.0,37.0,68.0,,65.0,61.0,53.0,68.0,65.0,48.0,60.0,58.0,61.0,,43.0,52.0,37.0,38.0,,48.0,49.0,48.0,63.0,36.0
2025,610033,LaSalle Elementary Language Academy,,,,,,70.0,,49.0,42.0,48.0,,49.0,99.0,99.0,,,99.0,,42.0,86.0,35.0,66.0,99.0,72.0,64.0,99.0,,56.0,37.0,66.0,33.0,99.0,99.0,47.0,99.0,99.0,,29.0,99.0,58.0,99.0,,66.0,72.0,63.0,37.0,30.0
2025,610034,Lawndale Elementary Community Academy,,,,,,,,53.0,42.0,40.0,,49.0,37.0,67.0,,,34.0,,56.0,56.0,59.0,26.0,66.0,38.0,14.0,35.0,,51.0,50.0,40.0,37.0,39.0,30.0,26.0,44.0,33.0,,44.0,47.0,22.0,22.0,,41.0,35.0,26.0,43.0,43.0
2025,610036,Leslie Lewis Elementary School,,,,,,22.0,,63.0,45.0,33.0,,33.0,44.0,56.0,,,35.0,,48.0,54.0,37.0,37.0,49.0,39.0,36.0,42.0,,44.0,46.0,30.0,56.0,31.0,29.0,28.0,34.0,43.0,,55.0,36.0,25.0,29.0,,30.0,21.0,36.0,22.0,53.0
2025,610037,Arthur A Libby Elementary School,,,,,,55.0,,58.0,56.0,49.0,,56.0,53.0,61.0,,,35.0,,56.0,61.0,56.0,53.0,48.0,69.0,42.0,49.0,,54.0,63.0,65.0,46.0,47.0,39.0,57.0,55.0,64.0,,58.0,56.0,41.0,47.0,,52.0,67.0,47.0,62.0,55.0
2025,610038,Abraham Lincoln Elementary School,,,,,,62.0,,47.0,44.0,43.0,,40.0,67.0,49.0,,,63.0,,41.0,58.0,22.0,65.0,60.0,61.0,65.0,75.0,,51.0,38.0,77.0,36.0,71.0,65.0,59.0,66.0,79.0,,17.0,67.0,77.0,57.0,,58.0,55.0,68.0,27.0,32.0
2025,610039,Carl von Linne Elementary School,,,,,,73.0,,81.0,77.0,78.0,,70.0,45.0,54.0,,,48.0,,77.0,62.0,76.0,76.0,57.0,79.0,75.0,30.0,,76.0,80.0,77.0,83.0,41.0,52.0,71.0,58.0,66.0,,65.0,60.0,70.0,54.0,,65.0,75.0,75.0,63.0,74.0
2025,610040,Henry D Lloyd Elementary School,,,,,,67.0,,58.0,62.0,55.0,,64.0,,65.0,,,,,61.0,,67.0,57.0,54.0,68.0,53.0,,,62.0,75.0,63.0,56.0,41.0,24.0,63.0,46.0,,,28.0,56.0,47.0,34.0,,69.0,67.0,50.0,58.0,60.0
2025,610041,Josephine C Locke Elementary School,,,,,,49.0,,73.0,69.0,63.0,,63.0,58.0,62.0,,,49.0,,68.0,63.0,73.0,70.0,60.0,73.0,70.0,50.0,,59.0,69.0,60.0,77.0,48.0,51.0,69.0,58.0,53.0,,68.0,60.0,53.0,59.0,,57.0,61.0,68.0,61.0,72.0
2025,610043,Joseph Lovett Elementary School,,,,,,53.0,,70.0,63.0,69.0,,61.0,54.0,68.0,,,50.0,,77.0,56.0,70.0,56.0,67.0,58.0,49.0,49.0,,63.0,56.0,73.0,61.0,46.0,49.0,60.0,55.0,57.0,,76.0,48.0,43.0,51.0,,54.0,63.0,62.0,56.0,60.0
2025,610044,James Russell Lowell Elementary School,,,,,,49.0,,50.0,46.0,44.0,,52.0,34.0,56.0,,,35.0,,49.0,32.0,55.0,53.0,54.0,60.0,53.0,26.0,,54.0,51.0,47.0,60.0,36.0,31.0,47.0,38.0,40.0,,48.0,39.0,48.0,36.0,,52.0,44.0,47.0,46.0,39.0
2025,610046,Mary Lyon Elementary School,,,,,,48.0,,56.0,43.0,32.0,,53.0,48.0,51.0,,,38.0,,40.0,54.0,58.0,48.0,39.0,56.0,48.0,40.0,,57.0,55.0,54.0,40.0,46.0,43.0,41.0,48.0,44.0,,38.0,51.0,45.0,54.0,,49.0,42.0,41.0,48.0,31.0
2025,610047,James Madison Elementary School,,,,,,46.0,,60.0,58.0,53.0,,64.0,39.0,60.0,,,23.0,,64.0,62.0,74.0,49.0,52.0,56.0,43.0,47.0,,69.0,73.0,52.0,49.0,47.0,34.0,48.0,44.0,45.0,,47.0,35.0,36.0,34.0,,47.0,50.0,49.0,65.0,56.0
2025,610048,George Manierre Elementary School,,,,,,36.0,,39.0,47.0,54.0,,46.0,41.0,49.0,,,40.0,,58.0,47.0,58.0,45.0,52.0,53.0,40.0,39.0,,40.0,56.0,52.0,49.0,41.0,33.0,37.0,43.0,43.0,,37.0,46.0,31.0,47.0,,40.0,34.0,41.0,47.0,47.0
2025,610051,Northwest Middle School,,,,,,37.0,,60.0,47.0,41.0,,52.0,36.0,58.0,,,28.0,,54.0,48.0,52.0,59.0,47.0,72.0,52.0,15.0,,57.0,57.0,55.0,51.0,20.0,34.0,35.0,45.0,42.0,,50.0,52.0,38.0,49.0,,52.0,45.0,52.0,46.0,43.0
2025,610052,Horace Mann Elementary School,,,,,,43.0,,45.0,51.0,56.0,,49.0,55.0,71.0,,,40.0,,56.0,64.0,61.0,45.0,70.0,49.0,34.0,50.0,,52.0,51.0,56.0,47.0,45.0,30.0,49.0,44.0,46.0,,41.0,37.0,51.0,38.0,,36.0,50.0,53.0,45.0,56.0
2025,610053,Marquette Elementary School,,,,,,49.0,,54.0,57.0,50.0,,58.0,68.0,62.0,,,38.0,,58.0,51.0,69.0,49.0,61.0,63.0,35.0,49.0,,61.0,71.0,55.0,58.0,51.0,46.0,54.0,56.0,51.0,,62.0,56.0,47.0,60.0,,46.0,55.0,49.0,55.0,58.0
2025,610054,John L Marsh Elementary School,,,,,,59.0,,37.0,39.0,44.0,,35.0,44.0,50.0,,,39.0,,40.0,54.0,38.0,48.0,54.0,50.0,44.0,28.0,,39.0,33.0,38.0,49.0,42.0,36.0,49.0,42.0,45.0,,35.0,52.0,36.0,36.0,,27.0,55.0,51.0,35.0,34.0
2025,610055,Michael Faraday Elementary School,,,,,,51.0,,64.0,62.0,71.0,,64.0,60.0,83.0,,,46.0,,67.0,79.0,62.0,56.0,72.0,72.0,42.0,61.0,,61.0,68.0,64.0,69.0,36.0,39.0,49.0,62.0,50.0,,54.0,46.0,51.0,59.0,,69.0,57.0,54.0,65.0,58.0
2025,610056,Roswell B Mason Elementary School,,,,,,62.0,,69.0,58.0,56.0,,61.0,56.0,84.0,,,39.0,,44.0,49.0,66.0,45.0,65.0,52.0,36.0,49.0,,69.0,73.0,71.0,51.0,50.0,49.0,45.0,64.0,51.0,,58.0,55.0,40.0,59.0,,53.0,58.0,46.0,57.0,45.0
2025,610057,Fairfield Elementary Academy,,,,,,39.0,,48.0,38.0,38.0,,31.0,39.0,42.0,,,27.0,,52.0,48.0,31.0,40.0,35.0,38.0,41.0,34.0,,42.0,37.0,35.0,51.0,29.0,32.0,21.0,40.0,40.0,,24.0,43.0,33.0,44.0,,22.0,29.0,40.0,27.0,44.0
2025,610059,Oscar Mayer Magnet School,,,,,,58.0,,58.0,62.0,56.0,,59.0,63.0,50.0,,,69.0,,50.0,57.0,53.0,65.0,65.0,71.0,62.0,70.0,,55.0,67.0,58.0,46.0,56.0,70.0,56.0,65.0,69.0,,40.0,68.0,64.0,59.0,,71.0,57.0,62.0,56.0,71.0
2025,610060,Chicago World Language Academy,,,,,,51.0,,51.0,35.0,32.0,,26.0,54.0,57.0,,,48.0,,34.0,59.0,25.0,45.0,51.0,41.0,47.0,61.0,,28.0,31.0,58.0,1.0,57.0,50.0,26.0,43.0,57.0,,28.0,44.0,51.0,47.0,,32.0,52.0,46.0,17.0,37.0
2025,610062,Minnie Minoso Academy,,,,,,45.0,,59.0,47.0,41.0,,48.0,42.0,47.0,,,46.0,,52.0,50.0,46.0,49.0,53.0,55.0,46.0,52.0,,47.0,48.0,43.0,55.0,38.0,48.0,40.0,59.0,58.0,,52.0,55.0,36.0,54.0,,59.0,57.0,46.0,38.0,45.0
2025,610063,Cyrus H McCormick Elementary School,,,,,,55.0,,42.0,54.0,52.0,,61.0,,56.0,,,,,64.0,,59.0,61.0,38.0,76.0,48.0,,,60.0,66.0,59.0,61.0,45.0,34.0,53.0,45.0,,,51.0,54.0,40.0,45.0,,67.0,53.0,60.0,56.0,58.0
2025,610065,Emmett Louis Till Math and Science Academy,,,,,,34.0,,30.0,23.0,7.0,,38.0,38.0,38.0,,,23.0,,8.0,30.0,36.0,32.0,37.0,42.0,20.0,35.0,,37.0,44.0,24.0,27.0,45.0,23.0,26.0,33.0,37.0,,28.0,34.0,15.0,26.0,,32.0,26.0,34.0,45.0,9.0
2025,610066,James E McDade Elementary Classical School,,,,,,71.0,,72.0,74.0,80.0,,72.0,72.0,64.0,,,57.0,,75.0,57.0,85.0,84.0,94.0,93.0,94.0,80.0,,70.0,72.0,70.0,68.0,60.0,74.0,63.0,69.0,84.0,,63.0,52.0,56.0,59.0,,64.0,77.0,66.0,67.0,82.0
2025,610067,Francis M McKay Elementary School,,,,,,49.0,,59.0,61.0,55.0,,57.0,50.0,57.0,,,31.0,,56.0,31.0,70.0,53.0,74.0,61.0,42.0,46.0,,59.0,64.0,62.0,54.0,52.0,50.0,64.0,58.0,58.0,,47.0,59.0,39.0,58.0,,40.0,53.0,55.0,57.0,63.0
2025,610068,Hanson Park Elementary School,,,,,,55.0,,48.0,47.0,40.0,,50.0,44.0,46.0,,,33.0,,38.0,56.0,52.0,57.0,43.0,61.0,54.0,32.0,,48.0,54.0,45.0,47.0,44.0,41.0,53.0,50.0,50.0,,33.0,51.0,47.0,47.0,,46.0,58.0,55.0,54.0,41.0
2025,610070,James B McPherson Elementary School,,,,,,44.0,,36.0,37.0,32.0,,34.0,,,,,,,32.0,,31.0,58.0,,53.0,65.0,,,38.0,40.0,48.0,39.0,,,43.0,,,,44.0,,49.0,,,36.0,56.0,55.0,29.0,36.0
2025,610073,Ellen Mitchell Elementary School,,,,,,50.0,,70.0,65.0,61.0,,57.0,43.0,53.0,,,51.0,,53.0,52.0,52.0,75.0,53.0,76.0,70.0,53.0,,69.0,62.0,68.0,63.0,48.0,57.0,55.0,48.0,67.0,,52.0,55.0,66.0,52.0,,70.0,56.0,78.0,38.0,76.0
2025,610074,Logan Square Elementary School,,,,,,61.0,,52.0,49.0,43.0,,47.0,52.0,46.0,,,46.0,,46.0,57.0,42.0,52.0,58.0,53.0,54.0,42.0,,35.0,54.0,48.0,52.0,43.0,43.0,48.0,54.0,53.0,,36.0,60.0,46.0,54.0,,67.0,58.0,50.0,44.0,48.0
2025,610076,Bernhard Moos Elementary School,,,,,,51.0,,38.0,32.0,26.0,,20.0,53.0,60.0,,,41.0,,34.0,56.0,14.0,44.0,42.0,48.0,40.0,52.0,,18.0,28.0,48.0,31.0,24.0,43.0,27.0,50.0,46.0,,35.0,49.0,38.0,52.0,,37.0,49.0,43.0,12.0,41.0
2025,610077,Donald Morrill Math & Science Elementary School,,,,,,39.0,,61.0,60.0,61.0,,56.0,46.0,58.0,,,34.0,,62.0,60.0,61.0,50.0,51.0,62.0,40.0,37.0,,59.0,67.0,51.0,64.0,47.0,41.0,43.0,47.0,53.0,,53.0,48.0,48.0,42.0,,64.0,55.0,49.0,41.0,66.0
2025,610078,Inter-American Elementary Magnet School,,,,,,60.0,,39.0,48.0,48.0,,39.0,53.0,44.0,,,44.0,,46.0,57.0,42.0,61.0,45.0,57.0,67.0,51.0,,38.0,38.0,51.0,40.0,52.0,52.0,56.0,57.0,64.0,,23.0,65.0,48.0,53.0,,51.0,65.0,60.0,25.0,59.0
2025,610081,Mark Sheridan Math & Science Academy,,,,,,70.0,,59.0,62.0,58.0,,51.0,47.0,40.0,,,44.0,,52.0,55.0,59.0,63.0,35.0,55.0,64.0,45.0,,58.0,56.0,63.0,50.0,50.0,49.0,70.0,50.0,57.0,,36.0,56.0,75.0,51.0,,47.0,72.0,71.0,41.0,65.0
2025,610082,Mount Greenwood Elementary School,,,,,,85.0,,82.0,83.0,89.0,,80.0,67.0,72.0,,,72.0,,79.0,51.0,76.0,82.0,49.0,73.0,89.0,66.0,,90.0,82.0,81.0,90.0,56.0,93.0,87.0,63.0,90.0,,80.0,72.0,82.0,65.0,,85.0,91.0,83.0,70.0,74.0
2025,610083,Daniel C Beard Elementary School,,,,,,17.0,,48.0,54.0,47.0,,56.0,,,,,,,63.0,,58.0,67.0,,65.0,65.0,,,65.0,70.0,1.0,53.0,,,53.0,,,,55.0,,32.0,,,63.0,57.0,72.0,38.0,53.0
2025,610084,Annie Keller Regional Gifted Center,,,,,,83.0,,99.0,98.0,99.0,,98.0,56.0,45.0,,,59.0,,97.0,47.0,99.0,96.0,65.0,95.0,94.0,60.0,,98.0,99.0,99.0,99.0,59.0,67.0,99.0,66.0,74.0,,96.0,65.0,93.0,61.0,,99.0,93.0,99.0,94.0,96.0
2025,610086,Mount Vernon Elementary School,,,,,,56.0,,61.0,60.0,69.0,,59.0,32.0,49.0,,,36.0,,72.0,44.0,71.0,48.0,40.0,60.0,36.0,33.0,,60.0,65.0,53.0,53.0,28.0,24.0,49.0,35.0,39.0,,56.0,39.0,39.0,26.0,,42.0,54.0,49.0,62.0,55.0
2025,610087,Blair Early Childhood Center,,,,,,68.0,,75.0,88.0,96.0,,93.0,,,,,,,91.0,,92.0,96.0,,99.0,96.0,,,99.0,99.0,75.0,88.0,,,89.0,,,,84.0,,77.0,,,97.0,94.0,94.0,82.0,82.0
2025,610088,Wolfgang A Mozart Elementary School,,,,,,51.0,,43.0,50.0,55.0,,47.0,47.0,58.0,,,37.0,,54.0,51.0,56.0,47.0,54.0,49.0,44.0,31.0,,50.0,50.0,51.0,52.0,45.0,43.0,50.0,53.0,55.0,,39.0,53.0,43.0,58.0,,39.0,55.0,49.0,43.0,52.0
2025,610089,John B Murphy Elementary School,,,,,,53.0,,53.0,47.0,41.0,,46.0,56.0,40.0,,,58.0,,41.0,54.0,36.0,60.0,43.0,66.0,55.0,62.0,,50.0,48.0,54.0,49.0,51.0,54.0,40.0,57.0,58.0,,40.0,56.0,50.0,59.0,,61.0,45.0,59.0,35.0,54.0
2025,610090,Phillip Murray Elementary Language Academy,,,,,,31.0,,37.0,37.0,46.0,,49.0,37.0,51.0,,,39.0,,35.0,52.0,45.0,53.0,43.0,49.0,62.0,49.0,,44.0,46.0,51.0,31.0,38.0,26.0,36.0,32.0,31.0,,23.0,29.0,41.0,23.0,,58.0,35.0,48.0,49.0,20.0
2025,610091,Ronald Brown Elementary Community Academy,,,,,,54.0,,44.0,53.0,58.0,,49.0,87.0,86.0,,,80.0,,56.0,56.0,51.0,40.0,78.0,48.0,30.0,92.0,,59.0,45.0,64.0,51.0,86.0,76.0,51.0,92.0,97.0,,47.0,99.0,39.0,77.0,,44.0,53.0,41.0,41.0,66.0
2025,610092,Henry H Nash Elementary School,,,,,,35.0,,59.0,48.0,43.0,,45.0,48.0,67.0,,,40.0,,51.0,61.0,49.0,41.0,69.0,51.0,33.0,42.0,,40.0,50.0,26.0,42.0,41.0,50.0,47.0,61.0,48.0,,33.0,47.0,28.0,49.0,,41.0,48.0,38.0,51.0,43.0
2025,610093,Jane A Neil Elementary School,,,,,,49.0,,54.0,56.0,56.0,,52.0,58.0,78.0,,,46.0,,64.0,71.0,58.0,56.0,63.0,62.0,50.0,47.0,,48.0,56.0,46.0,70.0,52.0,42.0,53.0,57.0,54.0,,47.0,56.0,47.0,50.0,,60.0,55.0,56.0,41.0,61.0
2025,610094,Louis Nettelhorst Elementary School,,,,,,55.0,,59.0,49.0,51.0,,47.0,55.0,42.0,,,53.0,,55.0,69.0,44.0,63.0,50.0,60.0,64.0,54.0,,38.0,39.0,55.0,48.0,54.0,58.0,46.0,62.0,66.0,,35.0,57.0,63.0,61.0,,58.0,46.0,64.0,48.0,49.0
2025,610095,Walter L Newberry Math & Science Academy ES,,,,,,35.0,,58.0,54.0,62.0,,45.0,57.0,65.0,,,42.0,,49.0,71.0,52.0,49.0,58.0,63.0,38.0,64.0,,48.0,57.0,42.0,61.0,50.0,40.0,38.0,46.0,48.0,,48.0,44.0,34.0,47.0,,40.0,40.0,47.0,41.0,56.0
2025,610096,Florence Nightingale Elementary School,,,,,,62.0,,62.0,62.0,63.0,,64.0,55.0,56.0,,,42.0,,65.0,57.0,65.0,62.0,59.0,70.0,54.0,37.0,,62.0,68.0,57.0,64.0,45.0,41.0,59.0,48.0,51.0,,59.0,55.0,61.0,42.0,,72.0,70.0,62.0,57.0,59.0
2025,610097,William P Nixon Elementary School,,,,,,45.0,,67.0,59.0,45.0,,63.0,39.0,44.0,,,35.0,,54.0,44.0,65.0,47.0,46.0,59.0,37.0,24.0,,56.0,70.0,64.0,50.0,34.0,29.0,54.0,47.0,47.0,,47.0,46.0,46.0,40.0,,67.0,58.0,46.0,63.0,61.0
2025,610098,Alfred Nobel Elementary School,,,,,,52.0,,45.0,54.0,49.0,,66.0,37.0,47.0,,,31.0,,54.0,47.0,76.0,59.0,48.0,57.0,53.0,24.0,,71.0,63.0,55.0,55.0,29.0,28.0,57.0,44.0,41.0,,55.0,42.0,44.0,39.0,,52.0,45.0,67.0,65.0,54.0
2025,610099,Norwood Park Elementary School,,,,,,58.0,,59.0,70.0,68.0,,71.0,60.0,41.0,,,65.0,,77.0,65.0,67.0,83.0,38.0,83.0,79.0,57.0,,76.0,87.0,80.0,59.0,56.0,56.0,71.0,54.0,79.0,,51.0,70.0,72.0,52.0,,79.0,70.0,86.0,62.0,64.0
2025,610100,West Park Elementary Academy,,,,,,59.0,,40.0,46.0,47.0,,44.0,65.0,83.0,,,52.0,,49.0,74.0,38.0,50.0,79.0,52.0,47.0,55.0,,46.0,44.0,52.0,46.0,53.0,54.0,52.0,65.0,58.0,,47.0,63.0,48.0,62.0,,51.0,59.0,52.0,40.0,45.0
2025,610101,William B Ogden Elementary School,,,,,,,,,,,,,43.0,39.0,,,37.0,,,56.0,,,38.0,,,51.0,,,,,,29.0,30.0,,28.0,35.0,,,23.0,,18.0,,,,,,
2025,610102,Richard J Oglesby Elementary School,,,,,,71.0,,79.0,81.0,93.0,,76.0,71.0,95.0,,,51.0,,86.0,68.0,90.0,75.0,94.0,84.0,64.0,56.0,,81.0,85.0,73.0,92.0,64.0,55.0,66.0,65.0,63.0,,64.0,67.0,45.0,68.0,,62.0,61.0,78.0,70.0,84.0
2025,610103,Isabelle C O'Keeffe Elementary School,,,,,,14.0,,38.0,32.0,29.0,,37.0,61.0,71.0,,,37.0,,45.0,56.0,38.0,22.0,75.0,32.0,16.0,47.0,,41.0,43.0,16.0,45.0,54.0,34.0,17.0,50.0,43.0,,43.0,52.0,14.0,43.0,,34.0,14.0,19.0,33.0,34.0
2025,610104,William J Onahan Elementary School,,,,,,82.0,,68.0,59.0,55.0,,63.0,79.0,77.0,,,72.0,,58.0,80.0,62.0,76.0,83.0,77.0,69.0,71.0,,60.0,54.0,77.0,58.0,77.0,75.0,68.0,82.0,71.0,,55.0,84.0,73.0,76.0,,75.0,72.0,82.0,56.0,51.0
2025,610105,Oriole Park Elementary School,,,,,,71.0,,72.0,63.0,50.0,,67.0,59.0,56.0,,,64.0,,55.0,64.0,59.0,68.0,32.0,64.0,67.0,60.0,,69.0,68.0,72.0,65.0,52.0,60.0,70.0,57.0,66.0,,51.0,59.0,65.0,56.0,,75.0,67.0,72.0,65.0,54.0
2025,610106,Brian Piccolo Elementary Specialty School,,,,,,46.0,,63.0,53.0,49.0,,52.0,38.0,55.0,,,39.0,,67.0,61.0,58.0,49.0,56.0,53.0,47.0,30.0,,47.0,57.0,44.0,68.0,33.0,33.0,40.0,43.0,49.0,,77.0,42.0,42.0,40.0,,48.0,47.0,47.0,53.0,58.0
2025,610107,James Otis Elementary School,,,,,,36.0,,30.0,25.0,22.0,,29.0,44.0,57.0,,,42.0,,25.0,48.0,24.0,36.0,53.0,41.0,38.0,41.0,,30.0,27.0,31.0,32.0,28.0,51.0,22.0,45.0,47.0,,22.0,50.0,30.0,41.0,,39.0,43.0,28.0,21.0,24.0
2025,610108,Luke O'Toole Elementary School,,,,,,47.0,,56.0,54.0,49.0,,53.0,38.0,47.0,,,36.0,,59.0,57.0,59.0,50.0,41.0,56.0,45.0,27.0,,65.0,67.0,57.0,52.0,36.0,32.0,45.0,44.0,33.0,,38.0,38.0,36.0,39.0,,45.0,59.0,48.0,41.0,55.0
2025,610109,William Bishop Owen Scholastic Academy ES,,,,,,45.0,,33.0,18.0,17.0,,17.0,40.0,50.0,,,36.0,,19.0,70.0,12.0,37.0,53.0,18.0,57.0,60.0,,25.0,14.0,31.0,20.0,32.0,37.0,14.0,37.0,46.0,,26.0,32.0,58.0,29.0,,20.0,33.0,36.0,11.0,13.0
2025,610110,Ida B Wells Preparatory Elementary Academy,,,,,,64.0,,59.0,63.0,67.0,,64.0,99.0,99.0,,,82.0,,75.0,63.0,64.0,60.0,99.0,75.0,51.0,99.0,,69.0,65.0,68.0,70.0,81.0,61.0,65.0,78.0,96.0,,52.0,85.0,44.0,70.0,,61.0,63.0,54.0,63.0,58.0
2025,610111,John Palmer Elementary School,,,,,,,,,,,,,52.0,61.0,,,47.0,,,55.0,,,44.0,,,51.0,,,,,,39.0,44.0,,52.0,44.0,,,50.0,,51.0,,,,,,
2025,610112,Francis W Parker Elementary Community Academy,,,,,,68.0,,66.0,62.0,57.0,,65.0,55.0,63.0,,,35.0,,67.0,55.0,76.0,52.0,58.0,71.0,40.0,56.0,,61.0,74.0,65.0,66.0,50.0,38.0,53.0,50.0,52.0,,51.0,49.0,48.0,51.0,,65.0,56.0,46.0,59.0,58.0
2025,610115,Park Manor Elementary School,,,,,,41.0,,55.0,49.0,45.0,,48.0,43.0,75.0,,,38.0,,50.0,55.0,51.0,43.0,65.0,50.0,32.0,48.0,,60.0,53.0,47.0,55.0,43.0,32.0,42.0,46.0,45.0,,55.0,37.0,33.0,40.0,,32.0,47.0,48.0,48.0,51.0
2025,610116,Parkside Elementary Community Academy,,,,,,12.0,,54.0,48.0,47.0,,55.0,58.0,96.0,,,50.0,,58.0,64.0,60.0,32.0,79.0,46.0,17.0,66.0,,51.0,52.0,26.0,66.0,48.0,45.0,30.0,51.0,64.0,,57.0,49.0,9.0,45.0,,57.0,24.0,34.0,52.0,55.0
2025,610117,Louis Pasteur Elementary School,,,,,,59.0,,67.0,72.0,69.0,,75.0,,70.0,,,,,83.0,,79.0,77.0,49.0,87.0,75.0,,,76.0,81.0,73.0,74.0,59.0,34.0,66.0,50.0,,,50.0,70.0,56.0,49.0,,80.0,71.0,68.0,64.0,76.0
2025,610120,Ferdinand Peck Elementary School,,,,,,56.0,,57.0,56.0,62.0,,51.0,,62.0,,,,,65.0,,50.0,62.0,61.0,55.0,64.0,,,63.0,50.0,74.0,69.0,44.0,28.0,49.0,43.0,,,36.0,54.0,61.0,45.0,,57.0,70.0,67.0,34.0,63.0
2025,610121,Washington Irving Elementary School,,,,,,26.0,,42.0,39.0,34.0,,41.0,50.0,51.0,,,36.0,,46.0,51.0,42.0,34.0,44.0,37.0,34.0,53.0,,44.0,49.0,27.0,41.0,37.0,32.0,30.0,35.0,42.0,,26.0,40.0,28.0,32.0,,43.0,32.0,32.0,35.0,42.0
2025,610122,Helen Peirce International Studies ES,,,,,,,,,,,,,55.0,55.0,,,51.0,,,70.0,,,56.0,,,55.0,,,,,,45.0,53.0,,60.0,54.0,,,57.0,,56.0,,,,,,
2025,610123,William Penn Elementary School,,,,,,,,,,,,,33.0,64.0,,,31.0,,,45.0,,,56.0,,,53.0,,,,,,30.0,19.0,,37.0,41.0,,,32.0,,31.0,,,,,,
2025,610124,Harold Washington Elementary School,,,,,,69.0,,60.0,59.0,60.0,,58.0,54.0,75.0,,,37.0,,67.0,68.0,64.0,57.0,80.0,69.0,47.0,69.0,,67.0,69.0,70.0,83.0,50.0,36.0,53.0,50.0,56.0,,50.0,52.0,53.0,45.0,,45.0,56.0,54.0,56.0,51.0
2025,610125,Irma C Ruiz Elementary School,,,,,,34.0,,48.0,53.0,48.0,,57.0,44.0,51.0,,,40.0,,64.0,71.0,59.0,52.0,45.0,56.0,48.0,29.0,,55.0,59.0,32.0,49.0,38.0,41.0,55.0,51.0,46.0,,56.0,55.0,39.0,40.0,,57.0,57.0,51.0,57.0,56.0
2025,610126,John J Pershing STEAM Magnet Elementary School,,,,,,28.0,,52.0,47.0,41.0,,39.0,43.0,40.0,,,29.0,,56.0,52.0,56.0,44.0,42.0,44.0,43.0,37.0,,37.0,62.0,37.0,50.0,39.0,17.0,29.0,35.0,38.0,,41.0,35.0,31.0,23.0,,32.0,28.0,46.0,31.0,53.0
2025,610127,Mary Gage Peterson Elementary School,,,,,,53.0,,55.0,39.0,38.0,,33.0,54.0,61.0,,,50.0,,35.0,60.0,30.0,48.0,59.0,48.0,45.0,46.0,,34.0,29.0,47.0,29.0,51.0,49.0,33.0,54.0,51.0,,34.0,54.0,53.0,53.0,,43.0,53.0,52.0,26.0,38.0
2025,610128,Marcus Moziah Garvey Elementary School,,,,,,55.0,,28.0,31.0,27.0,,34.0,44.0,75.0,,,37.0,,22.0,69.0,37.0,28.0,68.0,33.0,21.0,37.0,,43.0,35.0,39.0,32.0,47.0,39.0,42.0,47.0,48.0,,28.0,51.0,45.0,50.0,,16.0,61.0,30.0,39.0,22.0
2025,610129,Josiah Pickard Elementary School,,,,,,68.0,,45.0,51.0,54.0,,51.0,42.0,58.0,,,41.0,,43.0,46.0,58.0,60.0,63.0,48.0,61.0,35.0,,60.0,62.0,64.0,52.0,41.0,53.0,58.0,58.0,66.0,,48.0,65.0,63.0,59.0,,51.0,70.0,71.0,36.0,38.0
2025,610130,John T Pirie Fine Arts & Academic Center ES,,,,,,30.0,,48.0,49.0,48.0,,55.0,99.0,99.0,,,66.0,,61.0,82.0,71.0,36.0,99.0,59.0,18.0,99.0,,50.0,69.0,50.0,66.0,99.0,89.0,33.0,99.0,99.0,,42.0,99.0,23.0,85.0,,44.0,44.0,30.0,53.0,45.0
2025,610131,Ambrose Plamondon Elementary School,,,,,,49.0,,69.0,63.0,63.0,,56.0,60.0,68.0,,,45.0,,73.0,55.0,66.0,61.0,58.0,61.0,67.0,44.0,,58.0,70.0,39.0,65.0,32.0,67.0,40.0,71.0,73.0,,63.0,59.0,46.0,63.0,,62.0,74.0,56.0,37.0,72.0
2025,610132,Edgar Allan Poe Elementary Classical School,,,,,,62.0,,23.0,34.0,48.0,,22.0,39.0,46.0,,,35.0,,60.0,64.0,16.0,48.0,53.0,43.0,58.0,58.0,,33.0,27.0,49.0,39.0,57.0,50.0,30.0,45.0,63.0,,26.0,37.0,54.0,47.0,,27.0,52.0,42.0,13.0,43.0
2025,610133,Laura S Ward Elementary School,,,,,,55.0,,43.0,41.0,35.0,,45.0,52.0,57.0,,,52.0,,37.0,68.0,43.0,42.0,62.0,45.0,34.0,47.0,,42.0,49.0,50.0,45.0,57.0,38.0,39.0,60.0,59.0,,35.0,55.0,30.0,46.0,,57.0,44.0,47.0,39.0,38.0
2025,610135,Portage Park Elementary School,,,,,,56.0,,65.0,58.0,45.0,,57.0,57.0,57.0,,,48.0,,57.0,44.0,62.0,63.0,47.0,69.0,57.0,45.0,,51.0,71.0,70.0,58.0,36.0,50.0,55.0,51.0,59.0,,50.0,56.0,57.0,52.0,,62.0,56.0,62.0,53.0,55.0
2025,610136,William H Prescott Elementary School,,,,,,50.0,,38.0,26.0,32.0,,30.0,56.0,63.0,,,54.0,,30.0,62.0,17.0,53.0,64.0,46.0,61.0,66.0,,37.0,24.0,61.0,37.0,62.0,66.0,31.0,61.0,80.0,,7.0,70.0,57.0,61.0,,47.0,52.0,51.0,17.0,7.0
2025,610137,Ernst Prussing Elementary School,,,,,,,,,,,,,49.0,46.0,,,40.0,,,62.0,,,38.0,,,40.0,,,,,,32.0,38.0,,38.0,47.0,,,48.0,,28.0,,,,,,
2025,610138,Pulaski International School of Chicago,,,,,,,,,,,,,51.0,57.0,,,52.0,,,69.0,,,49.0,,,51.0,,,,,,46.0,50.0,,52.0,57.0,,,55.0,,45.0,,,,,,
2025,610139,George M Pullman Elementary School,,,,,,43.0,,55.0,37.0,29.0,,44.0,31.0,45.0,,,27.0,,37.0,65.0,50.0,33.0,38.0,45.0,22.0,42.0,,41.0,54.0,59.0,47.0,34.0,22.0,23.0,35.0,30.0,,33.0,25.0,31.0,32.0,,41.0,42.0,32.0,44.0,23.0
2025,610141,Ravenswood Elementary School,,,,,,85.0,,61.0,72.0,72.0,,64.0,52.0,61.0,,,56.0,,60.0,58.0,55.0,74.0,46.0,71.0,75.0,46.0,,64.0,74.0,76.0,57.0,51.0,53.0,72.0,52.0,67.0,,41.0,62.0,84.0,52.0,,82.0,76.0,75.0,54.0,79.0
2025,610142,William H Ray Elementary School,,,,,,51.0,,61.0,64.0,62.0,,64.0,47.0,49.0,,,40.0,,70.0,43.0,70.0,73.0,52.0,70.0,65.0,46.0,,54.0,73.0,65.0,65.0,39.0,38.0,61.0,42.0,47.0,,50.0,41.0,57.0,34.0,,73.0,52.0,83.0,58.0,62.0
2025,610143,William C Reavis Math & Science Specialty ES,,,,,,44.0,,42.0,45.0,47.0,,44.0,44.0,56.0,,,31.0,,55.0,44.0,47.0,43.0,57.0,46.0,42.0,51.0,,47.0,40.0,52.0,44.0,42.0,28.0,44.0,40.0,41.0,,30.0,32.0,44.0,39.0,,38.0,43.0,40.0,42.0,51.0
2025,610144,Frank W Reilly Elementary School,,,,,,68.0,,49.0,50.0,46.0,,55.0,48.0,65.0,,,48.0,,36.0,60.0,50.0,49.0,51.0,51.0,50.0,38.0,,63.0,59.0,53.0,45.0,41.0,51.0,57.0,52.0,57.0,,38.0,59.0,58.0,52.0,,47.0,73.0,47.0,58.0,41.0
2025,610145,Peter A Reinberg Elementary School,,,,,,58.0,,47.0,48.0,42.0,,50.0,51.0,51.0,,,41.0,,43.0,61.0,48.0,55.0,45.0,59.0,55.0,44.0,,46.0,58.0,56.0,49.0,42.0,46.0,53.0,49.0,42.0,,34.0,48.0,56.0,50.0,,50.0,58.0,51.0,57.0,38.0
2025,610146,Paul Revere Elementary School,,,,,,26.0,,64.0,51.0,58.0,,40.0,35.0,65.0,,,38.0,,61.0,61.0,52.0,51.0,53.0,65.0,46.0,48.0,,41.0,49.0,38.0,59.0,47.0,20.0,36.0,40.0,19.0,,36.0,26.0,28.0,39.0,,41.0,34.0,42.0,27.0,46.0
2025,610147,Philip Rogers Elementary School,,,,,,53.0,,60.0,65.0,58.0,,64.0,63.0,49.0,,,56.0,,61.0,58.0,72.0,68.0,42.0,78.0,55.0,43.0,,59.0,66.0,60.0,68.0,53.0,56.0,76.0,58.0,66.0,,58.0,62.0,57.0,55.0,,57.0,61.0,71.0,66.0,65.0
2025,610148,Cesar E Chavez Multicultural Academic Center ES,,,,,,78.0,,60.0,73.0,80.0,,74.0,47.0,62.0,,,36.0,,75.0,63.0,72.0,68.0,49.0,69.0,64.0,34.0,,72.0,76.0,75.0,69.0,43.0,47.0,72.0,53.0,59.0,,72.0,59.0,79.0,52.0,,86.0,80.0,71.0,66.0,78.0
2025,610152,Martha Ruggles Elementary School,,,,,,50.0,,78.0,67.0,75.0,,57.0,58.0,99.0,,,37.0,,62.0,40.0,72.0,61.0,91.0,77.0,50.0,56.0,,60.0,68.0,81.0,76.0,70.0,51.0,47.0,72.0,52.0,,50.0,76.0,43.0,60.0,,47.0,45.0,55.0,49.0,65.0
2025,610153,William H Ryder Math & Science Specialty ES,,,,,,45.0,,70.0,63.0,56.0,,63.0,85.0,92.0,,,59.0,,63.0,83.0,64.0,65.0,90.0,64.0,67.0,76.0,,61.0,65.0,68.0,70.0,76.0,63.0,52.0,76.0,81.0,,60.0,74.0,54.0,73.0,,59.0,56.0,65.0,66.0,71.0
2025,610155,Sauganash Elementary School,,,,,,67.0,,70.0,73.0,74.0,,77.0,64.0,52.0,,,72.0,,73.0,84.0,76.0,78.0,47.0,80.0,75.0,52.0,,71.0,70.0,84.0,76.0,65.0,68.0,82.0,65.0,82.0,,69.0,72.0,81.0,63.0,,86.0,76.0,80.0,73.0,67.0
2025,610157,Sidney Sawyer Elementary School,,,,,,52.0,,47.0,44.0,45.0,,38.0,40.0,48.0,,,38.0,,41.0,53.0,42.0,48.0,49.0,50.0,49.0,31.0,,40.0,45.0,49.0,47.0,38.0,41.0,41.0,46.0,52.0,,39.0,54.0,43.0,42.0,,37.0,59.0,44.0,31.0,44.0
2025,610158,Harriet E Sayre Elementary Language Academy,,,,,,36.0,,40.0,33.0,30.0,,31.0,43.0,52.0,,,45.0,,38.0,61.0,26.0,38.0,51.0,37.0,42.0,45.0,,29.0,29.0,34.0,29.0,40.0,49.0,27.0,49.0,42.0,,14.0,39.0,26.0,54.0,,35.0,30.0,35.0,34.0,37.0
2025,610159,Jonathan Y Scammon Elementary School,,,,,,59.0,,70.0,59.0,52.0,,59.0,45.0,55.0,,,39.0,,55.0,62.0,64.0,65.0,46.0,68.0,64.0,28.0,,53.0,69.0,55.0,39.0,40.0,42.0,65.0,44.0,46.0,,40.0,51.0,54.0,48.0,,57.0,67.0,63.0,61.0,37.0
2025,610163,Frederick Stock Elementary School,,,,,,,,72.0,80.0,84.0,,81.0,,,,,,,83.0,,77.0,92.0,,99.0,89.0,,,85.0,88.0,,65.0,,,83.0,,,,76.0,,,,,88.0,92.0,88.0,72.0,71.0
2025,610165,Franz Peter Schubert Elementary School,,,,,,50.0,,67.0,53.0,43.0,,59.0,,69.0,,,,,57.0,,58.0,51.0,68.0,63.0,45.0,,,68.0,52.0,50.0,55.0,52.0,42.0,44.0,49.0,,,56.0,52.0,37.0,52.0,,72.0,57.0,45.0,38.0,60.0
2025,610167,William H Seward Communication Arts Academy ES,,,,,,45.0,,46.0,43.0,42.0,,42.0,39.0,49.0,,,41.0,,48.0,64.0,46.0,49.0,62.0,49.0,48.0,22.0,,46.0,42.0,50.0,43.0,39.0,39.0,40.0,50.0,48.0,,33.0,43.0,47.0,45.0,,44.0,49.0,50.0,33.0,44.0
2025,610170,Columbia Explorers Elementary Academy,,,,,,69.0,,89.0,72.0,68.0,,75.0,63.0,55.0,,,49.0,,67.0,59.0,78.0,76.0,55.0,81.0,76.0,41.0,,72.0,79.0,80.0,63.0,47.0,57.0,67.0,58.0,73.0,,72.0,77.0,72.0,65.0,,86.0,77.0,72.0,64.0,59.0
2025,610171,Arnold Mireles Elementary Academy,,,,,,28.0,,44.0,45.0,40.0,,53.0,38.0,56.0,,,27.0,,46.0,42.0,56.0,40.0,43.0,52.0,28.0,26.0,,63.0,67.0,35.0,39.0,36.0,27.0,39.0,37.0,38.0,,40.0,43.0,27.0,33.0,,41.0,34.0,40.0,51.0,36.0
2025,610172,William T Sherman Elementary School,,,,,,64.0,,75.0,73.0,70.0,,75.0,99.0,91.0,,,91.0,,77.0,49.0,85.0,81.0,87.0,89.0,71.0,77.0,,62.0,88.0,66.0,93.0,99.0,88.0,59.0,99.0,94.0,,65.0,99.0,70.0,99.0,,83.0,66.0,84.0,68.0,75.0
2025,610173,Jesse Sherwood Elementary School,,,,,,39.0,,43.0,49.0,50.0,,53.0,59.0,56.0,,,55.0,,49.0,58.0,52.0,54.0,76.0,53.0,54.0,60.0,,60.0,57.0,38.0,46.0,51.0,61.0,45.0,80.0,71.0,,53.0,52.0,34.0,68.0,,52.0,52.0,55.0,47.0,52.0
2025,610174,James Shields Elementary School,,,,,,76.0,,57.0,62.0,66.0,,75.0,,99.0,,,,,65.0,,68.0,60.0,90.0,67.0,52.0,,,84.0,77.0,79.0,72.0,30.0,26.0,64.0,47.0,,,43.0,55.0,55.0,44.0,,88.0,74.0,60.0,59.0,48.0
2025,610175,Beulah Shoesmith Elementary School,,,,,,38.0,,58.0,48.0,37.0,,46.0,50.0,51.0,,,40.0,,42.0,57.0,42.0,37.0,60.0,45.0,33.0,46.0,,45.0,49.0,49.0,50.0,60.0,36.0,42.0,50.0,45.0,,38.0,40.0,31.0,38.0,,54.0,48.0,32.0,43.0,54.0
2025,610176,John D Shoop Math-Science Technical Academy ES,,,,,,37.0,,71.0,58.0,51.0,,54.0,41.0,52.0,,,35.0,,54.0,36.0,68.0,47.0,59.0,68.0,29.0,52.0,,58.0,70.0,47.0,77.0,37.0,36.0,41.0,42.0,42.0,,54.0,30.0,32.0,32.0,,44.0,43.0,44.0,47.0,56.0
2025,610177,Mark Skinner Elementary School,,,,,,45.0,,58.0,50.0,35.0,,50.0,54.0,51.0,,,55.0,,51.0,47.0,54.0,67.0,41.0,68.0,70.0,61.0,,43.0,56.0,60.0,49.0,61.0,46.0,47.0,53.0,54.0,,53.0,47.0,55.0,52.0,,54.0,34.0,62.0,47.0,55.0
2025,610178,Theophilus Schmid Elementary School,,,,,,30.0,,55.0,46.0,34.0,,47.0,30.0,53.0,,,36.0,,48.0,52.0,48.0,45.0,52.0,61.0,34.0,32.0,,52.0,55.0,37.0,48.0,25.0,20.0,39.0,34.0,36.0,,48.0,34.0,29.0,20.0,,48.0,46.0,40.0,40.0,46.0
2025,610179,Washington D Smyser Elementary School,,,,,,49.0,,52.0,50.0,46.0,,58.0,54.0,58.0,,,43.0,,48.0,61.0,59.0,52.0,62.0,66.0,46.0,46.0,,54.0,63.0,51.0,51.0,38.0,50.0,46.0,52.0,52.0,,29.0,52.0,50.0,54.0,,62.0,42.0,45.0,56.0,42.0
2025,610180,John M Smyth Elementary School,,,,,,18.0,,68.0,49.0,40.0,,54.0,48.0,69.0,,,43.0,,53.0,50.0,55.0,49.0,69.0,59.0,46.0,46.0,,51.0,60.0,35.0,61.0,58.0,31.0,33.0,46.0,46.0,,43.0,42.0,36.0,43.0,,54.0,33.0,43.0,54.0,42.0
2025,610182,Hannah G Solomon Elementary School,,,,,,63.0,,50.0,45.0,41.0,,49.0,54.0,44.0,,,60.0,,36.0,49.0,47.0,52.0,60.0,52.0,52.0,55.0,,52.0,58.0,51.0,34.0,58.0,56.0,47.0,57.0,70.0,,61.0,67.0,70.0,54.0,,60.0,64.0,53.0,38.0,28.0
2025,610183,Spencer Technology Academy,,,,,,33.0,,59.0,43.0,32.0,,42.0,38.0,54.0,,,33.0,,32.0,50.0,54.0,36.0,48.0,53.0,25.0,36.0,,42.0,44.0,46.0,54.0,33.0,25.0,28.0,34.0,36.0,,60.0,36.0,26.0,29.0,,32.0,30.0,31.0,41.0,51.0
2025,610184,John Spry Elementary Community School,,,,,,35.0,,36.0,33.0,37.0,,22.0,47.0,51.0,,,37.0,,43.0,55.0,28.0,35.0,46.0,32.0,36.0,36.0,,28.0,24.0,42.0,38.0,39.0,41.0,24.0,52.0,50.0,,30.0,52.0,37.0,56.0,,18.0,41.0,38.0,13.0,46.0
2025,610185,Adlai E Stevenson Elementary School,,,,,,,,,,,,,43.0,49.0,,,42.0,,,53.0,,,51.0,,,33.0,,,,,,36.0,38.0,,44.0,43.0,,,40.0,,46.0,,,,,,
2025,610188,Dunne Technology Academy,,,,,,49.0,,70.0,68.0,63.0,,64.0,99.0,99.0,,,99.0,,69.0,99.0,80.0,67.0,99.0,75.0,52.0,99.0,,63.0,72.0,93.0,64.0,99.0,99.0,70.0,99.0,99.0,,61.0,99.0,58.0,99.0,,49.0,77.0,73.0,64.0,64.0
2025,610191,Stone Elementary Scholastic Academy,,,,,,52.0,,48.0,49.0,48.0,,54.0,61.0,60.0,,,47.0,,45.0,65.0,45.0,57.0,56.0,63.0,46.0,51.0,,54.0,50.0,50.0,53.0,51.0,62.0,55.0,59.0,69.0,,51.0,57.0,55.0,59.0,,66.0,65.0,61.0,51.0,46.0
2025,610192,Harriet Beecher Stowe Elementary School,,,,,,30.0,,59.0,50.0,39.0,,49.0,42.0,50.0,,,41.0,,55.0,49.0,60.0,47.0,47.0,49.0,50.0,37.0,,48.0,58.0,37.0,42.0,36.0,33.0,41.0,48.0,48.0,,52.0,51.0,31.0,50.0,,38.0,39.0,43.0,49.0,51.0
2025,610193,William K New Sullivan Elementary School,,,,,,60.0,,54.0,47.0,42.0,,46.0,44.0,44.0,,,31.0,,46.0,39.0,48.0,44.0,57.0,59.0,33.0,37.0,,45.0,51.0,51.0,47.0,50.0,30.0,46.0,37.0,39.0,,39.0,36.0,41.0,26.0,,45.0,54.0,40.0,44.0,44.0
2025,610194,Charles Sumner Math & Science Community Acad ES,,,,,,63.0,,51.0,53.0,48.0,,52.0,56.0,68.0,,,47.0,,50.0,50.0,51.0,57.0,60.0,59.0,54.0,64.0,,47.0,62.0,57.0,52.0,44.0,43.0,53.0,49.0,43.0,,34.0,38.0,44.0,45.0,,57.0,67.0,57.0,51.0,52.0
2025,610195,Elizabeth H Sutherland Elementary School,,,,,,56.0,,78.0,61.0,46.0,,61.0,70.0,74.0,,,65.0,,60.0,52.0,63.0,68.0,67.0,74.0,65.0,70.0,,60.0,66.0,63.0,68.0,50.0,54.0,55.0,51.0,64.0,,57.0,47.0,58.0,54.0,,70.0,49.0,64.0,50.0,58.0
2025,610196,George B Swift Elementary Specialty School,,,,,,42.0,,58.0,50.0,43.0,,50.0,66.0,47.0,,,49.0,,45.0,57.0,55.0,55.0,52.0,56.0,51.0,46.0,,52.0,61.0,58.0,50.0,61.0,41.0,48.0,60.0,48.0,,52.0,69.0,50.0,60.0,,51.0,57.0,57.0,43.0,38.0
2025,610197,Mancel Talcott Elementary School,,,,,,57.0,,59.0,56.0,42.0,,50.0,51.0,59.0,,,48.0,,60.0,41.0,52.0,61.0,50.0,61.0,61.0,39.0,,48.0,50.0,50.0,42.0,60.0,50.0,64.0,61.0,45.0,,58.0,60.0,52.0,64.0,,57.0,65.0,61.0,41.0,67.0
2025,610198,Douglas Taylor Elementary School,,,,,,61.0,,61.0,60.0,60.0,,61.0,62.0,65.0,,,51.0,,63.0,67.0,66.0,56.0,68.0,60.0,49.0,49.0,,51.0,59.0,66.0,61.0,59.0,64.0,68.0,74.0,74.0,,59.0,71.0,44.0,70.0,,65.0,70.0,59.0,60.0,51.0
2025,610199,Johnnie Colemon Elementary Academy,,,,,,92.0,,75.0,65.0,62.0,,69.0,55.0,59.0,,,41.0,,71.0,66.0,70.0,84.0,66.0,89.0,81.0,57.0,,68.0,69.0,75.0,57.0,38.0,47.0,67.0,48.0,59.0,,61.0,47.0,71.0,42.0,,73.0,90.0,83.0,63.0,51.0
2025,610200,James N Thorp Elementary School,,,,,,34.0,,38.0,47.0,43.0,,55.0,65.0,67.0,,,43.0,,54.0,68.0,53.0,40.0,66.0,51.0,29.0,49.0,,59.0,62.0,44.0,61.0,42.0,40.0,44.0,53.0,47.0,,49.0,41.0,35.0,51.0,,48.0,36.0,41.0,58.0,50.0
2025,610201,Ole A Thorp Elementary Scholastic Academy,,,,,,55.0,,58.0,48.0,43.0,,39.0,53.0,42.0,,,46.0,,49.0,62.0,41.0,64.0,40.0,74.0,62.0,53.0,,38.0,39.0,56.0,46.0,56.0,44.0,49.0,51.0,51.0,,34.0,53.0,58.0,41.0,,44.0,49.0,56.0,34.0,51.0
2025,610202,George W Tilton Elementary School,,,,,,34.0,,53.0,49.0,47.0,,50.0,54.0,79.0,,,41.0,,55.0,65.0,50.0,34.0,66.0,48.0,24.0,47.0,,45.0,46.0,45.0,53.0,58.0,37.0,40.0,59.0,35.0,,30.0,37.0,21.0,49.0,,46.0,32.0,29.0,59.0,58.0
2025,610203,Monarcas Academy,,,,,,73.0,,42.0,34.0,30.0,,45.0,,70.0,,,,,39.0,,46.0,49.0,63.0,54.0,49.0,,,51.0,52.0,65.0,35.0,58.0,35.0,35.0,51.0,,,1.0,61.0,49.0,58.0,,51.0,73.0,43.0,31.0,13.0
2025,610206,Mark Twain Elementary School,,,,,,47.0,,51.0,52.0,55.0,,39.0,48.0,49.0,,,41.0,,62.0,58.0,42.0,54.0,42.0,58.0,54.0,39.0,,44.0,42.0,64.0,60.0,38.0,47.0,48.0,47.0,57.0,,39.0,57.0,50.0,46.0,,41.0,43.0,49.0,30.0,62.0
2025,610207,John H Vanderpoel Elementary Magnet School,,,,,,59.0,,25.0,21.0,16.0,,21.0,68.0,60.0,,,55.0,,4.0,59.0,20.0,43.0,57.0,45.0,50.0,64.0,,33.0,18.0,35.0,11.0,55.0,44.0,18.0,43.0,42.0,,15.0,34.0,45.0,37.0,,15.0,58.0,35.0,15.0,29.0
2025,610208,Mildred I Lavizzo Elementary School,,,,,,44.0,,62.0,59.0,55.0,,49.0,70.0,74.0,,,45.0,,56.0,63.0,69.0,47.0,80.0,52.0,38.0,60.0,,50.0,69.0,38.0,68.0,65.0,45.0,43.0,56.0,65.0,,50.0,59.0,21.0,54.0,,40.0,42.0,50.0,35.0,66.0
2025,610209,Alessandro Volta Elementary School,,,,,,59.0,,42.0,37.0,32.0,,34.0,54.0,66.0,,,42.0,,30.0,53.0,35.0,51.0,61.0,38.0,59.0,33.0,,37.0,44.0,54.0,49.0,47.0,47.0,34.0,53.0,46.0,,29.0,56.0,42.0,62.0,,34.0,49.0,55.0,28.0,34.0
2025,610212,Albany Park Multicultural Academy,,,,,,54.0,,80.0,76.0,82.0,,67.0,51.0,66.0,,,33.0,,69.0,46.0,72.0,66.0,63.0,67.0,72.0,11.0,,59.0,74.0,56.0,90.0,29.0,45.0,65.0,53.0,59.0,,55.0,63.0,47.0,49.0,,76.0,78.0,60.0,59.0,78.0
2025,610213,James Wadsworth Elementary School,,,,,,42.0,,54.0,49.0,39.0,,52.0,55.0,63.0,,,38.0,,50.0,54.0,65.0,48.0,65.0,54.0,43.0,50.0,,49.0,58.0,48.0,47.0,49.0,38.0,43.0,48.0,52.0,,38.0,42.0,19.0,44.0,,40.0,44.0,47.0,55.0,51.0
2025,610215,Francisco I Madero Middle School,,,,,,72.0,,72.0,76.0,74.0,,80.0,88.0,99.0,,,37.0,,92.0,73.0,93.0,97.0,75.0,99.0,99.0,42.0,,78.0,84.0,86.0,67.0,55.0,58.0,71.0,80.0,79.0,,72.0,72.0,77.0,82.0,,98.0,79.0,92.0,49.0,79.0
2025,610216,John A Walsh Elementary School,,,,,,64.0,,59.0,45.0,36.0,,46.0,50.0,57.0,,,51.0,,42.0,64.0,47.0,55.0,60.0,53.0,55.0,35.0,,48.0,49.0,62.0,41.0,34.0,46.0,51.0,52.0,63.0,,50.0,63.0,50.0,48.0,,48.0,71.0,56.0,41.0,30.0
2025,610217,James Ward Elementary School,,,,,,46.0,,51.0,61.0,67.0,,63.0,64.0,58.0,,,60.0,,63.0,56.0,64.0,72.0,67.0,77.0,72.0,41.0,,57.0,58.0,59.0,57.0,60.0,71.0,67.0,70.0,77.0,,47.0,79.0,56.0,74.0,,63.0,71.0,67.0,66.0,63.0
2025,610218,Joseph Warren Elementary School,,,,,,53.0,,65.0,68.0,68.0,,72.0,74.0,99.0,,,48.0,,70.0,78.0,71.0,63.0,99.0,81.0,49.0,78.0,,77.0,73.0,69.0,78.0,75.0,76.0,67.0,89.0,76.0,,61.0,76.0,50.0,77.0,,69.0,59.0,60.0,69.0,69.0
2025,610219,George Washington Elementary School,,,,,,62.0,,35.0,48.0,50.0,,56.0,66.0,55.0,,,59.0,,51.0,48.0,53.0,56.0,52.0,57.0,55.0,56.0,,61.0,60.0,69.0,49.0,50.0,73.0,56.0,66.0,83.0,,46.0,75.0,49.0,67.0,,54.0,70.0,55.0,57.0,37.0
2025,610220,Thomas J Waters Elementary School,,,,,,44.0,,54.0,52.0,46.0,,52.0,61.0,38.0,,,70.0,,48.0,71.0,44.0,66.0,54.0,65.0,70.0,64.0,,57.0,54.0,56.0,43.0,56.0,61.0,50.0,64.0,67.0,,29.0,63.0,59.0,59.0,,62.0,58.0,63.0,45.0,56.0
2025,610221,Daniel Webster Elementary School,,,,,,57.0,,50.0,51.0,48.0,,58.0,58.0,65.0,,,46.0,,64.0,58.0,64.0,51.0,84.0,56.0,51.0,79.0,,60.0,64.0,52.0,54.0,69.0,59.0,50.0,77.0,81.0,,66.0,63.0,48.0,59.0,,54.0,49.0,47.0,53.0,44.0
2025,610223,Daniel S Wentworth Elementary School,,,,,,39.0,,44.0,34.0,27.0,,39.0,48.0,43.0,,,30.0,,36.0,53.0,40.0,28.0,46.0,33.0,23.0,38.0,,43.0,42.0,40.0,40.0,41.0,28.0,27.0,44.0,41.0,,33.0,35.0,22.0,29.0,,38.0,35.0,29.0,33.0,31.0
2025,610225,John Whistler Elementary School,,,,,,46.0,,72.0,54.0,41.0,,43.0,43.0,81.0,,,29.0,,58.0,28.0,40.0,47.0,80.0,36.0,52.0,54.0,,64.0,53.0,57.0,66.0,36.0,33.0,35.0,35.0,44.0,,50.0,33.0,51.0,46.0,,40.0,58.0,52.0,28.0,71.0
2025,610226,Socorro Sandoval Elementary School,,,,,,60.0,,63.0,68.0,68.0,,67.0,,64.0,,,,,79.0,,77.0,76.0,64.0,86.0,67.0,,,61.0,77.0,77.0,76.0,48.0,34.0,67.0,47.0,,,49.0,53.0,60.0,50.0,,75.0,73.0,74.0,55.0,66.0
2025,610227,Eli Whitney Elementary School,,,,,,58.0,,66.0,64.0,63.0,,66.0,45.0,51.0,,,34.0,,68.0,65.0,71.0,67.0,49.0,80.0,58.0,35.0,,62.0,72.0,68.0,64.0,42.0,44.0,63.0,56.0,49.0,,55.0,58.0,51.0,61.0,,71.0,71.0,64.0,60.0,54.0
2025,610228,John Greenleaf Whittier Elementary School,,,,,,55.0,,42.0,50.0,33.0,,55.0,39.0,56.0,,,35.0,,44.0,34.0,58.0,44.0,41.0,57.0,36.0,18.0,,59.0,59.0,45.0,16.0,42.0,42.0,56.0,48.0,48.0,,53.0,43.0,52.0,48.0,,45.0,61.0,40.0,57.0,62.0
2025,610229,A.N. Pritzker School,,,,,,55.0,,66.0,61.0,52.0,,60.0,48.0,44.0,,,46.0,,48.0,56.0,54.0,70.0,37.0,73.0,71.0,56.0,,56.0,57.0,58.0,57.0,42.0,55.0,64.0,52.0,66.0,,38.0,54.0,61.0,49.0,,64.0,63.0,66.0,64.0,65.0
2025,610230,Wildwood IB World Magnet School,,,,,,55.0,,60.0,51.0,49.0,,49.0,61.0,44.0,,,70.0,,51.0,49.0,45.0,66.0,55.0,66.0,69.0,65.0,,54.0,53.0,50.0,57.0,45.0,60.0,48.0,55.0,67.0,,33.0,59.0,64.0,52.0,,47.0,52.0,64.0,49.0,46.0
2025,610231,National Teachers Elementary Academy,,,,,,48.0,,59.0,53.0,47.0,,57.0,45.0,64.0,,,46.0,,56.0,58.0,55.0,61.0,54.0,69.0,58.0,58.0,,55.0,68.0,55.0,51.0,58.0,41.0,47.0,45.0,40.0,,56.0,36.0,45.0,40.0,,64.0,49.0,57.0,55.0,42.0
2025,610234,Richard Yates Elementary School,,,,,,42.0,,49.0,48.0,50.0,,48.0,55.0,53.0,,,35.0,,42.0,55.0,50.0,47.0,54.0,54.0,43.0,43.0,,46.0,53.0,53.0,61.0,32.0,37.0,41.0,42.0,43.0,,35.0,34.0,40.0,35.0,,55.0,56.0,45.0,42.0,49.0
2025,610235,Ella Flagg Young Elementary School,,,,,,50.0,,71.0,54.0,47.0,,46.0,41.0,44.0,,,32.0,,46.0,54.0,49.0,53.0,45.0,57.0,53.0,32.0,,49.0,53.0,65.0,63.0,39.0,28.0,49.0,40.0,42.0,,42.0,41.0,37.0,38.0,,42.0,41.0,50.0,43.0,52.0
2025,610237,Ludwig Van Beethoven Elementary School,,,,,,23.0,,46.0,37.0,30.0,,42.0,,,,,,,41.0,,46.0,31.0,,42.0,23.0,,,44.0,50.0,26.0,52.0,,,17.0,,,,45.0,,17.0,,,43.0,18.0,29.0,36.0,44.0
2025,610238,Carrie Jacobs Bond Elementary School,,,,,,26.0,,34.0,31.0,21.0,,39.0,52.0,53.0,,,35.0,,33.0,44.0,40.0,32.0,41.0,42.0,29.0,60.0,,40.0,39.0,33.0,35.0,35.0,32.0,24.0,43.0,33.0,,37.0,37.0,20.0,42.0,,42.0,32.0,26.0,32.0,37.0
2025,610239,Richard J Daley Elementary Academy,,,,,,71.0,,47.0,55.0,57.0,,38.0,40.0,49.0,,,32.0,,59.0,60.0,64.0,45.0,42.0,45.0,37.0,37.0,,34.0,60.0,67.0,44.0,39.0,39.0,55.0,47.0,50.0,,60.0,50.0,56.0,54.0,,22.0,67.0,53.0,33.0,54.0
2025,610242,Joseph Brennemann Elementary School,,,,,,37.0,,53.0,49.0,47.0,,46.0,51.0,65.0,,,38.0,,47.0,63.0,50.0,46.0,56.0,48.0,43.0,43.0,,44.0,52.0,45.0,42.0,47.0,42.0,36.0,54.0,52.0,,59.0,45.0,44.0,59.0,,45.0,43.0,48.0,43.0,57.0
2025,610244,Michele Clark Academic Prep Magnet High School,,,,,,26.0,,49.0,47.0,38.0,,44.0,58.0,80.0,42.0,,36.0,63.0,48.0,60.0,49.0,52.0,77.0,65.0,45.0,38.0,,38.0,53.0,37.0,54.0,57.0,41.0,43.0,55.0,47.0,57.0,43.0,53.0,17.0,48.0,47.0,47.0,38.0,46.0,41.0,51.0
2025,610245,Frederick A Douglass Academy High School,,,,,,64.0,,,72.0,67.0,,75.0,81.0,86.0,,,30.0,60.0,74.0,67.0,72.0,64.0,99.0,67.0,,26.0,,83.0,87.0,68.0,53.0,61.0,38.0,59.0,56.0,53.0,64.0,48.0,63.0,58.0,66.0,56.0,70.0,70.0,61.0,76.0,76.0
2025,610246,Edward Beasley Elementary Magnet Academic Center,,,,,,41.0,,59.0,57.0,56.0,,59.0,45.0,66.0,,,41.0,,62.0,59.0,69.0,55.0,65.0,60.0,53.0,60.0,,62.0,59.0,64.0,59.0,51.0,33.0,54.0,37.0,35.0,,47.0,41.0,49.0,32.0,,44.0,51.0,53.0,61.0,59.0
2025,610248,Chicago Academy Elementary School,,,,,,56.0,,57.0,60.0,58.0,,63.0,57.0,74.0,,,55.0,,59.0,58.0,72.0,58.0,51.0,49.0,60.0,66.0,,68.0,72.0,50.0,50.0,44.0,56.0,58.0,58.0,56.0,,54.0,60.0,61.0,63.0,,57.0,53.0,65.0,55.0,53.0
2025,610249,Talman Elementary School,,,,,,59.0,,55.0,62.0,66.0,,56.0,51.0,70.0,,,44.0,,68.0,62.0,62.0,70.0,56.0,67.0,66.0,34.0,,53.0,61.0,71.0,83.0,21.0,51.0,56.0,53.0,59.0,,61.0,68.0,52.0,54.0,,59.0,78.0,76.0,49.0,74.0
2025,610250,Ruben Salazar Elementary Bilingual Center,,,,,,50.0,,58.0,60.0,60.0,,56.0,57.0,71.0,,,49.0,,60.0,54.0,59.0,50.0,55.0,54.0,45.0,48.0,,46.0,62.0,44.0,57.0,64.0,56.0,56.0,70.0,69.0,,60.0,62.0,37.0,70.0,,57.0,68.0,52.0,63.0,63.0
2025,610251,Willa Cather Elementary School,,,,,,41.0,,73.0,72.0,69.0,,72.0,52.0,58.0,,,39.0,,71.0,59.0,81.0,61.0,54.0,70.0,54.0,43.0,,67.0,82.0,68.0,91.0,32.0,39.0,65.0,53.0,44.0,,69.0,39.0,38.0,40.0,,73.0,56.0,59.0,65.0,69.0
2025,610252,Robert Nathaniel Dett Elementary School,,,,,,28.0,,44.0,42.0,33.0,,46.0,45.0,36.0,,,38.0,,38.0,41.0,46.0,45.0,37.0,50.0,42.0,34.0,,45.0,58.0,38.0,62.0,33.0,25.0,33.0,37.0,32.0,,39.0,35.0,27.0,28.0,,45.0,32.0,44.0,49.0,44.0
2025,610254,Dvorak Technology Academy,,,,,,42.0,,48.0,46.0,41.0,,48.0,43.0,52.0,,,30.0,,46.0,47.0,56.0,41.0,45.0,43.0,37.0,41.0,,49.0,56.0,33.0,48.0,37.0,25.0,31.0,40.0,37.0,,50.0,36.0,39.0,22.0,,42.0,30.0,44.0,43.0,56.0
2025,610256,Jackie Robinson Elementary School,,,,,,45.0,,62.0,62.0,63.0,,69.0,,,,,,,83.0,,68.0,45.0,,50.0,47.0,,,75.0,69.0,37.0,69.0,,,49.0,,,,54.0,,13.0,,,68.0,55.0,39.0,65.0,68.0
2025,610257,Morton School of Excellence,,,,,,37.0,,45.0,35.0,37.0,,34.0,34.0,43.0,,,41.0,,37.0,58.0,28.0,48.0,48.0,38.0,55.0,34.0,,34.0,34.0,33.0,31.0,27.0,22.0,24.0,31.0,31.0,,27.0,32.0,42.0,17.0,,52.0,36.0,51.0,22.0,37.0
2025,610263,John Foster Dulles Elementary School,,,,,,17.0,,60.0,48.0,40.0,,48.0,56.0,46.0,,,33.0,,44.0,51.0,56.0,35.0,49.0,52.0,25.0,51.0,,45.0,58.0,42.0,61.0,40.0,30.0,32.0,40.0,39.0,,64.0,42.0,19.0,36.0,,43.0,31.0,29.0,48.0,52.0
2025,610268,Arthur R Ashe Elementary School,,,,,,38.0,,47.0,43.0,35.0,,49.0,58.0,67.0,,,34.0,,37.0,49.0,47.0,31.0,64.0,51.0,13.0,59.0,,47.0,59.0,50.0,56.0,47.0,39.0,43.0,48.0,40.0,,39.0,50.0,19.0,51.0,,47.0,40.0,28.0,53.0,33.0
2025,610269,John T McCutcheon Elementary School,,,,,,39.0,,62.0,63.0,60.0,,64.0,53.0,61.0,,,48.0,,62.0,53.0,65.0,58.0,50.0,71.0,44.0,55.0,,58.0,75.0,61.0,69.0,38.0,51.0,57.0,62.0,66.0,,54.0,61.0,45.0,61.0,,67.0,58.0,59.0,64.0,59.0
2025,610271,Jensen Elementary Scholastic Academy,,,,,,45.0,,51.0,61.0,59.0,,69.0,60.0,74.0,,,30.0,,65.0,78.0,76.0,59.0,59.0,73.0,50.0,58.0,,70.0,64.0,63.0,60.0,63.0,41.0,61.0,52.0,39.0,,48.0,40.0,49.0,39.0,,70.0,56.0,54.0,60.0,72.0
2025,610274,James Weldon Johnson STEAM Elementary School,,,,,,29.0,,63.0,57.0,62.0,,50.0,50.0,54.0,,,35.0,,63.0,43.0,63.0,29.0,48.0,41.0,20.0,38.0,,55.0,68.0,66.0,75.0,41.0,36.0,35.0,50.0,44.0,,49.0,41.0,38.0,42.0,,41.0,36.0,27.0,39.0,55.0
2025,610276,Irvin C Mollison Elementary School,,,,,,16.0,,28.0,24.0,15.0,,23.0,58.0,43.0,,,35.0,,21.0,56.0,31.0,16.0,62.0,28.0,3.0,42.0,,30.0,26.0,33.0,28.0,38.0,26.0,9.0,35.0,38.0,,1.0,26.0,13.0,29.0,,20.0,13.0,18.0,9.0,41.0
2025,610279,Henry O Tanner Elementary School,,,,,,27.0,,64.0,53.0,48.0,,54.0,48.0,52.0,,,36.0,,61.0,32.0,60.0,40.0,52.0,55.0,30.0,30.0,,49.0,57.0,38.0,65.0,37.0,27.0,44.0,37.0,37.0,,44.0,29.0,16.0,25.0,,51.0,32.0,34.0,54.0,50.0
2025,610281,Adam Clayton Powell Paideia Community Academy ES,,,,,,30.0,,54.0,42.0,31.0,,40.0,54.0,57.0,,,36.0,,44.0,60.0,46.0,43.0,52.0,52.0,36.0,51.0,,41.0,55.0,52.0,45.0,51.0,34.0,31.0,46.0,41.0,,51.0,41.0,30.0,37.0,,37.0,39.0,42.0,34.0,37.0
2025,610282,Ronald E McNair Elementary School,,,,,,52.0,,65.0,66.0,61.0,,67.0,99.0,99.0,,,61.0,,76.0,92.0,73.0,63.0,99.0,70.0,57.0,97.0,,65.0,80.0,55.0,68.0,98.0,75.0,59.0,79.0,78.0,,64.0,83.0,54.0,89.0,,63.0,65.0,61.0,66.0,67.0
2025,610284,New Field Elementary School,,,,,,38.0,,34.0,45.0,44.0,,56.0,,48.0,,,,,47.0,,50.0,60.0,56.0,72.0,53.0,,,57.0,61.0,60.0,54.0,25.0,24.0,43.0,38.0,,,37.0,40.0,44.0,30.0,,71.0,44.0,56.0,46.0,45.0
2025,610287,Ashburn Community Elementary School,,,,,,45.0,,47.0,57.0,63.0,,57.0,54.0,54.0,,,45.0,,67.0,45.0,68.0,62.0,63.0,68.0,60.0,57.0,,57.0,68.0,51.0,52.0,42.0,52.0,59.0,51.0,54.0,,56.0,49.0,46.0,58.0,,48.0,64.0,58.0,56.0,50.0
2025,610290,Benjamin E Mays Elementary Academy,,,,,,44.0,,58.0,51.0,50.0,,52.0,31.0,62.0,,,31.0,,55.0,35.0,63.0,39.0,45.0,53.0,24.0,46.0,,62.0,58.0,24.0,75.0,37.0,28.0,40.0,36.0,30.0,,43.0,35.0,19.0,30.0,,38.0,34.0,39.0,45.0,47.0
2025,610291,Richard Henry Lee Elementary School,,,,,,68.0,,65.0,64.0,62.0,,62.0,61.0,74.0,,,43.0,,63.0,67.0,67.0,58.0,70.0,62.0,56.0,52.0,,58.0,71.0,65.0,54.0,48.0,51.0,59.0,58.0,53.0,,72.0,62.0,54.0,64.0,,60.0,65.0,55.0,62.0,63.0
2025,610293,Genevieve Melody Elementary School,,,,,,60.0,,56.0,51.0,52.0,,52.0,55.0,74.0,,,39.0,,47.0,65.0,55.0,42.0,62.0,48.0,38.0,44.0,,50.0,57.0,54.0,55.0,61.0,40.0,46.0,53.0,57.0,,49.0,59.0,28.0,43.0,,52.0,52.0,39.0,50.0,43.0
2025,610295,Thomas J Higgins Elementary Community Academy,,,,,,17.0,,67.0,54.0,40.0,,51.0,44.0,57.0,,,36.0,,64.0,66.0,55.0,52.0,61.0,59.0,49.0,43.0,,51.0,60.0,41.0,64.0,34.0,32.0,35.0,42.0,52.0,,61.0,25.0,26.0,28.0,,60.0,37.0,47.0,39.0,68.0
2025,610298,Lenart Elementary Regional Gifted Center,,,,,,67.0,,24.0,43.0,40.0,,49.0,52.0,54.0,,,39.0,,42.0,74.0,52.0,60.0,59.0,56.0,66.0,48.0,,54.0,59.0,72.0,39.0,43.0,61.0,47.0,59.0,75.0,,33.0,56.0,56.0,52.0,,43.0,66.0,57.0,48.0,45.0
2025,610299,Dr. Martin Luther King Jr Academy of Social Justice,,,,,,34.0,,,30.0,28.0,,30.0,33.0,49.0,,,29.0,,9.0,58.0,37.0,,63.0,,,45.0,,33.0,39.0,39.0,28.0,37.0,30.0,23.0,43.0,34.0,,19.0,40.0,21.0,41.0,,,22.0,26.0,21.0,
2025,610300,Oliver S Westcott Elementary School,,,,,,33.0,,34.0,39.0,36.0,,44.0,39.0,59.0,,,33.0,,37.0,52.0,47.0,28.0,56.0,34.0,24.0,38.0,,39.0,48.0,43.0,41.0,24.0,25.0,32.0,31.0,34.0,,45.0,26.0,20.0,27.0,,30.0,27.0,26.0,60.0,43.0
2025,610304,Phoenix Military Academy High School,,,,,,40.0,,45.0,46.0,37.0,,41.0,68.0,72.0,50.0,,35.0,62.0,47.0,66.0,40.0,47.0,76.0,53.0,49.0,53.0,,42.0,52.0,49.0,49.0,52.0,51.0,45.0,67.0,58.0,60.0,32.0,70.0,27.0,54.0,54.0,42.0,49.0,39.0,40.0,50.0
2025,610305,George Leland Elementary School,,,,,,37.0,,54.0,53.0,49.0,,58.0,42.0,44.0,,,34.0,,60.0,44.0,65.0,40.0,42.0,53.0,28.0,46.0,,57.0,57.0,34.0,58.0,38.0,31.0,47.0,46.0,45.0,,44.0,42.0,36.0,33.0,,46.0,52.0,39.0,64.0,57.0
2025,610308,Wilma Rudolph Elementary Learning Center,,,,,,46.0,,19.0,28.0,14.0,,51.0,,,,,,,6.0,,54.0,45.0,,56.0,43.0,,,45.0,49.0,16.0,52.0,,,52.0,,,,32.0,,45.0,,,55.0,67.0,35.0,51.0,7.0
2025,610312,Mary E McDowell Elementary School,,,,,,54.0,,50.0,59.0,50.0,,61.0,,75.0,,,,,49.0,,63.0,58.0,82.0,58.0,51.0,,,65.0,69.0,58.0,49.0,87.0,64.0,52.0,57.0,,,53.0,51.0,51.0,72.0,,61.0,82.0,65.0,53.0,75.0
2025,610313,Jose De Diego Elementary Community Academy,,,,,,23.0,,41.0,27.0,16.0,,35.0,35.0,42.0,,,36.0,,22.0,43.0,27.0,33.0,33.0,31.0,33.0,24.0,,37.0,34.0,27.0,28.0,26.0,27.0,21.0,41.0,34.0,,28.0,39.0,23.0,31.0,,38.0,16.0,34.0,39.0,25.0
2025,610315,Edward White Elementary Career Academy,,,,,,47.0,,41.0,42.0,42.0,,45.0,51.0,55.0,,,39.0,,36.0,61.0,47.0,38.0,55.0,42.0,29.0,43.0,,46.0,49.0,51.0,31.0,32.0,23.0,44.0,52.0,38.0,,16.0,33.0,44.0,33.0,,45.0,47.0,44.0,40.0,34.0
2025,610316,Amelia Earhart Options for Knowledge ES,,,,,,60.0,,49.0,63.0,74.0,,57.0,46.0,45.0,,,39.0,,81.0,46.0,62.0,59.0,49.0,61.0,59.0,48.0,,59.0,58.0,63.0,57.0,38.0,34.0,62.0,37.0,51.0,,45.0,39.0,59.0,31.0,,53.0,63.0,56.0,55.0,73.0
2025,610317,Brighton Park Elementary School,,,,,,62.0,,46.0,45.0,32.0,,53.0,53.0,47.0,,,44.0,,35.0,63.0,61.0,48.0,49.0,55.0,43.0,44.0,,46.0,52.0,37.0,45.0,47.0,49.0,51.0,58.0,56.0,,54.0,68.0,36.0,57.0,,53.0,66.0,45.0,53.0,42.0
2025,610319,Evergreen Academy Middle School,,,,,,64.0,,62.0,65.0,69.0,,64.0,99.0,98.0,,,54.0,,77.0,60.0,75.0,65.0,74.0,70.0,55.0,54.0,,65.0,77.0,70.0,59.0,58.0,85.0,64.0,99.0,99.0,,39.0,96.0,65.0,89.0,,65.0,84.0,71.0,52.0,55.0
2025,610323,Bowen High School,,,,,,30.0,,47.0,38.0,32.0,,40.0,34.0,48.0,43.0,,28.0,56.0,35.0,52.0,42.0,38.0,57.0,48.0,38.0,23.0,,44.0,36.0,53.0,55.0,53.0,35.0,30.0,44.0,42.0,45.0,30.0,42.0,32.0,39.0,41.0,40.0,34.0,29.0,35.0,43.0
2025,610325,Avondale-Logandale Elementary School,,,,,,70.0,,49.0,45.0,41.0,,44.0,56.0,56.0,,,48.0,,47.0,68.0,51.0,49.0,52.0,53.0,52.0,42.0,,41.0,50.0,63.0,52.0,57.0,49.0,47.0,56.0,61.0,,44.0,64.0,45.0,55.0,,48.0,65.0,42.0,37.0,37.0
2025,610329,Orozco Fine Arts & Sciences Elementary School,,,,,,41.0,,40.0,48.0,50.0,,47.0,58.0,59.0,,,44.0,,59.0,74.0,52.0,68.0,67.0,68.0,65.0,49.0,,40.0,54.0,56.0,44.0,52.0,59.0,57.0,69.0,70.0,,38.0,74.0,56.0,64.0,,56.0,64.0,72.0,41.0,40.0
2025,610334,Al Raby High School,,,,,,31.0,,56.0,41.0,32.0,,45.0,49.0,75.0,42.0,,35.0,60.0,28.0,57.0,50.0,22.0,60.0,23.0,11.0,31.0,,50.0,46.0,39.0,50.0,45.0,47.0,34.0,52.0,55.0,59.0,15.0,55.0,35.0,37.0,46.0,40.0,39.0,32.0,38.0,37.0
2025,610339,Amos Alonzo Stagg Elementary School,,,,,,61.0,,39.0,42.0,44.0,,40.0,47.0,60.0,,,32.0,,47.0,53.0,46.0,49.0,56.0,52.0,49.0,40.0,,53.0,46.0,70.0,42.0,51.0,35.0,30.0,46.0,37.0,,42.0,42.0,44.0,53.0,,31.0,52.0,46.0,29.0,50.0
2025,610340,Chicago Academy High School,,,,,,41.0,,65.0,49.0,49.0,,51.0,55.0,71.0,66.0,,42.0,63.0,57.0,69.0,57.0,47.0,70.0,41.0,49.0,39.0,,55.0,55.0,43.0,61.0,40.0,43.0,45.0,51.0,56.0,66.0,43.0,66.0,42.0,52.0,57.0,47.0,56.0,50.0,45.0,32.0
2025,610342,Albert R Sabin Elementary Magnet School,,,,,,46.0,,69.0,50.0,37.0,,52.0,37.0,41.0,,,34.0,,40.0,49.0,53.0,48.0,45.0,59.0,44.0,28.0,,50.0,60.0,51.0,49.0,26.0,36.0,44.0,41.0,39.0,,52.0,27.0,41.0,36.0,,52.0,42.0,42.0,53.0,41.0
2025,610345,Carter G Woodson South Elementary School,,,,,,49.0,,68.0,62.0,55.0,,60.0,65.0,73.0,,,50.0,,60.0,41.0,67.0,55.0,68.0,65.0,40.0,63.0,,49.0,71.0,69.0,76.0,51.0,49.0,59.0,64.0,49.0,,50.0,51.0,51.0,68.0,,57.0,46.0,61.0,66.0,56.0
2025,610347,Claremont STEM Magnet Elementary School,,,,,,61.0,,79.0,63.0,51.0,,58.0,99.0,99.0,,,99.0,,72.0,99.0,64.0,64.0,99.0,76.0,62.0,99.0,,66.0,72.0,52.0,69.0,99.0,99.0,47.0,99.0,99.0,,52.0,99.0,53.0,99.0,,53.0,59.0,55.0,47.0,68.0
2025,610350,Robert A Black Magnet Elementary School,,,,,,64.0,,57.0,63.0,66.0,,63.0,56.0,66.0,,,46.0,,66.0,57.0,66.0,67.0,73.0,77.0,60.0,54.0,,65.0,65.0,67.0,53.0,56.0,50.0,59.0,46.0,67.0,,54.0,53.0,51.0,42.0,,69.0,69.0,64.0,51.0,67.0
2025,610352,Durkin Park Elementary School,,,,,,50.0,,60.0,51.0,45.0,,44.0,51.0,58.0,,,50.0,,49.0,62.0,51.0,56.0,54.0,53.0,56.0,48.0,,49.0,50.0,50.0,44.0,53.0,47.0,49.0,49.0,48.0,,49.0,57.0,48.0,55.0,,36.0,47.0,58.0,41.0,50.0
2025,610353,Calmeca Academy of Fine Arts and Dual Language,,,,,,51.0,,62.0,66.0,65.0,,65.0,47.0,53.0,,,36.0,,67.0,70.0,69.0,63.0,53.0,67.0,64.0,34.0,,56.0,69.0,66.0,67.0,39.0,49.0,69.0,51.0,49.0,,64.0,54.0,49.0,53.0,,63.0,63.0,58.0,73.0,64.0
2025,610354,North River Elementary School,,,,,,74.0,,72.0,69.0,64.0,,75.0,48.0,58.0,,,40.0,,63.0,49.0,78.0,70.0,43.0,71.0,68.0,30.0,,78.0,82.0,64.0,72.0,52.0,49.0,68.0,54.0,58.0,,57.0,61.0,54.0,56.0,,66.0,72.0,72.0,76.0,61.0
2025,610355,Mary E Courtenay Elementary Language Arts Center,,,,,,36.0,,55.0,52.0,46.0,,55.0,59.0,66.0,,,51.0,,55.0,67.0,62.0,53.0,67.0,69.0,46.0,57.0,,68.0,56.0,38.0,47.0,30.0,53.0,44.0,63.0,58.0,,49.0,58.0,33.0,61.0,,52.0,57.0,44.0,39.0,61.0
2025,610357,Spry Community Links High School,,,,,,28.0,,66.0,46.0,61.0,,19.0,16.0,55.0,48.0,,32.0,51.0,88.0,63.0,17.0,35.0,52.0,36.0,29.0,27.0,,31.0,16.0,21.0,81.0,34.0,26.0,20.0,45.0,45.0,41.0,35.0,52.0,25.0,36.0,38.0,21.0,17.0,39.0,6.0,68.0
2025,610362,Medgar Evers Elementary School,,,,,,26.0,,55.0,61.0,61.0,,62.0,42.0,60.0,,,36.0,,58.0,50.0,63.0,52.0,54.0,69.0,46.0,50.0,,59.0,65.0,33.0,72.0,11.0,26.0,53.0,29.0,37.0,,66.0,27.0,33.0,19.0,,58.0,42.0,40.0,66.0,69.0
2025,610363,Walt Disney Magnet Elementary School,,,,,,42.0,,51.0,48.0,45.0,,51.0,58.0,49.0,,,49.0,,49.0,65.0,50.0,52.0,58.0,54.0,54.0,49.0,,46.0,51.0,49.0,53.0,64.0,49.0,44.0,53.0,55.0,,47.0,56.0,42.0,49.0,,52.0,45.0,49.0,54.0,47.0
2025,610364,William E B Dubois Elementary School,,,,,,41.0,,84.0,64.0,63.0,,58.0,99.0,99.0,,,95.0,,76.0,99.0,70.0,61.0,99.0,70.0,53.0,99.0,,51.0,68.0,66.0,72.0,99.0,76.0,51.0,99.0,99.0,,62.0,99.0,52.0,75.0,,62.0,63.0,61.0,47.0,55.0
2025,610366,Charles H Wacker Elementary School,,,,,,57.0,,72.0,68.0,73.0,,57.0,99.0,99.0,,,75.0,,69.0,84.0,62.0,76.0,99.0,66.0,74.0,84.0,,52.0,64.0,80.0,71.0,84.0,69.0,58.0,69.0,70.0,,54.0,71.0,40.0,66.0,,66.0,79.0,88.0,48.0,73.0
2025,610367,Oscar DePriest Elementary School,,,,,,27.0,,42.0,30.0,22.0,,25.0,43.0,47.0,,,28.0,,27.0,48.0,25.0,31.0,46.0,37.0,28.0,35.0,,23.0,30.0,35.0,38.0,28.0,20.0,25.0,33.0,29.0,,40.0,28.0,23.0,11.0,,34.0,24.0,27.0,17.0,30.0
2025,610368,Langston Hughes Elementary School,,,,,,26.0,,57.0,45.0,42.0,,54.0,46.0,75.0,,,37.0,,53.0,58.0,60.0,46.0,65.0,54.0,44.0,48.0,,53.0,60.0,45.0,58.0,38.0,37.0,32.0,46.0,33.0,,41.0,40.0,27.0,43.0,,55.0,26.0,40.0,49.0,34.0
2025,610369,Mahalia Jackson Elementary School,,,,,,49.0,,75.0,57.0,43.0,,54.0,91.0,93.0,,,51.0,,44.0,74.0,55.0,54.0,86.0,61.0,51.0,92.0,,67.0,71.0,58.0,59.0,54.0,70.0,54.0,69.0,69.0,,59.0,70.0,41.0,72.0,,44.0,64.0,51.0,51.0,40.0
2025,610380,Daniel Hale Williams Prep School of Medicine,,,,,,41.0,,68.0,50.0,63.0,,42.0,59.0,68.0,76.0,,23.0,85.0,54.0,59.0,62.0,38.0,72.0,35.0,35.0,50.0,,44.0,40.0,58.0,68.0,55.0,41.0,35.0,55.0,50.0,71.0,56.0,43.0,41.0,58.0,62.0,31.0,57.0,45.0,30.0,44.0
2025,610381,Bronzeville Scholastic Academy High School,,,,,,35.0,,48.0,42.0,43.0,,48.0,28.0,71.0,47.0,,24.0,59.0,59.0,72.0,46.0,41.0,72.0,51.0,31.0,37.0,,60.0,56.0,30.0,58.0,49.0,41.0,31.0,46.0,58.0,52.0,45.0,48.0,35.0,38.0,45.0,47.0,58.0,41.0,40.0,34.0
2025,610383,Greater Lawndale High School For Social Justice,,,,,,39.0,,59.0,41.0,39.0,,47.0,34.0,58.0,46.0,,29.0,61.0,40.0,59.0,42.0,44.0,71.0,32.0,46.0,36.0,,41.0,28.0,24.0,45.0,36.0,37.0,30.0,49.0,55.0,63.0,42.0,61.0,33.0,49.0,49.0,71.0,30.0,55.0,35.0,47.0
2025,610384,Infinity Math Science and Technology High School,,,,,,50.0,,47.0,50.0,45.0,,65.0,53.0,54.0,50.0,,35.0,63.0,45.0,62.0,65.0,59.0,68.0,61.0,50.0,32.0,,51.0,52.0,56.0,49.0,47.0,43.0,67.0,60.0,50.0,63.0,33.0,69.0,49.0,52.0,52.0,78.0,61.0,66.0,65.0,37.0
2025,610385,Multicultural Arts High School,,,,,,41.0,,75.0,59.0,46.0,,50.0,43.0,57.0,47.0,,31.0,61.0,57.0,55.0,58.0,47.0,65.0,46.0,46.0,23.0,,50.0,63.0,50.0,60.0,43.0,38.0,47.0,46.0,47.0,57.0,47.0,63.0,35.0,57.0,50.0,46.0,41.0,50.0,44.0,65.0
2025,610386,Peace & Education Coalition HS,,,,,,52.0,,65.0,66.0,67.0,,65.0,50.0,62.0,52.0,,36.0,74.0,81.0,58.0,69.0,37.0,81.0,37.0,28.0,40.0,,78.0,75.0,62.0,73.0,55.0,59.0,55.0,75.0,68.0,77.0,61.0,87.0,49.0,80.0,67.0,62.0,65.0,45.0,50.0,68.0
2025,610389,Orr Academy High School,,,,,,37.0,,53.0,47.0,34.0,,44.0,56.0,68.0,47.0,,40.0,68.0,40.0,58.0,48.0,58.0,79.0,59.0,58.0,36.0,,51.0,67.0,51.0,46.0,75.0,37.0,37.0,55.0,39.0,65.0,35.0,53.0,30.0,56.0,51.0,40.0,32.0,56.0,38.0,46.0
2025,610390,Hyman G Rickover Naval Academy High School,,,,,,56.0,,50.0,55.0,53.0,,55.0,67.0,62.0,70.0,,46.0,72.0,59.0,60.0,59.0,68.0,56.0,62.0,75.0,54.0,,48.0,66.0,62.0,41.0,65.0,63.0,56.0,68.0,70.0,71.0,54.0,75.0,69.0,71.0,69.0,72.0,73.0,66.0,42.0,52.0
2025,610391,Robert Lindblom Math & Science Academy HS,,,,,,59.0,,70.0,54.0,49.0,,48.0,59.0,75.0,88.0,,29.0,68.0,53.0,56.0,41.0,61.0,66.0,51.0,66.0,58.0,,50.0,44.0,67.0,53.0,65.0,47.0,52.0,54.0,63.0,68.0,58.0,70.0,59.0,55.0,65.0,61.0,59.0,65.0,41.0,53.0
2025,610392,World Language Academy High School,,,,,,63.0,,54.0,49.0,41.0,,56.0,51.0,65.0,42.0,,32.0,57.0,35.0,63.0,54.0,47.0,58.0,55.0,33.0,32.0,,49.0,59.0,55.0,44.0,44.0,41.0,55.0,54.0,44.0,56.0,23.0,62.0,57.0,56.0,49.0,62.0,64.0,53.0,57.0,38.0
2025,610394,Uplift Community High School,,,,,,17.0,,64.0,36.0,19.0,,40.0,39.0,61.0,36.0,,38.0,64.0,40.0,46.0,46.0,36.0,72.0,48.0,36.0,40.0,,41.0,45.0,19.0,55.0,52.0,40.0,26.0,48.0,48.0,61.0,44.0,47.0,14.0,43.0,45.0,37.0,30.0,25.0,35.0,25.0
2025,610396,Tarkington School of Excellence ES,,,,,,47.0,,45.0,48.0,45.0,,36.0,30.0,59.0,,,37.0,,60.0,52.0,38.0,56.0,44.0,50.0,62.0,29.0,,46.0,46.0,54.0,51.0,31.0,37.0,39.0,42.0,44.0,,47.0,41.0,53.0,47.0,,38.0,39.0,57.0,21.0,65.0
2025,610402,DeVry University Advantage Academy HS,,,,,,67.0,,84.0,92.0,99.0,,93.0,93.0,88.0,99.0,,50.0,91.0,99.0,71.0,99.0,83.0,90.0,83.0,76.0,60.0,,99.0,99.0,92.0,90.0,78.0,91.0,87.0,82.0,99.0,99.0,77.0,99.0,73.0,91.0,95.0,90.0,89.0,89.0,82.0,92.0
2025,610405,Suder Montessori Magnet ES,,,,,,54.0,,49.0,48.0,38.0,,50.0,45.0,62.0,,,36.0,,45.0,59.0,50.0,66.0,53.0,69.0,66.0,48.0,,40.0,55.0,54.0,48.0,41.0,28.0,46.0,39.0,38.0,,49.0,40.0,49.0,33.0,,67.0,54.0,64.0,43.0,51.0
2025,610499,Collins Academy STEAM High School,,,,,,55.0,,75.0,64.0,62.0,,61.0,60.0,78.0,67.0,,28.0,90.0,62.0,84.0,64.0,49.0,80.0,57.0,43.0,58.0,,60.0,58.0,70.0,70.0,60.0,52.0,61.0,55.0,54.0,83.0,49.0,62.0,61.0,68.0,68.0,56.0,69.0,48.0,65.0,63.0
2025,610503,Frazier Prospective IB Magnet ES,,,,,,1.0,,51.0,42.0,33.0,,43.0,44.0,51.0,,,33.0,,37.0,55.0,44.0,50.0,47.0,45.0,57.0,45.0,,46.0,50.0,31.0,46.0,32.0,22.0,27.0,28.0,36.0,,41.0,37.0,27.0,14.0,,48.0,29.0,48.0,35.0,48.0
2025,610513,Air Force Academy High School,,,,,,36.0,,51.0,40.0,44.0,,35.0,69.0,63.0,40.0,,48.0,74.0,52.0,67.0,34.0,48.0,74.0,48.0,46.0,47.0,,38.0,46.0,40.0,40.0,66.0,43.0,25.0,62.0,51.0,76.0,33.0,65.0,30.0,47.0,52.0,41.0,44.0,51.0,28.0,36.0
2025,610515,Disney II Magnet School,,,,,,,,,,,,,50.0,44.0,,,47.0,,,58.0,,,53.0,,,51.0,,,,,,49.0,54.0,,51.0,48.0,,,53.0,,51.0,,,,,,
2025,610518,Austin College and Career Academy High School,,,,,,35.0,,59.0,55.0,49.0,,56.0,41.0,55.0,49.0,,27.0,44.0,51.0,47.0,60.0,38.0,73.0,59.0,26.0,24.0,,56.0,69.0,39.0,54.0,53.0,33.0,43.0,45.0,43.0,40.0,47.0,48.0,30.0,38.0,40.0,63.0,40.0,30.0,45.0,56.0
2025,610520,LaSalle II Magnet Elementary School,,,,,,66.0,,56.0,61.0,55.0,,70.0,62.0,46.0,,,50.0,,52.0,53.0,62.0,70.0,40.0,80.0,69.0,72.0,,72.0,64.0,67.0,50.0,69.0,56.0,77.0,54.0,56.0,,36.0,52.0,63.0,49.0,,70.0,66.0,61.0,75.0,53.0
2025,610521,Sir Miles Davis Magnet Elementary Academy,,,,,,55.0,,30.0,51.0,66.0,,49.0,65.0,79.0,,,32.0,,62.0,70.0,54.0,60.0,99.0,55.0,59.0,36.0,,57.0,50.0,79.0,35.0,32.0,57.0,52.0,74.0,75.0,,50.0,56.0,60.0,63.0,,39.0,70.0,65.0,46.0,57.0
2025,610523,Edison Park Elementary School,,,,,,68.0,,80.0,67.0,55.0,,67.0,79.0,72.0,,,76.0,,71.0,78.0,62.0,80.0,71.0,77.0,84.0,78.0,,66.0,61.0,79.0,70.0,66.0,72.0,67.0,77.0,80.0,,52.0,76.0,76.0,69.0,,86.0,79.0,78.0,55.0,72.0
2025,610524,Louisa May Alcott College Preparatory HS,,,,,,33.0,,50.0,39.0,31.0,,45.0,49.0,63.0,41.0,,38.0,69.0,35.0,70.0,32.0,31.0,63.0,16.0,40.0,48.0,,44.0,37.0,32.0,36.0,62.0,49.0,35.0,56.0,55.0,70.0,35.0,68.0,35.0,62.0,56.0,65.0,53.0,38.0,40.0,43.0
2025,610529,Ogden International High School,,,,,,43.0,,71.0,57.0,54.0,,55.0,50.0,62.0,66.0,,39.0,59.0,57.0,60.0,54.0,52.0,71.0,52.0,47.0,45.0,,58.0,57.0,36.0,60.0,55.0,52.0,47.0,53.0,62.0,59.0,51.0,66.0,34.0,56.0,58.0,59.0,55.0,58.0,47.0,57.0
2025,610530,South Shore Fine Arts Academy,,,,,,83.0,,67.0,73.0,69.0,,75.0,99.0,99.0,,,70.0,,77.0,82.0,85.0,69.0,99.0,66.0,62.0,83.0,,74.0,82.0,71.0,72.0,82.0,95.0,75.0,99.0,99.0,,66.0,99.0,61.0,92.0,,70.0,71.0,79.0,72.0,70.0
2025,610532,Irene C. Hernandez Middle School for the Advancement of Science,,,,,,68.0,,75.0,70.0,68.0,,71.0,70.0,57.0,,,34.0,,83.0,60.0,88.0,72.0,62.0,95.0,56.0,24.0,,74.0,83.0,70.0,64.0,24.0,45.0,65.0,51.0,38.0,,60.0,56.0,59.0,52.0,,71.0,70.0,65.0,49.0,61.0
2025,610533,Dr Jorge Prieto Math and Science,,,,,,57.0,,55.0,54.0,56.0,,48.0,46.0,66.0,,,39.0,,62.0,63.0,46.0,55.0,55.0,58.0,52.0,37.0,,50.0,53.0,55.0,66.0,43.0,47.0,47.0,50.0,48.0,,53.0,53.0,49.0,55.0,,51.0,58.0,55.0,43.0,58.0
2025,610534,Skinner North,,,,,,48.0,,68.0,65.0,60.0,,67.0,58.0,61.0,,,55.0,,59.0,58.0,67.0,79.0,67.0,80.0,80.0,53.0,,62.0,70.0,68.0,55.0,68.0,60.0,64.0,65.0,68.0,,56.0,57.0,72.0,53.0,,75.0,64.0,78.0,64.0,63.0
2025,610539,Marvin Camras Elementary School,,,,,,56.0,,66.0,53.0,43.0,,49.0,54.0,37.0,,,38.0,,50.0,53.0,54.0,52.0,38.0,53.0,54.0,36.0,,51.0,54.0,49.0,53.0,42.0,45.0,48.0,50.0,48.0,,43.0,58.0,50.0,50.0,,49.0,58.0,48.0,40.0,53.0
2025,610541,Federico Garcia Lorca Elementary School,,,,,,63.0,,70.0,60.0,55.0,,52.0,46.0,57.0,,,40.0,,60.0,58.0,65.0,59.0,46.0,55.0,60.0,35.0,,58.0,55.0,62.0,66.0,46.0,48.0,61.0,50.0,56.0,,50.0,52.0,58.0,51.0,,48.0,76.0,61.0,37.0,57.0
2025,610542,West Ridge Elementary School,,,,,,68.0,,60.0,48.0,33.0,,45.0,32.0,52.0,,,31.0,,40.0,55.0,43.0,49.0,45.0,45.0,50.0,28.0,,42.0,49.0,56.0,45.0,39.0,30.0,51.0,36.0,35.0,,26.0,41.0,59.0,21.0,,49.0,54.0,51.0,46.0,48.0
2025,610543,Eric Solorio Academy High School,,,,,,59.0,,69.0,56.0,46.0,,58.0,58.0,66.0,57.0,,42.0,65.0,51.0,63.0,69.0,52.0,79.0,59.0,42.0,36.0,,55.0,73.0,49.0,59.0,48.0,50.0,52.0,58.0,51.0,63.0,67.0,62.0,50.0,52.0,56.0,63.0,60.0,55.0,46.0,39.0
2025,610544,Mariano Azuela Elementary School,,,,,,42.0,,37.0,45.0,44.0,,38.0,53.0,52.0,,,44.0,,58.0,58.0,38.0,47.0,56.0,52.0,43.0,35.0,,42.0,50.0,47.0,36.0,38.0,42.0,48.0,51.0,47.0,,42.0,51.0,39.0,49.0,,34.0,58.0,46.0,38.0,47.0
2025,610547,South Shore Intl College Prep High School,,,,,,47.0,,46.0,40.0,33.0,,47.0,68.0,77.0,66.0,,32.0,70.0,43.0,66.0,42.0,42.0,78.0,39.0,40.0,56.0,,48.0,44.0,53.0,40.0,66.0,45.0,42.0,56.0,55.0,62.0,31.0,61.0,43.0,46.0,55.0,52.0,59.0,48.0,46.0,33.0
2025,610557,Pathways in Education - Ashburn,,,,,,43.0,,80.0,82.0,88.0,,72.0,49.0,39.0,43.0,,39.0,67.0,91.0,52.0,94.0,67.0,49.0,45.0,74.0,34.0,,76.0,89.0,38.0,87.0,48.0,69.0,59.0,64.0,77.0,84.0,81.0,89.0,28.0,82.0,70.0,49.0,64.0,82.0,69.0,94.0
2025,610558,Sarah E. Goode STEM Academy,,,,,,40.0,,70.0,45.0,31.0,,48.0,44.0,71.0,49.0,,33.0,56.0,41.0,60.0,49.0,45.0,67.0,45.0,44.0,39.0,,46.0,48.0,46.0,59.0,41.0,35.0,46.0,44.0,43.0,57.0,32.0,50.0,31.0,47.0,47.0,44.0,37.0,45.0,54.0,32.0
2025,610559,James Shields Middle School,,,,,,51.0,,69.0,73.0,84.0,,67.0,33.0,64.0,,,32.0,,93.0,44.0,80.0,65.0,52.0,74.0,57.0,29.0,,66.0,75.0,60.0,79.0,19.0,47.0,57.0,50.0,46.0,,67.0,61.0,55.0,59.0,,66.0,59.0,65.0,57.0,78.0
2025,610561,Richard T Crane Medical Preparatory HS,,,,,,23.0,,64.0,53.0,40.0,,58.0,66.0,54.0,54.0,,36.0,63.0,51.0,55.0,62.0,39.0,70.0,44.0,28.0,48.0,,59.0,61.0,29.0,64.0,61.0,45.0,42.0,52.0,50.0,56.0,46.0,53.0,25.0,45.0,50.0,48.0,46.0,45.0,63.0,59.0
2025,610563,Back of the Yards IB High School,,,,,,58.0,,73.0,60.0,57.0,,57.0,60.0,72.0,77.0,,39.0,72.0,70.0,67.0,61.0,68.0,72.0,75.0,60.0,44.0,,57.0,60.0,64.0,75.0,52.0,49.0,51.0,70.0,50.0,70.0,51.0,70.0,59.0,70.0,67.0,66.0,51.0,70.0,45.0,58.0
2025,610564,Disney II Magnet High School,,,,,,39.0,,62.0,46.0,41.0,,48.0,41.0,65.0,52.0,,40.0,48.0,59.0,59.0,44.0,64.0,62.0,70.0,68.0,34.0,,46.0,45.0,51.0,54.0,39.0,39.0,37.0,46.0,51.0,51.0,37.0,54.0,42.0,46.0,47.0,51.0,52.0,55.0,49.0,45.0
2025,610565,Excel Academy of Englewood,,,,,,1.0,,63.0,49.0,59.0,,54.0,64.0,61.0,43.0,,18.0,48.0,67.0,57.0,68.0,38.0,72.0,73.0,21.0,40.0,,39.0,47.0,45.0,65.0,59.0,35.0,30.0,42.0,42.0,40.0,42.0,48.0,17.0,28.0,37.0,49.0,26.0,21.0,60.0,44.0
2025,610568,Pathways in Education - Avondale,,,,,,48.0,,73.0,69.0,54.0,,65.0,51.0,42.0,41.0,,36.0,55.0,62.0,47.0,87.0,66.0,62.0,47.0,84.0,35.0,,59.0,84.0,71.0,72.0,47.0,71.0,56.0,55.0,79.0,73.0,67.0,87.0,24.0,83.0,67.0,48.0,63.0,68.0,66.0,79.0
2025,610569,Ombudsman Chicago - Northwest,,,,,,40.0,,80.0,72.0,68.0,,78.0,64.0,54.0,74.0,,47.0,75.0,67.0,56.0,92.0,62.0,55.0,63.0,60.0,51.0,,83.0,79.0,66.0,76.0,67.0,79.0,59.0,82.0,75.0,82.0,47.0,86.0,34.0,86.0,80.0,64.0,49.0,63.0,72.0,73.0
2025,610570,Ombudsman Chicago - South,,,,,,,,,56.0,61.0,,55.0,34.0,33.0,,,26.0,36.0,,52.0,63.0,,59.0,,,33.0,,54.0,60.0,,88.0,37.0,42.0,47.0,37.0,55.0,36.0,,53.0,,26.0,35.0,,48.0,,49.0,
2025,610571,Ombudsman Chicago - West,,,,,,,,,65.0,60.0,,59.0,53.0,68.0,,,32.0,67.0,79.0,71.0,58.0,,82.0,69.0,,64.0,,63.0,78.0,,68.0,65.0,51.0,46.0,62.0,53.0,69.0,37.0,51.0,,77.0,66.0,60.0,36.0,,56.0,77.0
2025,610586,Edward E. Sadlowski Elementary School,,,,,,52.0,,53.0,58.0,53.0,,60.0,49.0,62.0,,,37.0,,63.0,57.0,61.0,59.0,54.0,66.0,58.0,47.0,,57.0,66.0,56.0,59.0,35.0,47.0,65.0,52.0,54.0,,49.0,60.0,48.0,49.0,,64.0,56.0,52.0,58.0,51.0
2025,610587,Walter Henri Dyett High School for the Arts,,,,,,39.0,,64.0,56.0,54.0,,52.0,44.0,58.0,62.0,,29.0,47.0,66.0,56.0,68.0,53.0,64.0,64.0,44.0,35.0,,47.0,67.0,54.0,68.0,48.0,37.0,49.0,42.0,43.0,41.0,53.0,41.0,34.0,40.0,45.0,40.0,52.0,52.0,52.0,45.0
2025,610588,Robert J. Richardson Middle School,,,,,,55.0,,68.0,62.0,59.0,,61.0,65.0,57.0,,,31.0,,69.0,50.0,73.0,64.0,58.0,76.0,57.0,28.0,,67.0,72.0,70.0,53.0,37.0,41.0,60.0,53.0,38.0,,44.0,59.0,54.0,55.0,,55.0,55.0,58.0,48.0,51.0
2025,610589,Sor Juana Ines de la Cruz ES,,,,,,39.0,,47.0,43.0,37.0,,46.0,58.0,51.0,,,45.0,,57.0,40.0,47.0,55.0,59.0,44.0,63.0,56.0,,47.0,38.0,53.0,36.0,50.0,59.0,48.0,63.0,70.0,,44.0,64.0,44.0,54.0,,40.0,50.0,59.0,49.0,44.0
2025,610590,Bronzeville Classical Elementary School,,,,,,62.0,,53.0,66.0,62.0,,67.0,45.0,39.0,,,39.0,,58.0,67.0,64.0,70.0,45.0,68.0,78.0,56.0,,72.0,68.0,63.0,36.0,59.0,55.0,68.0,52.0,61.0,,75.0,46.0,73.0,44.0,,69.0,64.0,65.0,62.0,79.0
2025,610592,Englewood STEM High School,,,,,,27.0,,50.0,30.0,30.0,,21.0,46.0,65.0,30.0,,31.0,57.0,45.0,55.0,21.0,27.0,75.0,25.0,38.0,36.0,,27.0,21.0,27.0,55.0,58.0,20.0,10.0,41.0,28.0,47.0,18.0,35.0,14.0,42.0,35.0,15.0,1.0,17.0,22.0,41.0
2025,610593,Ombudsman Chicago - Roseland HS,,,,,,,,,49.0,55.0,,,23.0,42.0,,,22.0,47.0,60.0,55.0,61.0,,77.0,,,37.0,,,,,44.0,46.0,50.0,35.0,61.0,68.0,65.0,51.0,74.0,,63.0,59.0,,43.0,,56.0,56.0
2025,610594,Pathways in Education - Humboldt Park HS,,,,,,,,,76.0,82.0,,59.0,68.0,49.0,,,40.0,65.0,86.0,46.0,79.0,,51.0,60.0,,50.0,,42.0,74.0,,94.0,65.0,79.0,65.0,64.0,79.0,84.0,66.0,95.0,,87.0,83.0,54.0,62.0,,62.0,84.0
2025,610595,Dr. Fisher Early Learning Center,,,,,,,,34.0,45.0,47.0,,51.0,,,,,,,47.0,,42.0,63.0,,62.0,65.0,,,73.0,50.0,,37.0,,,42.0,,,,18.0,,,,,58.0,72.0,62.0,30.0,52.0
2025,610596,The Virtual Academy Elementary School,,,,,,65.0,,54.0,59.0,54.0,,59.0,47.0,68.0,,,46.0,,51.0,57.0,65.0,56.0,43.0,53.0,50.0,50.0,,60.0,71.0,65.0,44.0,44.0,57.0,65.0,62.0,92.0,,37.0,95.0,63.0,64.0,,50.0,93.0,66.0,60.0,53.0
2025,610597,The Virtual Academy High School,,,,,,66.0,,53.0,73.0,73.0,,75.0,76.0,74.0,49.0,,37.0,73.0,85.0,44.0,78.0,77.0,55.0,78.0,62.0,67.0,,79.0,84.0,54.0,57.0,73.0,72.0,74.0,76.0,99.0,79.0,43.0,99.0,46.0,89.0,72.0,75.0,95.0,90.0,67.0,82.0
2025,610599,Catalpa Early Childhood Center,,,,,,,,57.0,72.0,73.0,,79.0,,,,,,,77.0,,77.0,74.0,,83.0,65.0,,,77.0,85.0,,65.0,,,72.0,,,,42.0,,,,,90.0,76.0,75.0,70.0,73.0
2025,610601,Safe Achieve Academy West HS,,,,,,,,,,,,,46.0,40.0,,,10.0,27.0,,56.0,,,77.0,,,35.0,,,,,,33.0,47.0,,37.0,68.0,47.0,,61.0,,12.0,35.0,,,,,
2025,910572,Safe Achieve Academy ES and HS,,,,,,,,,85.0,99.0,,82.0,41.0,84.0,,,24.0,81.0,,,86.0,,82.0,,,50.0,,84.0,87.0,,99.0,79.0,69.0,68.0,67.0,71.0,49.0,,78.0,,63.0,60.0,,67.0,45.0,76.0,
2026,400009,Academy for Global Citizenship Charter School,81.0,57.0,43.0,53.0,57.0,54.0,47.0,74.0,68.0,68.0,56.0,74.0,55.0,50.0,,,42.0,,79.0,63.0,75.0,73.0,56.0,81.0,65.0,56.0,60.0,68.0,62.0,68.0,76.0,43.0,53.0,68.0,50.0,62.0,,61.0,52.0,71.0,46.0,51.0,82.0,65.0,73.0,69.0,68.0
2026,400011,Alain Locke Charter School,50.0,47.0,42.0,47.0,53.0,50.0,41.0,55.0,51.0,54.0,35.0,47.0,51.0,61.0,,,30.0,,53.0,41.0,40.0,48.0,50.0,47.0,50.0,51.0,54.0,55.0,65.0,53.0,45.0,52.0,44.0,39.0,44.0,53.0,,39.0,58.0,50.0,35.0,44.0,46.0,58.0,46.0,45.0,42.0
2026,400013,ASPIRA Charter School - Early College High School,81.0,64.0,55.0,35.0,53.0,67.0,46.0,68.0,71.0,84.0,40.0,73.0,41.0,52.0,69.0,,39.0,69.0,76.0,48.0,78.0,68.0,63.0,73.0,58.0,21.0,,71.0,68.0,60.0,76.0,53.0,43.0,60.0,49.0,47.0,60.0,42.0,55.0,46.0,51.0,56.0,71.0,64.0,73.0,71.0,76.0
2026,400021,Catalyst Elementary Charter School - Circle Rock,61.0,71.0,58.0,61.0,60.0,44.0,55.0,72.0,59.0,58.0,63.0,59.0,57.0,58.0,,,47.0,,56.0,57.0,65.0,50.0,68.0,66.0,39.0,51.0,61.0,58.0,66.0,51.0,59.0,60.0,39.0,55.0,60.0,49.0,,64.0,54.0,38.0,47.0,51.0,52.0,48.0,44.0,59.0,44.0
2026,400022,Chicago High School for the Arts (ChiArts),71.0,66.0,62.0,65.0,73.0,,78.0,,,,69.0,,58.0,83.0,,,40.0,71.0,,66.0,,,71.0,,,43.0,,,,,,46.0,54.0,,69.0,67.0,68.0,,80.0,,65.0,62.0,,,,,
2026,400023,CICS - Avalon/South Shore,10.0,54.0,44.0,53.0,56.0,31.0,52.0,41.0,35.0,33.0,56.0,35.0,32.0,61.0,,,31.0,,33.0,46.0,40.0,38.0,54.0,47.0,35.0,46.0,45.0,42.0,41.0,56.0,46.0,48.0,31.0,27.0,33.0,40.0,,32.0,25.0,48.0,31.0,38.0,16.0,45.0,31.0,41.0,31.0
2026,400024,CICS - Basil,29.0,53.0,50.0,54.0,61.0,40.0,50.0,50.0,41.0,46.0,55.0,36.0,40.0,80.0,,,25.0,,43.0,45.0,44.0,34.0,58.0,35.0,31.0,48.0,37.0,47.0,35.0,53.0,49.0,41.0,36.0,34.0,37.0,43.0,,37.0,41.0,35.0,34.0,39.0,16.0,51.0,36.0,38.0,40.0
2026,400025,CICS - Bucktown,39.0,45.0,39.0,45.0,49.0,34.0,38.0,74.0,57.0,53.0,35.0,47.0,39.0,65.0,,,35.0,,65.0,60.0,56.0,57.0,47.0,49.0,57.0,42.0,34.0,43.0,51.0,40.0,67.0,43.0,42.0,27.0,42.0,39.0,,68.0,36.0,44.0,37.0,38.0,45.0,38.0,64.0,45.0,79.0
2026,400026,CICS - Loomis Primary,39.0,,,,,26.0,,68.0,50.0,48.0,,50.0,,,,,,,60.0,,70.0,35.0,,61.0,16.0,,,52.0,61.0,31.0,79.0,,,32.0,,,,54.0,,21.0,,,29.0,35.0,27.0,48.0,43.0
2026,400027,CICS - Irving Park,50.0,44.0,36.0,35.0,44.0,28.0,42.0,64.0,63.0,64.0,37.0,59.0,41.0,52.0,,,39.0,,74.0,58.0,68.0,58.0,43.0,57.0,58.0,33.0,35.0,60.0,66.0,45.0,74.0,38.0,38.0,41.0,40.0,48.0,,72.0,42.0,41.0,42.0,38.0,43.0,34.0,59.0,63.0,78.0
2026,400028,CICS - Prairie,39.0,55.0,41.0,37.0,41.0,35.0,39.0,57.0,47.0,43.0,40.0,46.0,44.0,47.0,,,40.0,,52.0,57.0,58.0,47.0,41.0,48.0,49.0,26.0,46.0,47.0,58.0,40.0,63.0,41.0,29.0,29.0,42.0,33.0,,55.0,39.0,38.0,37.0,38.0,21.0,34.0,45.0,56.0,47.0
2026,400029,CICS - Washington Park,61.0,57.0,52.0,63.0,64.0,47.0,57.0,70.0,57.0,69.0,59.0,55.0,47.0,72.0,,,28.0,,67.0,60.0,65.0,48.0,55.0,66.0,30.0,54.0,53.0,71.0,57.0,65.0,61.0,38.0,36.0,36.0,41.0,48.0,,48.0,46.0,42.0,37.0,45.0,32.0,61.0,47.0,51.0,53.0
2026,400030,CICS - West Belden,61.0,48.0,38.0,40.0,47.0,39.0,38.0,61.0,53.0,45.0,33.0,52.0,45.0,45.0,,,41.0,,46.0,48.0,66.0,62.0,49.0,64.0,62.0,38.0,40.0,49.0,62.0,52.0,62.0,41.0,42.0,45.0,47.0,56.0,,57.0,56.0,48.0,42.0,41.0,41.0,52.0,61.0,50.0,52.0
2026,400031,CICS - Wrightwood,71.0,51.0,49.0,53.0,60.0,54.0,47.0,69.0,61.0,55.0,59.0,59.0,52.0,56.0,,,35.0,,62.0,43.0,65.0,66.0,53.0,65.0,59.0,62.0,40.0,62.0,70.0,76.0,69.0,46.0,29.0,53.0,33.0,32.0,,55.0,30.0,58.0,34.0,38.0,49.0,44.0,74.0,58.0,60.0
2026,400032,CICS - Ralph Ellison,10.0,67.0,51.0,53.0,56.0,34.0,38.0,47.0,23.0,38.0,49.0,22.0,45.0,56.0,30.0,,29.0,54.0,31.0,54.0,15.0,27.0,57.0,23.0,31.0,25.0,,39.0,16.0,57.0,57.0,38.0,31.0,9.0,35.0,41.0,43.0,9.0,41.0,38.0,43.0,37.0,9.0,37.0,27.0,26.0,7.0
2026,400033,CICS - Longwood,10.0,44.0,36.0,37.0,42.0,26.0,36.0,48.0,37.0,32.0,38.0,37.0,41.0,49.0,,,36.0,,36.0,54.0,44.0,30.0,47.0,44.0,19.0,38.0,39.0,36.0,45.0,36.0,46.0,39.0,26.0,24.0,37.0,42.0,,41.0,37.0,26.0,28.0,32.0,25.0,31.0,26.0,42.0,34.0
2026,400034,CICS - Northtown,71.0,72.0,57.0,55.0,63.0,56.0,57.0,68.0,65.0,70.0,56.0,41.0,59.0,64.0,60.0,,45.0,63.0,85.0,63.0,56.0,58.0,60.0,52.0,54.0,44.0,,44.0,56.0,72.0,93.0,61.0,49.0,47.0,57.0,53.0,58.0,59.0,69.0,55.0,55.0,56.0,24.0,43.0,69.0,40.0,82.0
2026,400035,Chicago Math and Science Academy Charter School,50.0,61.0,50.0,44.0,50.0,50.0,49.0,61.0,50.0,52.0,53.0,50.0,48.0,52.0,76.0,,31.0,60.0,57.0,42.0,49.0,57.0,62.0,51.0,53.0,40.0,,48.0,37.0,41.0,50.0,53.0,41.0,41.0,42.0,56.0,59.0,64.0,58.0,53.0,52.0,57.0,60.0,55.0,68.0,42.0,59.0
2026,400039,Erie Elementary Charter School,39.0,53.0,41.0,41.0,50.0,32.0,47.0,58.0,42.0,37.0,50.0,35.0,61.0,57.0,,,39.0,,43.0,53.0,38.0,49.0,50.0,60.0,46.0,41.0,57.0,29.0,37.0,50.0,41.0,37.0,36.0,33.0,52.0,57.0,,44.0,60.0,37.0,48.0,46.0,37.0,46.0,42.0,36.0,43.0
2026,400044,KIPP Ascend Charter School,50.0,59.0,49.0,54.0,59.0,35.0,49.0,66.0,49.0,48.0,53.0,53.0,49.0,72.0,,,34.0,,49.0,55.0,62.0,46.0,56.0,51.0,42.0,41.0,46.0,51.0,52.0,54.0,69.0,49.0,36.0,39.0,42.0,42.0,,45.0,40.0,38.0,40.0,43.0,41.0,47.0,45.0,58.0,42.0
2026,400046,L.E.A.R.N. - Romano Butler Campus,61.0,65.0,56.0,65.0,65.0,39.0,66.0,64.0,53.0,51.0,66.0,48.0,59.0,60.0,,,34.0,,53.0,42.0,58.0,55.0,68.0,47.0,59.0,58.0,54.0,61.0,54.0,66.0,68.0,59.0,47.0,42.0,60.0,73.0,,44.0,58.0,42.0,62.0,55.0,34.0,55.0,58.0,39.0,55.0
2026,400047,L.E.A.R.N. - Charles and Dorothy Campbell Campus,71.0,73.0,67.0,64.0,62.0,31.0,63.0,44.0,46.0,48.0,84.0,51.0,72.0,70.0,,,40.0,,52.0,42.0,58.0,51.0,67.0,48.0,55.0,66.0,62.0,56.0,53.0,48.0,49.0,60.0,47.0,44.0,58.0,85.0,,27.0,60.0,40.0,63.0,60.0,47.0,46.0,49.0,41.0,42.0
2026,400048,L.E.A.R.N. - Excel Campus,50.0,62.0,56.0,55.0,56.0,53.0,45.0,59.0,56.0,48.0,55.0,57.0,49.0,55.0,,,34.0,,67.0,26.0,67.0,54.0,59.0,49.0,62.0,40.0,51.0,67.0,68.0,55.0,64.0,56.0,38.0,46.0,47.0,52.0,,49.0,51.0,65.0,41.0,47.0,43.0,47.0,52.0,50.0,61.0
2026,400049,Legacy Charter School,91.0,57.0,55.0,60.0,66.0,60.0,61.0,81.0,68.0,64.0,55.0,75.0,48.0,63.0,,,35.0,,78.0,66.0,70.0,74.0,70.0,82.0,72.0,56.0,64.0,73.0,77.0,72.0,81.0,58.0,42.0,56.0,45.0,44.0,,72.0,47.0,53.0,47.0,52.0,89.0,59.0,67.0,67.0,60.0
2026,400050,Namaste Charter School,50.0,54.0,50.0,51.0,48.0,43.0,52.0,59.0,47.0,44.0,62.0,42.0,65.0,50.0,,,40.0,,51.0,51.0,44.0,52.0,46.0,55.0,55.0,48.0,49.0,48.0,45.0,44.0,54.0,48.0,46.0,35.0,56.0,63.0,,62.0,55.0,36.0,53.0,50.0,47.0,48.0,47.0,30.0,51.0
2026,400051,Noble - Noble College Prep,81.0,77.0,64.0,77.0,73.0,55.0,72.0,70.0,57.0,67.0,70.0,63.0,64.0,84.0,74.0,,41.0,77.0,75.0,57.0,69.0,57.0,83.0,51.0,71.0,48.0,,63.0,54.0,48.0,68.0,63.0,49.0,41.0,60.0,52.0,71.0,40.0,66.0,44.0,63.0,64.0,54.0,39.0,50.0,64.0,55.0
2026,400052,Noble - Gary Comer College Prep,61.0,71.0,55.0,59.0,63.0,33.0,54.0,53.0,41.0,45.0,55.0,44.0,47.0,72.0,52.0,,29.0,55.0,48.0,50.0,54.0,45.0,79.0,45.0,49.0,41.0,,41.0,42.0,42.0,61.0,53.0,31.0,31.0,41.0,42.0,46.0,32.0,41.0,34.0,35.0,41.0,35.0,34.0,41.0,46.0,34.0
2026,400053,Noble - Golder College Prep,61.0,63.0,53.0,54.0,66.0,,53.0,,,,53.0,,40.0,73.0,,,37.0,64.0,,59.0,,,72.0,,,29.0,,,,,,44.0,37.0,,43.0,45.0,57.0,,49.0,,41.0,45.0,,,,,
2026,400054,Noble - Pritzker College Prep,81.0,66.0,64.0,63.0,61.0,55.0,66.0,83.0,60.0,66.0,63.0,57.0,56.0,71.0,78.0,,37.0,74.0,61.0,62.0,70.0,53.0,65.0,46.0,65.0,48.0,,59.0,55.0,45.0,76.0,54.0,47.0,42.0,55.0,51.0,74.0,42.0,67.0,48.0,61.0,65.0,48.0,53.0,48.0,49.0,52.0
2026,400055,Noble - Rauner College Prep,100.0,80.0,64.0,62.0,65.0,49.0,59.0,71.0,62.0,70.0,59.0,64.0,57.0,72.0,89.0,,44.0,78.0,73.0,67.0,71.0,62.0,73.0,55.0,71.0,46.0,,66.0,59.0,54.0,74.0,55.0,46.0,39.0,62.0,51.0,77.0,39.0,62.0,42.0,61.0,68.0,68.0,45.0,61.0,52.0,71.0
2026,400056,Noble - Rowe-Clark Math and Science Academy,61.0,84.0,64.0,66.0,66.0,21.0,56.0,53.0,46.0,57.0,54.0,45.0,54.0,75.0,61.0,,40.0,63.0,68.0,68.0,55.0,58.0,88.0,58.0,64.0,35.0,,46.0,40.0,34.0,65.0,67.0,42.0,24.0,61.0,42.0,52.0,31.0,50.0,19.0,50.0,51.0,42.0,34.0,52.0,37.0,54.0
2026,400057,Noble - UIC College Prep,50.0,71.0,58.0,63.0,65.0,39.0,62.0,51.0,38.0,45.0,52.0,43.0,52.0,82.0,57.0,,39.0,67.0,43.0,68.0,59.0,48.0,74.0,45.0,56.0,39.0,,46.0,46.0,39.0,55.0,59.0,38.0,24.0,53.0,45.0,61.0,13.0,56.0,33.0,48.0,51.0,31.0,34.0,44.0,37.0,25.0
2026,400058,North Lawndale College Prep - Christiana,91.0,73.0,53.0,56.0,63.0,32.0,51.0,72.0,63.0,62.0,53.0,63.0,61.0,58.0,73.0,,35.0,69.0,58.0,66.0,72.0,65.0,74.0,66.0,67.0,38.0,,57.0,66.0,64.0,79.0,59.0,40.0,51.0,54.0,50.0,61.0,45.0,60.0,44.0,43.0,54.0,62.0,35.0,63.0,62.0,65.0
2026,400059,North Lawndale College Prep - Collins,39.0,66.0,44.0,45.0,55.0,,33.0,,45.0,40.0,36.0,49.0,51.0,57.0,,,34.0,53.0,70.0,60.0,56.0,,62.0,60.0,,41.0,,41.0,47.0,,69.0,56.0,38.0,36.0,51.0,54.0,43.0,33.0,61.0,,32.0,38.0,44.0,37.0,,56.0,56.0
2026,400060,Passages Charter School,29.0,54.0,36.0,38.0,45.0,27.0,37.0,60.0,44.0,38.0,57.0,39.0,55.0,50.0,,,36.0,,49.0,42.0,45.0,43.0,39.0,38.0,43.0,41.0,36.0,44.0,31.0,52.0,61.0,59.0,32.0,40.0,35.0,33.0,,29.0,36.0,44.0,29.0,33.0,36.0,36.0,49.0,30.0,51.0
2026,400061,Perspectives - Leadership Academy,39.0,63.0,48.0,37.0,46.0,26.0,38.0,63.0,47.0,44.0,35.0,47.0,47.0,51.0,51.0,,32.0,53.0,53.0,48.0,65.0,41.0,64.0,63.0,32.0,32.0,,42.0,50.0,33.0,61.0,50.0,31.0,29.0,41.0,42.0,42.0,32.0,51.0,22.0,30.0,39.0,27.0,33.0,27.0,52.0,48.0
2026,400062,Perspectives - High School of Technology,39.0,58.0,42.0,32.0,45.0,34.0,39.0,76.0,50.0,40.0,33.0,50.0,41.0,47.0,45.0,,33.0,52.0,41.0,40.0,66.0,50.0,61.0,66.0,44.0,37.0,,55.0,54.0,39.0,63.0,53.0,32.0,34.0,40.0,48.0,42.0,42.0,49.0,30.0,38.0,39.0,29.0,37.0,39.0,51.0,45.0
2026,400064,Perspectives - Rodney D. Joslin,19.0,58.0,36.0,28.0,40.0,21.0,33.0,66.0,40.0,43.0,28.0,39.0,40.0,42.0,47.0,,35.0,46.0,52.0,45.0,44.0,34.0,62.0,30.0,37.0,35.0,,37.0,36.0,28.0,51.0,53.0,30.0,19.0,35.0,40.0,40.0,25.0,45.0,30.0,28.0,36.0,25.0,20.0,36.0,51.0,36.0
2026,400066,Perspectives - Math and Science Academy,29.0,54.0,38.0,40.0,47.0,20.0,39.0,59.0,40.0,43.0,37.0,39.0,44.0,57.0,48.0,,31.0,43.0,45.0,45.0,42.0,42.0,60.0,43.0,43.0,40.0,,49.0,38.0,31.0,53.0,46.0,35.0,27.0,35.0,44.0,40.0,24.0,50.0,20.0,30.0,38.0,34.0,26.0,41.0,30.0,35.0
2026,400069,Polaris Charter Academy,100.0,99.0,99.0,99.0,92.0,71.0,99.0,69.0,67.0,70.0,99.0,69.0,99.0,99.0,,,45.0,,67.0,99.0,68.0,60.0,99.0,59.0,61.0,85.0,99.0,85.0,72.0,72.0,63.0,99.0,99.0,60.0,99.0,99.0,,48.0,99.0,50.0,99.0,99.0,59.0,66.0,59.0,64.0,66.0
2026,400071,Providence Englewood Charter School,61.0,62.0,53.0,69.0,60.0,42.0,58.0,52.0,46.0,47.0,74.0,47.0,64.0,56.0,,,35.0,,43.0,49.0,53.0,40.0,58.0,44.0,35.0,67.0,59.0,48.0,50.0,58.0,49.0,50.0,42.0,38.0,52.0,55.0,,39.0,51.0,31.0,48.0,51.0,36.0,46.0,42.0,50.0,41.0
2026,400075,University of Chicago - Donoghue,39.0,55.0,41.0,65.0,56.0,47.0,50.0,59.0,55.0,53.0,,56.0,,50.0,,,,,56.0,,55.0,52.0,45.0,66.0,41.0,,33.0,52.0,62.0,65.0,56.0,28.0,36.0,46.0,41.0,,,49.0,37.0,50.0,31.0,35.0,62.0,53.0,50.0,56.0,55.0
2026,400076,University of Chicago - North Kenwood/Oakland,61.0,77.0,63.0,76.0,60.0,35.0,74.0,63.0,48.0,49.0,,40.0,,71.0,,,,,67.0,,38.0,45.0,68.0,65.0,38.0,,49.0,52.0,40.0,24.0,49.0,63.0,46.0,32.0,50.0,,,50.0,49.0,23.0,52.0,53.0,38.0,42.0,31.0,30.0,54.0
2026,400077,University of Chicago - Woodlawn,39.0,70.0,58.0,65.0,63.0,33.0,58.0,38.0,28.0,31.0,57.0,29.0,56.0,74.0,57.0,,36.0,68.0,35.0,58.0,34.0,41.0,78.0,43.0,43.0,58.0,,35.0,23.0,34.0,35.0,64.0,39.0,18.0,47.0,42.0,66.0,14.0,49.0,33.0,35.0,49.0,20.0,34.0,36.0,28.0,31.0
2026,400079,Acero Charter Schools - SPC Daniel Zizumbo,50.0,56.0,49.0,45.0,49.0,57.0,52.0,51.0,46.0,34.0,55.0,42.0,68.0,47.0,,,48.0,,42.0,40.0,40.0,57.0,41.0,51.0,66.0,41.0,53.0,42.0,47.0,61.0,38.0,56.0,52.0,47.0,54.0,61.0,,31.0,64.0,53.0,59.0,53.0,50.0,54.0,53.0,37.0,49.0
2026,400080,Acero Charter Schools - PFC Omar E. Torres,50.0,33.0,29.0,30.0,43.0,60.0,36.0,41.0,43.0,36.0,35.0,51.0,53.0,54.0,,,46.0,,38.0,53.0,48.0,51.0,37.0,47.0,52.0,43.0,44.0,37.0,52.0,49.0,34.0,36.0,50.0,48.0,47.0,51.0,,37.0,56.0,46.0,44.0,42.0,53.0,57.0,55.0,64.0,37.0
2026,400081,Acero Charter Schools - Bartolome de las Casas,39.0,52.0,44.0,38.0,33.0,40.0,41.0,34.0,40.0,41.0,56.0,48.0,53.0,30.0,,,49.0,,41.0,44.0,39.0,52.0,29.0,51.0,55.0,35.0,47.0,45.0,45.0,33.0,35.0,34.0,46.0,34.0,59.0,67.0,,17.0,65.0,35.0,57.0,49.0,62.0,59.0,50.0,46.0,46.0
2026,400082,Acero Charter Schools - Carlos Fuentes,50.0,45.0,38.0,42.0,44.0,,42.0,,,,51.0,,61.0,41.0,,,50.0,,,44.0,,,48.0,,,43.0,47.0,,,,,42.0,62.0,,53.0,54.0,,,52.0,,55.0,51.0,,,,,
2026,400084,Acero Charter Schools - Rufino Tamayo,81.0,58.0,53.0,39.0,49.0,79.0,54.0,53.0,60.0,74.0,54.0,62.0,61.0,44.0,,,40.0,,76.0,32.0,66.0,67.0,43.0,58.0,75.0,39.0,54.0,55.0,59.0,71.0,41.0,40.0,51.0,65.0,64.0,68.0,,38.0,80.0,59.0,62.0,55.0,70.0,85.0,69.0,57.0,50.0
2026,400085,Acero Charter Schools - Major Hector P. Garcia MD,61.0,69.0,58.0,53.0,59.0,49.0,58.0,55.0,48.0,46.0,58.0,55.0,61.0,62.0,57.0,,47.0,73.0,48.0,70.0,54.0,55.0,64.0,41.0,62.0,51.0,,45.0,47.0,57.0,54.0,61.0,57.0,52.0,63.0,59.0,66.0,27.0,72.0,45.0,66.0,62.0,60.0,60.0,61.0,59.0,40.0
2026,400086,Urban Prep Academy for Young Men - Englewood,61.0,73.0,51.0,64.0,68.0,39.0,51.0,59.0,57.0,72.0,40.0,56.0,41.0,62.0,79.0,,31.0,81.0,91.0,56.0,60.0,35.0,82.0,47.0,29.0,28.0,,48.0,63.0,63.0,80.0,67.0,42.0,52.0,52.0,53.0,68.0,14.0,60.0,43.0,56.0,61.0,44.0,46.0,29.0,70.0,40.0
2026,400089,Acero Charter Schools - Officer Donald J. Marquez,10.0,45.0,44.0,38.0,38.0,38.0,42.0,31.0,30.0,26.0,50.0,35.0,60.0,49.0,,,41.0,,22.0,32.0,29.0,37.0,42.0,33.0,44.0,36.0,53.0,29.0,38.0,24.0,30.0,44.0,45.0,23.0,51.0,63.0,,8.0,68.0,30.0,53.0,49.0,40.0,48.0,33.0,42.0,34.0
2026,400091,Chicago Technology Academy High School,10.0,66.0,52.0,52.0,53.0,8.0,61.0,42.0,26.0,28.0,40.0,25.0,47.0,72.0,28.0,,38.0,61.0,28.0,59.0,30.0,31.0,77.0,36.0,32.0,38.0,,28.0,16.0,11.0,56.0,44.0,37.0,13.0,51.0,43.0,48.0,11.0,48.0,16.0,41.0,39.0,21.0,30.0,24.0,20.0,33.0
2026,400092,CICS - Lloyd Bond,39.0,61.0,37.0,46.0,44.0,45.0,36.0,53.0,49.0,49.0,54.0,47.0,58.0,41.0,,,26.0,,69.0,45.0,60.0,44.0,37.0,58.0,29.0,26.0,48.0,41.0,58.0,51.0,66.0,52.0,26.0,36.0,46.0,35.0,,59.0,41.0,30.0,35.0,37.0,37.0,42.0,46.0,50.0,50.0
2026,400096,Rowe Elementary Charter School,0.0,45.0,32.0,38.0,39.0,32.0,35.0,45.0,38.0,30.0,36.0,26.0,44.0,49.0,,,38.0,,42.0,51.0,28.0,36.0,42.0,36.0,36.0,35.0,44.0,28.0,32.0,28.0,40.0,38.0,39.0,24.0,41.0,50.0,,22.0,47.0,39.0,36.0,38.0,34.0,39.0,35.0,15.0,58.0
2026,400097,Noble - Chicago Bulls College Prep,50.0,67.0,58.0,57.0,61.0,32.0,64.0,58.0,41.0,41.0,56.0,33.0,54.0,79.0,55.0,,33.0,64.0,49.0,69.0,27.0,47.0,75.0,46.0,51.0,42.0,,37.0,42.0,34.0,57.0,43.0,35.0,17.0,46.0,45.0,61.0,21.0,55.0,31.0,46.0,49.0,35.0,26.0,44.0,32.0,48.0
2026,400098,Noble - Muchin College Prep,61.0,81.0,64.0,64.0,64.0,31.0,59.0,69.0,52.0,52.0,58.0,54.0,57.0,80.0,66.0,,43.0,68.0,50.0,61.0,60.0,58.0,73.0,53.0,61.0,40.0,,47.0,58.0,40.0,65.0,60.0,30.0,33.0,49.0,31.0,60.0,46.0,42.0,26.0,42.0,50.0,51.0,35.0,59.0,56.0,47.0
2026,400101,Acero Charter Schools - Sandra Cisneros,50.0,47.0,43.0,38.0,40.0,36.0,34.0,54.0,45.0,44.0,46.0,49.0,48.0,44.0,,,41.0,,41.0,39.0,54.0,55.0,39.0,52.0,54.0,45.0,50.0,40.0,41.0,40.0,55.0,35.0,44.0,41.0,49.0,59.0,,32.0,62.0,47.0,48.0,46.0,48.0,54.0,60.0,52.0,47.0
2026,400104,Instituto Health Sciences Career Academy,50.0,65.0,53.0,50.0,53.0,49.0,50.0,42.0,41.0,38.0,53.0,42.0,45.0,64.0,40.0,,34.0,62.0,44.0,56.0,38.0,44.0,59.0,46.0,41.0,33.0,,41.0,52.0,40.0,48.0,49.0,52.0,41.0,52.0,55.0,55.0,26.0,59.0,43.0,59.0,52.0,44.0,58.0,45.0,46.0,31.0
2026,400105,Urban Prep Academy for Young Men - Bronzeville,81.0,63.0,47.0,54.0,65.0,25.0,60.0,72.0,64.0,65.0,43.0,59.0,61.0,53.0,89.0,,33.0,58.0,77.0,50.0,65.0,72.0,71.0,77.0,72.0,66.0,,47.0,75.0,81.0,84.0,63.0,39.0,53.0,43.0,52.0,56.0,47.0,58.0,43.0,35.0,55.0,62.0,47.0,68.0,62.0,54.0
2026,400106,Noble - John and Eunice Johnson College Prep,61.0,78.0,57.0,55.0,66.0,,55.0,,,,50.0,,56.0,72.0,,,35.0,62.0,,70.0,,,71.0,,,41.0,,,,,,62.0,34.0,,53.0,35.0,53.0,,47.0,,37.0,41.0,,,,,
2026,400107,L.E.A.R.N. - South Chicago Campus,61.0,48.0,41.0,48.0,54.0,44.0,42.0,61.0,56.0,56.0,44.0,60.0,51.0,65.0,,,35.0,,65.0,33.0,70.0,48.0,57.0,64.0,37.0,41.0,56.0,70.0,68.0,44.0,63.0,58.0,30.0,46.0,39.0,38.0,,59.0,43.0,31.0,45.0,43.0,40.0,43.0,43.0,58.0,51.0
2026,400111,L.E.A.R.N. - Hunter Perkins Campus,29.0,63.0,67.0,66.0,58.0,46.0,66.0,33.0,26.0,20.0,84.0,34.0,71.0,56.0,,,47.0,,10.0,34.0,40.0,38.0,57.0,38.0,36.0,87.0,65.0,39.0,41.0,51.0,30.0,64.0,47.0,24.0,41.0,60.0,,14.0,48.0,47.0,59.0,60.0,21.0,40.0,40.0,36.0,11.0
2026,400112,Acero Charter Schools - Jovita Idar,39.0,45.0,39.0,42.0,45.0,48.0,42.0,51.0,42.0,33.0,41.0,36.0,49.0,46.0,,,41.0,,46.0,59.0,35.0,52.0,43.0,44.0,58.0,39.0,45.0,31.0,43.0,47.0,44.0,40.0,47.0,41.0,47.0,54.0,,26.0,58.0,58.0,46.0,44.0,46.0,57.0,54.0,32.0,41.0
2026,400114,Acero Charter Schools - Esmeralda Santiago,91.0,55.0,60.0,54.0,59.0,58.0,50.0,76.0,76.0,88.0,43.0,67.0,48.0,60.0,,,43.0,,79.0,29.0,73.0,67.0,54.0,65.0,62.0,41.0,64.0,67.0,73.0,67.0,95.0,32.0,61.0,70.0,69.0,74.0,,60.0,72.0,67.0,64.0,62.0,63.0,71.0,73.0,63.0,75.0
2026,4001151,Catalyst Maria Charter Elementary School,39.0,53.0,36.0,43.0,45.0,36.0,41.0,49.0,43.0,35.0,44.0,43.0,38.0,48.0,,,32.0,,43.0,57.0,46.0,46.0,44.0,51.0,42.0,30.0,37.0,47.0,47.0,44.0,46.0,38.0,28.0,36.0,39.0,37.0,,40.0,44.0,39.0,33.0,34.0,39.0,38.0,45.0,41.0,48.0
2026,400116,The Montessori School of Englewood Charter,39.0,50.0,45.0,44.0,43.0,34.0,40.0,63.0,47.0,44.0,41.0,54.0,45.0,47.0,,,37.0,,37.0,48.0,51.0,45.0,37.0,55.0,46.0,31.0,48.0,48.0,54.0,42.0,38.0,48.0,30.0,38.0,43.0,51.0,,27.0,45.0,33.0,34.0,39.0,59.0,41.0,34.0,56.0,38.0
2026,400117,Noble - Hansberry College Prep,29.0,70.0,51.0,52.0,53.0,27.0,50.0,59.0,37.0,40.0,46.0,43.0,45.0,67.0,50.0,,31.0,62.0,46.0,57.0,45.0,37.0,58.0,45.0,36.0,43.0,,39.0,31.0,36.0,65.0,49.0,24.0,21.0,38.0,37.0,53.0,27.0,44.0,28.0,32.0,40.0,37.0,18.0,29.0,49.0,33.0
2026,400118,Noble - DRW College Prep,61.0,75.0,59.0,62.0,67.0,28.0,58.0,69.0,43.0,40.0,51.0,45.0,54.0,77.0,53.0,,37.0,61.0,33.0,66.0,52.0,53.0,82.0,69.0,60.0,43.0,,42.0,47.0,47.0,47.0,56.0,39.0,26.0,50.0,40.0,50.0,15.0,47.0,35.0,42.0,46.0,45.0,33.0,31.0,40.0,35.0
2026,400119,Legal Prep Charter Academy,39.0,63.0,51.0,49.0,42.0,1.0,36.0,49.0,45.0,53.0,43.0,51.0,48.0,46.0,44.0,,27.0,50.0,42.0,57.0,51.0,23.0,59.0,31.0,17.0,40.0,,45.0,42.0,14.0,60.0,51.0,37.0,26.0,48.0,45.0,44.0,48.0,54.0,23.0,35.0,40.0,46.0,29.0,22.0,63.0,57.0
2026,400120,Acero Charter Schools - Roberto Clemente,19.0,45.0,41.0,32.0,39.0,46.0,45.0,38.0,39.0,57.0,46.0,13.0,47.0,55.0,,,42.0,,48.0,49.0,3.0,41.0,43.0,22.0,45.0,48.0,45.0,25.0,12.0,27.0,23.0,47.0,49.0,19.0,47.0,51.0,,20.0,59.0,41.0,48.0,46.0,21.0,50.0,55.0,1.0,71.0
2026,400123,YCCS - Academy of Scholastic Achievement HS,91.0,99.0,99.0,99.0,97.0,,99.0,,61.0,63.0,99.0,65.0,99.0,94.0,,,42.0,99.0,,66.0,78.0,,99.0,,,58.0,,66.0,84.0,,76.0,99.0,99.0,35.0,99.0,99.0,99.0,,99.0,,99.0,99.0,,62.0,,50.0,
2026,400124,YCCS - McKinley Lakeside Leadership HS,91.0,89.0,86.0,70.0,77.0,,81.0,,79.0,99.0,68.0,67.0,85.0,75.0,,,40.0,93.0,82.0,70.0,67.0,,87.0,75.0,,54.0,,67.0,81.0,,87.0,76.0,69.0,63.0,82.0,78.0,78.0,69.0,85.0,,73.0,73.0,70.0,53.0,,62.0,71.0
2026,400125,"YCCS - ASPIRA, Antonia Pantoja Alternative HS",50.0,71.0,62.0,25.0,46.0,36.0,43.0,46.0,54.0,64.0,49.0,41.0,57.0,39.0,46.0,,35.0,66.0,65.0,48.0,43.0,40.0,60.0,40.0,41.0,30.0,,46.0,46.0,61.0,55.0,62.0,53.0,47.0,68.0,61.0,69.0,45.0,78.0,22.0,66.0,59.0,39.0,63.0,40.0,36.0,67.0
2026,400126,YCCS - Association House HS,81.0,85.0,79.0,52.0,56.0,32.0,63.0,61.0,73.0,86.0,71.0,75.0,87.0,58.0,36.0,,46.0,71.0,85.0,66.0,77.0,43.0,61.0,47.0,22.0,37.0,,62.0,82.0,51.0,83.0,60.0,70.0,67.0,76.0,80.0,67.0,29.0,85.0,15.0,85.0,65.0,90.0,57.0,61.0,71.0,71.0
2026,400128,YCCS - CCA Academy HS,71.0,75.0,55.0,51.0,51.0,,44.0,,70.0,79.0,50.0,63.0,49.0,45.0,,,32.0,65.0,,64.0,67.0,,56.0,,,36.0,,66.0,82.0,,98.0,70.0,46.0,49.0,55.0,60.0,55.0,,59.0,,52.0,51.0,,34.0,45.0,56.0,
2026,400129,YCCS - Progressive Leadership Academy,50.0,73.0,51.0,40.0,61.0,,55.0,,28.0,35.0,35.0,,56.0,70.0,,,33.0,62.0,,57.0,21.0,,72.0,,,32.0,,,24.0,,37.0,67.0,56.0,26.0,59.0,72.0,54.0,,72.0,,64.0,58.0,,28.0,,22.0,
2026,400130,YCCS - Community Youth Development Institute HS,50.0,80.0,63.0,49.0,58.0,,60.0,,58.0,55.0,49.0,59.0,59.0,57.0,,,33.0,75.0,,55.0,60.0,,68.0,,,36.0,,65.0,61.0,,61.0,75.0,50.0,58.0,59.0,57.0,64.0,,70.0,,48.0,54.0,,38.0,,53.0,
2026,400131,YCCS - Dr. Pedro Albizu Campos Puerto Rican HS,39.0,73.0,58.0,56.0,54.0,24.0,53.0,43.0,46.0,58.0,48.0,58.0,50.0,67.0,41.0,,39.0,51.0,69.0,51.0,60.0,38.0,59.0,49.0,32.0,38.0,,48.0,44.0,35.0,37.0,70.0,58.0,44.0,72.0,70.0,55.0,32.0,81.0,14.0,58.0,53.0,50.0,42.0,32.0,75.0,41.0
2026,400133,YCCS - Innovations HS of Arts Integration,61.0,72.0,55.0,37.0,52.0,37.0,51.0,60.0,54.0,66.0,43.0,60.0,61.0,56.0,61.0,,43.0,65.0,64.0,59.0,70.0,49.0,73.0,74.0,30.0,46.0,,63.0,56.0,42.0,67.0,63.0,54.0,38.0,58.0,53.0,55.0,46.0,67.0,3.0,54.0,56.0,60.0,47.0,44.0,48.0,51.0
2026,400135,YCCS - Latino Youth Alternative HS,71.0,70.0,58.0,41.0,52.0,44.0,47.0,54.0,67.0,90.0,45.0,77.0,48.0,50.0,44.0,,31.0,54.0,76.0,41.0,77.0,51.0,63.0,54.0,41.0,7.0,,73.0,58.0,53.0,89.0,48.0,45.0,65.0,50.0,66.0,56.0,43.0,75.0,32.0,45.0,48.0,83.0,58.0,59.0,74.0,67.0
2026,400136,YCCS - Olive Harvey Middle College HS,61.0,82.0,64.0,54.0,59.0,44.0,65.0,,65.0,73.0,41.0,56.0,54.0,61.0,,,37.0,77.0,,51.0,59.0,,81.0,,,32.0,,50.0,60.0,41.0,59.0,74.0,45.0,61.0,58.0,63.0,51.0,,69.0,7.0,45.0,47.0,,59.0,54.0,59.0,
2026,400139,YCCS - Sullivan House Alternative HS,100.0,99.0,99.0,99.0,90.0,46.0,99.0,72.0,78.0,99.0,99.0,84.0,99.0,99.0,49.0,,73.0,99.0,84.0,99.0,90.0,64.0,99.0,78.0,55.0,46.0,,77.0,80.0,64.0,83.0,99.0,99.0,68.0,99.0,99.0,99.0,64.0,99.0,32.0,95.0,86.0,81.0,56.0,58.0,87.0,73.0
2026,400141,YCCS - Truman Middle College HS,50.0,77.0,60.0,42.0,54.0,58.0,55.0,41.0,46.0,57.0,53.0,40.0,65.0,73.0,41.0,,36.0,67.0,65.0,56.0,38.0,32.0,63.0,32.0,25.0,57.0,,47.0,38.0,36.0,42.0,63.0,68.0,31.0,73.0,77.0,68.0,22.0,85.0,21.0,84.0,65.0,48.0,63.0,38.0,28.0,61.0
2026,400143,YCCS - West Town Acad Alternative HS,81.0,73.0,81.0,54.0,71.0,,64.0,,61.0,68.0,51.0,58.0,82.0,66.0,,,33.0,79.0,77.0,54.0,59.0,,92.0,57.0,,30.0,,63.0,72.0,,69.0,45.0,81.0,41.0,80.0,99.0,78.0,50.0,92.0,,78.0,79.0,60.0,63.0,,48.0,61.0
2026,400144,YCCS - West HS,50.0,64.0,52.0,33.0,55.0,,47.0,,,74.0,34.0,57.0,41.0,62.0,,,32.0,55.0,,39.0,60.0,,70.0,,,32.0,,65.0,,,74.0,56.0,53.0,55.0,62.0,67.0,53.0,,66.0,,60.0,55.0,,49.0,,47.0,
2026,400145,YCCS - Youth Connection Leadership Acad HS,61.0,55.0,37.0,23.0,49.0,41.0,39.0,,59.0,63.0,31.0,72.0,49.0,50.0,,,36.0,61.0,62.0,45.0,92.0,,60.0,83.0,,29.0,,61.0,69.0,63.0,58.0,65.0,51.0,50.0,59.0,63.0,49.0,43.0,69.0,26.0,52.0,51.0,69.0,56.0,,66.0,55.0
2026,400146,KIPP Academy Chicago Campus,10.0,54.0,42.0,45.0,42.0,18.0,36.0,45.0,23.0,16.0,51.0,26.0,46.0,49.0,,,41.0,,22.0,59.0,29.0,19.0,52.0,19.0,21.0,41.0,47.0,38.0,22.0,21.0,35.0,45.0,31.0,12.0,35.0,38.0,,20.0,32.0,25.0,30.0,38.0,13.0,21.0,18.0,24.0,19.0
2026,400147,Chicago Excel Academy HS,91.0,81.0,82.0,70.0,70.0,34.0,67.0,,53.0,53.0,72.0,63.0,51.0,69.0,,,28.0,73.0,59.0,63.0,69.0,73.0,76.0,88.0,,50.0,,60.0,62.0,63.0,53.0,45.0,73.0,43.0,69.0,81.0,70.0,45.0,85.0,29.0,79.0,74.0,56.0,56.0,57.0,66.0,53.0
2026,400149,Acero Charter Schools - Victoria Soto,61.0,79.0,63.0,51.0,58.0,40.0,55.0,56.0,54.0,59.0,55.0,47.0,71.0,67.0,49.0,,52.0,73.0,55.0,72.0,55.0,64.0,71.0,51.0,75.0,45.0,,42.0,51.0,44.0,62.0,68.0,59.0,44.0,71.0,55.0,64.0,36.0,73.0,41.0,63.0,59.0,41.0,56.0,66.0,49.0,58.0
2026,400150,YCCS - Chatham Academy HS,,,,,,,,,,85.0,,73.0,,,,,,,,,79.0,,,,,,,67.0,,,89.0,,,45.0,,,,,,,,,,42.0,,72.0,
2026,400151,L.E.A.R.N. - 7th Campus,91.0,56.0,51.0,62.0,68.0,39.0,58.0,94.0,73.0,77.0,,61.0,,93.0,,,,,61.0,,70.0,60.0,51.0,66.0,55.0,,56.0,63.0,87.0,66.0,74.0,61.0,26.0,48.0,45.0,,,54.0,44.0,37.0,35.0,42.0,63.0,49.0,59.0,49.0,60.0
2026,400153,Acero Charter Schools - Brighton Park,29.0,51.0,46.0,42.0,47.0,42.0,35.0,31.0,35.0,40.0,43.0,37.0,54.0,50.0,,,40.0,,34.0,32.0,32.0,52.0,42.0,43.0,58.0,30.0,45.0,43.0,29.0,53.0,30.0,42.0,47.0,30.0,46.0,55.0,,27.0,54.0,36.0,44.0,46.0,37.0,51.0,55.0,37.0,43.0
2026,400156,Noble - Butler College Prep,71.0,84.0,68.0,76.0,72.0,35.0,72.0,68.0,60.0,63.0,68.0,59.0,64.0,85.0,70.0,,36.0,79.0,74.0,68.0,70.0,59.0,82.0,76.0,54.0,46.0,,56.0,65.0,45.0,64.0,54.0,44.0,47.0,55.0,50.0,71.0,36.0,59.0,31.0,52.0,59.0,48.0,49.0,48.0,62.0,58.0
2026,400157,Noble - Baker College Prep,61.0,73.0,68.0,57.0,61.0,34.0,54.0,64.0,49.0,60.0,51.0,41.0,58.0,71.0,59.0,,31.0,66.0,61.0,60.0,45.0,45.0,77.0,61.0,41.0,41.0,,38.0,43.0,39.0,47.0,53.0,35.0,25.0,47.0,49.0,63.0,26.0,57.0,35.0,43.0,50.0,30.0,42.0,34.0,49.0,54.0
2026,400159,Christopher House Charter School,0.0,40.0,25.0,33.0,37.0,38.0,37.0,29.0,26.0,18.0,46.0,14.0,41.0,52.0,,,35.0,,26.0,54.0,5.0,37.0,46.0,30.0,44.0,33.0,49.0,15.0,15.0,15.0,28.0,38.0,40.0,12.0,42.0,45.0,,1.0,52.0,25.0,36.0,38.0,24.0,36.0,37.0,11.0,54.0
2026,400161,Chicago Collegiate Charter School,29.0,42.0,38.0,31.0,42.0,38.0,31.0,71.0,57.0,56.0,35.0,50.0,52.0,49.0,,,35.0,,63.0,48.0,62.0,39.0,40.0,45.0,32.0,36.0,29.0,43.0,59.0,48.0,59.0,38.0,30.0,46.0,42.0,45.0,,55.0,34.0,34.0,32.0,32.0,41.0,46.0,41.0,52.0,52.0
2026,400162,Intrinsic Charter School,61.0,61.0,61.0,55.0,55.0,35.0,55.0,56.0,44.0,45.0,59.0,42.0,53.0,62.0,55.0,,39.0,65.0,47.0,62.0,51.0,55.0,70.0,63.0,57.0,40.0,,45.0,49.0,33.0,57.0,47.0,48.0,28.0,52.0,57.0,67.0,34.0,68.0,40.0,68.0,60.0,33.0,43.0,46.0,40.0,41.0
2026,400163,KIPP Chicago Charter School - KIPP Bloom,39.0,59.0,55.0,61.0,57.0,33.0,58.0,61.0,47.0,50.0,57.0,39.0,48.0,67.0,,,36.0,,60.0,68.0,51.0,44.0,58.0,44.0,48.0,54.0,47.0,46.0,44.0,41.0,68.0,46.0,35.0,33.0,40.0,46.0,,40.0,36.0,37.0,36.0,43.0,20.0,32.0,41.0,38.0,48.0
2026,400164,Instituto - Justice and Leadership,61.0,66.0,56.0,43.0,51.0,,61.0,,,,51.0,,50.0,41.0,,,37.0,75.0,,49.0,,,69.0,,,36.0,,,,,,67.0,73.0,,67.0,78.0,74.0,,98.0,,77.0,75.0,,,,,
2026,400165,L.E.A.R.N. - Middle School Campus,91.0,99.0,78.0,85.0,81.0,50.0,65.0,81.0,77.0,72.0,69.0,82.0,86.0,85.0,,,36.0,,74.0,66.0,95.0,56.0,93.0,82.0,31.0,50.0,80.0,87.0,89.0,59.0,84.0,51.0,46.0,67.0,64.0,51.0,,60.0,55.0,46.0,53.0,64.0,62.0,60.0,54.0,82.0,75.0
2026,400167,Horizon Science Academy Southwest Chicago Charter,50.0,45.0,40.0,42.0,47.0,50.0,43.0,60.0,47.0,39.0,42.0,52.0,51.0,51.0,,,36.0,,37.0,56.0,48.0,46.0,45.0,48.0,43.0,41.0,43.0,47.0,49.0,51.0,44.0,36.0,47.0,44.0,50.0,65.0,,41.0,55.0,51.0,46.0,44.0,53.0,51.0,46.0,58.0,44.0
2026,400168,Great Lakes Academy Charter School,39.0,46.0,40.0,49.0,55.0,34.0,47.0,44.0,43.0,44.0,46.0,50.0,49.0,64.0,,,36.0,,48.0,52.0,62.0,46.0,58.0,55.0,49.0,58.0,38.0,48.0,44.0,47.0,55.0,35.0,38.0,40.0,45.0,43.0,,53.0,36.0,39.0,38.0,39.0,37.0,49.0,33.0,53.0,45.0
2026,400169,Noble - ITW David Speer Academy,50.0,54.0,49.0,53.0,52.0,40.0,52.0,55.0,47.0,52.0,47.0,50.0,47.0,65.0,71.0,,31.0,59.0,59.0,54.0,53.0,48.0,52.0,45.0,49.0,38.0,,47.0,43.0,38.0,66.0,32.0,41.0,38.0,45.0,56.0,64.0,42.0,64.0,41.0,54.0,58.0,48.0,44.0,49.0,50.0,47.0
2026,400170,Noble - The Noble Academy,61.0,75.0,54.0,63.0,67.0,28.0,55.0,60.0,57.0,58.0,51.0,58.0,51.0,88.0,79.0,,38.0,73.0,60.0,68.0,67.0,52.0,70.0,56.0,43.0,39.0,,53.0,49.0,45.0,72.0,58.0,42.0,43.0,54.0,49.0,64.0,39.0,55.0,32.0,47.0,58.0,55.0,49.0,56.0,58.0,74.0
2026,400172,ASPIRA Business and Finance,71.0,66.0,56.0,59.0,62.0,53.0,60.0,43.0,41.0,39.0,59.0,44.0,48.0,62.0,49.0,,41.0,65.0,47.0,40.0,50.0,49.0,71.0,51.0,47.0,38.0,,35.0,43.0,55.0,57.0,38.0,54.0,41.0,54.0,64.0,71.0,23.0,71.0,50.0,64.0,60.0,46.0,64.0,49.0,46.0,37.0
2026,400173,Pathways in Education - Brighton Park,91.0,71.0,69.0,40.0,54.0,68.0,51.0,71.0,72.0,80.0,57.0,73.0,55.0,45.0,58.0,,36.0,69.0,84.0,56.0,95.0,72.0,57.0,58.0,81.0,30.0,,77.0,89.0,73.0,78.0,51.0,82.0,52.0,72.0,80.0,70.0,66.0,99.0,41.0,86.0,74.0,50.0,69.0,78.0,71.0,67.0
2026,400175,Excel Academy of South Shore,39.0,55.0,51.0,30.0,43.0,18.0,36.0,,33.0,45.0,37.0,46.0,36.0,38.0,,,23.0,56.0,,32.0,43.0,,53.0,,,25.0,,49.0,33.0,50.0,62.0,40.0,47.0,22.0,44.0,58.0,46.0,,56.0,16.0,42.0,45.0,,35.0,25.0,45.0,
2026,400176,Excel Academy Southwest,50.0,64.0,37.0,24.0,51.0,,37.0,,55.0,63.0,44.0,51.0,66.0,53.0,,,32.0,58.0,,42.0,62.0,,75.0,,,43.0,,48.0,67.0,,88.0,46.0,55.0,35.0,70.0,59.0,48.0,,66.0,,58.0,54.0,,47.0,54.0,44.0,
2026,400178,Moving Everest Charter School,10.0,51.0,37.0,54.0,44.0,19.0,42.0,36.0,24.0,19.0,48.0,25.0,46.0,52.0,,,25.0,,16.0,38.0,37.0,22.0,48.0,23.0,26.0,51.0,39.0,32.0,20.0,21.0,31.0,37.0,27.0,18.0,29.0,32.0,,9.0,28.0,21.0,22.0,31.0,10.0,24.0,16.0,20.0,28.0
2026,400179,Noble - Mansueto High School,71.0,59.0,52.0,53.0,55.0,53.0,57.0,66.0,52.0,67.0,52.0,51.0,51.0,71.0,70.0,,35.0,67.0,65.0,51.0,60.0,66.0,57.0,60.0,72.0,40.0,,52.0,47.0,37.0,66.0,34.0,53.0,44.0,55.0,68.0,71.0,26.0,78.0,33.0,64.0,65.0,45.0,59.0,65.0,46.0,35.0
2026,400180,KIPP One Academy,50.0,61.0,44.0,49.0,55.0,43.0,46.0,62.0,46.0,46.0,57.0,45.0,48.0,69.0,,,38.0,,50.0,62.0,54.0,47.0,53.0,52.0,44.0,46.0,64.0,49.0,47.0,48.0,55.0,50.0,35.0,35.0,43.0,44.0,,38.0,41.0,41.0,39.0,46.0,30.0,48.0,45.0,48.0,42.0
2026,400182,Catalyst Maria Charter High School,61.0,59.0,52.0,49.0,52.0,45.0,45.0,59.0,54.0,50.0,50.0,60.0,43.0,57.0,59.0,,31.0,60.0,61.0,56.0,68.0,58.0,60.0,57.0,63.0,30.0,,60.0,64.0,42.0,58.0,42.0,38.0,42.0,45.0,48.0,50.0,63.0,56.0,36.0,55.0,51.0,49.0,39.0,53.0,61.0,54.0
2026,609674,Chicago Vocational Career Academy High School,61.0,86.0,67.0,66.0,72.0,42.0,63.0,61.0,55.0,53.0,68.0,58.0,69.0,89.0,48.0,,44.0,79.0,59.0,74.0,63.0,49.0,81.0,55.0,38.0,44.0,,55.0,64.0,50.0,57.0,78.0,38.0,45.0,60.0,36.0,65.0,49.0,48.0,33.0,51.0,51.0,52.0,35.0,54.0,60.0,50.0
2026,609676,Paul Laurence Dunbar Career Academy High School,50.0,72.0,56.0,60.0,57.0,29.0,49.0,62.0,51.0,39.0,48.0,52.0,59.0,70.0,38.0,,35.0,67.0,54.0,69.0,68.0,45.0,62.0,56.0,39.0,41.0,,52.0,70.0,37.0,67.0,55.0,36.0,29.0,48.0,43.0,58.0,40.0,48.0,15.0,51.0,46.0,43.0,25.0,40.0,46.0,55.0
2026,609678,William Jones College Preparatory High School,71.0,82.0,80.0,87.0,81.0,62.0,96.0,56.0,41.0,37.0,82.0,31.0,85.0,89.0,93.0,,51.0,92.0,38.0,69.0,19.0,60.0,80.0,50.0,70.0,63.0,,27.0,26.0,66.0,41.0,91.0,71.0,50.0,78.0,77.0,85.0,26.0,93.0,62.0,78.0,82.0,55.0,67.0,61.0,21.0,37.0
2026,609679,Charles Allen Prosser Career Academy High School,61.0,69.0,55.0,50.0,59.0,49.0,58.0,71.0,59.0,47.0,52.0,57.0,50.0,63.0,63.0,,41.0,68.0,57.0,61.0,59.0,61.0,58.0,63.0,56.0,33.0,,58.0,62.0,66.0,62.0,54.0,46.0,57.0,59.0,51.0,60.0,44.0,64.0,48.0,62.0,58.0,57.0,54.0,63.0,55.0,60.0
2026,609680,Walter Payton College Preparatory High School,81.0,85.0,77.0,88.0,85.0,56.0,99.0,66.0,56.0,54.0,83.0,52.0,96.0,94.0,96.0,,55.0,93.0,58.0,75.0,45.0,78.0,84.0,74.0,81.0,63.0,,53.0,44.0,75.0,62.0,95.0,85.0,52.0,87.0,87.0,94.0,34.0,98.0,71.0,86.0,90.0,69.0,75.0,79.0,41.0,65.0
2026,609682,Ellen H Richards Career Academy High School,61.0,60.0,55.0,42.0,58.0,49.0,55.0,74.0,54.0,48.0,48.0,63.0,39.0,75.0,36.0,,27.0,55.0,60.0,65.0,57.0,46.0,76.0,63.0,33.0,29.0,,60.0,67.0,40.0,53.0,35.0,48.0,50.0,52.0,62.0,56.0,50.0,70.0,41.0,57.0,49.0,68.0,51.0,41.0,67.0,29.0
2026,609691,North-Grand High School,50.0,61.0,55.0,46.0,56.0,50.0,50.0,60.0,48.0,43.0,47.0,54.0,43.0,65.0,52.0,,36.0,57.0,49.0,66.0,48.0,48.0,64.0,49.0,46.0,26.0,,45.0,50.0,47.0,54.0,49.0,37.0,44.0,52.0,45.0,55.0,38.0,56.0,45.0,58.0,51.0,67.0,44.0,48.0,57.0,42.0
2026,609692,Neal F Simeon Career Academy High School,61.0,79.0,63.0,68.0,68.0,39.0,67.0,70.0,49.0,38.0,61.0,48.0,55.0,77.0,56.0,,37.0,70.0,43.0,66.0,50.0,47.0,80.0,51.0,44.0,49.0,,50.0,51.0,47.0,66.0,62.0,35.0,47.0,52.0,39.0,58.0,36.0,46.0,37.0,48.0,49.0,43.0,38.0,47.0,49.0,40.0
2026,609693,George Westinghouse College Prep,100.0,64.0,64.0,81.0,81.0,59.0,82.0,84.0,70.0,61.0,69.0,72.0,62.0,94.0,91.0,,28.0,77.0,78.0,77.0,78.0,69.0,74.0,67.0,65.0,46.0,,70.0,75.0,75.0,71.0,52.0,52.0,67.0,61.0,68.0,79.0,61.0,78.0,59.0,67.0,72.0,77.0,69.0,75.0,64.0,63.0
2026,609694,John Hancock College Preparatory High School,50.0,70.0,69.0,90.0,82.0,69.0,93.0,55.0,29.0,30.0,79.0,21.0,95.0,99.0,78.0,,50.0,86.0,26.0,73.0,15.0,57.0,62.0,39.0,60.0,63.0,,29.0,16.0,78.0,25.0,78.0,82.0,40.0,80.0,94.0,93.0,15.0,99.0,69.0,85.0,85.0,32.0,90.0,73.0,6.0,4.0
2026,609695,Roald Amundsen High School,81.0,69.0,52.0,67.0,72.0,55.0,70.0,67.0,59.0,49.0,56.0,57.0,78.0,82.0,77.0,,59.0,70.0,54.0,62.0,50.0,72.0,68.0,68.0,76.0,59.0,,54.0,57.0,70.0,62.0,70.0,63.0,66.0,69.0,63.0,67.0,38.0,76.0,51.0,61.0,67.0,66.0,59.0,73.0,59.0,58.0
2026,609698,William J Bogan High School,61.0,61.0,44.0,58.0,65.0,44.0,61.0,69.0,56.0,49.0,52.0,54.0,55.0,73.0,55.0,,37.0,65.0,59.0,56.0,63.0,45.0,76.0,45.0,41.0,38.0,,55.0,67.0,52.0,65.0,52.0,38.0,49.0,49.0,45.0,56.0,50.0,54.0,45.0,49.0,50.0,54.0,53.0,49.0,44.0,47.0
2026,609704,David G Farragut Career Academy High School,91.0,71.0,62.0,56.0,68.0,51.0,57.0,94.0,74.0,72.0,53.0,72.0,50.0,72.0,68.0,,38.0,72.0,78.0,60.0,76.0,71.0,78.0,77.0,68.0,40.0,,67.0,81.0,66.0,82.0,52.0,42.0,59.0,59.0,53.0,62.0,44.0,62.0,44.0,63.0,59.0,77.0,48.0,67.0,67.0,64.0
2026,609705,Christian Fenger Academy High School,81.0,68.0,49.0,50.0,64.0,50.0,43.0,79.0,60.0,54.0,52.0,60.0,68.0,71.0,60.0,,35.0,67.0,74.0,60.0,71.0,55.0,65.0,67.0,38.0,32.0,,78.0,73.0,71.0,66.0,58.0,43.0,41.0,48.0,45.0,58.0,46.0,59.0,33.0,38.0,50.0,49.0,51.0,61.0,40.0,53.0
2026,609708,Edwin G. Foreman College and Career Academy,19.0,71.0,53.0,39.0,52.0,31.0,49.0,54.0,31.0,18.0,48.0,35.0,51.0,60.0,31.0,,34.0,64.0,28.0,51.0,37.0,27.0,76.0,29.0,30.0,34.0,,37.0,44.0,34.0,46.0,51.0,40.0,26.0,53.0,47.0,54.0,8.0,60.0,24.0,55.0,45.0,37.0,39.0,22.0,27.0,15.0
2026,609709,Gage Park High School,50.0,58.0,45.0,31.0,51.0,29.0,34.0,56.0,51.0,34.0,42.0,47.0,38.0,52.0,48.0,,35.0,52.0,56.0,57.0,56.0,43.0,70.0,47.0,40.0,27.0,,54.0,59.0,51.0,62.0,47.0,30.0,38.0,43.0,48.0,47.0,56.0,51.0,31.0,42.0,42.0,40.0,45.0,42.0,39.0,66.0
2026,609710,John M Harlan Community Academy High School,19.0,66.0,41.0,32.0,47.0,11.0,36.0,75.0,48.0,39.0,21.0,36.0,31.0,52.0,33.0,,24.0,38.0,54.0,53.0,58.0,28.0,73.0,20.0,22.0,19.0,,56.0,47.0,29.0,70.0,39.0,29.0,19.0,39.0,33.0,29.0,24.0,30.0,26.0,38.0,32.0,15.0,25.0,41.0,16.0,59.0
2026,609712,Emil G Hirsch Metropolitan High School,61.0,54.0,54.0,49.0,43.0,52.0,38.0,86.0,70.0,60.0,42.0,70.0,41.0,38.0,60.0,,27.0,56.0,68.0,55.0,84.0,38.0,47.0,42.0,29.0,14.0,,73.0,82.0,39.0,74.0,39.0,29.0,45.0,37.0,42.0,49.0,53.0,45.0,25.0,43.0,45.0,57.0,50.0,42.0,64.0,77.0
2026,609713,Hyde Park Academy High School,50.0,69.0,55.0,53.0,62.0,,47.0,,,,49.0,,46.0,60.0,,,33.0,56.0,,63.0,,,73.0,,,35.0,,,,,,52.0,27.0,,45.0,34.0,42.0,,43.0,,39.0,36.0,,,,,
2026,609715,Thomas Kelly College Preparatory,50.0,64.0,51.0,43.0,55.0,50.0,50.0,62.0,47.0,39.0,47.0,44.0,50.0,59.0,49.0,,40.0,67.0,43.0,60.0,45.0,46.0,66.0,45.0,41.0,26.0,,46.0,51.0,52.0,50.0,51.0,45.0,46.0,57.0,47.0,60.0,33.0,64.0,44.0,59.0,53.0,42.0,49.0,52.0,43.0,37.0
2026,609716,Kelvyn Park High School,39.0,49.0,35.0,34.0,45.0,35.0,35.0,48.0,41.0,39.0,36.0,37.0,41.0,56.0,37.0,,33.0,50.0,52.0,54.0,39.0,40.0,56.0,43.0,40.0,19.0,,41.0,48.0,35.0,54.0,39.0,38.0,29.0,48.0,54.0,52.0,45.0,62.0,37.0,56.0,46.0,34.0,52.0,38.0,35.0,43.0
2026,609718,John F Kennedy High School,50.0,71.0,55.0,57.0,59.0,37.0,58.0,57.0,45.0,40.0,55.0,48.0,60.0,66.0,51.0,,47.0,69.0,45.0,63.0,50.0,52.0,61.0,51.0,52.0,44.0,,49.0,52.0,51.0,58.0,51.0,40.0,44.0,55.0,40.0,61.0,40.0,54.0,37.0,58.0,53.0,54.0,28.0,54.0,38.0,33.0
2026,609719,Lake View High School,50.0,70.0,57.0,55.0,59.0,41.0,63.0,66.0,49.0,42.0,55.0,47.0,57.0,64.0,52.0,,46.0,65.0,53.0,66.0,49.0,47.0,66.0,48.0,44.0,48.0,,49.0,49.0,49.0,61.0,53.0,42.0,38.0,58.0,43.0,60.0,36.0,60.0,38.0,58.0,53.0,53.0,33.0,49.0,37.0,51.0
2026,609720,Albert G Lane Technical High School,71.0,77.0,67.0,84.0,81.0,,86.0,,,,75.0,,92.0,86.0,,,59.0,85.0,,69.0,,,72.0,,,68.0,,,,,,88.0,75.0,,83.0,82.0,87.0,,98.0,,81.0,81.0,,,,,
2026,609722,Manley Career Academy High School,39.0,63.0,49.0,36.0,48.0,7.0,43.0,48.0,48.0,57.0,46.0,44.0,51.0,57.0,51.0,,25.0,60.0,73.0,45.0,60.0,23.0,48.0,26.0,13.0,45.0,,47.0,60.0,49.0,63.0,48.0,31.0,32.0,41.0,58.0,46.0,35.0,43.0,7.0,31.0,40.0,28.0,24.0,30.0,39.0,44.0
2026,609723,John Marshall Metropolitan High School,81.0,61.0,52.0,50.0,60.0,34.0,52.0,70.0,66.0,61.0,35.0,67.0,47.0,65.0,58.0,,28.0,59.0,66.0,67.0,70.0,50.0,60.0,66.0,40.0,41.0,,71.0,79.0,63.0,62.0,43.0,38.0,52.0,47.0,51.0,54.0,69.0,57.0,35.0,42.0,48.0,70.0,31.0,43.0,57.0,67.0
2026,609724,Stephen T Mather High School,50.0,65.0,47.0,45.0,53.0,51.0,51.0,66.0,52.0,43.0,50.0,48.0,51.0,58.0,48.0,,37.0,59.0,51.0,55.0,42.0,43.0,56.0,47.0,37.0,34.0,,46.0,49.0,54.0,60.0,50.0,38.0,47.0,51.0,47.0,53.0,39.0,64.0,49.0,54.0,48.0,58.0,38.0,44.0,44.0,54.0
2026,609725,Morgan Park High School,61.0,72.0,57.0,69.0,69.0,40.0,69.0,79.0,49.0,40.0,60.0,47.0,57.0,77.0,56.0,,39.0,68.0,46.0,61.0,55.0,54.0,77.0,54.0,55.0,53.0,,51.0,45.0,51.0,58.0,59.0,43.0,37.0,49.0,50.0,60.0,42.0,53.0,42.0,46.0,51.0,39.0,41.0,52.0,42.0,44.0
2026,609726,Gwendolyn Brooks College Preparatory Academy HS,81.0,77.0,68.0,85.0,79.0,53.0,86.0,58.0,55.0,44.0,80.0,53.0,70.0,86.0,88.0,,35.0,83.0,47.0,64.0,51.0,65.0,79.0,58.0,72.0,60.0,,50.0,62.0,66.0,50.0,75.0,54.0,59.0,63.0,59.0,82.0,27.0,72.0,52.0,59.0,71.0,64.0,62.0,64.0,48.0,53.0
2026,609727,Wendell Phillips Academy High School,19.0,73.0,54.0,56.0,53.0,25.0,51.0,43.0,23.0,20.0,51.0,26.0,45.0,50.0,30.0,,40.0,61.0,12.0,53.0,16.0,30.0,67.0,29.0,33.0,36.0,,28.0,14.0,40.0,28.0,69.0,40.0,14.0,58.0,47.0,54.0,16.0,52.0,20.0,44.0,42.0,41.0,27.0,29.0,17.0,25.0
2026,609728,Theodore Roosevelt High School,50.0,65.0,55.0,46.0,56.0,46.0,51.0,63.0,49.0,43.0,56.0,50.0,49.0,61.0,49.0,,39.0,64.0,47.0,62.0,50.0,46.0,60.0,50.0,44.0,24.0,,50.0,54.0,55.0,53.0,52.0,46.0,49.0,57.0,51.0,61.0,39.0,68.0,40.0,59.0,54.0,56.0,52.0,45.0,43.0,37.0
2026,609729,Carl Schurz High School,50.0,64.0,54.0,40.0,49.0,41.0,44.0,61.0,53.0,43.0,48.0,51.0,48.0,53.0,48.0,,42.0,61.0,53.0,60.0,57.0,56.0,59.0,71.0,48.0,24.0,,45.0,62.0,43.0,51.0,47.0,43.0,46.0,52.0,49.0,54.0,38.0,57.0,32.0,56.0,50.0,53.0,44.0,50.0,47.0,51.0
2026,609730,Nicholas Senn High School,39.0,64.0,49.0,55.0,57.0,39.0,63.0,68.0,47.0,43.0,54.0,31.0,61.0,65.0,55.0,,42.0,64.0,51.0,72.0,26.0,41.0,68.0,34.0,45.0,40.0,,40.0,40.0,41.0,59.0,61.0,38.0,38.0,53.0,40.0,61.0,40.0,60.0,32.0,55.0,52.0,42.0,36.0,45.0,16.0,46.0
2026,609732,Charles P Steinmetz College Preparatory HS,19.0,68.0,55.0,51.0,59.0,43.0,55.0,60.0,36.0,36.0,52.0,21.0,50.0,57.0,38.0,,38.0,66.0,50.0,58.0,28.0,36.0,69.0,33.0,35.0,27.0,,26.0,27.0,60.0,47.0,50.0,40.0,25.0,50.0,49.0,56.0,24.0,60.0,39.0,52.0,47.0,18.0,43.0,40.0,13.0,34.0
2026,609733,Roger C Sullivan High School,61.0,75.0,62.0,50.0,61.0,,63.0,,,,56.0,,67.0,67.0,,,40.0,71.0,,67.0,,,65.0,,,46.0,,,,,,74.0,39.0,,58.0,49.0,69.0,,66.0,,67.0,58.0,,,,,
2026,609734,William Howard Taft High School,50.0,64.0,47.0,51.0,57.0,48.0,54.0,70.0,53.0,43.0,48.0,56.0,63.0,66.0,58.0,,48.0,58.0,51.0,59.0,60.0,54.0,60.0,56.0,53.0,43.0,,54.0,49.0,51.0,67.0,56.0,48.0,53.0,58.0,49.0,56.0,47.0,60.0,36.0,54.0,54.0,51.0,40.0,53.0,59.0,52.0
2026,609735,Edward Tilden Career Community Academy HS,39.0,61.0,52.0,37.0,53.0,47.0,39.0,61.0,49.0,42.0,40.0,46.0,35.0,68.0,39.0,,30.0,60.0,54.0,40.0,51.0,24.0,64.0,28.0,21.0,17.0,,48.0,57.0,41.0,45.0,35.0,41.0,39.0,47.0,50.0,59.0,26.0,54.0,31.0,49.0,47.0,36.0,47.0,22.0,49.0,47.0
2026,609737,Friedrich W von Steuben Metropolitan Science HS,81.0,70.0,55.0,71.0,71.0,63.0,72.0,74.0,57.0,50.0,64.0,44.0,75.0,77.0,74.0,,46.0,71.0,55.0,67.0,44.0,61.0,71.0,58.0,63.0,52.0,,47.0,50.0,65.0,60.0,63.0,60.0,58.0,67.0,69.0,69.0,47.0,80.0,56.0,69.0,68.0,55.0,62.0,61.0,31.0,53.0
2026,609738,Lincoln Park High School,61.0,64.0,51.0,66.0,66.0,45.0,72.0,57.0,40.0,33.0,61.0,32.0,67.0,86.0,71.0,,52.0,64.0,39.0,61.0,21.0,53.0,61.0,43.0,59.0,54.0,,32.0,25.0,51.0,46.0,71.0,51.0,41.0,59.0,54.0,64.0,17.0,67.0,41.0,58.0,61.0,48.0,36.0,57.0,28.0,45.0
2026,609739,George Washington High School,29.0,69.0,53.0,48.0,52.0,35.0,53.0,70.0,38.0,28.0,49.0,37.0,50.0,58.0,43.0,,41.0,65.0,41.0,56.0,36.0,41.0,65.0,44.0,34.0,37.0,,37.0,34.0,38.0,51.0,50.0,37.0,31.0,51.0,41.0,58.0,41.0,57.0,41.0,56.0,49.0,39.0,32.0,44.0,34.0,25.0
2026,609740,Wells Community Academy High School,71.0,69.0,53.0,36.0,49.0,42.0,45.0,75.0,67.0,60.0,49.0,69.0,49.0,51.0,61.0,,39.0,63.0,64.0,54.0,68.0,56.0,54.0,53.0,52.0,39.0,,69.0,82.0,56.0,55.0,51.0,48.0,54.0,53.0,51.0,56.0,51.0,60.0,35.0,56.0,55.0,73.0,45.0,62.0,65.0,66.0
2026,609741,Gurdon S Hubbard High School,61.0,65.0,53.0,45.0,51.0,46.0,53.0,61.0,56.0,47.0,51.0,56.0,49.0,57.0,54.0,,39.0,64.0,55.0,60.0,59.0,60.0,60.0,67.0,58.0,36.0,,51.0,64.0,43.0,56.0,47.0,44.0,60.0,56.0,49.0,61.0,48.0,62.0,37.0,61.0,55.0,59.0,46.0,54.0,55.0,47.0
2026,609745,Southside Occupational Academy High School,81.0,68.0,78.0,53.0,60.0,53.0,74.0,71.0,60.0,53.0,51.0,59.0,73.0,39.0,4.0,,35.0,82.0,66.0,60.0,60.0,72.0,87.0,90.0,63.0,61.0,,63.0,68.0,60.0,67.0,55.0,60.0,69.0,72.0,62.0,74.0,69.0,90.0,57.0,62.0,50.0,70.0,61.0,62.0,43.0,38.0
2026,609746,Kenwood Academy High School,100.0,76.0,72.0,84.0,82.0,60.0,92.0,76.0,71.0,61.0,81.0,73.0,78.0,90.0,98.0,,49.0,79.0,75.0,65.0,79.0,88.0,68.0,81.0,89.0,59.0,,64.0,78.0,86.0,76.0,67.0,58.0,71.0,64.0,63.0,82.0,60.0,74.0,65.0,67.0,76.0,85.0,61.0,95.0,64.0,67.0
2026,609748,Consuella B York Alternative High School,81.0,99.0,85.0,73.0,81.0,37.0,71.0,59.0,57.0,59.0,76.0,70.0,94.0,91.0,43.0,,56.0,79.0,61.0,73.0,77.0,53.0,99.0,43.0,65.0,57.0,,65.0,70.0,60.0,61.0,90.0,59.0,47.0,86.0,69.0,83.0,35.0,89.0,40.0,80.0,66.0,76.0,46.0,51.0,62.0,51.0
2026,609749,Northside College Preparatory High School,71.0,66.0,64.0,84.0,85.0,,99.0,,,,77.0,,93.0,84.0,,,53.0,82.0,,60.0,,,88.0,,,67.0,,,,,,86.0,84.0,,85.0,93.0,96.0,,99.0,,85.0,88.0,,,,,
2026,609750,Simpson Academy HS for Young Women,71.0,99.0,99.0,89.0,90.0,75.0,93.0,70.0,54.0,44.0,81.0,58.0,99.0,91.0,57.0,,65.0,99.0,34.0,99.0,63.0,48.0,99.0,52.0,41.0,99.0,,68.0,67.0,80.0,49.0,90.0,99.0,60.0,99.0,99.0,99.0,26.0,99.0,27.0,99.0,89.0,51.0,74.0,52.0,51.0,29.0
2026,609751,Dr. Martin Luther King Jr College Prep HS,50.0,72.0,64.0,65.0,66.0,34.0,74.0,66.0,43.0,33.0,62.0,35.0,66.0,75.0,59.0,,41.0,79.0,39.0,67.0,37.0,49.0,81.0,45.0,55.0,51.0,,44.0,39.0,42.0,59.0,61.0,51.0,26.0,58.0,54.0,70.0,39.0,59.0,38.0,51.0,58.0,30.0,36.0,47.0,28.0,50.0
2026,609753,Chicago High School for Agricultural Sciences,91.0,65.0,49.0,66.0,59.0,46.0,61.0,68.0,64.0,58.0,59.0,62.0,66.0,71.0,75.0,,53.0,72.0,67.0,54.0,67.0,66.0,58.0,69.0,65.0,56.0,,57.0,66.0,40.0,63.0,65.0,62.0,61.0,60.0,66.0,64.0,45.0,67.0,49.0,61.0,66.0,66.0,56.0,65.0,56.0,66.0
2026,609754,Chicago Military Academy High School,61.0,74.0,53.0,60.0,65.0,,54.0,,,,51.0,,62.0,61.0,,,34.0,65.0,,66.0,,,74.0,,,43.0,,,,,,53.0,33.0,,47.0,40.0,58.0,,44.0,,40.0,44.0,,,,,
2026,609755,Whitney M Young Magnet High School,71.0,73.0,59.0,96.0,83.0,,87.0,,,,73.0,,90.0,83.0,,,59.0,88.0,,80.0,,,69.0,,,67.0,,,,,,91.0,80.0,,84.0,88.0,89.0,,99.0,,75.0,81.0,,,,,
2026,609756,Marie Sklodowska Curie Metropolitan High School,39.0,63.0,55.0,52.0,59.0,45.0,60.0,64.0,43.0,36.0,56.0,31.0,54.0,67.0,47.0,,38.0,65.0,45.0,55.0,36.0,45.0,59.0,49.0,43.0,38.0,,32.0,39.0,56.0,54.0,46.0,42.0,40.0,54.0,51.0,60.0,49.0,67.0,42.0,60.0,52.0,31.0,40.0,44.0,23.0,34.0
2026,609759,Roberto Clemente Community Academy High School,19.0,71.0,63.0,58.0,58.0,32.0,56.0,37.0,25.0,23.0,48.0,34.0,48.0,64.0,28.0,,39.0,68.0,20.0,63.0,24.0,27.0,68.0,32.0,33.0,29.0,,31.0,34.0,41.0,24.0,53.0,40.0,23.0,52.0,48.0,60.0,11.0,54.0,27.0,51.0,45.0,48.0,35.0,15.0,33.0,10.0
2026,609760,George Washington Carver Military Academy HS,50.0,75.0,55.0,53.0,59.0,,49.0,,,,53.0,,62.0,59.0,,,38.0,62.0,,57.0,,,65.0,,,38.0,,,,,,61.0,49.0,,55.0,51.0,58.0,,60.0,,47.0,51.0,,,,,
2026,609761,George H Corliss High School,50.0,71.0,50.0,52.0,56.0,34.0,46.0,68.0,47.0,46.0,46.0,50.0,49.0,64.0,50.0,,28.0,55.0,45.0,58.0,59.0,48.0,58.0,60.0,45.0,32.0,,47.0,51.0,48.0,49.0,56.0,32.0,40.0,45.0,39.0,46.0,44.0,43.0,33.0,43.0,43.0,53.0,35.0,40.0,41.0,32.0
2026,609762,Percy L Julian High School,61.0,69.0,52.0,64.0,70.0,,59.0,,,,48.0,,54.0,78.0,,,32.0,66.0,,61.0,,,67.0,,,42.0,,,,,,51.0,38.0,,51.0,50.0,58.0,,46.0,,44.0,47.0,,,,,
2026,609764,Benito Juarez Community Academy High School,100.0,63.0,58.0,56.0,66.0,56.0,65.0,78.0,70.0,65.0,55.0,64.0,56.0,68.0,69.0,,41.0,69.0,74.0,64.0,74.0,78.0,76.0,89.0,72.0,34.0,,62.0,74.0,63.0,78.0,41.0,51.0,63.0,59.0,55.0,65.0,56.0,69.0,48.0,63.0,62.0,64.0,58.0,72.0,57.0,70.0
2026,609769,Ray Graham Training Center High School,39.0,71.0,36.0,29.0,31.0,51.0,31.0,52.0,58.0,56.0,36.0,57.0,59.0,8.0,25.0,,42.0,69.0,67.0,24.0,63.0,56.0,35.0,64.0,40.0,43.0,,57.0,60.0,53.0,74.0,60.0,56.0,65.0,63.0,50.0,63.0,55.0,69.0,55.0,59.0,51.0,56.0,59.0,63.0,50.0,56.0
2026,609772,Jane Addams Elementary School,50.0,48.0,36.0,47.0,44.0,48.0,46.0,44.0,45.0,40.0,48.0,42.0,58.0,46.0,,,45.0,,54.0,60.0,44.0,46.0,29.0,47.0,48.0,39.0,47.0,44.0,53.0,53.0,47.0,29.0,41.0,49.0,43.0,43.0,,25.0,44.0,40.0,51.0,44.0,43.0,56.0,42.0,35.0,39.0
2026,609773,Harriet Tubman Elementary School,50.0,46.0,41.0,50.0,52.0,45.0,50.0,60.0,49.0,50.0,52.0,39.0,55.0,44.0,,,55.0,,56.0,54.0,31.0,69.0,62.0,66.0,72.0,56.0,40.0,50.0,32.0,51.0,74.0,41.0,61.0,41.0,57.0,69.0,,45.0,66.0,45.0,55.0,49.0,58.0,47.0,69.0,17.0,61.0
2026,609774,Louisa May Alcott College Preparatory ES,81.0,35.0,37.0,41.0,51.0,58.0,49.0,77.0,60.0,55.0,38.0,62.0,65.0,51.0,,,58.0,,56.0,63.0,62.0,72.0,51.0,72.0,74.0,62.0,40.0,63.0,63.0,59.0,65.0,41.0,56.0,55.0,55.0,77.0,,45.0,59.0,62.0,44.0,44.0,67.0,55.0,69.0,57.0,50.0
2026,609777,Phillip D Armour Elementary School,71.0,46.0,49.0,52.0,61.0,60.0,56.0,61.0,56.0,53.0,56.0,61.0,50.0,62.0,,,46.0,,58.0,56.0,58.0,53.0,68.0,66.0,39.0,41.0,46.0,74.0,68.0,63.0,59.0,44.0,58.0,52.0,58.0,70.0,,58.0,74.0,52.0,63.0,54.0,61.0,74.0,55.0,51.0,48.0
2026,609779,George Armstrong International Studies ES,71.0,62.0,55.0,52.0,56.0,65.0,55.0,66.0,66.0,62.0,60.0,66.0,61.0,58.0,,,44.0,,66.0,58.0,72.0,57.0,50.0,68.0,49.0,42.0,60.0,63.0,70.0,64.0,67.0,54.0,50.0,67.0,55.0,60.0,,49.0,66.0,51.0,58.0,56.0,64.0,64.0,53.0,65.0,66.0
2026,609780,Marine Leadership Academy at Ames,39.0,67.0,41.0,40.0,51.0,62.0,37.0,50.0,39.0,34.0,38.0,43.0,47.0,51.0,44.0,,42.0,56.0,28.0,55.0,34.0,46.0,57.0,46.0,44.0,25.0,,49.0,42.0,55.0,33.0,46.0,44.0,38.0,56.0,49.0,52.0,26.0,62.0,47.0,48.0,47.0,48.0,55.0,47.0,40.0,29.0
2026,609782,John J Audubon Elementary School,100.0,61.0,62.0,69.0,65.0,65.0,73.0,69.0,70.0,73.0,58.0,71.0,59.0,52.0,,,78.0,,72.0,74.0,72.0,78.0,62.0,74.0,81.0,58.0,61.0,70.0,68.0,75.0,65.0,61.0,81.0,71.0,75.0,84.0,,68.0,76.0,85.0,76.0,70.0,71.0,78.0,80.0,71.0,71.0
2026,609783,Nancy B Jefferson Alternative High School,81.0,99.0,79.0,74.0,83.0,39.0,80.0,68.0,60.0,67.0,77.0,58.0,72.0,93.0,52.0,,53.0,85.0,75.0,64.0,66.0,55.0,99.0,55.0,49.0,50.0,,68.0,71.0,65.0,87.0,74.0,64.0,48.0,65.0,55.0,70.0,50.0,72.0,65.0,53.0,60.0,52.0,59.0,62.0,47.0,47.0
2026,609786,Avalon Park Elementary School,100.0,65.0,75.0,71.0,79.0,61.0,79.0,58.0,61.0,72.0,73.0,65.0,60.0,93.0,,,42.0,,71.0,76.0,72.0,62.0,84.0,78.0,49.0,72.0,67.0,70.0,71.0,66.0,68.0,39.0,61.0,46.0,63.0,55.0,,68.0,50.0,42.0,69.0,68.0,58.0,59.0,58.0,60.0,59.0
2026,609788,Alice L Barnard Computer Math & Science Ctr ES,39.0,51.0,40.0,55.0,56.0,43.0,55.0,62.0,51.0,39.0,44.0,51.0,47.0,55.0,,,45.0,,54.0,50.0,56.0,46.0,59.0,44.0,47.0,44.0,45.0,56.0,60.0,55.0,53.0,38.0,32.0,37.0,39.0,45.0,,30.0,40.0,51.0,39.0,39.0,55.0,37.0,48.0,37.0,57.0
2026,609789,John Barry Elementary School,50.0,67.0,49.0,50.0,57.0,55.0,51.0,44.0,41.0,32.0,65.0,45.0,69.0,57.0,,,47.0,,33.0,51.0,37.0,48.0,67.0,44.0,53.0,50.0,69.0,45.0,44.0,55.0,36.0,57.0,49.0,47.0,55.0,55.0,,26.0,57.0,49.0,58.0,56.0,50.0,58.0,48.0,46.0,40.0
2026,609790,Clara Barton Elementary School,39.0,48.0,39.0,36.0,46.0,45.0,35.0,58.0,52.0,46.0,46.0,57.0,47.0,52.0,,,36.0,,46.0,48.0,68.0,49.0,40.0,58.0,45.0,35.0,44.0,54.0,62.0,55.0,67.0,36.0,23.0,45.0,36.0,35.0,,40.0,37.0,45.0,38.0,36.0,49.0,41.0,45.0,55.0,49.0
2026,609791,Perkins Bass Elementary School,71.0,76.0,70.0,69.0,77.0,58.0,86.0,38.0,45.0,45.0,62.0,44.0,57.0,96.0,,,40.0,,52.0,71.0,50.0,41.0,85.0,49.0,29.0,60.0,81.0,48.0,57.0,58.0,38.0,56.0,54.0,38.0,69.0,65.0,,48.0,70.0,32.0,67.0,68.0,38.0,60.0,44.0,39.0,46.0
2026,609792,Newton Bateman Elementary School,81.0,60.0,55.0,50.0,59.0,72.0,61.0,67.0,70.0,69.0,65.0,69.0,67.0,55.0,,,65.0,,70.0,65.0,72.0,75.0,63.0,85.0,70.0,58.0,51.0,72.0,74.0,67.0,74.0,44.0,58.0,77.0,61.0,74.0,,63.0,64.0,63.0,69.0,58.0,70.0,79.0,71.0,63.0,61.0
2026,609793,Lillian R. Nicholson STEM Academy,29.0,58.0,46.0,40.0,47.0,31.0,33.0,36.0,35.0,31.0,45.0,45.0,46.0,48.0,,,44.0,,43.0,61.0,52.0,32.0,54.0,45.0,17.0,28.0,53.0,47.0,50.0,47.0,37.0,36.0,29.0,30.0,39.0,32.0,,40.0,34.0,23.0,34.0,41.0,38.0,38.0,35.0,43.0,29.0
2026,609794,Thomas A Edison Regional Gifted Center ES,91.0,35.0,23.0,42.0,63.0,69.0,64.0,64.0,61.0,55.0,36.0,70.0,52.0,48.0,,,64.0,,55.0,40.0,71.0,81.0,84.0,75.0,89.0,59.0,50.0,71.0,77.0,77.0,63.0,50.0,67.0,52.0,65.0,77.0,,58.0,63.0,73.0,60.0,50.0,77.0,73.0,78.0,59.0,56.0
2026,609795,George Rogers Clark Elementary School,39.0,53.0,53.0,41.0,52.0,47.0,56.0,53.0,45.0,52.0,33.0,34.0,55.0,53.0,,,55.0,,47.0,22.0,33.0,50.0,69.0,50.0,51.0,64.0,61.0,50.0,52.0,43.0,39.0,38.0,52.0,27.0,58.0,67.0,,60.0,63.0,39.0,58.0,56.0,35.0,63.0,50.0,17.0,40.0
2026,609796,Jean Baptiste Beaubien Elementary School,81.0,51.0,55.0,48.0,54.0,51.0,60.0,81.0,69.0,65.0,50.0,62.0,60.0,55.0,,,59.0,,63.0,63.0,69.0,71.0,43.0,66.0,72.0,57.0,46.0,58.0,72.0,68.0,68.0,53.0,59.0,67.0,62.0,46.0,,69.0,63.0,65.0,63.0,56.0,66.0,54.0,76.0,56.0,60.0
2026,609797,Jacob Beidler Elementary School,50.0,51.0,43.0,46.0,57.0,49.0,43.0,52.0,48.0,40.0,41.0,54.0,40.0,62.0,,,34.0,,38.0,60.0,60.0,47.0,54.0,57.0,40.0,33.0,54.0,53.0,62.0,65.0,47.0,33.0,32.0,54.0,38.0,57.0,,38.0,41.0,52.0,33.0,41.0,53.0,52.0,44.0,51.0,30.0
2026,609798,Hiram H Belding Elementary School,81.0,53.0,53.0,44.0,55.0,64.0,63.0,64.0,71.0,74.0,55.0,66.0,60.0,50.0,,,61.0,,77.0,66.0,68.0,78.0,62.0,84.0,72.0,57.0,57.0,80.0,74.0,62.0,69.0,56.0,59.0,73.0,62.0,69.0,,79.0,63.0,71.0,64.0,58.0,62.0,70.0,78.0,52.0,72.0
2026,609799,Alexander Graham Bell Elementary School,61.0,40.0,33.0,43.0,46.0,54.0,49.0,49.0,46.0,44.0,47.0,43.0,63.0,39.0,,,72.0,,36.0,63.0,35.0,63.0,51.0,61.0,65.0,68.0,48.0,44.0,47.0,51.0,37.0,61.0,65.0,48.0,62.0,76.0,,29.0,64.0,62.0,52.0,50.0,56.0,56.0,62.0,36.0,44.0
2026,609800,Frank I Bennett Elementary School,71.0,61.0,44.0,50.0,53.0,51.0,45.0,75.0,60.0,64.0,50.0,67.0,44.0,46.0,,,38.0,,58.0,52.0,67.0,60.0,57.0,62.0,59.0,55.0,41.0,68.0,66.0,57.0,86.0,50.0,29.0,50.0,41.0,32.0,,37.0,36.0,46.0,29.0,36.0,71.0,56.0,58.0,62.0,47.0
2026,609803,James G Blaine Elementary School,100.0,57.0,41.0,57.0,63.0,79.0,62.0,86.0,72.0,60.0,63.0,75.0,70.0,55.0,,,73.0,,67.0,45.0,78.0,89.0,50.0,89.0,90.0,80.0,67.0,76.0,76.0,90.0,69.0,73.0,77.0,74.0,74.0,81.0,,57.0,81.0,80.0,66.0,63.0,81.0,74.0,87.0,66.0,66.0
2026,609804,Mosaic School of Fine Arts,39.0,61.0,54.0,49.0,57.0,60.0,55.0,44.0,39.0,35.0,53.0,43.0,57.0,60.0,,,53.0,,29.0,65.0,38.0,47.0,56.0,50.0,45.0,48.0,59.0,41.0,45.0,61.0,45.0,54.0,49.0,44.0,61.0,61.0,,32.0,60.0,42.0,61.0,56.0,52.0,58.0,46.0,41.0,27.0
2026,609805,Scott Joplin Elementary School,61.0,72.0,59.0,68.0,65.0,48.0,65.0,47.0,45.0,44.0,69.0,40.0,59.0,84.0,,,48.0,,61.0,40.0,45.0,40.0,71.0,44.0,34.0,45.0,71.0,45.0,39.0,37.0,56.0,67.0,49.0,35.0,57.0,49.0,,54.0,59.0,42.0,53.0,58.0,36.0,39.0,41.0,35.0,58.0
2026,609806,Myra Bradwell Communications Arts & Sciences ES,29.0,60.0,47.0,46.0,41.0,14.0,37.0,52.0,37.0,30.0,43.0,45.0,53.0,51.0,,,38.0,,34.0,50.0,58.0,27.0,44.0,50.0,13.0,35.0,47.0,43.0,47.0,24.0,52.0,43.0,32.0,24.0,47.0,40.0,,46.0,37.0,12.0,40.0,42.0,37.0,27.0,19.0,41.0,30.0
2026,609807,Lionel Hampton Fine & Performing Arts ES,39.0,47.0,38.0,45.0,47.0,,45.0,,,,36.0,,36.0,55.0,,,39.0,,,54.0,,,40.0,,,33.0,41.0,,,,,32.0,32.0,,38.0,37.0,,,45.0,,39.0,38.0,,,,,
2026,609808,Alex Haley Elementary Academy,61.0,65.0,57.0,58.0,64.0,45.0,52.0,58.0,57.0,57.0,53.0,55.0,54.0,68.0,,,43.0,,62.0,60.0,60.0,57.0,64.0,59.0,59.0,50.0,64.0,50.0,63.0,65.0,60.0,47.0,38.0,54.0,51.0,42.0,,61.0,44.0,51.0,35.0,49.0,51.0,43.0,52.0,58.0,51.0
2026,609809,Lorenz Brentano Math & Science Academy ES,100.0,73.0,63.0,62.0,61.0,69.0,70.0,78.0,71.0,64.0,58.0,73.0,71.0,49.0,,,70.0,,64.0,73.0,74.0,75.0,58.0,76.0,73.0,69.0,59.0,65.0,70.0,74.0,65.0,59.0,68.0,79.0,79.0,76.0,,52.0,78.0,63.0,71.0,65.0,86.0,70.0,75.0,66.0,63.0
2026,609810,Norman A Bridge Elementary School,81.0,61.0,58.0,44.0,56.0,68.0,64.0,56.0,58.0,51.0,65.0,61.0,66.0,54.0,,,55.0,,58.0,57.0,55.0,63.0,60.0,61.0,61.0,54.0,54.0,68.0,60.0,65.0,62.0,51.0,60.0,65.0,61.0,60.0,,40.0,61.0,62.0,67.0,60.0,65.0,67.0,67.0,57.0,57.0
2026,609811,Orville T Bright Elementary School,19.0,65.0,63.0,49.0,56.0,43.0,58.0,37.0,34.0,30.0,57.0,36.0,55.0,67.0,,,36.0,,38.0,59.0,38.0,38.0,58.0,42.0,32.0,49.0,49.0,37.0,38.0,50.0,54.0,53.0,39.0,26.0,47.0,41.0,,52.0,41.0,22.0,49.0,50.0,31.0,36.0,39.0,37.0,37.0
2026,609812,William H Brown STEM Magnet Elementary School,61.0,63.0,62.0,67.0,73.0,37.0,67.0,46.0,48.0,53.0,58.0,46.0,64.0,75.0,,,52.0,,59.0,64.0,49.0,54.0,74.0,56.0,56.0,62.0,66.0,50.0,59.0,76.0,54.0,64.0,50.0,39.0,56.0,62.0,,52.0,52.0,51.0,54.0,58.0,52.0,45.0,50.0,32.0,44.0
2026,609813,Charles S Brownell Elementary School,19.0,81.0,67.0,65.0,58.0,60.0,74.0,36.0,37.0,49.0,90.0,36.0,61.0,67.0,,,32.0,,55.0,62.0,28.0,24.0,63.0,38.0,8.0,27.0,60.0,62.0,43.0,35.0,24.0,56.0,39.0,18.0,60.0,38.0,,15.0,58.0,32.0,53.0,55.0,30.0,54.0,25.0,23.0,38.0
2026,609815,Edward A Bouchet Math & Science Academy ES,50.0,61.0,58.0,64.0,55.0,41.0,61.0,61.0,58.0,58.0,59.0,52.0,46.0,61.0,,,36.0,,65.0,53.0,59.0,45.0,53.0,49.0,39.0,50.0,58.0,55.0,63.0,41.0,64.0,42.0,42.0,49.0,47.0,48.0,,55.0,48.0,30.0,48.0,52.0,49.0,52.0,47.0,44.0,57.0
2026,609817,Lyman A Budlong Elementary School,50.0,55.0,48.0,45.0,48.0,,56.0,,,,54.0,,61.0,49.0,,,56.0,,,54.0,,,49.0,,,48.0,47.0,,,,,42.0,54.0,,56.0,59.0,,,57.0,,58.0,52.0,,,,,
2026,609818,Luther Burbank Elementary School,91.0,65.0,60.0,51.0,64.0,48.0,54.0,63.0,64.0,58.0,59.0,63.0,62.0,71.0,,,52.0,,64.0,60.0,68.0,62.0,74.0,70.0,58.0,47.0,65.0,62.0,67.0,60.0,68.0,52.0,47.0,66.0,62.0,57.0,,72.0,67.0,48.0,58.0,58.0,60.0,60.0,59.0,61.0,68.0
2026,609819,Edmond Burke Elementary School,29.0,63.0,48.0,56.0,56.0,25.0,41.0,54.0,42.0,36.0,48.0,42.0,49.0,67.0,,,35.0,,61.0,38.0,45.0,36.0,55.0,51.0,28.0,44.0,44.0,39.0,52.0,47.0,48.0,39.0,21.0,25.0,36.0,31.0,,38.0,24.0,23.0,29.0,36.0,46.0,26.0,29.0,38.0,41.0
2026,609820,Augustus H Burley Elementary School,29.0,42.0,44.0,43.0,47.0,52.0,57.0,45.0,36.0,33.0,47.0,34.0,62.0,44.0,,,77.0,,29.0,66.0,24.0,58.0,48.0,55.0,61.0,73.0,46.0,28.0,37.0,52.0,44.0,66.0,77.0,38.0,69.0,83.0,,41.0,77.0,59.0,65.0,58.0,53.0,54.0,59.0,32.0,26.0
2026,609821,Burnham Elementary Inclusive Academy,50.0,61.0,46.0,56.0,51.0,52.0,52.0,53.0,45.0,45.0,59.0,51.0,49.0,44.0,,,32.0,,49.0,55.0,53.0,46.0,47.0,53.0,43.0,41.0,46.0,49.0,45.0,56.0,49.0,40.0,27.0,42.0,39.0,27.0,,49.0,34.0,39.0,42.0,40.0,50.0,52.0,43.0,50.0,42.0
2026,609827,Burnside Elementary Scholastic Academy,61.0,65.0,59.0,59.0,58.0,56.0,55.0,58.0,54.0,48.0,57.0,60.0,51.0,56.0,,,42.0,,55.0,62.0,66.0,50.0,67.0,63.0,37.0,48.0,63.0,53.0,56.0,48.0,48.0,59.0,34.0,61.0,54.0,41.0,,57.0,47.0,36.0,33.0,47.0,59.0,59.0,51.0,63.0,49.0
2026,609828,Jonathan Burr Elementary School,81.0,48.0,51.0,58.0,55.0,60.0,55.0,66.0,64.0,69.0,55.0,68.0,61.0,45.0,,,63.0,,64.0,62.0,68.0,75.0,50.0,75.0,72.0,63.0,40.0,56.0,68.0,65.0,77.0,56.0,67.0,57.0,64.0,73.0,,75.0,63.0,65.0,62.0,55.0,86.0,73.0,78.0,62.0,62.0
2026,609829,John C Burroughs Elementary School,50.0,53.0,51.0,47.0,54.0,53.0,59.0,52.0,52.0,47.0,54.0,46.0,42.0,60.0,,,53.0,,57.0,63.0,51.0,47.0,62.0,45.0,43.0,37.0,47.0,65.0,54.0,48.0,46.0,35.0,50.0,54.0,50.0,59.0,,54.0,53.0,47.0,52.0,50.0,28.0,68.0,53.0,41.0,54.0
2026,609830,Milton Brunson Math & Science Specialty ES,50.0,63.0,52.0,53.0,56.0,34.0,54.0,60.0,56.0,46.0,54.0,57.0,61.0,62.0,,,35.0,,50.0,60.0,63.0,52.0,60.0,57.0,45.0,50.0,51.0,52.0,59.0,50.0,50.0,49.0,37.0,60.0,47.0,43.0,,51.0,47.0,35.0,40.0,45.0,45.0,47.0,54.0,69.0,56.0
2026,609832,Michael M Byrne Elementary School,50.0,57.0,55.0,52.0,55.0,51.0,60.0,60.0,57.0,53.0,63.0,50.0,65.0,65.0,,,62.0,,47.0,58.0,54.0,59.0,56.0,60.0,61.0,54.0,59.0,53.0,57.0,46.0,66.0,52.0,58.0,60.0,53.0,75.0,,53.0,66.0,54.0,51.0,56.0,51.0,66.0,55.0,41.0,54.0
2026,609833,Daisy Bates Academy of Social Justice,61.0,84.0,86.0,88.0,77.0,32.0,85.0,45.0,40.0,33.0,81.0,42.0,82.0,84.0,,,68.0,,36.0,85.0,43.0,38.0,94.0,38.0,34.0,60.0,90.0,36.0,44.0,41.0,44.0,76.0,57.0,39.0,75.0,68.0,,53.0,74.0,24.0,62.0,74.0,52.0,52.0,43.0,36.0,40.0
2026,609834,Little Village Elementary School,50.0,59.0,47.0,41.0,52.0,60.0,49.0,61.0,56.0,51.0,58.0,58.0,55.0,53.0,,,53.0,,53.0,61.0,56.0,56.0,59.0,67.0,47.0,43.0,60.0,53.0,57.0,54.0,51.0,40.0,53.0,60.0,60.0,63.0,,48.0,71.0,55.0,62.0,56.0,57.0,73.0,53.0,64.0,51.0
2026,609835,Daniel R Cameron Elementary School,19.0,61.0,48.0,43.0,53.0,38.0,45.0,29.0,26.0,22.0,50.0,27.0,44.0,66.0,,,42.0,,30.0,63.0,19.0,31.0,60.0,38.0,28.0,37.0,50.0,32.0,26.0,42.0,34.0,38.0,37.0,19.0,54.0,42.0,,31.0,44.0,33.0,47.0,46.0,31.0,21.0,28.0,26.0,32.0
2026,609836,Arthur E Canty Elementary School,71.0,43.0,34.0,47.0,50.0,59.0,52.0,56.0,59.0,55.0,44.0,66.0,57.0,47.0,,,47.0,,55.0,54.0,71.0,62.0,48.0,65.0,63.0,54.0,43.0,63.0,73.0,58.0,55.0,40.0,53.0,63.0,48.0,55.0,,49.0,54.0,59.0,50.0,45.0,77.0,61.0,59.0,54.0,49.0
2026,609837,Andrew Carnegie Elementary School,61.0,55.0,54.0,58.0,53.0,57.0,53.0,44.0,53.0,53.0,47.0,66.0,45.0,48.0,,,42.0,,61.0,48.0,64.0,53.0,52.0,60.0,41.0,49.0,45.0,70.0,62.0,54.0,50.0,48.0,42.0,53.0,45.0,42.0,,39.0,45.0,40.0,50.0,48.0,70.0,55.0,57.0,60.0,51.0
2026,609839,Carroll-Rosenwald Specialty Elementary School,100.0,95.0,85.0,92.0,90.0,66.0,97.0,73.0,73.0,66.0,92.0,67.0,99.0,99.0,,,83.0,,78.0,73.0,73.0,76.0,87.0,79.0,69.0,95.0,83.0,64.0,81.0,82.0,88.0,94.0,75.0,64.0,84.0,89.0,,70.0,76.0,66.0,81.0,81.0,66.0,77.0,81.0,64.0,79.0
2026,609842,Rachel Carson Elementary School,50.0,55.0,56.0,45.0,59.0,,51.0,,,,58.0,,56.0,70.0,,,37.0,,,62.0,,,63.0,,,32.0,54.0,,,,,45.0,45.0,,53.0,45.0,,,58.0,,59.0,54.0,,,,,
2026,609844,William W Carter Elementary School,19.0,38.0,38.0,44.0,42.0,11.0,39.0,38.0,37.0,36.0,41.0,42.0,37.0,57.0,,,28.0,,51.0,39.0,46.0,27.0,43.0,33.0,22.0,41.0,35.0,49.0,43.0,23.0,41.0,27.0,25.0,28.0,27.0,36.0,,28.0,29.0,22.0,20.0,30.0,32.0,33.0,27.0,42.0,39.0
2026,609845,George Washington Carver Primary School,81.0,64.0,57.0,70.0,68.0,34.0,64.0,60.0,63.0,63.0,53.0,66.0,45.0,70.0,,,33.0,,65.0,55.0,78.0,49.0,63.0,66.0,35.0,56.0,69.0,67.0,71.0,70.0,72.0,55.0,35.0,51.0,51.0,33.0,,70.0,41.0,41.0,47.0,52.0,50.0,41.0,45.0,70.0,68.0
2026,609848,Ira F Aldridge Elementary School,39.0,69.0,61.0,57.0,60.0,45.0,54.0,48.0,40.0,41.0,53.0,37.0,39.0,70.0,,,31.0,,43.0,60.0,39.0,38.0,64.0,52.0,32.0,34.0,53.0,34.0,36.0,48.0,38.0,40.0,43.0,31.0,56.0,50.0,,35.0,53.0,28.0,52.0,52.0,40.0,50.0,29.0,34.0,45.0
2026,609849,George F Cassell Elementary School,100.0,62.0,61.0,61.0,73.0,88.0,67.0,77.0,90.0,93.0,62.0,93.0,62.0,60.0,,,68.0,,92.0,68.0,91.0,89.0,70.0,85.0,84.0,66.0,68.0,99.0,89.0,99.0,83.0,50.0,76.0,99.0,70.0,71.0,,67.0,79.0,90.0,65.0,68.0,99.0,94.0,99.0,81.0,91.0
2026,609850,Horace Greeley Elementary School,19.0,43.0,34.0,37.0,42.0,39.0,42.0,48.0,38.0,40.0,42.0,37.0,42.0,50.0,,,48.0,,42.0,67.0,31.0,41.0,47.0,61.0,31.0,41.0,36.0,26.0,33.0,35.0,31.0,38.0,38.0,38.0,44.0,43.0,,51.0,49.0,30.0,30.0,35.0,55.0,48.0,32.0,37.0,32.0
2026,609851,Thomas Chalmers STEAM Elementary School,71.0,79.0,73.0,78.0,74.0,,69.0,,,,65.0,,68.0,73.0,,,52.0,,,74.0,,,72.0,,,53.0,83.0,,,,,58.0,47.0,,70.0,44.0,,,56.0,,59.0,66.0,,,,,
2026,609852,Eliza Chappell Elementary School,61.0,43.0,31.0,42.0,47.0,72.0,41.0,56.0,49.0,39.0,38.0,47.0,64.0,44.0,,,67.0,,40.0,53.0,40.0,67.0,45.0,69.0,64.0,60.0,40.0,48.0,48.0,55.0,41.0,42.0,66.0,60.0,63.0,68.0,,42.0,68.0,56.0,53.0,48.0,58.0,68.0,68.0,40.0,43.0
2026,609853,Salmon P Chase Elementary School,50.0,54.0,50.0,43.0,55.0,57.0,56.0,44.0,48.0,49.0,63.0,42.0,55.0,67.0,,,49.0,,57.0,60.0,41.0,58.0,58.0,68.0,54.0,44.0,59.0,42.0,40.0,52.0,49.0,40.0,59.0,50.0,59.0,63.0,,40.0,75.0,49.0,52.0,55.0,48.0,65.0,53.0,38.0,58.0
2026,609854,Frederic Chopin Elementary School,61.0,58.0,55.0,49.0,51.0,41.0,46.0,58.0,51.0,43.0,48.0,56.0,52.0,52.0,,,43.0,,58.0,56.0,50.0,61.0,47.0,67.0,60.0,38.0,42.0,51.0,57.0,55.0,69.0,39.0,40.0,52.0,52.0,52.0,,41.0,58.0,39.0,46.0,46.0,68.0,49.0,57.0,55.0,47.0
2026,609855,Walter S Christopher Elementary School,50.0,51.0,53.0,50.0,42.0,58.0,57.0,40.0,49.0,45.0,51.0,56.0,65.0,46.0,,,43.0,,45.0,65.0,57.0,51.0,37.0,59.0,48.0,37.0,54.0,54.0,63.0,35.0,44.0,49.0,48.0,55.0,55.0,65.0,,39.0,68.0,38.0,51.0,52.0,57.0,70.0,46.0,56.0,44.0
2026,609856,Henry Clay Elementary School,50.0,59.0,38.0,41.0,47.0,30.0,38.0,38.0,41.0,27.0,42.0,46.0,51.0,48.0,,,37.0,,30.0,50.0,52.0,45.0,43.0,53.0,36.0,34.0,47.0,44.0,55.0,54.0,33.0,40.0,38.0,46.0,44.0,33.0,,28.0,39.0,44.0,38.0,40.0,41.0,35.0,45.0,47.0,37.0
2026,609857,Grover Cleveland Elementary School,71.0,57.0,55.0,53.0,55.0,67.0,45.0,58.0,56.0,51.0,53.0,60.0,49.0,51.0,,,50.0,,52.0,66.0,61.0,63.0,53.0,71.0,59.0,44.0,64.0,51.0,62.0,64.0,60.0,65.0,52.0,58.0,59.0,56.0,,38.0,68.0,54.0,60.0,58.0,72.0,69.0,60.0,55.0,49.0
2026,609859,DeWitt Clinton Elementary School,81.0,65.0,58.0,55.0,58.0,48.0,55.0,77.0,71.0,64.0,58.0,68.0,63.0,60.0,,,50.0,,68.0,49.0,70.0,60.0,50.0,71.0,52.0,46.0,56.0,59.0,77.0,66.0,75.0,50.0,50.0,68.0,58.0,53.0,,59.0,66.0,55.0,58.0,56.0,76.0,55.0,57.0,67.0,67.0
2026,609861,Henry R Clissold Elementary School,50.0,43.0,41.0,48.0,47.0,,44.0,,,,27.0,,44.0,55.0,,,47.0,,,46.0,,,38.0,,,55.0,36.0,,,,,46.0,40.0,,46.0,43.0,,,44.0,,45.0,41.0,,,,,
2026,609862,Edward Coles Elementary Language Academy,61.0,51.0,37.0,48.0,58.0,61.0,37.0,65.0,65.0,63.0,56.0,65.0,54.0,64.0,,,39.0,,64.0,44.0,66.0,46.0,55.0,64.0,27.0,38.0,48.0,65.0,76.0,63.0,68.0,45.0,28.0,55.0,33.0,25.0,,62.0,27.0,42.0,33.0,37.0,67.0,62.0,47.0,63.0,66.0
2026,609863,Ruth Bader Ginsburg Elementary School,29.0,41.0,24.0,29.0,42.0,38.0,29.0,66.0,48.0,52.0,26.0,34.0,60.0,48.0,,,43.0,,53.0,78.0,24.0,55.0,34.0,42.0,62.0,42.0,32.0,46.0,42.0,58.0,55.0,39.0,48.0,18.0,38.0,43.0,,40.0,44.0,57.0,34.0,35.0,50.0,49.0,62.0,15.0,61.0
2026,609864,John W Cook Elementary School,29.0,62.0,47.0,40.0,44.0,39.0,39.0,51.0,43.0,35.0,38.0,51.0,41.0,37.0,,,35.0,,50.0,56.0,59.0,36.0,53.0,56.0,26.0,32.0,45.0,44.0,56.0,44.0,55.0,40.0,29.0,33.0,40.0,38.0,,34.0,38.0,29.0,35.0,39.0,52.0,32.0,27.0,49.0,42.0
2026,609865,Jordan Elementary Community School,100.0,81.0,79.0,66.0,73.0,61.0,77.0,78.0,68.0,64.0,81.0,75.0,81.0,80.0,,,55.0,,67.0,69.0,77.0,72.0,70.0,78.0,66.0,62.0,65.0,66.0,77.0,77.0,87.0,61.0,62.0,68.0,69.0,76.0,,73.0,72.0,71.0,75.0,70.0,95.0,61.0,71.0,63.0,53.0
2026,609866,John C Coonley Elementary School,71.0,53.0,44.0,53.0,49.0,43.0,58.0,59.0,52.0,45.0,59.0,47.0,68.0,53.0,,,81.0,,52.0,55.0,46.0,63.0,52.0,61.0,68.0,73.0,53.0,49.0,51.0,38.0,56.0,61.0,80.0,49.0,69.0,81.0,,42.0,72.0,53.0,67.0,61.0,57.0,54.0,59.0,37.0,54.0
2026,609867,Peter Cooper Elementary Dual Language Academy,29.0,48.0,50.0,46.0,54.0,53.0,45.0,36.0,35.0,36.0,48.0,31.0,47.0,64.0,,,45.0,,42.0,57.0,31.0,50.0,59.0,43.0,49.0,24.0,44.0,31.0,34.0,46.0,24.0,41.0,49.0,47.0,53.0,55.0,,20.0,55.0,52.0,50.0,48.0,36.0,68.0,59.0,26.0,23.0
2026,609869,Anna R. Langford Community Academy,81.0,90.0,68.0,76.0,78.0,72.0,74.0,57.0,57.0,50.0,82.0,64.0,85.0,84.0,,,58.0,,54.0,68.0,75.0,54.0,78.0,68.0,44.0,61.0,80.0,70.0,65.0,73.0,49.0,67.0,59.0,63.0,72.0,71.0,,46.0,59.0,62.0,60.0,67.0,51.0,68.0,51.0,60.0,51.0
2026,609870,Daniel J Corkery Elementary School,50.0,45.0,43.0,30.0,41.0,43.0,38.0,59.0,54.0,53.0,35.0,56.0,43.0,45.0,,,40.0,,56.0,51.0,57.0,50.0,45.0,57.0,45.0,34.0,43.0,52.0,51.0,45.0,65.0,31.0,47.0,53.0,45.0,49.0,,50.0,47.0,44.0,49.0,46.0,61.0,51.0,49.0,52.0,56.0
2026,609871,Barbara Vick Early Childhood & Family Center,81.0,,,,,,,45.0,62.0,50.0,,68.0,,,,,,,60.0,,64.0,76.0,,79.0,78.0,,,60.0,67.0,,56.0,,,89.0,,,,36.0,,,,,81.0,84.0,72.0,65.0,59.0
2026,609872,Manuel Perez Elementary School,61.0,73.0,66.0,72.0,73.0,54.0,75.0,55.0,50.0,45.0,65.0,39.0,66.0,95.0,,,51.0,,50.0,61.0,40.0,48.0,68.0,36.0,58.0,51.0,71.0,38.0,54.0,57.0,61.0,60.0,66.0,49.0,68.0,63.0,,43.0,72.0,50.0,65.0,67.0,49.0,53.0,49.0,29.0,47.0
2026,609873,Crown Community Academy of Fine Arts Center ES,50.0,60.0,55.0,47.0,46.0,,42.0,,,,36.0,,46.0,52.0,,,32.0,,,70.0,,,39.0,,,37.0,39.0,,,,,42.0,38.0,,35.0,40.0,,,42.0,,28.0,40.0,,,,,
2026,609874,Everett McKinley Dirksen Elementary School,50.0,59.0,42.0,43.0,50.0,,45.0,,,,50.0,,61.0,55.0,,,50.0,,,64.0,,,51.0,,,51.0,64.0,,,,,54.0,56.0,,55.0,59.0,,,61.0,,51.0,53.0,,,,,
2026,609875,Charles R Darwin Elementary School,71.0,56.0,68.0,55.0,67.0,,60.0,,,,46.0,,47.0,71.0,,,50.0,,,46.0,,,76.0,,,42.0,56.0,,,,,36.0,57.0,,59.0,53.0,,,59.0,,60.0,60.0,,,,,
2026,609876,Nathan S Davis Elementary School,50.0,49.0,45.0,40.0,45.0,39.0,40.0,54.0,44.0,39.0,36.0,41.0,38.0,50.0,,,37.0,,44.0,47.0,48.0,50.0,48.0,47.0,57.0,18.0,43.0,43.0,51.0,41.0,38.0,35.0,34.0,38.0,41.0,40.0,,39.0,44.0,36.0,38.0,40.0,40.0,57.0,47.0,34.0,40.0
2026,609879,Charles Gates Dawes Elementary School,50.0,51.0,45.0,39.0,51.0,45.0,48.0,73.0,56.0,55.0,56.0,45.0,56.0,58.0,,,52.0,,55.0,49.0,45.0,56.0,51.0,57.0,52.0,51.0,54.0,49.0,57.0,57.0,57.0,46.0,59.0,48.0,54.0,60.0,,50.0,69.0,52.0,55.0,53.0,42.0,46.0,58.0,44.0,48.0
2026,609880,Stephen Decatur Classical Elementary School,100.0,55.0,60.0,73.0,82.0,62.0,86.0,82.0,86.0,89.0,74.0,91.0,83.0,93.0,,,69.0,,88.0,79.0,86.0,91.0,77.0,88.0,97.0,70.0,69.0,99.0,89.0,83.0,99.0,76.0,85.0,77.0,78.0,90.0,,78.0,74.0,89.0,73.0,72.0,93.0,74.0,88.0,85.0,92.0
2026,609883,Charles S Deneen Elementary School,81.0,83.0,77.0,79.0,80.0,60.0,79.0,67.0,60.0,55.0,73.0,57.0,62.0,82.0,,,44.0,,59.0,75.0,61.0,57.0,82.0,62.0,53.0,55.0,65.0,60.0,64.0,76.0,59.0,59.0,53.0,55.0,61.0,52.0,,69.0,60.0,43.0,60.0,64.0,50.0,62.0,57.0,56.0,59.0
2026,609884,William E Dever Elementary School,50.0,52.0,37.0,41.0,43.0,,45.0,,,,40.0,,47.0,49.0,,,42.0,,,61.0,,,39.0,,,30.0,50.0,,,,,48.0,36.0,,39.0,31.0,,,42.0,,43.0,42.0,,,,,
2026,609885,Dewey Elementary Academy of Fine Arts,61.0,52.0,48.0,69.0,67.0,62.0,51.0,77.0,59.0,57.0,55.0,61.0,33.0,73.0,,,33.0,,64.0,56.0,67.0,51.0,67.0,53.0,47.0,43.0,30.0,68.0,62.0,60.0,56.0,32.0,38.0,51.0,42.0,55.0,,63.0,28.0,49.0,32.0,37.0,58.0,63.0,54.0,51.0,49.0
2026,609887,Arthur Dixon Elementary School,61.0,70.0,67.0,73.0,74.0,48.0,69.0,44.0,54.0,56.0,68.0,58.0,68.0,74.0,,,55.0,,55.0,59.0,63.0,52.0,78.0,53.0,45.0,68.0,60.0,65.0,64.0,71.0,46.0,60.0,48.0,55.0,57.0,62.0,,40.0,57.0,57.0,52.0,57.0,50.0,65.0,59.0,54.0,50.0
2026,609891,James R Doolittle Jr Elementary School,61.0,77.0,66.0,65.0,63.0,46.0,50.0,74.0,58.0,54.0,53.0,51.0,71.0,62.0,,,60.0,,62.0,73.0,58.0,49.0,76.0,55.0,48.0,51.0,66.0,45.0,68.0,47.0,75.0,66.0,40.0,49.0,61.0,37.0,,50.0,38.0,43.0,42.0,54.0,53.0,55.0,44.0,49.0,45.0
2026,609893,John C Dore Elementary School,81.0,47.0,31.0,42.0,48.0,57.0,38.0,70.0,62.0,46.0,44.0,66.0,53.0,46.0,,,47.0,,57.0,59.0,65.0,60.0,42.0,65.0,62.0,51.0,47.0,64.0,70.0,60.0,54.0,45.0,45.0,65.0,47.0,48.0,,60.0,58.0,53.0,43.0,42.0,73.0,56.0,53.0,60.0,58.0
2026,609894,John B Drake Elementary School,71.0,59.0,65.0,54.0,56.0,53.0,59.0,50.0,63.0,71.0,61.0,69.0,57.0,58.0,,,38.0,,71.0,61.0,76.0,56.0,44.0,80.0,36.0,52.0,51.0,65.0,75.0,68.0,69.0,43.0,37.0,57.0,54.0,58.0,,53.0,59.0,46.0,53.0,52.0,64.0,54.0,51.0,69.0,61.0
2026,609895,Turner-Drew Elementary Language Academy,91.0,52.0,58.0,56.0,60.0,58.0,52.0,82.0,86.0,93.0,55.0,79.0,52.0,59.0,,,45.0,,89.0,70.0,84.0,72.0,62.0,73.0,73.0,61.0,55.0,79.0,87.0,61.0,67.0,48.0,42.0,85.0,51.0,74.0,,67.0,63.0,53.0,42.0,49.0,74.0,75.0,69.0,77.0,85.0
2026,609896,Thomas Drummond Elementary School,71.0,49.0,47.0,48.0,49.0,46.0,51.0,47.0,54.0,51.0,58.0,64.0,73.0,39.0,,,64.0,,55.0,74.0,56.0,75.0,47.0,80.0,72.0,54.0,53.0,59.0,49.0,63.0,54.0,50.0,74.0,61.0,67.0,78.0,,43.0,67.0,65.0,62.0,59.0,79.0,56.0,72.0,61.0,64.0
2026,609897,Charles W Earle Elementary School,100.0,79.0,72.0,78.0,80.0,66.0,67.0,80.0,76.0,73.0,76.0,76.0,73.0,80.0,,,57.0,,70.0,67.0,84.0,81.0,80.0,84.0,81.0,53.0,69.0,87.0,84.0,81.0,86.0,62.0,52.0,72.0,67.0,58.0,,75.0,55.0,74.0,62.0,64.0,66.0,73.0,79.0,65.0,72.0
2026,609898,John F Eberhart Elementary School,50.0,44.0,40.0,35.0,46.0,,47.0,,,,41.0,,44.0,55.0,,,41.0,,,60.0,,,49.0,,,35.0,41.0,,,,,31.0,44.0,,45.0,41.0,,,45.0,,51.0,44.0,,,,,
2026,609899,Christian Ebinger Elementary School,71.0,44.0,44.0,45.0,53.0,60.0,53.0,71.0,61.0,55.0,45.0,54.0,66.0,48.0,,,66.0,,60.0,62.0,58.0,67.0,52.0,72.0,66.0,70.0,45.0,58.0,62.0,67.0,62.0,60.0,67.0,56.0,56.0,75.0,,36.0,64.0,65.0,61.0,54.0,52.0,52.0,63.0,46.0,59.0
2026,609900,George W Curtis Elementary School,29.0,53.0,35.0,37.0,47.0,34.0,29.0,65.0,52.0,48.0,46.0,51.0,33.0,50.0,,,38.0,,51.0,47.0,49.0,29.0,47.0,41.0,13.0,28.0,59.0,58.0,62.0,54.0,61.0,34.0,26.0,43.0,35.0,51.0,,41.0,42.0,27.0,28.0,37.0,49.0,40.0,33.0,48.0,40.0
2026,609901,Edgebrook Elementary School,61.0,36.0,32.0,48.0,53.0,65.0,51.0,59.0,56.0,59.0,39.0,52.0,57.0,52.0,,,70.0,,57.0,62.0,49.0,68.0,58.0,65.0,75.0,59.0,39.0,68.0,55.0,53.0,60.0,50.0,64.0,51.0,57.0,70.0,,56.0,61.0,70.0,54.0,47.0,54.0,67.0,63.0,37.0,55.0
2026,609902,Ralph H Metcalfe Elementary Community Academy,50.0,74.0,53.0,62.0,61.0,20.0,55.0,48.0,40.0,33.0,70.0,42.0,70.0,70.0,,,55.0,,47.0,69.0,43.0,36.0,69.0,54.0,30.0,63.0,61.0,45.0,41.0,43.0,48.0,61.0,50.0,33.0,60.0,55.0,,35.0,50.0,20.0,47.0,53.0,41.0,28.0,23.0,40.0,46.0
2026,609903,Richard Edwards Elementary School,50.0,59.0,42.0,46.0,54.0,,47.0,,,,57.0,,55.0,59.0,,,44.0,,,58.0,,,56.0,,,36.0,48.0,,,,,47.0,47.0,,52.0,47.0,,,57.0,,55.0,48.0,,,,,
2026,609904,Edward K Ellington Elementary School,61.0,66.0,53.0,62.0,61.0,32.0,50.0,58.0,44.0,38.0,48.0,46.0,39.0,76.0,,,34.0,,59.0,64.0,47.0,42.0,63.0,49.0,39.0,40.0,56.0,52.0,49.0,42.0,57.0,46.0,40.0,29.0,53.0,40.0,,46.0,45.0,38.0,46.0,49.0,51.0,28.0,38.0,34.0,44.0
2026,609907,Leif Ericson Elementary Scholastic Academy,61.0,72.0,66.0,61.0,63.0,50.0,63.0,40.0,48.0,44.0,71.0,50.0,70.0,69.0,,,40.0,,53.0,61.0,53.0,51.0,65.0,51.0,52.0,57.0,51.0,55.0,49.0,57.0,38.0,56.0,39.0,57.0,49.0,54.0,,40.0,40.0,41.0,49.0,51.0,47.0,57.0,50.0,45.0,48.0
2026,609908,Esmond Elementary School,61.0,70.0,66.0,77.0,69.0,50.0,63.0,78.0,55.0,40.0,64.0,59.0,69.0,79.0,,,40.0,,57.0,61.0,54.0,58.0,75.0,73.0,52.0,61.0,61.0,60.0,61.0,46.0,68.0,62.0,42.0,47.0,53.0,32.0,,65.0,43.0,28.0,47.0,54.0,63.0,38.0,50.0,59.0,47.0
2026,609909,Edward Everett Elementary School,81.0,,,,,93.0,,62.0,66.0,79.0,,62.0,,,,,,,78.0,,68.0,65.0,,61.0,61.0,,,94.0,73.0,87.0,59.0,,,45.0,,,,60.0,,67.0,,,53.0,87.0,73.0,34.0,71.0
2026,609910,Laughlin Falconer Elementary School,71.0,59.0,58.0,50.0,57.0,68.0,49.0,66.0,66.0,65.0,62.0,63.0,60.0,61.0,,,51.0,,70.0,37.0,70.0,56.0,50.0,54.0,53.0,37.0,65.0,66.0,68.0,68.0,80.0,53.0,50.0,62.0,54.0,63.0,,45.0,69.0,59.0,56.0,57.0,53.0,73.0,60.0,61.0,67.0
2026,609912,James B Farnsworth Elementary School,61.0,42.0,36.0,39.0,47.0,53.0,41.0,60.0,55.0,42.0,43.0,56.0,51.0,47.0,,,48.0,,57.0,53.0,55.0,61.0,56.0,71.0,58.0,39.0,41.0,56.0,61.0,44.0,39.0,37.0,52.0,56.0,54.0,59.0,,46.0,56.0,46.0,49.0,45.0,60.0,60.0,54.0,52.0,55.0
2026,609917,Fernwood Elementary School,39.0,54.0,57.0,54.0,67.0,40.0,61.0,46.0,44.0,42.0,38.0,39.0,49.0,83.0,,,38.0,,31.0,71.0,35.0,39.0,90.0,43.0,39.0,55.0,38.0,46.0,44.0,39.0,37.0,31.0,42.0,36.0,45.0,47.0,,35.0,33.0,29.0,35.0,43.0,36.0,50.0,36.0,37.0,51.0
2026,609918,Eugene Field Elementary School,81.0,78.0,48.0,66.0,71.0,58.0,70.0,83.0,70.0,86.0,50.0,40.0,59.0,80.0,,,31.0,,99.0,49.0,44.0,63.0,74.0,65.0,53.0,26.0,71.0,61.0,54.0,65.0,77.0,46.0,51.0,27.0,50.0,61.0,,52.0,67.0,49.0,51.0,55.0,29.0,71.0,70.0,24.0,99.0
2026,609919,John Fiske Elementary School,50.0,55.0,40.0,48.0,44.0,27.0,37.0,52.0,43.0,39.0,39.0,42.0,61.0,49.0,,,31.0,,32.0,24.0,50.0,40.0,46.0,49.0,34.0,49.0,51.0,39.0,48.0,34.0,56.0,51.0,32.0,33.0,48.0,31.0,,46.0,44.0,31.0,43.0,42.0,36.0,36.0,38.0,43.0,42.0
2026,609920,Gerald Delgado Kanoon Elementary Magnet School,50.0,50.0,38.0,33.0,46.0,49.0,36.0,54.0,52.0,38.0,44.0,53.0,40.0,54.0,,,37.0,,58.0,48.0,58.0,59.0,47.0,75.0,50.0,19.0,52.0,61.0,63.0,50.0,52.0,26.0,38.0,43.0,45.0,44.0,,47.0,45.0,45.0,46.0,44.0,54.0,45.0,53.0,40.0,61.0
2026,609921,Telpochcalli Elementary School,91.0,54.0,64.0,53.0,59.0,64.0,66.0,62.0,66.0,63.0,58.0,65.0,57.0,56.0,,,51.0,,70.0,69.0,60.0,67.0,61.0,67.0,62.0,44.0,67.0,62.0,62.0,65.0,50.0,57.0,56.0,71.0,69.0,61.0,,65.0,65.0,62.0,69.0,64.0,73.0,79.0,73.0,63.0,71.0
2026,609922,Belmont-Cragin Elementary School,61.0,53.0,47.0,42.0,47.0,50.0,41.0,49.0,54.0,49.0,42.0,51.0,45.0,45.0,,,48.0,,53.0,55.0,44.0,62.0,43.0,59.0,57.0,39.0,58.0,51.0,52.0,58.0,52.0,45.0,46.0,50.0,53.0,44.0,,39.0,59.0,50.0,46.0,49.0,58.0,59.0,70.0,51.0,69.0
2026,609924,Fort Dearborn Elementary School,50.0,61.0,49.0,64.0,55.0,37.0,55.0,58.0,53.0,49.0,56.0,50.0,58.0,50.0,,,37.0,,37.0,63.0,54.0,48.0,52.0,60.0,41.0,46.0,55.0,48.0,58.0,53.0,66.0,43.0,31.0,50.0,44.0,37.0,,39.0,44.0,33.0,36.0,43.0,46.0,38.0,43.0,53.0,49.0
2026,609925,Joseph Kellman Corporate Community ES,10.0,53.0,44.0,52.0,54.0,,39.0,,21.0,10.0,57.0,24.0,56.0,58.0,,,34.0,,20.0,60.0,25.0,34.0,51.0,26.0,,49.0,45.0,28.0,36.0,,17.0,50.0,30.0,24.0,38.0,39.0,,10.0,43.0,,30.0,37.0,20.0,48.0,42.0,21.0,13.0
2026,609926,Franklin Elementary Fine Arts Center,39.0,41.0,40.0,55.0,61.0,53.0,62.0,44.0,39.0,38.0,61.0,32.0,53.0,65.0,,,53.0,,37.0,75.0,32.0,49.0,69.0,48.0,45.0,48.0,42.0,37.0,40.0,56.0,46.0,44.0,54.0,28.0,54.0,63.0,,25.0,53.0,52.0,44.0,45.0,37.0,49.0,53.0,20.0,47.0
2026,609927,Foster Park Elementary School,61.0,72.0,63.0,68.0,66.0,42.0,51.0,57.0,45.0,42.0,56.0,47.0,57.0,74.0,,,44.0,,35.0,67.0,53.0,52.0,72.0,60.0,46.0,44.0,78.0,46.0,54.0,48.0,48.0,59.0,36.0,44.0,52.0,42.0,,44.0,52.0,41.0,45.0,56.0,43.0,50.0,49.0,46.0,27.0
2026,609928,James Farmer Jr Elementary School,19.0,58.0,44.0,52.0,49.0,40.0,43.0,52.0,33.0,29.0,39.0,41.0,47.0,54.0,,,37.0,,24.0,47.0,42.0,22.0,48.0,34.0,11.0,45.0,43.0,43.0,38.0,42.0,27.0,34.0,26.0,15.0,38.0,33.0,,30.0,35.0,35.0,27.0,35.0,33.0,36.0,21.0,47.0,32.0
2026,609929,Robert Fulton Elementary School,39.0,49.0,29.0,39.0,43.0,,30.0,,,,34.0,,34.0,44.0,,,28.0,,,53.0,,,45.0,,,11.0,46.0,,,,,32.0,38.0,,32.0,50.0,,,39.0,,27.0,35.0,,,,,
2026,609930,Frederick Funston Elementary School,61.0,58.0,51.0,49.0,51.0,33.0,56.0,56.0,54.0,44.0,57.0,54.0,58.0,63.0,,,43.0,,58.0,57.0,53.0,61.0,53.0,70.0,62.0,39.0,53.0,49.0,60.0,39.0,58.0,43.0,51.0,54.0,60.0,58.0,,43.0,58.0,32.0,56.0,53.0,59.0,48.0,52.0,55.0,56.0
2026,609933,Stephen F Gale Elementary Community Academy,19.0,38.0,19.0,28.0,30.0,32.0,23.0,44.0,40.0,34.0,24.0,39.0,45.0,34.0,,,34.0,,45.0,40.0,38.0,42.0,28.0,47.0,36.0,26.0,26.0,40.0,42.0,31.0,36.0,41.0,28.0,36.0,45.0,55.0,,36.0,46.0,30.0,24.0,24.0,44.0,35.0,43.0,35.0,46.0
2026,609935,Matthew Gallistel Elementary Language Academy,50.0,72.0,55.0,48.0,57.0,38.0,51.0,55.0,55.0,50.0,59.0,57.0,52.0,62.0,,,42.0,,55.0,55.0,61.0,49.0,64.0,61.0,37.0,35.0,55.0,51.0,59.0,53.0,41.0,45.0,45.0,58.0,51.0,44.0,,69.0,50.0,48.0,60.0,54.0,51.0,44.0,49.0,64.0,51.0
2026,609937,John W Garvy Elementary School,61.0,56.0,45.0,45.0,56.0,68.0,59.0,78.0,58.0,49.0,55.0,55.0,70.0,58.0,,,61.0,,42.0,67.0,59.0,60.0,61.0,61.0,63.0,62.0,55.0,55.0,68.0,59.0,67.0,56.0,60.0,58.0,59.0,56.0,,53.0,60.0,71.0,61.0,55.0,64.0,54.0,56.0,43.0,39.0
2026,609938,Joseph E Gary Elementary School,50.0,56.0,53.0,45.0,58.0,62.0,57.0,57.0,49.0,50.0,53.0,43.0,43.0,68.0,,,42.0,,52.0,54.0,46.0,52.0,55.0,58.0,49.0,34.0,60.0,48.0,48.0,63.0,44.0,38.0,51.0,45.0,56.0,46.0,,47.0,59.0,57.0,58.0,56.0,41.0,66.0,49.0,36.0,47.0
2026,609939,Frank L Gillespie Elementary School,71.0,82.0,99.0,99.0,78.0,30.0,99.0,38.0,44.0,51.0,94.0,41.0,95.0,71.0,,,64.0,,52.0,94.0,51.0,41.0,99.0,44.0,33.0,86.0,84.0,45.0,46.0,41.0,46.0,78.0,88.0,30.0,89.0,76.0,,35.0,71.0,32.0,83.0,89.0,36.0,51.0,46.0,30.0,57.0
2026,609941,Asa Philip Randolph Elementary School,91.0,66.0,69.0,60.0,57.0,45.0,51.0,77.0,67.0,62.0,65.0,68.0,54.0,54.0,,,53.0,,67.0,46.0,75.0,60.0,58.0,73.0,45.0,49.0,64.0,73.0,65.0,54.0,75.0,53.0,49.0,64.0,63.0,51.0,,67.0,56.0,49.0,56.0,60.0,55.0,49.0,63.0,69.0,65.0
2026,609942,Johann W von Goethe Elementary School,71.0,57.0,47.0,46.0,57.0,63.0,55.0,74.0,66.0,58.0,56.0,58.0,55.0,60.0,,,59.0,,61.0,62.0,50.0,68.0,50.0,71.0,65.0,59.0,61.0,59.0,58.0,72.0,57.0,56.0,58.0,68.0,61.0,61.0,,56.0,67.0,70.0,57.0,56.0,68.0,65.0,67.0,54.0,74.0
2026,609943,Jesse Owens Elementary Community Academy,100.0,99.0,99.0,99.0,88.0,52.0,99.0,75.0,68.0,61.0,99.0,64.0,99.0,99.0,,,74.0,,69.0,73.0,69.0,60.0,99.0,76.0,45.0,99.0,99.0,63.0,79.0,56.0,65.0,86.0,89.0,55.0,90.0,85.0,,58.0,99.0,57.0,84.0,93.0,65.0,57.0,58.0,58.0,70.0
2026,609944,Virgil Grissom Elementary School,61.0,43.0,47.0,53.0,54.0,72.0,47.0,77.0,58.0,43.0,49.0,57.0,57.0,60.0,,,55.0,,58.0,67.0,57.0,66.0,46.0,69.0,71.0,53.0,48.0,57.0,58.0,57.0,54.0,35.0,54.0,57.0,57.0,67.0,,59.0,64.0,59.0,51.0,50.0,68.0,74.0,59.0,47.0,56.0
2026,609945,William C. Goudy Technology Academy,61.0,55.0,52.0,51.0,59.0,60.0,61.0,74.0,60.0,57.0,53.0,53.0,61.0,64.0,,,49.0,,49.0,75.0,42.0,51.0,59.0,55.0,41.0,41.0,51.0,62.0,51.0,61.0,68.0,56.0,51.0,62.0,57.0,77.0,,49.0,63.0,67.0,50.0,51.0,72.0,68.0,56.0,35.0,55.0
2026,609947,Alexander Graham Elementary School,29.0,61.0,57.0,51.0,50.0,31.0,43.0,50.0,40.0,24.0,55.0,38.0,43.0,56.0,,,43.0,,33.0,55.0,46.0,36.0,50.0,39.0,41.0,40.0,51.0,36.0,55.0,43.0,39.0,42.0,51.0,33.0,53.0,53.0,,42.0,45.0,29.0,51.0,53.0,39.0,45.0,27.0,32.0,37.0
2026,609949,William P Gray Elementary School,100.0,72.0,59.0,58.0,71.0,65.0,69.0,74.0,76.0,76.0,60.0,77.0,70.0,71.0,,,61.0,,80.0,70.0,74.0,78.0,65.0,91.0,70.0,53.0,62.0,81.0,79.0,88.0,86.0,60.0,67.0,73.0,64.0,63.0,,71.0,70.0,65.0,62.0,63.0,83.0,71.0,72.0,69.0,79.0
2026,609950,Josefa Ortiz De Dominguez Elementary School,61.0,,,,,46.0,,58.0,51.0,38.0,,53.0,,,,,,,54.0,,55.0,62.0,,67.0,64.0,,,59.0,61.0,54.0,51.0,,,47.0,,,,32.0,,43.0,,,55.0,68.0,56.0,41.0,49.0
2026,609951,Ariel Elementary Community Academy,39.0,66.0,51.0,57.0,50.0,36.0,47.0,53.0,55.0,46.0,55.0,56.0,46.0,53.0,,,38.0,,47.0,52.0,63.0,45.0,54.0,51.0,40.0,51.0,42.0,48.0,63.0,35.0,55.0,41.0,25.0,57.0,33.0,20.0,,43.0,20.0,28.0,23.0,35.0,53.0,44.0,44.0,60.0,57.0
2026,609952,Nathanael Greene Elementary School,100.0,60.0,54.0,70.0,67.0,74.0,65.0,88.0,79.0,77.0,,79.0,,57.0,,,,,82.0,,82.0,77.0,64.0,90.0,77.0,,67.0,88.0,84.0,77.0,74.0,75.0,60.0,72.0,57.0,,,47.0,79.0,58.0,58.0,60.0,88.0,93.0,64.0,57.0,72.0
2026,609954,John Milton Gregory Elementary School,39.0,63.0,43.0,49.0,50.0,36.0,35.0,34.0,41.0,29.0,36.0,52.0,33.0,62.0,,,36.0,,39.0,32.0,55.0,29.0,52.0,43.0,22.0,48.0,52.0,55.0,51.0,36.0,49.0,38.0,26.0,35.0,43.0,39.0,,41.0,35.0,31.0,45.0,42.0,48.0,27.0,22.0,51.0,54.0
2026,609955,Walter Q Gresham Elementary School,50.0,79.0,59.0,69.0,60.0,15.0,58.0,66.0,54.0,45.0,54.0,54.0,56.0,67.0,,,52.0,,62.0,69.0,62.0,36.0,65.0,47.0,27.0,36.0,64.0,57.0,63.0,39.0,64.0,60.0,42.0,42.0,51.0,34.0,,60.0,44.0,18.0,44.0,52.0,43.0,32.0,35.0,52.0,54.0
2026,609956,Robert L Grimes Elementary School,50.0,54.0,51.0,51.0,50.0,49.0,55.0,69.0,53.0,49.0,53.0,48.0,49.0,54.0,,,52.0,,47.0,53.0,55.0,44.0,50.0,38.0,43.0,53.0,51.0,58.0,57.0,44.0,53.0,37.0,58.0,49.0,54.0,59.0,,46.0,58.0,44.0,61.0,55.0,31.0,57.0,52.0,47.0,43.0
2026,609958,Frank W Gunsaulus Elementary Scholastic Academy,50.0,57.0,47.0,53.0,52.0,50.0,53.0,53.0,43.0,38.0,49.0,40.0,57.0,57.0,,,47.0,,44.0,69.0,38.0,57.0,53.0,61.0,60.0,41.0,57.0,38.0,31.0,43.0,44.0,44.0,52.0,47.0,58.0,53.0,,51.0,61.0,49.0,54.0,53.0,46.0,56.0,50.0,39.0,48.0
2026,609959,John Charles Haines Elementary School,50.0,42.0,31.0,34.0,46.0,66.0,42.0,53.0,53.0,45.0,51.0,58.0,37.0,35.0,,,46.0,,49.0,50.0,63.0,50.0,48.0,54.0,47.0,19.0,60.0,52.0,53.0,65.0,38.0,40.0,46.0,61.0,46.0,65.0,,46.0,62.0,62.0,53.0,48.0,67.0,73.0,49.0,50.0,51.0
2026,609960,Nathan Hale Elementary School,50.0,53.0,50.0,52.0,52.0,62.0,56.0,48.0,48.0,43.0,59.0,50.0,56.0,41.0,,,51.0,,43.0,62.0,57.0,47.0,56.0,51.0,45.0,54.0,61.0,50.0,58.0,60.0,37.0,47.0,61.0,56.0,61.0,66.0,,48.0,65.0,49.0,63.0,59.0,45.0,65.0,46.0,49.0,37.0
2026,609961,Ninos Heroes Elementary Academic Center,39.0,53.0,40.0,35.0,40.0,,34.0,,,,39.0,,30.0,50.0,,,34.0,,,61.0,,,34.0,,,32.0,36.0,,,,,28.0,34.0,,38.0,50.0,,,37.0,,27.0,34.0,,,,,
2026,609963,Alexander Hamilton Elementary School,71.0,40.0,37.0,41.0,50.0,64.0,54.0,73.0,65.0,54.0,40.0,57.0,69.0,36.0,,,67.0,,64.0,60.0,52.0,79.0,56.0,77.0,88.0,67.0,49.0,67.0,63.0,68.0,80.0,58.0,73.0,71.0,66.0,86.0,,49.0,75.0,72.0,62.0,55.0,62.0,83.0,73.0,45.0,63.0
2026,609964,John H Hamline Elementary School,50.0,51.0,46.0,40.0,44.0,35.0,36.0,71.0,55.0,45.0,42.0,52.0,38.0,48.0,,,37.0,,52.0,52.0,56.0,54.0,41.0,59.0,51.0,26.0,49.0,49.0,57.0,46.0,55.0,39.0,39.0,45.0,41.0,49.0,,71.0,50.0,35.0,47.0,45.0,51.0,48.0,51.0,52.0,57.0
2026,609966,Charles G Hammond Elementary School,50.0,38.0,48.0,46.0,46.0,40.0,35.0,43.0,41.0,37.0,38.0,44.0,31.0,51.0,,,26.0,,39.0,66.0,52.0,55.0,33.0,58.0,50.0,24.0,36.0,49.0,50.0,55.0,39.0,16.0,37.0,36.0,41.0,54.0,,36.0,44.0,42.0,38.0,40.0,37.0,61.0,56.0,38.0,37.0
2026,609967,William F Finkl Elementary School,50.0,55.0,42.0,42.0,47.0,48.0,47.0,51.0,48.0,37.0,50.0,52.0,45.0,56.0,,,36.0,,31.0,69.0,59.0,50.0,48.0,57.0,42.0,45.0,49.0,53.0,53.0,40.0,53.0,39.0,45.0,60.0,53.0,56.0,,44.0,55.0,40.0,49.0,46.0,45.0,64.0,51.0,50.0,40.0
2026,609968,Sharon Christa McAuliffe Elementary School,50.0,50.0,43.0,42.0,51.0,52.0,51.0,59.0,53.0,46.0,41.0,58.0,46.0,56.0,,,43.0,,50.0,59.0,56.0,56.0,51.0,60.0,57.0,27.0,63.0,58.0,59.0,54.0,46.0,35.0,46.0,54.0,49.0,43.0,,46.0,61.0,46.0,47.0,50.0,59.0,57.0,50.0,57.0,46.0
2026,609969,Bret Harte Elementary School,50.0,41.0,47.0,41.0,44.0,46.0,44.0,44.0,42.0,32.0,45.0,48.0,39.0,44.0,,,38.0,,41.0,39.0,42.0,55.0,37.0,52.0,61.0,42.0,36.0,39.0,51.0,54.0,40.0,33.0,45.0,42.0,41.0,53.0,,42.0,50.0,56.0,35.0,41.0,68.0,46.0,53.0,41.0,39.0
2026,609971,John Harvard Elementary School of Excellence,61.0,63.0,54.0,54.0,60.0,48.0,53.0,64.0,53.0,45.0,56.0,57.0,51.0,69.0,,,32.0,,59.0,63.0,60.0,42.0,70.0,57.0,36.0,51.0,57.0,66.0,56.0,48.0,54.0,50.0,32.0,42.0,50.0,51.0,,52.0,49.0,28.0,43.0,47.0,60.0,53.0,34.0,43.0,57.0
2026,609972,Helge A Haugan Elementary School,50.0,50.0,43.0,36.0,50.0,45.0,39.0,55.0,48.0,42.0,47.0,54.0,50.0,59.0,,,44.0,,50.0,57.0,55.0,54.0,54.0,62.0,51.0,33.0,43.0,48.0,55.0,49.0,51.0,41.0,46.0,45.0,54.0,49.0,,45.0,52.0,45.0,60.0,48.0,61.0,48.0,50.0,51.0,45.0
2026,609973,Emiliano Zapata Elementary Academy,61.0,57.0,49.0,49.0,52.0,60.0,51.0,49.0,55.0,44.0,53.0,65.0,60.0,53.0,,,43.0,,57.0,52.0,66.0,57.0,47.0,60.0,54.0,39.0,57.0,56.0,68.0,57.0,52.0,44.0,58.0,64.0,61.0,55.0,,48.0,63.0,56.0,58.0,56.0,70.0,77.0,58.0,68.0,52.0
2026,609974,Hawthorne Elementary Scholastic Academy,100.0,68.0,61.0,72.0,70.0,74.0,73.0,74.0,66.0,66.0,73.0,68.0,83.0,59.0,,,73.0,,60.0,78.0,67.0,81.0,74.0,75.0,85.0,74.0,76.0,64.0,80.0,75.0,66.0,82.0,80.0,65.0,82.0,96.0,,61.0,87.0,85.0,76.0,73.0,82.0,79.0,83.0,57.0,47.0
2026,609975,John Hay Elementary Community Academy,61.0,58.0,63.0,74.0,62.0,,64.0,,,,48.0,,52.0,60.0,,,44.0,,,60.0,,,53.0,,,42.0,54.0,,,,,34.0,51.0,,54.0,49.0,,,57.0,,43.0,53.0,,,,,
2026,609976,Stephen K Hayt Elementary School,50.0,53.0,46.0,45.0,51.0,,47.0,,,,52.0,,63.0,53.0,,,52.0,,,63.0,,,54.0,,,42.0,51.0,,,,,46.0,51.0,,53.0,47.0,,,55.0,,57.0,51.0,,,,,
2026,609977,Woodlawn Community Elementary School,39.0,75.0,75.0,85.0,73.0,48.0,78.0,29.0,38.0,35.0,83.0,42.0,38.0,67.0,,,36.0,,31.0,73.0,48.0,39.0,76.0,43.0,31.0,58.0,46.0,50.0,54.0,63.0,41.0,57.0,52.0,48.0,56.0,85.0,,34.0,65.0,32.0,52.0,56.0,32.0,57.0,43.0,39.0,24.0
2026,609978,Wendell Smith Elementary School,91.0,85.0,71.0,69.0,69.0,55.0,76.0,69.0,60.0,65.0,68.0,56.0,66.0,77.0,,,64.0,,50.0,81.0,61.0,63.0,71.0,72.0,55.0,67.0,76.0,56.0,66.0,57.0,61.0,69.0,50.0,51.0,63.0,70.0,,59.0,51.0,49.0,54.0,63.0,56.0,51.0,61.0,51.0,49.0
2026,609979,Robert Healy Elementary School,50.0,46.0,36.0,46.0,47.0,66.0,44.0,49.0,56.0,56.0,52.0,56.0,46.0,43.0,,,47.0,,54.0,60.0,59.0,59.0,39.0,59.0,58.0,30.0,60.0,59.0,60.0,61.0,54.0,51.0,45.0,59.0,44.0,54.0,,51.0,53.0,67.0,50.0,48.0,56.0,59.0,59.0,49.0,58.0
2026,609981,Phoebe Apperson Hearst Elementary School,19.0,59.0,46.0,51.0,51.0,30.0,58.0,49.0,39.0,33.0,48.0,38.0,48.0,66.0,,,48.0,,37.0,65.0,40.0,34.0,58.0,33.0,35.0,37.0,41.0,45.0,48.0,28.0,25.0,48.0,41.0,28.0,43.0,34.0,,37.0,36.0,39.0,37.0,41.0,31.0,41.0,33.0,35.0,36.0
2026,609983,James Hedges Elementary School,50.0,50.0,47.0,36.0,44.0,48.0,38.0,50.0,47.0,43.0,40.0,53.0,42.0,54.0,,,33.0,,48.0,46.0,56.0,50.0,45.0,54.0,45.0,32.0,47.0,52.0,56.0,39.0,56.0,35.0,44.0,45.0,49.0,59.0,,41.0,56.0,41.0,57.0,49.0,58.0,69.0,51.0,47.0,40.0
2026,609985,Helen M Hefferan Elementary School,39.0,65.0,53.0,60.0,54.0,41.0,53.0,48.0,44.0,41.0,44.0,52.0,58.0,57.0,,,28.0,,44.0,58.0,51.0,30.0,55.0,39.0,26.0,59.0,49.0,57.0,49.0,44.0,60.0,63.0,31.0,39.0,54.0,33.0,,40.0,48.0,21.0,46.0,45.0,48.0,42.0,26.0,50.0,44.0
2026,609986,Charles R Henderson Elementary School,39.0,61.0,47.0,49.0,54.0,35.0,46.0,68.0,48.0,39.0,51.0,45.0,53.0,68.0,,,43.0,,46.0,73.0,52.0,35.0,72.0,54.0,17.0,47.0,55.0,45.0,56.0,26.0,44.0,51.0,41.0,40.0,55.0,47.0,,42.0,46.0,30.0,50.0,48.0,40.0,52.0,33.0,43.0,36.0
2026,609987,Thomas A Hendricks Elementary Community Academy,39.0,56.0,35.0,51.0,51.0,53.0,40.0,61.0,58.0,47.0,49.0,52.0,56.0,47.0,,,47.0,,53.0,51.0,55.0,51.0,44.0,61.0,42.0,44.0,49.0,50.0,66.0,62.0,52.0,46.0,38.0,53.0,46.0,54.0,,42.0,48.0,48.0,29.0,38.0,54.0,61.0,49.0,49.0,62.0
2026,609988,Patrick Henry Elementary School,50.0,52.0,38.0,36.0,48.0,41.0,41.0,55.0,53.0,35.0,40.0,53.0,38.0,55.0,,,42.0,,49.0,54.0,57.0,49.0,52.0,46.0,52.0,33.0,42.0,47.0,64.0,50.0,36.0,20.0,42.0,46.0,42.0,51.0,,45.0,49.0,54.0,49.0,43.0,51.0,47.0,50.0,57.0,64.0
2026,609990,South Loop Elementary School,71.0,53.0,41.0,52.0,54.0,63.0,54.0,61.0,58.0,53.0,61.0,62.0,60.0,50.0,,,64.0,,50.0,53.0,60.0,61.0,50.0,67.0,60.0,65.0,48.0,54.0,60.0,62.0,53.0,59.0,62.0,61.0,58.0,75.0,,58.0,67.0,60.0,55.0,52.0,75.0,67.0,56.0,57.0,56.0
2026,609991,Theodore Herzl Elementary School,39.0,78.0,65.0,62.0,55.0,25.0,57.0,62.0,53.0,40.0,58.0,58.0,51.0,69.0,,,38.0,,48.0,58.0,68.0,37.0,57.0,41.0,34.0,46.0,55.0,62.0,74.0,30.0,55.0,38.0,43.0,36.0,54.0,49.0,,75.0,43.0,22.0,57.0,55.0,48.0,34.0,36.0,54.0,52.0
2026,609993,Agustin Lara Elementary Academy,61.0,66.0,54.0,49.0,53.0,61.0,48.0,59.0,59.0,57.0,52.0,70.0,43.0,62.0,,,39.0,,56.0,54.0,71.0,58.0,48.0,70.0,49.0,27.0,58.0,70.0,64.0,52.0,57.0,41.0,55.0,67.0,57.0,40.0,,60.0,56.0,49.0,57.0,56.0,76.0,67.0,55.0,63.0,50.0
2026,609994,William G Hibbard Elementary School,29.0,53.0,51.0,34.0,43.0,51.0,45.0,36.0,35.0,36.0,47.0,34.0,43.0,51.0,,,43.0,,44.0,54.0,30.0,43.0,55.0,42.0,45.0,31.0,49.0,40.0,33.0,30.0,39.0,45.0,44.0,33.0,51.0,42.0,,43.0,55.0,38.0,57.0,50.0,38.0,47.0,43.0,29.0,37.0
2026,609995,Rufus M Hitch Elementary School,91.0,44.0,47.0,51.0,62.0,54.0,64.0,84.0,73.0,71.0,45.0,77.0,51.0,62.0,,,52.0,,74.0,57.0,76.0,74.0,64.0,78.0,73.0,50.0,47.0,78.0,71.0,69.0,77.0,34.0,56.0,67.0,56.0,55.0,,72.0,55.0,71.0,55.0,51.0,76.0,54.0,70.0,78.0,73.0
2026,609996,Charles N Holden Elementary School,61.0,50.0,52.0,48.0,51.0,42.0,53.0,66.0,59.0,49.0,53.0,57.0,50.0,51.0,,,47.0,,55.0,78.0,61.0,61.0,52.0,62.0,58.0,36.0,51.0,63.0,73.0,54.0,63.0,39.0,47.0,44.0,45.0,56.0,,50.0,50.0,51.0,46.0,49.0,64.0,44.0,62.0,41.0,63.0
2026,609997,Oliver Wendell Holmes Elementary School,50.0,68.0,58.0,59.0,50.0,,50.0,,,,49.0,,42.0,48.0,,,28.0,,,60.0,,,43.0,,,47.0,50.0,,,,,27.0,33.0,,46.0,40.0,,,38.0,,51.0,48.0,,,,,
2026,610000,Julia Ward Howe Elementary School of Excellence,50.0,62.0,59.0,51.0,55.0,44.0,52.0,70.0,57.0,62.0,50.0,54.0,53.0,53.0,,,43.0,,63.0,63.0,75.0,43.0,55.0,42.0,42.0,48.0,46.0,62.0,69.0,59.0,56.0,32.0,43.0,37.0,48.0,42.0,,53.0,39.0,37.0,54.0,51.0,38.0,39.0,46.0,40.0,48.0
2026,610002,Thomas Hoyne Elementary School,50.0,54.0,45.0,51.0,63.0,50.0,47.0,65.0,59.0,46.0,54.0,58.0,45.0,54.0,,,43.0,,55.0,69.0,69.0,55.0,66.0,59.0,51.0,50.0,40.0,54.0,64.0,81.0,47.0,45.0,28.0,51.0,31.0,22.0,,60.0,34.0,56.0,23.0,34.0,52.0,51.0,56.0,57.0,69.0
2026,610003,Paul Cuffe Math-Science Technology Academy ES,61.0,69.0,60.0,70.0,63.0,36.0,59.0,52.0,51.0,48.0,59.0,55.0,59.0,61.0,,,42.0,,44.0,54.0,65.0,42.0,73.0,59.0,31.0,53.0,59.0,59.0,61.0,46.0,57.0,51.0,46.0,47.0,51.0,50.0,,41.0,42.0,36.0,51.0,54.0,40.0,46.0,36.0,56.0,49.0
2026,610004,Countee Cullen Elementary School,81.0,76.0,70.0,69.0,55.0,48.0,64.0,55.0,60.0,63.0,74.0,61.0,51.0,46.0,,,48.0,,61.0,72.0,62.0,45.0,61.0,55.0,34.0,59.0,56.0,53.0,60.0,44.0,59.0,52.0,52.0,56.0,55.0,34.0,,65.0,41.0,41.0,62.0,60.0,68.0,51.0,47.0,60.0,66.0
2026,610005,Charles Evans Hughes Elementary School,19.0,58.0,44.0,46.0,50.0,40.0,41.0,39.0,32.0,33.0,43.0,29.0,45.0,61.0,,,35.0,,30.0,53.0,35.0,28.0,57.0,33.0,22.0,27.0,54.0,37.0,36.0,37.0,45.0,40.0,42.0,30.0,47.0,49.0,,21.0,46.0,30.0,32.0,43.0,16.0,47.0,28.0,28.0,24.0
2026,610006,Edward N Hurley Elementary School,81.0,56.0,47.0,46.0,55.0,57.0,52.0,71.0,60.0,46.0,45.0,62.0,45.0,56.0,,,43.0,,49.0,58.0,63.0,63.0,62.0,66.0,61.0,38.0,48.0,70.0,70.0,57.0,50.0,40.0,42.0,65.0,48.0,54.0,,49.0,58.0,58.0,50.0,47.0,50.0,78.0,61.0,66.0,46.0
2026,610009,Galileo Math & Science Scholastic Academy ES,71.0,41.0,37.0,44.0,51.0,57.0,48.0,69.0,59.0,54.0,46.0,66.0,55.0,53.0,,,52.0,,54.0,63.0,69.0,63.0,51.0,68.0,64.0,52.0,56.0,62.0,64.0,56.0,45.0,49.0,49.0,58.0,54.0,61.0,,48.0,59.0,49.0,44.0,47.0,66.0,61.0,58.0,65.0,50.0
2026,610010,Friedrich L. Jahn Elementary of the Fine Arts,29.0,56.0,55.0,59.0,53.0,18.0,66.0,44.0,33.0,20.0,54.0,38.0,64.0,71.0,,,57.0,,19.0,72.0,37.0,50.0,51.0,51.0,49.0,40.0,49.0,31.0,44.0,30.0,36.0,58.0,57.0,38.0,57.0,59.0,,21.0,51.0,32.0,57.0,55.0,36.0,33.0,50.0,48.0,17.0
2026,610011,Minnie Mars Jamieson Elementary School,61.0,57.0,46.0,55.0,58.0,51.0,58.0,66.0,53.0,45.0,57.0,53.0,63.0,66.0,,,52.0,,46.0,67.0,56.0,62.0,58.0,75.0,58.0,47.0,60.0,44.0,59.0,53.0,59.0,56.0,46.0,54.0,55.0,52.0,,57.0,58.0,51.0,52.0,51.0,66.0,62.0,52.0,46.0,39.0
2026,610013,Pilsen Elementary Community Academy,71.0,65.0,61.0,47.0,57.0,49.0,57.0,65.0,51.0,44.0,58.0,59.0,52.0,66.0,,,48.0,,56.0,59.0,56.0,63.0,56.0,77.0,57.0,43.0,56.0,57.0,53.0,57.0,38.0,44.0,57.0,44.0,57.0,52.0,,70.0,52.0,43.0,64.0,60.0,64.0,61.0,56.0,57.0,49.0
2026,610015,Joseph Jungman STEM Magnet Elementary School,91.0,61.0,56.0,76.0,65.0,34.0,67.0,82.0,68.0,57.0,72.0,60.0,71.0,58.0,,,52.0,,71.0,68.0,57.0,67.0,67.0,74.0,66.0,51.0,55.0,61.0,65.0,57.0,78.0,46.0,48.0,60.0,56.0,79.0,,57.0,61.0,59.0,48.0,52.0,68.0,61.0,60.0,52.0,74.0
2026,610016,Kate S Kellogg Elementary School,91.0,47.0,53.0,63.0,66.0,56.0,64.0,80.0,79.0,85.0,56.0,68.0,62.0,73.0,,,72.0,,71.0,48.0,70.0,83.0,49.0,82.0,81.0,68.0,56.0,75.0,85.0,78.0,77.0,66.0,67.0,71.0,52.0,70.0,,53.0,57.0,69.0,57.0,58.0,68.0,66.0,85.0,58.0,76.0
2026,610017,Maria Saucedo STEAM Magnet Academy,50.0,60.0,50.0,45.0,50.0,45.0,51.0,32.0,41.0,37.0,49.0,42.0,50.0,57.0,,,46.0,,44.0,59.0,44.0,51.0,53.0,55.0,52.0,31.0,53.0,48.0,55.0,45.0,36.0,39.0,42.0,46.0,56.0,52.0,,43.0,53.0,49.0,55.0,50.0,38.0,51.0,46.0,37.0,36.0
2026,610019,Joshua D Kershaw Elementary School,91.0,72.0,72.0,75.0,78.0,39.0,78.0,77.0,65.0,55.0,60.0,66.0,45.0,81.0,,,39.0,,69.0,59.0,75.0,63.0,91.0,75.0,54.0,63.0,56.0,71.0,81.0,63.0,79.0,53.0,57.0,51.0,63.0,63.0,,65.0,50.0,59.0,49.0,59.0,63.0,56.0,59.0,54.0,62.0
2026,610021,Pablo Casals Elementary School,100.0,85.0,76.0,82.0,79.0,77.0,77.0,70.0,70.0,74.0,75.0,69.0,64.0,83.0,,,52.0,,72.0,69.0,76.0,64.0,83.0,62.0,66.0,50.0,80.0,79.0,82.0,67.0,69.0,72.0,69.0,64.0,74.0,70.0,,50.0,75.0,58.0,73.0,75.0,65.0,77.0,65.0,55.0,62.0
2026,610022,Joyce Kilmer Elementary School,29.0,68.0,58.0,55.0,54.0,51.0,58.0,44.0,35.0,22.0,64.0,36.0,64.0,57.0,,,50.0,,25.0,72.0,31.0,45.0,55.0,46.0,43.0,55.0,58.0,41.0,40.0,49.0,32.0,40.0,54.0,38.0,58.0,58.0,,27.0,51.0,47.0,57.0,57.0,39.0,38.0,46.0,34.0,31.0
2026,610024,Lazaro Cardenas Elementary School,81.0,59.0,46.0,45.0,51.0,72.0,46.0,62.0,67.0,65.0,52.0,67.0,52.0,53.0,,,43.0,,68.0,59.0,66.0,60.0,48.0,58.0,60.0,36.0,54.0,76.0,71.0,58.0,50.0,41.0,52.0,65.0,53.0,54.0,,57.0,59.0,57.0,60.0,53.0,71.0,82.0,62.0,55.0,72.0
2026,610026,John H Kinzie Elementary School,71.0,58.0,54.0,56.0,62.0,,66.0,,,,59.0,,69.0,68.0,,,64.0,,,76.0,,,62.0,,,60.0,62.0,,,,,59.0,73.0,,65.0,74.0,,,76.0,,67.0,64.0,,,,,
2026,610027,Rudyard Kipling Elementary School,50.0,45.0,48.0,49.0,53.0,,49.0,,,,42.0,,38.0,48.0,,,49.0,,,47.0,,,62.0,,,42.0,47.0,,,,,45.0,45.0,,47.0,52.0,,,50.0,,34.0,44.0,,,,,
2026,610029,Rodolfo Lozano Bilingual & International Ctr ES,39.0,57.0,46.0,40.0,56.0,58.0,45.0,72.0,58.0,49.0,49.0,56.0,44.0,63.0,,,46.0,,59.0,63.0,66.0,36.0,61.0,38.0,33.0,41.0,53.0,52.0,67.0,58.0,55.0,36.0,47.0,48.0,48.0,48.0,,42.0,57.0,34.0,46.0,48.0,55.0,53.0,37.0,52.0,54.0
2026,610030,Charles Kozminski Elementary Community Academy,19.0,37.0,34.0,35.0,44.0,32.0,35.0,60.0,42.0,34.0,41.0,37.0,32.0,60.0,,,33.0,,23.0,47.0,42.0,39.0,48.0,40.0,42.0,29.0,28.0,41.0,51.0,31.0,42.0,30.0,29.0,34.0,32.0,45.0,,18.0,33.0,23.0,28.0,30.0,37.0,42.0,35.0,27.0,32.0
2026,610032,Wendell E Green Elementary School,71.0,86.0,64.0,81.0,74.0,61.0,70.0,50.0,49.0,41.0,69.0,51.0,62.0,70.0,,,54.0,,33.0,58.0,51.0,53.0,81.0,54.0,50.0,60.0,75.0,62.0,60.0,64.0,41.0,71.0,55.0,58.0,59.0,73.0,,34.0,64.0,51.0,54.0,62.0,35.0,52.0,55.0,54.0,38.0
2026,610033,LaSalle Elementary Language Academy,81.0,86.0,78.0,90.0,82.0,73.0,88.0,67.0,56.0,46.0,92.0,58.0,99.0,79.0,,,85.0,,47.0,65.0,51.0,65.0,81.0,71.0,61.0,91.0,80.0,52.0,58.0,77.0,55.0,99.0,83.0,66.0,93.0,95.0,,49.0,84.0,72.0,81.0,81.0,82.0,64.0,62.0,46.0,44.0
2026,610034,Lawndale Elementary Community Academy,29.0,29.0,15.0,20.0,27.0,,18.0,,,,20.0,,46.0,30.0,,,38.0,,,45.0,,,32.0,,,47.0,19.0,,,,,48.0,26.0,,37.0,33.0,,,29.0,,22.0,21.0,,,,,
2026,610036,Leslie Lewis Elementary School,0.0,40.0,32.0,36.0,35.0,25.0,27.0,43.0,30.0,25.0,37.0,24.0,35.0,43.0,,,35.0,,33.0,45.0,29.0,35.0,38.0,32.0,31.0,26.0,31.0,29.0,26.0,21.0,53.0,23.0,32.0,23.0,34.0,44.0,,42.0,34.0,28.0,27.0,31.0,21.0,28.0,41.0,15.0,34.0
2026,610037,Arthur A Libby Elementary School,61.0,50.0,45.0,53.0,55.0,51.0,48.0,45.0,54.0,51.0,53.0,60.0,52.0,61.0,,,45.0,,53.0,66.0,70.0,55.0,52.0,67.0,48.0,48.0,58.0,62.0,70.0,54.0,39.0,44.0,42.0,59.0,52.0,50.0,,55.0,54.0,36.0,47.0,48.0,49.0,61.0,50.0,60.0,45.0
2026,610038,Abraham Lincoln Elementary School,71.0,43.0,40.0,46.0,56.0,72.0,57.0,50.0,58.0,56.0,57.0,60.0,66.0,47.0,,,62.0,,51.0,58.0,67.0,77.0,57.0,78.0,74.0,66.0,48.0,55.0,58.0,75.0,71.0,62.0,65.0,71.0,58.0,82.0,,40.0,65.0,79.0,52.0,51.0,63.0,63.0,78.0,56.0,55.0
2026,610039,Carl von Linne Elementary School,91.0,53.0,59.0,55.0,66.0,73.0,63.0,69.0,67.0,64.0,55.0,65.0,51.0,66.0,,,54.0,,71.0,67.0,63.0,70.0,72.0,73.0,69.0,46.0,59.0,66.0,76.0,72.0,67.0,40.0,55.0,68.0,61.0,71.0,,62.0,71.0,65.0,63.0,59.0,65.0,74.0,69.0,64.0,58.0
2026,610040,Henry D Lloyd Elementary School,50.0,46.0,29.0,35.0,50.0,60.0,37.0,51.0,56.0,53.0,,57.0,,55.0,,,,,55.0,,59.0,60.0,51.0,65.0,57.0,,44.0,58.0,67.0,60.0,57.0,28.0,26.0,59.0,39.0,,,27.0,51.0,51.0,15.0,29.0,58.0,72.0,57.0,52.0,52.0
2026,610041,Josephine C Locke Elementary School,100.0,72.0,65.0,67.0,62.0,52.0,70.0,78.0,70.0,64.0,68.0,62.0,67.0,63.0,,,56.0,,66.0,65.0,71.0,65.0,58.0,66.0,68.0,56.0,65.0,60.0,73.0,61.0,76.0,51.0,58.0,68.0,63.0,56.0,,70.0,67.0,54.0,67.0,64.0,54.0,64.0,62.0,61.0,67.0
2026,610043,Joseph Lovett Elementary School,81.0,56.0,54.0,59.0,64.0,69.0,46.0,73.0,74.0,78.0,54.0,68.0,50.0,58.0,,,52.0,,79.0,50.0,76.0,52.0,61.0,55.0,47.0,51.0,61.0,68.0,70.0,76.0,68.0,53.0,48.0,71.0,56.0,50.0,,77.0,54.0,57.0,52.0,54.0,62.0,70.0,54.0,65.0,78.0
2026,610044,James Russell Lowell Elementary School,50.0,51.0,44.0,43.0,45.0,40.0,45.0,44.0,44.0,37.0,48.0,47.0,47.0,48.0,,,40.0,,44.0,49.0,47.0,42.0,48.0,51.0,34.0,37.0,50.0,43.0,54.0,40.0,52.0,44.0,27.0,48.0,39.0,35.0,,32.0,34.0,42.0,38.0,40.0,49.0,39.0,41.0,49.0,39.0
2026,610046,Mary Lyon Elementary School,50.0,54.0,41.0,38.0,45.0,46.0,42.0,57.0,47.0,34.0,43.0,59.0,46.0,49.0,,,44.0,,39.0,53.0,62.0,55.0,42.0,63.0,55.0,39.0,46.0,57.0,63.0,49.0,43.0,40.0,45.0,43.0,48.0,50.0,,42.0,53.0,44.0,52.0,46.0,54.0,52.0,47.0,63.0,38.0
2026,610047,James Madison Elementary School,71.0,80.0,78.0,65.0,63.0,48.0,63.0,79.0,59.0,52.0,62.0,53.0,52.0,64.0,,,38.0,,55.0,64.0,57.0,42.0,66.0,49.0,36.0,55.0,67.0,56.0,58.0,58.0,59.0,49.0,46.0,47.0,67.0,43.0,,55.0,62.0,36.0,48.0,60.0,46.0,52.0,40.0,52.0,60.0
2026,610048,George Manierre Elementary School,39.0,67.0,61.0,66.0,55.0,12.0,51.0,37.0,39.0,32.0,47.0,44.0,50.0,58.0,,,52.0,,47.0,61.0,38.0,40.0,49.0,51.0,37.0,45.0,47.0,44.0,47.0,45.0,40.0,33.0,29.0,39.0,38.0,35.0,,29.0,46.0,13.0,29.0,42.0,48.0,21.0,31.0,47.0,40.0
2026,610051,Northwest Middle School,71.0,76.0,58.0,39.0,57.0,45.0,46.0,54.0,54.0,50.0,47.0,67.0,58.0,77.0,,,33.0,,60.0,51.0,70.0,60.0,52.0,70.0,60.0,24.0,49.0,75.0,68.0,58.0,60.0,28.0,46.0,45.0,58.0,48.0,,49.0,60.0,40.0,61.0,54.0,63.0,59.0,50.0,59.0,55.0
2026,610052,Horace Mann Elementary School,39.0,78.0,55.0,68.0,64.0,47.0,66.0,55.0,47.0,56.0,80.0,37.0,68.0,64.0,,,54.0,,49.0,72.0,43.0,36.0,74.0,40.0,28.0,46.0,63.0,40.0,40.0,50.0,34.0,59.0,43.0,41.0,53.0,68.0,,27.0,60.0,32.0,47.0,52.0,30.0,48.0,40.0,34.0,41.0
2026,610053,Marquette Elementary School,61.0,64.0,54.0,55.0,62.0,50.0,62.0,68.0,58.0,51.0,58.0,53.0,58.0,66.0,,,43.0,,53.0,50.0,62.0,50.0,73.0,61.0,41.0,43.0,59.0,55.0,66.0,53.0,67.0,43.0,43.0,51.0,57.0,43.0,,52.0,52.0,47.0,63.0,55.0,44.0,55.0,48.0,51.0,55.0
2026,610054,John L Marsh Elementary School,39.0,59.0,50.0,55.0,55.0,64.0,48.0,34.0,40.0,44.0,55.0,30.0,54.0,59.0,,,44.0,,42.0,61.0,34.0,40.0,56.0,41.0,39.0,40.0,61.0,35.0,33.0,50.0,44.0,47.0,47.0,42.0,49.0,43.0,,33.0,56.0,49.0,49.0,52.0,26.0,57.0,41.0,26.0,49.0
2026,610055,Michael Faraday Elementary School,50.0,72.0,66.0,58.0,57.0,41.0,62.0,45.0,52.0,65.0,64.0,55.0,38.0,64.0,,,31.0,,55.0,68.0,57.0,54.0,67.0,64.0,43.0,45.0,65.0,56.0,55.0,37.0,64.0,31.0,46.0,43.0,51.0,58.0,,40.0,47.0,42.0,47.0,56.0,59.0,59.0,54.0,46.0,50.0
2026,610056,Roswell B Mason Elementary School,50.0,58.0,49.0,52.0,55.0,50.0,51.0,59.0,48.0,44.0,51.0,58.0,48.0,72.0,,,48.0,,38.0,60.0,66.0,49.0,62.0,55.0,48.0,54.0,49.0,53.0,63.0,34.0,52.0,43.0,33.0,43.0,43.0,50.0,,42.0,46.0,31.0,41.0,43.0,54.0,54.0,44.0,58.0,33.0
2026,610057,Fairfield Elementary Academy,10.0,48.0,47.0,36.0,38.0,23.0,37.0,51.0,36.0,36.0,30.0,29.0,39.0,48.0,,,31.0,,47.0,48.0,31.0,35.0,41.0,31.0,37.0,31.0,38.0,34.0,39.0,26.0,50.0,30.0,34.0,21.0,40.0,38.0,,29.0,47.0,25.0,44.0,41.0,22.0,33.0,36.0,30.0,35.0
2026,610059,Oscar Mayer Magnet School,61.0,55.0,52.0,55.0,58.0,55.0,62.0,70.0,55.0,52.0,58.0,44.0,72.0,55.0,,,72.0,,44.0,64.0,34.0,58.0,66.0,61.0,57.0,71.0,60.0,49.0,43.0,57.0,45.0,60.0,74.0,48.0,70.0,78.0,,39.0,74.0,55.0,64.0,63.0,57.0,48.0,55.0,37.0,63.0
2026,610060,Chicago World Language Academy,39.0,50.0,32.0,46.0,48.0,45.0,54.0,62.0,44.0,33.0,53.0,35.0,57.0,36.0,,,52.0,,37.0,65.0,31.0,52.0,53.0,56.0,50.0,62.0,47.0,38.0,39.0,57.0,20.0,59.0,53.0,36.0,51.0,55.0,,36.0,48.0,48.0,43.0,44.0,45.0,55.0,49.0,25.0,50.0
2026,610062,Minnie Minoso Academy,50.0,49.0,48.0,52.0,48.0,36.0,46.0,79.0,51.0,41.0,52.0,46.0,52.0,51.0,,,49.0,,62.0,44.0,42.0,51.0,57.0,69.0,44.0,43.0,49.0,45.0,45.0,32.0,59.0,37.0,44.0,34.0,47.0,48.0,,56.0,51.0,33.0,45.0,47.0,58.0,44.0,40.0,37.0,55.0
2026,610063,Cyrus H McCormick Elementary School,71.0,57.0,47.0,34.0,52.0,49.0,54.0,55.0,58.0,54.0,,67.0,,62.0,,,,,64.0,,67.0,60.0,56.0,80.0,49.0,,76.0,71.0,68.0,55.0,51.0,48.0,32.0,57.0,50.0,,,41.0,60.0,37.0,51.0,52.0,67.0,55.0,52.0,62.0,57.0
2026,610065,Emmett Louis Till Math and Science Academy,19.0,68.0,60.0,51.0,49.0,31.0,45.0,29.0,27.0,17.0,62.0,36.0,57.0,61.0,,,37.0,,27.0,47.0,32.0,28.0,48.0,41.0,21.0,47.0,46.0,43.0,47.0,34.0,12.0,50.0,27.0,26.0,40.0,34.0,,35.0,28.0,24.0,33.0,42.0,28.0,27.0,21.0,40.0,14.0
2026,610066,James E McDade Elementary Classical School,61.0,20.0,14.0,31.0,60.0,53.0,41.0,57.0,58.0,69.0,20.0,58.0,67.0,63.0,,,33.0,,75.0,31.0,64.0,61.0,73.0,70.0,71.0,62.0,24.0,56.0,61.0,74.0,53.0,47.0,54.0,49.0,47.0,64.0,,55.0,30.0,62.0,36.0,32.0,60.0,69.0,43.0,50.0,56.0
2026,610067,Francis M McKay Elementary School,50.0,53.0,49.0,46.0,51.0,43.0,50.0,56.0,47.0,40.0,52.0,42.0,45.0,59.0,,,33.0,,42.0,35.0,46.0,45.0,58.0,46.0,38.0,27.0,53.0,50.0,50.0,40.0,37.0,52.0,42.0,43.0,51.0,54.0,,32.0,49.0,36.0,43.0,47.0,27.0,48.0,50.0,44.0,46.0
2026,610068,Hanson Park Elementary School,50.0,52.0,45.0,46.0,49.0,58.0,45.0,50.0,48.0,42.0,50.0,52.0,50.0,47.0,,,39.0,,40.0,58.0,55.0,56.0,48.0,66.0,51.0,33.0,44.0,51.0,52.0,54.0,41.0,45.0,44.0,55.0,51.0,44.0,,32.0,57.0,48.0,49.0,46.0,47.0,56.0,52.0,55.0,39.0
2026,610070,James B McPherson Elementary School,39.0,43.0,36.0,44.0,47.0,50.0,48.0,37.0,40.0,30.0,45.0,34.0,55.0,44.0,,,55.0,,37.0,61.0,39.0,58.0,54.0,57.0,65.0,37.0,52.0,34.0,45.0,47.0,34.0,45.0,51.0,45.0,54.0,59.0,,33.0,53.0,54.0,48.0,47.0,38.0,48.0,53.0,24.0,43.0
2026,610073,Ellen Mitchell Elementary School,71.0,51.0,42.0,44.0,55.0,46.0,54.0,68.0,66.0,70.0,49.0,51.0,60.0,49.0,,,59.0,,71.0,56.0,44.0,80.0,57.0,79.0,75.0,50.0,57.0,59.0,49.0,68.0,61.0,58.0,59.0,62.0,62.0,67.0,,55.0,67.0,67.0,59.0,54.0,67.0,56.0,87.0,33.0,82.0
2026,610074,Logan Square Elementary School,50.0,55.0,45.0,40.0,48.0,53.0,47.0,57.0,48.0,40.0,44.0,50.0,47.0,54.0,,,43.0,,45.0,55.0,45.0,52.0,48.0,52.0,52.0,30.0,51.0,41.0,50.0,51.0,48.0,32.0,47.0,49.0,48.0,53.0,,39.0,56.0,56.0,47.0,48.0,64.0,51.0,52.0,48.0,45.0
2026,610076,Bernhard Moos Elementary School,50.0,50.0,50.0,46.0,46.0,29.0,50.0,55.0,41.0,33.0,48.0,43.0,45.0,54.0,,,43.0,,35.0,70.0,36.0,52.0,47.0,62.0,54.0,44.0,45.0,34.0,39.0,37.0,45.0,33.0,40.0,37.0,44.0,52.0,,37.0,46.0,34.0,45.0,45.0,62.0,46.0,41.0,38.0,39.0
2026,610077,Donald Morrill Math & Science Elementary School,50.0,53.0,49.0,41.0,48.0,33.0,40.0,54.0,54.0,52.0,53.0,49.0,43.0,52.0,,,35.0,,62.0,58.0,65.0,52.0,47.0,58.0,41.0,35.0,42.0,46.0,55.0,52.0,53.0,38.0,43.0,50.0,43.0,51.0,,34.0,48.0,45.0,43.0,44.0,43.0,53.0,56.0,43.0,59.0
2026,610078,Inter-American Elementary Magnet School,50.0,42.0,36.0,47.0,49.0,,50.0,,,,47.0,,59.0,49.0,,,50.0,,,58.0,,,50.0,,,53.0,47.0,,,,,41.0,56.0,,54.0,73.0,,,62.0,,53.0,48.0,,,,,
2026,610081,Mark Sheridan Math & Science Academy,61.0,44.0,37.0,35.0,43.0,61.0,48.0,61.0,63.0,66.0,47.0,53.0,53.0,44.0,,,48.0,,51.0,50.0,54.0,55.0,48.0,55.0,52.0,44.0,54.0,62.0,55.0,44.0,59.0,43.0,52.0,69.0,52.0,64.0,,30.0,62.0,71.0,42.0,46.0,43.0,78.0,58.0,52.0,63.0
2026,610082,Mount Greenwood Elementary School,100.0,47.0,50.0,63.0,64.0,81.0,58.0,73.0,76.0,83.0,56.0,74.0,71.0,73.0,,,78.0,,69.0,52.0,71.0,79.0,45.0,69.0,88.0,73.0,53.0,82.0,71.0,76.0,77.0,47.0,87.0,83.0,65.0,88.0,,73.0,75.0,76.0,69.0,65.0,70.0,87.0,79.0,74.0,72.0
2026,610084,Annie Keller Regional Gifted Center,100.0,80.0,78.0,84.0,77.0,83.0,82.0,94.0,97.0,99.0,90.0,95.0,78.0,58.0,,,78.0,,96.0,57.0,99.0,97.0,68.0,99.0,92.0,69.0,65.0,94.0,97.0,99.0,99.0,67.0,76.0,97.0,73.0,95.0,,95.0,78.0,99.0,71.0,73.0,99.0,91.0,99.0,89.0,97.0
2026,610086,Mount Vernon Elementary School,71.0,58.0,54.0,60.0,55.0,48.0,57.0,70.0,64.0,64.0,60.0,67.0,62.0,62.0,,,42.0,,68.0,65.0,70.0,56.0,57.0,71.0,49.0,37.0,55.0,67.0,77.0,41.0,60.0,51.0,44.0,61.0,47.0,46.0,,62.0,50.0,41.0,49.0,51.0,59.0,52.0,47.0,72.0,47.0
2026,610087,Blair Early Childhood Center,81.0,,,,,71.0,,94.0,92.0,93.0,,94.0,,,,,,,91.0,,97.0,92.0,,99.0,89.0,,,99.0,98.0,56.0,99.0,,,92.0,,,,97.0,,67.0,,,96.0,99.0,88.0,84.0,83.0
2026,610088,Wolfgang A Mozart Elementary School,50.0,61.0,52.0,53.0,58.0,36.0,50.0,41.0,50.0,53.0,55.0,49.0,54.0,69.0,,,44.0,,55.0,65.0,52.0,53.0,66.0,59.0,48.0,35.0,68.0,53.0,53.0,42.0,54.0,51.0,40.0,48.0,52.0,54.0,,51.0,55.0,42.0,52.0,53.0,42.0,53.0,51.0,49.0,56.0
2026,610089,John B Murphy Elementary School,61.0,45.0,36.0,46.0,41.0,46.0,41.0,57.0,54.0,46.0,47.0,56.0,47.0,42.0,,,60.0,,43.0,53.0,48.0,61.0,36.0,68.0,54.0,51.0,45.0,55.0,57.0,38.0,50.0,38.0,53.0,48.0,50.0,47.0,,54.0,50.0,52.0,58.0,48.0,65.0,45.0,61.0,57.0,62.0
2026,610090,Phillip Murray Elementary Language Academy,29.0,41.0,30.0,48.0,49.0,41.0,45.0,31.0,33.0,27.0,47.0,44.0,42.0,58.0,,,35.0,,33.0,51.0,39.0,45.0,52.0,47.0,41.0,46.0,33.0,42.0,36.0,38.0,27.0,40.0,33.0,36.0,35.0,43.0,,26.0,34.0,31.0,28.0,31.0,45.0,46.0,46.0,48.0,33.0
2026,610091,Ronald Brown Elementary Community Academy,61.0,99.0,99.0,99.0,86.0,52.0,99.0,39.0,46.0,43.0,99.0,44.0,99.0,99.0,,,88.0,,53.0,82.0,48.0,29.0,99.0,34.0,16.0,99.0,99.0,49.0,37.0,47.0,41.0,99.0,99.0,50.0,99.0,99.0,,41.0,99.0,49.0,99.0,99.0,36.0,44.0,38.0,43.0,61.0
2026,610092,Henry H Nash Elementary School,50.0,59.0,55.0,49.0,51.0,34.0,43.0,55.0,49.0,42.0,44.0,47.0,33.0,52.0,,,35.0,,43.0,64.0,54.0,46.0,62.0,52.0,36.0,25.0,47.0,46.0,53.0,41.0,51.0,44.0,37.0,50.0,49.0,48.0,,37.0,49.0,42.0,39.0,45.0,43.0,57.0,49.0,45.0,45.0
2026,610093,Jane A Neil Elementary School,81.0,68.0,79.0,81.0,77.0,54.0,84.0,63.0,64.0,64.0,70.0,51.0,64.0,98.0,,,37.0,,64.0,71.0,61.0,59.0,80.0,71.0,44.0,38.0,79.0,46.0,66.0,49.0,68.0,66.0,55.0,60.0,65.0,53.0,,56.0,60.0,47.0,50.0,66.0,51.0,63.0,61.0,45.0,66.0
2026,610094,Louis Nettelhorst Elementary School,39.0,49.0,34.0,40.0,44.0,45.0,47.0,46.0,38.0,30.0,41.0,40.0,52.0,37.0,,,57.0,,28.0,64.0,33.0,54.0,43.0,51.0,53.0,51.0,39.0,31.0,41.0,54.0,33.0,49.0,60.0,39.0,64.0,66.0,,26.0,61.0,51.0,57.0,48.0,60.0,45.0,57.0,36.0,34.0
2026,610095,Walter L Newberry Math & Science Academy ES,61.0,59.0,49.0,59.0,58.0,30.0,60.0,52.0,59.0,65.0,64.0,61.0,60.0,64.0,,,48.0,,72.0,56.0,61.0,59.0,60.0,70.0,48.0,64.0,45.0,57.0,64.0,49.0,60.0,55.0,44.0,44.0,47.0,39.0,,57.0,31.0,43.0,46.0,46.0,63.0,39.0,60.0,61.0,68.0
2026,610096,Florence Nightingale Elementary School,81.0,46.0,35.0,35.0,49.0,69.0,36.0,63.0,66.0,67.0,44.0,70.0,45.0,53.0,,,37.0,,60.0,55.0,77.0,69.0,48.0,76.0,63.0,29.0,51.0,70.0,73.0,61.0,70.0,32.0,39.0,66.0,42.0,52.0,,69.0,52.0,67.0,39.0,41.0,71.0,71.0,69.0,60.0,63.0
2026,610097,William P Nixon Elementary School,71.0,58.0,49.0,36.0,47.0,52.0,26.0,63.0,61.0,50.0,59.0,61.0,41.0,44.0,,,37.0,,57.0,40.0,62.0,53.0,47.0,59.0,48.0,26.0,46.0,51.0,78.0,60.0,50.0,36.0,33.0,58.0,46.0,41.0,,51.0,53.0,47.0,54.0,46.0,65.0,67.0,52.0,64.0,57.0
2026,610098,Alfred Nobel Elementary School,50.0,48.0,36.0,37.0,46.0,44.0,37.0,59.0,58.0,52.0,31.0,65.0,40.0,52.0,,,29.0,,60.0,49.0,74.0,55.0,48.0,58.0,49.0,24.0,36.0,59.0,68.0,48.0,52.0,33.0,33.0,56.0,41.0,39.0,,56.0,45.0,36.0,39.0,36.0,60.0,51.0,59.0,68.0,54.0
2026,610099,Norwood Park Elementary School,61.0,46.0,44.0,41.0,47.0,57.0,46.0,59.0,59.0,56.0,42.0,56.0,57.0,46.0,,,65.0,,64.0,67.0,53.0,64.0,47.0,71.0,62.0,56.0,48.0,63.0,66.0,54.0,44.0,55.0,65.0,56.0,56.0,70.0,,48.0,71.0,63.0,56.0,53.0,62.0,55.0,59.0,47.0,57.0
2026,610100,West Park Elementary Academy,50.0,71.0,63.0,59.0,62.0,42.0,66.0,35.0,33.0,30.0,68.0,28.0,70.0,75.0,,,58.0,,30.0,78.0,28.0,42.0,71.0,44.0,39.0,52.0,63.0,32.0,32.0,41.0,30.0,46.0,55.0,28.0,64.0,56.0,,26.0,60.0,38.0,62.0,61.0,33.0,49.0,42.0,17.0,41.0
2026,610101,William B Ogden Elementary School,29.0,29.0,16.0,32.0,38.0,,36.0,,,,32.0,,42.0,41.0,,,38.0,,,50.0,,,40.0,,,50.0,24.0,,,,,33.0,35.0,,34.0,30.0,,,31.0,,25.0,25.0,,,,,
2026,610102,Richard J Oglesby Elementary School,91.0,80.0,72.0,68.0,74.0,47.0,74.0,67.0,68.0,75.0,72.0,74.0,64.0,87.0,,,55.0,,78.0,72.0,87.0,55.0,79.0,67.0,41.0,56.0,80.0,74.0,80.0,61.0,77.0,68.0,58.0,55.0,71.0,55.0,,61.0,61.0,45.0,62.0,68.0,61.0,53.0,57.0,73.0,65.0
2026,610103,Isabelle C O'Keeffe Elementary School,39.0,61.0,48.0,48.0,46.0,17.0,45.0,52.0,41.0,25.0,51.0,44.0,58.0,56.0,,,35.0,,41.0,51.0,48.0,32.0,39.0,48.0,24.0,46.0,49.0,47.0,52.0,39.0,48.0,50.0,26.0,22.0,41.0,39.0,,46.0,35.0,25.0,41.0,41.0,37.0,18.0,23.0,42.0,53.0
2026,610104,William J Onahan Elementary School,91.0,88.0,70.0,79.0,77.0,74.0,94.0,74.0,59.0,51.0,81.0,62.0,93.0,79.0,,,87.0,,48.0,80.0,60.0,74.0,83.0,81.0,67.0,81.0,87.0,62.0,62.0,67.0,62.0,83.0,84.0,73.0,90.0,93.0,,56.0,94.0,62.0,83.0,81.0,71.0,67.0,74.0,55.0,37.0
2026,610105,Oriole Park Elementary School,81.0,51.0,41.0,45.0,50.0,63.0,57.0,60.0,62.0,56.0,49.0,69.0,60.0,53.0,,,65.0,,53.0,55.0,59.0,67.0,45.0,65.0,62.0,62.0,47.0,73.0,60.0,58.0,53.0,53.0,59.0,68.0,58.0,66.0,,50.0,61.0,72.0,63.0,53.0,78.0,65.0,73.0,64.0,64.0
2026,610106,Brian Piccolo Elementary Specialty School,50.0,54.0,49.0,54.0,55.0,50.0,50.0,56.0,46.0,41.0,47.0,46.0,48.0,60.0,,,38.0,,52.0,59.0,49.0,44.0,56.0,45.0,43.0,22.0,58.0,44.0,50.0,49.0,58.0,35.0,43.0,43.0,48.0,41.0,,57.0,45.0,54.0,47.0,49.0,45.0,43.0,43.0,47.0,38.0
2026,610107,James Otis Elementary School,19.0,48.0,43.0,34.0,43.0,34.0,32.0,40.0,25.0,18.0,30.0,19.0,33.0,56.0,,,37.0,,21.0,47.0,12.0,23.0,48.0,24.0,25.0,25.0,34.0,25.0,25.0,34.0,38.0,30.0,49.0,11.0,38.0,56.0,,19.0,49.0,25.0,40.0,42.0,33.0,30.0,20.0,5.0,29.0
2026,610108,Luke O'Toole Elementary School,39.0,59.0,38.0,41.0,47.0,60.0,34.0,43.0,56.0,63.0,45.0,57.0,38.0,47.0,,,33.0,,65.0,56.0,65.0,48.0,39.0,47.0,49.0,21.0,40.0,60.0,66.0,60.0,47.0,37.0,35.0,52.0,47.0,40.0,,37.0,45.0,52.0,40.0,38.0,49.0,64.0,49.0,52.0,54.0
2026,610109,William Bishop Owen Scholastic Academy ES,61.0,65.0,52.0,69.0,63.0,,73.0,,,,68.0,,56.0,60.0,,,42.0,,,78.0,,,60.0,,,60.0,45.0,,,,,43.0,36.0,,45.0,55.0,,,38.0,,40.0,43.0,,,,,
2026,610110,Ida B Wells Preparatory Elementary Academy,91.0,93.0,99.0,99.0,90.0,50.0,99.0,63.0,61.0,63.0,99.0,65.0,99.0,99.0,,,64.0,,66.0,75.0,66.0,54.0,99.0,69.0,44.0,96.0,98.0,69.0,67.0,61.0,64.0,80.0,66.0,62.0,82.0,98.0,,65.0,84.0,50.0,78.0,85.0,67.0,69.0,49.0,59.0,52.0
2026,610111,John Palmer Elementary School,50.0,53.0,44.0,48.0,54.0,54.0,49.0,55.0,46.0,33.0,54.0,48.0,51.0,60.0,,,55.0,,37.0,54.0,48.0,53.0,50.0,66.0,45.0,51.0,56.0,44.0,50.0,56.0,31.0,49.0,48.0,48.0,55.0,55.0,,44.0,64.0,54.0,55.0,51.0,57.0,45.0,47.0,42.0,46.0
2026,610112,Francis W Parker Elementary Community Academy,100.0,85.0,77.0,76.0,79.0,53.0,71.0,77.0,69.0,63.0,87.0,74.0,91.0,84.0,,,62.0,,72.0,72.0,78.0,68.0,73.0,79.0,65.0,81.0,75.0,73.0,79.0,84.0,84.0,65.0,53.0,61.0,69.0,67.0,,59.0,59.0,56.0,66.0,68.0,78.0,61.0,59.0,68.0,67.0
2026,610115,Park Manor Elementary School,39.0,43.0,36.0,42.0,55.0,56.0,41.0,55.0,55.0,51.0,41.0,58.0,33.0,59.0,,,35.0,,53.0,63.0,68.0,47.0,54.0,55.0,35.0,47.0,40.0,67.0,70.0,63.0,68.0,34.0,32.0,44.0,35.0,55.0,,56.0,29.0,37.0,28.0,34.0,47.0,47.0,50.0,51.0,54.0
2026,610116,Parkside Elementary Community Academy,29.0,54.0,43.0,52.0,43.0,11.0,52.0,48.0,41.0,35.0,52.0,47.0,48.0,55.0,,,34.0,,53.0,59.0,52.0,28.0,42.0,43.0,24.0,39.0,41.0,39.0,49.0,24.0,57.0,36.0,28.0,31.0,37.0,40.0,,55.0,30.0,9.0,39.0,38.0,45.0,19.0,17.0,51.0,43.0
2026,610117,Louis Pasteur Elementary School,91.0,79.0,63.0,60.0,72.0,61.0,67.0,58.0,67.0,58.0,,74.0,,70.0,,,,,81.0,,74.0,72.0,71.0,81.0,70.0,,69.0,75.0,83.0,85.0,71.0,60.0,31.0,70.0,47.0,,,58.0,75.0,55.0,48.0,53.0,89.0,77.0,66.0,59.0,64.0
2026,610120,Ferdinand Peck Elementary School,71.0,79.0,77.0,86.0,84.0,,73.0,,,,,,,78.0,,,,,,,,,87.0,,,,91.0,,,,,61.0,58.0,,50.0,,,,72.0,,62.0,72.0,,,,,
2026,610121,Washington Irving Elementary School,29.0,59.0,53.0,57.0,56.0,22.0,55.0,45.0,41.0,31.0,59.0,38.0,41.0,67.0,,,44.0,,51.0,63.0,42.0,38.0,63.0,31.0,46.0,44.0,53.0,37.0,47.0,37.0,32.0,37.0,44.0,31.0,36.0,48.0,,38.0,43.0,26.0,39.0,47.0,43.0,36.0,38.0,29.0,53.0
2026,610122,Helen Peirce International Studies ES,61.0,45.0,37.0,44.0,48.0,43.0,57.0,55.0,49.0,48.0,48.0,47.0,60.0,40.0,,,58.0,,49.0,70.0,46.0,60.0,48.0,70.0,59.0,58.0,43.0,37.0,45.0,59.0,52.0,42.0,56.0,46.0,55.0,56.0,,52.0,55.0,54.0,56.0,48.0,61.0,42.0,51.0,45.0,49.0
2026,610123,William Penn Elementary School,19.0,56.0,49.0,57.0,51.0,26.0,45.0,22.0,19.0,3.0,50.0,18.0,53.0,60.0,,,30.0,,13.0,58.0,18.0,19.0,52.0,18.0,17.0,37.0,56.0,27.0,25.0,34.0,23.0,30.0,25.0,17.0,38.0,38.0,,16.0,33.0,20.0,32.0,41.0,13.0,21.0,22.0,12.0,26.0
2026,610124,Harold Washington Elementary School,71.0,82.0,76.0,89.0,85.0,73.0,92.0,56.0,58.0,55.0,77.0,58.0,66.0,83.0,,,57.0,,45.0,75.0,65.0,55.0,97.0,62.0,47.0,54.0,69.0,65.0,67.0,70.0,77.0,60.0,54.0,56.0,63.0,76.0,,45.0,61.0,50.0,66.0,66.0,48.0,54.0,56.0,52.0,55.0
2026,610125,Irma C Ruiz Elementary School,50.0,55.0,47.0,43.0,48.0,37.0,48.0,58.0,47.0,37.0,47.0,43.0,49.0,56.0,,,43.0,,59.0,76.0,44.0,52.0,58.0,57.0,53.0,43.0,56.0,50.0,48.0,35.0,47.0,35.0,51.0,42.0,55.0,47.0,,52.0,56.0,31.0,49.0,51.0,45.0,57.0,47.0,31.0,52.0
2026,610126,John J Pershing STEAM Magnet Elementary School,29.0,42.0,19.0,36.0,47.0,40.0,26.0,55.0,47.0,41.0,36.0,38.0,43.0,54.0,,,36.0,,58.0,45.0,45.0,48.0,48.0,47.0,49.0,39.0,42.0,38.0,51.0,48.0,59.0,50.0,26.0,31.0,38.0,36.0,,47.0,34.0,42.0,21.0,27.0,37.0,36.0,49.0,33.0,55.0
2026,610127,Mary Gage Peterson Elementary School,39.0,56.0,49.0,41.0,52.0,48.0,58.0,65.0,46.0,44.0,52.0,37.0,58.0,59.0,,,55.0,,44.0,62.0,40.0,50.0,63.0,54.0,44.0,43.0,57.0,35.0,37.0,46.0,39.0,49.0,55.0,40.0,58.0,51.0,,39.0,57.0,48.0,59.0,55.0,42.0,55.0,52.0,32.0,43.0
2026,610128,Marcus Moziah Garvey Elementary School,50.0,61.0,61.0,63.0,63.0,48.0,54.0,55.0,45.0,41.0,52.0,43.0,51.0,77.0,,,41.0,,64.0,64.0,43.0,39.0,62.0,36.0,42.0,52.0,49.0,50.0,39.0,51.0,42.0,35.0,40.0,45.0,47.0,36.0,,41.0,50.0,36.0,47.0,49.0,40.0,62.0,40.0,40.0,47.0
2026,610129,Josiah Pickard Elementary School,100.0,65.0,73.0,64.0,79.0,61.0,73.0,63.0,63.0,65.0,75.0,68.0,72.0,82.0,,,56.0,,51.0,90.0,72.0,68.0,87.0,67.0,65.0,60.0,83.0,68.0,79.0,83.0,76.0,46.0,64.0,69.0,79.0,90.0,,41.0,84.0,73.0,69.0,72.0,61.0,70.0,73.0,71.0,41.0
2026,610130,John T Pirie Fine Arts & Academic Center ES,50.0,99.0,99.0,99.0,85.0,24.0,99.0,43.0,38.0,24.0,99.0,47.0,99.0,99.0,,,99.0,,37.0,99.0,52.0,35.0,99.0,41.0,30.0,99.0,99.0,41.0,51.0,42.0,47.0,99.0,99.0,34.0,99.0,99.0,,28.0,99.0,25.0,99.0,99.0,47.0,32.0,34.0,46.0,39.0
2026,610131,Ambrose Plamondon Elementary School,50.0,56.0,59.0,54.0,56.0,30.0,56.0,60.0,44.0,31.0,59.0,41.0,55.0,80.0,,,46.0,,49.0,54.0,39.0,51.0,60.0,54.0,53.0,45.0,30.0,56.0,49.0,28.0,53.0,44.0,53.0,34.0,62.0,58.0,,36.0,46.0,46.0,63.0,51.0,42.0,60.0,46.0,25.0,47.0
2026,610132,Edgar Allan Poe Elementary Classical School,29.0,45.0,33.0,52.0,52.0,59.0,51.0,48.0,39.0,25.0,54.0,39.0,52.0,41.0,,,39.0,,49.0,63.0,31.0,67.0,52.0,57.0,66.0,61.0,32.0,43.0,36.0,61.0,66.0,48.0,46.0,45.0,41.0,57.0,,25.0,37.0,60.0,37.0,37.0,51.0,57.0,79.0,30.0,43.0
2026,610133,Laura S Ward Elementary School,50.0,65.0,45.0,48.0,54.0,32.0,45.0,51.0,49.0,45.0,56.0,54.0,50.0,66.0,,,42.0,,41.0,60.0,55.0,51.0,57.0,60.0,40.0,47.0,64.0,55.0,62.0,43.0,54.0,55.0,40.0,49.0,54.0,57.0,,28.0,61.0,45.0,39.0,47.0,56.0,43.0,52.0,48.0,39.0
2026,610135,Portage Park Elementary School,61.0,60.0,53.0,54.0,58.0,49.0,64.0,67.0,51.0,45.0,59.0,51.0,62.0,58.0,,,54.0,,51.0,61.0,53.0,63.0,60.0,69.0,61.0,52.0,53.0,49.0,56.0,61.0,60.0,48.0,56.0,51.0,62.0,64.0,,41.0,62.0,55.0,64.0,57.0,51.0,57.0,60.0,50.0,38.0
2026,610136,William H Prescott Elementary School,50.0,67.0,64.0,62.0,62.0,51.0,73.0,36.0,28.0,35.0,72.0,18.0,75.0,62.0,,,67.0,,34.0,69.0,4.0,51.0,63.0,40.0,54.0,68.0,66.0,21.0,5.0,59.0,16.0,68.0,74.0,24.0,75.0,78.0,,8.0,76.0,64.0,76.0,70.0,46.0,49.0,60.0,1.0,39.0
2026,610137,Ernst Prussing Elementary School,39.0,41.0,31.0,38.0,43.0,41.0,43.0,66.0,45.0,32.0,35.0,41.0,41.0,52.0,,,42.0,,32.0,52.0,44.0,44.0,38.0,52.0,41.0,34.0,38.0,39.0,45.0,42.0,48.0,31.0,41.0,47.0,41.0,43.0,,32.0,41.0,38.0,37.0,37.0,40.0,42.0,40.0,41.0,37.0
2026,610138,Pulaski International School of Chicago,61.0,49.0,43.0,52.0,54.0,52.0,60.0,49.0,47.0,43.0,52.0,45.0,57.0,54.0,,,57.0,,43.0,75.0,44.0,61.0,50.0,55.0,68.0,52.0,47.0,48.0,45.0,60.0,46.0,47.0,54.0,48.0,57.0,64.0,,40.0,57.0,59.0,53.0,49.0,49.0,53.0,59.0,37.0,49.0
2026,610139,George M Pullman Elementary School,19.0,56.0,42.0,52.0,47.0,32.0,48.0,35.0,25.0,21.0,37.0,30.0,41.0,49.0,,,39.0,,23.0,59.0,35.0,35.0,48.0,43.0,24.0,45.0,40.0,35.0,38.0,40.0,44.0,33.0,37.0,22.0,46.0,40.0,,11.0,37.0,23.0,47.0,42.0,25.0,42.0,37.0,26.0,9.0
2026,610141,Ravenswood Elementary School,81.0,55.0,48.0,57.0,64.0,70.0,68.0,77.0,62.0,57.0,64.0,50.0,71.0,65.0,,,70.0,,59.0,57.0,33.0,67.0,56.0,62.0,69.0,66.0,51.0,51.0,58.0,78.0,56.0,57.0,65.0,60.0,65.0,74.0,,37.0,68.0,77.0,59.0,56.0,82.0,68.0,70.0,35.0,60.0
2026,610142,William H Ray Elementary School,71.0,52.0,43.0,42.0,53.0,54.0,43.0,53.0,61.0,53.0,50.0,59.0,51.0,53.0,,,47.0,,64.0,62.0,58.0,66.0,52.0,70.0,57.0,49.0,48.0,53.0,65.0,65.0,57.0,44.0,42.0,62.0,46.0,46.0,,49.0,44.0,53.0,37.0,43.0,67.0,47.0,72.0,58.0,71.0
2026,610143,William C Reavis Math & Science Specialty ES,39.0,44.0,48.0,56.0,51.0,,45.0,,,,49.0,,40.0,51.0,,,36.0,,,44.0,,,47.0,,,47.0,38.0,,,,,32.0,32.0,,36.0,43.0,,,36.0,,24.0,36.0,,,,,
2026,610144,Frank W Reilly Elementary School,61.0,57.0,55.0,51.0,62.0,69.0,57.0,53.0,51.0,46.0,62.0,53.0,54.0,70.0,,,51.0,,47.0,69.0,57.0,52.0,61.0,47.0,52.0,43.0,58.0,61.0,53.0,67.0,42.0,45.0,59.0,57.0,55.0,63.0,,37.0,64.0,59.0,58.0,58.0,43.0,71.0,56.0,51.0,46.0
2026,610145,Peter A Reinberg Elementary School,39.0,54.0,48.0,43.0,49.0,54.0,49.0,35.0,37.0,32.0,59.0,40.0,52.0,52.0,,,43.0,,33.0,66.0,34.0,54.0,60.0,56.0,56.0,40.0,48.0,34.0,35.0,42.0,38.0,46.0,50.0,47.0,53.0,50.0,,27.0,55.0,45.0,58.0,51.0,44.0,54.0,50.0,48.0,36.0
2026,610146,Paul Revere Elementary School,39.0,49.0,58.0,56.0,55.0,5.0,58.0,45.0,41.0,46.0,57.0,46.0,47.0,86.0,,,35.0,,45.0,58.0,54.0,37.0,52.0,68.0,15.0,30.0,45.0,45.0,49.0,27.0,49.0,36.0,29.0,32.0,43.0,27.0,,42.0,25.0,17.0,39.0,43.0,43.0,31.0,27.0,42.0,34.0
2026,610147,Philip Rogers Elementary School,50.0,50.0,36.0,41.0,46.0,,44.0,,,,46.0,,52.0,48.0,,,52.0,,,56.0,,,48.0,,,42.0,38.0,,,,,43.0,46.0,,51.0,56.0,,,54.0,,48.0,42.0,,,,,
2026,610148,Cesar E Chavez Multicultural Academic Center ES,91.0,59.0,54.0,52.0,60.0,80.0,54.0,57.0,69.0,73.0,59.0,74.0,57.0,64.0,,,43.0,,71.0,58.0,70.0,69.0,49.0,69.0,66.0,42.0,59.0,73.0,70.0,73.0,58.0,43.0,54.0,76.0,57.0,54.0,,71.0,63.0,75.0,60.0,57.0,82.0,84.0,73.0,69.0,68.0
2026,610152,Martha Ruggles Elementary School,71.0,71.0,73.0,74.0,72.0,56.0,76.0,67.0,57.0,65.0,75.0,47.0,62.0,76.0,,,47.0,,59.0,44.0,58.0,46.0,71.0,55.0,36.0,65.0,69.0,49.0,62.0,67.0,68.0,63.0,50.0,39.0,66.0,55.0,,41.0,62.0,50.0,65.0,64.0,40.0,51.0,46.0,39.0,54.0
2026,610153,William H Ryder Math & Science Specialty ES,61.0,83.0,62.0,57.0,62.0,36.0,59.0,59.0,50.0,43.0,60.0,51.0,57.0,76.0,,,45.0,,52.0,60.0,48.0,53.0,64.0,54.0,54.0,43.0,60.0,51.0,55.0,50.0,63.0,52.0,40.0,42.0,55.0,49.0,,48.0,49.0,38.0,41.0,51.0,48.0,45.0,50.0,55.0,53.0
2026,610155,Sauganash Elementary School,100.0,56.0,50.0,55.0,63.0,77.0,63.0,74.0,76.0,74.0,57.0,76.0,65.0,56.0,,,72.0,,78.0,89.0,78.0,79.0,54.0,86.0,71.0,64.0,61.0,74.0,72.0,86.0,66.0,58.0,74.0,84.0,66.0,84.0,,67.0,72.0,70.0,61.0,62.0,80.0,75.0,81.0,70.0,74.0
2026,610157,Sidney Sawyer Elementary School,50.0,47.0,36.0,38.0,52.0,56.0,42.0,70.0,52.0,47.0,38.0,42.0,43.0,59.0,,,43.0,,49.0,60.0,46.0,49.0,62.0,55.0,46.0,26.0,45.0,41.0,51.0,49.0,59.0,30.0,40.0,46.0,41.0,46.0,,45.0,51.0,46.0,38.0,40.0,41.0,61.0,45.0,38.0,44.0
2026,610158,Harriet E Sayre Elementary Language Academy,39.0,36.0,35.0,43.0,51.0,57.0,46.0,47.0,44.0,38.0,41.0,45.0,53.0,50.0,,,48.0,,41.0,64.0,50.0,48.0,54.0,47.0,49.0,33.0,28.0,39.0,52.0,56.0,36.0,33.0,41.0,43.0,44.0,53.0,,27.0,46.0,43.0,43.0,37.0,45.0,46.0,49.0,45.0,39.0
2026,610159,Jonathan Y Scammon Elementary School,61.0,63.0,57.0,55.0,58.0,61.0,59.0,49.0,48.0,41.0,62.0,53.0,58.0,73.0,,,50.0,,43.0,64.0,54.0,60.0,54.0,67.0,61.0,38.0,47.0,49.0,59.0,49.0,32.0,51.0,51.0,52.0,51.0,53.0,,38.0,58.0,54.0,57.0,53.0,59.0,58.0,52.0,51.0,37.0
2026,610163,Frederick Stock Elementary School,81.0,,,,,,,87.0,86.0,84.0,,89.0,,,,,,,87.0,,94.0,96.0,,99.0,89.0,,,90.0,98.0,,84.0,,,86.0,,,,76.0,,,,,99.0,93.0,99.0,74.0,76.0
2026,610165,Franz Peter Schubert Elementary School,50.0,62.0,54.0,34.0,50.0,37.0,37.0,52.0,45.0,38.0,,51.0,,57.0,,,,,51.0,,48.0,50.0,68.0,65.0,46.0,,45.0,60.0,56.0,42.0,33.0,51.0,38.0,35.0,45.0,,,49.0,51.0,28.0,46.0,46.0,64.0,53.0,38.0,33.0,46.0
2026,610167,William H Seward Communication Arts Academy ES,50.0,51.0,47.0,41.0,48.0,51.0,45.0,54.0,46.0,43.0,47.0,50.0,43.0,57.0,,,38.0,,51.0,71.0,49.0,56.0,55.0,62.0,54.0,20.0,44.0,54.0,49.0,40.0,40.0,37.0,42.0,46.0,51.0,57.0,,42.0,56.0,48.0,54.0,47.0,52.0,67.0,52.0,44.0,36.0
2026,610170,Columbia Explorers Elementary Academy,100.0,67.0,69.0,64.0,74.0,82.0,73.0,91.0,76.0,77.0,74.0,77.0,73.0,69.0,,,58.0,,71.0,68.0,83.0,84.0,65.0,86.0,79.0,52.0,63.0,75.0,82.0,98.0,86.0,56.0,69.0,67.0,69.0,75.0,,77.0,81.0,87.0,72.0,68.0,91.0,88.0,87.0,60.0,65.0
2026,610171,Arnold Mireles Elementary Academy,29.0,44.0,29.0,39.0,45.0,32.0,36.0,52.0,46.0,41.0,25.0,53.0,34.0,47.0,,,31.0,,48.0,50.0,60.0,38.0,43.0,51.0,29.0,26.0,39.0,56.0,57.0,50.0,33.0,28.0,28.0,36.0,36.0,36.0,,39.0,39.0,26.0,31.0,32.0,46.0,37.0,34.0,49.0,44.0
2026,610172,William T Sherman Elementary School,100.0,99.0,99.0,99.0,94.0,81.0,99.0,74.0,69.0,70.0,99.0,66.0,99.0,99.0,,,99.0,,75.0,75.0,75.0,73.0,99.0,79.0,71.0,99.0,99.0,63.0,79.0,79.0,77.0,99.0,99.0,51.0,99.0,99.0,,64.0,99.0,68.0,99.0,99.0,72.0,69.0,69.0,54.0,73.0
2026,610173,Jesse Sherwood Elementary School,100.0,65.0,58.0,76.0,63.0,48.0,59.0,64.0,62.0,66.0,66.0,66.0,61.0,51.0,,,58.0,,70.0,59.0,69.0,67.0,69.0,71.0,64.0,61.0,86.0,66.0,66.0,57.0,57.0,48.0,70.0,56.0,85.0,94.0,,61.0,80.0,55.0,73.0,72.0,70.0,55.0,66.0,57.0,59.0
2026,610174,James Shields Elementary School,81.0,86.0,76.0,44.0,60.0,74.0,50.0,50.0,56.0,45.0,,73.0,,69.0,,,,,59.0,,75.0,65.0,52.0,73.0,62.0,,68.0,73.0,74.0,73.0,49.0,60.0,19.0,64.0,50.0,,,24.0,70.0,58.0,70.0,58.0,77.0,63.0,60.0,68.0,45.0
2026,610175,Beulah Shoesmith Elementary School,19.0,54.0,45.0,46.0,45.0,39.0,42.0,42.0,28.0,15.0,47.0,35.0,60.0,43.0,,,47.0,,25.0,65.0,27.0,22.0,54.0,25.0,20.0,45.0,62.0,42.0,35.0,37.0,40.0,52.0,44.0,33.0,46.0,48.0,,27.0,50.0,27.0,38.0,47.0,43.0,45.0,22.0,27.0,15.0
2026,610176,John D Shoop Math-Science Technical Academy ES,50.0,41.0,34.0,32.0,42.0,36.0,31.0,78.0,63.0,53.0,26.0,59.0,37.0,41.0,,,31.0,,51.0,48.0,74.0,53.0,45.0,54.0,52.0,38.0,40.0,61.0,77.0,49.0,70.0,28.0,25.0,47.0,32.0,39.0,,69.0,33.0,30.0,19.0,30.0,45.0,33.0,53.0,57.0,60.0
2026,610177,Mark Skinner Elementary School,61.0,50.0,38.0,50.0,57.0,47.0,50.0,61.0,56.0,42.0,52.0,53.0,55.0,57.0,,,56.0,,55.0,63.0,57.0,73.0,49.0,80.0,74.0,53.0,49.0,50.0,69.0,73.0,57.0,61.0,46.0,51.0,57.0,51.0,,61.0,50.0,56.0,52.0,46.0,55.0,38.0,64.0,48.0,59.0
2026,610178,Theophilus Schmid Elementary School,71.0,53.0,34.0,45.0,56.0,48.0,43.0,74.0,67.0,60.0,44.0,66.0,37.0,52.0,,,35.0,,63.0,55.0,71.0,68.0,59.0,68.0,61.0,48.0,39.0,69.0,73.0,69.0,66.0,29.0,19.0,58.0,31.0,42.0,,54.0,34.0,50.0,20.0,28.0,69.0,51.0,76.0,56.0,70.0
2026,610179,Washington D Smyser Elementary School,61.0,52.0,42.0,41.0,52.0,44.0,57.0,55.0,54.0,52.0,42.0,60.0,51.0,60.0,,,48.0,,61.0,54.0,64.0,53.0,54.0,66.0,44.0,40.0,45.0,55.0,62.0,54.0,57.0,39.0,51.0,50.0,50.0,50.0,,38.0,53.0,48.0,52.0,48.0,62.0,46.0,49.0,60.0,49.0
2026,610180,John M Smyth Elementary School,50.0,58.0,48.0,50.0,56.0,32.0,47.0,72.0,56.0,50.0,42.0,60.0,39.0,74.0,,,35.0,,59.0,48.0,66.0,53.0,51.0,68.0,50.0,48.0,53.0,55.0,69.0,49.0,73.0,42.0,22.0,41.0,38.0,26.0,,56.0,35.0,46.0,32.0,39.0,58.0,40.0,41.0,60.0,50.0
2026,610182,Hannah G Solomon Elementary School,50.0,34.0,25.0,48.0,53.0,61.0,48.0,54.0,47.0,41.0,32.0,53.0,52.0,47.0,,,55.0,,37.0,44.0,51.0,55.0,60.0,52.0,57.0,35.0,52.0,59.0,58.0,55.0,46.0,50.0,50.0,48.0,48.0,56.0,,55.0,58.0,61.0,53.0,45.0,60.0,58.0,57.0,42.0,32.0
2026,610183,Spencer Technology Academy,39.0,67.0,54.0,53.0,49.0,30.0,47.0,57.0,46.0,35.0,52.0,45.0,56.0,54.0,,,38.0,,38.0,50.0,59.0,33.0,52.0,46.0,24.0,48.0,61.0,44.0,53.0,37.0,57.0,44.0,39.0,36.0,43.0,35.0,,60.0,46.0,31.0,43.0,49.0,38.0,32.0,28.0,40.0,47.0
2026,610184,John Spry Elementary Community School,19.0,50.0,42.0,32.0,45.0,47.0,47.0,15.0,27.0,33.0,34.0,15.0,49.0,62.0,,,41.0,,31.0,67.0,18.0,30.0,52.0,26.0,29.0,23.0,39.0,22.0,23.0,35.0,34.0,37.0,39.0,25.0,50.0,34.0,,33.0,45.0,42.0,43.0,41.0,10.0,37.0,36.0,10.0,39.0
2026,610185,Adlai E Stevenson Elementary School,50.0,49.0,38.0,43.0,51.0,,49.0,,,,44.0,,41.0,52.0,,,39.0,,,57.0,,,58.0,,,35.0,50.0,,,,,41.0,42.0,,45.0,48.0,,,51.0,,46.0,44.0,,,,,
2026,610188,Dunne Technology Academy,100.0,99.0,99.0,99.0,91.0,64.0,99.0,57.0,68.0,63.0,99.0,68.0,99.0,99.0,,,95.0,,71.0,99.0,81.0,65.0,99.0,75.0,52.0,83.0,99.0,69.0,79.0,68.0,54.0,99.0,99.0,75.0,99.0,99.0,,66.0,99.0,52.0,99.0,99.0,50.0,67.0,69.0,72.0,66.0
2026,610191,Stone Elementary Scholastic Academy,71.0,44.0,48.0,54.0,61.0,58.0,65.0,56.0,59.0,52.0,61.0,56.0,65.0,66.0,,,51.0,,43.0,66.0,47.0,60.0,64.0,59.0,55.0,63.0,40.0,68.0,66.0,58.0,58.0,54.0,63.0,56.0,60.0,81.0,,44.0,64.0,62.0,58.0,52.0,64.0,63.0,66.0,46.0,63.0
2026,610192,Harriet Beecher Stowe Elementary School,39.0,56.0,47.0,43.0,44.0,25.0,40.0,48.0,38.0,33.0,45.0,40.0,48.0,51.0,,,47.0,,42.0,52.0,37.0,46.0,51.0,50.0,48.0,28.0,50.0,44.0,44.0,31.0,52.0,33.0,37.0,31.0,48.0,45.0,,40.0,50.0,25.0,49.0,46.0,41.0,32.0,39.0,36.0,33.0
2026,610193,William K New Sullivan Elementary School,39.0,55.0,37.0,48.0,49.0,45.0,43.0,41.0,44.0,41.0,50.0,49.0,46.0,40.0,,,31.0,,44.0,47.0,49.0,49.0,56.0,60.0,44.0,23.0,44.0,53.0,51.0,50.0,47.0,39.0,36.0,46.0,40.0,56.0,,36.0,45.0,34.0,39.0,39.0,50.0,42.0,43.0,42.0,39.0
2026,610194,Charles Sumner Math & Science Community Acad ES,39.0,58.0,62.0,60.0,67.0,44.0,60.0,41.0,36.0,29.0,66.0,35.0,58.0,87.0,,,42.0,,44.0,60.0,27.0,49.0,69.0,45.0,49.0,65.0,64.0,36.0,39.0,53.0,33.0,54.0,47.0,36.0,47.0,49.0,,28.0,47.0,51.0,50.0,56.0,48.0,65.0,52.0,27.0,36.0
2026,610195,Elizabeth H Sutherland Elementary School,71.0,56.0,49.0,54.0,63.0,54.0,54.0,68.0,57.0,48.0,49.0,58.0,57.0,69.0,,,56.0,,58.0,51.0,59.0,65.0,60.0,75.0,61.0,58.0,53.0,52.0,52.0,67.0,68.0,44.0,52.0,54.0,51.0,52.0,,52.0,51.0,62.0,47.0,50.0,69.0,43.0,59.0,51.0,62.0
2026,610197,Mancel Talcott Elementary School,71.0,63.0,64.0,50.0,58.0,47.0,59.0,51.0,52.0,52.0,52.0,44.0,51.0,64.0,,,48.0,,63.0,53.0,43.0,65.0,66.0,65.0,57.0,34.0,64.0,51.0,41.0,51.0,52.0,62.0,57.0,58.0,65.0,63.0,,53.0,68.0,50.0,66.0,63.0,48.0,66.0,72.0,34.0,60.0
2026,610198,Douglas Taylor Elementary School,50.0,59.0,45.0,42.0,54.0,69.0,53.0,61.0,52.0,43.0,54.0,54.0,47.0,51.0,,,48.0,,48.0,62.0,58.0,52.0,53.0,60.0,43.0,28.0,63.0,50.0,58.0,71.0,48.0,39.0,52.0,63.0,59.0,63.0,,61.0,62.0,56.0,59.0,55.0,61.0,71.0,53.0,47.0,36.0
2026,610199,Johnnie Colemon Elementary Academy,71.0,41.0,54.0,43.0,56.0,93.0,48.0,64.0,77.0,88.0,45.0,76.0,63.0,45.0,,,40.0,,78.0,60.0,71.0,75.0,53.0,90.0,62.0,68.0,30.0,82.0,73.0,84.0,84.0,28.0,35.0,86.0,38.0,47.0,,68.0,43.0,83.0,17.0,34.0,77.0,89.0,73.0,73.0,75.0
2026,610200,James N Thorp Elementary School,39.0,73.0,49.0,65.0,56.0,39.0,62.0,42.0,43.0,41.0,66.0,55.0,67.0,86.0,,,46.0,,48.0,57.0,53.0,39.0,43.0,40.0,37.0,44.0,69.0,55.0,52.0,31.0,57.0,59.0,51.0,40.0,58.0,54.0,,44.0,53.0,38.0,53.0,56.0,55.0,45.0,41.0,55.0,41.0
2026,610201,Ole A Thorp Elementary Scholastic Academy,61.0,48.0,30.0,50.0,49.0,56.0,39.0,76.0,58.0,51.0,53.0,48.0,57.0,44.0,,,49.0,,54.0,56.0,52.0,70.0,42.0,74.0,70.0,51.0,42.0,42.0,52.0,60.0,61.0,54.0,49.0,60.0,49.0,63.0,,42.0,57.0,61.0,40.0,40.0,53.0,65.0,65.0,46.0,51.0
2026,610202,George W Tilton Elementary School,39.0,61.0,60.0,57.0,54.0,26.0,58.0,58.0,52.0,50.0,59.0,55.0,56.0,59.0,,,39.0,,48.0,58.0,56.0,30.0,53.0,44.0,18.0,46.0,58.0,44.0,52.0,46.0,63.0,52.0,30.0,40.0,49.0,37.0,,46.0,39.0,20.0,44.0,48.0,56.0,34.0,29.0,62.0,61.0
2026,610203,Monarcas Academy,50.0,56.0,51.0,42.0,56.0,57.0,50.0,46.0,41.0,37.0,,46.0,,60.0,,,,,39.0,,44.0,50.0,63.0,59.0,53.0,,51.0,51.0,54.0,59.0,49.0,42.0,39.0,47.0,47.0,,,7.0,55.0,34.0,50.0,48.0,50.0,71.0,38.0,37.0,19.0
2026,610206,Mark Twain Elementary School,50.0,57.0,48.0,51.0,53.0,51.0,53.0,49.0,52.0,54.0,46.0,42.0,46.0,51.0,,,47.0,,59.0,61.0,51.0,53.0,52.0,55.0,50.0,38.0,53.0,47.0,47.0,56.0,63.0,49.0,48.0,44.0,50.0,45.0,,39.0,57.0,55.0,48.0,49.0,37.0,45.0,54.0,32.0,64.0
2026,610207,John H Vanderpoel Elementary Magnet School,100.0,99.0,99.0,99.0,91.0,73.0,99.0,82.0,80.0,75.0,99.0,78.0,99.0,99.0,,,99.0,,76.0,99.0,85.0,88.0,99.0,85.0,87.0,99.0,99.0,85.0,86.0,68.0,67.0,99.0,99.0,77.0,99.0,96.0,,61.0,99.0,62.0,97.0,99.0,68.0,76.0,91.0,72.0,79.0
2026,610208,Mildred I Lavizzo Elementary School,61.0,81.0,71.0,76.0,68.0,36.0,75.0,53.0,45.0,31.0,91.0,39.0,84.0,80.0,,,60.0,,51.0,77.0,46.0,40.0,80.0,55.0,28.0,72.0,81.0,43.0,51.0,37.0,51.0,72.0,52.0,34.0,64.0,71.0,,30.0,59.0,33.0,58.0,66.0,33.0,37.0,36.0,34.0,58.0
2026,610209,Alessandro Volta Elementary School,39.0,52.0,48.0,41.0,53.0,49.0,48.0,39.0,40.0,36.0,43.0,38.0,49.0,60.0,,,40.0,,40.0,47.0,43.0,48.0,56.0,43.0,54.0,28.0,52.0,45.0,46.0,54.0,37.0,39.0,44.0,43.0,49.0,51.0,,32.0,55.0,45.0,53.0,49.0,36.0,53.0,47.0,28.0,38.0
2026,610212,Albany Park Multicultural Academy,81.0,70.0,58.0,53.0,61.0,45.0,51.0,80.0,69.0,73.0,59.0,55.0,71.0,87.0,,,41.0,,68.0,55.0,50.0,65.0,61.0,65.0,67.0,22.0,58.0,49.0,66.0,41.0,86.0,39.0,55.0,44.0,71.0,52.0,,38.0,59.0,34.0,65.0,59.0,69.0,71.0,62.0,51.0,84.0
2026,610213,James Wadsworth Elementary School,61.0,66.0,60.0,61.0,58.0,37.0,57.0,48.0,52.0,43.0,65.0,61.0,57.0,60.0,,,36.0,,52.0,64.0,66.0,45.0,63.0,55.0,39.0,52.0,54.0,61.0,62.0,46.0,56.0,44.0,41.0,49.0,52.0,42.0,,50.0,45.0,30.0,43.0,50.0,52.0,41.0,42.0,65.0,56.0
2026,610215,Francisco I Madero Middle School,100.0,94.0,77.0,82.0,86.0,78.0,77.0,80.0,73.0,71.0,76.0,68.0,74.0,95.0,,,42.0,,79.0,70.0,79.0,94.0,71.0,97.0,90.0,30.0,75.0,78.0,85.0,95.0,87.0,48.0,59.0,65.0,77.0,72.0,,56.0,73.0,71.0,73.0,71.0,75.0,80.0,94.0,41.0,62.0
2026,610216,John A Walsh Elementary School,50.0,49.0,41.0,41.0,48.0,59.0,45.0,63.0,58.0,52.0,37.0,55.0,46.0,49.0,,,43.0,,53.0,53.0,57.0,57.0,53.0,61.0,56.0,40.0,43.0,54.0,58.0,47.0,60.0,39.0,46.0,60.0,50.0,54.0,,54.0,52.0,39.0,52.0,46.0,55.0,82.0,53.0,52.0,55.0
2026,610217,James Ward Elementary School,61.0,58.0,48.0,45.0,56.0,59.0,55.0,55.0,54.0,58.0,62.0,50.0,67.0,51.0,,,57.0,,53.0,63.0,43.0,61.0,62.0,60.0,60.0,34.0,65.0,53.0,51.0,65.0,49.0,60.0,56.0,63.0,60.0,69.0,,35.0,67.0,62.0,51.0,55.0,55.0,72.0,62.0,47.0,44.0
2026,610218,Joseph Warren Elementary School,100.0,94.0,94.0,99.0,95.0,52.0,99.0,68.0,64.0,73.0,91.0,69.0,79.0,99.0,,,67.0,,77.0,89.0,72.0,62.0,99.0,68.0,57.0,68.0,79.0,71.0,61.0,81.0,73.0,64.0,84.0,58.0,91.0,76.0,,60.0,83.0,60.0,78.0,84.0,66.0,69.0,61.0,68.0,59.0
2026,610219,George Washington Elementary School,50.0,58.0,45.0,49.0,50.0,52.0,51.0,52.0,49.0,49.0,57.0,54.0,57.0,46.0,,,56.0,,55.0,46.0,51.0,54.0,43.0,58.0,49.0,53.0,46.0,62.0,44.0,60.0,53.0,48.0,72.0,60.0,60.0,79.0,,47.0,71.0,55.0,56.0,55.0,51.0,73.0,54.0,53.0,41.0
2026,610220,Thomas J Waters Elementary School,61.0,40.0,33.0,41.0,47.0,57.0,50.0,48.0,52.0,45.0,44.0,51.0,55.0,38.0,,,69.0,,51.0,68.0,44.0,65.0,58.0,68.0,65.0,62.0,48.0,60.0,53.0,51.0,52.0,47.0,65.0,53.0,60.0,76.0,,33.0,62.0,62.0,58.0,51.0,62.0,48.0,61.0,38.0,63.0
2026,610221,Daniel Webster Elementary School,100.0,68.0,74.0,74.0,65.0,52.0,59.0,82.0,73.0,73.0,59.0,79.0,50.0,59.0,,,40.0,,71.0,70.0,89.0,69.0,67.0,71.0,61.0,81.0,86.0,84.0,82.0,58.0,89.0,67.0,61.0,57.0,78.0,69.0,,76.0,64.0,65.0,70.0,73.0,80.0,55.0,75.0,64.0,73.0
2026,610223,Daniel S Wentworth Elementary School,39.0,42.0,35.0,32.0,40.0,,25.0,,,,40.0,,39.0,50.0,,,29.0,,,51.0,,,38.0,,,26.0,37.0,,,,,29.0,23.0,,35.0,35.0,,,36.0,,26.0,30.0,,,,,
2026,610225,John Whistler Elementary School,39.0,62.0,40.0,49.0,59.0,37.0,47.0,64.0,53.0,50.0,41.0,34.0,42.0,74.0,,,40.0,,83.0,36.0,35.0,40.0,63.0,30.0,38.0,65.0,44.0,45.0,37.0,51.0,63.0,51.0,39.0,30.0,46.0,46.0,,61.0,45.0,33.0,48.0,43.0,37.0,62.0,53.0,19.0,85.0
2026,610226,Socorro Sandoval Elementary School,71.0,45.0,43.0,38.0,60.0,57.0,46.0,70.0,60.0,65.0,,49.0,,73.0,,,,,72.0,,50.0,55.0,60.0,65.0,49.0,,55.0,53.0,58.0,67.0,63.0,37.0,30.0,47.0,40.0,,,35.0,49.0,56.0,41.0,42.0,52.0,67.0,52.0,40.0,59.0
2026,610227,Eli Whitney Elementary School,100.0,62.0,57.0,45.0,63.0,68.0,53.0,83.0,66.0,57.0,63.0,70.0,54.0,66.0,,,40.0,,69.0,64.0,71.0,68.0,63.0,79.0,61.0,51.0,68.0,67.0,68.0,76.0,71.0,40.0,55.0,59.0,67.0,58.0,,56.0,73.0,56.0,71.0,63.0,79.0,68.0,65.0,62.0,64.0
2026,610228,John Greenleaf Whittier Elementary School,61.0,40.0,32.0,34.0,48.0,59.0,39.0,52.0,56.0,49.0,42.0,62.0,50.0,50.0,,,36.0,,51.0,42.0,61.0,53.0,51.0,67.0,45.0,27.0,59.0,68.0,63.0,55.0,34.0,52.0,46.0,60.0,52.0,52.0,,54.0,54.0,44.0,50.0,47.0,59.0,72.0,48.0,60.0,57.0
2026,610229,A.N. Pritzker School,81.0,37.0,41.0,43.0,47.0,70.0,51.0,78.0,68.0,57.0,50.0,66.0,56.0,38.0,,,52.0,,53.0,57.0,70.0,70.0,34.0,72.0,72.0,59.0,58.0,59.0,68.0,72.0,64.0,54.0,61.0,71.0,57.0,68.0,,53.0,63.0,73.0,55.0,54.0,69.0,66.0,67.0,67.0,68.0
2026,610230,Wildwood IB World Magnet School,61.0,31.0,40.0,37.0,50.0,53.0,59.0,69.0,45.0,37.0,42.0,42.0,73.0,57.0,,,68.0,,43.0,59.0,43.0,66.0,53.0,64.0,71.0,67.0,46.0,51.0,41.0,54.0,41.0,40.0,63.0,42.0,58.0,73.0,,28.0,65.0,69.0,57.0,52.0,38.0,56.0,63.0,34.0,37.0
2026,610231,National Teachers Elementary Academy,39.0,47.0,37.0,54.0,55.0,41.0,52.0,41.0,42.0,36.0,46.0,49.0,43.0,64.0,,,38.0,,45.0,59.0,48.0,50.0,53.0,59.0,48.0,48.0,43.0,49.0,60.0,49.0,46.0,47.0,35.0,40.0,40.0,34.0,,45.0,34.0,37.0,31.0,37.0,55.0,46.0,43.0,45.0,31.0
2026,610234,Richard Yates Elementary School,29.0,50.0,38.0,44.0,43.0,27.0,43.0,38.0,39.0,30.0,44.0,44.0,42.0,47.0,,,38.0,,35.0,51.0,44.0,36.0,41.0,46.0,30.0,32.0,35.0,46.0,57.0,38.0,37.0,41.0,46.0,32.0,41.0,45.0,,23.0,28.0,27.0,48.0,42.0,39.0,43.0,32.0,45.0,38.0
2026,610235,Ella Flagg Young Elementary School,39.0,60.0,50.0,52.0,51.0,33.0,43.0,67.0,48.0,39.0,60.0,39.0,63.0,51.0,,,38.0,,41.0,58.0,53.0,43.0,41.0,44.0,40.0,52.0,54.0,35.0,42.0,59.0,57.0,41.0,35.0,49.0,50.0,43.0,,40.0,51.0,30.0,48.0,47.0,32.0,28.0,44.0,35.0,45.0
2026,610237,Ludwig Van Beethoven Elementary School,10.0,40.0,37.0,32.0,35.0,14.0,30.0,42.0,34.0,22.0,41.0,48.0,47.0,46.0,,,29.0,,45.0,47.0,59.0,29.0,34.0,37.0,26.0,31.0,33.0,54.0,52.0,28.0,33.0,30.0,26.0,20.0,30.0,35.0,,45.0,38.0,28.0,27.0,31.0,32.0,22.0,24.0,47.0,35.0
2026,610238,Carrie Jacobs Bond Elementary School,29.0,54.0,47.0,48.0,47.0,40.0,35.0,65.0,42.0,30.0,40.0,50.0,46.0,51.0,,,35.0,,49.0,52.0,57.0,35.0,42.0,54.0,22.0,37.0,39.0,45.0,48.0,47.0,38.0,27.0,28.0,29.0,34.0,28.0,,46.0,37.0,28.0,25.0,35.0,55.0,34.0,28.0,43.0,37.0
2026,610239,Richard J Daley Elementary Academy,39.0,,,,,51.0,,50.0,45.0,44.0,,34.0,,,,,,,48.0,,42.0,41.0,,43.0,34.0,,,34.0,38.0,42.0,36.0,,,51.0,,,,46.0,,47.0,,,36.0,60.0,46.0,25.0,42.0
2026,610242,Joseph Brennemann Elementary School,39.0,59.0,58.0,45.0,48.0,43.0,51.0,60.0,48.0,44.0,61.0,42.0,52.0,54.0,,,47.0,,48.0,69.0,41.0,38.0,60.0,43.0,33.0,39.0,60.0,38.0,45.0,33.0,57.0,40.0,48.0,33.0,54.0,56.0,,59.0,48.0,28.0,58.0,56.0,44.0,43.0,39.0,44.0,58.0
2026,610244,Michele Clark Academic Prep Magnet High School,71.0,72.0,64.0,57.0,63.0,40.0,59.0,65.0,57.0,49.0,56.0,57.0,59.0,66.0,52.0,,38.0,76.0,71.0,67.0,64.0,60.0,76.0,65.0,48.0,44.0,,47.0,75.0,51.0,68.0,59.0,44.0,51.0,58.0,45.0,60.0,47.0,57.0,32.0,53.0,52.0,63.0,53.0,68.0,52.0,47.0
2026,610245,Frederick A Douglass Academy High School,71.0,99.0,92.0,75.0,83.0,48.0,68.0,59.0,59.0,50.0,84.0,58.0,66.0,99.0,,,35.0,90.0,50.0,81.0,60.0,44.0,98.0,51.0,,59.0,,60.0,87.0,60.0,34.0,53.0,62.0,57.0,70.0,63.0,85.0,53.0,75.0,43.0,59.0,69.0,42.0,77.0,37.0,68.0,44.0
2026,610246,Edward Beasley Elementary Magnet Academic Center,39.0,51.0,43.0,56.0,57.0,36.0,52.0,49.0,47.0,40.0,50.0,49.0,55.0,60.0,,,41.0,,48.0,41.0,56.0,50.0,57.0,54.0,50.0,54.0,45.0,46.0,51.0,54.0,45.0,46.0,31.0,42.0,39.0,37.0,,39.0,38.0,37.0,32.0,38.0,46.0,39.0,47.0,47.0,52.0
2026,610248,Chicago Academy Elementary School,61.0,39.0,44.0,42.0,50.0,57.0,49.0,61.0,57.0,53.0,50.0,62.0,48.0,60.0,,,53.0,,60.0,59.0,70.0,55.0,43.0,50.0,51.0,56.0,39.0,73.0,64.0,56.0,40.0,40.0,55.0,60.0,53.0,56.0,,52.0,57.0,62.0,54.0,48.0,57.0,52.0,63.0,48.0,47.0
2026,610249,Talman Elementary School,61.0,45.0,54.0,54.0,53.0,54.0,55.0,49.0,49.0,47.0,55.0,49.0,49.0,58.0,,,44.0,,55.0,68.0,47.0,60.0,52.0,54.0,60.0,35.0,42.0,49.0,47.0,47.0,42.0,33.0,51.0,41.0,42.0,62.0,,43.0,60.0,51.0,47.0,49.0,60.0,67.0,65.0,38.0,63.0
2026,610250,Ruben Salazar Elementary Bilingual Center,61.0,62.0,69.0,51.0,53.0,33.0,46.0,58.0,50.0,38.0,66.0,55.0,53.0,72.0,,,40.0,,49.0,55.0,60.0,48.0,62.0,62.0,43.0,42.0,58.0,52.0,51.0,27.0,51.0,45.0,55.0,44.0,57.0,75.0,,53.0,65.0,35.0,61.0,61.0,57.0,53.0,38.0,50.0,58.0
2026,610251,Willa Cather Elementary School,71.0,65.0,56.0,64.0,55.0,42.0,54.0,81.0,71.0,65.0,59.0,70.0,63.0,57.0,,,44.0,,71.0,57.0,79.0,55.0,52.0,66.0,50.0,46.0,57.0,75.0,80.0,47.0,75.0,46.0,42.0,62.0,50.0,34.0,,74.0,39.0,39.0,44.0,50.0,70.0,52.0,50.0,56.0,68.0
2026,610252,Robert Nathaniel Dett Elementary School,61.0,59.0,33.0,40.0,46.0,42.0,32.0,82.0,61.0,51.0,42.0,62.0,43.0,46.0,,,33.0,,56.0,48.0,63.0,57.0,47.0,62.0,54.0,33.0,33.0,53.0,66.0,51.0,72.0,35.0,27.0,51.0,37.0,31.0,,56.0,35.0,41.0,20.0,28.0,68.0,44.0,56.0,64.0,57.0
2026,610254,Dvorak Technology Academy,29.0,49.0,37.0,47.0,50.0,28.0,42.0,43.0,44.0,43.0,48.0,48.0,40.0,66.0,,,41.0,,53.0,52.0,57.0,31.0,55.0,32.0,26.0,49.0,55.0,47.0,52.0,30.0,53.0,41.0,29.0,29.0,42.0,49.0,,60.0,40.0,38.0,30.0,38.0,40.0,29.0,36.0,49.0,55.0
2026,610256,Jackie Robinson Elementary School,39.0,,,,,,,69.0,51.0,32.0,,54.0,,,,,,,61.0,,56.0,38.0,,47.0,33.0,,,59.0,61.0,,65.0,,,48.0,,,,44.0,,,,,57.0,59.0,34.0,45.0,45.0
2026,610257,Morton School of Excellence,10.0,44.0,36.0,40.0,44.0,34.0,36.0,42.0,30.0,30.0,45.0,28.0,54.0,48.0,,,38.0,,15.0,49.0,12.0,38.0,44.0,38.0,37.0,40.0,32.0,32.0,27.0,44.0,43.0,35.0,37.0,23.0,42.0,43.0,,24.0,43.0,38.0,35.0,35.0,47.0,32.0,40.0,19.0,27.0
2026,610263,John Foster Dulles Elementary School,19.0,54.0,37.0,45.0,39.0,18.0,32.0,72.0,47.0,34.0,36.0,46.0,40.0,39.0,,,40.0,,38.0,58.0,58.0,30.0,43.0,40.0,23.0,26.0,48.0,43.0,54.0,27.0,68.0,34.0,24.0,24.0,40.0,36.0,,66.0,40.0,15.0,27.0,34.0,32.0,19.0,28.0,51.0,51.0
2026,610268,Arthur R Ashe Elementary School,19.0,57.0,49.0,55.0,49.0,29.0,44.0,39.0,31.0,25.0,55.0,36.0,50.0,49.0,,,40.0,,37.0,49.0,37.0,32.0,47.0,41.0,28.0,36.0,50.0,39.0,41.0,44.0,44.0,46.0,35.0,25.0,44.0,41.0,,32.0,50.0,27.0,39.0,43.0,35.0,29.0,27.0,32.0,27.0
2026,610269,John T McCutcheon Elementary School,71.0,60.0,60.0,54.0,61.0,58.0,61.0,64.0,57.0,56.0,54.0,55.0,67.0,70.0,,,56.0,,54.0,61.0,56.0,57.0,59.0,61.0,50.0,54.0,69.0,51.0,67.0,61.0,66.0,49.0,64.0,53.0,64.0,52.0,,50.0,62.0,57.0,57.0,63.0,61.0,57.0,59.0,51.0,47.0
2026,610271,Jensen Elementary Scholastic Academy,71.0,70.0,55.0,61.0,60.0,40.0,55.0,50.0,56.0,63.0,69.0,61.0,59.0,71.0,,,37.0,,74.0,68.0,64.0,45.0,61.0,60.0,31.0,60.0,50.0,67.0,62.0,47.0,64.0,47.0,47.0,57.0,53.0,47.0,,41.0,40.0,31.0,38.0,48.0,56.0,49.0,44.0,56.0,50.0
2026,610274,James Weldon Johnson STEAM Elementary School,39.0,63.0,50.0,47.0,51.0,38.0,47.0,57.0,46.0,37.0,31.0,49.0,44.0,59.0,,,35.0,,43.0,58.0,53.0,37.0,56.0,46.0,35.0,41.0,60.0,56.0,43.0,43.0,48.0,53.0,41.0,37.0,55.0,44.0,,37.0,42.0,48.0,48.0,50.0,46.0,37.0,31.0,39.0,58.0
2026,610276,Irvin C Mollison Elementary School,39.0,54.0,52.0,50.0,49.0,37.0,46.0,48.0,38.0,31.0,51.0,44.0,53.0,66.0,,,37.0,,50.0,54.0,42.0,43.0,46.0,59.0,39.0,43.0,55.0,53.0,54.0,35.0,35.0,39.0,34.0,31.0,40.0,34.0,,34.0,33.0,26.0,44.0,46.0,46.0,31.0,32.0,34.0,28.0
2026,610279,Henry O Tanner Elementary School,29.0,45.0,33.0,48.0,47.0,32.0,32.0,56.0,48.0,45.0,33.0,52.0,28.0,53.0,,,30.0,,44.0,43.0,54.0,38.0,44.0,53.0,27.0,23.0,40.0,52.0,57.0,43.0,67.0,31.0,26.0,36.0,27.0,36.0,,41.0,32.0,21.0,30.0,32.0,48.0,30.0,33.0,53.0,47.0
2026,610281,Adam Clayton Powell Paideia Community Academy ES,39.0,62.0,57.0,53.0,47.0,23.0,51.0,57.0,43.0,37.0,54.0,39.0,55.0,53.0,,,34.0,,42.0,57.0,48.0,40.0,50.0,52.0,30.0,44.0,44.0,38.0,52.0,32.0,44.0,47.0,31.0,32.0,40.0,37.0,,37.0,36.0,24.0,38.0,43.0,34.0,33.0,38.0,36.0,37.0
2026,610282,Ronald E McNair Elementary School,71.0,99.0,81.0,79.0,72.0,58.0,79.0,43.0,43.0,38.0,86.0,46.0,84.0,95.0,,,61.0,,44.0,88.0,49.0,46.0,75.0,41.0,49.0,82.0,85.0,49.0,52.0,38.0,42.0,65.0,66.0,45.0,78.0,49.0,,41.0,72.0,35.0,77.0,77.0,42.0,61.0,47.0,42.0,36.0
2026,610284,New Field Elementary School,39.0,56.0,43.0,51.0,48.0,42.0,37.0,54.0,52.0,44.0,,57.0,,44.0,,,,,48.0,,53.0,58.0,49.0,74.0,48.0,,36.0,56.0,63.0,49.0,56.0,46.0,36.0,44.0,44.0,,,50.0,45.0,50.0,37.0,38.0,72.0,33.0,53.0,47.0,54.0
2026,610287,Ashburn Community Elementary School,71.0,63.0,64.0,71.0,60.0,50.0,68.0,52.0,51.0,50.0,61.0,50.0,49.0,58.0,,,44.0,,64.0,46.0,52.0,51.0,72.0,57.0,45.0,53.0,63.0,51.0,62.0,40.0,49.0,52.0,54.0,55.0,54.0,54.0,,57.0,51.0,41.0,58.0,60.0,45.0,59.0,50.0,51.0,37.0
2026,610290,Benjamin E Mays Elementary Academy,39.0,69.0,63.0,57.0,57.0,36.0,55.0,56.0,50.0,43.0,65.0,52.0,48.0,67.0,,,30.0,,54.0,66.0,64.0,38.0,60.0,49.0,30.0,43.0,48.0,64.0,70.0,45.0,51.0,41.0,35.0,49.0,38.0,31.0,,34.0,35.0,21.0,38.0,46.0,30.0,49.0,36.0,49.0,34.0
2026,610291,Richard Henry Lee Elementary School,81.0,73.0,69.0,66.0,70.0,65.0,79.0,76.0,64.0,56.0,67.0,55.0,66.0,77.0,,,57.0,,63.0,75.0,61.0,56.0,79.0,61.0,51.0,56.0,54.0,54.0,67.0,57.0,58.0,58.0,66.0,60.0,67.0,66.0,,65.0,68.0,51.0,72.0,65.0,53.0,70.0,55.0,53.0,62.0
2026,610293,Genevieve Melody Elementary School,39.0,71.0,58.0,60.0,54.0,42.0,55.0,45.0,46.0,44.0,63.0,49.0,61.0,68.0,,,43.0,,39.0,64.0,49.0,35.0,57.0,46.0,26.0,48.0,74.0,53.0,53.0,32.0,51.0,63.0,36.0,44.0,56.0,43.0,,34.0,53.0,31.0,51.0,55.0,44.0,47.0,34.0,50.0,44.0
2026,610295,Thomas J Higgins Elementary Community Academy,71.0,49.0,56.0,54.0,59.0,34.0,52.0,75.0,70.0,77.0,45.0,72.0,44.0,60.0,,,37.0,,73.0,70.0,82.0,69.0,66.0,75.0,68.0,38.0,47.0,63.0,71.0,56.0,91.0,23.0,27.0,51.0,34.0,34.0,,75.0,29.0,48.0,25.0,39.0,78.0,41.0,65.0,64.0,77.0
2026,610298,Lenart Elementary Regional Gifted Center,71.0,30.0,35.0,47.0,60.0,57.0,60.0,39.0,40.0,33.0,54.0,50.0,45.0,50.0,,,46.0,,39.0,70.0,51.0,71.0,63.0,77.0,75.0,47.0,33.0,55.0,54.0,79.0,33.0,34.0,57.0,47.0,50.0,76.0,,31.0,52.0,71.0,45.0,43.0,48.0,61.0,60.0,44.0,29.0
2026,610299,Dr. Martin Luther King Jr Academy of Social Justice,39.0,44.0,51.0,51.0,57.0,,37.0,,,,41.0,,31.0,55.0,,,32.0,,,61.0,,,66.0,,,34.0,33.0,,,,,23.0,26.0,,35.0,39.0,,,21.0,,28.0,35.0,,,,,
2026,610300,Oliver S Westcott Elementary School,29.0,47.0,39.0,45.0,45.0,30.0,40.0,42.0,41.0,35.0,43.0,46.0,51.0,59.0,,,30.0,,43.0,46.0,49.0,31.0,48.0,34.0,26.0,43.0,48.0,39.0,48.0,27.0,33.0,30.0,28.0,37.0,34.0,37.0,,47.0,36.0,24.0,31.0,37.0,30.0,39.0,34.0,65.0,44.0
2026,610304,Phoenix Military Academy High School,50.0,70.0,60.0,57.0,57.0,28.0,52.0,46.0,43.0,45.0,49.0,45.0,62.0,68.0,49.0,,32.0,62.0,55.0,48.0,45.0,45.0,74.0,52.0,43.0,35.0,,50.0,46.0,29.0,36.0,52.0,48.0,38.0,57.0,50.0,58.0,23.0,61.0,25.0,48.0,51.0,41.0,42.0,39.0,44.0,41.0
2026,610305,George Leland Elementary School,71.0,61.0,50.0,53.0,54.0,43.0,45.0,69.0,67.0,62.0,59.0,70.0,61.0,60.0,,,47.0,,65.0,50.0,78.0,54.0,53.0,68.0,46.0,46.0,60.0,70.0,74.0,51.0,83.0,52.0,41.0,63.0,56.0,46.0,,70.0,47.0,44.0,45.0,49.0,62.0,57.0,49.0,70.0,67.0
2026,610308,Wilma Rudolph Elementary Learning Center,50.0,,,,,42.0,,44.0,43.0,27.0,,53.0,,,,,,,29.0,,55.0,47.0,,62.0,40.0,,,47.0,59.0,1.0,48.0,,,55.0,,,,43.0,,32.0,,,58.0,71.0,38.0,51.0,28.0
2026,610312,Mary E McDowell Elementary School,100.0,72.0,72.0,77.0,87.0,,70.0,52.0,68.0,72.0,,66.0,,99.0,,,,,79.0,,67.0,62.0,84.0,70.0,57.0,,67.0,67.0,77.0,,43.0,65.0,59.0,63.0,59.0,,,58.0,53.0,,69.0,67.0,70.0,79.0,58.0,59.0,76.0
2026,610313,Jose De Diego Elementary Community Academy,29.0,47.0,33.0,39.0,36.0,,30.0,,,,37.0,,37.0,44.0,,,34.0,,,39.0,,,26.0,,,19.0,39.0,,,,,32.0,38.0,,38.0,34.0,,,34.0,,27.0,34.0,,,,,
2026,610315,Edward White Elementary Career Academy,81.0,59.0,62.0,65.0,60.0,36.0,52.0,55.0,60.0,58.0,70.0,60.0,58.0,65.0,,,42.0,,82.0,54.0,61.0,51.0,55.0,55.0,44.0,45.0,54.0,69.0,65.0,56.0,41.0,39.0,38.0,53.0,52.0,49.0,,31.0,36.0,57.0,41.0,49.0,62.0,46.0,53.0,47.0,67.0
2026,610316,Amelia Earhart Options for Knowledge ES,81.0,41.0,37.0,49.0,63.0,78.0,46.0,63.0,69.0,76.0,56.0,61.0,52.0,63.0,,,43.0,,81.0,62.0,59.0,67.0,51.0,63.0,64.0,52.0,29.0,59.0,63.0,87.0,62.0,37.0,38.0,67.0,40.0,44.0,,43.0,39.0,72.0,26.0,33.0,65.0,75.0,73.0,60.0,77.0
2026,610317,Brighton Park Elementary School,71.0,58.0,46.0,42.0,45.0,57.0,45.0,61.0,60.0,45.0,52.0,63.0,53.0,44.0,,,39.0,,54.0,64.0,64.0,57.0,43.0,74.0,42.0,39.0,49.0,66.0,72.0,49.0,48.0,41.0,46.0,64.0,49.0,53.0,,51.0,55.0,51.0,55.0,49.0,59.0,63.0,56.0,62.0,57.0
2026,610319,Evergreen Academy Middle School,100.0,99.0,87.0,83.0,89.0,70.0,93.0,74.0,76.0,81.0,87.0,78.0,99.0,99.0,,,59.0,,91.0,68.0,80.0,81.0,81.0,93.0,69.0,49.0,97.0,85.0,91.0,93.0,67.0,55.0,85.0,75.0,99.0,99.0,,54.0,98.0,68.0,91.0,90.0,81.0,82.0,82.0,66.0,61.0
2026,610323,Bowen High School,50.0,71.0,57.0,38.0,56.0,31.0,43.0,60.0,51.0,47.0,51.0,50.0,48.0,59.0,52.0,,30.0,75.0,64.0,52.0,50.0,51.0,63.0,54.0,54.0,32.0,,53.0,51.0,62.0,57.0,55.0,30.0,40.0,48.0,44.0,56.0,48.0,51.0,39.0,43.0,45.0,53.0,40.0,45.0,44.0,58.0
2026,610325,Avondale-Logandale Elementary School,50.0,71.0,57.0,58.0,58.0,62.0,66.0,54.0,47.0,41.0,61.0,48.0,58.0,59.0,,,51.0,,59.0,65.0,47.0,51.0,49.0,57.0,47.0,33.0,60.0,45.0,48.0,65.0,51.0,53.0,52.0,50.0,62.0,60.0,,42.0,67.0,57.0,58.0,57.0,58.0,62.0,48.0,40.0,42.0
2026,610329,Orozco Fine Arts & Sciences Elementary School,81.0,54.0,46.0,54.0,60.0,59.0,59.0,61.0,62.0,60.0,52.0,57.0,55.0,62.0,,,48.0,,59.0,84.0,63.0,70.0,53.0,71.0,72.0,46.0,55.0,54.0,73.0,69.0,45.0,39.0,56.0,67.0,60.0,68.0,,48.0,65.0,79.0,54.0,53.0,56.0,74.0,67.0,54.0,50.0
2026,610334,Al Raby High School,39.0,54.0,67.0,47.0,49.0,37.0,49.0,60.0,46.0,34.0,48.0,48.0,60.0,52.0,44.0,,34.0,74.0,45.0,55.0,53.0,32.0,46.0,33.0,27.0,53.0,,48.0,59.0,50.0,47.0,49.0,46.0,32.0,64.0,60.0,62.0,33.0,65.0,48.0,53.0,51.0,54.0,62.0,35.0,36.0,46.0
2026,610339,Amos Alonzo Stagg Elementary School,39.0,48.0,47.0,45.0,46.0,42.0,50.0,58.0,41.0,32.0,50.0,40.0,46.0,43.0,,,31.0,,48.0,38.0,49.0,32.0,45.0,43.0,18.0,52.0,54.0,52.0,47.0,51.0,35.0,36.0,40.0,30.0,44.0,38.0,,45.0,43.0,31.0,48.0,47.0,31.0,46.0,35.0,29.0,37.0
2026,610340,Chicago Academy High School,81.0,65.0,54.0,65.0,65.0,48.0,66.0,80.0,58.0,48.0,56.0,63.0,63.0,75.0,70.0,,50.0,73.0,58.0,70.0,67.0,56.0,70.0,62.0,51.0,45.0,,65.0,65.0,51.0,56.0,55.0,56.0,52.0,64.0,58.0,75.0,54.0,73.0,43.0,67.0,67.0,63.0,53.0,55.0,55.0,43.0
2026,610342,Albert R Sabin Elementary Magnet School,50.0,48.0,46.0,40.0,48.0,52.0,40.0,43.0,51.0,42.0,35.0,58.0,43.0,44.0,,,38.0,,44.0,42.0,59.0,58.0,40.0,65.0,51.0,31.0,38.0,56.0,64.0,66.0,60.0,30.0,36.0,53.0,44.0,39.0,,45.0,43.0,45.0,45.0,41.0,57.0,54.0,58.0,60.0,54.0
2026,610345,Carter G Woodson South Elementary School,71.0,65.0,63.0,63.0,68.0,37.0,66.0,68.0,56.0,45.0,52.0,62.0,55.0,80.0,,,44.0,,50.0,53.0,70.0,50.0,71.0,62.0,38.0,49.0,64.0,56.0,71.0,59.0,69.0,46.0,42.0,49.0,54.0,41.0,,49.0,50.0,39.0,59.0,57.0,58.0,42.0,49.0,65.0,47.0
2026,610347,Claremont STEM Magnet Elementary School,100.0,99.0,99.0,99.0,93.0,72.0,99.0,63.0,61.0,52.0,99.0,60.0,99.0,99.0,,,99.0,,62.0,99.0,64.0,65.0,99.0,79.0,56.0,99.0,99.0,67.0,75.0,74.0,59.0,99.0,92.0,56.0,99.0,99.0,,52.0,99.0,76.0,92.0,96.0,59.0,59.0,59.0,48.0,61.0
2026,610350,Robert A Black Magnet Elementary School,100.0,97.0,82.0,99.0,93.0,64.0,94.0,73.0,69.0,67.0,82.0,64.0,81.0,91.0,,,62.0,,63.0,88.0,71.0,78.0,99.0,88.0,75.0,85.0,99.0,64.0,82.0,81.0,70.0,94.0,79.0,65.0,89.0,64.0,,68.0,81.0,66.0,77.0,84.0,66.0,67.0,72.0,55.0,56.0
2026,610352,Durkin Park Elementary School,71.0,69.0,60.0,57.0,58.0,58.0,64.0,60.0,54.0,47.0,64.0,55.0,59.0,65.0,,,58.0,,51.0,47.0,61.0,61.0,59.0,59.0,62.0,55.0,63.0,58.0,63.0,50.0,48.0,57.0,55.0,55.0,55.0,54.0,,54.0,61.0,53.0,60.0,60.0,48.0,61.0,61.0,52.0,47.0
2026,610353,Calmeca Academy of Fine Arts and Dual Language,81.0,50.0,48.0,46.0,55.0,54.0,51.0,65.0,62.0,60.0,52.0,64.0,61.0,65.0,,,44.0,,65.0,66.0,73.0,65.0,56.0,69.0,63.0,47.0,61.0,55.0,61.0,53.0,63.0,40.0,56.0,67.0,58.0,55.0,,65.0,61.0,47.0,60.0,56.0,62.0,67.0,62.0,66.0,58.0
2026,610354,North River Elementary School,81.0,63.0,61.0,50.0,57.0,59.0,56.0,51.0,62.0,62.0,61.0,65.0,50.0,66.0,,,51.0,,57.0,61.0,68.0,66.0,47.0,68.0,61.0,44.0,61.0,66.0,74.0,66.0,65.0,53.0,51.0,65.0,63.0,60.0,,54.0,59.0,50.0,59.0,58.0,65.0,71.0,69.0,60.0,56.0
2026,610355,Mary E Courtenay Elementary Language Arts Center,50.0,47.0,42.0,46.0,54.0,34.0,52.0,52.0,48.0,50.0,45.0,49.0,52.0,70.0,,,47.0,,44.0,65.0,52.0,47.0,62.0,54.0,43.0,55.0,52.0,57.0,55.0,37.0,52.0,32.0,56.0,40.0,53.0,68.0,,50.0,56.0,44.0,53.0,51.0,50.0,54.0,43.0,37.0,45.0
2026,610357,Spry Community Links High School,10.0,49.0,46.0,28.0,39.0,14.0,38.0,59.0,34.0,37.0,26.0,13.0,54.0,62.0,38.0,,46.0,68.0,50.0,42.0,9.0,24.0,52.0,24.0,19.0,18.0,,20.0,13.0,15.0,57.0,36.0,40.0,20.0,58.0,51.0,54.0,38.0,50.0,29.0,51.0,46.0,15.0,17.0,28.0,7.0,41.0
2026,610362,Medgar Evers Elementary School,61.0,44.0,34.0,52.0,51.0,28.0,46.0,54.0,60.0,49.0,43.0,65.0,47.0,58.0,,,47.0,,65.0,61.0,72.0,51.0,58.0,70.0,39.0,30.0,31.0,66.0,77.0,35.0,61.0,23.0,30.0,54.0,32.0,38.0,,58.0,26.0,31.0,24.0,30.0,63.0,45.0,43.0,60.0,65.0
2026,610363,Walt Disney Magnet Elementary School,61.0,63.0,50.0,64.0,64.0,46.0,73.0,52.0,52.0,51.0,61.0,54.0,61.0,54.0,,,49.0,,52.0,68.0,54.0,55.0,76.0,56.0,55.0,52.0,56.0,49.0,54.0,61.0,61.0,62.0,50.0,43.0,54.0,54.0,,51.0,53.0,51.0,52.0,52.0,59.0,41.0,53.0,55.0,59.0
2026,610364,William E B Dubois Elementary School,100.0,99.0,99.0,99.0,96.0,70.0,99.0,87.0,71.0,67.0,84.0,75.0,80.0,99.0,,,74.0,,66.0,81.0,85.0,70.0,99.0,76.0,70.0,57.0,99.0,66.0,86.0,88.0,63.0,99.0,73.0,59.0,97.0,65.0,,59.0,98.0,55.0,71.0,86.0,77.0,69.0,65.0,73.0,55.0
2026,610366,Charles H Wacker Elementary School,81.0,71.0,56.0,69.0,70.0,70.0,63.0,47.0,48.0,55.0,70.0,48.0,87.0,68.0,,,63.0,,50.0,81.0,56.0,62.0,56.0,55.0,61.0,77.0,64.0,52.0,46.0,88.0,39.0,46.0,65.0,41.0,58.0,61.0,,43.0,53.0,57.0,56.0,60.0,47.0,70.0,69.0,36.0,52.0
2026,610367,Oscar DePriest Elementary School,0.0,39.0,30.0,37.0,33.0,11.0,25.0,31.0,19.0,15.0,42.0,19.0,41.0,31.0,,,35.0,,23.0,52.0,14.0,23.0,44.0,18.0,26.0,42.0,42.0,20.0,19.0,21.0,29.0,27.0,10.0,15.0,30.0,28.0,,26.0,30.0,14.0,12.0,24.0,28.0,7.0,26.0,15.0,17.0
2026,610368,Langston Hughes Elementary School,19.0,43.0,42.0,40.0,44.0,21.0,37.0,49.0,35.0,25.0,42.0,45.0,47.0,55.0,,,38.0,,39.0,51.0,44.0,36.0,46.0,52.0,26.0,39.0,33.0,47.0,46.0,34.0,43.0,34.0,20.0,25.0,31.0,33.0,,48.0,30.0,22.0,32.0,32.0,52.0,17.0,30.0,35.0,29.0
2026,610369,Mahalia Jackson Elementary School,71.0,82.0,66.0,71.0,78.0,,69.0,,,,93.0,,96.0,88.0,,,54.0,,,73.0,,,75.0,,,96.0,73.0,,,,,54.0,58.0,,65.0,63.0,,,75.0,,58.0,64.0,,,,,
2026,610380,Daniel Hale Williams Prep School of Medicine,50.0,45.0,33.0,31.0,54.0,43.0,21.0,82.0,55.0,65.0,14.0,44.0,1.0,57.0,78.0,,27.0,33.0,55.0,39.0,54.0,46.0,50.0,40.0,57.0,20.0,,54.0,46.0,77.0,71.0,21.0,38.0,39.0,29.0,49.0,27.0,46.0,42.0,51.0,17.0,40.0,41.0,71.0,41.0,28.0,42.0
2026,610381,Bronzeville Scholastic Academy High School,91.0,70.0,61.0,51.0,68.0,44.0,55.0,62.0,62.0,59.0,63.0,66.0,54.0,64.0,59.0,,37.0,63.0,76.0,76.0,73.0,61.0,91.0,73.0,55.0,54.0,,70.0,74.0,65.0,67.0,55.0,59.0,50.0,49.0,65.0,60.0,51.0,56.0,42.0,42.0,55.0,61.0,57.0,55.0,58.0,63.0
2026,610383,Greater Lawndale High School For Social Justice,50.0,56.0,55.0,44.0,51.0,39.0,49.0,55.0,41.0,37.0,47.0,51.0,49.0,55.0,49.0,,40.0,58.0,42.0,62.0,61.0,50.0,58.0,54.0,50.0,39.0,,36.0,61.0,46.0,55.0,38.0,44.0,40.0,58.0,48.0,59.0,31.0,58.0,31.0,62.0,54.0,58.0,39.0,47.0,48.0,14.0
2026,610384,Infinity Math Science and Technology High School,71.0,65.0,54.0,48.0,61.0,61.0,63.0,54.0,40.0,31.0,54.0,54.0,64.0,66.0,53.0,,43.0,77.0,35.0,60.0,50.0,54.0,71.0,55.0,50.0,36.0,,41.0,48.0,57.0,49.0,50.0,51.0,51.0,68.0,53.0,70.0,31.0,73.0,54.0,64.0,60.0,72.0,71.0,56.0,52.0,18.0
2026,610385,Multicultural Arts High School,71.0,54.0,36.0,37.0,54.0,38.0,40.0,71.0,67.0,69.0,44.0,56.0,36.0,59.0,57.0,,30.0,58.0,75.0,44.0,68.0,62.0,63.0,67.0,56.0,20.0,,58.0,77.0,55.0,73.0,38.0,36.0,56.0,44.0,49.0,56.0,51.0,59.0,44.0,55.0,51.0,58.0,49.0,62.0,40.0,62.0
2026,610386,Peace & Education Coalition HS,61.0,64.0,59.0,39.0,62.0,52.0,56.0,75.0,60.0,66.0,53.0,54.0,40.0,70.0,46.0,,34.0,68.0,76.0,67.0,52.0,34.0,70.0,33.0,29.0,22.0,,58.0,55.0,67.0,75.0,53.0,62.0,45.0,60.0,76.0,57.0,54.0,84.0,54.0,64.0,57.0,63.0,56.0,41.0,43.0,60.0
2026,610389,Orr Academy High School,50.0,73.0,54.0,48.0,60.0,51.0,45.0,52.0,44.0,32.0,51.0,42.0,46.0,62.0,35.0,,34.0,68.0,43.0,55.0,46.0,36.0,70.0,34.0,43.0,24.0,,45.0,68.0,61.0,45.0,63.0,34.0,32.0,50.0,44.0,56.0,25.0,48.0,36.0,52.0,44.0,45.0,28.0,30.0,32.0,35.0
2026,610390,Hyman G Rickover Naval Academy High School,61.0,64.0,56.0,59.0,59.0,50.0,56.0,55.0,44.0,37.0,51.0,43.0,70.0,64.0,58.0,,49.0,72.0,35.0,58.0,42.0,59.0,63.0,61.0,65.0,49.0,,38.0,49.0,48.0,40.0,61.0,63.0,39.0,70.0,71.0,68.0,49.0,76.0,53.0,66.0,64.0,60.0,63.0,50.0,31.0,38.0
2026,610391,Robert Lindblom Math & Science Academy HS,81.0,57.0,49.0,68.0,69.0,62.0,71.0,72.0,53.0,45.0,60.0,47.0,50.0,73.0,89.0,,28.0,70.0,48.0,57.0,36.0,64.0,68.0,58.0,68.0,56.0,,48.0,45.0,68.0,57.0,57.0,45.0,51.0,52.0,60.0,68.0,53.0,68.0,54.0,48.0,63.0,62.0,64.0,65.0,40.0,53.0
2026,610392,World Language Academy High School,81.0,66.0,56.0,49.0,61.0,68.0,50.0,59.0,54.0,55.0,53.0,62.0,58.0,71.0,51.0,,38.0,66.0,60.0,64.0,67.0,67.0,62.0,80.0,57.0,34.0,,59.0,66.0,63.0,52.0,54.0,48.0,55.0,60.0,48.0,64.0,34.0,65.0,57.0,57.0,55.0,61.0,74.0,65.0,59.0,37.0
2026,610394,Uplift Community High School,61.0,77.0,71.0,65.0,61.0,24.0,73.0,73.0,49.0,36.0,61.0,53.0,49.0,73.0,45.0,,33.0,68.0,51.0,83.0,54.0,52.0,88.0,78.0,38.0,49.0,,52.0,58.0,19.0,62.0,44.0,35.0,33.0,43.0,50.0,67.0,47.0,46.0,24.0,44.0,48.0,60.0,37.0,41.0,44.0,46.0
2026,610396,Tarkington School of Excellence ES,50.0,50.0,44.0,40.0,49.0,,47.0,,,,40.0,,38.0,57.0,,,40.0,,,55.0,,,51.0,,,34.0,47.0,,,,,31.0,42.0,,43.0,47.0,,,47.0,,48.0,45.0,,,,,
2026,610402,DeVry University Advantage Academy HS,100.0,91.0,96.0,94.0,88.0,70.0,97.0,76.0,93.0,99.0,99.0,95.0,87.0,83.0,99.0,,49.0,96.0,99.0,63.0,99.0,84.0,86.0,80.0,82.0,81.0,,97.0,99.0,87.0,99.0,68.0,93.0,91.0,92.0,97.0,97.0,76.0,99.0,67.0,99.0,97.0,93.0,87.0,89.0,89.0,99.0
2026,610405,Suder Montessori Magnet ES,50.0,47.0,46.0,46.0,48.0,54.0,58.0,62.0,53.0,45.0,53.0,51.0,40.0,50.0,,,33.0,,41.0,57.0,50.0,60.0,42.0,60.0,63.0,51.0,34.0,42.0,58.0,54.0,50.0,41.0,31.0,52.0,44.0,41.0,,52.0,53.0,47.0,43.0,39.0,62.0,54.0,56.0,48.0,46.0
2026,610499,Collins Academy STEAM High School,91.0,85.0,71.0,85.0,77.0,58.0,79.0,79.0,72.0,69.0,80.0,69.0,68.0,65.0,58.0,,36.0,89.0,77.0,77.0,77.0,54.0,84.0,67.0,47.0,52.0,,61.0,81.0,74.0,80.0,62.0,50.0,69.0,57.0,57.0,78.0,39.0,69.0,60.0,58.0,61.0,75.0,65.0,48.0,64.0,64.0
2026,610503,Frazier Prospective IB Magnet ES,50.0,71.0,51.0,58.0,54.0,14.0,41.0,42.0,56.0,60.0,52.0,59.0,58.0,59.0,,,29.0,,79.0,68.0,66.0,52.0,58.0,55.0,48.0,48.0,56.0,56.0,65.0,41.0,60.0,44.0,40.0,49.0,40.0,34.0,,50.0,36.0,30.0,29.0,44.0,61.0,37.0,54.0,53.0,64.0
2026,610504,Velma F Thomas Early Childhood Center,50.0,,,,,,,33.0,30.0,32.0,,40.0,,,,,,,44.0,,38.0,64.0,,67.0,63.0,,,39.0,37.0,,51.0,,,38.0,,,,17.0,,,,,60.0,71.0,63.0,24.0,10.0
2026,610513,Air Force Academy High School,29.0,93.0,70.0,61.0,59.0,39.0,62.0,64.0,40.0,40.0,52.0,28.0,85.0,59.0,44.0,,52.0,82.0,38.0,62.0,32.0,34.0,72.0,25.0,34.0,45.0,,34.0,44.0,45.0,36.0,73.0,47.0,15.0,70.0,41.0,60.0,30.0,57.0,29.0,58.0,52.0,24.0,45.0,43.0,22.0,35.0
2026,610515,Disney II Magnet School,50.0,42.0,35.0,42.0,44.0,,54.0,,,,50.0,,57.0,42.0,,,55.0,,,57.0,,,48.0,,,71.0,35.0,,,,,40.0,55.0,,50.0,71.0,,,53.0,,47.0,43.0,,,,,
2026,610518,Austin College and Career Academy High School,29.0,67.0,49.0,35.0,49.0,31.0,36.0,59.0,38.0,27.0,47.0,42.0,45.0,54.0,51.0,,31.0,48.0,28.0,58.0,41.0,34.0,72.0,43.0,33.0,29.0,,45.0,44.0,33.0,36.0,51.0,42.0,26.0,54.0,47.0,46.0,32.0,49.0,32.0,49.0,47.0,48.0,52.0,27.0,35.0,33.0
2026,610520,LaSalle II Magnet Elementary School,81.0,43.0,41.0,54.0,51.0,63.0,55.0,58.0,60.0,48.0,52.0,72.0,66.0,44.0,,,54.0,,52.0,68.0,67.0,69.0,41.0,84.0,62.0,72.0,54.0,72.0,67.0,65.0,43.0,65.0,56.0,70.0,55.0,66.0,,32.0,59.0,70.0,53.0,51.0,73.0,66.0,61.0,75.0,59.0
2026,610521,Sir Miles Davis Magnet Elementary Academy,71.0,91.0,99.0,99.0,92.0,65.0,99.0,37.0,47.0,49.0,99.0,52.0,69.0,99.0,,,41.0,,62.0,66.0,54.0,47.0,99.0,43.0,41.0,60.0,75.0,58.0,57.0,69.0,41.0,54.0,78.0,50.0,82.0,78.0,,49.0,69.0,55.0,78.0,83.0,44.0,68.0,56.0,50.0,44.0
2026,610523,Edison Park Elementary School,81.0,51.0,47.0,49.0,56.0,62.0,62.0,74.0,63.0,53.0,49.0,62.0,71.0,58.0,,,67.0,,65.0,66.0,57.0,79.0,60.0,75.0,86.0,61.0,58.0,61.0,66.0,56.0,67.0,59.0,65.0,56.0,67.0,68.0,,48.0,67.0,67.0,62.0,58.0,75.0,77.0,77.0,53.0,67.0
2026,610524,Louisa May Alcott College Preparatory HS,61.0,73.0,70.0,71.0,60.0,56.0,75.0,58.0,45.0,42.0,71.0,49.0,59.0,72.0,55.0,,45.0,83.0,41.0,78.0,36.0,39.0,60.0,26.0,42.0,57.0,,51.0,46.0,36.0,45.0,53.0,59.0,38.0,61.0,61.0,76.0,17.0,75.0,49.0,68.0,65.0,69.0,72.0,48.0,41.0,43.0
2026,610529,Ogden International High School,61.0,72.0,56.0,55.0,64.0,,65.0,,,,55.0,,52.0,63.0,,,41.0,66.0,,64.0,,,74.0,,,40.0,,,,,,61.0,48.0,,55.0,57.0,58.0,,64.0,,54.0,53.0,,,,,
2026,610530,South Shore Fine Arts Academy,100.0,99.0,99.0,99.0,91.0,77.0,99.0,70.0,75.0,74.0,87.0,77.0,99.0,99.0,,,73.0,,78.0,82.0,85.0,70.0,99.0,63.0,68.0,71.0,99.0,79.0,82.0,67.0,81.0,84.0,90.0,75.0,98.0,94.0,,65.0,93.0,51.0,85.0,93.0,73.0,71.0,78.0,71.0,73.0
2026,610532,Irene C. Hernandez Middle School for the Advancement of Science,100.0,88.0,64.0,50.0,64.0,62.0,62.0,87.0,76.0,74.0,62.0,81.0,80.0,65.0,,,43.0,,83.0,62.0,92.0,71.0,70.0,95.0,55.0,30.0,67.0,82.0,91.0,72.0,72.0,31.0,53.0,66.0,70.0,57.0,,70.0,70.0,54.0,64.0,62.0,78.0,75.0,62.0,71.0,60.0
2026,610533,Dr Jorge Prieto Math and Science,61.0,53.0,46.0,46.0,57.0,64.0,45.0,64.0,60.0,57.0,49.0,56.0,51.0,69.0,,,44.0,,63.0,59.0,55.0,55.0,56.0,62.0,50.0,34.0,50.0,58.0,62.0,58.0,74.0,45.0,47.0,54.0,54.0,48.0,,53.0,53.0,58.0,55.0,50.0,60.0,60.0,52.0,50.0,65.0
2026,610534,Skinner North,81.0,51.0,49.0,51.0,62.0,50.0,68.0,61.0,57.0,41.0,55.0,60.0,64.0,61.0,,,63.0,,44.0,70.0,59.0,73.0,69.0,74.0,78.0,59.0,59.0,51.0,65.0,65.0,38.0,73.0,63.0,58.0,70.0,81.0,,50.0,63.0,73.0,60.0,58.0,67.0,58.0,66.0,64.0,58.0
2026,610539,Marvin Camras Elementary School,50.0,53.0,50.0,42.0,47.0,51.0,47.0,65.0,52.0,46.0,46.0,49.0,60.0,47.0,,,47.0,,57.0,52.0,49.0,51.0,49.0,54.0,47.0,37.0,48.0,55.0,49.0,48.0,53.0,47.0,55.0,44.0,54.0,53.0,,42.0,59.0,49.0,61.0,54.0,49.0,61.0,51.0,41.0,56.0
2026,610541,Federico Garcia Lorca Elementary School,71.0,56.0,51.0,51.0,61.0,69.0,54.0,74.0,63.0,59.0,58.0,59.0,50.0,65.0,,,44.0,,56.0,73.0,65.0,59.0,61.0,60.0,58.0,37.0,57.0,60.0,61.0,65.0,58.0,50.0,54.0,62.0,52.0,55.0,,63.0,60.0,51.0,56.0,55.0,64.0,81.0,59.0,46.0,60.0
2026,610542,West Ridge Elementary School,50.0,50.0,37.0,39.0,51.0,50.0,44.0,60.0,46.0,31.0,41.0,43.0,48.0,60.0,,,34.0,,35.0,60.0,40.0,46.0,57.0,46.0,48.0,40.0,47.0,42.0,50.0,49.0,47.0,44.0,38.0,46.0,44.0,36.0,,24.0,48.0,54.0,43.0,41.0,48.0,56.0,45.0,40.0,44.0
2026,610543,Eric Solorio Academy High School,61.0,66.0,49.0,60.0,60.0,58.0,63.0,66.0,48.0,40.0,52.0,47.0,60.0,68.0,52.0,,45.0,68.0,45.0,58.0,53.0,46.0,70.0,49.0,39.0,32.0,,48.0,60.0,43.0,45.0,40.0,58.0,46.0,58.0,56.0,62.0,64.0,65.0,48.0,58.0,58.0,57.0,64.0,49.0,31.0,29.0
2026,610544,Mariano Azuela Elementary School,50.0,44.0,44.0,38.0,46.0,46.0,48.0,46.0,48.0,40.0,40.0,40.0,45.0,51.0,,,41.0,,59.0,58.0,46.0,56.0,42.0,59.0,54.0,41.0,44.0,44.0,54.0,54.0,53.0,41.0,44.0,47.0,47.0,43.0,,46.0,54.0,50.0,45.0,44.0,36.0,45.0,55.0,35.0,54.0
2026,610547,South Shore Intl College Prep High School,29.0,,,,,48.0,,48.0,35.0,30.0,,40.0,,,66.0,,,,31.0,,35.0,37.0,,39.0,30.0,,,40.0,34.0,57.0,28.0,,,36.0,,,,24.0,,46.0,,,42.0,60.0,42.0,41.0,25.0
2026,610557,Pathways in Education - Ashburn,71.0,72.0,67.0,41.0,44.0,49.0,44.0,53.0,61.0,73.0,57.0,49.0,50.0,41.0,36.0,,40.0,66.0,72.0,54.0,66.0,48.0,49.0,35.0,51.0,24.0,,55.0,65.0,45.0,62.0,42.0,65.0,40.0,64.0,72.0,65.0,57.0,82.0,20.0,85.0,63.0,28.0,51.0,58.0,48.0,76.0
2026,610558,Sarah E. Goode STEM Academy,39.0,61.0,53.0,49.0,56.0,36.0,57.0,67.0,40.0,29.0,54.0,39.0,47.0,60.0,44.0,,37.0,65.0,32.0,59.0,41.0,50.0,71.0,48.0,55.0,38.0,,40.0,46.0,42.0,52.0,47.0,38.0,40.0,47.0,47.0,60.0,27.0,53.0,35.0,48.0,48.0,36.0,34.0,46.0,40.0,18.0
2026,610559,James Shields Middle School,100.0,78.0,70.0,61.0,66.0,49.0,61.0,72.0,76.0,83.0,55.0,68.0,65.0,77.0,,,35.0,,92.0,61.0,74.0,64.0,66.0,69.0,61.0,30.0,60.0,95.0,77.0,61.0,85.0,22.0,50.0,59.0,64.0,64.0,,61.0,60.0,64.0,71.0,63.0,62.0,55.0,62.0,42.0,89.0
2026,610561,Richard T Crane Medical Preparatory HS,39.0,63.0,49.0,46.0,45.0,13.0,53.0,58.0,47.0,38.0,44.0,52.0,53.0,48.0,58.0,,31.0,62.0,51.0,60.0,56.0,30.0,65.0,46.0,27.0,38.0,,55.0,56.0,19.0,48.0,50.0,44.0,37.0,50.0,58.0,52.0,46.0,59.0,11.0,44.0,50.0,43.0,44.0,17.0,54.0,44.0
2026,610563,Back of the Yards IB High School,100.0,77.0,67.0,65.0,69.0,61.0,70.0,72.0,62.0,52.0,66.0,71.0,57.0,76.0,68.0,,40.0,75.0,59.0,69.0,73.0,65.0,71.0,73.0,58.0,41.0,,57.0,74.0,64.0,58.0,45.0,51.0,61.0,63.0,53.0,71.0,47.0,72.0,54.0,68.0,65.0,73.0,57.0,65.0,79.0,50.0
2026,610564,Disney II Magnet High School,71.0,59.0,46.0,56.0,65.0,49.0,68.0,72.0,56.0,49.0,48.0,52.0,51.0,76.0,68.0,,45.0,63.0,58.0,65.0,65.0,66.0,68.0,75.0,66.0,37.0,,42.0,57.0,60.0,56.0,39.0,46.0,46.0,49.0,53.0,63.0,40.0,60.0,49.0,53.0,58.0,49.0,55.0,58.0,51.0,58.0
2026,610565,Excel Academy of Englewood,39.0,69.0,51.0,44.0,55.0,,36.0,,,,43.0,,67.0,59.0,,,36.0,52.0,,61.0,,,63.0,,,40.0,,,,,,66.0,42.0,,51.0,40.0,37.0,,51.0,,35.0,38.0,,,,,
2026,610568,Pathways in Education - Avondale,71.0,64.0,66.0,28.0,36.0,41.0,46.0,65.0,69.0,77.0,52.0,52.0,56.0,36.0,35.0,,43.0,66.0,66.0,40.0,70.0,60.0,39.0,36.0,73.0,31.0,,41.0,64.0,39.0,73.0,56.0,78.0,53.0,62.0,75.0,75.0,53.0,90.0,18.0,78.0,67.0,36.0,75.0,71.0,61.0,85.0
2026,610569,Ombudsman Chicago - Northwest,100.0,95.0,96.0,79.0,77.0,60.0,79.0,81.0,69.0,64.0,69.0,71.0,68.0,74.0,72.0,,46.0,91.0,62.0,63.0,85.0,62.0,88.0,64.0,65.0,47.0,,81.0,76.0,67.0,76.0,63.0,89.0,56.0,93.0,90.0,97.0,46.0,99.0,47.0,94.0,88.0,56.0,60.0,57.0,63.0,68.0
2026,610570,Ombudsman Chicago - South,29.0,52.0,30.0,14.0,28.0,,14.0,,55.0,84.0,23.0,57.0,34.0,34.0,,,25.0,29.0,,32.0,73.0,,37.0,,,19.0,,50.0,46.0,,60.0,56.0,37.0,36.0,39.0,49.0,23.0,,46.0,,23.0,28.0,,32.0,,48.0,
2026,610571,Ombudsman Chicago - West,71.0,84.0,63.0,55.0,59.0,,58.0,,76.0,71.0,65.0,71.0,70.0,59.0,,,36.0,68.0,98.0,55.0,85.0,,63.0,90.0,,45.0,,71.0,91.0,,77.0,78.0,51.0,55.0,62.0,64.0,66.0,52.0,76.0,,61.0,59.0,61.0,54.0,,65.0,87.0
2026,610586,Edward E. Sadlowski Elementary School,50.0,55.0,48.0,46.0,55.0,52.0,57.0,61.0,55.0,53.0,50.0,55.0,52.0,59.0,,,43.0,,54.0,58.0,55.0,54.0,59.0,62.0,48.0,47.0,44.0,51.0,58.0,55.0,60.0,38.0,49.0,59.0,57.0,61.0,,44.0,70.0,50.0,55.0,49.0,60.0,59.0,52.0,55.0,44.0
2026,610587,Walter Henri Dyett High School for the Arts,50.0,69.0,56.0,52.0,55.0,28.0,50.0,54.0,47.0,49.0,49.0,46.0,55.0,63.0,55.0,,35.0,54.0,65.0,56.0,57.0,51.0,68.0,66.0,46.0,38.0,,48.0,57.0,36.0,54.0,54.0,39.0,36.0,48.0,38.0,45.0,42.0,45.0,28.0,37.0,44.0,37.0,43.0,42.0,43.0,41.0
2026,610588,Robert J. Richardson Middle School,50.0,79.0,50.0,56.0,54.0,55.0,59.0,75.0,59.0,47.0,58.0,56.0,71.0,49.0,,,37.0,,62.0,52.0,68.0,55.0,48.0,62.0,56.0,26.0,55.0,57.0,75.0,62.0,46.0,35.0,49.0,53.0,58.0,55.0,,37.0,67.0,48.0,60.0,54.0,51.0,57.0,48.0,48.0,45.0
2026,610589,Sor Juana Ines de la Cruz ES,50.0,47.0,44.0,44.0,49.0,60.0,53.0,50.0,46.0,42.0,40.0,53.0,59.0,35.0,,,45.0,,49.0,46.0,57.0,56.0,59.0,50.0,63.0,47.0,47.0,62.0,51.0,57.0,29.0,45.0,62.0,53.0,63.0,64.0,,44.0,69.0,56.0,58.0,53.0,42.0,61.0,56.0,52.0,32.0
2026,610590,Bronzeville Classical Elementary School,81.0,43.0,45.0,72.0,55.0,58.0,53.0,58.0,60.0,56.0,61.0,67.0,55.0,45.0,,,53.0,,70.0,64.0,70.0,72.0,51.0,75.0,82.0,73.0,46.0,65.0,57.0,52.0,43.0,58.0,63.0,67.0,57.0,68.0,,70.0,47.0,69.0,46.0,50.0,69.0,66.0,59.0,63.0,63.0
2026,610592,Englewood STEM High School,10.0,74.0,57.0,57.0,53.0,20.0,51.0,62.0,39.0,32.0,51.0,35.0,47.0,60.0,29.0,,35.0,60.0,39.0,53.0,47.0,26.0,72.0,33.0,25.0,26.0,,35.0,37.0,24.0,41.0,58.0,29.0,22.0,50.0,32.0,50.0,24.0,46.0,16.0,49.0,39.0,32.0,13.0,19.0,27.0,42.0
2026,610593,Ombudsman Chicago - Roseland HS,61.0,79.0,56.0,52.0,60.0,35.0,65.0,,47.0,53.0,53.0,47.0,56.0,75.0,,,28.0,67.0,66.0,80.0,45.0,42.0,64.0,42.0,,45.0,,53.0,37.0,50.0,71.0,72.0,59.0,35.0,57.0,64.0,55.0,36.0,67.0,1.0,54.0,56.0,33.0,28.0,41.0,55.0,63.0
2026,610594,Pathways in Education - Humboldt Park HS,61.0,72.0,83.0,46.0,45.0,,60.0,,46.0,45.0,58.0,41.0,66.0,36.0,,,43.0,84.0,54.0,32.0,57.0,,52.0,18.0,,51.0,,38.0,39.0,,71.0,57.0,84.0,36.0,77.0,91.0,82.0,54.0,99.0,,99.0,88.0,24.0,68.0,,43.0,63.0
2026,610595,Dr. Fisher Early Learning Center,71.0,,,,,,,42.0,52.0,49.0,,64.0,,,,,,,61.0,,57.0,60.0,,63.0,53.0,,,79.0,72.0,,42.0,,,49.0,,,,39.0,,,,,80.0,70.0,64.0,40.0,49.0
2026,610596,The Virtual Academy Elementary School,91.0,53.0,60.0,46.0,60.0,68.0,68.0,64.0,61.0,60.0,55.0,64.0,44.0,77.0,,,42.0,,59.0,53.0,58.0,55.0,48.0,52.0,51.0,47.0,63.0,76.0,62.0,67.0,50.0,38.0,64.0,63.0,60.0,89.0,,47.0,85.0,63.0,58.0,61.0,62.0,92.0,61.0,60.0,56.0
2026,610597,The Virtual Academy High School,100.0,72.0,72.0,68.0,67.0,70.0,87.0,66.0,70.0,59.0,73.0,72.0,78.0,83.0,59.0,,44.0,68.0,80.0,49.0,71.0,68.0,65.0,65.0,61.0,55.0,,75.0,69.0,52.0,54.0,72.0,74.0,75.0,78.0,99.0,80.0,60.0,99.0,49.0,91.0,76.0,77.0,96.0,77.0,64.0,81.0
2026,610599,Catalpa Early Childhood Center,81.0,,,,,,,57.0,66.0,62.0,,79.0,,,,,,,74.0,,74.0,75.0,,88.0,70.0,,,96.0,75.0,,64.0,,,72.0,,,,44.0,,,,,86.0,83.0,68.0,61.0,63.0
2026,610601,Safe Achieve Academy West HS,61.0,44.0,38.0,24.0,44.0,,46.0,,71.0,99.0,11.0,,21.0,44.0,,,34.0,61.0,,32.0,69.0,,64.0,,,12.0,,,66.0,,99.0,25.0,60.0,47.0,55.0,82.0,43.0,,84.0,,63.0,55.0,,64.0,,37.0,
2026,910572,Safe Achieve Academy ES and HS,81.0,77.0,46.0,58.0,69.0,55.0,50.0,,75.0,72.0,51.0,83.0,56.0,69.0,,,35.0,53.0,,73.0,98.0,,86.0,,,65.0,,74.0,94.0,63.0,90.0,70.0,58.0,59.0,70.0,58.0,53.0,,61.0,41.0,43.0,51.0,,73.0,,78.0,
