survey_year,essential,indicator_slug,indicator,asked_of,question_stem,question_order,question_code,question,answer_choices
2022,Ambitious Instruction,pres,Academic Press,Student,Students report the following about one specific class:,1,m362,The teacher asks difficult questions in class,Never | Once in a while | Most of the time | All the time
2022,Ambitious Instruction,pres,Academic Press,Student,Students report the following about one specific class:,2,m361,The teacher asks difficult questions on tests,Never | Once in a while | Most of the time | All the time
2022,Ambitious Instruction,pres,Academic Press,Student,Students report the following about one specific class:,3,m360,This class challenges me,Never | Once in a while | Most of the time | All the time
2022,Ambitious Instruction,pres,Academic Press,Student,Students report the following about one specific class:,4,m358,This class really makes me think.,Strongly disagree | Disagree | Agree | Strongly agree
2022,Ambitious Instruction,pres,Academic Press,Student,Students report the following about one specific class:,5,m388,I really learn a lot in this class,Strongly disagree | Disagree | Agree | Strongly agree
2022,Ambitious Instruction,pres,Academic Press,Student,Students report the following about one specific class:,6,m363,This class requries me to work hard to do well,Never | Once in a while | Most of the time | All the time
2022,Ambitious Instruction,pres,Academic Press,Student,Students report the following about one specific class:,7,m389,"The teacher wants us to become better thinkers, not just memorize things",Strongly disagree | Disagree | Agree | Strongly agree
2022,Ambitious Instruction,pres,Academic Press,Student,Students report the following about one specific class:,8,m356,The teacher expects me to do my best all the time,Strongly disagree | Disagree | Agree | Strongly agree
2022,Ambitious Instruction,pres,Academic Press,Student,Students report the following about one specific class:,9,m357,The teacher expects everyone to work hard,Strongly disagree | Disagree | Agree | Strongly agree
2022,Ambitious Instruction,engl,English Instruction,Student,Students report doing the following in English class:,1,m152,Rewrite a paper or essay in response to comments.,Never | Once or twice a semester | Once or twice a month | Once or twice a week | Almost every day
2022,Ambitious Instruction,engl,English Instruction,Student,Students report doing the following in English class:,2,m156,Improve a piece of writing as a class or with partners.,Never | Once or twice a semester | Once or twice a month | Once or twice a week | Almost every day
2022,Ambitious Instruction,engl,English Instruction,Student,Students report doing the following in English class:,3,m157,Debate the meaning of a reading.,Never | Once or twice a semester | Once or twice a month | Once or twice a week | Almost every day
2022,Ambitious Instruction,engl,English Instruction,Student,Students report doing the following in English class:,4,m154,"Discuss how culture, time, or place affects an author's writing.",Never | Once or twice a semester | Once or twice a month | Once or twice a week | Almost every day
2022,Ambitious Instruction,engl,English Instruction,Student,Students report doing the following in English class:,5,m153,Discuss connections between a reading and real life people or situations.,Never | Once or twice a semester | Once or twice a month | Once or twice a week | Almost every day
2022,Ambitious Instruction,math,Math Instruction,Student,Students report that they do the following in math class:,1,m171,Write a math problem for other students to solve.,Never | Once or twice a semester | Once or twice a month | Once or twice a week | Almost every day
2022,Ambitious Instruction,math,Math Instruction,Student,Students report that they do the following in math class:,2,m169,Write a few sentences to explain how you solved a math problem.,Never | Once or twice a semester | Once or twice a month | Once or twice a week | Almost every day
2022,Ambitious Instruction,math,Math Instruction,Student,Students report that they do the following in math class:,3,m173,Apply math to situations in life outside of school.,Never | Once or twice a semester | Once or twice a month | Once or twice a week | Almost every day
2022,Ambitious Instruction,math,Math Instruction,Student,Students report that they do the following in math class:,4,m170,Explain how you solved a problem to the class.,Never | Once or twice a semester | Once or twice a month | Once or twice a week | Almost every day
2022,Ambitious Instruction,math,Math Instruction,Student,Students report that they do the following in math class:,5,m172,Discuss possible solutions to problems with other students.,Never | Once or twice a semester | Once or twice a month | Once or twice a week | Almost every day
2022,Ambitious Instruction,sdis,Quality of Student Discussion,Teacher,Teachers report the following about classroom discussions:,1,m13,Students use data and text references to support their ideas.,Never | Rarely | Sometimes | Almost always
2022,Ambitious Instruction,sdis,Quality of Student Discussion,Teacher,Teachers report the following about classroom discussions:,2,m15,Students provide constructive feedback to their peers and to me.,Never | Rarely | Sometimes | Almost always
2022,Ambitious Instruction,sdis,Quality of Student Discussion,Teacher,Teachers report the following about classroom discussions:,3,m12,Students build on each other’s ideas during discussion.,Never | Rarely | Sometimes | Almost always
2022,Ambitious Instruction,sdis,Quality of Student Discussion,Teacher,Teachers report the following about classroom discussions:,4,m16,Most students participate in the discussion at some point.,Never | Rarely | Sometimes | Almost always
2022,Ambitious Instruction,sdis,Quality of Student Discussion,Teacher,Teachers report the following about classroom discussions:,5,m14,Students show each other respect.,Never | Rarely | Sometimes | Almost always
2022,Collaborative Teachers,colb,Collaborative Practices,Teacher,Teachers report how often they have done the following:,1,m375,Observed another teacher's classroom to offer feedback.,Never | Once or twice | 3-9 times | 10 or more times
2022,Collaborative Teachers,colb,Collaborative Practices,Teacher,Teachers report how often they have done the following:,2,m376,Observed another teacher's classroom to get ideas for your own instruction.,Never | Once or twice | 3-9 times | 10 or more times
2022,Collaborative Teachers,colb,Collaborative Practices,Teacher,Teachers report how often they have done the following:,3,m377,Gone over student assessment data with other teachers to make instructional decisions.,Never | Once or twice | 3-9 times | 10 or more times
2022,Collaborative Teachers,colb,Collaborative Practices,Teacher,Teachers report how often they have done the following:,4,m378,Worked with other teachers to develop materials or activities for particular classes.,Never | Once or twice | 3-9 times | 10 or more times
2022,Collaborative Teachers,colb,Collaborative Practices,Teacher,Teachers report how often they have done the following:,5,m379,Worked on instructional strategies with other teachers.,Never | Once or twice | 3-9 times | 10 or more times
2022,Collaborative Teachers,colr,Collective Responsibility,Teacher,Teachers report that other teachers in the school:,1,m6,Feel responsible when students in this school fail.,None | Some | About half | Most | Nearly all
2022,Collaborative Teachers,colr,Collective Responsibility,Teacher,Teachers report that other teachers in the school:,2,m3,Feel responsible to help each other do their best.,None | Some | About half | Most | Nearly all
2022,Collaborative Teachers,colr,Collective Responsibility,Teacher,Teachers report that other teachers in the school:,3,m1,"Help maintain discipline in the entire school, not just their classroom?",None | Some | About half | Most | Nearly all
2022,Collaborative Teachers,colr,Collective Responsibility,Teacher,Teachers report that other teachers in the school:,4,m2,Take responsibility for improving the school.,None | Some | About half | Most | Nearly all
2022,Collaborative Teachers,colr,Collective Responsibility,Teacher,Teachers report that other teachers in the school:,5,m5,Feel responsible for helping students develop self-control.,None | Some | About half | Most | Nearly all
2022,Collaborative Teachers,colr,Collective Responsibility,Teacher,Teachers report that other teachers in the school:,6,m4,Feel responsible that all students learn.,None | Some | About half | Most | Nearly all
2022,Collaborative Teachers,qpd2,Quality Professional Development,Teacher,Teachers report that professional development this year has:,1,m109,Included opportunities to work productively with teachers from other schools.,Strongly disagree | Disagree | Agree | Strongly agree
2022,Collaborative Teachers,qpd2,Quality Professional Development,Teacher,Teachers report that professional development this year has:,2,m106,"Included enough time to think carefully about, try, and evaluate new ideas.",Strongly disagree | Disagree | Agree | Strongly agree
2022,Collaborative Teachers,qpd2,Quality Professional Development,Teacher,Teachers report that professional development this year has:,3,m105,"Been sustained and coherently focused, rather than short-term and unrelated.",Strongly disagree | Disagree | Agree | Strongly agree
2022,Collaborative Teachers,qpd2,Quality Professional Development,Teacher,Teachers report that professional development this year has:,4,m108,Included opportunities to work productively with colleagues in my school.,Strongly disagree | Disagree | Agree | Strongly agree
2022,Collaborative Teachers,qpd2,Quality Professional Development,Teacher,Teachers report that professional development this year has:,5,m107,Been closely connected to my school’s improvement plan.,Strongly disagree | Disagree | Agree | Strongly agree
2022,Collaborative Teachers,scmt,School Commitment,Teacher,Teachers report the following:,1,m9,I wouldn’t want to work in any other school.,Strongly disagree | Disagree | Agree | Strongly agree
2022,Collaborative Teachers,scmt,School Commitment,Teacher,Teachers report the following:,2,m11,I would recommend this school to parents seeking a place for their child.,Strongly disagree | Disagree | Agree | Strongly agree
2022,Collaborative Teachers,scmt,School Commitment,Teacher,Teachers report the following:,3,m8,I usually look forward to each working day at this school.,Strongly disagree | Disagree | Agree | Strongly agree
2022,Collaborative Teachers,scmt,School Commitment,Teacher,Teachers report the following:,4,m10,I feel loyal to this school.,Strongly disagree | Disagree | Agree | Strongly agree
2022,Collaborative Teachers,trte,Teacher-Teacher Trust,Teacher,Teachers report the following:,1,m32,Teachers in this school trust each other.,Strongly disagree | Disagree | Agree | Strongly agree
2022,Collaborative Teachers,trte,Teacher-Teacher Trust,Teacher,Teachers report the following:,2,m33,"It's OK in this school to discuss feelings, worries, and frustrations with other teachers.",Strongly disagree | Disagree | Agree | Strongly agree
2022,Collaborative Teachers,trte,Teacher-Teacher Trust,Teacher,Teachers report the following:,3,m34,Teachers respect other teachers who take the lead in school improvement efforts.,Strongly disagree | Disagree | Agree | Strongly agree
2022,Collaborative Teachers,trte,Teacher-Teacher Trust,Teacher,Teachers report the following:,4,m35,Teachers at this school respect those colleagues who are experts at their craft.,Strongly disagree | Disagree | Agree | Strongly agree
2022,Collaborative Teachers,trte,Teacher-Teacher Trust,Teacher,Teachers report the following:,5,m387,Teachers feel respected by other teachers,Not at all | A little | Some | To a great extent
2022,Effective Leaders,ins3,Instructional Leadership,Teacher,Teachers report that a member of the school leadership team:,1,m844,Knows what’s going on in my classroom.,Strongly disagree | Disagree | Agree | Strongly agree
2022,Effective Leaders,ins3,Instructional Leadership,Teacher,Teachers report that a member of the school leadership team:,2,m845,Provides me with useful feedback to improve my teaching.,Strongly disagree | Disagree | Agree | Strongly agree
2022,Effective Leaders,ins3,Instructional Leadership,Teacher,Teachers report that a member of the school leadership team:,3,m846,Has provided me with the support I need to improve my teaching.,Strongly disagree | Disagree | Agree | Strongly agree
2022,Effective Leaders,ins3,Instructional Leadership,Teacher,Teachers report that a member of the school leadership team:,4,m843,Presses teachers to implement what they have learned in professional development.,Strongly disagree | Disagree | Agree | Strongly agree
2022,Effective Leaders,ins3,Instructional Leadership,Teacher,Teachers report that a member of the school leadership team:,5,m842,Communicates a clear vision for our school.,Strongly disagree | Disagree | Agree | Strongly agree
2022,Effective Leaders,ins3,Instructional Leadership,Teacher,Teachers report that a member of the school leadership team:,6,m841,Makes clear to the staff the leadership’s expectations for meeting instructional goals.,Strongly disagree | Disagree | Agree | Strongly agree
2022,Effective Leaders,pgmc,Program Coherence,Teacher,Teachers report the following:,1,m47,Many special programs come and go at this school.,Strongly disagree | Disagree | Agree | Strongly agree
2022,Effective Leaders,pgmc,Program Coherence,Teacher,Teachers report the following:,2,m45,"Once we start a new program in this school, we follow up to make sure that it's working.",Strongly disagree | Disagree | Agree | Strongly agree
2022,Effective Leaders,pgmc,Program Coherence,Teacher,Teachers report the following:,3,m48,"Curriculum, instruction, and learning materials are well coordinated across the different grade levels at this school.",Strongly disagree | Disagree | Agree | Strongly agree
2022,Effective Leaders,pgmc,Program Coherence,Teacher,Teachers report the following:,4,m46,We have so many different programs in this school that I can’t keep track of them all.,Strongly disagree | Disagree | Agree | Strongly agree
2022,Effective Leaders,pgmc,Program Coherence,Teacher,Teachers report the following:,5,m49,"There is consistency in curriculum, instruction, and learning materials among teachers in the same grade level at this school.",Strongly disagree | Disagree | Agree | Strongly agree
2022,Effective Leaders,inf3,Teacher Influence,Teacher,Teachers report having influence on:,1,m807,Planning how discretionary school funds should be used.,No influence | A little influence | Some influence | A great deal of influence
2022,Effective Leaders,inf3,Teacher Influence,Teacher,Teachers report having influence on:,2,m810,Determining the content of in-service programs.,No influence | A little influence | Some influence | A great deal of influence
2022,Effective Leaders,inf3,Teacher Influence,Teacher,Teachers report having influence on:,3,m808,Determining which books and other instructional materials are used in classrooms.,No influence | A little influence | Some influence | A great deal of influence
2022,Effective Leaders,inf3,Teacher Influence,Teacher,Teachers report having influence on:,4,m809,Establishing the curriculum and instructional program.,No influence | A little influence | Some influence | A great deal of influence
2022,Effective Leaders,inf3,Teacher Influence,Teacher,Teachers report having influence on:,5,m811,Setting standards for student behavior.,No influence | A little influence | Some influence | A great deal of influence
2022,Effective Leaders,trpr,Teacher-Principal Trust,Teacher,Teachers report the following:,1,m28,"It’s OK in this school to discuss feelings, worries, and frustrations with the principal.",Strongly disagree | Disagree | Agree | Strongly agree
2022,Effective Leaders,trpr,Teacher-Principal Trust,Teacher,Teachers report the following:,2,m30,The principal looks out for the personal welfare of the faculty members.,Strongly disagree | Disagree | Agree | Strongly agree
2022,Effective Leaders,trpr,Teacher-Principal Trust,Teacher,Teachers report the following:,3,m27,I trust the principal at his or her word.,Strongly disagree | Disagree | Agree | Strongly agree
2022,Effective Leaders,trpr,Teacher-Principal Trust,Teacher,Teachers report the following:,4,m386,The principal at this school is an effective manager who makes the school run smoothly.,Strongly disagree | Disagree | Agree | Strongly agree
2022,Effective Leaders,trpr,Teacher-Principal Trust,Teacher,Teachers report the following:,5,m31,The principal places the needs of children ahead of personal and political interests.,Strongly disagree | Disagree | Agree | Strongly agree
2022,Effective Leaders,trpr,Teacher-Principal Trust,Teacher,Teachers report the following:,6,m26,The principal has confidence in the expertise of the teachers.,Strongly disagree | Disagree | Agree | Strongly agree
2022,Effective Leaders,trpr,Teacher-Principal Trust,Teacher,Teachers report the following:,7,m29,The principal takes a personal interest in the professional development of teachers.,Strongly disagree | Disagree | Agree | Strongly agree
2022,Effective Leaders,trpr,Teacher-Principal Trust,Teacher,Teachers report the following:,8,m385,Teachers feel respected by the principal,Not at all | A little | Some | To a great extent
2022,Involved Families,pnfl,Parent Influence on Decision Making in Schools,Teacher,Teachers report that the school:,1,m829,Involves parents in commenting on school curricula.,Not at all | A little | Somewhat | A great deal
2022,Involved Families,pnfl,Parent Influence on Decision Making in Schools,Teacher,Teachers report that the school:,2,m827,"Develops formal networks to link all families with each other (for example: sharing parent directories, providing a website for parents to connect with one another, etc.).",Not at all | A little | Somewhat | A great deal
2022,Involved Families,pnfl,Parent Influence on Decision Making in Schools,Teacher,Teachers report that the school:,3,m828,Encourage more involved parents/guardians to reach out to less involved parents/guardians?,Not at all | A little | Somewhat | A great deal
2022,Involved Families,pnfl,Parent Influence on Decision Making in Schools,Teacher,Teachers report that the school:,4,m824,Involves parents in the development of programs aimed at improving students’ academic outcomes.,Not at all | A little | Somewhat | A great deal
2022,Involved Families,pnfl,Parent Influence on Decision Making in Schools,Teacher,Teachers report that the school:,5,m830,Includes parent leaders from all backgrounds in school improvement efforts.,Not at all | A little | Somewhat | A great deal
2022,Involved Families,prt4,Parent Involvement in School,Teacher,Teachers report that students' parents:,1,m737,"Volunteered time to support the school/center (e.g., volunteer in classrooms, help with school/center-wide events, etc.).",None | Some | About half | Most | All
2022,Involved Families,prt4,Parent Involvement in School,Teacher,Teachers report that students' parents:,2,m738,Contacted you about their child's performance.,None | Some | About half | Most | All
2022,Involved Families,prt4,Parent Involvement in School,Teacher,Teachers report that students' parents:,3,m739,Responded to your suggestions for helping their child.,None | Some | About half | Most | All
2022,Involved Families,prt4,Parent Involvement in School,Teacher,Teachers report that students' parents:,4,m736,Attended parent-teacher conferences when you requested them.,None | Some | About half | Most | All
2022,Involved Families,trpa,Teacher-Parent Trust,Teacher,Teachers report the following:,1,m54,Parents do their best to help their children learn.,None | Some | About half | Most | All
2022,Involved Families,trpa,Teacher-Parent Trust,Teacher,Teachers report the following:,2,m92,Teachers feel good about parents' support for their work.,None | Some | About half | Most | Nearly all
2022,Involved Families,trpa,Teacher-Parent Trust,Teacher,Teachers report the following:,3,m53,Parents support teachers' teaching efforts.,None | Some | About half | Most | All
2022,Involved Families,trpa,Teacher-Parent Trust,Teacher,Teachers report the following:,4,m55,Teachers and parents at this school think of each other as partners in educating children.,Strongly disagree | Disagree | Agree | Strongly agree
2022,Involved Families,trpa,Teacher-Parent Trust,Teacher,Teachers report the following:,5,m56,Staff at this school work hard to build trusting relationships with parents.,Strongly disagree | Disagree | Agree | Strongly agree
2022,Involved Families,trpa,Teacher-Parent Trust,Teacher,Teachers report the following:,6,m384,Teachers feel respected by the parents of the students,Not at all | A little | Some | To a great extent
2022,Supplemental measures,engg,Academic Engagement,Student,Students report:,1,m368,Sometimes I get so interested in my work I don't want to stop.,Strongly disagree | Disagree | Agree | Strongly agree
2022,Supplemental measures,engg,Academic Engagement,Student,Students report:,2,m365,I usually look forward to this class.,Strongly disagree | Disagree | Agree | Strongly agree
2022,Supplemental measures,engg,Academic Engagement,Student,Students report:,3,m364,The topics we are studying are interesting and challenging.,Strongly disagree | Disagree | Agree | Strongly agree
2022,Supplemental measures,engg,Academic Engagement,Student,Students report:,4,m366,I work hard to do my best in this class.,Strongly disagree | Disagree | Agree | Strongly agree
2022,Supplemental measures,cdis1,Classroom Disruptions,Teacher,Teachers report that students in their classrooms:,1,m1841,Threaten you verbally?,None | A few | A lot | Almost all
2022,Supplemental measures,cdis1,Classroom Disruptions,Teacher,Teachers report that students in their classrooms:,2,m1839,Refuse to respond when addressed?,None | A few | A lot | Almost all
2022,Supplemental measures,cdis1,Classroom Disruptions,Teacher,Teachers report that students in their classrooms:,3,m1838,Create serious behavior problems in your class?,None | A few | A lot | Almost all
2022,Supplemental measures,cdis1,Classroom Disruptions,Teacher,Teachers report that students in their classrooms:,4,m1840,Use inappropriate language during class?,None | A few | A lot | Almost all
2022,Supplemental measures,cdis1,Classroom Disruptions,Teacher,Teachers report that students in their classrooms:,5,m1843,"Do off-task things (e.g., play games, text, talk on cell phone) during instructional time?",None | A few | A lot | Almost all
2022,Supplemental measures,rigr,Classroom Rigor,Student,Students report that the teacher in their target class:,1,m520,Often connects what I am learning to life outside of the classroom.,Strongly disagree | Disagree | Agree | Strongly agree
2022,Supplemental measures,rigr,Classroom Rigor,Student,Students report that the teacher in their target class:,2,m525,We talk about different solutions or points of view.,Very little | Some | Quite a bit | A great deal
2022,Supplemental measures,rigr,Classroom Rigor,Student,Students report that the teacher in their target class:,3,m521,Encourages students to share their ideas about things we are studying in class.,Strongly disagree | Disagree | Agree | Strongly agree
2022,Supplemental measures,rigr,Classroom Rigor,Student,Students report that the teacher in their target class:,4,m523,Encourages us to consider different solutions or points of view.,Strongly disagree | Disagree | Agree | Strongly agree
2022,Supplemental measures,rigr,Classroom Rigor,Student,Students report that the teacher in their target class:,5,m524,Doesn't let students give up when the work gets hard.,Strongly disagree | Disagree | Agree | Strongly agree
2022,Supplemental measures,rigr,Classroom Rigor,Student,Students report that the teacher in their target class:,6,m522,Often requires me to explain my answers.,Strongly disagree | Disagree | Agree | Strongly agree
2022,Supplemental measures,clar,Course Clarity,Student,Students report the following about one specific class:,1,m350,I learn a lot from feedback on my work.,Strongly disagree | Disagree | Agree | Strongly agree
2022,Supplemental measures,clar,Course Clarity,Student,Students report the following about one specific class:,2,m351,The homework assignments help me to learn the course material.,Strongly disagree | Disagree | Agree | Strongly agree
2022,Supplemental measures,clar,Course Clarity,Student,Students report the following about one specific class:,3,m349,The work we do in class is good preparation for the test.,Strongly disagree | Disagree | Agree | Strongly agree
2022,Supplemental measures,clar,Course Clarity,Student,Students report the following about one specific class:,4,m399,I know what my teacher wants me to learn in this class.,Strongly disagree | Disagree | Agree | Strongly agree
2022,Supplemental measures,clar,Course Clarity,Student,Students report the following about one specific class:,5,m348,It's clear to me what I need to do to get a good grade.,Strongly disagree | Disagree | Agree | Strongly agree
2022,Supplemental measures,emhl,Emotional Health,Student,Students report:,1,m506,I can always find a way to help people end arguments.,Strongly disagree | Disagree | Agree | Strongly agree
2022,Supplemental measures,emhl,Emotional Health,Student,Students report:,2,m508,I'm good at working with other students.,Strongly disagree | Disagree | Agree | Strongly agree
2022,Supplemental measures,emhl,Emotional Health,Student,Students report:,3,m507,I listen carefully to what other people say to me.,Strongly disagree | Disagree | Agree | Strongly agree
2022,Supplemental measures,emhl,Emotional Health,Student,Students report:,4,m509,I'm good at helping other people.,Strongly disagree | Disagree | Agree | Strongly agree
2022,Supplemental measures,grit,Grit,Student,Students report:,1,m583,I finish whatever I begin.,Not at all like me | Not much like me | Somewhat like me | Mostly like me | Very much like me
2022,Supplemental measures,grit,Grit,Student,Students report:,2,m584,I am a hard worker.,Not at all like me | Not much like me | Somewhat like me | Mostly like me | Very much like me
2022,Supplemental measures,grit,Grit,Student,Students report:,3,m585,I continue steadily toward my goals.,Not at all like me | Not much like me | Somewhat like me | Mostly like me | Very much like me
2022,Supplemental measures,grit,Grit,Student,Students report:,4,m586,I don't give up easily.,Not at all like me | Not much like me | Somewhat like me | Mostly like me | Very much like me
2022,Supplemental measures,humr,Human & Social Resources in the Community,Student,Students report the following about their community:,1,m162,People in this neighborhood can be trusted.,Strongly disagree | Disagree | Agree | Strongly agree
2022,Supplemental measures,humr,Human & Social Resources in the Community,Student,Students report the following about their community:,2,m163,"The equipment and buildings in the neighborhood, park, or playground are well kept.",Strongly disagree | Disagree | Agree | Strongly agree
2022,Supplemental measures,humr,Human & Social Resources in the Community,Student,Students report the following about their community:,3,m158,There are adults in this neighborhood that children can look up to.,Strongly disagree | Disagree | Agree | Strongly agree
2022,Supplemental measures,humr,Human & Social Resources in the Community,Student,Students report the following about their community:,4,m159,Adults in this neighborhood know who the local children are.,Strongly disagree | Disagree | Agree | Strongly agree
2022,Supplemental measures,humr,Human & Social Resources in the Community,Student,Students report the following about their community:,5,m161,"During the day, it is safe for children to play in the local park or playground.",Strongly disagree | Disagree | Agree | Strongly agree
2022,Supplemental measures,futr,Importance of High School for the Future,Student,Students report:,1,m226,My classes give me useful preparation for what I plan to do in life.,Strongly disagree | Disagree | Agree | Strongly agree
2022,Supplemental measures,futr,Importance of High School for the Future,Student,Students report:,2,m225,High school teaches me valuable skills.,Strongly disagree | Disagree | Agree | Strongly agree
2022,Supplemental measures,futr,Importance of High School for the Future,Student,Students report:,3,m223,What we learn in class is necessary for success in the future.,Strongly disagree | Disagree | Agree | Strongly agree
2022,Supplemental measures,futr,Importance of High School for the Future,Student,Students report:,4,m224,Working hard in high school matters for success in the workforce.,Strongly disagree | Disagree | Agree | Strongly agree
2022,Supplemental measures,innv,Innovation,Teacher,Teachers report that:,1,m90,Teachers are willing to take risks to make the school better.,None | Some | About half | Most | Nearly all
2022,Supplemental measures,innv,Innovation,Teacher,Teachers report that:,2,m91,Teachers are eager to try new ideas.,None | Some | About half | Most | Nearly all
2022,Supplemental measures,innv,Innovation,Teacher,Teachers report that:,3,m37,Teachers are continually learning and seeking new ideas.,Strongly disagree | Disagree | Agree | Strongly agree
2022,Supplemental measures,innv,Innovation,Teacher,Teachers report that:,4,m89,Teachers are really trying to improve their teaching.,None | Some | About half | Most | Nearly all
2022,Supplemental measures,scie,Inquiry-Based Science Instruction,Student,Students report doing the following in science class:,1,m236,Use laboratory equipment or specimens.,Never | Once or twice a semester | Once or twice a month | Once or twice a week | Almost every day
2022,Supplemental measures,scie,Inquiry-Based Science Instruction,Student,Students report doing the following in science class:,2,m237,Write lab reports.,Never | Once or twice a semester | Once or twice a month | Once or twice a week | Almost every day
2022,Supplemental measures,scie,Inquiry-Based Science Instruction,Student,Students report doing the following in science class:,3,m238,Generate your own hypotheses.,Never | Once or twice a semester | Once or twice a month | Once or twice a week | Almost every day
2022,Supplemental measures,scie,Inquiry-Based Science Instruction,Student,Students report doing the following in science class:,4,m239,Use evidence/data to support an argument or hypothesis.,Never | Once or twice a semester | Once or twice a month | Once or twice a week | Almost every day
2022,Supplemental measures,scie,Inquiry-Based Science Instruction,Student,Students report doing the following in science class:,5,m240,Find information from graphs and tables.,Never | Once or twice a semester | Once or twice a month | Once or twice a week | Almost every day
2022,Supplemental measures,prs2,Parent Supportiveness,Student,Students report the following about their parents. My parents:,1,m519,Take time to help you make decisions.,Never | Some of the time | Most of the time | All of the time
2022,Supplemental measures,prs2,Parent Supportiveness,Student,Students report the following about their parents. My parents:,2,m517,Listen to you when you need to talk.,Never | Some of the time | Most of the time | All of the time
2022,Supplemental measures,prs2,Parent Supportiveness,Student,Students report the following about their parents. My parents:,3,m518,Show they are proud of you.,Never | Some of the time | Most of the time | All of the time
2022,Supplemental measures,prs2,Parent Supportiveness,Student,Students report the following about their parents. My parents:,4,m515,Encourage you to work hard at school.,Never | Some of the time | Most of the time | All of the time
2022,Supplemental measures,refd,Reflective Dialogue,Teacher,Teachers report having conversations with colleagues about:,1,m87,The goals of this school.,Less than once a month | 2 or 3 times per month | 1 or 2 times per week | Almost daily
2022,Supplemental measures,refd,Reflective Dialogue,Teacher,Teachers report having conversations with colleagues about:,2,m86,The development of new curriculum,Less than once a month | 2 or 3 times per month | 1 or 2 times per week | Almost daily
2022,Supplemental measures,refd,Reflective Dialogue,Teacher,Teachers report having conversations with colleagues about:,3,m88,Managing classroom behavior,Less than once a month | 2 or 3 times per month | 1 or 2 times per week | Almost daily
2022,Supplemental measures,refd,Reflective Dialogue,Teacher,Teachers report having conversations with colleagues about:,4,m85,What helps students learn the best,Less than once a month | 2 or 3 times per month | 1 or 2 times per week | Almost daily
2022,Supplemental measures,refd,Reflective Dialogue,Teacher,Teachers report having conversations with colleagues about:,5,m82,Student work,Strongly disagree | Disagree | Agree | Strongly agree
2022,Supplemental measures,refd,Reflective Dialogue,Teacher,Teachers report having conversations with colleagues about:,6,m81,"Instruction in the teachers' lounge, faculty meetings, etc.",Strongly disagree | Disagree | Agree | Strongly agree
2022,Supplemental measures,stdy,Rigorous Study Habits,Student,Students report that:,1,m191,I always study for tests.,Strongly disagree | Disagree | Agree | Strongly agree
2022,Supplemental measures,stdy,Rigorous Study Habits,Student,Students report that:,2,m190,"If I need to study, I don't go out with my friends.",Strongly disagree | Disagree | Agree | Strongly agree
2022,Supplemental measures,stdy,Rigorous Study Habits,Student,Students report that:,3,m188,I set aside time to do my homework and study.,Strongly disagree | Disagree | Agree | Strongly agree
2022,Supplemental measures,stdy,Rigorous Study Habits,Student,Students report that:,4,m189,I try to do well on my schoolwork even when it isn't interesting to me.,Strongly disagree | Disagree | Agree | Strongly agree
2022,Supplemental measures,pssm,School Connectedness,Student,Students report the following:,1,m512,Other students in my school take my opinions seriously.,Strongly disagree | Disagree | Agree | Strongly agree
2022,Supplemental measures,pssm,School Connectedness,Student,Students report the following:,2,m514,I'm included in lots of activities at school.,Strongly disagree | Disagree | Agree | Strongly agree
2022,Supplemental measures,pssm,School Connectedness,Student,Students report the following:,3,m510,I feel like a real part of my school.,Strongly disagree | Disagree | Agree | Strongly agree
2022,Supplemental measures,pssm,School Connectedness,Student,Students report the following:,4,m511,People here notice when I'm good at something.,Strongly disagree | Disagree | Agree | Strongly agree
2022,Supplemental measures,pssm,School Connectedness,Student,Students report the following:,5,m513,People at this school are friendly to me.,Strongly disagree | Disagree | Agree | Strongly agree
2022,Supplemental measures,ssaf,School Safety,Student,Students report  that:,1,m553,I worry about crime and violence in this school.,Strongly disagree | Disagree | Agree | Strongly agree
2022,Supplemental measures,ssaf,School Safety,Student,Students report  that:,2,m555,Students at this school are often threatened or bullied.,Strongly disagree | Disagree | Agree | Strongly agree
2022,Supplemental measures,ssaf,School Safety,Student,Students report  that:,3,m554,Students at this school are often teased or picked on.,Strongly disagree | Disagree | Agree | Strongly agree
2022,Supplemental measures,socz,Socialization of New Teachers,Teacher,Teachers report the following:,1,m1229,How many teachers are assigned a mentor teacher when they first begin working at this school?,None | A few | Most | All
2022,Supplemental measures,socz,Socialization of New Teachers,Teacher,Teachers report the following:,2,m83,"Experienced teachers invite new teachers into their classes to observe, give feedback, etc.",Strongly disagree | Disagree | Agree | Strongly agree
2022,Supplemental measures,socz,Socialization of New Teachers,Teacher,Teachers report the following:,3,m84,A conscious effort is made by faculty to make new teachers feel welcome here.,Strongly disagree | Disagree | Agree | Strongly agree
2022,Supplemental measures,peer,Student Peer Relationships,Student,Students report that their school peers:,1,m193,Like to put others down.,Strongly disagree | Disagree | Agree | Strongly agree
2022,Supplemental measures,peer,Student Peer Relationships,Student,Students report that their school peers:,2,m197,Treat each other with respect.,Strongly disagree | Disagree | Agree | Strongly agree
2022,Supplemental measures,peer,Student Peer Relationships,Student,Students report that their school peers:,3,m195,Don't get along together very well.,Strongly disagree | Disagree | Agree | Strongly agree
2022,Supplemental measures,peer,Student Peer Relationships,Student,Students report that their school peers:,4,m194,Help each other learn.,Strongly disagree | Disagree | Agree | Strongly agree
2022,Supplemental measures,prti,Student Responsibility,Teacher,Teachers report that their students:,1,m70,Always turn in their homework?,None | Some | About half | Most | Nearly all
2022,Supplemental measures,prti,Student Responsibility,Teacher,Teachers report that their students:,2,m67,Come to class prepared with the appropriate supplies and books?,None | Some | About half | Most | Nearly all
2022,Supplemental measures,prti,Student Responsibility,Teacher,Teachers report that their students:,3,m69,Actively participate in class activities?,None | Some | About half | Most | Nearly all
2022,Supplemental measures,prti,Student Responsibility,Teacher,Teachers report that their students:,4,m68,Regularly pay attention in class?,None | Some | About half | Most | Nearly all
2022,Supplemental measures,prti,Student Responsibility,Teacher,Teachers report that their students:,5,m65,Come to class on time?,None | Some | About half | Most | Nearly all
2022,Supplemental measures,prti,Student Responsibility,Teacher,Teachers report that their students:,6,m66,Attend class regularly?,None | Some | About half | Most | Nearly all
2022,Supplemental measures,tsaf,Teacher Safety,Teacher,Teachers report how much each of the following is a problem:,1,m80,Threats of violence toward teachers,Not at all | A little | Some | To a great extent
2022,Supplemental measures,tsaf,Teacher Safety,Teacher,Teachers report how much each of the following is a problem:,2,m75,Robbery or theft,Not at all | A little | Some | To a great extent
2022,Supplemental measures,tsaf,Teacher Safety,Teacher,Teachers report how much each of the following is a problem:,3,m76,Gang activity,Not at all | A little | Some | To a great extent
2022,Supplemental measures,tsaf,Teacher Safety,Teacher,Teachers report how much each of the following is a problem:,4,m77,Disorder in classrooms,Not at all | A little | Some | To a great extent
2022,Supplemental measures,tsaf,Teacher Safety,Teacher,Teachers report how much each of the following is a problem:,5,m74,Physical conflicts among students,Not at all | A little | Some | To a great extent
2022,Supplemental measures,tsaf,Teacher Safety,Teacher,Teachers report how much each of the following is a problem:,6,m79,Student disrespect of teachers,Not at all | A little | Some | To a great extent
2022,Supplemental measures,tsaf,Teacher Safety,Teacher,Teachers report how much each of the following is a problem:,7,m78,Disorder in hallways,Not at all | A little | Some | To a great extent
2022,Supportive Environment,perc,Academic Personalism,Student,Students report that their teacher:,1,m374,Helps me catch up if I am behind.,Strongly disagree | Disagree | Agree | Strongly agree
2022,Supportive Environment,perc,Academic Personalism,Student,Students report that their teacher:,2,m370,Notices if I have trouble learning something.,Strongly disagree | Disagree | Agree | Strongly agree
2022,Supportive Environment,perc,Academic Personalism,Student,Students report that their teacher:,3,m400,Gives me specific suggestions about how I can improve my work in this class.,Strongly disagree | Disagree | Agree | Strongly agree
2022,Supportive Environment,perc,Academic Personalism,Student,Students report that their teacher:,4,m373,Is willing to give extra help on schoolwork if I need it.,Strongly disagree | Disagree | Agree | Strongly agree
2022,Supportive Environment,perc,Academic Personalism,Student,Students report that their teacher:,5,m401,Explains things in a different way if I don't understand something in class.,Strongly disagree | Disagree | Agree | Strongly agree
2022,Supportive Environment,uexp,Expectations for Postsecondary Education,Teacher,Teachers report that:,1,m96,Most of the students in this school are planning to go to college.,Strongly disagree | Disagree | Agree | Strongly agree
2022,Supportive Environment,uexp,Expectations for Postsecondary Education,Teacher,Teachers report that:,2,m93,Teachers expect most students in this school to go to college.,Strongly disagree | Disagree | Agree | Strongly agree
2022,Supportive Environment,uexp,Expectations for Postsecondary Education,Teacher,Teachers report that:,3,m94,Teachers at this school help students plan for college outside of class time.,Strongly disagree | Disagree | Agree | Strongly agree
2022,Supportive Environment,uexp,Expectations for Postsecondary Education,Teacher,Teachers report that:,4,m95,The curriculum at this school is focused on helping students get ready for college.,Strongly disagree | Disagree | Agree | Strongly agree
2022,Supportive Environment,uexp,Expectations for Postsecondary Education,Teacher,Teachers report that:,5,m97,Teachers in this school feel that it is a part of their job to prepare students to succeed in college.,Strongly disagree | Disagree | Agree | Strongly agree
2022,Supportive Environment,acno,Peer Support for Academic Work,Student,Students report that their classroom peers:,1,m352,Think doing homework is important?,None | A few | About half | Most | All
2022,Supportive Environment,acno,Peer Support for Academic Work,Student,Students report that their classroom peers:,2,m353,Feel it is important to pay attention in class?,None | A few | About half | Most | All
2022,Supportive Environment,acno,Peer Support for Academic Work,Student,Students report that their classroom peers:,3,m354,Feel it is important to attend school every day?,None | A few | About half | Most | All
2022,Supportive Environment,acno,Peer Support for Academic Work,Student,Students report that their classroom peers:,4,m355,Try hard to get good grades?,None | A few | About half | Most | All
2022,Supportive Environment,safe1,Safety,Student,Students report how safe they feel:,1,m1844,Outside around the school?,Not safe | Somewhat safe | Mostly safe | Very safe
2022,Supportive Environment,safe1,Safety,Student,Students report how safe they feel:,2,m1845,Traveling between home and school?,Not safe | Somewhat safe | Mostly safe | Very safe
2022,Supportive Environment,safe1,Safety,Student,Students report how safe they feel:,3,m1849,In the bathrooms of the school?,Not safe | Somewhat safe | Mostly safe | Very safe
2022,Supportive Environment,safe1,Safety,Student,Students report how safe they feel:,4,m1848,In the hallways of the school?,Not safe | Somewhat safe | Mostly safe | Very safe
2022,Supportive Environment,safe1,Safety,Student,Students report how safe they feel:,5,m1847,In your classes?,Not safe | Somewhat safe | Mostly safe | Very safe
2022,Supportive Environment,slap,School-Wide Future Orientation,Student,Students report that:,1,m235,Teachers work hard to make sure that students stay in school.,Strongly disagree | Disagree | Agree | Strongly agree
2022,Supportive Environment,slap,School-Wide Future Orientation,Student,Students report that:,2,m234,"Teachers pay attention to all students, not just the top students.",Strongly disagree | Disagree | Agree | Strongly agree
2022,Supportive Environment,slap,School-Wide Future Orientation,Student,Students report that:,3,m230,Teachers make sure that all students are planning for life after graduation.,Strongly disagree | Disagree | Agree | Strongly agree
2022,Supportive Environment,slap,School-Wide Future Orientation,Student,Students report that:,4,m231,Teachers work hard to make sure that all students are learning.,Strongly disagree | Disagree | Agree | Strongly agree
2022,Supportive Environment,slap,School-Wide Future Orientation,Student,Students report that:,5,m233,All students are encouraged to go to college.,Strongly disagree | Disagree | Agree | Strongly agree
2022,Supportive Environment,slap,School-Wide Future Orientation,Student,Students report that:,6,m232,High school is seen as preparation for the future.,Strongly disagree | Disagree | Agree | Strongly agree
2022,Supportive Environment,trts,Student-Teacher Trust,Student,Students report:,1,m201,My teachers always keep their promises.,Strongly disagree | Disagree | Agree | Strongly agree
2022,Supportive Environment,trts,Student-Teacher Trust,Student,Students report:,2,m2077,My teachers always listen to students' ideas.,Strongly disagree | Disagree | Agree | Strongly agree
2022,Supportive Environment,trts,Student-Teacher Trust,Student,Students report:,3,m2076,I feel comfortable with my teachers at this school.,Strongly disagree | Disagree | Agree | Strongly agree
2022,Supportive Environment,trts,Student-Teacher Trust,Student,Students report:,4,m205,My teachers treat me with respect.,Strongly disagree | Disagree | Agree | Strongly agree
2022,Supportive Environment,trts,Student-Teacher Trust,Student,Students report:,5,m2075,I feel safe with my teachers at this school.,Strongly disagree | Disagree | Agree | Strongly agree
2023,Ambitious Instruction,pres,Academic Press,Student,Students report the following about one specific class:,1,m362,The teacher asks difficult questions in class,Never | Once in a while | Most of the time | All the time
2023,Ambitious Instruction,pres,Academic Press,Student,Students report the following about one specific class:,2,m361,The teacher asks difficult questions on tests,Never | Once in a while | Most of the time | All the time
2023,Ambitious Instruction,pres,Academic Press,Student,Students report the following about one specific class:,3,m360,This class challenges me,Never | Once in a while | Most of the time | All the time
2023,Ambitious Instruction,pres,Academic Press,Student,Students report the following about one specific class:,4,m358,This class really makes me think.,Strongly disagree | Disagree | Agree | Strongly agree
2023,Ambitious Instruction,pres,Academic Press,Student,Students report the following about one specific class:,5,m388,I really learn a lot in this class,Strongly disagree | Disagree | Agree | Strongly agree
2023,Ambitious Instruction,pres,Academic Press,Student,Students report the following about one specific class:,6,m363,This class requries me to work hard to do well,Never | Once in a while | Most of the time | All the time
2023,Ambitious Instruction,pres,Academic Press,Student,Students report the following about one specific class:,7,m389,"The teacher wants us to become better thinkers, not just memorize things",Strongly disagree | Disagree | Agree | Strongly agree
2023,Ambitious Instruction,pres,Academic Press,Student,Students report the following about one specific class:,8,m356,The teacher expects me to do my best all the time,Strongly disagree | Disagree | Agree | Strongly agree
2023,Ambitious Instruction,pres,Academic Press,Student,Students report the following about one specific class:,9,m357,The teacher expects everyone to work hard,Strongly disagree | Disagree | Agree | Strongly agree
2023,Ambitious Instruction,engl,English Instruction,Student,Students report doing the following in English class:,1,m152,Rewrite a paper or essay in response to comments.,Never | Once or twice a semester | Once or twice a month | Once or twice a week | Almost every day
2023,Ambitious Instruction,engl,English Instruction,Student,Students report doing the following in English class:,2,m156,Improve a piece of writing as a class or with partners.,Never | Once or twice a semester | Once or twice a month | Once or twice a week | Almost every day
2023,Ambitious Instruction,engl,English Instruction,Student,Students report doing the following in English class:,3,m157,Debate the meaning of a reading.,Never | Once or twice a semester | Once or twice a month | Once or twice a week | Almost every day
2023,Ambitious Instruction,engl,English Instruction,Student,Students report doing the following in English class:,4,m154,"Discuss how culture, time, or place affects an author's writing.",Never | Once or twice a semester | Once or twice a month | Once or twice a week | Almost every day
2023,Ambitious Instruction,engl,English Instruction,Student,Students report doing the following in English class:,5,m153,Discuss connections between a reading and real life people or situations.,Never | Once or twice a semester | Once or twice a month | Once or twice a week | Almost every day
2023,Ambitious Instruction,math,Math Instruction,Student,Students report that they do the following in math class:,1,m171,Write a math problem for other students to solve.,Never | Once or twice a semester | Once or twice a month | Once or twice a week | Almost every day
2023,Ambitious Instruction,math,Math Instruction,Student,Students report that they do the following in math class:,2,m169,Write a few sentences to explain how you solved a math problem.,Never | Once or twice a semester | Once or twice a month | Once or twice a week | Almost every day
2023,Ambitious Instruction,math,Math Instruction,Student,Students report that they do the following in math class:,3,m173,Apply math to situations in life outside of school.,Never | Once or twice a semester | Once or twice a month | Once or twice a week | Almost every day
2023,Ambitious Instruction,math,Math Instruction,Student,Students report that they do the following in math class:,4,m170,Explain how you solved a problem to the class.,Never | Once or twice a semester | Once or twice a month | Once or twice a week | Almost every day
2023,Ambitious Instruction,math,Math Instruction,Student,Students report that they do the following in math class:,5,m172,Discuss possible solutions to problems with other students.,Never | Once or twice a semester | Once or twice a month | Once or twice a week | Almost every day
2023,Ambitious Instruction,sdis,Quality of Student Discussion,Teacher,Teachers report the following about classroom discussions:,1,m13,Students use data and text references to support their ideas.,Never | Rarely | Sometimes | Almost always
2023,Ambitious Instruction,sdis,Quality of Student Discussion,Teacher,Teachers report the following about classroom discussions:,2,m15,Students provide constructive feedback to their peers and to me.,Never | Rarely | Sometimes | Almost always
2023,Ambitious Instruction,sdis,Quality of Student Discussion,Teacher,Teachers report the following about classroom discussions:,3,m12,Students build on each other’s ideas during discussion.,Never | Rarely | Sometimes | Almost always
2023,Ambitious Instruction,sdis,Quality of Student Discussion,Teacher,Teachers report the following about classroom discussions:,4,m16,Most students participate in the discussion at some point.,Never | Rarely | Sometimes | Almost always
2023,Ambitious Instruction,sdis,Quality of Student Discussion,Teacher,Teachers report the following about classroom discussions:,5,m14,Students show each other respect.,Never | Rarely | Sometimes | Almost always
2023,Collaborative Teachers,colb,Collaborative Practices,Teacher,Teachers report how often they have done the following:,1,m375,Observed another teacher's classroom to offer feedback.,Never | Once or twice | 3-9 times | 10 or more times
2023,Collaborative Teachers,colb,Collaborative Practices,Teacher,Teachers report how often they have done the following:,2,m376,Observed another teacher's classroom to get ideas for your own instruction.,Never | Once or twice | 3-9 times | 10 or more times
2023,Collaborative Teachers,colb,Collaborative Practices,Teacher,Teachers report how often they have done the following:,3,m377,Gone over student assessment data with other teachers to make instructional decisions.,Never | Once or twice | 3-9 times | 10 or more times
2023,Collaborative Teachers,colb,Collaborative Practices,Teacher,Teachers report how often they have done the following:,4,m378,Worked with other teachers to develop materials or activities for particular classes.,Never | Once or twice | 3-9 times | 10 or more times
2023,Collaborative Teachers,colb,Collaborative Practices,Teacher,Teachers report how often they have done the following:,5,m379,Worked on instructional strategies with other teachers.,Never | Once or twice | 3-9 times | 10 or more times
2023,Collaborative Teachers,colr,Collective Responsibility,Teacher,Teachers report that other teachers in the school:,1,m6,Feel responsible when students in this school fail.,None | Some | About half | Most | Nearly all
2023,Collaborative Teachers,colr,Collective Responsibility,Teacher,Teachers report that other teachers in the school:,2,m3,Feel responsible to help each other do their best.,None | Some | About half | Most | Nearly all
2023,Collaborative Teachers,colr,Collective Responsibility,Teacher,Teachers report that other teachers in the school:,3,m1,"Help maintain discipline in the entire school, not just their classroom?",None | Some | About half | Most | Nearly all
2023,Collaborative Teachers,colr,Collective Responsibility,Teacher,Teachers report that other teachers in the school:,4,m2,Take responsibility for improving the school.,None | Some | About half | Most | Nearly all
2023,Collaborative Teachers,colr,Collective Responsibility,Teacher,Teachers report that other teachers in the school:,5,m5,Feel responsible for helping students develop self-control.,None | Some | About half | Most | Nearly all
2023,Collaborative Teachers,colr,Collective Responsibility,Teacher,Teachers report that other teachers in the school:,6,m4,Feel responsible that all students learn.,None | Some | About half | Most | Nearly all
2023,Collaborative Teachers,qpd2,Quality Professional Development,Teacher,Teachers report that professional development this year has:,1,m109,Included opportunities to work productively with teachers from other schools.,Strongly disagree | Disagree | Agree | Strongly agree
2023,Collaborative Teachers,qpd2,Quality Professional Development,Teacher,Teachers report that professional development this year has:,2,m106,"Included enough time to think carefully about, try, and evaluate new ideas.",Strongly disagree | Disagree | Agree | Strongly agree
2023,Collaborative Teachers,qpd2,Quality Professional Development,Teacher,Teachers report that professional development this year has:,3,m105,"Been sustained and coherently focused, rather than short-term and unrelated.",Strongly disagree | Disagree | Agree | Strongly agree
2023,Collaborative Teachers,qpd2,Quality Professional Development,Teacher,Teachers report that professional development this year has:,4,m108,Included opportunities to work productively with colleagues in my school.,Strongly disagree | Disagree | Agree | Strongly agree
2023,Collaborative Teachers,qpd2,Quality Professional Development,Teacher,Teachers report that professional development this year has:,5,m107,Been closely connected to my school’s improvement plan.,Strongly disagree | Disagree | Agree | Strongly agree
2023,Collaborative Teachers,scmt,School Commitment,Teacher,Teachers report the following:,1,m9,I wouldn’t want to work in any other school.,Strongly disagree | Disagree | Agree | Strongly agree
2023,Collaborative Teachers,scmt,School Commitment,Teacher,Teachers report the following:,2,m11,I would recommend this school to parents seeking a place for their child.,Strongly disagree | Disagree | Agree | Strongly agree
2023,Collaborative Teachers,scmt,School Commitment,Teacher,Teachers report the following:,3,m8,I usually look forward to each working day at this school.,Strongly disagree | Disagree | Agree | Strongly agree
2023,Collaborative Teachers,scmt,School Commitment,Teacher,Teachers report the following:,4,m10,I feel loyal to this school.,Strongly disagree | Disagree | Agree | Strongly agree
2023,Collaborative Teachers,trte,Teacher-Teacher Trust,Teacher,Teachers report the following:,1,m32,Teachers in this school trust each other.,Strongly disagree | Disagree | Agree | Strongly agree
2023,Collaborative Teachers,trte,Teacher-Teacher Trust,Teacher,Teachers report the following:,2,m33,"It's OK in this school to discuss feelings, worries, and frustrations with other teachers.",Strongly disagree | Disagree | Agree | Strongly agree
2023,Collaborative Teachers,trte,Teacher-Teacher Trust,Teacher,Teachers report the following:,3,m34,Teachers respect other teachers who take the lead in school improvement efforts.,Strongly disagree | Disagree | Agree | Strongly agree
2023,Collaborative Teachers,trte,Teacher-Teacher Trust,Teacher,Teachers report the following:,4,m35,Teachers at this school respect those colleagues who are experts at their craft.,Strongly disagree | Disagree | Agree | Strongly agree
2023,Collaborative Teachers,trte,Teacher-Teacher Trust,Teacher,Teachers report the following:,5,m387,Teachers feel respected by other teachers,Not at all | A little | Some | To a great extent
2023,Effective Leaders,ins3,Instructional Leadership,Teacher,Teachers report that a member of the school leadership team:,1,m844,Knows what’s going on in my classroom.,Strongly disagree | Disagree | Agree | Strongly agree
2023,Effective Leaders,ins3,Instructional Leadership,Teacher,Teachers report that a member of the school leadership team:,2,m845,Provides me with useful feedback to improve my teaching.,Strongly disagree | Disagree | Agree | Strongly agree
2023,Effective Leaders,ins3,Instructional Leadership,Teacher,Teachers report that a member of the school leadership team:,3,m846,Has provided me with the support I need to improve my teaching.,Strongly disagree | Disagree | Agree | Strongly agree
2023,Effective Leaders,ins3,Instructional Leadership,Teacher,Teachers report that a member of the school leadership team:,4,m843,Presses teachers to implement what they have learned in professional development.,Strongly disagree | Disagree | Agree | Strongly agree
2023,Effective Leaders,ins3,Instructional Leadership,Teacher,Teachers report that a member of the school leadership team:,5,m842,Communicates a clear vision for our school.,Strongly disagree | Disagree | Agree | Strongly agree
2023,Effective Leaders,ins3,Instructional Leadership,Teacher,Teachers report that a member of the school leadership team:,6,m841,Makes clear to the staff the leadership’s expectations for meeting instructional goals.,Strongly disagree | Disagree | Agree | Strongly agree
2023,Effective Leaders,pgmc,Program Coherence,Teacher,Teachers report the following:,1,m47,Many special programs come and go at this school.,Strongly disagree | Disagree | Agree | Strongly agree
2023,Effective Leaders,pgmc,Program Coherence,Teacher,Teachers report the following:,2,m45,"Once we start a new program in this school, we follow up to make sure that it's working.",Strongly disagree | Disagree | Agree | Strongly agree
2023,Effective Leaders,pgmc,Program Coherence,Teacher,Teachers report the following:,3,m48,"Curriculum, instruction, and learning materials are well coordinated across different grade levels at this school.",Strongly disagree | Disagree | Agree | Strongly agree
2023,Effective Leaders,pgmc,Program Coherence,Teacher,Teachers report the following:,4,m46,We have so many different programs in this school/center that I can’t keep track of them all.,Strongly disagree | Disagree | Agree | Strongly agree
2023,Effective Leaders,pgmc,Program Coherence,Teacher,Teachers report the following:,5,m49,"There is consistency in curriculum, instruction, and learning materials among teachers in the same grade level at this school.",Strongly disagree | Disagree | Agree | Strongly agree
2023,Effective Leaders,inf3,Teacher Influence,Teacher,Teachers report having influence on:,1,m807,Planning how discretionary school funds should be used.,No influence | A little influence | Some influence | A great deal of influence
2023,Effective Leaders,inf3,Teacher Influence,Teacher,Teachers report having influence on:,2,m810,Determining the content of in-service programs.,No influence | A little influence | Some influence | A great deal of influence
2023,Effective Leaders,inf3,Teacher Influence,Teacher,Teachers report having influence on:,3,m808,Determining which books and other instructional materials are used in classrooms.,No influence | A little influence | Some influence | A great deal of influence
2023,Effective Leaders,inf3,Teacher Influence,Teacher,Teachers report having influence on:,4,m809,Establishing the curriculum and instructional program.,No influence | A little influence | Some influence | A great deal of influence
2023,Effective Leaders,inf3,Teacher Influence,Teacher,Teachers report having influence on:,5,m811,Setting standards for student behavior.,No influence | A little influence | Some influence | A great deal of influence
2023,Effective Leaders,trpr,Teacher-Principal Trust,Teacher,Teachers report the following:,1,m28,"It’s OK in this school to discuss feelings, worries, and frustrations with the principal.",Strongly disagree | Disagree | Agree | Strongly agree
2023,Effective Leaders,trpr,Teacher-Principal Trust,Teacher,Teachers report the following:,2,m30,The principal looks out for the personal welfare of the faculty members.,Strongly disagree | Disagree | Agree | Strongly agree
2023,Effective Leaders,trpr,Teacher-Principal Trust,Teacher,Teachers report the following:,3,m27,I trust the principal at his or her word.,Strongly disagree | Disagree | Agree | Strongly agree
2023,Effective Leaders,trpr,Teacher-Principal Trust,Teacher,Teachers report the following:,4,m386,The principal at this school is an effective manager who makes the school run smoothly.,Strongly disagree | Disagree | Agree | Strongly agree
2023,Effective Leaders,trpr,Teacher-Principal Trust,Teacher,Teachers report the following:,5,m31,The principal places the needs of children ahead of personal and political interests.,Strongly disagree | Disagree | Agree | Strongly agree
2023,Effective Leaders,trpr,Teacher-Principal Trust,Teacher,Teachers report the following:,6,m26,The principal has confidence in the expertise of the teachers.,Strongly disagree | Disagree | Agree | Strongly agree
2023,Effective Leaders,trpr,Teacher-Principal Trust,Teacher,Teachers report the following:,7,m29,The principal takes a personal interest in the professional development of teachers.,Strongly disagree | Disagree | Agree | Strongly agree
2023,Effective Leaders,trpr,Teacher-Principal Trust,Teacher,Teachers report the following:,8,m385,Teachers feel respected by the principal,Not at all | A little | Some | To a great extent
2023,Involved Families,pnfl,Parent Influence on Decision Making in Schools,Teacher,Teachers report that the school:,1,m829,Involves parents in commenting on school curricula.,Not at all | A little | Somewhat | A great deal
2023,Involved Families,pnfl,Parent Influence on Decision Making in Schools,Teacher,Teachers report that the school:,2,m827,"Develops formal networks to link all families with each other (for example: sharing parent directories, providing a website for parents to connect with one another, etc.).",Not at all | A little | Somewhat | A great deal
2023,Involved Families,pnfl,Parent Influence on Decision Making in Schools,Teacher,Teachers report that the school:,3,m828,Encourage more involved parents/guardians to reach out to less involved parents/guardians?,Not at all | A little | Somewhat | A great deal
2023,Involved Families,pnfl,Parent Influence on Decision Making in Schools,Teacher,Teachers report that the school:,4,m824,Involves parents in the development of programs aimed at improving students’ academic outcomes.,Not at all | A little | Somewhat | A great deal
2023,Involved Families,pnfl,Parent Influence on Decision Making in Schools,Teacher,Teachers report that the school:,5,m830,Includes parent leaders from all backgrounds in school improvement efforts.,Not at all | A little | Somewhat | A great deal
2023,Involved Families,prt4,Parent Involvement in School,Teacher,Teachers report that students' parents:,1,m737,"Volunteered time to support the school/center (e.g., volunteer in classrooms, help with school/center-wide events, etc.).",None | Some | About half | Most | All
2023,Involved Families,prt4,Parent Involvement in School,Teacher,Teachers report that students' parents:,2,m738,Contacted you about their child's performance.,None | Some | About half | Most | All
2023,Involved Families,prt4,Parent Involvement in School,Teacher,Teachers report that students' parents:,3,m739,Responded to your suggestions for helping their child.,None | Some | About half | Most | All
2023,Involved Families,prt4,Parent Involvement in School,Teacher,Teachers report that students' parents:,4,m736,Attended parent-teacher conferences when you requested them.,None | Some | About half | Most | All
2023,Involved Families,trpa,Teacher-Parent Trust,Teacher,Teachers report the following:,1,m54,Parents do their best to help their children learn.,None | Some | About half | Most | All
2023,Involved Families,trpa,Teacher-Parent Trust,Teacher,Teachers report the following:,2,m92,Teachers feel good about parents' support for their work.,None | Some | About half | Most | Nearly all
2023,Involved Families,trpa,Teacher-Parent Trust,Teacher,Teachers report the following:,3,m53,Parents support teachers' teaching efforts.,None | Some | About half | Most | All
2023,Involved Families,trpa,Teacher-Parent Trust,Teacher,Teachers report the following:,4,m55,Teachers and parents at this school think of each other as partners in educating children.,Strongly disagree | Disagree | Agree | Strongly agree
2023,Involved Families,trpa,Teacher-Parent Trust,Teacher,Teachers report the following:,5,m56,Staff at this school work hard to build trusting relationships with parents.,Strongly disagree | Disagree | Agree | Strongly agree
2023,Involved Families,trpa,Teacher-Parent Trust,Teacher,Teachers report the following:,6,m384,Teachers feel respected by the parents of the students,Not at all | A little | Some | To a great extent
2023,Supplemental measures,engg,Academic Engagement,Student,Students report:,1,m368,Sometimes I get so interested in my work I don't want to stop.,Strongly disagree | Disagree | Agree | Strongly agree
2023,Supplemental measures,engg,Academic Engagement,Student,Students report:,2,m365,I usually look forward to this class.,Strongly disagree | Disagree | Agree | Strongly agree
2023,Supplemental measures,engg,Academic Engagement,Student,Students report:,3,m364,The topics we are studying are interesting and challenging.,Strongly disagree | Disagree | Agree | Strongly agree
2023,Supplemental measures,engg,Academic Engagement,Student,Students report:,4,m366,I work hard to do my best in this class.,Strongly disagree | Disagree | Agree | Strongly agree
2023,Supplemental measures,cdis1,Classroom Disruptions,Teacher,Teachers report that students in their classrooms:,1,m1841,Threaten you verbally?,None | A few | A lot | Almost all
2023,Supplemental measures,cdis1,Classroom Disruptions,Teacher,Teachers report that students in their classrooms:,2,m1839,Refuse to respond when addressed?,None | A few | A lot | Almost all
2023,Supplemental measures,cdis1,Classroom Disruptions,Teacher,Teachers report that students in their classrooms:,3,m1838,Create serious behavior problems in your class?,None | A few | A lot | Almost all
2023,Supplemental measures,cdis1,Classroom Disruptions,Teacher,Teachers report that students in their classrooms:,4,m1840,Use inappropriate language during class?,None | A few | A lot | Almost all
2023,Supplemental measures,cdis1,Classroom Disruptions,Teacher,Teachers report that students in their classrooms:,5,m1843,"Do off-task things (e.g., play games, text, talk on cell phone) during instructional time?",None | A few | A lot | Almost all
2023,Supplemental measures,rigr,Classroom Rigor,Student,Students report that the teacher in their target class:,1,m520,Often connects what I am learning to life outside of the classroom.,Strongly disagree | Disagree | Agree | Strongly agree
2023,Supplemental measures,rigr,Classroom Rigor,Student,Students report that the teacher in their target class:,2,m525,We talk about different solutions or points of view.,Very little | Some | Quite a bit | A great deal
2023,Supplemental measures,rigr,Classroom Rigor,Student,Students report that the teacher in their target class:,3,m521,Encourages students to share their ideas about things we are studying in class.,Strongly disagree | Disagree | Agree | Strongly agree
2023,Supplemental measures,rigr,Classroom Rigor,Student,Students report that the teacher in their target class:,4,m523,Encourages us to consider different solutions or points of view.,Strongly disagree | Disagree | Agree | Strongly agree
2023,Supplemental measures,rigr,Classroom Rigor,Student,Students report that the teacher in their target class:,5,m524,Doesn't let students give up when the work gets hard.,Strongly disagree | Disagree | Agree | Strongly agree
2023,Supplemental measures,rigr,Classroom Rigor,Student,Students report that the teacher in their target class:,6,m522,Often requires me to explain my answers.,Strongly disagree | Disagree | Agree | Strongly agree
2023,Supplemental measures,clar,Course Clarity,Student,Students report the following about one specific class:,1,m350,I learn a lot from feedback on my work.,Strongly disagree | Disagree | Agree | Strongly agree
2023,Supplemental measures,clar,Course Clarity,Student,Students report the following about one specific class:,2,m351,The homework assignments help me to learn the course material.,Strongly disagree | Disagree | Agree | Strongly agree
2023,Supplemental measures,clar,Course Clarity,Student,Students report the following about one specific class:,3,m349,The work we do in class is good preparation for the test.,Strongly disagree | Disagree | Agree | Strongly agree
2023,Supplemental measures,clar,Course Clarity,Student,Students report the following about one specific class:,4,m399,I know what my teacher wants me to learn in this class.,Strongly disagree | Disagree | Agree | Strongly agree
2023,Supplemental measures,clar,Course Clarity,Student,Students report the following about one specific class:,5,m348,It's clear to me what I need to do to get a good grade.,Strongly disagree | Disagree | Agree | Strongly agree
2023,Supplemental measures,emhl,Emotional Health,Student,Students report:,1,m506,I can always find a way to help people end arguments.,Strongly disagree | Disagree | Agree | Strongly agree
2023,Supplemental measures,emhl,Emotional Health,Student,Students report:,2,m508,I'm good at working with other students.,Strongly disagree | Disagree | Agree | Strongly agree
2023,Supplemental measures,emhl,Emotional Health,Student,Students report:,3,m507,I listen carefully to what other people say to me.,Strongly disagree | Disagree | Agree | Strongly agree
2023,Supplemental measures,emhl,Emotional Health,Student,Students report:,4,m509,I'm good at helping other people.,Strongly disagree | Disagree | Agree | Strongly agree
2023,Supplemental measures,grit,Grit,Student,Students report:,1,m583,I finish whatever I begin.,Not at all like me | Not much like me | Somewhat like me | Mostly like me | Very much like me
2023,Supplemental measures,grit,Grit,Student,Students report:,2,m584,I am a hard worker.,Not at all like me | Not much like me | Somewhat like me | Mostly like me | Very much like me
2023,Supplemental measures,grit,Grit,Student,Students report:,3,m585,I continue steadily toward my goals.,Not at all like me | Not much like me | Somewhat like me | Mostly like me | Very much like me
2023,Supplemental measures,grit,Grit,Student,Students report:,4,m586,I don't give up easily.,Not at all like me | Not much like me | Somewhat like me | Mostly like me | Very much like me
2023,Supplemental measures,humr,Human & Social Resources in the Community,Student,Students report the following about their community:,1,m162,People in this neighborhood can be trusted.,Strongly disagree | Disagree | Agree | Strongly agree
2023,Supplemental measures,humr,Human & Social Resources in the Community,Student,Students report the following about their community:,2,m163,"The equipment and buildings in the neighborhood, park, or playground are well kept.",Strongly disagree | Disagree | Agree | Strongly agree
2023,Supplemental measures,humr,Human & Social Resources in the Community,Student,Students report the following about their community:,3,m158,There are adults in this neighborhood that children can look up to.,Strongly disagree | Disagree | Agree | Strongly agree
2023,Supplemental measures,humr,Human & Social Resources in the Community,Student,Students report the following about their community:,4,m159,Adults in this neighborhood know who the local children are.,Strongly disagree | Disagree | Agree | Strongly agree
2023,Supplemental measures,humr,Human & Social Resources in the Community,Student,Students report the following about their community:,5,m161,"During the day, it is safe for children to play in the local park or playground.",Strongly disagree | Disagree | Agree | Strongly agree
2023,Supplemental measures,futr,Importance of High School for the Future,Student,Students report:,1,m226,My classes give me useful preparation for what I plan to do in life.,Strongly disagree | Disagree | Agree | Strongly agree
2023,Supplemental measures,futr,Importance of High School for the Future,Student,Students report:,2,m225,High school teaches me valuable skills.,Strongly disagree | Disagree | Agree | Strongly agree
2023,Supplemental measures,futr,Importance of High School for the Future,Student,Students report:,3,m223,What we learn in class is necessary for success in the future.,Strongly disagree | Disagree | Agree | Strongly agree
2023,Supplemental measures,futr,Importance of High School for the Future,Student,Students report:,4,m224,Working hard in high school matters for success in the workforce.,Strongly disagree | Disagree | Agree | Strongly agree
2023,Supplemental measures,innv,Innovation,Teacher,Teachers report that:,1,m90,Teachers are willing to take risks to make the school better.,None | Some | About half | Most | Nearly all
2023,Supplemental measures,innv,Innovation,Teacher,Teachers report that:,2,m91,Teachers are eager to try new ideas.,None | Some | About half | Most | Nearly all
2023,Supplemental measures,innv,Innovation,Teacher,Teachers report that:,3,m37,Teachers are continually learning and seeking new ideas.,Strongly disagree | Disagree | Agree | Strongly agree
2023,Supplemental measures,innv,Innovation,Teacher,Teachers report that:,4,m89,Teachers are really trying to improve their teaching.,None | Some | About half | Most | Nearly all
2023,Supplemental measures,scie,Inquiry-Based Science Instruction,Student,Students report doing the following in science class:,1,m236,Use laboratory equipment or specimens.,Never | Once or twice a semester | Once or twice a month | Once or twice a week | Almost every day
2023,Supplemental measures,scie,Inquiry-Based Science Instruction,Student,Students report doing the following in science class:,2,m237,Write lab reports.,Never | Once or twice a semester | Once or twice a month | Once or twice a week | Almost every day
2023,Supplemental measures,scie,Inquiry-Based Science Instruction,Student,Students report doing the following in science class:,3,m238,Generate your own hypotheses.,Never | Once or twice a semester | Once or twice a month | Once or twice a week | Almost every day
2023,Supplemental measures,scie,Inquiry-Based Science Instruction,Student,Students report doing the following in science class:,4,m239,Use evidence/data to support an argument or hypothesis.,Never | Once or twice a semester | Once or twice a month | Once or twice a week | Almost every day
2023,Supplemental measures,scie,Inquiry-Based Science Instruction,Student,Students report doing the following in science class:,5,m240,Find information from graphs and tables.,Never | Once or twice a semester | Once or twice a month | Once or twice a week | Almost every day
2023,Supplemental measures,prs2,Parent Supportiveness,Student,Students report the following about their parents. My parents:,1,m519,Take time to help you make decisions.,Never | Some of the time | Most of the time | All of the time
2023,Supplemental measures,prs2,Parent Supportiveness,Student,Students report the following about their parents. My parents:,2,m517,Listen to you when you need to talk.,Never | Some of the time | Most of the time | All of the time
2023,Supplemental measures,prs2,Parent Supportiveness,Student,Students report the following about their parents. My parents:,3,m518,Show they are proud of you.,Never | Some of the time | Most of the time | All of the time
2023,Supplemental measures,prs2,Parent Supportiveness,Student,Students report the following about their parents. My parents:,4,m515,Encourage you to work hard at school.,Never | Some of the time | Most of the time | All of the time
2023,Supplemental measures,refd,Reflective Dialogue,Teacher,Teachers report having conversations with colleagues about:,1,m87,The goals of this school.,Less than once a month | 2 or 3 times per month | 1 or 2 times per week | Almost daily
2023,Supplemental measures,refd,Reflective Dialogue,Teacher,Teachers report having conversations with colleagues about:,2,m86,The development of new curriculum,Less than once a month | 2 or 3 times per month | 1 or 2 times per week | Almost daily
2023,Supplemental measures,refd,Reflective Dialogue,Teacher,Teachers report having conversations with colleagues about:,3,m88,Managing classroom behavior,Less than once a month | 2 or 3 times per month | 1 or 2 times per week | Almost daily
2023,Supplemental measures,refd,Reflective Dialogue,Teacher,Teachers report having conversations with colleagues about:,4,m85,What helps students learn the best,Less than once a month | 2 or 3 times per month | 1 or 2 times per week | Almost daily
2023,Supplemental measures,refd,Reflective Dialogue,Teacher,Teachers report having conversations with colleagues about:,5,m82,Student work,Strongly disagree | Disagree | Agree | Strongly agree
2023,Supplemental measures,refd,Reflective Dialogue,Teacher,Teachers report having conversations with colleagues about:,6,m81,"Instruction in the teachers' lounge, faculty meetings, etc.",Strongly disagree | Disagree | Agree | Strongly agree
2023,Supplemental measures,stdy,Rigorous Study Habits,Student,Students report that:,1,m191,I always study for tests.,Strongly disagree | Disagree | Agree | Strongly agree
2023,Supplemental measures,stdy,Rigorous Study Habits,Student,Students report that:,2,m190,"If I need to study, I don't go out with my friends.",Strongly disagree | Disagree | Agree | Strongly agree
2023,Supplemental measures,stdy,Rigorous Study Habits,Student,Students report that:,3,m188,I set aside time to do my homework and study.,Strongly disagree | Disagree | Agree | Strongly agree
2023,Supplemental measures,stdy,Rigorous Study Habits,Student,Students report that:,4,m189,I try to do well on my schoolwork even when it isn't interesting to me.,Strongly disagree | Disagree | Agree | Strongly agree
2023,Supplemental measures,pssm,School Connectedness,Student,Students report the following:,1,m512,Other students in my school take my opinions seriously.,Strongly disagree | Disagree | Agree | Strongly agree
2023,Supplemental measures,pssm,School Connectedness,Student,Students report the following:,2,m514,I'm included in lots of activities at school.,Strongly disagree | Disagree | Agree | Strongly agree
2023,Supplemental measures,pssm,School Connectedness,Student,Students report the following:,3,m510,I feel like a real part of my school.,Strongly disagree | Disagree | Agree | Strongly agree
2023,Supplemental measures,pssm,School Connectedness,Student,Students report the following:,4,m511,People here notice when I'm good at something.,Strongly disagree | Disagree | Agree | Strongly agree
2023,Supplemental measures,pssm,School Connectedness,Student,Students report the following:,5,m513,People at this school are friendly to me.,Strongly disagree | Disagree | Agree | Strongly agree
2023,Supplemental measures,ssaf,School Safety,Student,Students report  that:,1,m553,I worry about crime and violence in this school.,Strongly disagree | Disagree | Agree | Strongly agree
2023,Supplemental measures,ssaf,School Safety,Student,Students report  that:,2,m555,Students at this school are often threatened or bullied.,Strongly disagree | Disagree | Agree | Strongly agree
2023,Supplemental measures,ssaf,School Safety,Student,Students report  that:,3,m554,Students at this school are often teased or picked on.,Strongly disagree | Disagree | Agree | Strongly agree
2023,Supplemental measures,socz,Socialization of New Teachers,Teacher,Teachers report the following:,1,m1229,How many teachers are assigned a mentor teacher when they first begin working at this school?,None | A few | Most | All
2023,Supplemental measures,socz,Socialization of New Teachers,Teacher,Teachers report the following:,2,m83,"Experienced teachers invite new teachers into their classes to observe, give feedback, etc.",Strongly disagree | Disagree | Agree | Strongly agree
2023,Supplemental measures,socz,Socialization of New Teachers,Teacher,Teachers report the following:,3,m84,A conscious effort is made by faculty to make new teachers feel welcome here.,Strongly disagree | Disagree | Agree | Strongly agree
2023,Supplemental measures,peer,Student Peer Relationships,Student,Students report that their school peers:,1,m193,Like to put others down.,Strongly disagree | Disagree | Agree | Strongly agree
2023,Supplemental measures,peer,Student Peer Relationships,Student,Students report that their school peers:,2,m197,Treat each other with respect.,Strongly disagree | Disagree | Agree | Strongly agree
2023,Supplemental measures,peer,Student Peer Relationships,Student,Students report that their school peers:,3,m195,Don't get along together very well.,Strongly disagree | Disagree | Agree | Strongly agree
2023,Supplemental measures,peer,Student Peer Relationships,Student,Students report that their school peers:,4,m194,Help each other learn.,Strongly disagree | Disagree | Agree | Strongly agree
2023,Supplemental measures,prti,Student Responsibility,Teacher,Teachers report that their students:,1,m70,Always turn in their homework?,None | Some | About half | Most | Nearly all
2023,Supplemental measures,prti,Student Responsibility,Teacher,Teachers report that their students:,2,m67,Come to class prepared with the appropriate supplies and books?,None | Some | About half | Most | Nearly all
2023,Supplemental measures,prti,Student Responsibility,Teacher,Teachers report that their students:,3,m69,Actively participate in class activities?,None | Some | About half | Most | Nearly all
2023,Supplemental measures,prti,Student Responsibility,Teacher,Teachers report that their students:,4,m68,Regularly pay attention in class?,None | Some | About half | Most | Nearly all
2023,Supplemental measures,prti,Student Responsibility,Teacher,Teachers report that their students:,5,m65,Come to class on time?,None | Some | About half | Most | Nearly all
2023,Supplemental measures,prti,Student Responsibility,Teacher,Teachers report that their students:,6,m66,Attend class regularly?,None | Some | About half | Most | Nearly all
2023,Supplemental measures,tsaf,Teacher Safety,Teacher,Teachers report how much each of the following is a problem:,1,m80,Threats of violence toward teachers,Not at all | A little | Some | To a great extent
2023,Supplemental measures,tsaf,Teacher Safety,Teacher,Teachers report how much each of the following is a problem:,2,m75,Robbery or theft,Not at all | A little | Some | To a great extent
2023,Supplemental measures,tsaf,Teacher Safety,Teacher,Teachers report how much each of the following is a problem:,3,m76,Gang activity,Not at all | A little | Some | To a great extent
2023,Supplemental measures,tsaf,Teacher Safety,Teacher,Teachers report how much each of the following is a problem:,4,m77,Disorder in classrooms,Not at all | A little | Some | To a great extent
2023,Supplemental measures,tsaf,Teacher Safety,Teacher,Teachers report how much each of the following is a problem:,5,m74,Physical conflicts among students,Not at all | A little | Some | To a great extent
2023,Supplemental measures,tsaf,Teacher Safety,Teacher,Teachers report how much each of the following is a problem:,6,m79,Student disrespect of teachers,Not at all | A little | Some | To a great extent
2023,Supplemental measures,tsaf,Teacher Safety,Teacher,Teachers report how much each of the following is a problem:,7,m78,Disorder in hallways,Not at all | A little | Some | To a great extent
2023,Supportive Environment,perc,Academic Personalism,Student,Students report that their teacher:,1,m374,Helps me catch up if I am behind.,Strongly disagree | Disagree | Agree | Strongly agree
2023,Supportive Environment,perc,Academic Personalism,Student,Students report that their teacher:,2,m370,Notices if I have trouble learning something.,Strongly disagree | Disagree | Agree | Strongly agree
2023,Supportive Environment,perc,Academic Personalism,Student,Students report that their teacher:,3,m400,Gives me specific suggestions about how I can improve my work in this class.,Strongly disagree | Disagree | Agree | Strongly agree
2023,Supportive Environment,perc,Academic Personalism,Student,Students report that their teacher:,4,m373,Is willing to give extra help on schoolwork if I need it.,Strongly disagree | Disagree | Agree | Strongly agree
2023,Supportive Environment,perc,Academic Personalism,Student,Students report that their teacher:,5,m401,Explains things in a different way if I don't understand something in class.,Strongly disagree | Disagree | Agree | Strongly agree
2023,Supportive Environment,uexp,Expectations for Postsecondary Education,Teacher,Teachers report that:,1,m96,Most of the students in this school are planning to go to college.,Strongly disagree | Disagree | Agree | Strongly agree
2023,Supportive Environment,uexp,Expectations for Postsecondary Education,Teacher,Teachers report that:,2,m93,Teachers expect most students in this school to go to college.,Strongly disagree | Disagree | Agree | Strongly agree
2023,Supportive Environment,uexp,Expectations for Postsecondary Education,Teacher,Teachers report that:,3,m94,Teachers at this school help students plan for college outside of class time.,Strongly disagree | Disagree | Agree | Strongly agree
2023,Supportive Environment,uexp,Expectations for Postsecondary Education,Teacher,Teachers report that:,4,m95,The curriculum at this school is focused on helping students get ready for college.,Strongly disagree | Disagree | Agree | Strongly agree
2023,Supportive Environment,uexp,Expectations for Postsecondary Education,Teacher,Teachers report that:,5,m97,Teachers in this school feel that it is a part of their job to prepare students to succeed in college.,Strongly disagree | Disagree | Agree | Strongly agree
2023,Supportive Environment,acno,Peer Support for Academic Work,Student,Students report that their classroom peers:,1,m352,Think doing homework is important?,None | A few | About half | Most | All
2023,Supportive Environment,acno,Peer Support for Academic Work,Student,Students report that their classroom peers:,2,m353,Feel it is important to pay attention in class?,None | A few | About half | Most | All
2023,Supportive Environment,acno,Peer Support for Academic Work,Student,Students report that their classroom peers:,3,m354,Feel it is important to attend school every day?,None | A few | About half | Most | All
2023,Supportive Environment,acno,Peer Support for Academic Work,Student,Students report that their classroom peers:,4,m355,Try hard to get good grades?,None | A few | About half | Most | All
2023,Supportive Environment,safe1,Safety,Student,Students report how safe they feel:,1,m1844,Outside around the school?,Not safe | Somewhat safe | Mostly safe | Very safe
2023,Supportive Environment,safe1,Safety,Student,Students report how safe they feel:,2,m1845,Traveling between home and school?,Not safe | Somewhat safe | Mostly safe | Very safe
2023,Supportive Environment,safe1,Safety,Student,Students report how safe they feel:,3,m1849,In the bathrooms of the school?,Not safe | Somewhat safe | Mostly safe | Very safe
2023,Supportive Environment,safe1,Safety,Student,Students report how safe they feel:,4,m1848,In the hallways of the school?,Not safe | Somewhat safe | Mostly safe | Very safe
2023,Supportive Environment,safe1,Safety,Student,Students report how safe they feel:,5,m1847,In your classes?,Not safe | Somewhat safe | Mostly safe | Very safe
2023,Supportive Environment,slap,School-Wide Future Orientation,Student,Students report that:,1,m235,Teachers work hard to make sure that students stay in school.,Strongly disagree | Disagree | Agree | Strongly agree
2023,Supportive Environment,slap,School-Wide Future Orientation,Student,Students report that:,2,m234,"Teachers pay attention to all students, not just the top students.",Strongly disagree | Disagree | Agree | Strongly agree
2023,Supportive Environment,slap,School-Wide Future Orientation,Student,Students report that:,3,m230,Teachers make sure that all students are planning for life after graduation.,Strongly disagree | Disagree | Agree | Strongly agree
2023,Supportive Environment,slap,School-Wide Future Orientation,Student,Students report that:,4,m231,Teachers work hard to make sure that all students are learning.,Strongly disagree | Disagree | Agree | Strongly agree
2023,Supportive Environment,slap,School-Wide Future Orientation,Student,Students report that:,5,m233,All students are encouraged to go to college.,Strongly disagree | Disagree | Agree | Strongly agree
2023,Supportive Environment,slap,School-Wide Future Orientation,Student,Students report that:,6,m232,High school is seen as preparation for the future.,Strongly disagree | Disagree | Agree | Strongly agree
2023,Supportive Environment,trts,Student-Teacher Trust,Student,Students report:,1,m201,My teachers always keep their promises.,Strongly disagree | Disagree | Agree | Strongly agree
2023,Supportive Environment,trts,Student-Teacher Trust,Student,Students report:,2,m2077,My teachers always listen to students' ideas.,Strongly disagree | Disagree | Agree | Strongly agree
2023,Supportive Environment,trts,Student-Teacher Trust,Student,Students report:,3,m2076,I feel comfortable with my teachers at this school.,Strongly disagree | Disagree | Agree | Strongly agree
2023,Supportive Environment,trts,Student-Teacher Trust,Student,Students report:,4,m205,My teachers treat me with respect.,Strongly disagree | Disagree | Agree | Strongly agree
2023,Supportive Environment,trts,Student-Teacher Trust,Student,Students report:,5,m2075,I feel safe with my teachers at this school.,Strongly disagree | Disagree | Agree | Strongly agree
2024,Ambitious Instruction,pres,Academic Press,Student,Students report the following about one specific class:,1,m362,The teacher asks difficult questions in class,Never | Once in a while | Most of the time | All the time
2024,Ambitious Instruction,pres,Academic Press,Student,Students report the following about one specific class:,2,m361,The teacher asks difficult questions on tests,Never | Once in a while | Most of the time | All the time
2024,Ambitious Instruction,pres,Academic Press,Student,Students report the following about one specific class:,3,m360,This class challenges me,Never | Once in a while | Most of the time | All the time
2024,Ambitious Instruction,pres,Academic Press,Student,Students report the following about one specific class:,4,m358,This class really makes me think.,Strongly disagree | Disagree | Agree | Strongly agree
2024,Ambitious Instruction,pres,Academic Press,Student,Students report the following about one specific class:,5,m388,I really learn a lot in this class,Strongly disagree | Disagree | Agree | Strongly agree
2024,Ambitious Instruction,pres,Academic Press,Student,Students report the following about one specific class:,6,m363,This class requries me to work hard to do well,Never | Once in a while | Most of the time | All the time
2024,Ambitious Instruction,pres,Academic Press,Student,Students report the following about one specific class:,7,m389,"The teacher wants us to become better thinkers, not just memorize things",Strongly disagree | Disagree | Agree | Strongly agree
2024,Ambitious Instruction,pres,Academic Press,Student,Students report the following about one specific class:,8,m356,The teacher expects me to do my best all the time,Strongly disagree | Disagree | Agree | Strongly agree
2024,Ambitious Instruction,pres,Academic Press,Student,Students report the following about one specific class:,9,m357,The teacher expects everyone to work hard,Strongly disagree | Disagree | Agree | Strongly agree
2024,Ambitious Instruction,engl,English Instruction,Student,Students report doing the following in English class:,1,m152,Rewrite a paper or essay in response to comments.,Never | Once or twice a semester | Once or twice a month | Once or twice a week | Almost every day
2024,Ambitious Instruction,engl,English Instruction,Student,Students report doing the following in English class:,2,m156,Improve a piece of writing as a class or with partners.,Never | Once or twice a semester | Once or twice a month | Once or twice a week | Almost every day
2024,Ambitious Instruction,engl,English Instruction,Student,Students report doing the following in English class:,3,m157,Debate the meaning of a reading.,Never | Once or twice a semester | Once or twice a month | Once or twice a week | Almost every day
2024,Ambitious Instruction,engl,English Instruction,Student,Students report doing the following in English class:,4,m154,"Discuss how culture, time, or place affects an author's writing.",Never | Once or twice a semester | Once or twice a month | Once or twice a week | Almost every day
2024,Ambitious Instruction,engl,English Instruction,Student,Students report doing the following in English class:,5,m153,Discuss connections between a reading and real life people or situations.,Never | Once or twice a semester | Once or twice a month | Once or twice a week | Almost every day
2024,Ambitious Instruction,math,Math Instruction,Student,Students report that they do the following in math class:,1,m171,Write a math problem for other students to solve.,Never | Once or twice a semester | Once or twice a month | Once or twice a week | Almost every day
2024,Ambitious Instruction,math,Math Instruction,Student,Students report that they do the following in math class:,2,m169,Write a few sentences to explain how you solved a math problem.,Never | Once or twice a semester | Once or twice a month | Once or twice a week | Almost every day
2024,Ambitious Instruction,math,Math Instruction,Student,Students report that they do the following in math class:,3,m173,Apply math to situations in life outside of school.,Never | Once or twice a semester | Once or twice a month | Once or twice a week | Almost every day
2024,Ambitious Instruction,math,Math Instruction,Student,Students report that they do the following in math class:,4,m170,Explain how you solved a problem to the class.,Never | Once or twice a semester | Once or twice a month | Once or twice a week | Almost every day
2024,Ambitious Instruction,math,Math Instruction,Student,Students report that they do the following in math class:,5,m172,Discuss possible solutions to problems with other students.,Never | Once or twice a semester | Once or twice a month | Once or twice a week | Almost every day
2024,Ambitious Instruction,sdis,Quality of Student Discussion,Teacher,Teachers report the following about classroom discussions:,1,m13,Students use data and text references to support their ideas.,Never | Rarely | Sometimes | Almost always
2024,Ambitious Instruction,sdis,Quality of Student Discussion,Teacher,Teachers report the following about classroom discussions:,2,m15,Students provide constructive feedback to their peers and to me.,Never | Rarely | Sometimes | Almost always
2024,Ambitious Instruction,sdis,Quality of Student Discussion,Teacher,Teachers report the following about classroom discussions:,3,m12,Students build on each other’s ideas during discussion.,Never | Rarely | Sometimes | Almost always
2024,Ambitious Instruction,sdis,Quality of Student Discussion,Teacher,Teachers report the following about classroom discussions:,4,m16,Most students participate in the discussion at some point.,Never | Rarely | Sometimes | Almost always
2024,Ambitious Instruction,sdis,Quality of Student Discussion,Teacher,Teachers report the following about classroom discussions:,5,m14,Students show each other respect.,Never | Rarely | Sometimes | Almost always
2024,Collaborative Teachers,colb,Collaborative Practices,Teacher,Teachers report how often they have done the following:,1,m375,Observed another teacher's classroom to offer feedback.,Never | Once or twice | 3-9 times | 10 or more times
2024,Collaborative Teachers,colb,Collaborative Practices,Teacher,Teachers report how often they have done the following:,2,m376,Observed another teacher's classroom to get ideas for your own instruction.,Never | Once or twice | 3-9 times | 10 or more times
2024,Collaborative Teachers,colb,Collaborative Practices,Teacher,Teachers report how often they have done the following:,3,m377,Gone over student assessment data with other teachers to make instructional decisions.,Never | Once or twice | 3-9 times | 10 or more times
2024,Collaborative Teachers,colb,Collaborative Practices,Teacher,Teachers report how often they have done the following:,4,m378,Worked with other teachers to develop materials or activities for particular classes.,Never | Once or twice | 3-9 times | 10 or more times
2024,Collaborative Teachers,colb,Collaborative Practices,Teacher,Teachers report how often they have done the following:,5,m379,Worked on instructional strategies with other teachers.,Never | Once or twice | 3-9 times | 10 or more times
2024,Collaborative Teachers,colr,Collective Responsibility,Teacher,Teachers report that other teachers in the school:,1,m6,Feel responsible when students in this school fail.,None | Some | About half | Most | Nearly all
2024,Collaborative Teachers,colr,Collective Responsibility,Teacher,Teachers report that other teachers in the school:,2,m3,Feel responsible to help each other do their best.,None | Some | About half | Most | Nearly all
2024,Collaborative Teachers,colr,Collective Responsibility,Teacher,Teachers report that other teachers in the school:,3,m1,"Help maintain discipline in the entire school, not just their classroom?",None | Some | About half | Most | Nearly all
2024,Collaborative Teachers,colr,Collective Responsibility,Teacher,Teachers report that other teachers in the school:,4,m2,Take responsibility for improving the school.,None | Some | About half | Most | Nearly all
2024,Collaborative Teachers,colr,Collective Responsibility,Teacher,Teachers report that other teachers in the school:,5,m5,Feel responsible for helping students develop self-control.,None | Some | About half | Most | Nearly all
2024,Collaborative Teachers,colr,Collective Responsibility,Teacher,Teachers report that other teachers in the school:,6,m4,Feel responsible that all students learn.,None | Some | About half | Most | Nearly all
2024,Collaborative Teachers,qpd2,Quality Professional Development,Teacher,Teachers report that professional development this year has:,1,m109,Included opportunities to work productively with teachers from other schools.,Strongly disagree | Disagree | Agree | Strongly agree
2024,Collaborative Teachers,qpd2,Quality Professional Development,Teacher,Teachers report that professional development this year has:,2,m106,"Included enough time to think carefully about, try, and evaluate new ideas.",Strongly disagree | Disagree | Agree | Strongly agree
2024,Collaborative Teachers,qpd2,Quality Professional Development,Teacher,Teachers report that professional development this year has:,3,m105,"Been sustained and coherently focused, rather than short-term and unrelated.",Strongly disagree | Disagree | Agree | Strongly agree
2024,Collaborative Teachers,qpd2,Quality Professional Development,Teacher,Teachers report that professional development this year has:,4,m108,Included opportunities to work productively with colleagues in my school.,Strongly disagree | Disagree | Agree | Strongly agree
2024,Collaborative Teachers,qpd2,Quality Professional Development,Teacher,Teachers report that professional development this year has:,5,m107,Been closely connected to my school’s improvement plan.,Strongly disagree | Disagree | Agree | Strongly agree
2024,Collaborative Teachers,scmt,School Commitment,Teacher,Teachers report the following:,1,m9,I wouldn’t want to work in any other school.,Strongly disagree | Disagree | Agree | Strongly agree
2024,Collaborative Teachers,scmt,School Commitment,Teacher,Teachers report the following:,2,m11,I would recommend this school to parents seeking a place for their child.,Strongly disagree | Disagree | Agree | Strongly agree
2024,Collaborative Teachers,scmt,School Commitment,Teacher,Teachers report the following:,3,m8,I usually look forward to each working day at this school.,Strongly disagree | Disagree | Agree | Strongly agree
2024,Collaborative Teachers,scmt,School Commitment,Teacher,Teachers report the following:,4,m10,I feel loyal to this school.,Strongly disagree | Disagree | Agree | Strongly agree
2024,Collaborative Teachers,trte,Teacher-Teacher Trust,Teacher,Teachers report the following:,1,m32,Teachers in this school trust each other.,Strongly disagree | Disagree | Agree | Strongly agree
2024,Collaborative Teachers,trte,Teacher-Teacher Trust,Teacher,Teachers report the following:,2,m33,"It's OK in this school to discuss feelings, worries, and frustrations with other teachers.",Strongly disagree | Disagree | Agree | Strongly agree
2024,Collaborative Teachers,trte,Teacher-Teacher Trust,Teacher,Teachers report the following:,3,m34,Teachers respect other teachers who take the lead in school improvement efforts.,Strongly disagree | Disagree | Agree | Strongly agree
2024,Collaborative Teachers,trte,Teacher-Teacher Trust,Teacher,Teachers report the following:,4,m35,Teachers at this school respect those colleagues who are experts at their craft.,Strongly disagree | Disagree | Agree | Strongly agree
2024,Collaborative Teachers,trte,Teacher-Teacher Trust,Teacher,Teachers report the following:,5,m387,Teachers feel respected by other teachers,Not at all | A little | Some | To a great extent
2024,Effective Leaders,ins3,Instructional Leadership,Teacher,Teachers report that a member of the school leadership team:,1,m844,Knows what’s going on in my classroom.,Strongly disagree | Disagree | Agree | Strongly agree
2024,Effective Leaders,ins3,Instructional Leadership,Teacher,Teachers report that a member of the school leadership team:,2,m845,Provides me with useful feedback to improve my teaching.,Strongly disagree | Disagree | Agree | Strongly agree
2024,Effective Leaders,ins3,Instructional Leadership,Teacher,Teachers report that a member of the school leadership team:,3,m846,Has provided me with the support I need to improve my teaching.,Strongly disagree | Disagree | Agree | Strongly agree
2024,Effective Leaders,ins3,Instructional Leadership,Teacher,Teachers report that a member of the school leadership team:,4,m843,Presses teachers to implement what they have learned in professional development.,Strongly disagree | Disagree | Agree | Strongly agree
2024,Effective Leaders,ins3,Instructional Leadership,Teacher,Teachers report that a member of the school leadership team:,5,m842,Communicates a clear vision for our school.,Strongly disagree | Disagree | Agree | Strongly agree
2024,Effective Leaders,ins3,Instructional Leadership,Teacher,Teachers report that a member of the school leadership team:,6,m841,Makes clear to the staff the leadership’s expectations for meeting instructional goals.,Strongly disagree | Disagree | Agree | Strongly agree
2024,Effective Leaders,pgmc,Program Coherence,Teacher,Teachers report the following:,1,m47,Many special programs come and go at this school.,Strongly disagree | Disagree | Agree | Strongly agree
2024,Effective Leaders,pgmc,Program Coherence,Teacher,Teachers report the following:,2,m45,"Once we start a new program in this school, we follow up to make sure that it's working.",Strongly disagree | Disagree | Agree | Strongly agree
2024,Effective Leaders,pgmc,Program Coherence,Teacher,Teachers report the following:,3,m48,"Curriculum, instruction, and learning materials are well coordinated across different grade levels at this school.",Strongly disagree | Disagree | Agree | Strongly agree
2024,Effective Leaders,pgmc,Program Coherence,Teacher,Teachers report the following:,4,m46,We have so many different programs in this school that I can’t keep track of them all.,Strongly disagree | Disagree | Agree | Strongly agree
2024,Effective Leaders,pgmc,Program Coherence,Teacher,Teachers report the following:,5,m49,"There is consistency in curriculum, instruction, and learning materials among teachers in the same grade level at this school.",Strongly disagree | Disagree | Agree | Strongly agree
2024,Effective Leaders,inf3,Teacher Influence,Teacher,Teachers report having influence on:,1,m807,Planning how discretionary school funds should be used.,No influence | A little influence | Some influence | A great deal of influence
2024,Effective Leaders,inf3,Teacher Influence,Teacher,Teachers report having influence on:,2,m810,Determining the content of in-service programs.,No influence | A little influence | Some influence | A great deal of influence
2024,Effective Leaders,inf3,Teacher Influence,Teacher,Teachers report having influence on:,3,m808,Determining which books and other instructional materials are used in classrooms.,No influence | A little influence | Some influence | A great deal of influence
2024,Effective Leaders,inf3,Teacher Influence,Teacher,Teachers report having influence on:,4,m809,Establishing the curriculum and instructional program.,No influence | A little influence | Some influence | A great deal of influence
2024,Effective Leaders,inf3,Teacher Influence,Teacher,Teachers report having influence on:,5,m811,Setting standards for student behavior.,No influence | A little influence | Some influence | A great deal of influence
2024,Effective Leaders,trpr,Teacher-Principal Trust,Teacher,Teachers report the following:,1,m28,"It’s OK in this school to discuss feelings, worries, and frustrations with the principal.",Strongly disagree | Disagree | Agree | Strongly agree
2024,Effective Leaders,trpr,Teacher-Principal Trust,Teacher,Teachers report the following:,2,m30,The principal looks out for the personal welfare of the faculty members.,Strongly disagree | Disagree | Agree | Strongly agree
2024,Effective Leaders,trpr,Teacher-Principal Trust,Teacher,Teachers report the following:,3,m27,I trust the principal at his or her word.,Strongly disagree | Disagree | Agree | Strongly agree
2024,Effective Leaders,trpr,Teacher-Principal Trust,Teacher,Teachers report the following:,4,m386,The principal at this school is an effective manager who makes the school run smoothly.,Strongly disagree | Disagree | Agree | Strongly agree
2024,Effective Leaders,trpr,Teacher-Principal Trust,Teacher,Teachers report the following:,5,m31,The principal places the needs of children ahead of personal and political interests.,Strongly disagree | Disagree | Agree | Strongly agree
2024,Effective Leaders,trpr,Teacher-Principal Trust,Teacher,Teachers report the following:,6,m26,The principal has confidence in the expertise of the teachers.,Strongly disagree | Disagree | Agree | Strongly agree
2024,Effective Leaders,trpr,Teacher-Principal Trust,Teacher,Teachers report the following:,7,m29,The principal takes a personal interest in the professional development of teachers.,Strongly disagree | Disagree | Agree | Strongly agree
2024,Effective Leaders,trpr,Teacher-Principal Trust,Teacher,Teachers report the following:,8,m385,Teachers feel respected by the principal,Not at all | A little | Some | To a great extent
2024,Involved Families,pnfl,Parent Influence on Decision Making in Schools,Teacher,Teachers report that the school:,1,m829,Involves parents in commenting on school curricula.,Not at all | A little | Somewhat | A great deal
2024,Involved Families,pnfl,Parent Influence on Decision Making in Schools,Teacher,Teachers report that the school:,2,m827,"Develops formal networks to link all families with each other (for example: sharing parent directories, providing a website for parents to connect with one another, etc.).",Not at all | A little | Somewhat | A great deal
2024,Involved Families,pnfl,Parent Influence on Decision Making in Schools,Teacher,Teachers report that the school:,3,m828,Encourage more involved parents/guardians to reach out to less involved parents/guardians?,Not at all | A little | Somewhat | A great deal
2024,Involved Families,pnfl,Parent Influence on Decision Making in Schools,Teacher,Teachers report that the school:,4,m824,Involves parents in the development of programs aimed at improving students’ academic outcomes.,Not at all | A little | Somewhat | A great deal
2024,Involved Families,pnfl,Parent Influence on Decision Making in Schools,Teacher,Teachers report that the school:,5,m830,Includes parent leaders from all backgrounds in school improvement efforts.,Not at all | A little | Somewhat | A great deal
2024,Involved Families,prt4,Parent Involvement in School,Teacher,Teachers report that students' parents:,1,m737,"Volunteered time to support the school/center (e.g., volunteer in classrooms, help with school/center-wide events, etc.).",None | Some | About half | Most | All
2024,Involved Families,prt4,Parent Involvement in School,Teacher,Teachers report that students' parents:,2,m738,Contacted you about their child's performance.,None | Some | About half | Most | All
2024,Involved Families,prt4,Parent Involvement in School,Teacher,Teachers report that students' parents:,3,m739,Responded to your suggestions for helping their child.,None | Some | About half | Most | All
2024,Involved Families,prt4,Parent Involvement in School,Teacher,Teachers report that students' parents:,4,m736,Attended parent-teacher conferences when you requested them.,None | Some | About half | Most | All
2024,Involved Families,trpa,Teacher-Parent Trust,Teacher,Teachers report the following:,1,m54,Parents do their best to help their children learn.,None | Some | About half | Most | All
2024,Involved Families,trpa,Teacher-Parent Trust,Teacher,Teachers report the following:,2,m92,Teachers feel good about parents' support for their work.,None | Some | About half | Most | Nearly all
2024,Involved Families,trpa,Teacher-Parent Trust,Teacher,Teachers report the following:,3,m53,Parents support teachers' teaching efforts.,None | Some | About half | Most | All
2024,Involved Families,trpa,Teacher-Parent Trust,Teacher,Teachers report the following:,4,m55,Teachers and parents/guardians at this school think of each other as partners in educating children.,Strongly disagree | Disagree | Agree | Strongly agree
2024,Involved Families,trpa,Teacher-Parent Trust,Teacher,Teachers report the following:,5,m56,Staff at this school work hard to build trusting relationships with parents/guardians.,Strongly disagree | Disagree | Agree | Strongly agree
2024,Involved Families,trpa,Teacher-Parent Trust,Teacher,Teachers report the following:,6,m384,Teachers feel respected by the parents of the students,Not at all | A little | Some | To a great extent
2024,Supplemental measures,engg,Academic Engagement,Student,Students report:,1,m368,Sometimes I get so interested in my work I don't want to stop.,Strongly disagree | Disagree | Agree | Strongly agree
2024,Supplemental measures,engg,Academic Engagement,Student,Students report:,2,m365,I usually look forward to this class.,Strongly disagree | Disagree | Agree | Strongly agree
2024,Supplemental measures,engg,Academic Engagement,Student,Students report:,3,m364,The topics we are studying are interesting and challenging.,Strongly disagree | Disagree | Agree | Strongly agree
2024,Supplemental measures,engg,Academic Engagement,Student,Students report:,4,m366,I work hard to do my best in this class.,Strongly disagree | Disagree | Agree | Strongly agree
2024,Supplemental measures,cdis1,Classroom Disruptions,Teacher,Teachers report that students in their classrooms:,1,m1841,Threaten you verbally?,None | A few | A lot | Almost all
2024,Supplemental measures,cdis1,Classroom Disruptions,Teacher,Teachers report that students in their classrooms:,2,m1839,Refuse to respond when addressed?,None | A few | A lot | Almost all
2024,Supplemental measures,cdis1,Classroom Disruptions,Teacher,Teachers report that students in their classrooms:,3,m1838,Create serious behavior problems in your class?,None | A few | A lot | Almost all
2024,Supplemental measures,cdis1,Classroom Disruptions,Teacher,Teachers report that students in their classrooms:,4,m1840,Use inappropriate language during class?,None | A few | A lot | Almost all
2024,Supplemental measures,cdis1,Classroom Disruptions,Teacher,Teachers report that students in their classrooms:,5,m1843,"Do off-task things (e.g., play games, text, talk on cell phone) during instructional time?",None | A few | A lot | Almost all
2024,Supplemental measures,rigr,Classroom Rigor,Student,Students report that the teacher in their target class:,1,m520,Often connects what I am learning to life outside of the classroom.,Strongly disagree | Disagree | Agree | Strongly agree
2024,Supplemental measures,rigr,Classroom Rigor,Student,Students report that the teacher in their target class:,2,m525,We talk about different solutions or points of view.,Very little | Some | Quite a bit | A great deal
2024,Supplemental measures,rigr,Classroom Rigor,Student,Students report that the teacher in their target class:,3,m521,Encourages students to share their ideas about things we are studying in class.,Strongly disagree | Disagree | Agree | Strongly agree
2024,Supplemental measures,rigr,Classroom Rigor,Student,Students report that the teacher in their target class:,4,m523,Encourages us to consider different solutions or points of view.,Strongly disagree | Disagree | Agree | Strongly agree
2024,Supplemental measures,rigr,Classroom Rigor,Student,Students report that the teacher in their target class:,5,m524,Doesn't let students give up when the work gets hard.,Strongly disagree | Disagree | Agree | Strongly agree
2024,Supplemental measures,rigr,Classroom Rigor,Student,Students report that the teacher in their target class:,6,m522,Often requires me to explain my answers.,Strongly disagree | Disagree | Agree | Strongly agree
2024,Supplemental measures,clar,Course Clarity,Student,Students report the following about one specific class:,1,m350,I learn a lot from feedback on my work.,Strongly disagree | Disagree | Agree | Strongly agree
2024,Supplemental measures,clar,Course Clarity,Student,Students report the following about one specific class:,2,m351,The homework assignments help me to learn the course material.,Strongly disagree | Disagree | Agree | Strongly agree
2024,Supplemental measures,clar,Course Clarity,Student,Students report the following about one specific class:,3,m349,The work we do in class is good preparation for the test.,Strongly disagree | Disagree | Agree | Strongly agree
2024,Supplemental measures,clar,Course Clarity,Student,Students report the following about one specific class:,4,m399,I know what my teacher wants me to learn in this class.,Strongly disagree | Disagree | Agree | Strongly agree
2024,Supplemental measures,clar,Course Clarity,Student,Students report the following about one specific class:,5,m348,It's clear to me what I need to do to get a good grade.,Strongly disagree | Disagree | Agree | Strongly agree
2024,Supplemental measures,emhl,Emotional Health,Student,Students report:,1,m506,I can always find a way to help people end arguments.,Strongly disagree | Disagree | Agree | Strongly agree
2024,Supplemental measures,emhl,Emotional Health,Student,Students report:,2,m508,I'm good at working with other students.,Strongly disagree | Disagree | Agree | Strongly agree
2024,Supplemental measures,emhl,Emotional Health,Student,Students report:,3,m507,I listen carefully to what other people say to me.,Strongly disagree | Disagree | Agree | Strongly agree
2024,Supplemental measures,emhl,Emotional Health,Student,Students report:,4,m509,I'm good at helping other people.,Strongly disagree | Disagree | Agree | Strongly agree
2024,Supplemental measures,humr,Human & Social Resources in the Community,Student,Students report the following about their community:,1,m162,People in this neighborhood can be trusted.,Strongly disagree | Disagree | Agree | Strongly agree
2024,Supplemental measures,humr,Human & Social Resources in the Community,Student,Students report the following about their community:,2,m163,"The equipment and buildings in the neighborhood, park, or playground are well kept.",Strongly disagree | Disagree | Agree | Strongly agree
2024,Supplemental measures,humr,Human & Social Resources in the Community,Student,Students report the following about their community:,3,m158,There are adults in this neighborhood that children can look up to.,Strongly disagree | Disagree | Agree | Strongly agree
2024,Supplemental measures,humr,Human & Social Resources in the Community,Student,Students report the following about their community:,4,m159,Adults in this neighborhood know who the local children are.,Strongly disagree | Disagree | Agree | Strongly agree
2024,Supplemental measures,humr,Human & Social Resources in the Community,Student,Students report the following about their community:,5,m161,"During the day, it is safe for children to play in the local park or playground.",Strongly disagree | Disagree | Agree | Strongly agree
2024,Supplemental measures,futr,Importance of High School for the Future,Student,Students report:,1,m226,My classes give me useful preparation for what I plan to do in life.,Strongly disagree | Disagree | Agree | Strongly agree
2024,Supplemental measures,futr,Importance of High School for the Future,Student,Students report:,2,m225,High school teaches me valuable skills.,Strongly disagree | Disagree | Agree | Strongly agree
2024,Supplemental measures,futr,Importance of High School for the Future,Student,Students report:,3,m223,What we learn in class is necessary for success in the future.,Strongly disagree | Disagree | Agree | Strongly agree
2024,Supplemental measures,futr,Importance of High School for the Future,Student,Students report:,4,m224,Working hard in high school matters for success in the workforce.,Strongly disagree | Disagree | Agree | Strongly agree
2024,Supplemental measures,innv,Innovation,Teacher,Teachers report that:,1,m90,Teachers are willing to take risks to make the school better.,None | Some | About half | Most | Nearly all
2024,Supplemental measures,innv,Innovation,Teacher,Teachers report that:,2,m91,Teachers are eager to try new ideas.,None | Some | About half | Most | Nearly all
2024,Supplemental measures,innv,Innovation,Teacher,Teachers report that:,3,m37,Teachers are continually learning and seeking new ideas.,Strongly disagree | Disagree | Agree | Strongly agree
2024,Supplemental measures,innv,Innovation,Teacher,Teachers report that:,4,m89,Teachers are really trying to improve their teaching.,None | Some | About half | Most | Nearly all
2024,Supplemental measures,scie,Inquiry-Based Science Instruction,Student,Students report doing the following in science class:,1,m236,Use laboratory equipment or specimens.,Never | Once or twice a semester | Once or twice a month | Once or twice a week | Almost every day
2024,Supplemental measures,scie,Inquiry-Based Science Instruction,Student,Students report doing the following in science class:,2,m237,Write lab reports.,Never | Once or twice a semester | Once or twice a month | Once or twice a week | Almost every day
2024,Supplemental measures,scie,Inquiry-Based Science Instruction,Student,Students report doing the following in science class:,3,m238,Generate your own hypotheses.,Never | Once or twice a semester | Once or twice a month | Once or twice a week | Almost every day
2024,Supplemental measures,scie,Inquiry-Based Science Instruction,Student,Students report doing the following in science class:,4,m239,Use evidence/data to support an argument or hypothesis.,Never | Once or twice a semester | Once or twice a month | Once or twice a week | Almost every day
2024,Supplemental measures,scie,Inquiry-Based Science Instruction,Student,Students report doing the following in science class:,5,m240,Find information from graphs and tables.,Never | Once or twice a semester | Once or twice a month | Once or twice a week | Almost every day
2024,Supplemental measures,prs2,Parent Supportiveness,Student,Students report the following about their parents. My parents:,1,m519,Take time to help you make decisions.,Never | Some of the time | Most of the time | All of the time
2024,Supplemental measures,prs2,Parent Supportiveness,Student,Students report the following about their parents. My parents:,2,m517,Listen to you when you need to talk.,Never | Some of the time | Most of the time | All of the time
2024,Supplemental measures,prs2,Parent Supportiveness,Student,Students report the following about their parents. My parents:,3,m518,Show they are proud of you.,Never | Some of the time | Most of the time | All of the time
2024,Supplemental measures,prs2,Parent Supportiveness,Student,Students report the following about their parents. My parents:,4,m515,Encourage you to work hard at school.,Never | Some of the time | Most of the time | All of the time
2024,Supplemental measures,refd,Reflective Dialogue,Teacher,Teachers report having conversations with colleagues about:,1,m87,The goals of this school.,Less than once a month | 2 or 3 times per month | 1 or 2 times per week | Almost daily
2024,Supplemental measures,refd,Reflective Dialogue,Teacher,Teachers report having conversations with colleagues about:,2,m86,The development of new curriculum,Less than once a month | 2 or 3 times per month | 1 or 2 times per week | Almost daily
2024,Supplemental measures,refd,Reflective Dialogue,Teacher,Teachers report having conversations with colleagues about:,3,m88,Managing classroom behavior,Less than once a month | 2 or 3 times per month | 1 or 2 times per week | Almost daily
2024,Supplemental measures,refd,Reflective Dialogue,Teacher,Teachers report having conversations with colleagues about:,4,m85,What helps students learn the best,Less than once a month | 2 or 3 times per month | 1 or 2 times per week | Almost daily
2024,Supplemental measures,refd,Reflective Dialogue,Teacher,Teachers report having conversations with colleagues about:,5,m82,Student work,Strongly disagree | Disagree | Agree | Strongly agree
2024,Supplemental measures,refd,Reflective Dialogue,Teacher,Teachers report having conversations with colleagues about:,6,m81,"Instruction in the teachers' lounge, faculty meetings, etc.",Strongly disagree | Disagree | Agree | Strongly agree
2024,Supplemental measures,stdy,Rigorous Study Habits,Student,Students report that:,1,m191,I always study for tests.,Strongly disagree | Disagree | Agree | Strongly agree
2024,Supplemental measures,stdy,Rigorous Study Habits,Student,Students report that:,2,m190,"If I need to study, I don't go out with my friends.",Strongly disagree | Disagree | Agree | Strongly agree
2024,Supplemental measures,stdy,Rigorous Study Habits,Student,Students report that:,3,m188,I set aside time to do my homework and study.,Strongly disagree | Disagree | Agree | Strongly agree
2024,Supplemental measures,stdy,Rigorous Study Habits,Student,Students report that:,4,m189,I try to do well on my schoolwork even when it isn't interesting to me.,Strongly disagree | Disagree | Agree | Strongly agree
2024,Supplemental measures,pssm,School Connectedness,Student,Students report the following:,1,m512,Other students in my school take my opinions seriously.,Strongly disagree | Disagree | Agree | Strongly agree
2024,Supplemental measures,pssm,School Connectedness,Student,Students report the following:,2,m514,I'm included in lots of activities at school.,Strongly disagree | Disagree | Agree | Strongly agree
2024,Supplemental measures,pssm,School Connectedness,Student,Students report the following:,3,m510,I feel like a real part of my school.,Strongly disagree | Disagree | Agree | Strongly agree
2024,Supplemental measures,pssm,School Connectedness,Student,Students report the following:,4,m511,People here notice when I'm good at something.,Strongly disagree | Disagree | Agree | Strongly agree
2024,Supplemental measures,pssm,School Connectedness,Student,Students report the following:,5,m513,People at this school are friendly to me.,Strongly disagree | Disagree | Agree | Strongly agree
2024,Supplemental measures,ssaf,School Safety,Student,Students report  that:,1,m553,I worry about crime and violence in this school.,Strongly disagree | Disagree | Agree | Strongly agree
2024,Supplemental measures,ssaf,School Safety,Student,Students report  that:,2,m555,Students at this school are often threatened or bullied.,Strongly disagree | Disagree | Agree | Strongly agree
2024,Supplemental measures,ssaf,School Safety,Student,Students report  that:,3,m554,Students at this school are often teased or picked on.,Strongly disagree | Disagree | Agree | Strongly agree
2024,Supplemental measures,socz,Socialization of New Teachers,Teacher,Teachers report the following:,1,m1229,How many teachers are assigned a mentor teacher when they first begin working at this school?,None | A few | Most | All
2024,Supplemental measures,socz,Socialization of New Teachers,Teacher,Teachers report the following:,2,m83,"Experienced teachers invite new teachers into their classes to observe, give feedback, etc.",Strongly disagree | Disagree | Agree | Strongly agree
2024,Supplemental measures,socz,Socialization of New Teachers,Teacher,Teachers report the following:,3,m84,A conscious effort is made by faculty to make new teachers feel welcome here.,Strongly disagree | Disagree | Agree | Strongly agree
2024,Supplemental measures,prti,Student Responsibility,Teacher,Teachers report that their students:,1,m70,Always turn in their homework?,None | Some | About half | Most | Nearly all
2024,Supplemental measures,prti,Student Responsibility,Teacher,Teachers report that their students:,2,m67,Come to class prepared with the appropriate supplies and books?,None | Some | About half | Most | Nearly all
2024,Supplemental measures,prti,Student Responsibility,Teacher,Teachers report that their students:,3,m69,Actively participate in class activities?,None | Some | About half | Most | Nearly all
2024,Supplemental measures,prti,Student Responsibility,Teacher,Teachers report that their students:,4,m68,Regularly pay attention in class?,None | Some | About half | Most | Nearly all
2024,Supplemental measures,prti,Student Responsibility,Teacher,Teachers report that their students:,5,m65,Come to class on time?,None | Some | About half | Most | Nearly all
2024,Supplemental measures,prti,Student Responsibility,Teacher,Teachers report that their students:,6,m66,Attend class regularly?,None | Some | About half | Most | Nearly all
2024,Supplemental measures,tsaf,Teacher Safety,Teacher,Teachers report how much each of the following is a problem:,1,m80,Threats of violence toward teachers,Not at all | A little | Some | To a great extent
2024,Supplemental measures,tsaf,Teacher Safety,Teacher,Teachers report how much each of the following is a problem:,2,m75,Robbery or theft,Not at all | A little | Some | To a great extent
2024,Supplemental measures,tsaf,Teacher Safety,Teacher,Teachers report how much each of the following is a problem:,3,m77,Disorder in classrooms,Not at all | A little | Some | To a great extent
2024,Supplemental measures,tsaf,Teacher Safety,Teacher,Teachers report how much each of the following is a problem:,4,m74,Physical conflicts among students,Not at all | A little | Some | To a great extent
2024,Supplemental measures,tsaf,Teacher Safety,Teacher,Teachers report how much each of the following is a problem:,5,m79,Student disrespect of teachers,Not at all | A little | Some | To a great extent
2024,Supplemental measures,tsaf,Teacher Safety,Teacher,Teachers report how much each of the following is a problem:,6,m78,Disorder in hallways,Not at all | A little | Some | To a great extent
2024,Supportive Environment,perc,Academic Personalism,Student,Students report that their teacher:,1,m374,Helps me catch up if I am behind.,Strongly disagree | Disagree | Agree | Strongly agree
2024,Supportive Environment,perc,Academic Personalism,Student,Students report that their teacher:,2,m370,Notices if I have trouble learning something.,Strongly disagree | Disagree | Agree | Strongly agree
2024,Supportive Environment,perc,Academic Personalism,Student,Students report that their teacher:,3,m400,Gives me specific suggestions about how I can improve my work in this class.,Strongly disagree | Disagree | Agree | Strongly agree
2024,Supportive Environment,perc,Academic Personalism,Student,Students report that their teacher:,4,m373,Is willing to give extra help on schoolwork if I need it.,Strongly disagree | Disagree | Agree | Strongly agree
2024,Supportive Environment,perc,Academic Personalism,Student,Students report that their teacher:,5,m401,Explains things in a different way if I don't understand something in class.,Strongly disagree | Disagree | Agree | Strongly agree
2024,Supportive Environment,uexp,Expectations for Postsecondary Education,Teacher,Teachers report that:,1,m96,Most of the students in this school are planning to go to college.,Strongly disagree | Disagree | Agree | Strongly agree
2024,Supportive Environment,uexp,Expectations for Postsecondary Education,Teacher,Teachers report that:,2,m93,Teachers expect most students in this school to go to college.,Strongly disagree | Disagree | Agree | Strongly agree
2024,Supportive Environment,uexp,Expectations for Postsecondary Education,Teacher,Teachers report that:,3,m94,Teachers at this school help students plan for college outside of class time.,Strongly disagree | Disagree | Agree | Strongly agree
2024,Supportive Environment,uexp,Expectations for Postsecondary Education,Teacher,Teachers report that:,4,m95,The curriculum at this school is focused on helping students get ready for college.,Strongly disagree | Disagree | Agree | Strongly agree
2024,Supportive Environment,uexp,Expectations for Postsecondary Education,Teacher,Teachers report that:,5,m97,Teachers in this school feel that it is a part of their job to prepare students to succeed in college.,Strongly disagree | Disagree | Agree | Strongly agree
2024,Supportive Environment,acno,Peer Support for Academic Work,Student,Students report that their classroom peers:,1,m352,Think doing homework is important?,None | A few | About half | Most | All
2024,Supportive Environment,acno,Peer Support for Academic Work,Student,Students report that their classroom peers:,2,m353,Feel it is important to pay attention in class?,None | A few | About half | Most | All
2024,Supportive Environment,acno,Peer Support for Academic Work,Student,Students report that their classroom peers:,3,m354,Feel it is important to attend school every day?,None | A few | About half | Most | All
2024,Supportive Environment,acno,Peer Support for Academic Work,Student,Students report that their classroom peers:,4,m355,Try hard to get good grades?,None | A few | About half | Most | All
2024,Supportive Environment,safe1,Safety,Student,Students report how safe they feel:,1,m1844,Outside around the school?,Not safe | Somewhat safe | Mostly safe | Very safe
2024,Supportive Environment,safe1,Safety,Student,Students report how safe they feel:,2,m1845,Traveling between home and school?,Not safe | Somewhat safe | Mostly safe | Very safe
2024,Supportive Environment,safe1,Safety,Student,Students report how safe they feel:,3,m1849,In the bathrooms of the school?,Not safe | Somewhat safe | Mostly safe | Very safe
2024,Supportive Environment,safe1,Safety,Student,Students report how safe they feel:,4,m1848,In the hallways of the school?,Not safe | Somewhat safe | Mostly safe | Very safe
2024,Supportive Environment,safe1,Safety,Student,Students report how safe they feel:,5,m1847,In your classes?,Not safe | Somewhat safe | Mostly safe | Very safe
2024,Supportive Environment,slap,School-Wide Future Orientation,Student,Students report that:,1,m235,Teachers work hard to make sure that students stay in school.,Strongly disagree | Disagree | Agree | Strongly agree
2024,Supportive Environment,slap,School-Wide Future Orientation,Student,Students report that:,2,m234,"Teachers pay attention to all students, not just the top students.",Strongly disagree | Disagree | Agree | Strongly agree
2024,Supportive Environment,slap,School-Wide Future Orientation,Student,Students report that:,3,m230,Teachers make sure that all students are planning for life after graduation.,Strongly disagree | Disagree | Agree | Strongly agree
2024,Supportive Environment,slap,School-Wide Future Orientation,Student,Students report that:,4,m231,Teachers work hard to make sure that all students are learning.,Strongly disagree | Disagree | Agree | Strongly agree
2024,Supportive Environment,slap,School-Wide Future Orientation,Student,Students report that:,5,m233,All students are encouraged to go to college.,Strongly disagree | Disagree | Agree | Strongly agree
2024,Supportive Environment,slap,School-Wide Future Orientation,Student,Students report that:,6,m232,High school is seen as preparation for the future.,Strongly disagree | Disagree | Agree | Strongly agree
2024,Supportive Environment,trts,Student-Teacher Trust,Student,Students report:,1,m201,My teachers always keep their promises.,Strongly disagree | Disagree | Agree | Strongly agree
2024,Supportive Environment,trts,Student-Teacher Trust,Student,Students report:,2,m2077,My teachers always listen to students' ideas.,Strongly disagree | Disagree | Agree | Strongly agree
2024,Supportive Environment,trts,Student-Teacher Trust,Student,Students report:,3,m2076,I feel comfortable with my teachers at this school.,Strongly disagree | Disagree | Agree | Strongly agree
2024,Supportive Environment,trts,Student-Teacher Trust,Student,Students report:,4,m205,My teachers treat me with respect.,Strongly disagree | Disagree | Agree | Strongly agree
2024,Supportive Environment,trts,Student-Teacher Trust,Student,Students report:,5,m2075,I feel safe with my teachers at this school.,Strongly disagree | Disagree | Agree | Strongly agree
2025,Ambitious Instruction,pres24,Academic Press,Student,Students report the following about one specific class:,1,m2371,The teacher asks difficult questions in class,Never | Once in a while | Most of the time | All the time
2025,Ambitious Instruction,pres24,Academic Press,Student,Students report the following about one specific class:,2,m2370,The teacher asks difficult questions on tests,Never | Once in a while | Most of the time | All the time
2025,Ambitious Instruction,pres24,Academic Press,Student,Students report the following about one specific class:,3,m2369,This class challenges me,Never | Once in a while | Most of the time | All the time
2025,Ambitious Instruction,pres24,Academic Press,Student,Students report the following about one specific class:,4,m2368,This class really makes me think.,Strongly disagree | Disagree | Agree | Strongly agree
2025,Ambitious Instruction,pres24,Academic Press,Student,Students report the following about one specific class:,5,m2373,I really learn a lot in this class,Strongly disagree | Disagree | Agree | Strongly agree
2025,Ambitious Instruction,pres24,Academic Press,Student,Students report the following about one specific class:,6,m2372,This class requires me to work hard to do well,Never | Once in a while | Most of the time | All the time
2025,Ambitious Instruction,pres24,Academic Press,Student,Students report the following about one specific class:,7,m2367,The teacher expects everyone to work hard,Strongly disagree | Disagree | Agree | Strongly agree
2025,Ambitious Instruction,pres24,Academic Press,Student,Students report the following about one specific class:,8,m2366,The teacher expects me to do my best all the time,Strongly disagree | Disagree | Agree | Strongly agree
2025,Ambitious Instruction,pres24,Academic Press,Student,Students report the following about one specific class:,9,m2374,"The teacher wants us to become better thinkers, not just memorize things",Strongly disagree | Disagree | Agree | Strongly agree
2025,Ambitious Instruction,engl24,English Instruction,Student,Students report doing the following in English class:,1,m2311,Rewrite a paper or essay in response to comments.,Never | Once or twice a semester | Once or twice a month | Once or twice a week | Almost every day
2025,Ambitious Instruction,engl24,English Instruction,Student,Students report doing the following in English class:,2,m2315,Debate the meaning of a reading.,Never | Once or twice a semester | Once or twice a month | Once or twice a week | Almost every day
2025,Ambitious Instruction,engl24,English Instruction,Student,Students report doing the following in English class:,3,m2314,Improve a piece of writing as a class or with partners.,Never | Once or twice a semester | Once or twice a month | Once or twice a week | Almost every day
2025,Ambitious Instruction,engl24,English Instruction,Student,Students report doing the following in English class:,4,m2313,"Discuss how culture, time, or place affects an author's writing.",Never | Once or twice a semester | Once or twice a month | Once or twice a week | Almost every day
2025,Ambitious Instruction,engl24,English Instruction,Student,Students report doing the following in English class:,5,m2312,Discuss connections between a reading and real life people or situations.,Never | Once or twice a semester | Once or twice a month | Once or twice a week | Almost every day
2025,Ambitious Instruction,math24,Math Instruction,Student,Students report that they do the following in math class:,1,m2343,Write a math problem for other students to solve.,Never | Once or twice a semester | Once or twice a month | Once or twice a week | Almost every day
2025,Ambitious Instruction,math24,Math Instruction,Student,Students report that they do the following in math class:,2,m2345,Apply math to situations in life outside of school.,Never | Once or twice a semester | Once or twice a month | Once or twice a week | Almost every day
2025,Ambitious Instruction,math24,Math Instruction,Student,Students report that they do the following in math class:,3,m2341,Write a few sentences to explain how you solved a math problem.,Never | Once or twice a semester | Once or twice a month | Once or twice a week | Almost every day
2025,Ambitious Instruction,math24,Math Instruction,Student,Students report that they do the following in math class:,4,m2344,Discuss possible solutions to problems with other students.,Never | Once or twice a semester | Once or twice a month | Once or twice a week | Almost every day
2025,Ambitious Instruction,math24,Math Instruction,Student,Students report that they do the following in math class:,5,m2342,Explain how you solved a problem to the class.,Never | Once or twice a semester | Once or twice a month | Once or twice a week | Almost every day
2025,Ambitious Instruction,sdis24,Quality of Student Discussion,Teacher,Teachers report the following about classroom discussions:,1,m2430,Students encourage each other to participate in discussion.,Never | Rarely | Sometimes | Almost always
2025,Ambitious Instruction,sdis24,Quality of Student Discussion,Teacher,Teachers report the following about classroom discussions:,2,m2428,Students provide constructive feedback to their peers and to me.,Never | Rarely | Sometimes | Almost always
2025,Ambitious Instruction,sdis24,Quality of Student Discussion,Teacher,Teachers report the following about classroom discussions:,3,m2426,Students use data and text references to support their ideas.,Never | Rarely | Sometimes | Almost always
2025,Ambitious Instruction,sdis24,Quality of Student Discussion,Teacher,Teachers report the following about classroom discussions:,4,m2425,Students build on each other’s ideas during discussion.,Never | Rarely | Sometimes | Almost always
2025,Ambitious Instruction,sdis24,Quality of Student Discussion,Teacher,Teachers report the following about classroom discussions:,5,m2429,Most students participate in the discussion at some point.,Never | Rarely | Sometimes | Almost always
2025,Ambitious Instruction,sdis24,Quality of Student Discussion,Teacher,Teachers report the following about classroom discussions:,6,m2427,Students show each other respect.,Never | Rarely | Sometimes | Almost always
2025,Collaborative Teachers,colb24,Collaborative Practices,Teacher,Teachers report how often they have done the following:,1,m2292,Observed another teacher's classroom to offer feedback.,Never | Once or twice | 3-9 times | 10 or more times
2025,Collaborative Teachers,colb24,Collaborative Practices,Teacher,Teachers report how often they have done the following:,2,m2293,Observed another teacher's classroom to get ideas for your own instruction.,Never | Once or twice | 3-9 times | 10 or more times
2025,Collaborative Teachers,colb24,Collaborative Practices,Teacher,Teachers report how often they have done the following:,3,m2294,Gone over student assessment data with other teachers to make instructional decisions.,Never | Once or twice | 3-9 times | 10 or more times
2025,Collaborative Teachers,colb24,Collaborative Practices,Teacher,Teachers report how often they have done the following:,4,m2295,Worked with other teachers to develop materials or activities for particular classes.,Never | Once or twice | 3-9 times | 10 or more times
2025,Collaborative Teachers,colb24,Collaborative Practices,Teacher,Teachers report how often they have done the following:,5,m2296,Worked on instructional strategies with other teachers.,Never | Once or twice | 3-9 times | 10 or more times
2025,Collaborative Teachers,colr24,Collective Responsibility,Teacher,Teachers report that other teachers in the school:,1,m2297,"Help maintain discipline in the entire school, not just their classroom?",None | Some | About half | Most | Nearly all
2025,Collaborative Teachers,colr24,Collective Responsibility,Teacher,Teachers report that other teachers in the school:,2,m2302,Feel responsible when students in this school fail.,None | Some | About half | Most | Nearly all
2025,Collaborative Teachers,colr24,Collective Responsibility,Teacher,Teachers report that other teachers in the school:,3,m2298,Take responsibility for improving the school.,None | Some | About half | Most | Nearly all
2025,Collaborative Teachers,colr24,Collective Responsibility,Teacher,Teachers report that other teachers in the school:,4,m2299,Feel responsible to help each other do their best.,None | Some | About half | Most | Nearly all
2025,Collaborative Teachers,colr24,Collective Responsibility,Teacher,Teachers report that other teachers in the school:,5,m2301,Feel responsible for helping students develop self-control.,None | Some | About half | Most | Nearly all
2025,Collaborative Teachers,colr24,Collective Responsibility,Teacher,Teachers report that other teachers in the school:,6,m2300,Feel responsible that all students learn.,None | Some | About half | Most | Nearly all
2025,Collaborative Teachers,qpd24,Quality Professional Development,Teacher,Teachers report that professional development this year has:,1,m2396,"Included enough time to think carefully about, try, and evaluate new ideas.",Strongly disagree | Disagree | Agree | Strongly agree
2025,Collaborative Teachers,qpd24,Quality Professional Development,Teacher,Teachers report that professional development this year has:,2,m2395,"Been sustained and coherently focused, rather than short-term and unrelated.",Strongly disagree | Disagree | Agree | Strongly agree
2025,Collaborative Teachers,qpd24,Quality Professional Development,Teacher,Teachers report that professional development this year has:,3,m2398,Included opportunities to work productively with colleagues in my school.,Strongly disagree | Disagree | Agree | Strongly agree
2025,Collaborative Teachers,qpd24,Quality Professional Development,Teacher,Teachers report that professional development this year has:,4,m2397,Been closely connected to my school’s improvement plan.,Strongly disagree | Disagree | Agree | Strongly agree
2025,Collaborative Teachers,scmt24,School Commitment,Teacher,Teachers report the following:,1,m2424,This school would be my first choice for my own child.,Strongly disagree | Disagree | Agree | Strongly agree
2025,Collaborative Teachers,scmt24,School Commitment,Teacher,Teachers report the following:,2,m2421,I wouldn’t want to work in any other school.,Strongly disagree | Disagree | Agree | Strongly agree
2025,Collaborative Teachers,scmt24,School Commitment,Teacher,Teachers report the following:,3,m2423,I would recommend this school to parents/guardians seeking a place for their child.,Strongly disagree | Disagree | Agree | Strongly agree
2025,Collaborative Teachers,scmt24,School Commitment,Teacher,Teachers report the following:,4,m2420,I usually look forward to each working day at this school.,Strongly disagree | Disagree | Agree | Strongly agree
2025,Collaborative Teachers,scmt24,School Commitment,Teacher,Teachers report the following:,5,m2422,I feel loyal to this school.,Strongly disagree | Disagree | Agree | Strongly agree
2025,Collaborative Teachers,trte24,Teacher-Teacher Trust,Teacher,Teachers report the following:,1,m2465,Teachers in this school trust each other.,Strongly disagree | Disagree | Agree | Strongly agree
2025,Collaborative Teachers,trte24,Teacher-Teacher Trust,Teacher,Teachers report the following:,2,m2466,"It's OK in this school to discuss feelings, worries, and frustrations with other teachers.",Strongly disagree | Disagree | Agree | Strongly agree
2025,Collaborative Teachers,trte24,Teacher-Teacher Trust,Teacher,Teachers report the following:,3,m2467,Teachers respect other teachers who take the lead in school improvement efforts.,Strongly disagree | Disagree | Agree | Strongly agree
2025,Collaborative Teachers,trte24,Teacher-Teacher Trust,Teacher,Teachers report the following:,4,m2468,Teachers at this school respect those colleagues who are experts at their craft.,Strongly disagree | Disagree | Agree | Strongly agree
2025,Collaborative Teachers,trte24,Teacher-Teacher Trust,Teacher,Teachers report the following:,5,m2469,Teachers feel respected by other teachers,Not at all | A little | Some | To a great extent
2025,Effective Leaders,ins24,Instructional Leadership,Teacher,Teachers report that a member of the school leadership team:,1,m2337,Knows what’s going on in my classroom.,Strongly disagree | Disagree | Agree | Strongly agree
2025,Effective Leaders,ins24,Instructional Leadership,Teacher,Teachers report that a member of the school leadership team:,2,m2338,Provides me with useful feedback to improve my teaching.,Strongly disagree | Disagree | Agree | Strongly agree
2025,Effective Leaders,ins24,Instructional Leadership,Teacher,Teachers report that a member of the school leadership team:,3,m2340,Makes sure teachers receive the coaching and support they need to implement new practices.,Strongly disagree | Disagree | Agree | Strongly agree
2025,Effective Leaders,ins24,Instructional Leadership,Teacher,Teachers report that a member of the school leadership team:,4,m2339,Has provided me with the support I need to improve my teaching.,Strongly disagree | Disagree | Agree | Strongly agree
2025,Effective Leaders,ins24,Instructional Leadership,Teacher,Teachers report that a member of the school leadership team:,5,m2336,Presses teachers to implement what they have learned in professional development.,Strongly disagree | Disagree | Agree | Strongly agree
2025,Effective Leaders,ins24,Instructional Leadership,Teacher,Teachers report that a member of the school leadership team:,6,m2335,Communicates a clear vision for our school.,Strongly disagree | Disagree | Agree | Strongly agree
2025,Effective Leaders,ins24,Instructional Leadership,Teacher,Teachers report that a member of the school leadership team:,7,m2334,Makes clear to the staff the leadership’s expectations for meeting instructional goals.,Strongly disagree | Disagree | Agree | Strongly agree
2025,Effective Leaders,pgmc24,Program Coherence,Teacher,Teachers report the following:,1,m2357,We have so many different programs in this school that I can’t keep track of them all.,Strongly disagree | Disagree | Agree | Strongly agree
2025,Effective Leaders,pgmc24,Program Coherence,Teacher,Teachers report the following:,2,m2358,Many special programs come and go at this school.,Strongly disagree | Disagree | Agree | Strongly agree
2025,Effective Leaders,pgmc24,Program Coherence,Teacher,Teachers report the following:,3,m2356,"Once we start a new program in this school, we follow up to make sure that it's working.",Strongly disagree | Disagree | Agree | Strongly agree
2025,Effective Leaders,pgmc24,Program Coherence,Teacher,Teachers report the following:,4,m2359,"Curriculum, instruction, and learning materials are well coordinated across different grade levels at this school.",Strongly disagree | Disagree | Agree | Strongly agree
2025,Effective Leaders,pgmc24,Program Coherence,Teacher,Teachers report the following:,5,m2360,"There is consistency in curriculum, instruction, and learning materials among teachers in the same grade level at this school.",Strongly disagree | Disagree | Agree | Strongly agree
2025,Effective Leaders,inf24,Teacher Influence,Teacher,Teachers report having influence on:,1,m2326,Planning how discretionary school funds should be used.,No influence | A little influence | Some influence | A great deal of influence
2025,Effective Leaders,inf24,Teacher Influence,Teacher,Teachers report having influence on:,2,m2329,Determining the content of in-service programs.,No influence | A little influence | Some influence | A great deal of influence
2025,Effective Leaders,inf24,Teacher Influence,Teacher,Teachers report having influence on:,3,m2330,Setting standards for student behavior.,No influence | A little influence | Some influence | A great deal of influence
2025,Effective Leaders,inf24,Teacher Influence,Teacher,Teachers report having influence on:,4,m2328,Establishing the curriculum and instructional program.,No influence | A little influence | Some influence | A great deal of influence
2025,Effective Leaders,inf24,Teacher Influence,Teacher,Teachers report having influence on:,5,m2327,Determining which books and other instructional materials are used in classrooms.,No influence | A little influence | Some influence | A great deal of influence
2025,Effective Leaders,trpr24,Teacher-Principal Trust,Teacher,Teachers report the following:,1,m2464,The principal at this school is an effective manager who makes the school run smoothly.,Strongly disagree | Disagree | Agree | Strongly agree
2025,Effective Leaders,trpr24,Teacher-Principal Trust,Teacher,Teachers report the following:,2,m2459,"It’s OK in this school to discuss feelings, worries, and frustrations with the principal.",Strongly disagree | Disagree | Agree | Strongly agree
2025,Effective Leaders,trpr24,Teacher-Principal Trust,Teacher,Teachers report the following:,3,m2458,I trust the principal at their word.,Strongly disagree | Disagree | Agree | Strongly agree
2025,Effective Leaders,trpr24,Teacher-Principal Trust,Teacher,Teachers report the following:,4,m2461,The principal looks out for the personal welfare of the faculty members.,Strongly disagree | Disagree | Agree | Strongly agree
2025,Effective Leaders,trpr24,Teacher-Principal Trust,Teacher,Teachers report the following:,5,m2460,The principal takes a personal interest in the professional development of teachers.,Strongly disagree | Disagree | Agree | Strongly agree
2025,Effective Leaders,trpr24,Teacher-Principal Trust,Teacher,Teachers report the following:,6,m2457,The principal has confidence in the expertise of the teachers.,Strongly disagree | Disagree | Agree | Strongly agree
2025,Effective Leaders,trpr24,Teacher-Principal Trust,Teacher,Teachers report the following:,7,m2462,The principal places the needs of children ahead of personal and political interests.,Strongly disagree | Disagree | Agree | Strongly agree
2025,Effective Leaders,trpr24,Teacher-Principal Trust,Teacher,Teachers report the following:,8,m2463,Teachers feel respected by the principal,Not at all | A little | Some | To a great extent
2025,Involved Families,pnfl24,Parent Influence on Decision Making in Schools,Teacher,Teachers report that the school:,1,m2364,Involves parents in commenting on school curricula.,Not at all | A little | Somewhat | A great deal
2025,Involved Families,pnfl24,Parent Influence on Decision Making in Schools,Teacher,Teachers report that the school:,2,m2363,Encourage more involved parents/guardians to reach out to less involved parents/guardians?,Not at all | A little | Somewhat | A great deal
2025,Involved Families,pnfl24,Parent Influence on Decision Making in Schools,Teacher,Teachers report that the school:,3,m2362,"Develops formal networks to link all families with each other (for example: sharing parent directories, providing a website for parents to connect with one another, etc.).",Not at all | A little | Somewhat | A great deal
2025,Involved Families,pnfl24,Parent Influence on Decision Making in Schools,Teacher,Teachers report that the school:,4,m2361,Involves parents in the development of programs aimed at improving students’ academic outcomes.,Not at all | A little | Somewhat | A great deal
2025,Involved Families,pnfl24,Parent Influence on Decision Making in Schools,Teacher,Teachers report that the school:,5,m2365,Includes parent leaders from all backgrounds in school improvement efforts.,Not at all | A little | Somewhat | A great deal
2025,Involved Families,prt24,Parent Involvement in School,Teacher,Teachers report that students' parents:,1,m2380,"Volunteered time to support the school/center (e.g., volunteer in classrooms, help with school/center-wide events, etc.).",None | Some | About half | Most | All
2025,Involved Families,prt24,Parent Involvement in School,Teacher,Teachers report that students' parents:,2,m2381,Contacted you about their child's performance.,None | Some | About half | Most | All
2025,Involved Families,prt24,Parent Involvement in School,Teacher,Teachers report that students' parents:,3,m2382,Responded to your suggestions for helping their child.,None | Some | About half | Most | All
2025,Involved Families,prt24,Parent Involvement in School,Teacher,Teachers report that students' parents:,4,m2379,Attended parent-teacher conferences when you requested them.,None | Some | About half | Most | All
2025,Involved Families,trpa24,Teacher-Parent Trust,Teacher,Teachers report the following:,1,m2445,Teachers feel good about parents' support for their work.,None | Some | About half | Most | Nearly all
2025,Involved Families,trpa24,Teacher-Parent Trust,Teacher,Teachers report the following:,2,m2442,Parents do their best to help their children learn.,None | Some | About half | Most | All
2025,Involved Families,trpa24,Teacher-Parent Trust,Teacher,Teachers report the following:,3,m2443,Teachers and parents/guardians at this school think of each other as partners in educating children.,Strongly disagree | Disagree | Agree | Strongly agree
2025,Involved Families,trpa24,Teacher-Parent Trust,Teacher,Teachers report the following:,4,m2441,Parents support teachers' teaching efforts.,None | Some | About half | Most | All
2025,Involved Families,trpa24,Teacher-Parent Trust,Teacher,Teachers report the following:,5,m2444,Staff at this school work hard to build trusting relationships with parents/guardians.,Strongly disagree | Disagree | Agree | Strongly agree
2025,Involved Families,trpa24,Teacher-Parent Trust,Teacher,Teachers report the following:,6,m2446,Teachers feel respected by the parents of the students,Not at all | A little | Some | To a great extent
2025,Supplemental measures,engg24,Academic Engagement,Student,Students report:,1,m2310,Sometimes I get so interested in my work I don't want to stop.,Strongly disagree | Disagree | Agree | Strongly agree
2025,Supplemental measures,engg24,Academic Engagement,Student,Students report:,2,m2308,I usually look forward to this class.,Strongly disagree | Disagree | Agree | Strongly agree
2025,Supplemental measures,engg24,Academic Engagement,Student,Students report:,3,m2307,The topics we are studying are interesting and challenging.,Strongly disagree | Disagree | Agree | Strongly agree
2025,Supplemental measures,engg24,Academic Engagement,Student,Students report:,4,m2309,I work hard to do my best in this class.,Strongly disagree | Disagree | Agree | Strongly agree
2025,Supplemental measures,cdis24,Classroom Disruptions,Teacher,Teachers report that students in their classrooms:,1,m2285,Threaten you verbally?,None | A few | A lot | Almost all
2025,Supplemental measures,cdis24,Classroom Disruptions,Teacher,Teachers report that students in their classrooms:,2,m2282,Create serious behavior problems in your class?,None | A few | A lot | Almost all
2025,Supplemental measures,cdis24,Classroom Disruptions,Teacher,Teachers report that students in their classrooms:,3,m2283,Refuse to respond when addressed?,None | A few | A lot | Almost all
2025,Supplemental measures,cdis24,Classroom Disruptions,Teacher,Teachers report that students in their classrooms:,4,m2284,Use inappropriate language during class?,None | A few | A lot | Almost all
2025,Supplemental measures,cdis24,Classroom Disruptions,Teacher,Teachers report that students in their classrooms:,5,m2286,"Do off-task things (e.g., play games, text, talk on cell phone) during instructional time?",None | A few | A lot | Almost all
2025,Supplemental measures,rigr24,Classroom Rigor,Student,Students report that the teacher in their target class:,1,m2410,We talk about different solutions or points of view.,Very little | Some | Quite a bit | A great deal
2025,Supplemental measures,rigr24,Classroom Rigor,Student,Students report that the teacher in their target class:,2,m2405,Often connects what I am learning to life outside of the classroom.,Strongly disagree | Disagree | Agree | Strongly agree
2025,Supplemental measures,rigr24,Classroom Rigor,Student,Students report that the teacher in their target class:,3,m2408,Encourages us to consider different solutions or points of view.,Strongly disagree | Disagree | Agree | Strongly agree
2025,Supplemental measures,rigr24,Classroom Rigor,Student,Students report that the teacher in their target class:,4,m2406,Encourages students to share their ideas about things we are studying in class.,Strongly disagree | Disagree | Agree | Strongly agree
2025,Supplemental measures,rigr24,Classroom Rigor,Student,Students report that the teacher in their target class:,5,m2407,Often requires me to explain my answers.,Strongly disagree | Disagree | Agree | Strongly agree
2025,Supplemental measures,rigr24,Classroom Rigor,Student,Students report that the teacher in their target class:,6,m2409,Doesn't let students give up when the work gets hard.,Strongly disagree | Disagree | Agree | Strongly agree
2025,Supplemental measures,clar24,Course Clarity,Student,Students report the following about one specific class:,1,m2289,I learn a lot from feedback on my work.,Strongly disagree | Disagree | Agree | Strongly agree
2025,Supplemental measures,clar24,Course Clarity,Student,Students report the following about one specific class:,2,m2290,The homework assignments help me to learn the course material.,Strongly disagree | Disagree | Agree | Strongly agree
2025,Supplemental measures,clar24,Course Clarity,Student,Students report the following about one specific class:,3,m2288,The work we do in class is good preparation for the test.,Strongly disagree | Disagree | Agree | Strongly agree
2025,Supplemental measures,clar24,Course Clarity,Student,Students report the following about one specific class:,4,m2291,I know what my teacher wants me to learn in this class.,Strongly disagree | Disagree | Agree | Strongly agree
2025,Supplemental measures,clar24,Course Clarity,Student,Students report the following about one specific class:,5,m2287,It's clear to me what I need to do to get a good grade.,Strongly disagree | Disagree | Agree | Strongly agree
2025,Supplemental measures,emhl24,Emotional Health,Student,Students report:,1,m2303,I can always find a way to help people end arguments.,Strongly disagree | Disagree | Agree | Strongly agree
2025,Supplemental measures,emhl24,Emotional Health,Student,Students report:,2,m2305,I'm good at working with other students.,Strongly disagree | Disagree | Agree | Strongly agree
2025,Supplemental measures,emhl24,Emotional Health,Student,Students report:,3,m2306,I'm good at helping other people.,Strongly disagree | Disagree | Agree | Strongly agree
2025,Supplemental measures,emhl24,Emotional Health,Student,Students report:,4,m2304,I listen carefully to what other people say to me.,Strongly disagree | Disagree | Agree | Strongly agree
2025,Supplemental measures,humr24,Human & Social Resources in the Community,Student,Students report the following about their community:,1,m2322,Adults in this neighborhood know who the local children are.,Strongly disagree | Disagree | Agree | Strongly agree
2025,Supplemental measures,humr24,Human & Social Resources in the Community,Student,Students report the following about their community:,2,m2324,People in this neighborhood can be trusted.,Strongly disagree | Disagree | Agree | Strongly agree
2025,Supplemental measures,humr24,Human & Social Resources in the Community,Student,Students report the following about their community:,3,m2321,There are adults in this neighborhood that children can look up to.,Strongly disagree | Disagree | Agree | Strongly agree
2025,Supplemental measures,humr24,Human & Social Resources in the Community,Student,Students report the following about their community:,4,m2325,"The equipment and buildings in the neighborhood, park, or playground are well kept.",Strongly disagree | Disagree | Agree | Strongly agree
2025,Supplemental measures,humr24,Human & Social Resources in the Community,Student,Students report the following about their community:,5,m2323,"During the day, it is safe for children to play in the local park or playground.",Strongly disagree | Disagree | Agree | Strongly agree
2025,Supplemental measures,futr24,Importance of High School for the Future,Student,Students report:,1,m2450,My classes give me useful preparation for what I plan to do in life.,Strongly disagree | Disagree | Agree | Strongly agree
2025,Supplemental measures,futr24,Importance of High School for the Future,Student,Students report:,2,m2447,What we learn in class is necessary for success in the future.,Strongly disagree | Disagree | Agree | Strongly agree
2025,Supplemental measures,futr24,Importance of High School for the Future,Student,Students report:,3,m2449,High school teaches me valuable skills.,Strongly disagree | Disagree | Agree | Strongly agree
2025,Supplemental measures,futr24,Importance of High School for the Future,Student,Students report:,4,m2448,Working hard in high school matters for success in the workforce.,Strongly disagree | Disagree | Agree | Strongly agree
2025,Supplemental measures,innv24,Innovation,Teacher,Teachers report that:,1,m2333,Teachers are eager to try new ideas.,None | Some | About half | Most | Nearly all
2025,Supplemental measures,innv24,Innovation,Teacher,Teachers report that:,2,m2332,Teachers are willing to take risks to make the school better.,None | Some | About half | Most | Nearly all
2025,Supplemental measures,innv24,Innovation,Teacher,Teachers report that:,3,m2331,Teachers are really trying to improve their teaching.,None | Some | About half | Most | Nearly all
2025,Supplemental measures,scie24,Inquiry-Based Science Instruction,Student,Students report doing the following in science class:,1,m2415,Use laboratory equipment or specimens.,Never | Once or twice a semester | Once or twice a month | Once or twice a week | Almost every day
2025,Supplemental measures,scie24,Inquiry-Based Science Instruction,Student,Students report doing the following in science class:,2,m2416,Write lab reports.,Never | Once or twice a semester | Once or twice a month | Once or twice a week | Almost every day
2025,Supplemental measures,scie24,Inquiry-Based Science Instruction,Student,Students report doing the following in science class:,3,m2417,Generate your own hypotheses.,Never | Once or twice a semester | Once or twice a month | Once or twice a week | Almost every day
2025,Supplemental measures,scie24,Inquiry-Based Science Instruction,Student,Students report doing the following in science class:,4,m2418,Use evidence/data to support an argument or hypothesis.,Never | Once or twice a semester | Once or twice a month | Once or twice a week | Almost every day
2025,Supplemental measures,scie24,Inquiry-Based Science Instruction,Student,Students report doing the following in science class:,5,m2419,Find information from graphs and tables.,Never | Once or twice a semester | Once or twice a month | Once or twice a week | Almost every day
2025,Supplemental measures,prs24,Parent Supportiveness,Student,Students report the following about their parents. My parents:,1,m2378,Take time to help you make decisions.,Never | Some of the time | Most of the time | All of the time
2025,Supplemental measures,prs24,Parent Supportiveness,Student,Students report the following about their parents. My parents:,2,m2376,Listen to you when you need to talk.,Never | Some of the time | Most of the time | All of the time
2025,Supplemental measures,prs24,Parent Supportiveness,Student,Students report the following about their parents. My parents:,3,m2377,Show they are proud of you.,Never | Some of the time | Most of the time | All of the time
2025,Supplemental measures,prs24,Parent Supportiveness,Student,Students report the following about their parents. My parents:,4,m2375,Encourage you to work hard at school.,Never | Some of the time | Most of the time | All of the time
2025,Supplemental measures,refd24,Reflective Dialogue,Teacher,Teachers report having conversations with colleagues about:,1,m2402,The development of new curriculum,Less than once a month | 2 or 3 times per month | 1 or 2 times per week | Almost daily
2025,Supplemental measures,refd24,Reflective Dialogue,Teacher,Teachers report having conversations with colleagues about:,2,m2403,The goals of this school.,Less than once a month | 2 or 3 times per month | 1 or 2 times per week | Almost daily
2025,Supplemental measures,refd24,Reflective Dialogue,Teacher,Teachers report having conversations with colleagues about:,3,m2404,Managing classroom behavior,Less than once a month | 2 or 3 times per month | 1 or 2 times per week | Almost daily
2025,Supplemental measures,refd24,Reflective Dialogue,Teacher,Teachers report having conversations with colleagues about:,4,m2401,What helps students learn the best,Less than once a month | 2 or 3 times per month | 1 or 2 times per week | Almost daily
2025,Supplemental measures,refd24,Reflective Dialogue,Teacher,Teachers report having conversations with colleagues about:,5,m2400,Student work,Strongly disagree | Disagree | Agree | Strongly agree
2025,Supplemental measures,refd24,Reflective Dialogue,Teacher,Teachers report having conversations with colleagues about:,6,m2399,"Instruction in the teachers' lounge, faculty meetings, etc.",Strongly disagree | Disagree | Agree | Strongly agree
2025,Supplemental measures,stdy24,Rigorous Study Habits,Student,Students report that:,1,m2440,I always study for tests.,Strongly disagree | Disagree | Agree | Strongly agree
2025,Supplemental measures,stdy24,Rigorous Study Habits,Student,Students report that:,2,m2439,"If I need to study, I don't go out with my friends.",Strongly disagree | Disagree | Agree | Strongly agree
2025,Supplemental measures,stdy24,Rigorous Study Habits,Student,Students report that:,3,m2437,I set aside time to do my homework and study.,Strongly disagree | Disagree | Agree | Strongly agree
2025,Supplemental measures,stdy24,Rigorous Study Habits,Student,Students report that:,4,m2438,I try to do well on my schoolwork even when it isn't interesting to me.,Strongly disagree | Disagree | Agree | Strongly agree
2025,Supplemental measures,pssm24,School Connectedness,Student,Students report the following:,1,m2394,I'm excited to go to school every day.,Strongly disagree | Disagree | Agree | Strongly agree
2025,Supplemental measures,pssm24,School Connectedness,Student,Students report the following:,2,m2391,Other students in my school take my opinions seriously.,Strongly disagree | Disagree | Agree | Strongly agree
2025,Supplemental measures,pssm24,School Connectedness,Student,Students report the following:,3,m2393,I'm included in lots of activities at school.,Strongly disagree | Disagree | Agree | Strongly agree
2025,Supplemental measures,pssm24,School Connectedness,Student,Students report the following:,4,m2389,I feel like a real part of my school.,Strongly disagree | Disagree | Agree | Strongly agree
2025,Supplemental measures,pssm24,School Connectedness,Student,Students report the following:,5,m2390,People here notice when I'm good at something.,Strongly disagree | Disagree | Agree | Strongly agree
2025,Supplemental measures,pssm24,School Connectedness,Student,Students report the following:,6,m2392,People at this school are friendly to me.,Strongly disagree | Disagree | Agree | Strongly agree
2025,Supplemental measures,ssaf24,School Safety,Student,Students report  that:,1,m2436,Students at this school are often threatened or bullied.,Strongly disagree | Disagree | Agree | Strongly agree
2025,Supplemental measures,ssaf24,School Safety,Student,Students report  that:,2,m2434,I worry about crime and violence in this school.,Strongly disagree | Disagree | Agree | Strongly agree
2025,Supplemental measures,ssaf24,School Safety,Student,Students report  that:,3,m2435,Students at this school are often teased or picked on.,Strongly disagree | Disagree | Agree | Strongly agree
2025,Supplemental measures,socz24,Socialization of New Teachers,Teacher,Teachers report the following:,1,m2433,How many teachers are assigned a mentor teacher when they first begin working at this school?,None | A few | Most | All
2025,Supplemental measures,socz24,Socialization of New Teachers,Teacher,Teachers report the following:,2,m2431,"Experienced teachers invite new teachers into their classes to observe, give feedback, etc.",Strongly disagree | Disagree | Agree | Strongly agree
2025,Supplemental measures,socz24,Socialization of New Teachers,Teacher,Teachers report the following:,3,m2432,A conscious effort is made by faculty to make new teachers feel welcome here.,Strongly disagree | Disagree | Agree | Strongly agree
2025,Supplemental measures,peer24,Student Peer Relationships,Student,Students report that their school peers:,1,m2349,Don't get along together very well.,Strongly disagree | Disagree | Agree | Strongly agree
2025,Supplemental measures,peer24,Student Peer Relationships,Student,Students report that their school peers:,2,m2347,Like to put others down.,Strongly disagree | Disagree | Agree | Strongly agree
2025,Supplemental measures,peer24,Student Peer Relationships,Student,Students report that their school peers:,3,m2350,Treat each other with respect.,Strongly disagree | Disagree | Agree | Strongly agree
2025,Supplemental measures,peer24,Student Peer Relationships,Student,Students report that their school peers:,4,m2348,Help each other learn.,Strongly disagree | Disagree | Agree | Strongly agree
2025,Supplemental measures,prti24,Student Responsibility,Teacher,Teachers report that their students:,1,m2388,Always turn in their homework?,None | Some | About half | Most | Nearly all
2025,Supplemental measures,prti24,Student Responsibility,Teacher,Teachers report that their students:,2,m2386,Regularly pay attention in class?,None | Some | About half | Most | Nearly all
2025,Supplemental measures,prti24,Student Responsibility,Teacher,Teachers report that their students:,3,m2387,Actively participate in class activities?,None | Some | About half | Most | Nearly all
2025,Supplemental measures,prti24,Student Responsibility,Teacher,Teachers report that their students:,4,m2385,Come to class prepared with the appropriate supplies and books?,None | Some | About half | Most | Nearly all
2025,Supplemental measures,prti24,Student Responsibility,Teacher,Teachers report that their students:,5,m2383,Come to class on time?,None | Some | About half | Most | Nearly all
2025,Supplemental measures,prti24,Student Responsibility,Teacher,Teachers report that their students:,6,m2384,Attend class regularly?,None | Some | About half | Most | Nearly all
2025,Supplemental measures,tsaf24,Teacher Safety,Teacher,Teachers report how much each of the following is a problem:,1,m2486,Threats of violence toward teachers,Not at all | A little | Some | To a great extent
2025,Supplemental measures,tsaf24,Teacher Safety,Teacher,Teachers report how much each of the following is a problem:,2,m2481,Robbery or theft,Not at all | A little | Some | To a great extent
2025,Supplemental measures,tsaf24,Teacher Safety,Teacher,Teachers report how much each of the following is a problem:,3,m2483,Disorder in classrooms,Not at all | A little | Some | To a great extent
2025,Supplemental measures,tsaf24,Teacher Safety,Teacher,Teachers report how much each of the following is a problem:,4,m2480,Physical conflicts among students,Not at all | A little | Some | To a great extent
2025,Supplemental measures,tsaf24,Teacher Safety,Teacher,Teachers report how much each of the following is a problem:,5,m2484,Disorder in hallways,Not at all | A little | Some | To a great extent
2025,Supplemental measures,tsaf24,Teacher Safety,Teacher,Teachers report how much each of the following is a problem:,6,m2485,Student disrespect of teachers,Not at all | A little | Some | To a great extent
2025,Supportive Environment,perc24,Academic Personalism,Student,Students report that their teacher:,1,m2352,Is willing to give extra help on schoolwork if I need it.,Strongly disagree | Disagree | Agree | Strongly agree
2025,Supportive Environment,perc24,Academic Personalism,Student,Students report that their teacher:,2,m2351,Notices if I have trouble learning something.,Strongly disagree | Disagree | Agree | Strongly agree
2025,Supportive Environment,perc24,Academic Personalism,Student,Students report that their teacher:,3,m2353,Helps me catch up if I am behind.,Strongly disagree | Disagree | Agree | Strongly agree
2025,Supportive Environment,perc24,Academic Personalism,Student,Students report that their teacher:,4,m2354,Gives me specific suggestions about how I can improve my work in this class.,Strongly disagree | Disagree | Agree | Strongly agree
2025,Supportive Environment,perc24,Academic Personalism,Student,Students report that their teacher:,5,m2355,Explains things in a different way if I don't understand something in class.,Strongly disagree | Disagree | Agree | Strongly agree
2025,Supportive Environment,uexp24,Expectations for Postsecondary Education,Teacher,Teachers report that:,1,m2478,Most of the students in this school are planning to go to college.,Strongly disagree | Disagree | Agree | Strongly agree
2025,Supportive Environment,uexp24,Expectations for Postsecondary Education,Teacher,Teachers report that:,2,m2476,Teachers at this school help students plan for college outside of class time.,Strongly disagree | Disagree | Agree | Strongly agree
2025,Supportive Environment,uexp24,Expectations for Postsecondary Education,Teacher,Teachers report that:,3,m2477,The curriculum at this school is focused on helping students get ready for college.,Strongly disagree | Disagree | Agree | Strongly agree
2025,Supportive Environment,uexp24,Expectations for Postsecondary Education,Teacher,Teachers report that:,4,m2475,Teachers expect most students in this school to go to college.,Strongly disagree | Disagree | Agree | Strongly agree
2025,Supportive Environment,uexp24,Expectations for Postsecondary Education,Teacher,Teachers report that:,5,m2479,Teachers in this school feel that it is a part of their job to prepare students to succeed in college.,Strongly disagree | Disagree | Agree | Strongly agree
2025,Supportive Environment,acno24,Peer Support for Academic Work,Student,Students report that their classroom peers:,1,m2276,Think doing homework is important?,None | A few | About half | Most | All
2025,Supportive Environment,acno24,Peer Support for Academic Work,Student,Students report that their classroom peers:,2,m2278,Feel it is important to attend school every day?,None | A few | About half | Most | All
2025,Supportive Environment,acno24,Peer Support for Academic Work,Student,Students report that their classroom peers:,3,m2277,Feel it is important to pay attention in class?,None | A few | About half | Most | All
2025,Supportive Environment,acno24,Peer Support for Academic Work,Student,Students report that their classroom peers:,4,m2279,Try hard to get good grades?,None | A few | About half | Most | All
2025,Supportive Environment,safe24,Safety,Student,Students report how safe they feel:,1,m2411,Outside around the school?,Not safe | Somewhat safe | Mostly safe | Very safe
2025,Supportive Environment,safe24,Safety,Student,Students report how safe they feel:,2,m2414,In the bathrooms of the school?,Not safe | Somewhat safe | Mostly safe | Very safe
2025,Supportive Environment,safe24,Safety,Student,Students report how safe they feel:,3,m2413,In the hallways of the school?,Not safe | Somewhat safe | Mostly safe | Very safe
2025,Supportive Environment,safe24,Safety,Student,Students report how safe they feel:,4,m2412,In your classes?,Not safe | Somewhat safe | Mostly safe | Very safe
2025,Supportive Environment,slap24,School-Wide Future Orientation,Student,Students report that:,1,m2455,"Teachers pay attention to all students, not just the top students.",Strongly disagree | Disagree | Agree | Strongly agree
2025,Supportive Environment,slap24,School-Wide Future Orientation,Student,Students report that:,2,m2456,Teachers work hard to make sure that students stay in school.,Strongly disagree | Disagree | Agree | Strongly agree
2025,Supportive Environment,slap24,School-Wide Future Orientation,Student,Students report that:,3,m2454,All students are encouraged to go to college.,Strongly disagree | Disagree | Agree | Strongly agree
2025,Supportive Environment,slap24,School-Wide Future Orientation,Student,Students report that:,4,m2453,High school is seen as preparation for the future.,Strongly disagree | Disagree | Agree | Strongly agree
2025,Supportive Environment,slap24,School-Wide Future Orientation,Student,Students report that:,5,m2451,Teachers make sure that all students are planning for life after graduation.,Strongly disagree | Disagree | Agree | Strongly agree
2025,Supportive Environment,slap24,School-Wide Future Orientation,Student,Students report that:,6,m2452,Teachers work hard to make sure that all students are learning.,Strongly disagree | Disagree | Agree | Strongly agree
2025,Supportive Environment,trts24,Student-Teacher Trust,Student,Students report:,1,m2470,My teachers always keep their promises.,Strongly disagree | Disagree | Agree | Strongly agree
2025,Supportive Environment,trts24,Student-Teacher Trust,Student,Students report:,2,m2474,My teachers always listen to students' ideas.,Strongly disagree | Disagree | Agree | Strongly agree
2025,Supportive Environment,trts24,Student-Teacher Trust,Student,Students report:,3,m2473,I feel comfortable with my teachers at this school.,Strongly disagree | Disagree | Agree | Strongly agree
2025,Supportive Environment,trts24,Student-Teacher Trust,Student,Students report:,4,m2471,My teachers treat me with respect.,Strongly disagree | Disagree | Agree | Strongly agree
2025,Supportive Environment,trts24,Student-Teacher Trust,Student,Students report:,5,m2472,I feel safe with my teachers at this school.,Strongly disagree | Disagree | Agree | Strongly agree
2026,Ambitious Instruction,pres24,Academic Press,Student,Students report the following about one specific class:,1,m2371,The teacher asks difficult questions in class,Never | Once in a while | Most of the time | All the time
2026,Ambitious Instruction,pres24,Academic Press,Student,Students report the following about one specific class:,2,m2370,The teacher asks difficult questions on tests,Never | Once in a while | Most of the time | All the time
2026,Ambitious Instruction,pres24,Academic Press,Student,Students report the following about one specific class:,3,m2369,This class challenges me,Never | Once in a while | Most of the time | All the time
2026,Ambitious Instruction,pres24,Academic Press,Student,Students report the following about one specific class:,4,m2368,This class really makes me think.,Strongly disagree | Disagree | Agree | Strongly agree
2026,Ambitious Instruction,pres24,Academic Press,Student,Students report the following about one specific class:,5,m2373,I really learn a lot in this class,Strongly disagree | Disagree | Agree | Strongly agree
2026,Ambitious Instruction,pres24,Academic Press,Student,Students report the following about one specific class:,6,m2372,This class requires me to work hard to do well,Never | Once in a while | Most of the time | All the time
2026,Ambitious Instruction,pres24,Academic Press,Student,Students report the following about one specific class:,7,m2367,The teacher expects everyone to work hard,Strongly disagree | Disagree | Agree | Strongly agree
2026,Ambitious Instruction,pres24,Academic Press,Student,Students report the following about one specific class:,8,m2366,The teacher expects me to do my best all the time,Strongly disagree | Disagree | Agree | Strongly agree
2026,Ambitious Instruction,pres24,Academic Press,Student,Students report the following about one specific class:,9,m2374,"The teacher wants us to become better thinkers, not just memorize things",Strongly disagree | Disagree | Agree | Strongly agree
2026,Ambitious Instruction,engl24,English Instruction,Student,Students report doing the following in English class:,1,m2311,Rewrite a paper or essay in response to comments.,Never | Once or twice a semester | Once or twice a month | Once or twice a week | Almost every day
2026,Ambitious Instruction,engl24,English Instruction,Student,Students report doing the following in English class:,2,m2315,Debate the meaning of a reading.,Never | Once or twice a semester | Once or twice a month | Once or twice a week | Almost every day
2026,Ambitious Instruction,engl24,English Instruction,Student,Students report doing the following in English class:,3,m2314,Improve a piece of writing as a class or with partners.,Never | Once or twice a semester | Once or twice a month | Once or twice a week | Almost every day
2026,Ambitious Instruction,engl24,English Instruction,Student,Students report doing the following in English class:,4,m2313,"Discuss how culture, time, or place affects an author's writing.",Never | Once or twice a semester | Once or twice a month | Once or twice a week | Almost every day
2026,Ambitious Instruction,engl24,English Instruction,Student,Students report doing the following in English class:,5,m2312,Discuss connections between a reading and real life people or situations.,Never | Once or twice a semester | Once or twice a month | Once or twice a week | Almost every day
2026,Ambitious Instruction,math24,Math Instruction,Student,Students report that they do the following in math class:,1,m2343,Write a math problem for other students to solve.,Never | Once or twice a semester | Once or twice a month | Once or twice a week | Almost every day
2026,Ambitious Instruction,math24,Math Instruction,Student,Students report that they do the following in math class:,2,m2345,Apply math to situations in life outside of school.,Never | Once or twice a semester | Once or twice a month | Once or twice a week | Almost every day
2026,Ambitious Instruction,math24,Math Instruction,Student,Students report that they do the following in math class:,3,m2341,Write a few sentences to explain how you solved a math problem.,Never | Once or twice a semester | Once or twice a month | Once or twice a week | Almost every day
2026,Ambitious Instruction,math24,Math Instruction,Student,Students report that they do the following in math class:,4,m2344,Discuss possible solutions to problems with other students.,Never | Once or twice a semester | Once or twice a month | Once or twice a week | Almost every day
2026,Ambitious Instruction,math24,Math Instruction,Student,Students report that they do the following in math class:,5,m2342,Explain how you solved a problem to the class.,Never | Once or twice a semester | Once or twice a month | Once or twice a week | Almost every day
2026,Ambitious Instruction,sdis24,Quality of Student Discussion,Teacher,Teachers report the following about classroom discussions:,1,m2430,Students encourage each other to participate in discussion.,Never | Rarely | Sometimes | Almost always
2026,Ambitious Instruction,sdis24,Quality of Student Discussion,Teacher,Teachers report the following about classroom discussions:,2,m2428,Students provide constructive feedback to their peers and to me.,Never | Rarely | Sometimes | Almost always
2026,Ambitious Instruction,sdis24,Quality of Student Discussion,Teacher,Teachers report the following about classroom discussions:,3,m2426,Students use data and text references to support their ideas.,Never | Rarely | Sometimes | Almost always
2026,Ambitious Instruction,sdis24,Quality of Student Discussion,Teacher,Teachers report the following about classroom discussions:,4,m2425,Students build on each other’s ideas during discussion.,Never | Rarely | Sometimes | Almost always
2026,Ambitious Instruction,sdis24,Quality of Student Discussion,Teacher,Teachers report the following about classroom discussions:,5,m2429,Most students participate in the discussion at some point.,Never | Rarely | Sometimes | Almost always
2026,Ambitious Instruction,sdis24,Quality of Student Discussion,Teacher,Teachers report the following about classroom discussions:,6,m2427,Students show each other respect.,Never | Rarely | Sometimes | Almost always
2026,Collaborative Teachers,colb24,Collaborative Practices,Teacher,Teachers report how often they have done the following:,1,m2292,Observed another teacher's classroom to offer feedback.,Never | Once or twice | 3-9 times | 10 or more times
2026,Collaborative Teachers,colb24,Collaborative Practices,Teacher,Teachers report how often they have done the following:,2,m2293,Observed another teacher's classroom to get ideas for your own instruction.,Never | Once or twice | 3-9 times | 10 or more times
2026,Collaborative Teachers,colb24,Collaborative Practices,Teacher,Teachers report how often they have done the following:,3,m2294,Gone over student assessment data with other teachers to make instructional decisions.,Never | Once or twice | 3-9 times | 10 or more times
2026,Collaborative Teachers,colb24,Collaborative Practices,Teacher,Teachers report how often they have done the following:,4,m2295,Worked with other teachers to develop materials or activities for particular classes.,Never | Once or twice | 3-9 times | 10 or more times
2026,Collaborative Teachers,colb24,Collaborative Practices,Teacher,Teachers report how often they have done the following:,5,m2296,Worked on instructional strategies with other teachers.,Never | Once or twice | 3-9 times | 10 or more times
2026,Collaborative Teachers,colr24,Collective Responsibility,Teacher,Teachers report that other teachers in the school:,1,m2297,"Help maintain discipline in the entire school, not just their classroom?",None | Some | About half | Most | Nearly all
2026,Collaborative Teachers,colr24,Collective Responsibility,Teacher,Teachers report that other teachers in the school:,2,m2302,Feel responsible when students in this school fail.,None | Some | About half | Most | Nearly all
2026,Collaborative Teachers,colr24,Collective Responsibility,Teacher,Teachers report that other teachers in the school:,3,m2298,Take responsibility for improving the school.,None | Some | About half | Most | Nearly all
2026,Collaborative Teachers,colr24,Collective Responsibility,Teacher,Teachers report that other teachers in the school:,4,m2299,Feel responsible to help each other do their best.,None | Some | About half | Most | Nearly all
2026,Collaborative Teachers,colr24,Collective Responsibility,Teacher,Teachers report that other teachers in the school:,5,m2301,Feel responsible for helping students develop self-control.,None | Some | About half | Most | Nearly all
2026,Collaborative Teachers,colr24,Collective Responsibility,Teacher,Teachers report that other teachers in the school:,6,m2300,Feel responsible that all students learn.,None | Some | About half | Most | Nearly all
2026,Collaborative Teachers,qpd24,Quality Professional Development,Teacher,Teachers report that professional development this year has:,1,m2396,"Included enough time to think carefully about, try, and evaluate new ideas.",Strongly disagree | Disagree | Agree | Strongly agree
2026,Collaborative Teachers,qpd24,Quality Professional Development,Teacher,Teachers report that professional development this year has:,2,m2395,"Been sustained and coherently focused, rather than short-term and unrelated.",Strongly disagree | Disagree | Agree | Strongly agree
2026,Collaborative Teachers,qpd24,Quality Professional Development,Teacher,Teachers report that professional development this year has:,3,m2398,Included opportunities to work productively with colleagues in my school.,Strongly disagree | Disagree | Agree | Strongly agree
2026,Collaborative Teachers,qpd24,Quality Professional Development,Teacher,Teachers report that professional development this year has:,4,m2397,Been closely connected to my school’s improvement plan.,Strongly disagree | Disagree | Agree | Strongly agree
2026,Collaborative Teachers,scmt24,School Commitment,Teacher,Teachers report the following:,1,m2424,This school would be my first choice for my own child.,Strongly disagree | Disagree | Agree | Strongly agree
2026,Collaborative Teachers,scmt24,School Commitment,Teacher,Teachers report the following:,2,m2421,I wouldn’t want to work in any other school.,Strongly disagree | Disagree | Agree | Strongly agree
2026,Collaborative Teachers,scmt24,School Commitment,Teacher,Teachers report the following:,3,m2423,I would recommend this school to parents/guardians seeking a place for their child.,Strongly disagree | Disagree | Agree | Strongly agree
2026,Collaborative Teachers,scmt24,School Commitment,Teacher,Teachers report the following:,4,m2420,I usually look forward to each working day at this school.,Strongly disagree | Disagree | Agree | Strongly agree
2026,Collaborative Teachers,scmt24,School Commitment,Teacher,Teachers report the following:,5,m2422,I feel loyal to this school.,Strongly disagree | Disagree | Agree | Strongly agree
2026,Collaborative Teachers,trte24,Teacher-Teacher Trust,Teacher,Teachers report the following:,1,m2465,Teachers in this school trust each other.,Strongly disagree | Disagree | Agree | Strongly agree
2026,Collaborative Teachers,trte24,Teacher-Teacher Trust,Teacher,Teachers report the following:,2,m2466,"It's OK in this school to discuss feelings, worries, and frustrations with other teachers.",Strongly disagree | Disagree | Agree | Strongly agree
2026,Collaborative Teachers,trte24,Teacher-Teacher Trust,Teacher,Teachers report the following:,3,m2467,Teachers respect other teachers who take the lead in school improvement efforts.,Strongly disagree | Disagree | Agree | Strongly agree
2026,Collaborative Teachers,trte24,Teacher-Teacher Trust,Teacher,Teachers report the following:,4,m2468,Teachers at this school respect those colleagues who are experts at their craft.,Strongly disagree | Disagree | Agree | Strongly agree
2026,Collaborative Teachers,trte24,Teacher-Teacher Trust,Teacher,Teachers report the following:,5,m2469,Teachers feel respected by other teachers,Not at all | A little | Some | To a great extent
2026,Effective Leaders,ins24,Instructional Leadership,Teacher,Teachers report that a member of the school leadership team:,1,m2337,Knows what’s going on in my classroom.,Strongly disagree | Disagree | Agree | Strongly agree
2026,Effective Leaders,ins24,Instructional Leadership,Teacher,Teachers report that a member of the school leadership team:,2,m2338,Provides me with useful feedback to improve my teaching.,Strongly disagree | Disagree | Agree | Strongly agree
2026,Effective Leaders,ins24,Instructional Leadership,Teacher,Teachers report that a member of the school leadership team:,3,m2340,Makes sure teachers receive the coaching and support they need to implement new practices.,Strongly disagree | Disagree | Agree | Strongly agree
2026,Effective Leaders,ins24,Instructional Leadership,Teacher,Teachers report that a member of the school leadership team:,4,m2339,Has provided me with the support I need to improve my teaching.,Strongly disagree | Disagree | Agree | Strongly agree
2026,Effective Leaders,ins24,Instructional Leadership,Teacher,Teachers report that a member of the school leadership team:,5,m2336,Presses teachers to implement what they have learned in professional development.,Strongly disagree | Disagree | Agree | Strongly agree
2026,Effective Leaders,ins24,Instructional Leadership,Teacher,Teachers report that a member of the school leadership team:,6,m2335,Communicates a clear vision for our school.,Strongly disagree | Disagree | Agree | Strongly agree
2026,Effective Leaders,ins24,Instructional Leadership,Teacher,Teachers report that a member of the school leadership team:,7,m2334,Makes clear to the staff the leadership’s expectations for meeting instructional goals.,Strongly disagree | Disagree | Agree | Strongly agree
2026,Effective Leaders,pgmc24,Program Coherence,Teacher,Teachers report the following:,1,m2357,We have so many different programs in this school that I can’t keep track of them all.,Strongly disagree | Disagree | Agree | Strongly agree
2026,Effective Leaders,pgmc24,Program Coherence,Teacher,Teachers report the following:,2,m2358,Many special programs come and go at this school.,Strongly disagree | Disagree | Agree | Strongly agree
2026,Effective Leaders,pgmc24,Program Coherence,Teacher,Teachers report the following:,3,m2356,"Once we start a new program in this school, we follow up to make sure that it's working.",Strongly disagree | Disagree | Agree | Strongly agree
2026,Effective Leaders,pgmc24,Program Coherence,Teacher,Teachers report the following:,4,m2359,"Curriculum, instruction, and learning materials are well coordinated across different grade levels at this school.",Strongly disagree | Disagree | Agree | Strongly agree
2026,Effective Leaders,pgmc24,Program Coherence,Teacher,Teachers report the following:,5,m2360,"There is consistency in curriculum, instruction, and learning materials among teachers in the same grade level at this school.",Strongly disagree | Disagree | Agree | Strongly agree
2026,Effective Leaders,inf24,Teacher Influence,Teacher,Teachers report having influence on:,1,m2326,Planning how discretionary school funds should be used.,No influence | A little influence | Some influence | A great deal of influence
2026,Effective Leaders,inf24,Teacher Influence,Teacher,Teachers report having influence on:,2,m2329,Determining the content of in-service programs.,No influence | A little influence | Some influence | A great deal of influence
2026,Effective Leaders,inf24,Teacher Influence,Teacher,Teachers report having influence on:,3,m2330,Setting standards for student behavior.,No influence | A little influence | Some influence | A great deal of influence
2026,Effective Leaders,inf24,Teacher Influence,Teacher,Teachers report having influence on:,4,m2328,Establishing the curriculum and instructional program.,No influence | A little influence | Some influence | A great deal of influence
2026,Effective Leaders,inf24,Teacher Influence,Teacher,Teachers report having influence on:,5,m2327,Determining which books and other instructional materials are used in classrooms.,No influence | A little influence | Some influence | A great deal of influence
2026,Effective Leaders,trpr24,Teacher-Principal Trust,Teacher,Teachers report the following:,1,m2464,The principal at this school is an effective manager who makes the school run smoothly.,Strongly disagree | Disagree | Agree | Strongly agree
2026,Effective Leaders,trpr24,Teacher-Principal Trust,Teacher,Teachers report the following:,2,m2459,"It’s OK in this school to discuss feelings, worries, and frustrations with the principal.",Strongly disagree | Disagree | Agree | Strongly agree
2026,Effective Leaders,trpr24,Teacher-Principal Trust,Teacher,Teachers report the following:,3,m2458,I trust the principal at their word.,Strongly disagree | Disagree | Agree | Strongly agree
2026,Effective Leaders,trpr24,Teacher-Principal Trust,Teacher,Teachers report the following:,4,m2461,The principal looks out for the personal welfare of the faculty members.,Strongly disagree | Disagree | Agree | Strongly agree
2026,Effective Leaders,trpr24,Teacher-Principal Trust,Teacher,Teachers report the following:,5,m2460,The principal takes a personal interest in the professional development of teachers.,Strongly disagree | Disagree | Agree | Strongly agree
2026,Effective Leaders,trpr24,Teacher-Principal Trust,Teacher,Teachers report the following:,6,m2457,The principal has confidence in the expertise of the teachers.,Strongly disagree | Disagree | Agree | Strongly agree
2026,Effective Leaders,trpr24,Teacher-Principal Trust,Teacher,Teachers report the following:,7,m2462,The principal places the needs of children ahead of personal and political interests.,Strongly disagree | Disagree | Agree | Strongly agree
2026,Effective Leaders,trpr24,Teacher-Principal Trust,Teacher,Teachers report the following:,8,m2463,Teachers feel respected by the principal,Not at all | A little | Some | To a great extent
2026,Involved Families,pnfl24,Parent Influence on Decision Making in Schools,Teacher,Teachers report that the school:,1,m2364,Involves parents in commenting on school curricula.,Not at all | A little | Somewhat | A great deal
2026,Involved Families,pnfl24,Parent Influence on Decision Making in Schools,Teacher,Teachers report that the school:,2,m2363,Encourage more involved parents/guardians to reach out to less involved parents/guardians?,Not at all | A little | Somewhat | A great deal
2026,Involved Families,pnfl24,Parent Influence on Decision Making in Schools,Teacher,Teachers report that the school:,3,m2362,"Develops formal networks to link all families with each other (for example: sharing parent directories, providing a website for parents to connect with one another, etc.).",Not at all | A little | Somewhat | A great deal
2026,Involved Families,pnfl24,Parent Influence on Decision Making in Schools,Teacher,Teachers report that the school:,4,m2361,Involves parents in the development of programs aimed at improving students’ academic outcomes.,Not at all | A little | Somewhat | A great deal
2026,Involved Families,pnfl24,Parent Influence on Decision Making in Schools,Teacher,Teachers report that the school:,5,m2365,Includes parent leaders from all backgrounds in school improvement efforts.,Not at all | A little | Somewhat | A great deal
2026,Involved Families,prt24,Parent Involvement in School,Teacher,Teachers report that students' parents:,1,m2380,"Volunteered time to support the school/center (e.g., volunteer in classrooms, help with school/center-wide events, etc.).",None | Some | About half | Most | All
2026,Involved Families,prt24,Parent Involvement in School,Teacher,Teachers report that students' parents:,2,m2381,Contacted you about their child's performance.,None | Some | About half | Most | All
2026,Involved Families,prt24,Parent Involvement in School,Teacher,Teachers report that students' parents:,3,m2382,Responded to your suggestions for helping their child.,None | Some | About half | Most | All
2026,Involved Families,prt24,Parent Involvement in School,Teacher,Teachers report that students' parents:,4,m2379,Attended parent-teacher conferences when you requested them.,None | Some | About half | Most | All
2026,Involved Families,trpa24,Teacher-Parent Trust,Teacher,Teachers report the following:,1,m2445,Teachers feel good about parents' support for their work.,None | Some | About half | Most | Nearly all
2026,Involved Families,trpa24,Teacher-Parent Trust,Teacher,Teachers report the following:,2,m2442,Parents do their best to help their children learn.,None | Some | About half | Most | All
2026,Involved Families,trpa24,Teacher-Parent Trust,Teacher,Teachers report the following:,3,m2443,Teachers and parents/guardians at this school think of each other as partners in educating children.,Strongly disagree | Disagree | Agree | Strongly agree
2026,Involved Families,trpa24,Teacher-Parent Trust,Teacher,Teachers report the following:,4,m2441,Parents support teachers' teaching efforts.,None | Some | About half | Most | All
2026,Involved Families,trpa24,Teacher-Parent Trust,Teacher,Teachers report the following:,5,m2444,Staff at this school work hard to build trusting relationships with parents/guardians.,Strongly disagree | Disagree | Agree | Strongly agree
2026,Involved Families,trpa24,Teacher-Parent Trust,Teacher,Teachers report the following:,6,m2446,Teachers feel respected by the parents of the students,Not at all | A little | Some | To a great extent
2026,Supplemental measures,engg24,Academic Engagement,Student,Students report:,1,m2310,Sometimes I get so interested in my work I don't want to stop.,Strongly disagree | Disagree | Agree | Strongly agree
2026,Supplemental measures,engg24,Academic Engagement,Student,Students report:,2,m2308,I usually look forward to this class.,Strongly disagree | Disagree | Agree | Strongly agree
2026,Supplemental measures,engg24,Academic Engagement,Student,Students report:,3,m2307,The topics we are studying are interesting and challenging.,Strongly disagree | Disagree | Agree | Strongly agree
2026,Supplemental measures,engg24,Academic Engagement,Student,Students report:,4,m2309,I work hard to do my best in this class.,Strongly disagree | Disagree | Agree | Strongly agree
2026,Supplemental measures,cdis24,Classroom Disruptions,Teacher,Teachers report that students in their classrooms:,1,m2285,Threaten you verbally?,None | A few | A lot | Almost all
2026,Supplemental measures,cdis24,Classroom Disruptions,Teacher,Teachers report that students in their classrooms:,2,m2282,Create serious behavior problems in your class?,None | A few | A lot | Almost all
2026,Supplemental measures,cdis24,Classroom Disruptions,Teacher,Teachers report that students in their classrooms:,3,m2283,Refuse to respond when addressed?,None | A few | A lot | Almost all
2026,Supplemental measures,cdis24,Classroom Disruptions,Teacher,Teachers report that students in their classrooms:,4,m2284,Use inappropriate language during class?,None | A few | A lot | Almost all
2026,Supplemental measures,cdis24,Classroom Disruptions,Teacher,Teachers report that students in their classrooms:,5,m2286,"Do off-task things (e.g., play games, text, talk on cell phone) during instructional time?",None | A few | A lot | Almost all
2026,Supplemental measures,rigr24,Classroom Rigor,Student,Students report that the teacher in their target class:,1,m2410,We talk about different solutions or points of view.,Very little | Some | Quite a bit | A great deal
2026,Supplemental measures,rigr24,Classroom Rigor,Student,Students report that the teacher in their target class:,2,m2405,Often connects what I am learning to life outside of the classroom.,Strongly disagree | Disagree | Agree | Strongly agree
2026,Supplemental measures,rigr24,Classroom Rigor,Student,Students report that the teacher in their target class:,3,m2408,Encourages us to consider different solutions or points of view.,Strongly disagree | Disagree | Agree | Strongly agree
2026,Supplemental measures,rigr24,Classroom Rigor,Student,Students report that the teacher in their target class:,4,m2406,Encourages students to share their ideas about things we are studying in class.,Strongly disagree | Disagree | Agree | Strongly agree
2026,Supplemental measures,rigr24,Classroom Rigor,Student,Students report that the teacher in their target class:,5,m2407,Often requires me to explain my answers.,Strongly disagree | Disagree | Agree | Strongly agree
2026,Supplemental measures,rigr24,Classroom Rigor,Student,Students report that the teacher in their target class:,6,m2409,Doesn't let students give up when the work gets hard.,Strongly disagree | Disagree | Agree | Strongly agree
2026,Supplemental measures,clar24,Course Clarity,Student,Students report the following about one specific class:,1,m2289,I learn a lot from feedback on my work.,Strongly disagree | Disagree | Agree | Strongly agree
2026,Supplemental measures,clar24,Course Clarity,Student,Students report the following about one specific class:,2,m2290,The homework assignments help me to learn the course material.,Strongly disagree | Disagree | Agree | Strongly agree
2026,Supplemental measures,clar24,Course Clarity,Student,Students report the following about one specific class:,3,m2288,The work we do in class is good preparation for the test.,Strongly disagree | Disagree | Agree | Strongly agree
2026,Supplemental measures,clar24,Course Clarity,Student,Students report the following about one specific class:,4,m2291,I know what my teacher wants me to learn in this class.,Strongly disagree | Disagree | Agree | Strongly agree
2026,Supplemental measures,clar24,Course Clarity,Student,Students report the following about one specific class:,5,m2287,It's clear to me what I need to do to get a good grade.,Strongly disagree | Disagree | Agree | Strongly agree
2026,Supplemental measures,emhl24,Emotional Health,Student,Students report:,1,m2303,I can always find a way to help people end arguments.,Strongly disagree | Disagree | Agree | Strongly agree
2026,Supplemental measures,emhl24,Emotional Health,Student,Students report:,2,m2305,I'm good at working with other students.,Strongly disagree | Disagree | Agree | Strongly agree
2026,Supplemental measures,emhl24,Emotional Health,Student,Students report:,3,m2306,I'm good at helping other people.,Strongly disagree | Disagree | Agree | Strongly agree
2026,Supplemental measures,emhl24,Emotional Health,Student,Students report:,4,m2304,I listen carefully to what other people say to me.,Strongly disagree | Disagree | Agree | Strongly agree
2026,Supplemental measures,humr24,Human & Social Resources in the Community,Student,Students report the following about their community:,1,m2322,Adults in this neighborhood know who the local children are.,Strongly disagree | Disagree | Agree | Strongly agree
2026,Supplemental measures,humr24,Human & Social Resources in the Community,Student,Students report the following about their community:,2,m2324,People in this neighborhood can be trusted.,Strongly disagree | Disagree | Agree | Strongly agree
2026,Supplemental measures,humr24,Human & Social Resources in the Community,Student,Students report the following about their community:,3,m2321,There are adults in this neighborhood that children can look up to.,Strongly disagree | Disagree | Agree | Strongly agree
2026,Supplemental measures,humr24,Human & Social Resources in the Community,Student,Students report the following about their community:,4,m2325,"The equipment and buildings in the neighborhood, park, or playground are well kept.",Strongly disagree | Disagree | Agree | Strongly agree
2026,Supplemental measures,humr24,Human & Social Resources in the Community,Student,Students report the following about their community:,5,m2323,"During the day, it is safe for children to play in the local park or playground.",Strongly disagree | Disagree | Agree | Strongly agree
2026,Supplemental measures,futr24,Importance of High School for the Future,Student,Students report:,1,m2450,My classes give me useful preparation for what I plan to do in life.,Strongly disagree | Disagree | Agree | Strongly agree
2026,Supplemental measures,futr24,Importance of High School for the Future,Student,Students report:,2,m2447,What we learn in class is necessary for success in the future.,Strongly disagree | Disagree | Agree | Strongly agree
2026,Supplemental measures,futr24,Importance of High School for the Future,Student,Students report:,3,m2449,High school teaches me valuable skills.,Strongly disagree | Disagree | Agree | Strongly agree
2026,Supplemental measures,futr24,Importance of High School for the Future,Student,Students report:,4,m2448,Working hard in high school matters for success in the workforce.,Strongly disagree | Disagree | Agree | Strongly agree
2026,Supplemental measures,innv24,Innovation,Teacher,Teachers report that:,1,m2333,Teachers are eager to try new ideas.,None | Some | About half | Most | Nearly all
2026,Supplemental measures,innv24,Innovation,Teacher,Teachers report that:,2,m2332,Teachers are willing to take risks to make the school better.,None | Some | About half | Most | Nearly all
2026,Supplemental measures,innv24,Innovation,Teacher,Teachers report that:,3,m2331,Teachers are really trying to improve their teaching.,None | Some | About half | Most | Nearly all
2026,Supplemental measures,scie24,Inquiry-Based Science Instruction,Student,Students report doing the following in science class:,1,m2415,Use laboratory equipment or specimens.,Never | Once or twice a semester | Once or twice a month | Once or twice a week | Almost every day
2026,Supplemental measures,scie24,Inquiry-Based Science Instruction,Student,Students report doing the following in science class:,2,m2416,Write lab reports.,Never | Once or twice a semester | Once or twice a month | Once or twice a week | Almost every day
2026,Supplemental measures,scie24,Inquiry-Based Science Instruction,Student,Students report doing the following in science class:,3,m2417,Generate your own hypotheses.,Never | Once or twice a semester | Once or twice a month | Once or twice a week | Almost every day
2026,Supplemental measures,scie24,Inquiry-Based Science Instruction,Student,Students report doing the following in science class:,4,m2418,Use evidence/data to support an argument or hypothesis.,Never | Once or twice a semester | Once or twice a month | Once or twice a week | Almost every day
2026,Supplemental measures,scie24,Inquiry-Based Science Instruction,Student,Students report doing the following in science class:,5,m2419,Find information from graphs and tables.,Never | Once or twice a semester | Once or twice a month | Once or twice a week | Almost every day
2026,Supplemental measures,prs24,Parent Supportiveness,Student,Students report the following about their parents. My parents:,1,m2378,Take time to help you make decisions.,Never | Some of the time | Most of the time | All of the time
2026,Supplemental measures,prs24,Parent Supportiveness,Student,Students report the following about their parents. My parents:,2,m2376,Listen to you when you need to talk.,Never | Some of the time | Most of the time | All of the time
2026,Supplemental measures,prs24,Parent Supportiveness,Student,Students report the following about their parents. My parents:,3,m2377,Show they are proud of you.,Never | Some of the time | Most of the time | All of the time
2026,Supplemental measures,prs24,Parent Supportiveness,Student,Students report the following about their parents. My parents:,4,m2375,Encourage you to work hard at school.,Never | Some of the time | Most of the time | All of the time
2026,Supplemental measures,refd24,Reflective Dialogue,Teacher,Teachers report having conversations with colleagues about:,1,m2402,The development of new curriculum,Less than once a month | 2 or 3 times per month | 1 or 2 times per week | Almost daily
2026,Supplemental measures,refd24,Reflective Dialogue,Teacher,Teachers report having conversations with colleagues about:,2,m2403,The goals of this school.,Less than once a month | 2 or 3 times per month | 1 or 2 times per week | Almost daily
2026,Supplemental measures,refd24,Reflective Dialogue,Teacher,Teachers report having conversations with colleagues about:,3,m2404,Managing classroom behavior,Less than once a month | 2 or 3 times per month | 1 or 2 times per week | Almost daily
2026,Supplemental measures,refd24,Reflective Dialogue,Teacher,Teachers report having conversations with colleagues about:,4,m2401,What helps students learn the best,Less than once a month | 2 or 3 times per month | 1 or 2 times per week | Almost daily
2026,Supplemental measures,refd24,Reflective Dialogue,Teacher,Teachers report having conversations with colleagues about:,5,m2400,Student work,Strongly disagree | Disagree | Agree | Strongly agree
2026,Supplemental measures,refd24,Reflective Dialogue,Teacher,Teachers report having conversations with colleagues about:,6,m2399,"Instruction in the teachers' lounge, faculty meetings, etc.",Strongly disagree | Disagree | Agree | Strongly agree
2026,Supplemental measures,stdy24,Rigorous Study Habits,Student,Students report that:,1,m2440,I always study for tests.,Strongly disagree | Disagree | Agree | Strongly agree
2026,Supplemental measures,stdy24,Rigorous Study Habits,Student,Students report that:,2,m2439,"If I need to study, I don't go out with my friends.",Strongly disagree | Disagree | Agree | Strongly agree
2026,Supplemental measures,stdy24,Rigorous Study Habits,Student,Students report that:,3,m2437,I set aside time to do my homework and study.,Strongly disagree | Disagree | Agree | Strongly agree
2026,Supplemental measures,stdy24,Rigorous Study Habits,Student,Students report that:,4,m2438,I try to do well on my schoolwork even when it isn't interesting to me.,Strongly disagree | Disagree | Agree | Strongly agree
2026,Supplemental measures,pssm24,School Connectedness,Student,Students report the following:,1,m2394,I'm excited to go to school every day.,Strongly disagree | Disagree | Agree | Strongly agree
2026,Supplemental measures,pssm24,School Connectedness,Student,Students report the following:,2,m2391,Other students in my school take my opinions seriously.,Strongly disagree | Disagree | Agree | Strongly agree
2026,Supplemental measures,pssm24,School Connectedness,Student,Students report the following:,3,m2393,I'm included in lots of activities at school.,Strongly disagree | Disagree | Agree | Strongly agree
2026,Supplemental measures,pssm24,School Connectedness,Student,Students report the following:,4,m2389,I feel like a real part of my school.,Strongly disagree | Disagree | Agree | Strongly agree
2026,Supplemental measures,pssm24,School Connectedness,Student,Students report the following:,5,m2390,People here notice when I'm good at something.,Strongly disagree | Disagree | Agree | Strongly agree
2026,Supplemental measures,pssm24,School Connectedness,Student,Students report the following:,6,m2392,People at this school are friendly to me.,Strongly disagree | Disagree | Agree | Strongly agree
2026,Supplemental measures,ssaf24,School Safety,Student,Students report  that:,1,m2436,Students at this school are often threatened or bullied.,Strongly disagree | Disagree | Agree | Strongly agree
2026,Supplemental measures,ssaf24,School Safety,Student,Students report  that:,2,m2434,I worry about crime and violence in this school.,Strongly disagree | Disagree | Agree | Strongly agree
2026,Supplemental measures,ssaf24,School Safety,Student,Students report  that:,3,m2435,Students at this school are often teased or picked on.,Strongly disagree | Disagree | Agree | Strongly agree
2026,Supplemental measures,socz24,Socialization of New Teachers,Teacher,Teachers report the following:,1,m2433,How many teachers are assigned a mentor teacher when they first begin working at this school?,None | A few | Most | All
2026,Supplemental measures,socz24,Socialization of New Teachers,Teacher,Teachers report the following:,2,m2431,"Experienced teachers invite new teachers into their classes to observe, give feedback, etc.",Strongly disagree | Disagree | Agree | Strongly agree
2026,Supplemental measures,socz24,Socialization of New Teachers,Teacher,Teachers report the following:,3,m2432,A conscious effort is made by faculty to make new teachers feel welcome here.,Strongly disagree | Disagree | Agree | Strongly agree
2026,Supplemental measures,peer24,Student Peer Relationships,Student,Students report that their school peers:,1,m2349,Don't get along together very well.,Strongly disagree | Disagree | Agree | Strongly agree
2026,Supplemental measures,peer24,Student Peer Relationships,Student,Students report that their school peers:,2,m2347,Like to put others down.,Strongly disagree | Disagree | Agree | Strongly agree
2026,Supplemental measures,peer24,Student Peer Relationships,Student,Students report that their school peers:,3,m2350,Treat each other with respect.,Strongly disagree | Disagree | Agree | Strongly agree
2026,Supplemental measures,peer24,Student Peer Relationships,Student,Students report that their school peers:,4,m2348,Help each other learn.,Strongly disagree | Disagree | Agree | Strongly agree
2026,Supplemental measures,prti24,Student Responsibility,Teacher,Teachers report that their students:,1,m2388,Always turn in their homework?,None | Some | About half | Most | Nearly all
2026,Supplemental measures,prti24,Student Responsibility,Teacher,Teachers report that their students:,2,m2386,Regularly pay attention in class?,None | Some | About half | Most | Nearly all
2026,Supplemental measures,prti24,Student Responsibility,Teacher,Teachers report that their students:,3,m2387,Actively participate in class activities?,None | Some | About half | Most | Nearly all
2026,Supplemental measures,prti24,Student Responsibility,Teacher,Teachers report that their students:,4,m2385,Come to class prepared with the appropriate supplies and books?,None | Some | About half | Most | Nearly all
2026,Supplemental measures,prti24,Student Responsibility,Teacher,Teachers report that their students:,5,m2383,Come to class on time?,None | Some | About half | Most | Nearly all
2026,Supplemental measures,prti24,Student Responsibility,Teacher,Teachers report that their students:,6,m2384,Attend class regularly?,None | Some | About half | Most | Nearly all
2026,Supplemental measures,tsaf24,Teacher Safety,Teacher,Teachers report how much each of the following is a problem:,1,m2486,Threats of violence toward teachers,Not at all | A little | Some | To a great extent
2026,Supplemental measures,tsaf24,Teacher Safety,Teacher,Teachers report how much each of the following is a problem:,2,m2481,Robbery or theft,Not at all | A little | Some | To a great extent
2026,Supplemental measures,tsaf24,Teacher Safety,Teacher,Teachers report how much each of the following is a problem:,3,m2483,Disorder in classrooms,Not at all | A little | Some | To a great extent
2026,Supplemental measures,tsaf24,Teacher Safety,Teacher,Teachers report how much each of the following is a problem:,4,m2480,Physical conflicts among students,Not at all | A little | Some | To a great extent
2026,Supplemental measures,tsaf24,Teacher Safety,Teacher,Teachers report how much each of the following is a problem:,5,m2484,Disorder in hallways,Not at all | A little | Some | To a great extent
2026,Supplemental measures,tsaf24,Teacher Safety,Teacher,Teachers report how much each of the following is a problem:,6,m2485,Student disrespect of teachers,Not at all | A little | Some | To a great extent
2026,Supportive Environment,perc24,Academic Personalism,Student,Students report that their teacher:,1,m2352,Is willing to give extra help on schoolwork if I need it.,Strongly disagree | Disagree | Agree | Strongly agree
2026,Supportive Environment,perc24,Academic Personalism,Student,Students report that their teacher:,2,m2351,Notices if I have trouble learning something.,Strongly disagree | Disagree | Agree | Strongly agree
2026,Supportive Environment,perc24,Academic Personalism,Student,Students report that their teacher:,3,m2353,Helps me catch up if I am behind.,Strongly disagree | Disagree | Agree | Strongly agree
2026,Supportive Environment,perc24,Academic Personalism,Student,Students report that their teacher:,4,m2354,Gives me specific suggestions about how I can improve my work in this class.,Strongly disagree | Disagree | Agree | Strongly agree
2026,Supportive Environment,perc24,Academic Personalism,Student,Students report that their teacher:,5,m2355,Explains things in a different way if I don't understand something in class.,Strongly disagree | Disagree | Agree | Strongly agree
2026,Supportive Environment,uexp24,Expectations for Postsecondary Education,Teacher,Teachers report that:,1,m2478,Most of the students in this school are planning to go to college.,Strongly disagree | Disagree | Agree | Strongly agree
2026,Supportive Environment,uexp24,Expectations for Postsecondary Education,Teacher,Teachers report that:,2,m2476,Teachers at this school help students plan for college outside of class time.,Strongly disagree | Disagree | Agree | Strongly agree
2026,Supportive Environment,uexp24,Expectations for Postsecondary Education,Teacher,Teachers report that:,3,m2477,The curriculum at this school is focused on helping students get ready for college.,Strongly disagree | Disagree | Agree | Strongly agree
2026,Supportive Environment,uexp24,Expectations for Postsecondary Education,Teacher,Teachers report that:,4,m2475,Teachers expect most students in this school to go to college.,Strongly disagree | Disagree | Agree | Strongly agree
2026,Supportive Environment,uexp24,Expectations for Postsecondary Education,Teacher,Teachers report that:,5,m2479,Teachers in this school feel that it is a part of their job to prepare students to succeed in college.,Strongly disagree | Disagree | Agree | Strongly agree
2026,Supportive Environment,acno24,Peer Support for Academic Work,Student,Students report that their classroom peers:,1,m2276,Think doing homework is important?,None | A few | About half | Most | All
2026,Supportive Environment,acno24,Peer Support for Academic Work,Student,Students report that their classroom peers:,2,m2278,Feel it is important to attend school every day?,None | A few | About half | Most | All
2026,Supportive Environment,acno24,Peer Support for Academic Work,Student,Students report that their classroom peers:,3,m2277,Feel it is important to pay attention in class?,None | A few | About half | Most | All
2026,Supportive Environment,acno24,Peer Support for Academic Work,Student,Students report that their classroom peers:,4,m2279,Try hard to get good grades?,None | A few | About half | Most | All
2026,Supportive Environment,safe24,Safety,Student,Students report how safe they feel:,1,m2411,Outside around the school?,Not safe | Somewhat safe | Mostly safe | Very safe
2026,Supportive Environment,safe24,Safety,Student,Students report how safe they feel:,2,m2414,In the bathrooms of the school?,Not safe | Somewhat safe | Mostly safe | Very safe
2026,Supportive Environment,safe24,Safety,Student,Students report how safe they feel:,3,m2413,In the hallways of the school?,Not safe | Somewhat safe | Mostly safe | Very safe
2026,Supportive Environment,safe24,Safety,Student,Students report how safe they feel:,4,m2412,In your classes?,Not safe | Somewhat safe | Mostly safe | Very safe
2026,Supportive Environment,slap24,School-Wide Future Orientation,Student,Students report that:,1,m2455,"Teachers pay attention to all students, not just the top students.",Strongly disagree | Disagree | Agree | Strongly agree
2026,Supportive Environment,slap24,School-Wide Future Orientation,Student,Students report that:,2,m2456,Teachers work hard to make sure that students stay in school.,Strongly disagree | Disagree | Agree | Strongly agree
2026,Supportive Environment,slap24,School-Wide Future Orientation,Student,Students report that:,3,m2454,All students are encouraged to go to college.,Strongly disagree | Disagree | Agree | Strongly agree
2026,Supportive Environment,slap24,School-Wide Future Orientation,Student,Students report that:,4,m2453,High school is seen as preparation for the future.,Strongly disagree | Disagree | Agree | Strongly agree
2026,Supportive Environment,slap24,School-Wide Future Orientation,Student,Students report that:,5,m2451,Teachers make sure that all students are planning for life after graduation.,Strongly disagree | Disagree | Agree | Strongly agree
2026,Supportive Environment,slap24,School-Wide Future Orientation,Student,Students report that:,6,m2452,Teachers work hard to make sure that all students are learning.,Strongly disagree | Disagree | Agree | Strongly agree
2026,Supportive Environment,trts24,Student-Teacher Trust,Student,Students report:,1,m2470,My teachers always keep their promises.,Strongly disagree | Disagree | Agree | Strongly agree
2026,Supportive Environment,trts24,Student-Teacher Trust,Student,Students report:,2,m2474,My teachers always listen to students' ideas.,Strongly disagree | Disagree | Agree | Strongly agree
2026,Supportive Environment,trts24,Student-Teacher Trust,Student,Students report:,3,m2473,I feel comfortable with my teachers at this school.,Strongly disagree | Disagree | Agree | Strongly agree
2026,Supportive Environment,trts24,Student-Teacher Trust,Student,Students report:,4,m2471,My teachers treat me with respect.,Strongly disagree | Disagree | Agree | Strongly agree
2026,Supportive Environment,trts24,Student-Teacher Trust,Student,Students report:,5,m2472,I feel safe with my teachers at this school.,Strongly disagree | Disagree | Agree | Strongly agree
