survey_year,school_year,school_id,school_name,school_type,address,student_response_rate,teacher_response_rate,parent_response_rate,overall_label
2022,,400009,Academy for Global Citizenship Charter School,Elementary School (K/PK-8),"4647 W 47th St, Chicago, IL 60632",95.2,80.8,0.0,organized
2022,,400011,Alain Locke Charter School,Elementary School (K/PK-8),"3141 W Jackson Blvd, Chicago, IL 60612",0.5,0.0,0.0,no report
2022,,400013,ASPIRA Charter School - Early College High School,High School (9-12),"3986 W Barry Ave, Chicago, IL 60618",80.7,93.3,0.0,well-organized
2022,,400017,ASPIRA Charter School - Haugan Middle School,Middle School (6-8),"3729 W Leland Ave, Chicago, IL 60625",96.8,84.6,0.0,partially organized
2022,,400021,Catalyst Elementary Charter School - Circle Rock,Elementary School (K/PK-8),"5608 W Washington Blvd, Chicago, IL 60644",95.6,80.0,0.0,well-organized
2022,,400022,Chicago High School for the Arts (ChiArts),High School (9-12),"2714 W Augusta Blvd, Chicago, IL 60622",59.1,63.4,0.0,partially organized
2022,,400023,CICS - Avalon/South Shore,Elementary School (K/PK-8),"1501 E 83rd Pl, Chicago, IL 60619",79.7,87.5,0.0,not yet organized
2022,,400024,CICS - Basil,Elementary School (K/PK-8),"1816 W Garfield Blvd, Chicago, IL 60609",74.9,77.8,0.0,partially organized
2022,,400025,CICS - Bucktown,Elementary School (K/PK-8),"2235 N Hamilton Ave, Chicago, IL 60647",81.1,86.9,0.0,well-organized
2022,,400026,CICS - Loomis Primary,Primary School (K/PK-5),"9535 S Loomis St, Chicago, IL 60643",50.0,48.1,0.0,no report
2022,,400027,CICS - Irving Park,Elementary School (K/PK-8),"3820 N Spaulding Ave, Chicago, IL 60618",90.7,90.9,0.0,well-organized
2022,,400028,CICS - Prairie,Elementary School (K/PK-8),"11530 S Prairie Ave, Chicago, IL 60628",86.1,99.9,0.0,partially organized
2022,,400029,CICS - Washington Park,Elementary School (K/PK-8),"110 E 61st St, Chicago, IL 60637",70.9,64.7,0.0,partially organized
2022,,400030,CICS - West Belden,Elementary School (K/PK-8),"2245 N Mcvicker Ave, Chicago, IL 60639",87.5,99.9,0.0,organized
2022,,400031,CICS - Wrightwood,Elementary School (K/PK-8),"8130 S California Ave, Chicago, IL 60652",85.9,71.9,0.0,well-organized
2022,,400032,CICS - Ralph Ellison,High School (9-12),"1817 W 80th St, Chicago, IL 60620",92.4,94.7,0.0,organized
2022,,400033,CICS - Longwood,Elementary School (K/PK-8),"1309 W 95th St, Chicago, IL 60643",52.6,49.1,0.0,moderately organized
2022,,400034,CICS - Northtown,High School (9-12),"3900 W Peterson Ave, Chicago, IL 60659",78.6,71.6,0.0,well-organized
2022,,400035,Chicago Math and Science Academy Charter School,High School (9-12),"7212 N Clark St, Chicago, IL 60626",72.3,74.5,0.0,organized
2022,,400039,Erie Elementary Charter School,Elementary School (K/PK-8),"1405 N Washtenaw Ave, Chicago, IL 60622",84.7,56.8,0.0,not yet organized
2022,,400043,Hope Institute Learning Academy,Primary School (K/PK-5),"1628 W Washington, Chicago, IL 60612",68.2,76.9,0.0,well-organized
2022,,400044,KIPP Ascend Charter School,Elementary School (K/PK-8),"1616 S Avers Ave, Chicago, IL 60623",84.9,94.4,0.0,organized
2022,,400046,L.E.A.R.N. - Romano Butler Campus,Elementary School (K/PK-8),"1132 S Homan Ave, Chicago, IL 60624",73.7,88.9,0.0,well-organized
2022,,400047,L.E.A.R.N. - Charles and Dorothy Campbell Campus,Elementary School (K/PK-8),"212 S Francisco Ave, Chicago, IL 60612",85.5,92.9,0.0,well-organized
2022,,400048,L.E.A.R.N. - Excel Campus,Elementary School (K/PK-8),"3021 W Carroll Ave, Chicago, IL 60612",51.9,99.9,0.0,well-organized
2022,,400049,Legacy Charter School,Elementary School (K/PK-8),"3318 West Ogden Ave, Chicago, IL 60623",90.8,73.7,0.0,partially organized
2022,,400050,Namaste Charter School,Elementary School (K/PK-8),"3737 S Paulina St, Chicago, IL 60609",83.2,84.6,0.0,not yet organized
2022,,400051,Noble - Noble College Prep,High School (9-12),"1010 N Noble St, Chicago, IL 60622",83.3,88.0,0.0,well-organized
2022,,4000521,Noble - Gary Comer College Prep Middle School,Middle School (6-8),"1010 E 72nd St, Chicago, IL 60619",90.8,99.9,0.0,well-organized
2022,,4000522,Noble - Gary Comer College Prep High School,High School (9-12),"7131 S South Chicago Ave, Chicago, IL 60619",62.4,86.5,0.0,partially organized
2022,,400053,Noble - Golder College Prep,High School (9-12),"1454 W Superior St, Chicago, IL 60642",40.0,85.4,0.0,partially organized
2022,,400054,Noble - Pritzker College Prep,High School (9-12),"4131 W Cortland St, Chicago, IL 60639",55.3,60.4,0.0,organized
2022,,400055,Noble - Rauner College Prep,High School (9-12),"1337 W Ohio St, Chicago, IL 60642",17.3,43.9,0.0,no report
2022,,400056,Noble - Rowe-Clark Math and Science Academy,High School (9-12),"3645 W Chicago Ave, Chicago, IL 60651",24.3,27.3,0.0,no report
2022,,400057,Noble - UIC College Prep,High School (9-12),"1231 S Damen Ave, Chicago, IL 60608",40.6,63.8,0.0,partially organized
2022,,400058,North Lawndale College Prep - Christiana,High School (9-12),"1615 S Christiana Ave, Chicago, IL 60623",64.8,97.1,0.0,organized
2022,,400059,North Lawndale College Prep - Collins,High School (9-12),"1313 S Sacramento Dr, Chicago, IL 60623",50.2,79.4,0.0,well-organized
2022,,400060,Asian Human Services - Passages Charter School,Elementary School (K/PK-8),"1643 W Bryn Mawr Ave, Chicago, IL 60660",83.8,66.7,0.0,moderately organized
2022,,400061,Perspectives - Leadership Academy,High School (9-12),"8131 South May Street, Chicago, IL 60620",92.5,88.9,0.0,well-organized
2022,,400062,Perspectives - High School of Technology,High School (9-12),"8131 S May St., Chicago, IL 60620",86.5,85.2,0.0,well-organized
2022,,400064,Perspectives - Rodney D. Joslin,High School (9-12),"1930 S Archer Ave, Chicago, IL 60616",90.3,61.5,0.0,not yet organized
2022,,400066,Perspectives - Math and Science Academy,High School (9-12),"3663 S. Wabash Avenue, Chicago, IL 60653",82.7,87.9,0.0,organized
2022,,400068,Plato Learning Academy,Elementary School (K/PK-8),"5545 W Harrison St, Chicago, IL 60644",60.2,81.0,0.0,partially organized
2022,,400069,Polaris Charter Academy,Elementary School (K/PK-8),"620 N Sawyer Ave, Chicago, IL 60624",82.8,55.3,0.0,well-organized
2022,,400071,Providence Englewood Charter School,Elementary School (K/PK-8),"6515 S Ashland Ave, Chicago, IL 60636",95.4,94.6,0.0,well-organized
2022,,400075,University of Chicago - Donoghue,Primary School (K/PK-5),"707 E. 37th Street, Chicago, IL 60653",92.8,86.7,0.0,organized
2022,,400076,University of Chicago - North Kenwood/Oakland,Primary School (K/PK-5),"1119 E. 46th Street, Chicago, IL 60653",96.0,75.8,0.0,well-organized
2022,,400077,University of Chicago - Woodlawn,High School (9-12),"6300 S University Ave, Chicago, IL 60637",53.2,61.8,0.0,moderately organized
2022,,400079,Acero Charter Schools - SPC Daniel Zizumbo,Elementary School (K/PK-8),"4248 W 47th St, Chicago, IL 60632",95.7,89.5,0.0,partially organized
2022,,400080,Acero Charter Schools - PFC Omar E. Torres,Elementary School (K/PK-8),"4248 W 47th St, Chicago, IL 60632",90.4,86.1,0.0,not yet organized
2022,,400081,Acero Charter Schools - Bartolome de las Casas,Elementary School (K/PK-8),"1641 W 16th St, Chicago, IL 60608",97.1,99.9,0.0,well-organized
2022,,400082,Acero Charter Schools - Carlos Fuentes,Elementary School (K/PK-8),"2845 W Barry Ave, Chicago, IL 60618",86.1,94.1,0.0,moderately organized
2022,,400083,Acero Charter Schools - Octavio Paz Campus,Elementary School (K/PK-8),"2651 W 23rd St, Chicago, IL 60608",95.7,95.2,0.0,organized
2022,,400084,Acero Charter Schools - Rufino Tamayo,Elementary School (K/PK-8),"5135 S California Ave, Chicago, IL 60632",94.0,99.9,0.0,well-organized
2022,,400085,Acero Charter Schools - Major Hector P. Garcia MD,High School (9-12),"4248 W 47th St, Chicago, IL 60632",69.5,83.3,0.0,partially organized
2022,,400086,Urban Prep Academy for Young Men - Englewood,High School (9-12),"6201 S Stewart Ave, Chicago, IL 60621",91.2,99.9,0.0,well-organized
2022,,400089,Acero Charter Schools - Officer Donald J. Marquez,Elementary School (K/PK-8),"2916 W 47th St, Chicago, IL 60632",79.7,89.5,0.0,partially organized
2022,,400091,Chicago Technology Academy High School,High School (9-12),"1301 W 14th St, Chicago, IL 60608",53.0,65.6,0.0,not yet organized
2022,,400092,CICS - Lloyd Bond,Elementary School (K/PK-8),"13300 S Langley Ave, Chicago, IL 60827",63.0,54.2,0.0,organized
2022,,400094,EPIC Academy Charter High School,High School (9-12),"8255 S Houston Ave, Chicago, IL 60617",54.0,73.3,0.0,not yet organized
2022,,400096,Rowe Elementary Charter School,Elementary School (K/PK-8),"1424 N Cleaver St, Chicago, IL 60622",94.0,70.0,0.0,partially organized
2022,,400097,Noble - Chicago Bulls College Prep,High School (9-12),"2040 W Adams St, Chicago, IL 60612",77.6,75.0,0.0,moderately organized
2022,,400098,Noble - Muchin College Prep,High School (9-12),"1 N State St, Chicago, IL 60602",58.5,73.8,0.0,organized
2022,,400101,Acero Charter Schools - Sandra Cisneros,Elementary School (K/PK-8),"2744 W Pershing Rd, Chicago, IL 60632",68.7,94.6,0.0,not yet organized
2022,,400104,Instituto Health Sciences Career Academy,High School (9-12),"2520 S Western Ave, Chicago, IL 60608",67.0,89.4,0.0,partially organized
2022,,400105,Urban Prep Academy for Young Men - Bronzeville,High School (9-12),"521 E 35th St, Chicago, IL 60616",53.6,77.1,0.0,organized
2022,,400106,Noble - John and Eunice Johnson College Prep,High School (9-12),"6350 S Stewart Ave, Chicago, IL 60621",51.0,82.0,0.0,partially organized
2022,,400107,L.E.A.R.N. - South Chicago Campus,Elementary School (K/PK-8),"8914 S. Buffalo Avenue, Chicago, IL 60617",54.3,73.8,0.0,partially organized
2022,,400111,L.E.A.R.N. - Hunter Perkins Campus,Elementary School (K/PK-8),"1700 W. 83rd Street, Chicago, IL 60620",64.2,90.9,0.0,partially organized
2022,,400112,Acero Charter Schools - Jovita Idar,Elementary School (K/PK-8),"5050 S Homan Ave, Chicago, IL 60632",87.4,81.8,0.0,partially organized
2022,,400114,Acero Charter Schools - Esmeralda Santiago,Elementary School (K/PK-8),"2510 W Cortez St, Chicago, IL 60622",91.1,69.6,0.0,organized
2022,,400115,Catalyst Maria Charter Elementary School,Elementary School (K/PK-8),"6727 S California Ave, Chicago, IL 60629",84.5,92.5,0.0,partially organized
2022,,400116,The Montessori School of Englewood Charter,Elementary School (K/PK-8),"6936 S Hermitage Ave, Chicago, IL 60636",60.6,62.2,0.0,organized
2022,,400117,Noble - Hansberry College Prep,High School (9-12),"8748 S Aberdeen St, Chicago, IL 60620",58.8,80.0,0.0,partially organized
2022,,400118,Noble - DRW College Prep,High School (9-12),"931 S Homan Ave, Chicago, IL 60624",14.7,58.3,0.0,partially organized
2022,,400119,Legal Prep Charter Academy,High School (9-12),"4319 W Washington Blvd, Chicago, IL 60612",65.2,76.2,0.0,moderately organized
2022,,400120,Acero Charter Schools - Roberto Clemente,Elementary School (K/PK-8),"2050 N Natchez Ave, Chicago, IL 60707",99.3,99.9,0.0,well-organized
2022,,400121,Acero Charter Schools - Sor Juana Ines de la Cruz,Elementary School (K/PK-8),"7416 N Ridge Ave, Chicago, IL 60645",81.3,94.9,0.0,not yet organized
2022,,400123,YCCS - Academy of Scholastic Achievement HS,High School (9-12),"4651 W Madison St, Chicago, IL 60644",60.7,99.9,0.0,organized
2022,,400124,YCCS - McKinley Lakeside Leadership HS,High School (9-12),"2920 S Wabash Ave, Chicago, IL 60616",60.3,72.7,0.0,organized
2022,,400125,"YCCS - ASPIRA, Antonia Pantoja Alternative HS",High School (9-12),"3121 N Pulaski Rd, Chicago, IL 60641",52.3,88.9,0.0,moderately organized
2022,,400126,YCCS - Association House HS,High School (9-12),"1116 N Kedzie, 4th Floor Ave, Chicago, IL 60651",65.6,90.9,0.0,organized
2022,,400127,YCCS - Austin Career Education Center HS,High School (9-12),"5352 W Chicago Ave, Chicago, IL 60651",56.3,50.0,0.0,organized
2022,,400128,YCCS - CCA Academy HS,High School (9-12),"1231 S Pulaski Rd, Chicago, IL 60623",65.8,99.9,0.0,well-organized
2022,,400129,YCCS - Progressive Leadership Academy,High School (9-12),"6620 S Dr Martin Luther King Jr Drive, Chicago, IL 60637",91.3,99.9,0.0,organized
2022,,400130,YCCS - Community Youth Development Institute HS,High School (9-12),"7836 S Union Ave, Chicago, IL 60620",51.1,83.3,0.0,organized
2022,,400131,YCCS - Dr. Pedro Albizu Campos Puerto Rican HS,High School (9-12),"2739 W Division St, Chicago, IL 60622",94.5,93.3,0.0,well-organized
2022,,400133,YCCS - Innovations HS of Arts Integration,High School (9-12),"17 N State St, Chicago, IL 60602",58.2,75.0,0.0,organized
2022,,400134,YCCS - Jane Addams Alternative HS,High School (9-12),"1814 S Union Ave, Chicago, IL 60616",98.6,99.9,0.0,well-organized
2022,,400135,YCCS - Latino Youth Alternative HS,High School (9-12),"2001 S California Ave, Chicago, IL 60608",75.2,73.3,0.0,well-organized
2022,,400136,YCCS - Olive Harvey Middle College HS,High School (9-12),"10001 S Woodlawn Ave, Chicago, IL 60628",53.3,99.9,0.0,well-organized
2022,,400137,Little Black Pearl Art and Design Academy,High School (9-12),"1060 E 47th St, Chicago, IL 60653",60.6,60.0,0.0,moderately organized
2022,,400139,YCCS - Sullivan House Alternative HS,High School (9-12),"8164 S South Chicago Ave, Chicago, IL 60617",54.4,93.3,0.0,well-organized
2022,,400141,YCCS - Truman Middle College HS,High School (9-12),"1145 W Wilson Ave, Chicago, IL 60640",80.4,72.7,0.0,organized
2022,,400143,YCCS - West Town Acad Alternative HS,High School (9-12),"500 N Sacramento Blvd, Chicago, IL 60612",54.8,90.9,0.0,organized
2022,,400144,YCCS - West,High School (9-12),"4909 W Division St, Chicago, IL 60651",50.0,99.9,0.0,organized
2022,,400145,YCCS - Youth Connection Leadership Acad HS,High School (9-12),"3424 S State St, Chicago, IL 60616",52.3,75.0,0.0,organized
2022,,400146,KIPP Academy Chicago,Elementary School (K/PK-8),"4818 W Ohio St, Chicago, IL 60644",73.2,85.7,0.0,partially organized
2022,,400147,Chicago Excel Academy HS,High School (9-12),"1257 W 111th St, Chicago, IL 60643",51.3,94.1,0.0,partially organized
2022,,400149,Acero Charter Schools - Victoria Soto,High School (9-12),"5025 S St. Louis Ave, Chicago, IL 60632",85.1,85.1,0.0,well-organized
2022,,400150,YCCS - Chatham AcademyHS,High School (9-12),"9035 S Langley Ave, Chicago, IL 60619",84.4,55.6,0.0,organized
2022,,400151,L.E.A.R.N. - 7th Campus,Primary School (K/PK-5),"3021 W Carroll Ave, Chicago, IL 60612",87.3,73.7,0.0,moderately organized
2022,,400153,Acero Charter Schools - Brighton Park,Elementary School (K/PK-8),"4420 S Fairfield Ave, Chicago, IL 60632",91.1,90.5,0.0,partially organized
2022,,400156,Noble - Butler College Prep,High School (9-12),"821 E 103rd St, Chicago, IL 60628",77.9,74.3,0.0,partially organized
2022,,400157,Noble - Baker College Prep,High School (9-12),"2710 E 89th St, Chicago, IL 60617",55.2,94.7,0.0,organized
2022,,400159,Christopher House Charter School,Elementary School (K/PK-8),"5235 W Belden Ave, Chicago, IL 60639",76.6,54.5,0.0,moderately organized
2022,,400161,Chicago Collegiate Charter School,Elementary School (K/PK-8),"11816 S Indiana, Chicago, IL 60628",95.8,83.3,0.0,organized
2022,,400162,Intrinsic Charter School,High School (9-12),"4540 W Belmont Ave, Chicago, IL 60641",87.7,85.5,0.0,well-organized
2022,,400163,KIPP Bloom College Prep,Elementary School (K/PK-8),"5515 S Lowe Ave, Chicago, IL 60621",76.1,81.0,0.0,organized
2022,,400164,Instituto - Leadership & Justice,High School (9-12),"2570 S Blue Island Ave, Chicago, IL 60608",31.9,55.6,0.0,no report
2022,,400165,L.E.A.R.N. - Middle School Campus,Middle School (6-8),"3021 W Carroll Ave, Chicago, IL 60612",79.8,83.3,0.0,organized
2022,,400167,Horizon Science Academy Southwest Chicago Charter,Elementary School (K/PK-8),"5401 S Western Ave, Chicago, IL 60609",51.4,87.8,0.0,moderately organized
2022,,400168,Great Lakes Academy Charter School,Elementary School (K/PK-8),"8401 S Saginaw Ave, Chicago, IL 60617",86.1,67.4,0.0,not yet organized
2022,,400169,Noble - ITW David Speer Academy,High School (9-12),"5321 W Grand Ave, Chicago, IL 60639",80.4,63.8,0.0,organized
2022,,400170,Noble - The Noble Academy,High School (9-12),"17 N State St, Chicago, IL 60602",55.8,81.8,0.0,moderately organized
2022,,400172,ASPIRA Business and Finance,High School (9-12),"2989 N Milwaukee Ave, Chicago, IL 60618",66.9,62.8,0.0,not yet organized
2022,,400173,Pathways in Education - Brighton Park,High School (9-12),"3124 W 47th St, Chicago, IL 60632",55.8,99.9,0.0,partially organized
2022,,400175,Excel Academy of South Shore,High School (9-12),"7530 S South Shore Dr, Chicago, IL 60649",75.0,92.3,0.0,well-organized
2022,,400176,Excel Academy Southwest,High School (9-12),"7014 S Washtenaw Ave, Chicago, IL 60629",67.1,99.9,0.0,well-organized
2022,,400178,Moving Everest Charter School,Elementary School (K/PK-8),"416 N Laramie Ave, Chicago, IL 60644",1.1,39.6,0.0,no report
2022,,400179,Noble - Mansueto High School,High School (9-12),"2911 W 47th, Chicago, IL 60632",55.0,70.0,0.0,organized
2022,,400180,KIPP One Academy,Elementary School (K/PK-8),"730 N Pulaski Rd, Chicago, IL 60624",87.2,89.6,0.0,moderately organized
2022,,400181,Art in Motion Charter School,High School (9-12),"7415 S East End Ave, Chicago, IL 60649",69.5,85.7,0.0,not yet organized
2022,,400185,Catalyst Maria Charter High School,High School (9-12),"6727 S California Ave, Chicago, IL 60629",95.7,97.7,0.0,well-organized
2022,,609674,Chicago Vocational Career Academy High School,High School (9-12),"2100 E 87th St, Chicago, IL 60617",80.4,57.5,0.0,organized
2022,,609676,Paul Laurence Dunbar Career Academy High School,High School (9-12),"3000 S King Dr, Chicago, IL 60616",69.5,68.4,0.0,organized
2022,,609678,William Jones College Preparatory High School,High School (9-12),"700 S State St, Chicago, IL 60605",63.7,66.9,0.0,organized
2022,,609679,Charles Allen Prosser Career Academy High School,High School (9-12),"2148 N Long Ave, Chicago, IL 60639",68.8,65.6,0.0,moderately organized
2022,,609680,Walter Payton College Preparatory High School,High School (9-12),"1034 N Wells St, Chicago, IL 60610",15.9,58.0,0.0,partially organized
2022,,609682,Ellen H Richards Career Academy High School,High School (9-12),"5009 S Laflin St, Chicago, IL 60609",68.2,75.9,0.0,partially organized
2022,,609691,North-Grand High School,High School (9-12),"4338 W Wabansia Ave, Chicago, IL 60639",88.7,71.7,0.0,organized
2022,,609692,Neal F Simeon Career Academy High School,High School (9-12),"8147 S Vincennes Ave, Chicago, IL 60620",61.3,53.4,0.0,not yet organized
2022,,609693,George Westinghouse College Prep,High School (9-12),"3223 W Franklin Blvd, Chicago, IL 60624",51.4,76.8,0.0,well-organized
2022,,609694,John Hancock College Preparatory High School,High School (9-12),"4034 W 56th St, Chicago, IL 60629",57.5,77.8,0.0,organized
2022,,609695,Roald Amundsen High School,High School (9-12),"5110 N Damen Ave, Chicago, IL 60625",75.7,70.3,0.0,well-organized
2022,,609698,William J Bogan High School,High School (9-12),"3939 W 79th St, Chicago, IL 60652",90.6,83.6,0.0,moderately organized
2022,,609704,David G Farragut Career Academy High School,High School (9-12),"2345 S Christiana Ave, Chicago, IL 60623",51.5,67.7,0.0,not yet organized
2022,,609705,Christian Fenger Academy High School,High School (9-12),"11220 S Wallace St, Chicago, IL 60628",84.2,79.0,0.0,organized
2022,,609708,Edwin G. Foreman College and Career Academy,High School (9-12),"3235 N Leclaire Ave, Chicago, IL 60641",55.0,61.7,0.0,not yet organized
2022,,609709,Gage Park High School,High School (9-12),"5630 S Rockwell St, Chicago, IL 60629",70.2,82.9,0.0,moderately organized
2022,,609710,John M Harlan Community Academy High School,High School (9-12),"9652 S Michigan Ave, Chicago, IL 60628",66.4,66.7,0.0,not yet organized
2022,,609712,Emil G Hirsch Metropolitan High School,High School (9-12),"7740 S Ingleside Ave, Chicago, IL 60619",91.7,79.0,0.0,organized
2022,,609713,Hyde Park Academy High School,High School (9-12),"6220 S Stony Island Ave, Chicago, IL 60637",65.8,58.5,0.0,well-organized
2022,,609715,Thomas Kelly College Preparatory,High School (9-12),"4136 S California Ave, Chicago, IL 60632",54.6,76.7,0.0,not yet organized
2022,,609716,Kelvyn Park High School,High School (9-12),"4343 W Wrightwood Ave, Chicago, IL 60639",61.1,71.1,0.0,partially organized
2022,,609718,John F Kennedy High School,High School (9-12),"6325 W 56th St, Chicago, IL 60638",73.4,73.1,0.0,partially organized
2022,,609719,Lake View High School,High School (9-12),"4015 N Ashland Ave, Chicago, IL 60613",68.2,60.2,0.0,moderately organized
2022,,609720,Albert G Lane Technical High School,High School (9-12),"2501 W Addison St, Chicago, IL 60618",73.5,53.2,0.0,well-organized
2022,,609722,Manley Career Academy High School,High School (9-12),"2935 W Polk St, Chicago, IL 60612",56.6,66.7,0.0,partially organized
2022,,609723,John Marshall Metropolitan High School,High School (9-12),"3250 W Adams St, Chicago, IL 60624",56.1,73.1,0.0,partially organized
2022,,609724,Stephen T Mather High School,High School (9-12),"5835 N Lincoln Ave, Chicago, IL 60659",78.6,86.6,0.0,partially organized
2022,,609725,Morgan Park High School,High School (9-12),"1744 W Pryor Ave, Chicago, IL 60643",81.5,63.1,0.0,not yet organized
2022,,609726,Gwendolyn Brooks College Preparatory Academy HS,High School (9-12),"250 E 111th St, Chicago, IL 60628",60.8,68.4,0.0,well-organized
2022,,609727,Wendell Phillips Academy High School,High School (9-12),"244 E Pershing Rd, Chicago, IL 60653",55.0,64.0,0.0,not yet organized
2022,,609728,Theodore Roosevelt High School,High School (9-12),"3436 W Wilson Ave, Chicago, IL 60625",75.0,68.9,0.0,well-organized
2022,,609729,Carl Schurz High School,High School (9-12),"3601 N Milwaukee Ave, Chicago, IL 60641",50.5,71.2,0.0,partially organized
2022,,609730,Nicholas Senn High School,High School (9-12),"5900 N Glenwood Ave, Chicago, IL 60660",84.6,96.5,0.0,partially organized
2022,,609732,Charles P Steinmetz College Preparatory HS,High School (9-12),"3030 N Mobile Ave, Chicago, IL 60634",68.1,74.7,0.0,moderately organized
2022,,609733,Roger C Sullivan High School,High School (9-12),"6631 N Bosworth Ave, Chicago, IL 60626",65.3,64.5,0.0,partially organized
2022,,609734,William Howard Taft High School,High School (9-12),"6530 W Bryn Mawr Ave, Chicago, IL 60631",1.1,37.0,0.0,no report
2022,,609735,Edward Tilden Career Community Academy HS,High School (9-12),"4747 S Union Ave, Chicago, IL 60609",54.7,61.3,0.0,moderately organized
2022,,609737,Friedrich W von Steuben Metropolitan Science HS,High School (9-12),"5039 N Kimball Ave, Chicago, IL 60625",86.4,75.4,0.0,moderately organized
2022,,609738,Lincoln Park High School,High School (9-12),"2001 N Orchard St, Chicago, IL 60614",0.7,28.8,0.0,no report
2022,,609739,George Washington High School,High School (9-12),"3535 E 114th St, Chicago, IL 60617",66.7,67.5,0.0,partially organized
2022,,609740,Wells Community Academy High School,High School (9-12),"936 N Ashland Ave, Chicago, IL 60622",65.3,72.2,0.0,not yet organized
2022,,609741,Gurdon S Hubbard High School,High School (9-12),"6200 S Hamlin Ave, Chicago, IL 60629",83.0,59.5,0.0,moderately organized
2022,,609744,Northside Learning Center High School,High School (9-12),"3730 W Bryn Mawr Ave, Chicago, IL 60659",0.8,45.1,0.0,no report
2022,,609745,Southside Occupational Academy High School,High School (9-12),"7342 S Hoyne Ave, Chicago, IL 60636",53.5,69.8,0.0,well-organized
2022,,609746,Kenwood Academy High School,High School (9-12),"5015 S Blackstone Ave, Chicago, IL 60615",86.4,58.5,0.0,well-organized
2022,,609748,Consuella B York Alternative HS,High School (9-12),"2700 S California Ave, Chicago, IL 60608",95.7,80.4,0.0,moderately organized
2022,,609749,Northside College Preparatory High School,High School (9-12),"5501 N Kedzie Ave, Chicago, IL 60625",57.8,39.5,0.0,organized
2022,,609750,Simpson Academy HS for Young Women,High School (9-12),"1321 S Paulina St, Chicago, IL 60608",75.0,83.3,0.0,well-organized
2022,,609751,Dr  Martin Luther King Jr College Prep HS,High School (9-12),"4445 S Drexel Blvd, Chicago, IL 60653",71.8,71.7,0.0,partially organized
2022,,609753,Chicago High School for Agricultural Sciences,High School (9-12),"3857 W 111th St, Chicago, IL 60655",78.6,60.0,0.0,well-organized
2022,,609754,Chicago Military Academy High School,High School (9-12),"3519 S Giles Ave, Chicago, IL 60653",79.3,81.5,0.0,partially organized
2022,,609755,Whitney M Young Magnet High School,High School (9-12),"211 S Laflin St, Chicago, IL 60607",54.3,53.9,0.0,well-organized
2022,,609756,Marie Sklodowska Curie Metropolitan High School,High School (9-12),"4959 S Archer Ave, Chicago, IL 60632",63.7,82.3,0.0,not yet organized
2022,,609759,Roberto Clemente Community Academy High School,High School (9-12),"1147 N Western Ave, Chicago, IL 60622",55.4,60.6,0.0,not yet organized
2022,,609760,George Washington Carver Military Academy HS,High School (9-12),"13100 S Doty Ave, Chicago, IL 60627",91.9,56.3,0.0,organized
2022,,609761,George H Corliss High School,High School (9-12),"821 E 103rd St, Chicago, IL 60628",54.3,64.5,0.0,organized
2022,,609762,Percy L Julian High School,High School (9-12),"10330 S Elizabeth St, Chicago, IL 60643",51.1,55.6,0.0,organized
2022,,609764,Benito Juarez Community Academy High School,High School (9-12),"1450 W Cermak Rd, Chicago, IL 60608",32.6,58.4,0.0,partially organized
2022,,609766,Jacqueline B Vaughn Occupational High School,High School (9-12),"4355 N Linder Ave, Chicago, IL 60641",0.0,57.1,0.0,well-organized
2022,,609769,Ray Graham Training Center High School,High School (9-12),"2347 S Wabash Ave, Chicago, IL 60616",65.7,65.1,0.0,well-organized
2022,,609772,Jane Addams Elementary School,Elementary School (K/PK-8),"10810 S Avenue H, Chicago, IL 60617",73.4,59.6,0.0,moderately organized
2022,,609773,Harriet Tubman Elementary School,Elementary School (K/PK-8),"2851 N Seminary Ave, Chicago, IL 60657",90.2,89.6,0.0,moderately organized
2022,,609774,Louisa May Alcott College Preparatory ES,Elementary School (K/PK-8),"2625 N Orchard St, Chicago, IL 60614",92.9,76.5,0.0,organized
2022,,609777,Phillip D Armour Elementary School,Elementary School (K/PK-8),"950 W 33rd Pl, Chicago, IL 60608",94.7,77.8,0.0,well-organized
2022,,609779,George Armstrong International Studies ES,Elementary School (K/PK-8),"2110 W Greenleaf Ave, Chicago, IL 60645",93.5,73.0,0.0,well-organized
2022,,609780,Marine Leadership Academy at Ames,High School (9-12),"1920 N Hamlin Ave, Chicago, IL 60647",7.4,60.0,0.0,partially organized
2022,,609782,John J Audubon Elementary School,Elementary School (K/PK-8),"3500 N Hoyne Ave, Chicago, IL 60618",92.3,48.9,0.0,organized
2022,,609783,Nancy B Jefferson Alternative HS,High School (9-12),"1100 S Hamilton Ave, Chicago, IL 60612",88.7,78.3,0.0,well-organized
2022,,609786,Avalon Park Elementary School,Elementary School (K/PK-8),"8045 S Kenwood Ave, Chicago, IL 60619",82.0,69.6,0.0,partially organized
2022,,609788,Alice L Barnard Computer Math & Science Ctr ES,Elementary School (K/PK-8),"10354 S Charles St, Chicago, IL 60643",96.6,80.8,0.0,not yet organized
2022,,609789,John Barry Elementary School,Elementary School (K/PK-8),"2828 N Kilbourn Ave, Chicago, IL 60641",89.0,70.8,0.0,moderately organized
2022,,609790,Clara Barton Elementary School,Elementary School (K/PK-8),"7650 S Wolcott Ave, Chicago, IL 60620",80.9,58.5,0.0,organized
2022,,609791,Perkins Bass Elementary School,Elementary School (K/PK-8),"1140 W 66th St, Chicago, IL 60621",91.4,75.6,0.0,moderately organized
2022,,609792,Newton Bateman Elementary School,Elementary School (K/PK-8),"4220 N Richmond St, Chicago, IL 60618",81.9,68.8,0.0,organized
2022,,609793,Lillian R. Nicholson STEM Academy,Elementary School (K/PK-8),"6006 S Peoria St, Chicago, IL 60621",85.7,90.0,0.0,organized
2022,,609794,Thomas A Edison Regional Gifted Center ES,Elementary School (K/PK-8),"4929 N Sawyer Ave, Chicago, IL 60625",99.3,99.9,0.0,organized
2022,,609795,George Rogers Clark Elementary School,Elementary School (K/PK-8),"1045 S Monitor Ave, Chicago, IL 60644",99.0,99.9,0.0,well-organized
2022,,609796,Jean Baptiste Beaubien Elementary School,Elementary School (K/PK-8),"5025 N Laramie Ave, Chicago, IL 60630",91.0,79.8,0.0,well-organized
2022,,609797,Jacob Beidler Elementary School,Elementary School (K/PK-8),"3151 W Walnut St, Chicago, IL 60612",50.0,75.9,0.0,partially organized
2022,,609798,Hiram H Belding Elementary School,Elementary School (K/PK-8),"4257 N Tripp Ave, Chicago, IL 60641",92.8,87.8,0.0,well-organized
2022,,609799,Alexander Graham Bell Elementary School,Elementary School (K/PK-8),"3730 N Oakley Ave, Chicago, IL 60618",87.4,61.5,0.0,partially organized
2022,,609800,Frank I Bennett Elementary School,Elementary School (K/PK-8),"10115 S Prairie Ave, Chicago, IL 60628",0.0,35.7,0.0,no report
2022,,609803,James G Blaine Elementary School,Elementary School (K/PK-8),"1420 W Grace St, Chicago, IL 60613",89.6,71.2,0.0,partially organized
2022,,609804,Daniel Boone Elementary School,Elementary School (K/PK-8),"6710 N Washtenaw Ave, Chicago, IL 60645",87.1,73.9,0.0,organized
2022,,609805,Scott Joplin Elementary School,Elementary School (K/PK-8),"7931 S Honore St, Chicago, IL 60620",90.9,72.0,0.0,partially organized
2022,,609806,Myra Bradwell Communications Arts & Sciences ES,Elementary School (K/PK-8),"7736 S Burnham Ave, Chicago, IL 60649",90.7,87.2,0.0,moderately organized
2022,,609807,Lionel Hampton Fine & Performing Arts ES,Elementary School (K/PK-8),"3434 W 77th St, Chicago, IL 60652",77.6,50.0,0.0,not yet organized
2022,,609808,Alex Haley Elementary Academy,Elementary School (K/PK-8),"11411 S Eggleston Ave, Chicago, IL 60628",97.2,59.5,0.0,organized
2022,,609809,Lorenz Brentano Math & Science Academy ES,Elementary School (K/PK-8),"2723 N Fairfield Ave, Chicago, IL 60647",52.1,40.3,0.0,organized
2022,,609810,Norman A Bridge Elementary School,Elementary School (K/PK-8),"3800 N New England Ave, Chicago, IL 60634",73.0,79.5,0.0,partially organized
2022,,609811,Orville T Bright Elementary School,Elementary School (K/PK-8),"10740 S Calhoun Ave, Chicago, IL 60617",1.4,62.9,0.0,partially organized
2022,,609812,William H Brown Elementary School,Elementary School (K/PK-8),"54 N Hermitage Ave, Chicago, IL 60612",75.0,51.5,0.0,partially organized
2022,,609813,Charles S Brownell Elementary School,Elementary School (K/PK-8),"6741 S Michigan Ave, Chicago, IL 60637",42.9,64.7,0.0,partially organized
2022,,609815,Edward A Bouchet Math & Science Academy ES,Elementary School (K/PK-8),"7355 S Jeffery Blvd, Chicago, IL 60649",99.3,86.0,0.0,well-organized
2022,,609817,Lyman A Budlong Elementary School,Elementary School (K/PK-8),"2701 W Foster Ave, Chicago, IL 60625",77.7,71.0,0.0,organized
2022,,609818,Luther Burbank Elementary School,Elementary School (K/PK-8),"2035 N Mobile Ave, Chicago, IL 60639",84.7,64.9,0.0,well-organized
2022,,609819,Edmond Burke Elementary School,Elementary School (K/PK-8),"5356 S King Dr, Chicago, IL 60615",54.6,51.3,0.0,not yet organized
2022,,609820,Augustus H Burley Elementary School,Elementary School (K/PK-8),"1630 W Barry Ave, Chicago, IL 60657",96.9,78.6,0.0,well-organized
2022,,609821,Burnham Elementary Inclusive Academy,Elementary School (K/PK-8),"9928 S Crandon Ave, Chicago, IL 60617",49.8,40.4,0.0,moderately organized
2022,,609827,Burnside Elementary Scholastic Academy,Elementary School (K/PK-8),"650 E 91st Pl, Chicago, IL 60619",62.4,92.7,0.0,moderately organized
2022,,609828,Jonathan Burr Elementary School,Elementary School (K/PK-8),"1621 W Wabansia Ave, Chicago, IL 60622",92.8,91.7,0.0,well-organized
2022,,609829,John C Burroughs Elementary School,Elementary School (K/PK-8),"3542 S Washtenaw Ave, Chicago, IL 60632",78.9,62.9,0.0,organized
2022,,609830,Milton Brunson Math & Science Specialty ES,Elementary School (K/PK-8),"932 N Central Ave, Chicago, IL 60651",87.3,82.0,0.0,partially organized
2022,,609832,Michael M Byrne Elementary School,Elementary School (K/PK-8),"5329 S Oak Park Ave, Chicago, IL 60638",89.0,75.0,0.0,moderately organized
2022,,609833,Charles P Caldwell Academy of Math & Science ES,Elementary School (K/PK-8),"8546 S Cregier Ave, Chicago, IL 60617",52.0,59.1,0.0,well-organized
2022,,609834,Little Village Elementary School,Elementary School (K/PK-8),"2620 S Lawndale Ave, Chicago, IL 60623",93.4,68.8,0.0,moderately organized
2022,,609835,Daniel R Cameron Elementary School,Elementary School (K/PK-8),"1234 N Monticello Ave, Chicago, IL 60651",86.8,58.7,0.0,organized
2022,,609836,Arthur E Canty Elementary School,Elementary School (K/PK-8),"3740 N Panama Ave, Chicago, IL 60634",99.0,91.4,0.0,moderately organized
2022,,609837,Andrew Carnegie Elementary School,Elementary School (K/PK-8),"1414 E 61st Pl, Chicago, IL 60637",95.3,67.4,0.0,organized
2022,,609839,Carroll-Rosenwald Specialty Elementary School,Elementary School (K/PK-8),"2929 W 83rd St, Chicago, IL 60652",54.0,57.9,0.0,partially organized
2022,,609842,Rachel Carson Elementary School,Elementary School (K/PK-8),"5516 S Maplewood Ave, Chicago, IL 60629",89.9,68.7,0.0,moderately organized
2022,,609844,William W Carter Elementary School,Elementary School (K/PK-8),"5740 S Michigan Ave, Chicago, IL 60637",86.0,72.7,0.0,partially organized
2022,,609845,George Washington Carver Primary School,Elementary School (K/PK-8),"901 E 133rd Pl, Chicago, IL 60827",90.7,99.9,0.0,partially organized
2022,,609848,Ira F Aldridge Elementary School,Elementary School (K/PK-8),"630 E 131st St, Chicago, IL 60827",93.7,80.8,0.0,organized
2022,,609849,George F Cassell Elementary School,Elementary School (K/PK-8),"11314 S Spaulding Ave, Chicago, IL 60655",49.5,45.6,0.0,organized
2022,,609850,Horace Greeley Elementary School,Elementary School (K/PK-8),"832 W Sheridan Rd, Chicago, IL 60613",33.3,50.0,0.0,organized
2022,,609851,Thomas Chalmers Specialty Elementary School,Elementary School (K/PK-8),"2745 W Roosevelt Rd, Chicago, IL 60608",54.4,53.3,0.0,partially organized
2022,,609852,Eliza Chappell Elementary School,Elementary School (K/PK-8),"2135 W Foster Ave, Chicago, IL 60625",91.9,71.2,0.0,well-organized
2022,,609853,Salmon P Chase Elementary School,Elementary School (K/PK-8),"2021 N Point St, Chicago, IL 60647",72.8,64.6,0.0,partially organized
2022,,609854,Frederic Chopin Elementary School,Elementary School (K/PK-8),"2450 W Rice St, Chicago, IL 60622",55.6,70.0,0.0,not yet organized
2022,,609855,Walter S Christopher Elementary School,Elementary School (K/PK-8),"5042 S Artesian Ave, Chicago, IL 60632",85.0,55.5,0.0,not yet organized
2022,,609856,Henry Clay Elementary School,Elementary School (K/PK-8),"13231 S Burley Ave, Chicago, IL 60633",59.1,48.1,0.0,partially organized
2022,,609857,Grover Cleveland Elementary School,Elementary School (K/PK-8),"3121 W Byron St, Chicago, IL 60618",86.1,65.2,0.0,well-organized
2022,,609859,DeWitt Clinton Elementary School,Elementary School (K/PK-8),"6110 N Fairfield Ave, Chicago, IL 60659",68.6,77.0,0.0,well-organized
2022,,609861,Henry R Clissold Elementary School,Elementary School (K/PK-8),"2350 W 110th Pl, Chicago, IL 60643",46.9,68.3,0.0,organized
2022,,609862,Edward Coles Elementary Language Academy,Elementary School (K/PK-8),"8441 S Yates Blvd, Chicago, IL 60617",80.3,46.0,0.0,partially organized
2022,,609863,Christopher Columbus Elementary School,Elementary School (K/PK-8),"1003 N Leavitt St, Chicago, IL 60622",96.7,99.9,0.0,organized
2022,,609864,John W Cook Elementary School,Elementary School (K/PK-8),"8150 S Bishop St, Chicago, IL 60620",99.9,58.8,0.0,not yet organized
2022,,609865,Jordan Elementary Community School,Elementary School (K/PK-8),"7414 N Wolcott Ave, Chicago, IL 60626",87.6,58.5,0.0,partially organized
2022,,609866,John C Coonley Elementary School,Elementary School (K/PK-8),"4046 N Leavitt St, Chicago, IL 60618",84.4,72.0,0.0,partially organized
2022,,609867,Peter Cooper Elementary Dual Language Academy,Elementary School (K/PK-8),"1624 W 19th St, Chicago, IL 60608",74.6,67.3,0.0,not yet organized
2022,,609869,Anna R. Langford Community Academy,Elementary School (K/PK-8),"6010 S Throop St, Chicago, IL 60636",88.5,72.7,0.0,organized
2022,,609870,Daniel J Corkery Elementary School,Elementary School (K/PK-8),"2510 S Kildare Ave, Chicago, IL 60623",86.8,38.5,0.0,moderately organized
2022,,609871,Barbara Vick Early Childhood & Family Center,Primary School (K/PK-5),"2554 W 113th St, Chicago, IL 60655",0.0,65.9,0.0,organized
2022,,609872,Manuel Perez Elementary School,Elementary School (K/PK-8),"1241 W 19th St, Chicago, IL 60608",58.8,73.3,0.0,organized
2022,,609873,Crown Community Academy of Fine Arts Center ES,Elementary School (K/PK-8),"2128 S Saint Louis Ave, Chicago, IL 60623",86.8,73.3,0.0,not yet organized
2022,,609874,Everett McKinley Dirksen Elementary School,Elementary School (K/PK-8),"8601 W Foster Ave, Chicago, IL 60656",92.1,50.0,0.0,organized
2022,,609875,Charles R Darwin Elementary School,Elementary School (K/PK-8),"3116 W Belden Ave, Chicago, IL 60647",89.2,45.5,0.0,moderately organized
2022,,609876,Nathan S Davis Elementary School,Elementary School (K/PK-8),"3014 W 39th Pl, Chicago, IL 60632",94.0,76.1,0.0,not yet organized
2022,,609879,Charles Gates Dawes Elementary School,Elementary School (K/PK-8),"3810 W 81st Pl, Chicago, IL 60652",88.2,89.8,0.0,well-organized
2022,,609880,Stephen Decatur Classical Elementary School,Elementary School (K/PK-8),"7030 N Sacramento Ave, Chicago, IL 60645",98.2,91.7,0.0,well-organized
2022,,609883,Charles S Deneen Elementary School,Elementary School (K/PK-8),"7240 S Wabash Ave, Chicago, IL 60619",71.8,64.3,0.0,well-organized
2022,,609884,William E Dever Elementary School,Elementary School (K/PK-8),"3436 N Osceola Ave, Chicago, IL 60634",82.4,67.2,0.0,moderately organized
2022,,609885,Dewey Elementary Academy of Fine Arts,Elementary School (K/PK-8),"5415 S Union Ave, Chicago, IL 60609",76.1,52.9,0.0,not yet organized
2022,,609887,Arthur Dixon Elementary School,Elementary School (K/PK-8),"8306 S Saint Lawrence Ave, Chicago, IL 60619",60.6,88.6,0.0,well-organized
2022,,609891,James R Doolittle Jr Elementary School,Elementary School (K/PK-8),"535 E 35th St, Chicago, IL 60616",93.3,80.0,0.0,organized
2022,,609893,John C Dore Elementary School,Elementary School (K/PK-8),"7134 W. 65th Street, Chicago, IL 60638",88.5,72.9,0.0,partially organized
2022,,609894,John B Drake Elementary School,Elementary School (K/PK-8),"2710 S Dearborn St, Chicago, IL 60616",79.5,78.8,0.0,well-organized
2022,,609895,Turner-Drew Elementary Language Academy,Elementary School (K/PK-8),"9300 S Princeton Ave, Chicago, IL 60620",90.4,87.0,0.0,well-organized
2022,,609896,Thomas Drummond Elementary School,Elementary School (K/PK-8),"1845 W Cortland St, Chicago, IL 60622",96.0,64.3,0.0,well-organized
2022,,609897,Charles W Earle Elementary School,Elementary School (K/PK-8),"2040 W 62nd St, Chicago, IL 60636",51.8,58.1,0.0,moderately organized
2022,,609898,John F Eberhart Elementary School,Elementary School (K/PK-8),"3400 W 65th Pl, Chicago, IL 60629",0.4,55.6,0.0,partially organized
2022,,609899,Christian Ebinger Elementary School,Elementary School (K/PK-8),"7350 W Pratt Ave, Chicago, IL 60631",52.0,46.1,0.0,organized
2022,,609900,George W Curtis Elementary School,Elementary School (K/PK-8),"32 E 115th St, Chicago, IL 60628",57.9,79.0,0.0,moderately organized
2022,,609901,Edgebrook Elementary School,Elementary School (K/PK-8),"6525 N Hiawatha Ave, Chicago, IL 60646",93.1,71.8,0.0,organized
2022,,609902,Ralph H Metcalfe Elementary Community Academy,Elementary School (K/PK-8),"12339 S Normal Ave, Chicago, IL 60628",17.8,36.4,0.0,no report
2022,,609903,Richard Edwards Elementary School,Elementary School (K/PK-8),"4815 S Karlov Ave, Chicago, IL 60632",74.7,60.8,0.0,organized
2022,,609904,Edward K Ellington Elementary School,Elementary School (K/PK-8),"243 N Parkside Ave, Chicago, IL 60644",95.6,69.4,0.0,organized
2022,,609907,Leif Ericson Elementary Scholastic Academy,Elementary School (K/PK-8),"3600 W 5th Ave, Chicago, IL 60624",91.1,76.3,0.0,organized
2022,,609908,Esmond Elementary School,Elementary School (K/PK-8),"1865 W Montvale Ave, Chicago, IL 60643",70.1,63.6,0.0,organized
2022,,609909,Edward Everett Elementary School,Primary School (K/PK-5),"3419 S Bell Ave, Chicago, IL 60608",96.8,85.0,0.0,well-organized
2022,,609910,Laughlin Falconer Elementary School,Elementary School (K/PK-8),"3020 N Lamon Ave, Chicago, IL 60641",92.2,68.2,0.0,well-organized
2022,,609912,James B Farnsworth Elementary School,Elementary School (K/PK-8),"5414 N Linder Ave, Chicago, IL 60630",82.1,58.6,0.0,moderately organized
2022,,609917,Fernwood Elementary School,Elementary School (K/PK-8),"10041 S Union Ave, Chicago, IL 60628",1.3,38.9,0.0,no report
2022,,609918,Eugene Field Elementary School,Middle School (6-8),"7019 N Ashland Ave, Chicago, IL 60626",96.5,77.8,0.0,partially organized
2022,,609919,John Fiske Elementary School,Elementary School (K/PK-8),"6020 S Langley Ave, Chicago, IL 60637",75.5,63.6,0.0,partially organized
2022,,609920,Gerald Delgado Kanoon Elementary Magnet School,Elementary School (K/PK-8),"2233 S Kedzie Ave, Chicago, IL 60623",93.4,58.1,0.0,well-organized
2022,,609921,Telpochcalli Elementary School,Elementary School (K/PK-8),"2832 W 24th Blvd, Chicago, IL 60623",55.6,25.0,0.0,moderately organized
2022,,609922,Belmont-Cragin Elementary School,Elementary School (K/PK-8),"5252 W Palmer St, Chicago, IL 60639",99.4,72.7,0.0,partially organized
2022,,609924,Fort Dearborn Elementary School,Elementary School (K/PK-8),"9025 S Throop St, Chicago, IL 60620",97.0,73.2,0.0,not yet organized
2022,,609925,Joseph Kellman Corporate Community ES,Elementary School (K/PK-8),"3030 W Arthington St, Chicago, IL 60612",84.6,90.9,0.0,moderately organized
2022,,609926,Franklin Elementary Fine Arts Center,Elementary School (K/PK-8),"225 W Evergreen Ave, Chicago, IL 60610",99.6,85.2,0.0,partially organized
2022,,609927,Foster Park Elementary School,Elementary School (K/PK-8),"8530 S Wood St, Chicago, IL 60620",99.2,96.9,0.0,organized
2022,,609928,Melville W Fuller Elementary School,Elementary School (K/PK-8),"4214 S St Lawrence Ave, Chicago, IL 60653",85.4,52.6,0.0,partially organized
2022,,609929,Robert Fulton Elementary School,Elementary School (K/PK-8),"5300 S Hermitage Ave, Chicago, IL 60609",82.9,74.4,0.0,partially organized
2022,,609930,Frederick Funston Elementary School,Elementary School (K/PK-8),"2010 N Central Park Ave, Chicago, IL 60647",83.0,69.0,0.0,not yet organized
2022,,609933,Stephen F Gale Elementary Community Academy,Elementary School (K/PK-8),"1631 W Jonquil Ter, Chicago, IL 60626",73.8,57.5,0.0,not yet organized
2022,,609935,Matthew Gallistel Elementary Language Academy,Elementary School (K/PK-8),"10347 S Ewing Ave, Chicago, IL 60617",89.3,62.3,0.0,organized
2022,,609937,John W Garvy Elementary School,Elementary School (K/PK-8),"5225 N Oak Park Ave, Chicago, IL 60656",99.9,82.5,0.0,well-organized
2022,,609938,Joseph E Gary Elementary School,Elementary School (K/PK-8),"3740 W 31st St, Chicago, IL 60623",91.1,79.0,0.0,partially organized
2022,,609939,Frank L Gillespie Elementary School,Elementary School (K/PK-8),"9301 S State St, Chicago, IL 60619",66.4,56.7,0.0,not yet organized
2022,,609941,Asa Philip Randolph Elementary School,Elementary School (K/PK-8),"7316 S Hoyne Ave, Chicago, IL 60636",89.8,47.2,0.0,moderately organized
2022,,609942,Johann W von Goethe Elementary School,Elementary School (K/PK-8),"2236 N Rockwell St, Chicago, IL 60647",72.8,62.9,0.0,organized
2022,,609943,Jesse Owens Elementary Community Academy,Elementary School (K/PK-8),"12302 S State St, Chicago, IL 60628",82.4,54.8,0.0,moderately organized
2022,,609944,Virgil Grissom Elementary School,Elementary School (K/PK-8),"12810 S Escanaba Ave, Chicago, IL 60633",75.5,63.3,0.0,moderately organized
2022,,609945,William C. Goudy Technology Academy,Elementary School (K/PK-8),"5120 N Winthrop Ave, Chicago, IL 60640",83.8,73.4,0.0,well-organized
2022,,609947,Alexander Graham Elementary School,Elementary School (K/PK-8),"4436 S Union Ave, Chicago, IL 60609",63.5,64.9,0.0,not yet organized
2022,,609949,William P Gray Elementary School,Elementary School (K/PK-8),"3730 N Laramie Ave, Chicago, IL 60641",92.8,75.6,0.0,organized
2022,,609950,Josefa Ortiz De Dominguez Elementary School,Primary School (K/PK-5),"3000 S Lawndale Ave, Chicago, IL 60623",0.0,58.2,0.0,organized
2022,,609951,Ariel Elementary Community Academy,Elementary School (K/PK-8),"1119 E 46th St, Chicago, IL 60653",0.0,52.3,0.0,not yet organized
2022,,609952,Nathanael Greene Elementary School,Primary School (K/PK-5),"3525 S Honore St, Chicago, IL 60609",97.8,80.0,0.0,well-organized
2022,,609954,John Milton Gregory Elementary School,Elementary School (K/PK-8),"3715 W Polk St, Chicago, IL 60624",62.0,76.5,0.0,not yet organized
2022,,609955,Walter Q Gresham Elementary School,Elementary School (K/PK-8),"8524 S Green St, Chicago, IL 60620",96.0,94.9,0.0,partially organized
2022,,609956,Robert L Grimes Elementary School,Elementary School (K/PK-8),"5450 W 64th Pl, Chicago, IL 60638",94.9,70.3,0.0,well-organized
2022,,609958,Frank W Gunsaulus Elementary Scholastic Academy,Elementary School (K/PK-8),"4420 S Sacramento Ave, Chicago, IL 60632",92.9,92.2,0.0,moderately organized
2022,,609959,John Charles Haines Elementary School,Elementary School (K/PK-8),"247 W 23rd Pl, Chicago, IL 60616",73.0,51.1,0.0,well-organized
2022,,609960,Nathan Hale Elementary School,Elementary School (K/PK-8),"6140 S Melvina Ave, Chicago, IL 60638",88.4,64.8,0.0,organized
2022,,609961,Ninos Heroes Elementary Academic Center,Elementary School (K/PK-8),"8344 S Commercial Ave, Chicago, IL 60617",86.9,68.8,0.0,not yet organized
2022,,609963,Alexander Hamilton Elementary School,Elementary School (K/PK-8),"1650 W Cornelia Ave, Chicago, IL 60657",96.8,68.9,0.0,organized
2022,,609964,John H Hamline Elementary School,Elementary School (K/PK-8),"4747 S Bishop St, Chicago, IL 60609",84.7,89.1,0.0,partially organized
2022,,609966,Charles G Hammond Elementary School,Elementary School (K/PK-8),"2819 W 21st Pl, Chicago, IL 60623",68.4,52.9,0.0,partially organized
2022,,609967,William F Finkl Elementary School,Elementary School (K/PK-8),"2332 S Western Ave, Chicago, IL 60608",98.2,80.6,0.0,moderately organized
2022,,609968,Sharon Christa McAuliffe Elementary School,Elementary School (K/PK-8),"1841 N Springfield Ave, Chicago, IL 60647",43.7,69.6,0.0,organized
2022,,609969,Bret Harte Elementary School,Elementary School (K/PK-8),"1556 E 56th St, Chicago, IL 60637",61.4,50.0,0.0,partially organized
2022,,609971,John Harvard Elementary School of Excellence,Elementary School (K/PK-8),"7525 S Harvard, Chicago, IL 60620",39.8,66.7,0.0,not yet organized
2022,,609972,Helge A Haugan Elementary School,Elementary School (K/PK-8),"4540 N Hamlin Ave, Chicago, IL 60625",90.2,82.0,0.0,partially organized
2022,,609973,Emiliano Zapata Elementary Academy,Elementary School (K/PK-8),"2728 S Kostner Ave, Chicago, IL 60623",38.2,65.6,0.0,well-organized
2022,,609974,Hawthorne Elementary Scholastic Academy,Elementary School (K/PK-8),"3319 N Clifton Ave, Chicago, IL 60657",77.8,69.2,0.0,well-organized
2022,,609975,John Hay Elementary Community Academy,Elementary School (K/PK-8),"1018 N Laramie Ave, Chicago, IL 60651",84.1,51.6,0.0,partially organized
2022,,609976,Stephen K Hayt Elementary School,Elementary School (K/PK-8),"1518 W Granville Ave, Chicago, IL 60660",45.9,65.0,0.0,partially organized
2022,,609977,Woodlawn Community Elementary School,Elementary School (K/PK-8),"6657 S Kimbark Ave, Chicago, IL 60637",96.8,93.3,0.0,well-organized
2022,,609978,Wendell Smith Elementary School,Elementary School (K/PK-8),"744 E 103rd St, Chicago, IL 60628",71.7,52.6,0.0,not yet organized
2022,,609979,Robert Healy Elementary School,Elementary School (K/PK-8),"3010 S Parnell Ave, Chicago, IL 60616",96.1,85.2,0.0,well-organized
2022,,609981,Phoebe Apperson Hearst Elementary School,Elementary School (K/PK-8),"4640 S Lamon Ave, Chicago, IL 60638",77.1,43.2,0.0,partially organized
2022,,609983,James Hedges Elementary School,Elementary School (K/PK-8),"4747 S Winchester Ave, Chicago, IL 60609",88.1,58.8,0.0,not yet organized
2022,,609985,Helen M Hefferan Elementary School,Elementary School (K/PK-8),"4409 W Wilcox St, Chicago, IL 60624",76.3,73.3,0.0,partially organized
2022,,609986,Charles R Henderson Elementary School,Elementary School (K/PK-8),"5650 S Wolcott Ave, Chicago, IL 60636",78.5,99.9,0.0,organized
2022,,609987,Thomas A Hendricks Elementary Community Academy,Elementary School (K/PK-8),"4316 S Princeton Ave, Chicago, IL 60609",1.2,35.9,0.0,no report
2022,,609988,Patrick Henry Elementary School,Elementary School (K/PK-8),"4250 N Saint Louis Ave, Chicago, IL 60618",87.9,91.7,0.0,organized
2022,,609990,South Loop Elementary School,Elementary School (K/PK-8),"1212 S Plymouth Ct, Chicago, IL 60605",0.0,39.7,0.0,no report
2022,,609991,Theodore Herzl Elementary School,Elementary School (K/PK-8),"3711 W Douglas Blvd, Chicago, IL 60623",73.6,57.1,0.0,moderately organized
2022,,609993,Agustin Lara Elementary Academy,Elementary School (K/PK-8),"4619 S Wolcott Ave, Chicago, IL 60609",87.2,82.2,0.0,well-organized
2022,,609994,William G Hibbard Elementary School,Elementary School (K/PK-8),"3244 W Ainslie St, Chicago, IL 60625",0.0,51.4,0.0,partially organized
2022,,609995,Rufus M Hitch Elementary School,Elementary School (K/PK-8),"5625 N Mcvicker Ave, Chicago, IL 60646",83.5,74.5,0.0,moderately organized
2022,,609996,Charles N Holden Elementary School,Elementary School (K/PK-8),"1104 W 31st St, Chicago, IL 60608",83.6,60.0,0.0,partially organized
2022,,609997,Oliver Wendell Holmes Elementary School,Elementary School (K/PK-8),"955 W Garfield Blvd, Chicago, IL 60621",47.6,70.6,0.0,not yet organized
2022,,610000,Julia Ward Howe Elementary School of Excellence,Elementary School (K/PK-8),"720 N Lorel Ave, Chicago, IL 60644",55.2,57.6,0.0,partially organized
2022,,610002,Thomas Hoyne Elementary School,Elementary School (K/PK-8),"8905 S Crandon Ave, Chicago, IL 60617",99.2,79.0,0.0,organized
2022,,610003,Paul Cuffe Math-Science Technology Academy ES,Elementary School (K/PK-8),"8324 S Racine Ave, Chicago, IL 60620",90.8,67.9,0.0,organized
2022,,610004,Countee Cullen Elementary School,Elementary School (K/PK-8),"10650 S Eberhart Ave, Chicago, IL 60628",94.6,87.5,0.0,moderately organized
2022,,610005,Charles Evans Hughes Elementary School,Elementary School (K/PK-8),"4247 W 15th St, Chicago, IL 60623",62.8,77.3,0.0,well-organized
2022,,610006,Edward N Hurley Elementary School,Elementary School (K/PK-8),"3849 W 69th Pl, Chicago, IL 60629",90.8,50.9,0.0,moderately organized
2022,,610009,Galileo Math & Science Scholastic Academy ES,Elementary School (K/PK-8),"820 S Carpenter St, Chicago, IL 60607",91.5,58.3,0.0,moderately organized
2022,,610010,Friedrich L. Jahn Elementary of the Fine Arts,Elementary School (K/PK-8),"3149 N Wolcott Ave, Chicago, IL 60657",77.8,55.6,0.0,partially organized
2022,,610011,Minnie Mars Jamieson Elementary School,Elementary School (K/PK-8),"5650 N Mozart St, Chicago, IL 60659",94.4,78.2,0.0,well-organized
2022,,610013,Pilsen Elementary Community Academy,Elementary School (K/PK-8),"1420 W 17th St, Chicago, IL 60608",98.5,93.9,0.0,organized
2022,,610015,Joseph Jungman Elementary School,Elementary School (K/PK-8),"1746 S Miller St, Chicago, IL 60608",82.3,54.4,0.0,organized
2022,,610016,Kate S Kellogg Elementary School,Elementary School (K/PK-8),"9241 S Leavitt St, Chicago, IL 60620",61.0,39.4,0.0,partially organized
2022,,610017,Maria Saucedo Elementary Scholastic Academy,Elementary School (K/PK-8),"2850 W 24th Blvd, Chicago, IL 60623",82.3,72.3,0.0,not yet organized
2022,,610019,Joshua D Kershaw Elementary School,Elementary School (K/PK-8),"6450 S Lowe Ave, Chicago, IL 60621",79.3,72.7,0.0,well-organized
2022,,610021,Pablo Casals Elementary School,Elementary School (K/PK-8),"3501 W Potomac Ave, Chicago, IL 60651",61.1,81.8,0.0,organized
2022,,610022,Joyce Kilmer Elementary School,Elementary School (K/PK-8),"6700 N Greenview Ave, Chicago, IL 60626",70.9,53.5,0.0,moderately organized
2022,,610024,Lazaro Cardenas Elementary School,Elementary School (K/PK-8),"2345 S Millard Ave, Chicago, IL 60623",91.8,83.5,0.0,moderately organized
2022,,610026,John H Kinzie Elementary School,Elementary School (K/PK-8),"5625 S Mobile Ave, Chicago, IL 60638",83.6,59.1,0.0,well-organized
2022,,610027,Rudyard Kipling Elementary School,Elementary School (K/PK-8),"9351 S Lowe Ave, Chicago, IL 60620",94.2,38.7,0.0,organized
2022,,610029,Rodolfo Lozano Bilingual & International Ctr ES,Elementary School (K/PK-8),"1501 N Greenview Ave, Chicago, IL 60642",83.8,81.4,0.0,organized
2022,,610030,Charles Kozminski Elementary Community Academy,Elementary School (K/PK-8),"936 E 54th St, Chicago, IL 60615",0.0,48.1,0.0,no report
2022,,610032,Wendell E Green Elementary School,Elementary School (K/PK-8),"1150 W 96th St, Chicago, IL 60643",65.0,57.5,0.0,moderately organized
2022,,610033,LaSalle Elementary Language Academy,Elementary School (K/PK-8),"1734 N Orleans St, Chicago, IL 60614",92.4,69.6,0.0,partially organized
2022,,610034,Lawndale Elementary Community Academy,Elementary School (K/PK-8),"3500 W Douglas Blvd, Chicago, IL 60623",63.5,68.0,0.0,moderately organized
2022,,610036,Leslie Lewis Elementary School,Elementary School (K/PK-8),"1431 N Leamington Ave, Chicago, IL 60651",71.3,88.1,0.0,well-organized
2022,,610037,Arthur A Libby Elementary School,Elementary School (K/PK-8),"5300 S Loomis Blvd, Chicago, IL 60609",74.8,67.7,0.0,partially organized
2022,,610038,Abraham Lincoln Elementary School,Elementary School (K/PK-8),"615 W Kemper Pl, Chicago, IL 60614",85.5,60.4,0.0,well-organized
2022,,610039,Carl von Linne Elementary School,Elementary School (K/PK-8),"3221 N Sacramento Ave, Chicago, IL 60618",68.6,66.0,0.0,organized
2022,,610040,Henry D Lloyd Elementary School,Primary School (K/PK-5),"2103 N Lamon Ave, Chicago, IL 60639",86.8,90.1,0.0,organized
2022,,610041,Josephine C Locke Elementary School,Elementary School (K/PK-8),"2828 N Oak Park Ave, Chicago, IL 60634",86.1,63.8,0.0,moderately organized
2022,,610043,Joseph Lovett Elementary School,Elementary School (K/PK-8),"6333 W Bloomingdale Ave, Chicago, IL 60639",92.0,78.6,0.0,organized
2022,,610044,James Russell Lowell Elementary School,Elementary School (K/PK-8),"3320 W Hirsch St, Chicago, IL 60651",84.0,70.0,0.0,partially organized
2022,,610046,Mary Lyon Elementary School,Elementary School (K/PK-8),"2941 N Mcvicker Ave, Chicago, IL 60634",68.8,64.8,0.0,moderately organized
2022,,610047,James Madison Elementary School,Elementary School (K/PK-8),"7433 S Dorchester Ave, Chicago, IL 60619",91.3,72.7,0.0,well-organized
2022,,610048,George Manierre Elementary School,Elementary School (K/PK-8),"1420 N Hudson Ave, Chicago, IL 60610",62.3,80.0,0.0,partially organized
2022,,610051,Northwest Middle School,Middle School (6-8),"5252 W Palmer St, Chicago, IL 60639",73.5,48.8,0.0,moderately organized
2022,,610052,Horace Mann Elementary School,Elementary School (K/PK-8),"8050 S Chappel Ave, Chicago, IL 60617",63.2,56.0,0.0,organized
2022,,610053,Marquette Elementary School,Elementary School (K/PK-8),"6550 S Richmond St, Chicago, IL 60629",74.9,71.8,0.0,organized
2022,,610054,John L Marsh Elementary School,Elementary School (K/PK-8),"9822 S Exchange Ave, Chicago, IL 60617",95.0,75.8,0.0,not yet organized
2022,,610055,Michael Faraday Elementary School,Elementary School (K/PK-8),"3250 W Monroe St, Chicago, IL 60624",83.5,90.5,0.0,well-organized
2022,,610056,Roswell B Mason Elementary School,Elementary School (K/PK-8),"4217 W 18th St, Chicago, IL 60623",80.6,69.0,0.0,organized
2022,,610057,Fairfield Elementary Academy,Elementary School (K/PK-8),"6201 S Fairfield Ave, Chicago, IL 60629",88.0,82.9,0.0,not yet organized
2022,,610059,Oscar Mayer Magnet School,Elementary School (K/PK-8),"2250 N Clifton Ave, Chicago, IL 60614",62.0,62.8,0.0,organized
2022,,610060,Chicago World Language Academy,Elementary School (K/PK-8),"1340 W Harrison St, Chicago, IL 60607",88.8,54.0,0.0,organized
2022,,610062,George B McClellan Elementary School,Elementary School (K/PK-8),"3527 S Wallace St, Chicago, IL 60609",65.0,50.0,0.0,not yet organized
2022,,610063,Cyrus H McCormick Elementary School,Primary School (K/PK-5),"2712 S Sawyer Ave, Chicago, IL 60623",92.4,84.9,0.0,well-organized
2022,,610065,Emmett Louis Till Math and Science Academy,Elementary School (K/PK-8),"6543 S Champlain Ave, Chicago, IL 60637",84.3,67.7,0.0,moderately organized
2022,,610066,James E McDade Elementary Classical School,Elementary School (K/PK-8),"8801 S Indiana Ave, Chicago, IL 60619",93.1,76.5,0.0,partially organized
2022,,610067,Francis M McKay Elementary School,Elementary School (K/PK-8),"6901 S Fairfield Ave, Chicago, IL 60629",80.8,51.7,0.0,moderately organized
2022,,610068,Hanson Park Elementary School,Elementary School (K/PK-8),"5411 W Fullerton Ave, Chicago, IL 60639",70.7,63.5,0.0,moderately organized
2022,,610070,James B McPherson Elementary School,Elementary School (K/PK-8),"4728 N Wolcott Ave, Chicago, IL 60640",72.7,62.0,0.0,partially organized
2022,,610073,Ellen Mitchell Elementary School,Elementary School (K/PK-8),"2233 W Ohio St, Chicago, IL 60612",79.5,73.7,0.0,well-organized
2022,,610074,James Monroe Elementary School,Elementary School (K/PK-8),"3651 W Schubert Ave, Chicago, IL 60647",91.6,72.1,0.0,partially organized
2022,,610076,Bernhard Moos Elementary School,Elementary School (K/PK-8),"1711 N California Ave, Chicago, IL 60647",81.9,77.8,0.0,not yet organized
2022,,610077,Donald Morrill Math & Science Elementary School,Elementary School (K/PK-8),"6011 S Rockwell St, Chicago, IL 60629",2.8,46.3,0.0,no report
2022,,610078,Inter-American Elementary Magnet School,Elementary School (K/PK-8),"851 W Waveland Ave, Chicago, IL 60613",87.7,63.3,0.0,organized
2022,,610081,Mark Sheridan Math & Science Academy,Elementary School (K/PK-8),"533 W 27th St, Chicago, IL 60616",95.5,54.8,0.0,moderately organized
2022,,610082,Mount Greenwood Elementary School,Elementary School (K/PK-8),"10841 S Homan Ave, Chicago, IL 60655",71.4,75.6,0.0,well-organized
2022,,610083,Daniel C Beard Elementary School,Primary School (K/PK-5),"6445 W Strong St, Chicago, IL 60656",0.0,53.6,0.0,organized
2022,,610084,Annie Keller Regional Gifted Center,Elementary School (K/PK-8),"3020 W 108th St, Chicago, IL 60655",93.2,93.8,0.0,well-organized
2022,,610086,Mount Vernon Elementary School,Elementary School (K/PK-8),"10540 S Morgan St, Chicago, IL 60643",88.5,65.2,0.0,partially organized
2022,,610087,Blair Early Childhood Center,Primary School (K/PK-5),"6751 W 63rd Pl, Chicago, IL 60638",0.0,72.3,0.0,well-organized
2022,,610088,Wolfgang A Mozart Elementary School,Elementary School (K/PK-8),"2200 N Hamlin Ave, Chicago, IL 60647",81.6,68.5,0.0,organized
2022,,610089,John B Murphy Elementary School,Elementary School (K/PK-8),"3539 W Grace St, Chicago, IL 60618",80.6,66.7,0.0,organized
2022,,610090,Phillip Murray Elementary Language Academy,Elementary School (K/PK-8),"5335 S Kenwood Ave, Chicago, IL 60615",0.0,67.7,0.0,not yet organized
2022,,610091,Ronald Brown Elementary Community Academy,Elementary School (K/PK-8),"12607 S Union Ave, Chicago, IL 60628",90.1,57.1,0.0,organized
2022,,610092,Henry H Nash Elementary School,Elementary School (K/PK-8),"4837 W Erie St, Chicago, IL 60644",68.0,71.0,0.0,partially organized
2022,,610093,Jane A Neil Elementary School,Elementary School (K/PK-8),"8555 S Michigan Ave, Chicago, IL 60619",99.9,56.9,0.0,organized
2022,,610094,Louis Nettelhorst Elementary School,Elementary School (K/PK-8),"3252 N Broadway St, Chicago, IL 60657",84.9,61.4,0.0,partially organized
2022,,610095,Walter L Newberry Math & Science Academy ES,Elementary School (K/PK-8),"700 W Willow St, Chicago, IL 60614",58.9,55.3,0.0,well-organized
2022,,610096,Florence Nightingale Elementary School,Elementary School (K/PK-8),"5250 S Rockwell St, Chicago, IL 60632",77.5,80.9,0.0,moderately organized
2022,,610097,William P Nixon Elementary School,Elementary School (K/PK-8),"2121 N Keeler Ave, Chicago, IL 60639",87.4,70.4,0.0,moderately organized
2022,,610098,Alfred Nobel Elementary School,Elementary School (K/PK-8),"4127 W Hirsch St, Chicago, IL 60651",89.4,72.2,0.0,organized
2022,,610099,Norwood Park Elementary School,Elementary School (K/PK-8),"5900 N Nina Ave, Chicago, IL 60631",93.9,85.3,0.0,moderately organized
2022,,610100,West Park Elementary Academy,Elementary School (K/PK-8),"1425 N Tripp Ave, Chicago, IL 60651",93.0,77.8,0.0,partially organized
2022,,610101,William B Ogden Elementary School,Elementary School (K/PK-8),"24 W Walton St, Chicago, IL 60610",79.6,47.7,0.0,moderately organized
2022,,610102,Richard J Oglesby Elementary School,Elementary School (K/PK-8),"7646 S Green St, Chicago, IL 60620",90.2,87.5,0.0,partially organized
2022,,610103,Isabelle C O'Keeffe Elementary School,Elementary School (K/PK-8),"6940 S Merrill Ave, Chicago, IL 60649",77.6,67.9,0.0,well-organized
2022,,610104,William J Onahan Elementary School,Elementary School (K/PK-8),"6634 W Raven St, Chicago, IL 60631",88.3,86.0,0.0,well-organized
2022,,610105,Oriole Park Elementary School,Elementary School (K/PK-8),"5424 N Oketo Ave, Chicago, IL 60656",76.9,61.8,0.0,well-organized
2022,,610106,Brian Piccolo Elementary Specialty School,Elementary School (K/PK-8),"1040 N Keeler Ave, Chicago, IL 60651",78.5,87.0,0.0,partially organized
2022,,610107,James Otis Elementary School,Elementary School (K/PK-8),"525 N Armour St, Chicago, IL 60622",79.9,78.8,0.0,partially organized
2022,,610108,Luke O'Toole Elementary School,Elementary School (K/PK-8),"6550 S Seeley Ave, Chicago, IL 60636",88.8,96.3,0.0,partially organized
2022,,610109,William Bishop Owen Scholastic Academy ES,Elementary School (K/PK-8),"8247 S Christiana Ave, Chicago, IL 60652",76.3,66.7,0.0,moderately organized
2022,,610110,Ida B Wells Preparatory Elementary Academy,Elementary School (K/PK-8),"249 E 37th St, Chicago, IL 60653",70.2,55.9,0.0,well-organized
2022,,610111,John Palmer Elementary School,Elementary School (K/PK-8),"5051 N Kenneth Ave, Chicago, IL 60630",96.9,55.7,0.0,partially organized
2022,,610112,Francis W Parker Elementary Community Academy,Elementary School (K/PK-8),"6800 S Stewart Ave, Chicago, IL 60621",81.8,63.2,0.0,organized
2022,,610115,Park Manor Elementary School,Elementary School (K/PK-8),"7037 S Rhodes Ave, Chicago, IL 60637",89.9,82.8,0.0,well-organized
2022,,610116,Parkside Elementary Community Academy,Elementary School (K/PK-8),"6938 S East End Ave, Chicago, IL 60649",92.7,73.9,0.0,partially organized
2022,,610117,Louis Pasteur Elementary School,Primary School (K/PK-5),"5825 S Kostner Ave, Chicago, IL 60629",92.4,64.4,0.0,well-organized
2022,,610120,Ferdinand Peck Elementary School,Primary School (K/PK-5),"3826 W 58th St, Chicago, IL 60629",87.4,77.1,0.0,well-organized
2022,,610121,Washington Irving Elementary School,Elementary School (K/PK-8),"749 S Oakley Blvd, Chicago, IL 60612",95.2,61.3,0.0,not yet organized
2022,,610122,Helen Peirce International Studies ES,Elementary School (K/PK-8),"1423 W Bryn Mawr Ave, Chicago, IL 60660",96.0,62.4,0.0,organized
2022,,610123,William Penn Elementary School,Elementary School (K/PK-8),"1616 S Avers Ave, Chicago, IL 60623",74.1,62.1,0.0,organized
2022,,610124,Harold Washington Elementary School,Elementary School (K/PK-8),"9130 S University Ave, Chicago, IL 60619",93.5,77.4,0.0,organized
2022,,610125,Irma C Ruiz Elementary School,Elementary School (K/PK-8),"2410 S Leavitt St, Chicago, IL 60608",88.3,74.1,0.0,organized
2022,,610126,John J Pershing Elementary Humanities Magnet,Elementary School (K/PK-8),"3200 S Calumet Ave, Chicago, IL 60616",86.5,81.0,0.0,organized
2022,,610127,Mary Gage Peterson Elementary School,Elementary School (K/PK-8),"5510 N Christiana Ave, Chicago, IL 60625",93.1,81.1,0.0,partially organized
2022,,610128,Marcus Moziah Garvey Elementary School,Elementary School (K/PK-8),"10309 S Morgan St, Chicago, IL 60643",43.0,73.9,0.0,moderately organized
2022,,610129,Josiah Pickard Elementary School,Elementary School (K/PK-8),"2301 W 21st Pl, Chicago, IL 60608",86.9,99.9,0.0,well-organized
2022,,610130,John T Pirie Fine Arts & Academic Center ES,Elementary School (K/PK-8),"650 E 85th St, Chicago, IL 60619",97.5,50.0,0.0,organized
2022,,610131,Ambrose Plamondon Elementary School,Elementary School (K/PK-8),"2642 W 15th Pl, Chicago, IL 60608",88.2,94.4,0.0,moderately organized
2022,,610132,Edgar Allan Poe Elementary Classical School,Elementary School (K/PK-8),"10538 S Langley Ave, Chicago, IL 60628",35.9,60.0,0.0,moderately organized
2022,,610133,Laura S Ward Elementary School,Elementary School (K/PK-8),"646 N Lawndale Ave, Chicago, IL 60624",94.5,79.5,0.0,moderately organized
2022,,610135,Portage Park Elementary School,Elementary School (K/PK-8),"5330 W Berteau Ave, Chicago, IL 60641",93.4,67.1,0.0,moderately organized
2022,,610136,William H Prescott Elementary School,Elementary School (K/PK-8),"1632 W Wrightwood Ave, Chicago, IL 60614",93.3,90.7,0.0,partially organized
2022,,610137,Ernst Prussing Elementary School,Elementary School (K/PK-8),"4650 N Menard Ave, Chicago, IL 60630",86.8,59.3,0.0,not yet organized
2022,,610138,Pulaski International School of Chicago,Elementary School (K/PK-8),"2230 W Mclean Ave, Chicago, IL 60647",89.3,65.7,0.0,organized
2022,,610139,George M Pullman Elementary School,Elementary School (K/PK-8),"11311 S Forrestville Ave, Chicago, IL 60628",61.4,75.7,0.0,partially organized
2022,,610141,Ravenswood Elementary School,Elementary School (K/PK-8),"4332 N Paulina St, Chicago, IL 60613",92.7,77.1,0.0,organized
2022,,610142,William H Ray Elementary School,Elementary School (K/PK-8),"5631 S Kimbark Ave, Chicago, IL 60637",79.5,82.5,0.0,well-organized
2022,,610143,William C Reavis Math & Science Specialty ES,Elementary School (K/PK-8),"834 E 50th St, Chicago, IL 60615",73.2,70.0,0.0,not yet organized
2022,,610144,Frank W Reilly Elementary School,Elementary School (K/PK-8),"3650 W School St, Chicago, IL 60618",90.7,75.8,0.0,moderately organized
2022,,610145,Peter A Reinberg Elementary School,Elementary School (K/PK-8),"3425 N Major Ave, Chicago, IL 60634",82.1,50.6,0.0,organized
2022,,610146,Paul Revere Elementary School,Elementary School (K/PK-8),"1010 E 72nd St, Chicago, IL 60619",64.9,60.0,0.0,moderately organized
2022,,610147,Philip Rogers Elementary School,Elementary School (K/PK-8),"7345 N Washtenaw Ave, Chicago, IL 60645",94.1,73.1,0.0,well-organized
2022,,610148,Cesar E Chavez Multicultural Academic Center ES,Elementary School (K/PK-8),"4747 S Marshfield Ave, Chicago, IL 60609",97.7,86.3,0.0,well-organized
2022,,610152,Martha Ruggles Elementary School,Elementary School (K/PK-8),"7831 S Prairie Ave, Chicago, IL 60619",52.4,62.5,0.0,not yet organized
2022,,610153,William H Ryder Math & Science Specialty ES,Elementary School (K/PK-8),"8716 S Wallace St, Chicago, IL 60620",86.4,66.7,0.0,well-organized
2022,,610155,Sauganash Elementary School,Elementary School (K/PK-8),"6040 N Kilpatrick Ave, Chicago, IL 60646",57.0,62.8,0.0,well-organized
2022,,610157,Sidney Sawyer Elementary School,Elementary School (K/PK-8),"5248 S Sawyer Ave, Chicago, IL 60632",97.7,67.1,0.0,partially organized
2022,,610158,Harriet E Sayre Elementary Language Academy,Elementary School (K/PK-8),"1850 N Newland Ave, Chicago, IL 60707",84.0,57.7,0.0,partially organized
2022,,610159,Jonathan Y Scammon Elementary School,Elementary School (K/PK-8),"4201 W Henderson St, Chicago, IL 60641",86.2,70.8,0.0,well-organized
2022,,610163,Frederick Stock Elementary School,Primary School (K/PK-5),"7507 W Birchwood Ave, Chicago, IL 60631",0.0,82.0,0.0,well-organized
2022,,610165,Franz Peter Schubert Elementary School,Primary School (K/PK-5),"2727 N Long Ave, Chicago, IL 60639",92.0,78.2,0.0,organized
2022,,610167,William H Seward Communication Arts Academy ES,Elementary School (K/PK-8),"4600 S Hermitage Ave, Chicago, IL 60609",89.2,59.5,0.0,moderately organized
2022,,610170,Columbia Explorers Elementary Academy,Elementary School (K/PK-8),"4520 S Kedzie Ave, Chicago, IL 60632",83.2,75.0,0.0,well-organized
2022,,610171,Arnold Mireles Elementary Academy,Elementary School (K/PK-8),"9000 S Exchange Ave, Chicago, IL 60617",89.9,89.2,0.0,moderately organized
2022,,610172,William T Sherman Elementary School,Elementary School (K/PK-8),"1000 W 52nd St, Chicago, IL 60609",98.4,99.9,0.0,well-organized
2022,,610173,Jesse Sherwood Elementary School,Elementary School (K/PK-8),"245 W 57th St, Chicago, IL 60621",96.7,78.8,0.0,well-organized
2022,,610174,James Shields Elementary School,Primary School (K/PK-5),"4250 S Rockwell St, Chicago, IL 60632",56.3,57.1,0.0,organized
2022,,610175,Beulah Shoesmith Elementary School,Elementary School (K/PK-8),"1330 E 50th St, Chicago, IL 60615",0.0,53.9,0.0,partially organized
2022,,610176,John D Shoop Math-Science Technical Academy ES,Elementary School (K/PK-8),"11140 S Bishop St, Chicago, IL 60643",77.3,92.5,0.0,moderately organized
2022,,610177,Mark Skinner Elementary School,Elementary School (K/PK-8),"1260 W Adams St, Chicago, IL 60607",59.1,67.1,0.0,partially organized
2022,,610178,Theophilus Schmid Elementary School,Elementary School (K/PK-8),"9755 S Greenwood Ave, Chicago, IL 60628",93.5,72.7,0.0,moderately organized
2022,,610179,Washington D Smyser Elementary School,Elementary School (K/PK-8),"4310 N Melvina Ave, Chicago, IL 60634",89.9,86.7,0.0,organized
2022,,610180,John M Smyth Elementary School,Elementary School (K/PK-8),"1059 W 13th St, Chicago, IL 60608",61.1,52.0,0.0,organized
2022,,610182,Hannah G Solomon Elementary School,Elementary School (K/PK-8),"6206 N Hamlin Ave, Chicago, IL 60659",85.4,81.8,0.0,organized
2022,,610183,Spencer Technology Academy,Elementary School (K/PK-8),"214 N Lavergne Ave, Chicago, IL 60644",83.7,64.1,0.0,not yet organized
2022,,610184,John Spry Elementary Community School,Elementary School (K/PK-8),"2400 S Marshall Blvd, Chicago, IL 60623",95.5,70.3,0.0,partially organized
2022,,610185,Adlai E Stevenson Elementary School,Elementary School (K/PK-8),"8010 S Kostner Ave, Chicago, IL 60652",87.5,62.0,0.0,well-organized
2022,,610188,Dunne Technology Academy,Elementary School (K/PK-8),"10845 S Union Ave, Chicago, IL 60628",97.2,88.0,0.0,well-organized
2022,,610191,Stone Elementary Scholastic Academy,Elementary School (K/PK-8),"6239 N Leavitt St, Chicago, IL 60659",94.7,60.8,0.0,organized
2022,,610192,Harriet Beecher Stowe Elementary School,Elementary School (K/PK-8),"3444 W Wabansia Ave, Chicago, IL 60647",79.0,67.9,0.0,not yet organized
2022,,610193,William K New Sullivan Elementary School,Elementary School (K/PK-8),"8331 S Mackinaw Ave, Chicago, IL 60617",73.6,61.8,0.0,organized
2022,,610194,Charles Sumner Math & Science Community Acad ES,Elementary School (K/PK-8),"4320 W 5th Ave, Chicago, IL 60624",91.7,75.0,0.0,organized
2022,,610195,Elizabeth H Sutherland Elementary School,Elementary School (K/PK-8),"10015 S Leavitt St, Chicago, IL 60643",63.9,54.0,0.0,partially organized
2022,,610196,George B Swift Elementary Specialty School,Elementary School (K/PK-8),"5900 N Winthrop Ave, Chicago, IL 60660",93.4,58.8,0.0,moderately organized
2022,,610197,Mancel Talcott Elementary School,Elementary School (K/PK-8),"1840 W Ohio St, Chicago, IL 60622",54.5,69.8,0.0,partially organized
2022,,610198,Douglas Taylor Elementary School,Elementary School (K/PK-8),"9912 S Avenue H, Chicago, IL 60617",66.4,47.4,0.0,partially organized
2022,,610199,Johnnie Colemon Elementary Academy,Elementary School (K/PK-8),"1441 W 119th St, Chicago, IL 60643",63.8,54.2,0.0,well-organized
2022,,610200,James N Thorp Elementary School,Elementary School (K/PK-8),"8914 S Buffalo Ave, Chicago, IL 60617",54.2,55.0,0.0,organized
2022,,610201,Ole A Thorp Elementary Scholastic Academy,Elementary School (K/PK-8),"6024 W Warwick Ave, Chicago, IL 60634",88.9,64.4,0.0,partially organized
2022,,610202,George W Tilton Elementary School,Elementary School (K/PK-8),"223 N Keeler Ave, Chicago, IL 60624",85.5,46.4,0.0,organized
2022,,610203,Enrico Tonti Elementary School,Primary School (K/PK-5),"5815 S Homan Ave, Chicago, IL 60629",77.7,54.2,0.0,organized
2022,,610206,Mark Twain Elementary School,Elementary School (K/PK-8),"5134 S Lotus Ave, Chicago, IL 60638",99.5,80.5,0.0,organized
2022,,610207,John H Vanderpoel Elementary Magnet School,Elementary School (K/PK-8),"9510 S Prospect Ave, Chicago, IL 60643",77.3,68.2,0.0,partially organized
2022,,610208,Mildred I Lavizzo Elementary School,Elementary School (K/PK-8),"138 W 109th St, Chicago, IL 60628",63.4,48.6,0.0,organized
2022,,610209,Alessandro Volta Elementary School,Elementary School (K/PK-8),"4950 N Avers Ave, Chicago, IL 60625",92.8,60.0,0.0,organized
2022,,610212,Albany Park Multicultural Academy,Middle School (6-8),"4929 N Sawyer Ave, Chicago, IL 60625",92.2,86.4,0.0,well-organized
2022,,610213,James Wadsworth Elementary School,Elementary School (K/PK-8),"6650 S Ellis Ave, Chicago, IL 60637",87.6,63.3,0.0,partially organized
2022,,610215,Francisco I Madero Middle School,Middle School (6-8),"3202 W 28th St, Chicago, IL 60623",87.7,68.0,0.0,organized
2022,,610216,John A Walsh Elementary School,Elementary School (K/PK-8),"2015 S Peoria St, Chicago, IL 60608",80.5,81.0,0.0,organized
2022,,610217,James Ward Elementary School,Elementary School (K/PK-8),"2701 S Shields Ave, Chicago, IL 60616",96.5,80.0,0.0,organized
2022,,610218,Joseph Warren Elementary School,Elementary School (K/PK-8),"9239 S Jeffery Ave, Chicago, IL 60617",90.2,99.9,0.0,well-organized
2022,,610219,George Washington Elementary School,Elementary School (K/PK-8),"3611 E 114th St, Chicago, IL 60617",71.8,82.7,0.0,organized
2022,,610220,Thomas J Waters Elementary School,Elementary School (K/PK-8),"4540 N Campbell Ave, Chicago, IL 60625",92.6,80.4,0.0,well-organized
2022,,610221,Daniel Webster Elementary School,Elementary School (K/PK-8),"4055 W Arthington St, Chicago, IL 60624",52.3,72.0,0.0,well-organized
2022,,610223,Daniel S Wentworth Elementary School,Elementary School (K/PK-8),"1340 W 71st St, Chicago, IL 60636",60.1,68.9,0.0,not yet organized
2022,,610225,John Whistler Elementary School,Elementary School (K/PK-8),"11533 S Ada St, Chicago, IL 60643",1.4,32.4,0.0,no report
2022,,610226,Socorro Sandoval Elementary School,Primary School (K/PK-5),"5534 S Saint Louis Ave, Chicago, IL 60629",97.6,84.6,0.0,well-organized
2022,,610227,Eli Whitney Elementary School,Elementary School (K/PK-8),"2815 S Komensky Ave, Chicago, IL 60623",94.6,66.1,0.0,moderately organized
2022,,610228,John Greenleaf Whittier Elementary School,Elementary School (K/PK-8),"1900 W 23rd St, Chicago, IL 60608",87.6,91.3,0.0,organized
2022,,610229,A.N. Pritzker School,Elementary School (K/PK-8),"2009 W Schiller St, Chicago, IL 60622",82.1,60.8,0.0,partially organized
2022,,610230,Wildwood IB World Magnet School,Elementary School (K/PK-8),"6950 N Hiawatha Ave, Chicago, IL 60646",64.1,54.4,0.0,well-organized
2022,,610231,National Teachers Elementary Academy,Elementary School (K/PK-8),"55 W Cermak Rd, Chicago, IL 60616",90.1,69.0,0.0,moderately organized
2022,,610234,Richard Yates Elementary School,Elementary School (K/PK-8),"1839 N Richmond St, Chicago, IL 60647",53.3,67.3,0.0,partially organized
2022,,610235,Ella Flagg Young Elementary School,Elementary School (K/PK-8),"1434 N Parkside Ave, Chicago, IL 60651",85.3,65.2,0.0,organized
2022,,610237,Ludwig Van Beethoven Elementary School,Elementary School (K/PK-8),"25 W 47th St, Chicago, IL 60609",42.5,66.7,0.0,not yet organized
2022,,610238,Carrie Jacobs Bond Elementary School,Elementary School (K/PK-8),"7050 S May St, Chicago, IL 60621",54.8,51.5,0.0,partially organized
2022,,610239,Richard J Daley Elementary Academy,Elementary School (K/PK-8),"5024 S Wolcott Ave, Chicago, IL 60609",99.6,93.3,0.0,partially organized
2022,,610242,Joseph Brennemann Elementary School,Elementary School (K/PK-8),"4251 N Clarendon Ave, Chicago, IL 60613",63.2,61.1,0.0,partially organized
2022,,610244,Michele Clark Academic Prep Magnet High School,High School (9-12),"5101 W Harrison St, Chicago, IL 60644",51.8,74.0,0.0,organized
2022,,610245,Frederick A Douglass Academy High School,High School (9-12),"543 N Waller Ave, Chicago, IL 60644",95.6,88.9,0.0,well-organized
2022,,610246,Edward Beasley Elementary Magnet Academic Center,Elementary School (K/PK-8),"5255 S State St, Chicago, IL 60609",0.2,37.0,0.0,no report
2022,,610248,Chicago Academy Elementary School,Elementary School (K/PK-8),"3400 N Austin Ave, Chicago, IL 60634",90.8,73.5,0.0,organized
2022,,610249,Talman Elementary School,Elementary School (K/PK-8),"5450 S Talman Ave, Chicago, IL 60632",52.6,67.4,0.0,well-organized
2022,,610250,Ruben Salazar Elementary Bilingual Center,Elementary School (K/PK-8),"160 W Wendell St, Chicago, IL 60610",87.9,69.7,0.0,organized
2022,,610251,Willa Cather Elementary School,Elementary School (K/PK-8),"2908 W Washington Blvd, Chicago, IL 60612",65.4,77.3,0.0,partially organized
2022,,610252,Robert Nathaniel Dett Elementary School,Elementary School (K/PK-8),"2131 W Monroe St, Chicago, IL 60612",33.8,34.7,0.0,no report
2022,,610254,Dvorak Technology Academy,Elementary School (K/PK-8),"3615 W 16th St, Chicago, IL 60623",51.0,67.7,0.0,not yet organized
2022,,610256,Jackie Robinson Elementary School,Primary School (K/PK-5),"4225 S Lake Park Ave, Chicago, IL 60653",0.0,58.8,0.0,organized
2022,,610257,Morton School of Excellence,Elementary School (K/PK-8),"431 N Troy St, Chicago, IL 60612",53.5,55.6,0.0,partially organized
2022,,610263,John Foster Dulles Elementary School,Elementary School (K/PK-8),"6311 S Calumet Ave, Chicago, IL 60637",54.6,68.8,0.0,partially organized
2022,,610268,Arthur R Ashe Elementary School,Elementary School (K/PK-8),"8505 S Ingleside Ave, Chicago, IL 60619",80.0,57.6,0.0,partially organized
2022,,610269,John T McCutcheon Elementary School,Elementary School (K/PK-8),"4865 N Sheridan Rd, Chicago, IL 60640",54.1,70.7,0.0,well-organized
2022,,610271,Jensen Elementary Scholastic Academy,Elementary School (K/PK-8),"3030 W Harrison St, Chicago, IL 60612",64.4,73.5,0.0,organized
2022,,610274,James Weldon Johnson Elementary School,Elementary School (K/PK-8),"1420 S Albany Ave, Chicago, IL 60623",90.4,67.9,0.0,not yet organized
2022,,610276,Irvin C Mollison Elementary School,Elementary School (K/PK-8),"4415 S Dr Martin L King Jr Dr, Chicago, IL 60653",0.6,29.6,0.0,no report
2022,,610279,Henry O Tanner Elementary School,Elementary School (K/PK-8),"7350 S Evans Ave, Chicago, IL 60619",79.0,65.7,0.0,organized
2022,,610281,Adam Clayton Powell Paideia Community Academy ES,Elementary School (K/PK-8),"7511 S South Shore Dr, Chicago, IL 60649",87.3,58.7,0.0,moderately organized
2022,,610282,Ronald E McNair Elementary School,Elementary School (K/PK-8),"4820 W Walton St, Chicago, IL 60651",71.6,72.4,0.0,partially organized
2022,,610284,New Field Elementary School,Primary School (K/PK-5),"1707 W Morse Ave, Chicago, IL 60626",86.2,58.8,0.0,moderately organized
2022,,610287,Ashburn Community Elementary School,Elementary School (K/PK-8),"8300 S St Louis Ave, Chicago, IL 60652",81.1,80.0,0.0,organized
2022,,610290,Benjamin E Mays Elementary Academy,Elementary School (K/PK-8),"6656 S Normal Blvd, Chicago, IL 60621",91.5,77.1,0.0,well-organized
2022,,610291,Richard Henry Lee Elementary School,Elementary School (K/PK-8),"6448 S Tripp Ave, Chicago, IL 60629",97.7,92.2,0.0,well-organized
2022,,610293,Genevieve Melody Elementary School,Elementary School (K/PK-8),"3937 W Wilcox St, Chicago, IL 60624",99.3,66.7,0.0,well-organized
2022,,610295,Thomas J Higgins Elementary Community Academy,Elementary School (K/PK-8),"11710 S Morgan St, Chicago, IL 60643",61.6,83.3,0.0,organized
2022,,610298,Lenart Elementary Regional Gifted Center,Elementary School (K/PK-8),"8101 S Lasalle St, Chicago, IL 60620",97.7,59.1,0.0,partially organized
2022,,610299,Dr. Martin L. King Jr Academy of Social Justice,Elementary School (K/PK-8),"644 W 71st St, Chicago, IL 60621",87.6,85.7,0.0,well-organized
2022,,610300,Oliver S Westcott Elementary School,Elementary School (K/PK-8),"409 W 80th St, Chicago, IL 60620",97.0,73.8,0.0,not yet organized
2022,,610304,Phoenix Military Academy High School,High School (9-12),"145 S Campbell Ave, Chicago, IL 60612",69.0,77.1,0.0,organized
2022,,610305,George Leland Elementary School,Elementary School (K/PK-8),"512 S Lavergne Ave, Chicago, IL 60644",86.2,55.0,0.0,not yet organized
2022,,610308,Wilma Rudolph Elementary Learning Center,Elementary School (K/PK-8),"1628 W Washington Blvd, Chicago, IL 60612",0.0,24.4,0.0,no report
2022,,610312,Mary E McDowell Elementary School,Primary School (K/PK-5),"1419 E 89th St, Chicago, IL 60619",56.7,99.9,0.0,well-organized
2022,,610313,Jose De Diego Elementary Community Academy,Elementary School (K/PK-8),"1313 N Claremont Ave, Chicago, IL 60622",63.8,61.7,0.0,organized
2022,,610315,Edward White Elementary Career Academy,Elementary School (K/PK-8),"1136 W 122nd St, Chicago, IL 60643",84.5,70.6,0.0,moderately organized
2022,,610316,Amelia Earhart Options for Knowledge ES,Elementary School (K/PK-8),"1710 E 93rd St, Chicago, IL 60617",99.9,62.5,0.0,moderately organized
2022,,610317,Brighton Park Elementary School,Elementary School (K/PK-8),"3825 S Washtenaw Ave, Chicago, IL 60632",99.9,82.3,0.0,not yet organized
2022,,610319,Evergreen Academy Middle School,Middle School (6-8),"3537 S Paulina St, Chicago, IL 60609",96.1,96.0,0.0,well-organized
2022,,610323,Bowen High School,High School (9-12),"2710 E 89th St, Chicago, IL 60617",68.0,61.8,0.0,partially organized
2022,,610325,Avondale-Logandale Elementary School,Elementary School (K/PK-8),"3212 W George St, Chicago, IL 60618",83.1,70.4,0.0,well-organized
2022,,610329,Orozco Fine Arts & Sciences Elementary School,Elementary School (K/PK-8),"1940 W 18th St, Chicago, IL 60608",95.3,55.0,0.0,moderately organized
2022,,610334,Al Raby High School,High School (9-12),"3545 W Fulton Blvd, Chicago, IL 60624",50.3,58.8,0.0,partially organized
2022,,610339,Amos Alonzo Stagg Elementary School,Elementary School (K/PK-8),"7424 S Morgan St, Chicago, IL 60621",81.4,68.4,0.0,partially organized
2022,,610340,Chicago Academy High School,High School (9-12),"3400 N Austin Ave, Chicago, IL 60634",88.9,80.4,0.0,organized
2022,,610342,Albert R Sabin Elementary Magnet School,Elementary School (K/PK-8),"2216 W Hirsch St, Chicago, IL 60622",68.0,52.5,0.0,not yet organized
2022,,610345,Carter G Woodson South Elementary School,Elementary School (K/PK-8),"4414 S Evans Ave, Chicago, IL 60653",42.7,44.1,0.0,no report
2022,,610347,Claremont Academy Elementary School,Elementary School (K/PK-8),"2300 W 64th St, Chicago, IL 60636",79.0,60.3,0.0,organized
2022,,610350,Robert A Black Magnet Elementary School,Elementary School (K/PK-8),"9101 S Euclid Ave, Chicago, IL 60619",50.2,93.9,0.0,well-organized
2022,,610352,Durkin Park Elementary School,Elementary School (K/PK-8),"8445 S Kolin Ave, Chicago, IL 60652",92.3,82.9,0.0,organized
2022,,610353,Calmeca Academy of Fine Arts and Dual Language,Elementary School (K/PK-8),"3456 W 38th St, Chicago, IL 60632",96.8,76.6,0.0,organized
2022,,610354,North River Elementary School,Elementary School (K/PK-8),"4416 N Troy St, Chicago, IL 60625",92.3,82.8,0.0,well-organized
2022,,610355,Mary E Courtenay Elementary Language Arts Center,Elementary School (K/PK-8),"4420 N Beacon St, Chicago, IL 60640",68.8,63.0,0.0,organized
2022,,610357,Spry Community Links High School,High School (9-12),"2400 S Marshall Blvd, Chicago, IL 60623",45.5,70.0,0.0,moderately organized
2022,,610362,Medgar Evers Elementary School,Elementary School (K/PK-8),"9811 S Lowe Ave, Chicago, IL 60628",94.5,75.0,0.0,organized
2022,,610363,Walt Disney Magnet Elementary School,Elementary School (K/PK-8),"4140 N Marine Dr, Chicago, IL 60613",75.3,64.8,0.0,moderately organized
2022,,610364,William E B Dubois Elementary School,Elementary School (K/PK-8),"330 E 133rd St, Chicago, IL 60827",86.8,78.3,0.0,not yet organized
2022,,610366,Charles H Wacker Elementary School,Elementary School (K/PK-8),"9746 S Morgan St, Chicago, IL 60643",59.2,62.1,0.0,well-organized
2022,,610367,Oscar DePriest Elementary School,Elementary School (K/PK-8),"139 S Parkside Ave, Chicago, IL 60644",89.2,69.3,0.0,partially organized
2022,,610368,Langston Hughes Elementary School,Elementary School (K/PK-8),"240 W 104th St, Chicago, IL 60628",74.5,50.0,0.0,moderately organized
2022,,610369,Mahalia Jackson Elementary School,Elementary School (K/PK-8),"917 W 88th St, Chicago, IL 60620",95.9,87.5,0.0,moderately organized
2022,,610380,Daniel Hale Williams Prep School of Medicine,High School (9-12),"4934 S Wabash Ave, Chicago, IL 60615",89.8,99.9,0.0,well-organized
2022,,610381,Bronzeville Scholastic Academy High School,High School (9-12),"4934 S Wabash Ave, Chicago, IL 60615",91.7,76.5,0.0,organized
2022,,610383,Greater Lawndale High School For Social Justice,High School (9-12),"3120 S Kostner Ave, Chicago, IL 60623",78.3,61.3,0.0,moderately organized
2022,,610384,Infinity Math Science and Technology High School,High School (9-12),"3120 S Kostner Ave, Chicago, IL 60623",81.7,63.6,0.0,well-organized
2022,,610385,Multicultural Arts High School,High School (9-12),"3120 S Kostner Ave, Chicago, IL 60623",59.5,82.6,0.0,organized
2022,,610386,Peace & Education Coalition HS,High School (9-12),"4946 S Paulina St, Chicago, IL 60609",80.3,99.9,0.0,well-organized
2022,,610389,Orr Academy High School,High School (9-12),"730 N Pulaski Rd, Chicago, IL 60624",70.4,79.0,0.0,well-organized
2022,,610390,Hyman G Rickover Naval Academy High School,High School (9-12),"5900 N Glenwood Ave, Chicago, IL 60660",72.6,93.8,0.0,organized
2022,,610391,Robert Lindblom Math & Science Academy HS,High School (9-12),"6130 S Wolcott Ave, Chicago, IL 60636",51.3,34.5,0.0,organized
2022,,610392,World Language Academy High School,High School (9-12),"3120 S Kostner Ave, Chicago, IL 60623",83.1,50.0,0.0,partially organized
2022,,610394,Uplift Community High School,High School (9-12),"900 W Wilson Ave, Chicago, IL 60640",42.5,45.7,0.0,no report
2022,,610396,Tarkington School of Excellence ES,Elementary School (K/PK-8),"3330 W 71st St, Chicago, IL 60629",80.2,70.0,0.0,not yet organized
2022,,610402,DeVry University Advantage Academy HS,High School (9-12),"1900 W Lawrence Ave, Chicago, IL 60640",95.6,88.9,0.0,well-organized
2022,,610405,Suder Montessori Magnet ES,Elementary School (K/PK-8),"2022 W Washington Blvd, Chicago, IL 60612",80.5,56.8,0.0,partially organized
2022,,610499,Collins Academy High School,High School (9-12),"1313 S Sacramento Dr, Chicago, IL 60623",63.4,66.7,0.0,organized
2022,,610503,Frazier Prospective IB Magnet ES,Elementary School (K/PK-8),"4027 W Grenshaw St, Chicago, IL 60624",67.0,79.0,0.0,not yet organized
2022,,610504,Velma F Thomas Early Childhood Center,Primary School (K/PK-5),"3625 S Hoyne Ave, Chicago, IL 60609",0.0,46.7,0.0,no report
2022,,610513,Air Force Academy High School,High School (9-12),"3630 S Wells St, Chicago, IL 60609",81.3,90.0,0.0,moderately organized
2022,,610515,Disney II Magnet School,Elementary School (K/PK-8),"3815 N Kedvale Ave, Chicago, IL 60641",63.0,59.5,0.0,not yet organized
2022,,610518,Austin College and Career Academy High School,High School (9-12),"231 N Pine Ave, Chicago, IL 60644",79.1,85.7,0.0,partially organized
2022,,610520,LaSalle II Magnet Elementary School,Elementary School (K/PK-8),"1148 N Honore St, Chicago, IL 60622",94.2,66.0,0.0,well-organized
2022,,610521,Sir Miles Davis Magnet Elementary Academy,Elementary School (K/PK-8),"6740 S Paulina St, Chicago, IL 60636",91.8,80.0,0.0,partially organized
2022,,610523,Edison Park Elementary School,Elementary School (K/PK-8),"6220 N Olcott Ave, Chicago, IL 60631",41.3,50.0,0.0,moderately organized
2022,,610524,Louisa May Alcott College Preparatory HS,High School (9-12),"2957 N Hoyne Ave, Chicago, IL 60618",90.5,59.5,0.0,well-organized
2022,,610529,Ogden International High School,High School (9-12),"1250 W Erie St, Chicago, IL 60642",69.1,81.7,0.0,organized
2022,,610530,South Shore Fine Arts Academy,Elementary School (K/PK-8),"1415 E 70th St, Chicago, IL 60637",51.9,82.2,0.0,well-organized
2022,,610532,Irene C. Hernandez Middle School for the Advancement of Science,Middle School (6-8),"3510 W 55th St, Chicago, IL 60632",88.5,75.4,0.0,well-organized
2022,,610533,Dr Jorge Prieto Math and Science,Elementary School (K/PK-8),"2231 N Central Ave, Chicago, IL 60639",92.8,82.3,0.0,organized
2022,,610534,Skinner North,Elementary School (K/PK-8),"640 W Scott St, Chicago, IL 60610",45.6,33.3,0.0,no report
2022,,610539,Marvin Camras Elementary School,Elementary School (K/PK-8),"3000 N Mango Ave, Chicago, IL 60634",68.4,55.8,0.0,moderately organized
2022,,610541,Federico Garcia Lorca Elementary School,Elementary School (K/PK-8),"3231 N Springfield Ave, Chicago, IL 60618",92.6,77.0,0.0,organized
2022,,610542,West Ridge Elementary School,Elementary School (K/PK-8),"6700 N Whipple St, Chicago, IL 60645",65.8,64.8,0.0,moderately organized
2022,,610543,Eric Solorio Academy High School,High School (9-12),"5400 S St Louis Ave, Chicago, IL 60632",82.7,54.2,0.0,well-organized
2022,,610544,Mariano Azuela Elementary School,Elementary School (K/PK-8),"4707 W Marquette Rd, Chicago, IL 60629",66.0,71.2,0.0,partially organized
2022,,610547,South Shore Intl College Prep High School,High School (9-12),"1955 E 75th St, Chicago, IL 60649",49.9,54.4,0.0,partially organized
2022,,610548,STEM Magnet Academy,Elementary School (K/PK-8),"1522 W Fillmore St, Chicago, IL 60607",1.0,47.2,0.0,no report
2022,,610557,Pathways in Education - Ashburn,High School (9-12),"3284 W 87th St, Chicago, IL 60652",55.0,81.8,0.0,partially organized
2022,,610558,Sarah E. Goode STEM Academy,High School (9-12),"7651 S Homan Ave, Chicago, IL 60652",62.7,83.8,0.0,moderately organized
2022,,610559,James Shields Middle School,Middle School (6-8),"2611 W 48th St, Chicago, IL 60632",83.7,72.9,0.0,well-organized
2022,,610561,Richard T Crane Medical Preparatory HS,High School (9-12),"2245 W Jackson Blvd, Chicago, IL 60612",68.6,73.8,0.0,partially organized
2022,,610563,Back of the Yards IB HS,High School (9-12),"2111 W 47th St, Chicago, IL 60609",75.0,76.2,0.0,organized
2022,,610564,Disney II Magnet High School,High School (9-12),"3900 N Lawndale Ave, Chicago, IL 60618",57.9,84.4,0.0,organized
2022,,610565,Excel Academy of Englewood,High School (9-12),"7141 S Morgan, Chicago, IL 60621",49.8,92.9,0.0,organized
2022,,610568,Pathways in Education - Avondale,High School (9-12),"3100 W Belmont Ave, Chicago, IL 60618",53.1,83.3,0.0,partially organized
2022,,610569,Ombudsman Chicago - Northwest,High School (9-12),"7500 N Harlem Ave, Chicago, IL 60631",88.3,99.9,0.0,organized
2022,,610570,Ombudsman Chicago - South,High School (9-12),"6057 S Western Ave, Chicago, IL 60636",63.5,91.7,0.0,well-organized
2022,,610571,Ombudsman Chicago - West,High School (9-12),"2401 W Congress Pkwy, Chicago, IL 60612",53.4,99.9,0.0,organized
2022,,610586,Edward E. Sadlowski Elementary School,Elementary School (K/PK-8),"3930 E 105th St, Chicago, IL 60617",83.8,62.7,0.0,partially organized
2022,,610587,Walter Henri Dyett High School for the Arts,High School (9-12),"555 E 51st St, Chicago, IL 60615",37.9,64.4,0.0,partially organized
2022,,610588,Robert J. Richardson Middle School,Middle School (6-8),"6018 S Karlov Ave, Chicago, IL 60629",79.3,77.3,0.0,well-organized
2022,,610589,Sor Juana Ines de la Cruz Elementary School,Elementary School (K/PK-8),"4120 W 57th St, Chicago, IL 60629",71.8,75.0,0.0,well-organized
2022,,610590,Bronzeville Classical Elementary School,Elementary School (K/PK-8),"8 W Root St, Chicago, IL 60609",99.9,64.0,0.0,well-organized
2022,,610592,Englewood STEM High School,High School (9-12),"6835 S Normal Blvd, Chicago, IL 60621",79.2,70.4,0.0,not yet organized
2022,,610593,Ombudsman Chicago - Roseland HS,High School (9-12),"10928 S Halsted St, Chicago, IL 60628",64.7,88.9,0.0,partially organized
2022,,610594,Pathways in Education - Humboldt Park HS,High School (9-12),"2421 W Division St, Chicago, IL 60622",52.9,99.9,0.0,moderately organized
2022,,610596,The Virtual Academy Elementary School,Elementary School (K/PK-8),"1326 W 14th, Chicago, IL 60608",32.8,62.9,0.0,organized
2022,,610597,The Virtual Academy High School,High School (9-12),"1326 W 14th, Chicago, IL 60608",28.4,58.3,0.0,well-organized
2022,,910572,Safe Achieve Academy ES and HS,High School (9-12),"7877 S Coles Ave, Chicago, IL 60649",83.3,90.0,0.0,no report
2023,,400009,Academy for Global Citizenship Charter School,Elementary School (K/PK-8),"4647 W 47th St, Chicago, IL 60632",96.8,78.3,0.0,well-organized
2023,,400011,Alain Locke Charter School,Elementary School (K/PK-8),"3141 W Jackson Blvd, Chicago, IL 60612",0.6,0.0,0.0,no report
2023,,400013,ASPIRA Charter School - Early College High School,High School (9-12),"3986 W Barry Ave, Chicago, IL 60618",90.0,69.0,0.0,well-organized
2023,,400017,ASPIRA Charter School - Haugan Middle School,Middle School (6-8),"3729 W Leland Ave, Chicago, IL 60625",99.0,72.7,0.0,organized
2023,,400021,Catalyst Elementary Charter School - Circle Rock,Elementary School (K/PK-8),"5608 W Washington Blvd, Chicago, IL 60644",88.1,83.6,0.0,organized
2023,,400022,Chicago High School for the Arts (ChiArts),High School (9-12),"2714 W Augusta Blvd, Chicago, IL 60622",43.0,55.0,0.0,partially organized
2023,,400023,CICS - Avalon/South Shore,Elementary School (K/PK-8),"1501 E 83rd Pl, Chicago, IL 60619",88.0,70.6,0.0,not yet organized
2023,,400024,CICS - Basil,Elementary School (K/PK-8),"1816 W Garfield Blvd, Chicago, IL 60609",62.5,75.6,0.0,organized
2023,,400025,CICS - Bucktown,Elementary School (K/PK-8),"2235 N Hamilton Ave, Chicago, IL 60647",99.9,91.8,0.0,moderately organized
2023,,400026,CICS - Loomis Primary,Primary School (K/PK-5),"9535 S Loomis St, Chicago, IL 60643",99.9,62.1,0.0,not yet organized
2023,,400027,CICS - Irving Park,Elementary School (K/PK-8),"3820 N Spaulding Ave, Chicago, IL 60618",97.3,97.7,0.0,moderately organized
2023,,400028,CICS - Prairie,Elementary School (K/PK-8),"11530 S Prairie Ave, Chicago, IL 60628",98.0,99.9,0.0,partially organized
2023,,400029,CICS - Washington Park,Elementary School (K/PK-8),"110 E 61st St, Chicago, IL 60637",79.7,90.6,0.0,not yet organized
2023,,400030,CICS - West Belden,Elementary School (K/PK-8),"2245 N Mcvicker Ave, Chicago, IL 60639",99.9,97.4,0.0,partially organized
2023,,400031,CICS - Wrightwood,Elementary School (K/PK-8),"8130 S California Ave, Chicago, IL 60652",97.3,78.8,0.0,well-organized
2023,,400032,CICS - Ralph Ellison,High School (9-12),"1817 W 80th St, Chicago, IL 60620",74.3,86.7,0.0,not yet organized
2023,,400033,CICS - Longwood,Elementary School (K/PK-8),"1309 W 95th St, Chicago, IL 60643",85.7,69.7,0.0,partially organized
2023,,400034,CICS - Northtown,High School (9-12),"3900 W Peterson Ave, Chicago, IL 60659",52.5,69.4,0.0,organized
2023,,400035,Chicago Math and Science Academy Charter School,High School (9-12),"7212 N Clark St, Chicago, IL 60626",74.7,68.8,0.0,organized
2023,,400039,Erie Elementary Charter School,Elementary School (K/PK-8),"1405 N Washtenaw Ave, Chicago, IL 60622",89.0,75.0,0.0,not yet organized
2023,,400043,Hope Institute Learning Academy,Primary School (K/PK-5),"1628 W Washington, Chicago, IL 60612",60.7,65.8,0.0,well-organized
2023,,400044,KIPP Ascend Charter School,Elementary School (K/PK-8),"1616 S Avers Ave, Chicago, IL 60623",98.3,81.7,0.0,partially organized
2023,,400046,L.E.A.R.N. - Romano Butler Campus,Elementary School (K/PK-8),"1132 S Homan Ave, Chicago, IL 60624",99.6,99.9,0.0,well-organized
2023,,400047,L.E.A.R.N. - Charles and Dorothy Campbell Campus,Elementary School (K/PK-8),"212 S Francisco Ave, Chicago, IL 60612",99.9,86.8,0.0,organized
2023,,400048,L.E.A.R.N. - Excel Campus,Elementary School (K/PK-8),"3021 W Carroll Ave, Chicago, IL 60612",94.7,97.6,0.0,moderately organized
2023,,400049,Legacy Charter School,Elementary School (K/PK-8),"3318 West Ogden Ave, Chicago, IL 60623",75.0,71.4,0.0,organized
2023,,400050,Namaste Charter School,Elementary School (K/PK-8),"3737 S Paulina St, Chicago, IL 60609",93.2,86.3,0.0,partially organized
2023,,400051,Noble - Noble College Prep,High School (9-12),"1010 N Noble St, Chicago, IL 60622",80.3,79.2,0.0,well-organized
2023,,4000521,Noble - Gary Comer College Prep Middle School,Middle School (6-8),"1010 E 72nd St, Chicago, IL 60619",81.4,86.4,0.0,organized
2023,,4000522,Noble - Gary Comer College Prep High School,High School (9-12),"7131 S South Chicago Ave, Chicago, IL 60619",59.7,63.4,0.0,not yet organized
2023,,400053,Noble - Golder College Prep,High School (9-12),"1454 W Superior St, Chicago, IL 60642",37.1,67.4,0.0,moderately organized
2023,,400054,Noble - Pritzker College Prep,High School (9-12),"4131 W Cortland St, Chicago, IL 60639",82.1,69.2,0.0,moderately organized
2023,,400055,Noble - Rauner College Prep,High School (9-12),"1337 W Ohio St, Chicago, IL 60642",43.5,81.3,0.0,organized
2023,,400056,Noble - Rowe-Clark Math and Science Academy,High School (9-12),"3645 W Chicago Ave, Chicago, IL 60651",50.5,96.7,0.0,organized
2023,,400057,Noble - UIC College Prep,High School (9-12),"1231 S Damen Ave, Chicago, IL 60608",51.0,58.6,0.0,partially organized
2023,,400058,North Lawndale College Prep - Christiana,High School (9-12),"1615 S Christiana Ave, Chicago, IL 60623",60.4,80.7,0.0,partially organized
2023,,400059,North Lawndale College Prep - Collins,High School (9-12),"1313 S Sacramento Dr, Chicago, IL 60623",52.7,71.9,0.0,not yet organized
2023,,400060,Asian Human Services - Passages Charter School,Elementary School (K/PK-8),"1643 W Bryn Mawr Ave, Chicago, IL 60660",96.0,65.3,0.0,partially organized
2023,,400061,Perspectives - Leadership Academy,High School (9-12),"8131 South May Street, Chicago, IL 60620",91.7,91.4,0.0,moderately organized
2023,,400062,Perspectives - High School of Technology,High School (9-12),"8131 S May St., Chicago, IL 60620",90.2,73.9,0.0,organized
2023,,400064,Perspectives - Rodney D. Joslin,High School (9-12),"1930 S Archer Ave, Chicago, IL 60616",83.3,90.0,0.0,partially organized
2023,,400066,Perspectives - Math and Science Academy,High School (9-12),"3663 S. Wabash Avenue, Chicago, IL 60653",90.9,71.0,0.0,moderately organized
2023,,400068,Plato Learning Academy,Elementary School (K/PK-8),"5545 W Harrison St, Chicago, IL 60644",91.2,70.6,0.0,partially organized
2023,,400069,Polaris Charter Academy,Elementary School (K/PK-8),"620 N Sawyer Ave, Chicago, IL 60624",64.3,82.9,0.0,organized
2023,,400071,Providence Englewood Charter School,Elementary School (K/PK-8),"6515 S Ashland Ave, Chicago, IL 60636",96.4,92.5,0.0,organized
2023,,400075,University of Chicago - Donoghue,Primary School (K/PK-5),"707 E. 37th Street, Chicago, IL 60653",87.6,89.1,0.0,well-organized
2023,,400076,University of Chicago - North Kenwood/Oakland,Primary School (K/PK-5),"1119 E. 46th Street, Chicago, IL 60653",99.0,96.8,0.0,well-organized
2023,,400077,University of Chicago - Woodlawn,High School (9-12),"6300 S University Ave, Chicago, IL 60637",89.7,86.9,0.0,partially organized
2023,,400079,Acero Charter Schools - SPC Daniel Zizumbo,Elementary School (K/PK-8),"4248 W 47th St, Chicago, IL 60632",99.1,95.0,0.0,organized
2023,,400080,Acero Charter Schools - PFC Omar E. Torres,Elementary School (K/PK-8),"4248 W 47th St, Chicago, IL 60632",95.0,86.8,0.0,not yet organized
2023,,400081,Acero Charter Schools - Bartolome de las Casas,Elementary School (K/PK-8),"1641 W 16th St, Chicago, IL 60608",95.6,81.8,0.0,partially organized
2023,,400082,Acero Charter Schools - Carlos Fuentes,Elementary School (K/PK-8),"2845 W Barry Ave, Chicago, IL 60618",94.0,71.0,0.0,well-organized
2023,,400083,Acero Charter Schools - Octavio Paz Campus,Elementary School (K/PK-8),"2651 W 23rd St, Chicago, IL 60608",99.9,90.5,0.0,partially organized
2023,,400084,Acero Charter Schools - Rufino Tamayo,Elementary School (K/PK-8),"5135 S California Ave, Chicago, IL 60632",96.7,99.9,0.0,organized
2023,,400085,Acero Charter Schools - Major Hector P. Garcia MD,High School (9-12),"4248 W 47th St, Chicago, IL 60632",62.0,89.8,0.0,organized
2023,,400086,Urban Prep Academy for Young Men - Englewood,High School (9-12),"6201 S Stewart Ave, Chicago, IL 60621",85.1,84.2,0.0,well-organized
2023,,400089,Acero Charter Schools - Officer Donald J. Marquez,Elementary School (K/PK-8),"2916 W 47th St, Chicago, IL 60632",98.0,84.2,0.0,moderately organized
2023,,400091,Chicago Technology Academy High School,High School (9-12),"1301 W 14th St, Chicago, IL 60608",64.2,87.0,0.0,organized
2023,,400092,CICS - Lloyd Bond,Elementary School (K/PK-8),"13300 S Langley Ave, Chicago, IL 60827",99.9,81.8,0.0,well-organized
2023,,400094,EPIC Academy Charter High School,High School (9-12),"8255 S Houston Ave, Chicago, IL 60617",86.0,79.5,0.0,not yet organized
2023,,400096,Rowe Elementary Charter School,Elementary School (K/PK-8),"1424 N Cleaver St, Chicago, IL 60622",68.3,62.2,0.0,not yet organized
2023,,400097,Noble - Chicago Bulls College Prep,High School (9-12),"2040 W Adams St, Chicago, IL 60612",54.4,38.6,0.0,organized
2023,,400098,Noble - Muchin College Prep,High School (9-12),"1 N State St, Chicago, IL 60602",81.5,83.1,0.0,moderately organized
2023,,400101,Acero Charter Schools - Sandra Cisneros,Elementary School (K/PK-8),"2744 W Pershing Rd, Chicago, IL 60632",96.9,71.0,0.0,partially organized
2023,,400104,Instituto Health Sciences Career Academy,High School (9-12),"2520 S Western Ave, Chicago, IL 60608",53.6,72.1,0.0,not yet organized
2023,,400105,Urban Prep Academy for Young Men - Bronzeville,High School (9-12),"521 E 35th St, Chicago, IL 60616",58.1,65.0,0.0,not yet organized
2023,,400106,Noble - John and Eunice Johnson College Prep,High School (9-12),"6350 S Stewart Ave, Chicago, IL 60621",54.5,90.2,0.0,organized
2023,,400107,L.E.A.R.N. - South Chicago Campus,Elementary School (K/PK-8),"8914 S. Buffalo Avenue, Chicago, IL 60617",70.3,78.7,0.0,partially organized
2023,,400111,L.E.A.R.N. - Hunter Perkins Campus,Elementary School (K/PK-8),"1700 W. 83rd Street, Chicago, IL 60620",96.5,88.9,0.0,not yet organized
2023,,400112,Acero Charter Schools - Jovita Idar,Elementary School (K/PK-8),"5050 S Homan Ave, Chicago, IL 60632",95.0,87.1,0.0,not yet organized
2023,,400114,Acero Charter Schools - Esmeralda Santiago,Elementary School (K/PK-8),"2510 W Cortez St, Chicago, IL 60622",96.5,76.2,0.0,organized
2023,,4001151,Catalyst Maria Charter Elementary School,Elementary School (K/PK-8),"6727 S California Ave, Chicago, IL 60629",72.3,89.5,0.0,organized
2023,,400116,The Montessori School of Englewood Charter,Elementary School (K/PK-8),"6936 S Hermitage Ave, Chicago, IL 60636",88.0,94.3,0.0,moderately organized
2023,,400117,Noble - Hansberry College Prep,High School (9-12),"8748 S Aberdeen St, Chicago, IL 60620",47.3,69.7,0.0,partially organized
2023,,400118,Noble - DRW College Prep,High School (9-12),"931 S Homan Ave, Chicago, IL 60624",36.5,47.6,0.0,no report
2023,,400119,Legal Prep Charter Academy,High School (9-12),"4319 W Washington Blvd, Chicago, IL 60612",80.1,60.0,0.0,partially organized
2023,,400120,Acero Charter Schools - Roberto Clemente,Elementary School (K/PK-8),"2050 N Natchez Ave, Chicago, IL 60707",98.9,94.6,0.0,organized
2023,,400121,Acero Charter Schools - Sor Juana Ines de la Cruz,Elementary School (K/PK-8),"7416 N Ridge Ave, Chicago, IL 60645",94.5,93.9,0.0,not yet organized
2023,,400123,YCCS - Academy of Scholastic Achievement HS,High School (9-12),"4651 W Madison St, Chicago, IL 60644",92.1,99.9,0.0,well-organized
2023,,400124,YCCS - McKinley Lakeside Leadership HS,High School (9-12),"2920 S Wabash Ave, Chicago, IL 60616",65.0,99.9,0.0,organized
2023,,400125,"YCCS - ASPIRA, Antonia Pantoja Alternative HS",High School (9-12),"3121 N Pulaski Rd, Chicago, IL 60641",57.4,88.9,0.0,moderately organized
2023,,400126,YCCS - Association House HS,High School (9-12),"1116 N Kedzie, 4th Floor Ave, Chicago, IL 60651",70.5,99.9,0.0,well-organized
2023,,400128,YCCS - CCA Academy HS,High School (9-12),"1231 S Pulaski Rd, Chicago, IL 60623",74.5,99.9,0.0,well-organized
2023,,400129,YCCS - Progressive Leadership Academy,High School (9-12),"6620 S Dr Martin Luther King Jr Drive, Chicago, IL 60637",90.2,75.0,0.0,well-organized
2023,,400130,YCCS - Community Youth Development Institute HS,High School (9-12),"7836 S Union Ave, Chicago, IL 60620",99.9,99.9,0.0,organized
2023,,400131,YCCS - Dr. Pedro Albizu Campos Puerto Rican HS,High School (9-12),"2739 W Division St, Chicago, IL 60622",94.2,99.9,0.0,well-organized
2023,,400133,YCCS - Innovations HS of Arts Integration,High School (9-12),"17 N State St, Chicago, IL 60602",54.6,89.5,0.0,well-organized
2023,,400135,YCCS - Latino Youth Alternative HS,High School (9-12),"2001 S California Ave, Chicago, IL 60608",82.5,85.7,0.0,organized
2023,,400136,YCCS - Olive Harvey Middle College HS,High School (9-12),"10001 S Woodlawn Ave, Chicago, IL 60628",56.8,99.9,0.0,organized
2023,,400137,Little Black Pearl Art and Design Academy,High School (9-12),"1060 E 47th St, Chicago, IL 60653",74.7,66.7,0.0,organized
2023,,400139,YCCS - Sullivan House Alternative HS,High School (9-12),"8164 S South Chicago Ave, Chicago, IL 60617",51.3,86.7,0.0,well-organized
2023,,400141,YCCS - Truman Middle College HS,High School (9-12),"1145 W Wilson Ave, Chicago, IL 60640",80.4,92.9,0.0,moderately organized
2023,,400143,YCCS - West Town Acad Alternative HS,High School (9-12),"500 N Sacramento Blvd, Chicago, IL 60612",60.4,69.2,0.0,well-organized
2023,,400144,YCCS - West HS,High School (9-12),"4909 W Division St, Chicago, IL 60651",91.7,99.9,0.0,organized
2023,,400145,YCCS - Youth Connection Leadership Acad HS,High School (9-12),"3424 S State St, Chicago, IL 60616",52.8,72.7,0.0,well-organized
2023,,400146,KIPP Academy Chicago,Elementary School (K/PK-8),"4818 W Ohio St, Chicago, IL 60644",97.8,85.5,0.0,not yet organized
2023,,400147,Chicago Excel Academy HS,High School (9-12),"1257 W 111th St, Chicago, IL 60643",54.0,82.3,0.0,partially organized
2023,,400149,Acero Charter Schools - Victoria Soto,High School (9-12),"5025 S St. Louis Ave, Chicago, IL 60632",79.3,87.5,0.0,organized
2023,,400150,YCCS - Chatham AcademyHS,High School (9-12),"9035 S Langley Ave, Chicago, IL 60619",57.3,99.9,0.0,organized
2023,,400151,L.E.A.R.N. - 7th Campus,Primary School (K/PK-5),"3021 W Carroll Ave, Chicago, IL 60612",98.3,99.9,0.0,partially organized
2023,,400153,Acero Charter Schools - Brighton Park,Elementary School (K/PK-8),"4420 S Fairfield Ave, Chicago, IL 60632",94.1,81.0,0.0,moderately organized
2023,,400156,Noble - Butler College Prep,High School (9-12),"821 E 103rd St, Chicago, IL 60628",79.0,84.2,0.0,partially organized
2023,,400157,Noble - Baker College Prep,High School (9-12),"2710 E 89th St, Chicago, IL 60617",77.1,84.6,0.0,not yet organized
2023,,400159,Christopher House Charter School,Elementary School (K/PK-8),"5235 W Belden Ave, Chicago, IL 60639",89.3,82.2,0.0,partially organized
2023,,400161,Chicago Collegiate Charter School,Elementary School (K/PK-8),"11816 S Indiana, Chicago, IL 60628",87.0,91.7,0.0,partially organized
2023,,400162,Intrinsic Charter School,High School (9-12),"4540 W Belmont Ave, Chicago, IL 60641",86.2,84.7,0.0,well-organized
2023,,400163,KIPP Bloom College Prep,Elementary School (K/PK-8),"5515 S Lowe Ave, Chicago, IL 60621",97.7,89.1,0.0,moderately organized
2023,,400164,Instituto - Justice and Leadership,High School (9-12),"2570 S Blue Island Ave, Chicago, IL 60608",61.7,99.9,0.0,organized
2023,,400165,L.E.A.R.N. - Middle School Campus,Middle School (6-8),"3021 W Carroll Ave, Chicago, IL 60612",99.9,95.8,0.0,moderately organized
2023,,400167,Horizon Science Academy Southwest Chicago Charter,Elementary School (K/PK-8),"5401 S Western Ave, Chicago, IL 60609",78.3,63.2,0.0,partially organized
2023,,400168,Great Lakes Academy Charter School,Elementary School (K/PK-8),"8401 S Saginaw Ave, Chicago, IL 60617",92.5,68.0,0.0,partially organized
2023,,400169,Noble - ITW David Speer Academy,High School (9-12),"5321 W Grand Ave, Chicago, IL 60639",83.3,76.4,0.0,moderately organized
2023,,400170,Noble - The Noble Academy,High School (9-12),"17 N State St, Chicago, IL 60602",53.9,69.0,0.0,not yet organized
2023,,400172,ASPIRA Business and Finance,High School (9-12),"2989 N Milwaukee Ave, Chicago, IL 60618",51.0,59.6,0.0,partially organized
2023,,400173,Pathways in Education - Brighton Park,High School (9-12),"3124 W 47th St, Chicago, IL 60632",51.8,99.9,0.0,organized
2023,,400175,Excel Academy of South Shore,High School (9-12),"7530 S South Shore Dr, Chicago, IL 60649",58.0,91.7,0.0,well-organized
2023,,400176,Excel Academy Southwest,High School (9-12),"7014 S Washtenaw Ave, Chicago, IL 60629",81.9,92.9,0.0,partially organized
2023,,400178,Moving Everest Charter School,Elementary School (K/PK-8),"416 N Laramie Ave, Chicago, IL 60644",49.9,55.8,0.0,not yet organized
2023,,400179,Noble - Mansueto High School,High School (9-12),"2911 W 47th, Chicago, IL 60632",56.5,64.0,0.0,organized
2023,,400180,KIPP One Academy,Elementary School (K/PK-8),"730 N Pulaski Rd, Chicago, IL 60624",99.2,87.2,0.0,partially organized
2023,,400181,Art in Motion Charter School,High School (9-12),"7415 S East End Ave, Chicago, IL 60649",12.2,75.0,0.0,not yet organized
2023,,400182,Catalyst Maria Charter High School,High School (9-12),"6727 S California Ave, Chicago, IL 60629",90.4,76.4,0.0,well-organized
2023,,609674,Chicago Vocational Career Academy High School,High School (9-12),"2100 E 87th St, Chicago, IL 60617",76.1,76.4,0.0,moderately organized
2023,,609676,Paul Laurence Dunbar Career Academy High School,High School (9-12),"3000 S King Dr, Chicago, IL 60616",49.1,53.7,0.0,not yet organized
2023,,609678,William Jones College Preparatory High School,High School (9-12),"700 S State St, Chicago, IL 60605",72.6,59.4,0.0,organized
2023,,609679,Charles Allen Prosser Career Academy High School,High School (9-12),"2148 N Long Ave, Chicago, IL 60639",76.4,69.9,0.0,organized
2023,,609680,Walter Payton College Preparatory High School,High School (9-12),"1034 N Wells St, Chicago, IL 60610",80.4,44.0,0.0,organized
2023,,609682,Ellen H Richards Career Academy High School,High School (9-12),"5009 S Laflin St, Chicago, IL 60609",72.2,76.5,0.0,organized
2023,,609691,North-Grand High School,High School (9-12),"4338 W Wabansia Ave, Chicago, IL 60639",79.1,80.0,0.0,organized
2023,,609692,Neal F Simeon Career Academy High School,High School (9-12),"8147 S Vincennes Ave, Chicago, IL 60620",64.1,53.3,0.0,moderately organized
2023,,609693,George Westinghouse College Prep,High School (9-12),"3223 W Franklin Blvd, Chicago, IL 60624",54.9,67.3,0.0,well-organized
2023,,609694,John Hancock College Preparatory High School,High School (9-12),"5437 West 64th Place, Chicago, IL 60638",82.5,92.2,0.0,well-organized
2023,,609695,Roald Amundsen High School,High School (9-12),"5110 N Damen Ave, Chicago, IL 60625",94.9,87.1,0.0,well-organized
2023,,609698,William J Bogan High School,High School (9-12),"3939 W 79th St, Chicago, IL 60652",69.1,55.6,0.0,moderately organized
2023,,609704,David G Farragut Career Academy High School,High School (9-12),"2345 S Christiana Ave, Chicago, IL 60623",58.2,57.1,0.0,partially organized
2023,,609705,Christian Fenger Academy High School,High School (9-12),"11220 S Wallace St, Chicago, IL 60628",78.8,80.0,0.0,partially organized
2023,,609708,Edwin G. Foreman College and Career Academy,High School (9-12),"3235 N Leclaire Ave, Chicago, IL 60641",60.8,66.1,0.0,partially organized
2023,,609709,Gage Park High School,High School (9-12),"5630 S Rockwell St, Chicago, IL 60629",64.1,91.4,0.0,organized
2023,,609710,John M Harlan Community Academy High School,High School (9-12),"9652 S Michigan Ave, Chicago, IL 60628",56.1,82.8,0.0,not yet organized
2023,,609712,Emil G Hirsch Metropolitan High School,High School (9-12),"7740 S Ingleside Ave, Chicago, IL 60619",57.6,66.7,0.0,organized
2023,,609713,Hyde Park Academy High School,High School (9-12),"6220 S Stony Island Ave, Chicago, IL 60637",54.0,66.2,0.0,organized
2023,,609715,Thomas Kelly College Preparatory,High School (9-12),"4136 S California Ave, Chicago, IL 60632",63.3,64.6,0.0,moderately organized
2023,,609716,Kelvyn Park High School,High School (9-12),"4343 W Wrightwood Ave, Chicago, IL 60639",54.0,75.0,0.0,partially organized
2023,,609718,John F Kennedy High School,High School (9-12),"6325 W 56th St, Chicago, IL 60638",70.9,67.7,0.0,partially organized
2023,,609719,Lake View High School,High School (9-12),"4015 N Ashland Ave, Chicago, IL 60613",64.4,65.9,0.0,moderately organized
2023,,609720,Albert G Lane Technical High School,High School (9-12),"2501 W Addison St, Chicago, IL 60618",58.0,53.3,0.0,well-organized
2023,,609722,Manley Career Academy High School,High School (9-12),"2935 W Polk St, Chicago, IL 60612",90.4,92.9,0.0,not yet organized
2023,,609723,John Marshall Metropolitan High School,High School (9-12),"3250 W Adams St, Chicago, IL 60624",81.2,78.6,0.0,well-organized
2023,,609724,Stephen T Mather High School,High School (9-12),"5835 N Lincoln Ave, Chicago, IL 60659",77.0,71.1,0.0,partially organized
2023,,609725,Morgan Park High School,High School (9-12),"1744 W Pryor Ave, Chicago, IL 60643",93.9,86.2,0.0,organized
2023,,609726,Gwendolyn Brooks College Preparatory Academy HS,High School (9-12),"250 E 111th St, Chicago, IL 60628",57.2,71.3,0.0,well-organized
2023,,609727,Wendell Phillips Academy High School,High School (9-12),"244 E Pershing Rd, Chicago, IL 60653",63.3,70.5,0.0,moderately organized
2023,,609728,Theodore Roosevelt High School,High School (9-12),"3436 W Wilson Ave, Chicago, IL 60625",64.0,56.4,0.0,organized
2023,,609729,Carl Schurz High School,High School (9-12),"3601 N Milwaukee Ave, Chicago, IL 60641",66.3,84.3,0.0,moderately organized
2023,,609730,Nicholas Senn High School,High School (9-12),"5900 N Glenwood Ave, Chicago, IL 60660",79.3,86.5,0.0,partially organized
2023,,609732,Charles P Steinmetz College Preparatory HS,High School (9-12),"3030 N Mobile Ave, Chicago, IL 60634",65.4,79.3,0.0,not yet organized
2023,,609733,Roger C Sullivan High School,High School (9-12),"6631 N Bosworth Ave, Chicago, IL 60626",51.8,64.5,0.0,partially organized
2023,,609734,William Howard Taft High School,High School (9-12),"6530 W Bryn Mawr Ave, Chicago, IL 60631",9.7,51.5,0.0,partially organized
2023,,609735,Edward Tilden Career Community Academy HS,High School (9-12),"4747 S Union Ave, Chicago, IL 60609",66.5,66.7,0.0,organized
2023,,609737,Friedrich W von Steuben Metropolitan Science HS,High School (9-12),"5039 N Kimball Ave, Chicago, IL 60625",78.4,67.2,0.0,moderately organized
2023,,609738,Lincoln Park High School,High School (9-12),"2001 N Orchard St, Chicago, IL 60614",68.0,59.2,0.0,partially organized
2023,,609739,George Washington High School,High School (9-12),"3535 E 114th St, Chicago, IL 60617",66.8,70.6,0.0,organized
2023,,609740,Wells Community Academy High School,High School (9-12),"936 N Ashland Ave, Chicago, IL 60622",61.6,72.2,0.0,partially organized
2023,,609741,Gurdon S Hubbard High School,High School (9-12),"6200 S Hamlin Ave, Chicago, IL 60629",55.8,66.4,0.0,organized
2023,,609744,Northside Learning Center High School,High School (9-12),"3730 W Bryn Mawr Ave, Chicago, IL 60659",0.8,59.0,0.0,well-organized
2023,,609745,Southside Occupational Academy High School,High School (9-12),"7342 S Hoyne Ave, Chicago, IL 60636",55.2,69.9,0.0,well-organized
2023,,609746,Kenwood Academy High School,High School (9-12),"5015 S Blackstone Ave, Chicago, IL 60615",84.3,66.7,0.0,well-organized
2023,,609748,Consuella B York Alternative HS,High School (9-12),"2700 S California Ave, Chicago, IL 60608",94.2,91.1,0.0,organized
2023,,609749,Northside College Preparatory High School,High School (9-12),"5501 N Kedzie Ave, Chicago, IL 60625",52.5,33.7,0.0,organized
2023,,609750,Simpson Academy HS for Young Women,High School (9-12),"1321 S Paulina St, Chicago, IL 60608",68.2,99.9,0.0,well-organized
2023,,609751,Dr  Martin Luther King Jr College Prep HS,High School (9-12),"4445 S Drexel Blvd, Chicago, IL 60653",86.8,72.4,0.0,organized
2023,,609753,Chicago High School for Agricultural Sciences,High School (9-12),"3857 W 111th St, Chicago, IL 60655",98.1,71.4,0.0,well-organized
2023,,609754,Chicago Military Academy High School,High School (9-12),"3519 S Giles Ave, Chicago, IL 60653",86.2,60.7,0.0,not yet organized
2023,,609755,Whitney M Young Magnet High School,High School (9-12),"211 S Laflin St, Chicago, IL 60607",61.1,57.3,0.0,well-organized
2023,,609756,Marie Sklodowska Curie Metropolitan High School,High School (9-12),"4959 S Archer Ave, Chicago, IL 60632",75.8,75.9,0.0,partially organized
2023,,609759,Roberto Clemente Community Academy High School,High School (9-12),"1147 N Western Ave, Chicago, IL 60622",59.6,65.3,0.0,not yet organized
2023,,609760,George Washington Carver Military Academy HS,High School (9-12),"13100 S Doty Ave, Chicago, IL 60627",61.0,58.3,0.0,partially organized
2023,,609761,George H Corliss High School,High School (9-12),"821 E 103rd St, Chicago, IL 60628",81.5,82.3,0.0,moderately organized
2023,,609762,Percy L Julian High School,High School (9-12),"10330 S Elizabeth St, Chicago, IL 60643",53.3,62.5,0.0,well-organized
2023,,609764,Benito Juarez Community Academy High School,High School (9-12),"1450 W Cermak Rd, Chicago, IL 60608",66.4,90.5,0.0,organized
2023,,609766,Jacqueline B Vaughn Occupational High School,High School (9-12),"4355 N Linder Ave, Chicago, IL 60641",0.5,62.4,0.0,well-organized
2023,,609769,Ray Graham Training Center High School,High School (9-12),"2347 S Wabash Ave, Chicago, IL 60616",67.7,57.8,0.0,well-organized
2023,,609772,Jane Addams Elementary School,Elementary School (K/PK-8),"10810 S Avenue H, Chicago, IL 60617",62.4,48.9,0.0,partially organized
2023,,609773,Harriet Tubman Elementary School,Elementary School (K/PK-8),"2851 N Seminary Ave, Chicago, IL 60657",90.1,72.9,0.0,organized
2023,,609774,Louisa May Alcott College Preparatory ES,Elementary School (K/PK-8),"2625 N Orchard St, Chicago, IL 60614",95.0,71.0,0.0,well-organized
2023,,609777,Phillip D Armour Elementary School,Elementary School (K/PK-8),"950 W 33rd Pl, Chicago, IL 60608",98.4,79.4,0.0,organized
2023,,609779,George Armstrong International Studies ES,Elementary School (K/PK-8),"2110 W Greenleaf Ave, Chicago, IL 60645",96.8,66.7,0.0,well-organized
2023,,609780,Marine Leadership Academy at Ames,High School (9-12),"1920 N Hamlin Ave, Chicago, IL 60647",85.4,61.8,0.0,moderately organized
2023,,609782,John J Audubon Elementary School,Elementary School (K/PK-8),"3500 N Hoyne Ave, Chicago, IL 60618",0.0,50.9,0.0,organized
2023,,609783,Nancy B Jefferson Alternative HS,High School (9-12),"1100 S Hamilton Ave, Chicago, IL 60612",97.9,89.6,0.0,well-organized
2023,,609786,Avalon Park Elementary School,Elementary School (K/PK-8),"8045 S Kenwood Ave, Chicago, IL 60619",63.3,53.9,0.0,partially organized
2023,,609788,Alice L Barnard Computer Math & Science Ctr ES,Elementary School (K/PK-8),"10354 S Charles St, Chicago, IL 60643",84.7,77.8,0.0,partially organized
2023,,609789,John Barry Elementary School,Elementary School (K/PK-8),"2828 N Kilbourn Ave, Chicago, IL 60641",92.1,71.1,0.0,moderately organized
2023,,609790,Clara Barton Elementary School,Elementary School (K/PK-8),"7650 S Wolcott Ave, Chicago, IL 60620",86.5,59.5,0.0,partially organized
2023,,609791,Perkins Bass Elementary School,Elementary School (K/PK-8),"1140 W 66th St, Chicago, IL 60621",97.0,72.1,0.0,moderately organized
2023,,609792,Newton Bateman Elementary School,Elementary School (K/PK-8),"4220 N Richmond St, Chicago, IL 60618",92.9,90.2,0.0,well-organized
2023,,609793,Lillian R. Nicholson STEM Academy,Elementary School (K/PK-8),"6006 S Peoria St, Chicago, IL 60621",65.2,83.8,0.0,partially organized
2023,,609794,Thomas A Edison Regional Gifted Center ES,Elementary School (K/PK-8),"4929 N Sawyer Ave, Chicago, IL 60625",99.9,99.9,0.0,organized
2023,,609795,George Rogers Clark Elementary School,Elementary School (K/PK-8),"1045 S Monitor Ave, Chicago, IL 60644",99.9,99.9,0.0,well-organized
2023,,609796,Jean Baptiste Beaubien Elementary School,Elementary School (K/PK-8),"5025 N Laramie Ave, Chicago, IL 60630",90.8,75.8,0.0,well-organized
2023,,609797,Jacob Beidler Elementary School,Elementary School (K/PK-8),"3151 W Walnut St, Chicago, IL 60612",60.7,88.9,0.0,moderately organized
2023,,609798,Hiram H Belding Elementary School,Elementary School (K/PK-8),"4257 N Tripp Ave, Chicago, IL 60641",91.1,79.3,0.0,well-organized
2023,,609799,Alexander Graham Bell Elementary School,Elementary School (K/PK-8),"3730 N Oakley Ave, Chicago, IL 60618",93.3,84.4,0.0,partially organized
2023,,609800,Frank I Bennett Elementary School,Elementary School (K/PK-8),"10115 S Prairie Ave, Chicago, IL 60628",79.7,46.1,0.0,organized
2023,,609803,James G Blaine Elementary School,Elementary School (K/PK-8),"1420 W Grace St, Chicago, IL 60613",79.1,76.1,0.0,partially organized
2023,,609804,Daniel Boone Elementary School,Elementary School (K/PK-8),"6710 N Washtenaw Ave, Chicago, IL 60645",83.7,70.2,0.0,organized
2023,,609805,Scott Joplin Elementary School,Elementary School (K/PK-8),"7931 S Honore St, Chicago, IL 60620",84.2,73.9,0.0,not yet organized
2023,,609806,Myra Bradwell Communications Arts & Sciences ES,Elementary School (K/PK-8),"7736 S Burnham Ave, Chicago, IL 60649",91.3,77.1,0.0,not yet organized
2023,,609807,Lionel Hampton Fine & Performing Arts ES,Elementary School (K/PK-8),"3434 W 77th St, Chicago, IL 60652",83.1,55.1,0.0,not yet organized
2023,,609808,Alex Haley Elementary Academy,Elementary School (K/PK-8),"11411 S Eggleston Ave, Chicago, IL 60628",92.0,80.0,0.0,moderately organized
2023,,609809,Lorenz Brentano Math & Science Academy ES,Elementary School (K/PK-8),"2723 N Fairfield Ave, Chicago, IL 60647",58.6,76.1,0.0,well-organized
2023,,609810,Norman A Bridge Elementary School,Elementary School (K/PK-8),"3800 N New England Ave, Chicago, IL 60634",56.4,64.9,0.0,partially organized
2023,,609811,Orville T Bright Elementary School,Elementary School (K/PK-8),"10740 S Calhoun Ave, Chicago, IL 60617",60.2,85.0,0.0,not yet organized
2023,,609812,William H Brown Elementary School,Elementary School (K/PK-8),"54 N Hermitage Ave, Chicago, IL 60612",83.2,51.6,0.0,moderately organized
2023,,609813,Charles S Brownell Elementary School,Elementary School (K/PK-8),"6741 S Michigan Ave, Chicago, IL 60637",76.0,78.6,0.0,partially organized
2023,,609815,Edward A Bouchet Math & Science Academy ES,Elementary School (K/PK-8),"7355 S Jeffery Blvd, Chicago, IL 60649",98.2,80.3,0.0,well-organized
2023,,609817,Lyman A Budlong Elementary School,Elementary School (K/PK-8),"2701 W Foster Ave, Chicago, IL 60625",99.9,69.6,0.0,organized
2023,,609818,Luther Burbank Elementary School,Elementary School (K/PK-8),"2035 N Mobile Ave, Chicago, IL 60639",64.6,58.0,0.0,well-organized
2023,,609819,Edmond Burke Elementary School,Elementary School (K/PK-8),"5356 S King Dr, Chicago, IL 60615",73.7,48.6,0.0,moderately organized
2023,,609820,Augustus H Burley Elementary School,Elementary School (K/PK-8),"1630 W Barry Ave, Chicago, IL 60657",94.4,84.1,0.0,organized
2023,,609821,Burnham Elementary Inclusive Academy,Elementary School (K/PK-8),"9928 S Crandon Ave, Chicago, IL 60617",78.7,75.0,0.0,partially organized
2023,,609827,Burnside Elementary Scholastic Academy,Elementary School (K/PK-8),"650 E 91st Pl, Chicago, IL 60619",70.4,69.0,0.0,organized
2023,,609828,Jonathan Burr Elementary School,Elementary School (K/PK-8),"1621 W Wabansia Ave, Chicago, IL 60622",92.9,86.5,0.0,well-organized
2023,,609829,John C Burroughs Elementary School,Elementary School (K/PK-8),"3542 S Washtenaw Ave, Chicago, IL 60632",99.5,78.4,0.0,well-organized
2023,,609830,Milton Brunson Math & Science Specialty ES,Elementary School (K/PK-8),"932 N Central Ave, Chicago, IL 60651",89.8,90.5,0.0,moderately organized
2023,,609832,Michael M Byrne Elementary School,Elementary School (K/PK-8),"5329 S Oak Park Ave, Chicago, IL 60638",89.5,86.8,0.0,moderately organized
2023,,609833,Charles P Caldwell Academy of Math & Science ES,Elementary School (K/PK-8),"8546 S Cregier Ave, Chicago, IL 60617",57.0,55.0,0.0,organized
2023,,609834,Little Village Elementary School,Elementary School (K/PK-8),"2620 S Lawndale Ave, Chicago, IL 60623",97.0,77.3,0.0,moderately organized
2023,,609835,Daniel R Cameron Elementary School,Elementary School (K/PK-8),"1234 N Monticello Ave, Chicago, IL 60651",83.5,55.4,0.0,organized
2023,,609836,Arthur E Canty Elementary School,Elementary School (K/PK-8),"3740 N Panama Ave, Chicago, IL 60634",99.3,86.8,0.0,organized
2023,,609837,Andrew Carnegie Elementary School,Elementary School (K/PK-8),"1414 E 61st Pl, Chicago, IL 60637",99.9,73.2,0.0,organized
2023,,609839,Carroll-Rosenwald Specialty Elementary School,Elementary School (K/PK-8),"2929 W 83rd St, Chicago, IL 60652",98.9,71.4,0.0,well-organized
2023,,609842,Rachel Carson Elementary School,Elementary School (K/PK-8),"5516 S Maplewood Ave, Chicago, IL 60629",94.8,57.1,0.0,partially organized
2023,,609844,William W Carter Elementary School,Elementary School (K/PK-8),"5740 S Michigan Ave, Chicago, IL 60637",90.0,72.0,0.0,not yet organized
2023,,609845,George Washington Carver Primary School,Elementary School (K/PK-8),"901 E 133rd Pl, Chicago, IL 60827",95.2,94.6,0.0,well-organized
2023,,609848,Ira F Aldridge Elementary School,Elementary School (K/PK-8),"630 E 131st St, Chicago, IL 60827",90.2,84.6,0.0,moderately organized
2023,,609849,George F Cassell Elementary School,Elementary School (K/PK-8),"11314 S Spaulding Ave, Chicago, IL 60655",50.8,52.2,0.0,well-organized
2023,,609850,Horace Greeley Elementary School,Elementary School (K/PK-8),"832 W Sheridan Rd, Chicago, IL 60613",82.8,64.1,0.0,moderately organized
2023,,609851,Thomas Chalmers Specialty Elementary School,Elementary School (K/PK-8),"2745 W Roosevelt Rd, Chicago, IL 60608",49.6,62.5,0.0,partially organized
2023,,609852,Eliza Chappell Elementary School,Elementary School (K/PK-8),"2135 W Foster Ave, Chicago, IL 60625",76.9,64.1,0.0,well-organized
2023,,609853,Salmon P Chase Elementary School,Elementary School (K/PK-8),"2021 N Point St, Chicago, IL 60647",90.6,61.8,0.0,organized
2023,,609854,Frederic Chopin Elementary School,Elementary School (K/PK-8),"2450 W Rice St, Chicago, IL 60622",58.3,60.0,0.0,not yet organized
2023,,609855,Walter S Christopher Elementary School,Elementary School (K/PK-8),"5042 S Artesian Ave, Chicago, IL 60632",91.3,67.0,0.0,partially organized
2023,,609856,Henry Clay Elementary School,Elementary School (K/PK-8),"13231 S Burley Ave, Chicago, IL 60633",80.0,60.8,0.0,moderately organized
2023,,609857,Grover Cleveland Elementary School,Elementary School (K/PK-8),"3121 W Byron St, Chicago, IL 60618",86.8,79.4,0.0,organized
2023,,609859,DeWitt Clinton Elementary School,Elementary School (K/PK-8),"6110 N Fairfield Ave, Chicago, IL 60659",66.3,87.8,0.0,well-organized
2023,,609861,Henry R Clissold Elementary School,Elementary School (K/PK-8),"2350 W 110th Pl, Chicago, IL 60643",83.0,60.7,0.0,moderately organized
2023,,609862,Edward Coles Elementary Language Academy,Elementary School (K/PK-8),"8441 S Yates Blvd, Chicago, IL 60617",50.7,46.9,0.0,partially organized
2023,,609863,Christopher Columbus Elementary School,Elementary School (K/PK-8),"1003 N Leavitt St, Chicago, IL 60622",98.1,85.0,0.0,organized
2023,,609864,John W Cook Elementary School,Elementary School (K/PK-8),"8150 S Bishop St, Chicago, IL 60620",99.9,61.8,0.0,not yet organized
2023,,609865,Jordan Elementary Community School,Elementary School (K/PK-8),"7414 N Wolcott Ave, Chicago, IL 60626",94.2,66.7,0.0,not yet organized
2023,,609866,John C Coonley Elementary School,Elementary School (K/PK-8),"4046 N Leavitt St, Chicago, IL 60618",90.0,70.7,0.0,moderately organized
2023,,609867,Peter Cooper Elementary Dual Language Academy,Elementary School (K/PK-8),"1624 W 19th St, Chicago, IL 60608",92.1,60.9,0.0,partially organized
2023,,609869,Anna R. Langford Community Academy,Elementary School (K/PK-8),"6010 S Throop St, Chicago, IL 60636",92.1,84.0,0.0,well-organized
2023,,609870,Daniel J Corkery Elementary School,Elementary School (K/PK-8),"2510 S Kildare Ave, Chicago, IL 60623",81.9,49.1,0.0,partially organized
2023,,609871,Barbara Vick Early Childhood & Family Center,Primary School (K/PK-5),"2554 W 113th St, Chicago, IL 60655",0.0,44.4,0.0,no report
2023,,609872,Manuel Perez Elementary School,Elementary School (K/PK-8),"1241 W 19th St, Chicago, IL 60608",53.6,81.3,0.0,well-organized
2023,,609873,Crown Community Academy of Fine Arts Center ES,Elementary School (K/PK-8),"2128 S Saint Louis Ave, Chicago, IL 60623",93.4,41.7,0.0,partially organized
2023,,609874,Everett McKinley Dirksen Elementary School,Elementary School (K/PK-8),"8601 W Foster Ave, Chicago, IL 60656",78.0,46.4,0.0,moderately organized
2023,,609875,Charles R Darwin Elementary School,Elementary School (K/PK-8),"3116 W Belden Ave, Chicago, IL 60647",99.1,64.4,0.0,moderately organized
2023,,609876,Nathan S Davis Elementary School,Elementary School (K/PK-8),"3014 W 39th Pl, Chicago, IL 60632",87.4,65.7,0.0,partially organized
2023,,609879,Charles Gates Dawes Elementary School,Elementary School (K/PK-8),"3810 W 81st Pl, Chicago, IL 60652",91.5,68.8,0.0,moderately organized
2023,,609880,Stephen Decatur Classical Elementary School,Elementary School (K/PK-8),"7030 N Sacramento Ave, Chicago, IL 60645",94.0,99.9,0.0,well-organized
2023,,609883,Charles S Deneen Elementary School,Elementary School (K/PK-8),"7240 S Wabash Ave, Chicago, IL 60619",59.2,61.9,0.0,well-organized
2023,,609884,William E Dever Elementary School,Elementary School (K/PK-8),"3436 N Osceola Ave, Chicago, IL 60634",79.5,59.4,0.0,organized
2023,,609885,Dewey Elementary Academy of Fine Arts,Elementary School (K/PK-8),"5415 S Union Ave, Chicago, IL 60609",89.4,69.7,0.0,organized
2023,,609887,Arthur Dixon Elementary School,Elementary School (K/PK-8),"8306 S Saint Lawrence Ave, Chicago, IL 60619",95.4,86.1,0.0,well-organized
2023,,609891,James R Doolittle Jr Elementary School,Elementary School (K/PK-8),"535 E 35th St, Chicago, IL 60616",88.7,84.0,0.0,partially organized
2023,,609893,John C Dore Elementary School,Elementary School (K/PK-8),"7134 W. 65th Street, Chicago, IL 60638",88.0,67.6,0.0,partially organized
2023,,609894,John B Drake Elementary School,Elementary School (K/PK-8),"2710 S Dearborn St, Chicago, IL 60616",82.5,88.6,0.0,well-organized
2023,,609895,Turner-Drew Elementary Language Academy,Elementary School (K/PK-8),"9300 S Princeton Ave, Chicago, IL 60620",93.5,78.3,0.0,well-organized
2023,,609896,Thomas Drummond Elementary School,Elementary School (K/PK-8),"1845 W Cortland St, Chicago, IL 60622",94.9,75.9,0.0,well-organized
2023,,609897,Charles W Earle Elementary School,Elementary School (K/PK-8),"2040 W 62nd St, Chicago, IL 60636",63.5,99.9,0.0,well-organized
2023,,609898,John F Eberhart Elementary School,Elementary School (K/PK-8),"3400 W 65th Pl, Chicago, IL 60629",60.9,69.0,0.0,partially organized
2023,,609899,Christian Ebinger Elementary School,Elementary School (K/PK-8),"7350 W Pratt Ave, Chicago, IL 60631",92.1,77.3,0.0,organized
2023,,609900,George W Curtis Elementary School,Elementary School (K/PK-8),"32 E 115th St, Chicago, IL 60628",90.5,72.2,0.0,not yet organized
2023,,609901,Edgebrook Elementary School,Elementary School (K/PK-8),"6525 N Hiawatha Ave, Chicago, IL 60646",93.7,90.5,0.0,organized
2023,,609902,Ralph H Metcalfe Elementary Community Academy,Elementary School (K/PK-8),"12339 S Normal Ave, Chicago, IL 60628",1.2,22.2,0.0,no report
2023,,609903,Richard Edwards Elementary School,Elementary School (K/PK-8),"4815 S Karlov Ave, Chicago, IL 60632",83.9,54.0,0.0,partially organized
2023,,609904,Edward K Ellington Elementary School,Elementary School (K/PK-8),"243 N Parkside Ave, Chicago, IL 60644",96.5,60.4,0.0,partially organized
2023,,609907,Leif Ericson Elementary Scholastic Academy,Elementary School (K/PK-8),"3600 W 5th Ave, Chicago, IL 60624",79.0,63.9,0.0,moderately organized
2023,,609908,Esmond Elementary School,Elementary School (K/PK-8),"1865 W Montvale Ave, Chicago, IL 60643",88.9,73.1,0.0,partially organized
2023,,609909,Edward Everett Elementary School,Primary School (K/PK-5),"3419 S Bell Ave, Chicago, IL 60608",99.9,77.8,0.0,well-organized
2023,,609910,Laughlin Falconer Elementary School,Elementary School (K/PK-8),"3020 N Lamon Ave, Chicago, IL 60641",84.3,74.2,0.0,well-organized
2023,,609912,James B Farnsworth Elementary School,Elementary School (K/PK-8),"5414 N Linder Ave, Chicago, IL 60630",92.6,51.4,0.0,organized
2023,,609917,Fernwood Elementary School,Elementary School (K/PK-8),"10041 S Union Ave, Chicago, IL 60628",94.9,86.7,0.0,organized
2023,,609918,Eugene Field Elementary School,Middle School (6-8),"7019 N Ashland Ave, Chicago, IL 60626",87.2,80.0,0.0,not yet organized
2023,,609919,John Fiske Elementary School,Elementary School (K/PK-8),"6020 S Langley Ave, Chicago, IL 60637",56.2,73.3,0.0,not yet organized
2023,,609920,Gerald Delgado Kanoon Elementary Magnet School,Elementary School (K/PK-8),"2233 S Kedzie Ave, Chicago, IL 60623",73.3,88.6,0.0,organized
2023,,609921,Telpochcalli Elementary School,Elementary School (K/PK-8),"2832 W 24th Blvd, Chicago, IL 60623",79.8,17.1,0.0,moderately organized
2023,,609922,Belmont-Cragin Elementary School,Elementary School (K/PK-8),"5252 W Palmer St, Chicago, IL 60639",87.6,90.7,0.0,organized
2023,,609924,Fort Dearborn Elementary School,Elementary School (K/PK-8),"9025 S Throop St, Chicago, IL 60620",95.5,85.4,0.0,partially organized
2023,,609925,Joseph Kellman Corporate Community ES,Elementary School (K/PK-8),"3030 W Arthington St, Chicago, IL 60612",91.3,88.0,0.0,partially organized
2023,,609926,Franklin Elementary Fine Arts Center,Elementary School (K/PK-8),"225 W Evergreen Ave, Chicago, IL 60610",98.3,89.7,0.0,organized
2023,,609927,Foster Park Elementary School,Elementary School (K/PK-8),"8530 S Wood St, Chicago, IL 60620",98.3,92.5,0.0,well-organized
2023,,609928,Melville W Fuller Elementary School,Elementary School (K/PK-8),"4214 S St Lawrence Ave, Chicago, IL 60653",73.2,54.3,0.0,partially organized
2023,,609929,Robert Fulton Elementary School,Elementary School (K/PK-8),"5300 S Hermitage Ave, Chicago, IL 60609",77.1,59.5,0.0,partially organized
2023,,609930,Frederick Funston Elementary School,Elementary School (K/PK-8),"2010 N Central Park Ave, Chicago, IL 60647",94.0,52.4,0.0,partially organized
2023,,609933,Stephen F Gale Elementary Community Academy,Elementary School (K/PK-8),"1631 W Jonquil Ter, Chicago, IL 60626",72.2,64.9,0.0,not yet organized
2023,,609935,Matthew Gallistel Elementary Language Academy,Elementary School (K/PK-8),"10347 S Ewing Ave, Chicago, IL 60617",80.9,72.9,0.0,organized
2023,,609937,John W Garvy Elementary School,Elementary School (K/PK-8),"5225 N Oak Park Ave, Chicago, IL 60656",97.0,70.2,0.0,well-organized
2023,,609938,Joseph E Gary Elementary School,Elementary School (K/PK-8),"3740 W 31st St, Chicago, IL 60623",90.9,71.8,0.0,moderately organized
2023,,609939,Frank L Gillespie Elementary School,Elementary School (K/PK-8),"9301 S State St, Chicago, IL 60619",57.3,66.7,0.0,not yet organized
2023,,609941,Asa Philip Randolph Elementary School,Elementary School (K/PK-8),"7316 S Hoyne Ave, Chicago, IL 60636",94.6,77.1,0.0,not yet organized
2023,,609942,Johann W von Goethe Elementary School,Elementary School (K/PK-8),"2236 N Rockwell St, Chicago, IL 60647",77.7,60.9,0.0,organized
2023,,609943,Jesse Owens Elementary Community Academy,Elementary School (K/PK-8),"12302 S State St, Chicago, IL 60628",53.5,56.5,0.0,moderately organized
2023,,609944,Virgil Grissom Elementary School,Elementary School (K/PK-8),"12810 S Escanaba Ave, Chicago, IL 60633",98.1,78.1,0.0,moderately organized
2023,,609945,William C. Goudy Technology Academy,Elementary School (K/PK-8),"5120 N Winthrop Ave, Chicago, IL 60640",96.5,89.3,0.0,well-organized
2023,,609947,Alexander Graham Elementary School,Elementary School (K/PK-8),"4436 S Union Ave, Chicago, IL 60609",94.9,79.5,0.0,partially organized
2023,,609949,William P Gray Elementary School,Elementary School (K/PK-8),"3730 N Laramie Ave, Chicago, IL 60641",91.6,80.8,0.0,organized
2023,,609950,Josefa Ortiz De Dominguez Elementary School,Primary School (K/PK-5),"3000 S Lawndale Ave, Chicago, IL 60623",0.0,58.2,0.0,well-organized
2023,,609951,Ariel Elementary Community Academy,Elementary School (K/PK-8),"1119 E 46th St, Chicago, IL 60653",74.1,87.3,0.0,partially organized
2023,,609952,Nathanael Greene Elementary School,Primary School (K/PK-5),"3525 S Honore St, Chicago, IL 60609",72.9,51.4,0.0,well-organized
2023,,609954,John Milton Gregory Elementary School,Elementary School (K/PK-8),"3715 W Polk St, Chicago, IL 60624",75.2,71.9,0.0,partially organized
2023,,609955,Walter Q Gresham Elementary School,Elementary School (K/PK-8),"8524 S Green St, Chicago, IL 60620",99.9,91.2,0.0,well-organized
2023,,609956,Robert L Grimes Elementary School,Elementary School (K/PK-8),"5450 W 64th Pl, Chicago, IL 60638",95.3,77.8,0.0,well-organized
2023,,609958,Frank W Gunsaulus Elementary Scholastic Academy,Elementary School (K/PK-8),"4420 S Sacramento Ave, Chicago, IL 60632",94.6,80.4,0.0,moderately organized
2023,,609959,John Charles Haines Elementary School,Elementary School (K/PK-8),"247 W 23rd Pl, Chicago, IL 60616",95.9,73.2,0.0,well-organized
2023,,609960,Nathan Hale Elementary School,Elementary School (K/PK-8),"6140 S Melvina Ave, Chicago, IL 60638",89.2,83.6,0.0,well-organized
2023,,609961,Ninos Heroes Elementary Academic Center,Elementary School (K/PK-8),"8344 S Commercial Ave, Chicago, IL 60617",77.3,58.3,0.0,not yet organized
2023,,609963,Alexander Hamilton Elementary School,Elementary School (K/PK-8),"1650 W Cornelia Ave, Chicago, IL 60657",94.5,92.0,0.0,moderately organized
2023,,609964,John H Hamline Elementary School,Elementary School (K/PK-8),"4747 S Bishop St, Chicago, IL 60609",68.5,76.2,0.0,not yet organized
2023,,609966,Charles G Hammond Elementary School,Elementary School (K/PK-8),"2819 W 21st Pl, Chicago, IL 60623",89.4,67.7,0.0,organized
2023,,609967,William F Finkl Elementary School,Elementary School (K/PK-8),"2332 S Western Ave, Chicago, IL 60608",99.9,92.7,0.0,organized
2023,,609968,Sharon Christa McAuliffe Elementary School,Elementary School (K/PK-8),"1841 N Springfield Ave, Chicago, IL 60647",99.7,87.7,0.0,partially organized
2023,,609969,Bret Harte Elementary School,Elementary School (K/PK-8),"1556 E 56th St, Chicago, IL 60637",73.9,53.1,0.0,organized
2023,,609971,John Harvard Elementary School of Excellence,Elementary School (K/PK-8),"7525 S Harvard, Chicago, IL 60620",96.8,76.6,0.0,not yet organized
2023,,609972,Helge A Haugan Elementary School,Elementary School (K/PK-8),"4540 N Hamlin Ave, Chicago, IL 60625",97.3,87.1,0.0,organized
2023,,609973,Emiliano Zapata Elementary Academy,Elementary School (K/PK-8),"2728 S Kostner Ave, Chicago, IL 60623",74.8,74.6,0.0,well-organized
2023,,609974,Hawthorne Elementary Scholastic Academy,Elementary School (K/PK-8),"3319 N Clifton Ave, Chicago, IL 60657",93.4,85.7,0.0,well-organized
2023,,609975,John Hay Elementary Community Academy,Elementary School (K/PK-8),"1018 N Laramie Ave, Chicago, IL 60651",85.0,56.3,0.0,organized
2023,,609976,Stephen K Hayt Elementary School,Elementary School (K/PK-8),"1518 W Granville Ave, Chicago, IL 60660",80.4,60.3,0.0,partially organized
2023,,609977,Woodlawn Community Elementary School,Elementary School (K/PK-8),"6657 S Kimbark Ave, Chicago, IL 60637",93.8,72.2,0.0,well-organized
2023,,609978,Wendell Smith Elementary School,Elementary School (K/PK-8),"744 E 103rd St, Chicago, IL 60628",57.1,82.5,0.0,partially organized
2023,,609979,Robert Healy Elementary School,Elementary School (K/PK-8),"3010 S Parnell Ave, Chicago, IL 60616",90.5,81.2,0.0,well-organized
2023,,609981,Phoebe Apperson Hearst Elementary School,Elementary School (K/PK-8),"4640 S Lamon Ave, Chicago, IL 60638",68.1,58.8,0.0,not yet organized
2023,,609983,James Hedges Elementary School,Elementary School (K/PK-8),"4747 S Winchester Ave, Chicago, IL 60609",88.0,77.1,0.0,not yet organized
2023,,609985,Helen M Hefferan Elementary School,Elementary School (K/PK-8),"4409 W Wilcox St, Chicago, IL 60624",77.4,60.7,0.0,not yet organized
2023,,609986,Charles R Henderson Elementary School,Elementary School (K/PK-8),"5650 S Wolcott Ave, Chicago, IL 60636",99.9,91.7,0.0,well-organized
2023,,609987,Thomas A Hendricks Elementary Community Academy,Elementary School (K/PK-8),"4316 S Princeton Ave, Chicago, IL 60609",67.7,61.1,0.0,partially organized
2023,,609988,Patrick Henry Elementary School,Elementary School (K/PK-8),"4250 N Saint Louis Ave, Chicago, IL 60618",13.0,63.3,0.0,moderately organized
2023,,609990,South Loop Elementary School,Elementary School (K/PK-8),"1212 S Plymouth Ct, Chicago, IL 60605",95.1,86.4,0.0,organized
2023,,609991,Theodore Herzl Elementary School,Elementary School (K/PK-8),"3711 W Douglas Blvd, Chicago, IL 60623",72.1,77.6,0.0,not yet organized
2023,,609993,Agustin Lara Elementary Academy,Elementary School (K/PK-8),"4619 S Wolcott Ave, Chicago, IL 60609",90.6,88.9,0.0,organized
2023,,609994,William G Hibbard Elementary School,Elementary School (K/PK-8),"3244 W Ainslie St, Chicago, IL 60625",94.4,51.4,0.0,partially organized
2023,,609995,Rufus M Hitch Elementary School,Elementary School (K/PK-8),"5625 N Mcvicker Ave, Chicago, IL 60646",85.3,80.4,0.0,moderately organized
2023,,609996,Charles N Holden Elementary School,Elementary School (K/PK-8),"1104 W 31st St, Chicago, IL 60608",90.7,90.2,0.0,well-organized
2023,,609997,Oliver Wendell Holmes Elementary School,Elementary School (K/PK-8),"955 W Garfield Blvd, Chicago, IL 60621",86.2,55.6,0.0,not yet organized
2023,,610000,Julia Ward Howe Elementary School of Excellence,Elementary School (K/PK-8),"720 N Lorel Ave, Chicago, IL 60644",91.9,85.4,0.0,moderately organized
2023,,610002,Thomas Hoyne Elementary School,Elementary School (K/PK-8),"8905 S Crandon Ave, Chicago, IL 60617",28.9,94.1,0.0,organized
2023,,610003,Paul Cuffe Math-Science Technology Academy ES,Elementary School (K/PK-8),"8324 S Racine Ave, Chicago, IL 60620",88.3,88.9,0.0,organized
2023,,610004,Countee Cullen Elementary School,Elementary School (K/PK-8),"10650 S Eberhart Ave, Chicago, IL 60628",90.2,79.0,0.0,moderately organized
2023,,610005,Charles Evans Hughes Elementary School,Elementary School (K/PK-8),"4247 W 15th St, Chicago, IL 60623",71.0,77.3,0.0,well-organized
2023,,610006,Edward N Hurley Elementary School,Elementary School (K/PK-8),"3849 W 69th Pl, Chicago, IL 60629",92.5,66.7,0.0,moderately organized
2023,,610009,Galileo Math & Science Scholastic Academy ES,Elementary School (K/PK-8),"820 S Carpenter St, Chicago, IL 60607",94.4,84.3,0.0,well-organized
2023,,610010,Friedrich L. Jahn Elementary of the Fine Arts,Elementary School (K/PK-8),"3149 N Wolcott Ave, Chicago, IL 60657",55.0,52.4,0.0,partially organized
2023,,610011,Minnie Mars Jamieson Elementary School,Elementary School (K/PK-8),"5650 N Mozart St, Chicago, IL 60659",94.5,78.1,0.0,well-organized
2023,,610013,Pilsen Elementary Community Academy,Elementary School (K/PK-8),"1420 W 17th St, Chicago, IL 60608",96.1,97.1,0.0,organized
2023,,610015,Joseph Jungman Elementary School,Elementary School (K/PK-8),"1746 S Miller St, Chicago, IL 60608",71.3,64.0,0.0,organized
2023,,610016,Kate S Kellogg Elementary School,Elementary School (K/PK-8),"9241 S Leavitt St, Chicago, IL 60620",53.1,80.0,0.0,organized
2023,,610017,Maria Saucedo Elementary Scholastic Academy,Elementary School (K/PK-8),"2850 W 24th Blvd, Chicago, IL 60623",87.3,61.2,0.0,not yet organized
2023,,610019,Joshua D Kershaw Elementary School,Elementary School (K/PK-8),"6450 S Lowe Ave, Chicago, IL 60621",91.7,79.4,0.0,organized
2023,,610021,Pablo Casals Elementary School,Elementary School (K/PK-8),"3501 W Potomac Ave, Chicago, IL 60651",59.4,88.6,0.0,organized
2023,,610022,Joyce Kilmer Elementary School,Elementary School (K/PK-8),"6700 N Greenview Ave, Chicago, IL 60626",52.4,58.4,0.0,organized
2023,,610024,Lazaro Cardenas Elementary School,Elementary School (K/PK-8),"2345 S Millard Ave, Chicago, IL 60623",92.3,86.4,0.0,organized
2023,,610026,John H Kinzie Elementary School,Elementary School (K/PK-8),"5625 S Mobile Ave, Chicago, IL 60638",86.0,64.0,0.0,well-organized
2023,,610027,Rudyard Kipling Elementary School,Elementary School (K/PK-8),"9351 S Lowe Ave, Chicago, IL 60620",59.5,80.8,0.0,moderately organized
2023,,610029,Rodolfo Lozano Bilingual & International Ctr ES,Elementary School (K/PK-8),"1501 N Greenview Ave, Chicago, IL 60642",75.3,82.6,0.0,partially organized
2023,,610030,Charles Kozminski Elementary Community Academy,Elementary School (K/PK-8),"936 E 54th St, Chicago, IL 60615",89.8,67.9,0.0,not yet organized
2023,,610032,Wendell E Green Elementary School,Elementary School (K/PK-8),"1150 W 96th St, Chicago, IL 60643",72.6,60.0,0.0,well-organized
2023,,610033,LaSalle Elementary Language Academy,Elementary School (K/PK-8),"1734 N Orleans St, Chicago, IL 60614",87.6,64.6,0.0,moderately organized
2023,,610034,Lawndale Elementary Community Academy,Elementary School (K/PK-8),"3500 W Douglas Blvd, Chicago, IL 60623",72.4,57.7,0.0,moderately organized
2023,,610036,Leslie Lewis Elementary School,Elementary School (K/PK-8),"1431 N Leamington Ave, Chicago, IL 60651",80.2,76.2,0.0,not yet organized
2023,,610037,Arthur A Libby Elementary School,Elementary School (K/PK-8),"5300 S Loomis Blvd, Chicago, IL 60609",90.1,67.7,0.0,moderately organized
2023,,610038,Abraham Lincoln Elementary School,Elementary School (K/PK-8),"615 W Kemper Pl, Chicago, IL 60614",82.1,54.5,0.0,well-organized
2023,,610039,Carl von Linne Elementary School,Elementary School (K/PK-8),"3221 N Sacramento Ave, Chicago, IL 60618",77.7,53.5,0.0,moderately organized
2023,,610040,Henry D Lloyd Elementary School,Primary School (K/PK-5),"2103 N Lamon Ave, Chicago, IL 60639",95.2,79.7,0.0,organized
2023,,610041,Josephine C Locke Elementary School,Elementary School (K/PK-8),"2828 N Oak Park Ave, Chicago, IL 60634",83.9,76.4,0.0,organized
2023,,610043,Joseph Lovett Elementary School,Elementary School (K/PK-8),"6333 W Bloomingdale Ave, Chicago, IL 60639",94.4,90.6,0.0,well-organized
2023,,610044,James Russell Lowell Elementary School,Elementary School (K/PK-8),"3320 W Hirsch St, Chicago, IL 60651",79.0,73.3,0.0,not yet organized
2023,,610046,Mary Lyon Elementary School,Elementary School (K/PK-8),"2941 N Mcvicker Ave, Chicago, IL 60634",82.3,63.0,0.0,organized
2023,,610047,James Madison Elementary School,Elementary School (K/PK-8),"7433 S Dorchester Ave, Chicago, IL 60619",86.8,62.5,0.0,well-organized
2023,,610048,George Manierre Elementary School,Elementary School (K/PK-8),"1420 N Hudson Ave, Chicago, IL 60610",75.2,72.7,0.0,not yet organized
2023,,610051,Northwest Middle School,Middle School (6-8),"5252 W Palmer St, Chicago, IL 60639",76.2,69.2,0.0,moderately organized
2023,,610052,Horace Mann Elementary School,Elementary School (K/PK-8),"8050 S Chappel Ave, Chicago, IL 60617",58.2,60.9,0.0,organized
2023,,610053,Marquette Elementary School,Elementary School (K/PK-8),"6550 S Richmond St, Chicago, IL 60629",88.0,87.4,0.0,organized
2023,,610054,John L Marsh Elementary School,Elementary School (K/PK-8),"9822 S Exchange Ave, Chicago, IL 60617",95.9,50.0,0.0,moderately organized
2023,,610055,Michael Faraday Elementary School,Elementary School (K/PK-8),"3250 W Monroe St, Chicago, IL 60624",96.0,95.7,0.0,well-organized
2023,,610056,Roswell B Mason Elementary School,Elementary School (K/PK-8),"4217 W 18th St, Chicago, IL 60623",75.0,64.3,0.0,well-organized
2023,,610057,Fairfield Elementary Academy,Elementary School (K/PK-8),"6201 S Fairfield Ave, Chicago, IL 60629",81.6,44.2,0.0,partially organized
2023,,610059,Oscar Mayer Magnet School,Elementary School (K/PK-8),"2250 N Clifton Ave, Chicago, IL 60614",86.5,53.2,0.0,organized
2023,,610060,Chicago World Language Academy,Elementary School (K/PK-8),"1340 W Harrison St, Chicago, IL 60607",96.2,76.3,0.0,partially organized
2023,,610062,George B McClellan Elementary School,Elementary School (K/PK-8),"3527 S Wallace St, Chicago, IL 60609",80.4,71.4,0.0,organized
2023,,610063,Cyrus H McCormick Elementary School,Primary School (K/PK-5),"2712 S Sawyer Ave, Chicago, IL 60623",97.6,95.7,0.0,well-organized
2023,,610065,Emmett Louis Till Math and Science Academy,Elementary School (K/PK-8),"6543 S Champlain Ave, Chicago, IL 60637",85.4,84.8,0.0,not yet organized
2023,,610066,James E McDade Elementary Classical School,Elementary School (K/PK-8),"8801 S Indiana Ave, Chicago, IL 60619",99.0,57.1,0.0,partially organized
2023,,610067,Francis M McKay Elementary School,Elementary School (K/PK-8),"6901 S Fairfield Ave, Chicago, IL 60629",67.0,61.8,0.0,organized
2023,,610068,Hanson Park Elementary School,Elementary School (K/PK-8),"5411 W Fullerton Ave, Chicago, IL 60639",83.4,67.3,0.0,partially organized
2023,,610070,James B McPherson Elementary School,Elementary School (K/PK-8),"4728 N Wolcott Ave, Chicago, IL 60640",74.4,59.0,0.0,not yet organized
2023,,610073,Ellen Mitchell Elementary School,Elementary School (K/PK-8),"2233 W Ohio St, Chicago, IL 60612",82.3,91.2,0.0,well-organized
2023,,610074,James Monroe Elementary School,Elementary School (K/PK-8),"3651 W Schubert Ave, Chicago, IL 60647",98.2,79.1,0.0,moderately organized
2023,,610076,Bernhard Moos Elementary School,Elementary School (K/PK-8),"1711 N California Ave, Chicago, IL 60647",88.0,73.6,0.0,partially organized
2023,,610077,Donald Morrill Math & Science Elementary School,Elementary School (K/PK-8),"6011 S Rockwell St, Chicago, IL 60629",55.0,61.2,0.0,partially organized
2023,,610078,Inter-American Elementary Magnet School,Elementary School (K/PK-8),"851 W Waveland Ave, Chicago, IL 60613",67.3,33.9,0.0,organized
2023,,610081,Mark Sheridan Math & Science Academy,Elementary School (K/PK-8),"533 W 27th St, Chicago, IL 60616",86.7,65.2,0.0,organized
2023,,610082,Mount Greenwood Elementary School,Elementary School (K/PK-8),"10841 S Homan Ave, Chicago, IL 60655",72.0,82.0,0.0,well-organized
2023,,610083,Daniel C Beard Elementary School,Primary School (K/PK-5),"6445 W Strong St, Chicago, IL 60656",0.0,65.0,0.0,organized
2023,,610084,Annie Keller Regional Gifted Center,Elementary School (K/PK-8),"3020 W 108th St, Chicago, IL 60655",96.3,93.3,0.0,well-organized
2023,,610086,Mount Vernon Elementary School,Elementary School (K/PK-8),"10540 S Morgan St, Chicago, IL 60643",92.3,60.7,0.0,well-organized
2023,,610087,Blair Early Childhood Center,Primary School (K/PK-5),"6751 W 63rd Pl, Chicago, IL 60638",0.0,93.8,0.0,well-organized
2023,,610088,Wolfgang A Mozart Elementary School,Elementary School (K/PK-8),"2200 N Hamlin Ave, Chicago, IL 60647",91.5,73.0,0.0,partially organized
2023,,610089,John B Murphy Elementary School,Elementary School (K/PK-8),"3539 W Grace St, Chicago, IL 60618",90.1,80.3,0.0,organized
2023,,610090,Phillip Murray Elementary Language Academy,Elementary School (K/PK-8),"5335 S Kenwood Ave, Chicago, IL 60615",49.8,61.1,0.0,not yet organized
2023,,610091,Ronald Brown Elementary Community Academy,Elementary School (K/PK-8),"12607 S Union Ave, Chicago, IL 60628",99.9,89.3,0.0,well-organized
2023,,610092,Henry H Nash Elementary School,Elementary School (K/PK-8),"4837 W Erie St, Chicago, IL 60644",93.6,75.0,0.0,not yet organized
2023,,610093,Jane A Neil Elementary School,Elementary School (K/PK-8),"8555 S Michigan Ave, Chicago, IL 60619",99.9,80.9,0.0,organized
2023,,610094,Louis Nettelhorst Elementary School,Elementary School (K/PK-8),"3252 N Broadway St, Chicago, IL 60657",77.2,56.5,0.0,organized
2023,,610095,Walter L Newberry Math & Science Academy ES,Elementary School (K/PK-8),"700 W Willow St, Chicago, IL 60614",90.5,64.6,0.0,organized
2023,,610096,Florence Nightingale Elementary School,Elementary School (K/PK-8),"5250 S Rockwell St, Chicago, IL 60632",92.0,78.8,0.0,organized
2023,,610097,William P Nixon Elementary School,Elementary School (K/PK-8),"2121 N Keeler Ave, Chicago, IL 60639",90.8,57.7,0.0,moderately organized
2023,,610098,Alfred Nobel Elementary School,Elementary School (K/PK-8),"4127 W Hirsch St, Chicago, IL 60651",94.1,65.4,0.0,organized
2023,,610099,Norwood Park Elementary School,Elementary School (K/PK-8),"5900 N Nina Ave, Chicago, IL 60631",70.9,75.8,0.0,moderately organized
2023,,610100,West Park Elementary Academy,Elementary School (K/PK-8),"1425 N Tripp Ave, Chicago, IL 60651",99.6,97.7,0.0,moderately organized
2023,,610101,William B Ogden Elementary School,Elementary School (K/PK-8),"24 W Walton St, Chicago, IL 60610",86.8,58.8,0.0,partially organized
2023,,610102,Richard J Oglesby Elementary School,Elementary School (K/PK-8),"7646 S Green St, Chicago, IL 60620",94.5,74.2,0.0,partially organized
2023,,610103,Isabelle C O'Keeffe Elementary School,Elementary School (K/PK-8),"6940 S Merrill Ave, Chicago, IL 60649",95.4,62.5,0.0,well-organized
2023,,610104,William J Onahan Elementary School,Elementary School (K/PK-8),"6634 W Raven St, Chicago, IL 60631",92.5,83.6,0.0,well-organized
2023,,610105,Oriole Park Elementary School,Elementary School (K/PK-8),"5424 N Oketo Ave, Chicago, IL 60656",72.5,61.8,0.0,well-organized
2023,,610106,Brian Piccolo Elementary Specialty School,Elementary School (K/PK-8),"1040 N Keeler Ave, Chicago, IL 60651",89.2,91.4,0.0,not yet organized
2023,,610107,James Otis Elementary School,Elementary School (K/PK-8),"525 N Armour St, Chicago, IL 60622",64.6,56.9,0.0,not yet organized
2023,,610108,Luke O'Toole Elementary School,Elementary School (K/PK-8),"6550 S Seeley Ave, Chicago, IL 60636",98.3,89.3,0.0,moderately organized
2023,,610109,William Bishop Owen Scholastic Academy ES,Elementary School (K/PK-8),"8247 S Christiana Ave, Chicago, IL 60652",99.9,63.0,0.0,not yet organized
2023,,610110,Ida B Wells Preparatory Elementary Academy,Elementary School (K/PK-8),"249 E 37th St, Chicago, IL 60653",92.1,72.2,0.0,well-organized
2023,,610111,John Palmer Elementary School,Elementary School (K/PK-8),"5051 N Kenneth Ave, Chicago, IL 60630",96.8,64.9,0.0,moderately organized
2023,,610112,Francis W Parker Elementary Community Academy,Elementary School (K/PK-8),"6800 S Stewart Ave, Chicago, IL 60621",93.9,81.4,0.0,organized
2023,,610115,Park Manor Elementary School,Elementary School (K/PK-8),"7037 S Rhodes Ave, Chicago, IL 60637",76.2,83.3,0.0,organized
2023,,610116,Parkside Elementary Community Academy,Elementary School (K/PK-8),"6938 S East End Ave, Chicago, IL 60649",90.0,63.0,0.0,organized
2023,,610117,Louis Pasteur Elementary School,Primary School (K/PK-5),"5825 S Kostner Ave, Chicago, IL 60629",93.4,57.4,0.0,well-organized
2023,,610120,Ferdinand Peck Elementary School,Primary School (K/PK-5),"3826 W 58th St, Chicago, IL 60629",97.5,64.6,0.0,organized
2023,,610121,Washington Irving Elementary School,Elementary School (K/PK-8),"749 S Oakley Blvd, Chicago, IL 60612",96.0,58.3,0.0,not yet organized
2023,,610122,Helen Peirce International Studies ES,Elementary School (K/PK-8),"1423 W Bryn Mawr Ave, Chicago, IL 60660",93.6,68.1,0.0,moderately organized
2023,,610123,William Penn Elementary School,Elementary School (K/PK-8),"1616 S Avers Ave, Chicago, IL 60623",80.0,59.3,0.0,partially organized
2023,,610124,Harold Washington Elementary School,Elementary School (K/PK-8),"9130 S University Ave, Chicago, IL 60619",98.4,86.2,0.0,well-organized
2023,,610125,Irma C Ruiz Elementary School,Elementary School (K/PK-8),"2410 S Leavitt St, Chicago, IL 60608",92.2,75.0,0.0,moderately organized
2023,,610126,John J Pershing Elementary Humanities Magnet,Elementary School (K/PK-8),"3200 S Calumet Ave, Chicago, IL 60616",74.8,72.7,0.0,partially organized
2023,,610127,Mary Gage Peterson Elementary School,Elementary School (K/PK-8),"5510 N Christiana Ave, Chicago, IL 60625",96.9,88.7,0.0,partially organized
2023,,610128,Marcus Moziah Garvey Elementary School,Elementary School (K/PK-8),"10309 S Morgan St, Chicago, IL 60643",88.1,65.5,0.0,organized
2023,,610129,Josiah Pickard Elementary School,Elementary School (K/PK-8),"2301 W 21st Pl, Chicago, IL 60608",96.0,97.2,0.0,organized
2023,,610130,John T Pirie Fine Arts & Academic Center ES,Elementary School (K/PK-8),"650 E 85th St, Chicago, IL 60619",94.1,34.8,0.0,organized
2023,,610131,Ambrose Plamondon Elementary School,Elementary School (K/PK-8),"2642 W 15th Pl, Chicago, IL 60608",93.4,85.0,0.0,organized
2023,,610132,Edgar Allan Poe Elementary Classical School,Elementary School (K/PK-8),"10538 S Langley Ave, Chicago, IL 60628",99.1,77.8,0.0,organized
2023,,610133,Laura S Ward Elementary School,Elementary School (K/PK-8),"646 N Lawndale Ave, Chicago, IL 60624",78.3,61.9,0.0,partially organized
2023,,610135,Portage Park Elementary School,Elementary School (K/PK-8),"5330 W Berteau Ave, Chicago, IL 60641",84.7,68.8,0.0,organized
2023,,610136,William H Prescott Elementary School,Elementary School (K/PK-8),"1632 W Wrightwood Ave, Chicago, IL 60614",95.7,95.3,0.0,organized
2023,,610137,Ernst Prussing Elementary School,Elementary School (K/PK-8),"4650 N Menard Ave, Chicago, IL 60630",90.7,57.7,0.0,not yet organized
2023,,610138,Pulaski International School of Chicago,Elementary School (K/PK-8),"2230 W Mclean Ave, Chicago, IL 60647",92.4,61.1,0.0,partially organized
2023,,610139,George M Pullman Elementary School,Elementary School (K/PK-8),"11311 S Forrestville Ave, Chicago, IL 60628",71.1,43.6,0.0,partially organized
2023,,610141,Ravenswood Elementary School,Elementary School (K/PK-8),"4332 N Paulina St, Chicago, IL 60613",91.0,66.0,0.0,well-organized
2023,,610142,William H Ray Elementary School,Elementary School (K/PK-8),"5631 S Kimbark Ave, Chicago, IL 60637",56.4,71.4,0.0,organized
2023,,610143,William C Reavis Math & Science Specialty ES,Elementary School (K/PK-8),"834 E 50th St, Chicago, IL 60615",71.5,77.1,0.0,partially organized
2023,,610144,Frank W Reilly Elementary School,Elementary School (K/PK-8),"3650 W School St, Chicago, IL 60618",99.9,82.1,0.0,organized
2023,,610145,Peter A Reinberg Elementary School,Elementary School (K/PK-8),"3425 N Major Ave, Chicago, IL 60634",83.4,67.0,0.0,partially organized
2023,,610146,Paul Revere Elementary School,Elementary School (K/PK-8),"1010 E 72nd St, Chicago, IL 60619",68.2,75.0,0.0,not yet organized
2023,,610147,Philip Rogers Elementary School,Elementary School (K/PK-8),"7345 N Washtenaw Ave, Chicago, IL 60645",94.6,79.0,0.0,well-organized
2023,,610148,Cesar E Chavez Multicultural Academic Center ES,Elementary School (K/PK-8),"4747 S Marshfield Ave, Chicago, IL 60609",99.0,93.2,0.0,organized
2023,,610152,Martha Ruggles Elementary School,Elementary School (K/PK-8),"7831 S Prairie Ave, Chicago, IL 60619",86.8,66.7,0.0,partially organized
2023,,610153,William H Ryder Math & Science Specialty ES,Elementary School (K/PK-8),"8716 S Wallace St, Chicago, IL 60620",55.1,82.8,0.0,organized
2023,,610155,Sauganash Elementary School,Elementary School (K/PK-8),"6040 N Kilpatrick Ave, Chicago, IL 60646",95.1,79.2,0.0,organized
2023,,610157,Sidney Sawyer Elementary School,Elementary School (K/PK-8),"5248 S Sawyer Ave, Chicago, IL 60632",78.2,53.8,0.0,partially organized
2023,,610158,Harriet E Sayre Elementary Language Academy,Elementary School (K/PK-8),"1850 N Newland Ave, Chicago, IL 60707",76.3,52.7,0.0,not yet organized
2023,,610159,Jonathan Y Scammon Elementary School,Elementary School (K/PK-8),"4201 W Henderson St, Chicago, IL 60641",87.1,76.4,0.0,organized
2023,,610163,Frederick Stock Elementary School,Primary School (K/PK-5),"7507 W Birchwood Ave, Chicago, IL 60631",0.0,90.0,0.0,well-organized
2023,,610165,Franz Peter Schubert Elementary School,Primary School (K/PK-5),"2727 N Long Ave, Chicago, IL 60639",91.6,81.3,0.0,organized
2023,,610167,William H Seward Communication Arts Academy ES,Elementary School (K/PK-8),"4600 S Hermitage Ave, Chicago, IL 60609",91.0,65.0,0.0,moderately organized
2023,,610170,Columbia Explorers Elementary Academy,Elementary School (K/PK-8),"4520 S Kedzie Ave, Chicago, IL 60632",78.9,60.9,0.0,well-organized
2023,,610171,Arnold Mireles Elementary Academy,Elementary School (K/PK-8),"9000 S Exchange Ave, Chicago, IL 60617",88.0,86.8,0.0,moderately organized
2023,,610172,William T Sherman Elementary School,Elementary School (K/PK-8),"1000 W 52nd St, Chicago, IL 60609",87.7,89.3,0.0,well-organized
2023,,610173,Jesse Sherwood Elementary School,Elementary School (K/PK-8),"245 W 57th St, Chicago, IL 60621",96.2,84.4,0.0,well-organized
2023,,610174,James Shields Elementary School,Primary School (K/PK-5),"4250 S Rockwell St, Chicago, IL 60632",70.7,67.3,0.0,well-organized
2023,,610175,Beulah Shoesmith Elementary School,Elementary School (K/PK-8),"1330 E 50th St, Chicago, IL 60615",73.9,80.0,0.0,partially organized
2023,,610176,John D Shoop Math-Science Technical Academy ES,Elementary School (K/PK-8),"11140 S Bishop St, Chicago, IL 60643",99.9,81.0,0.0,moderately organized
2023,,610177,Mark Skinner Elementary School,Elementary School (K/PK-8),"1260 W Adams St, Chicago, IL 60607",98.8,96.2,0.0,not yet organized
2023,,610178,Theophilus Schmid Elementary School,Elementary School (K/PK-8),"9755 S Greenwood Ave, Chicago, IL 60628",87.5,64.3,0.0,partially organized
2023,,610179,Washington D Smyser Elementary School,Elementary School (K/PK-8),"4310 N Melvina Ave, Chicago, IL 60634",81.3,86.2,0.0,organized
2023,,610180,John M Smyth Elementary School,Elementary School (K/PK-8),"1059 W 13th St, Chicago, IL 60608",88.7,73.9,0.0,well-organized
2023,,610182,Hannah G Solomon Elementary School,Elementary School (K/PK-8),"6206 N Hamlin Ave, Chicago, IL 60659",74.7,63.5,0.0,organized
2023,,610183,Spencer Technology Academy,Elementary School (K/PK-8),"214 N Lavergne Ave, Chicago, IL 60644",69.1,62.2,0.0,moderately organized
2023,,610184,John Spry Elementary Community School,Elementary School (K/PK-8),"2400 S Marshall Blvd, Chicago, IL 60623",91.5,75.7,0.0,moderately organized
2023,,610185,Adlai E Stevenson Elementary School,Elementary School (K/PK-8),"8010 S Kostner Ave, Chicago, IL 60652",80.8,49.5,0.0,well-organized
2023,,610188,Dunne Technology Academy,Elementary School (K/PK-8),"10845 S Union Ave, Chicago, IL 60628",97.0,82.6,0.0,well-organized
2023,,610191,Stone Elementary Scholastic Academy,Elementary School (K/PK-8),"6239 N Leavitt St, Chicago, IL 60659",93.1,71.4,0.0,organized
2023,,610192,Harriet Beecher Stowe Elementary School,Elementary School (K/PK-8),"3444 W Wabansia Ave, Chicago, IL 60647",98.8,80.8,0.0,not yet organized
2023,,610193,William K New Sullivan Elementary School,Elementary School (K/PK-8),"8331 S Mackinaw Ave, Chicago, IL 60617",79.6,72.4,0.0,not yet organized
2023,,610194,Charles Sumner Math & Science Community Acad ES,Elementary School (K/PK-8),"4320 W 5th Ave, Chicago, IL 60624",90.5,75.9,0.0,well-organized
2023,,610195,Elizabeth H Sutherland Elementary School,Elementary School (K/PK-8),"10015 S Leavitt St, Chicago, IL 60643",85.5,66.7,0.0,partially organized
2023,,610196,George B Swift Elementary Specialty School,Elementary School (K/PK-8),"5900 N Winthrop Ave, Chicago, IL 60660",64.2,66.2,0.0,partially organized
2023,,610197,Mancel Talcott Elementary School,Elementary School (K/PK-8),"1840 W Ohio St, Chicago, IL 60622",81.5,53.7,0.0,organized
2023,,610198,Douglas Taylor Elementary School,Elementary School (K/PK-8),"9912 S Avenue H, Chicago, IL 60617",81.8,65.9,0.0,partially organized
2023,,610199,Johnnie Colemon Elementary Academy,Elementary School (K/PK-8),"1441 W 119th St, Chicago, IL 60643",71.0,80.0,0.0,well-organized
2023,,610200,James N Thorp Elementary School,Elementary School (K/PK-8),"8914 S Buffalo Ave, Chicago, IL 60617",86.0,75.6,0.0,moderately organized
2023,,610201,Ole A Thorp Elementary Scholastic Academy,Elementary School (K/PK-8),"6024 W Warwick Ave, Chicago, IL 60634",78.9,74.7,0.0,organized
2023,,610202,George W Tilton Elementary School,Elementary School (K/PK-8),"223 N Keeler Ave, Chicago, IL 60624",82.4,58.6,0.0,organized
2023,,610203,Enrico Tonti Elementary School,Primary School (K/PK-5),"5815 S Homan Ave, Chicago, IL 60629",82.2,67.1,0.0,moderately organized
2023,,610206,Mark Twain Elementary School,Elementary School (K/PK-8),"5134 S Lotus Ave, Chicago, IL 60638",99.6,59.2,0.0,partially organized
2023,,610207,John H Vanderpoel Elementary Magnet School,Elementary School (K/PK-8),"9510 S Prospect Ave, Chicago, IL 60643",98.5,63.0,0.0,organized
2023,,610208,Mildred I Lavizzo Elementary School,Elementary School (K/PK-8),"138 W 109th St, Chicago, IL 60628",63.8,56.7,0.0,well-organized
2023,,610209,Alessandro Volta Elementary School,Elementary School (K/PK-8),"4950 N Avers Ave, Chicago, IL 60625",94.3,75.0,0.0,organized
2023,,610212,Albany Park Multicultural Academy,Middle School (6-8),"4929 N Sawyer Ave, Chicago, IL 60625",96.3,83.3,0.0,organized
2023,,610213,James Wadsworth Elementary School,Elementary School (K/PK-8),"6650 S Ellis Ave, Chicago, IL 60637",83.1,65.8,0.0,moderately organized
2023,,610215,Francisco I Madero Middle School,Middle School (6-8),"3202 W 28th St, Chicago, IL 60623",92.1,64.3,0.0,well-organized
2023,,610216,John A Walsh Elementary School,Elementary School (K/PK-8),"2015 S Peoria St, Chicago, IL 60608",73.1,65.9,0.0,organized
2023,,610217,James Ward Elementary School,Elementary School (K/PK-8),"2701 S Shields Ave, Chicago, IL 60616",97.5,83.3,0.0,partially organized
2023,,610218,Joseph Warren Elementary School,Elementary School (K/PK-8),"9239 S Jeffery Ave, Chicago, IL 60617",99.9,84.2,0.0,well-organized
2023,,610219,George Washington Elementary School,Elementary School (K/PK-8),"3611 E 114th St, Chicago, IL 60617",76.3,90.4,0.0,organized
2023,,610220,Thomas J Waters Elementary School,Elementary School (K/PK-8),"4540 N Campbell Ave, Chicago, IL 60625",87.5,75.0,0.0,partially organized
2023,,610221,Daniel Webster Elementary School,Elementary School (K/PK-8),"4055 W Arthington St, Chicago, IL 60624",52.6,71.4,0.0,well-organized
2023,,610223,Daniel S Wentworth Elementary School,Elementary School (K/PK-8),"1340 W 71st St, Chicago, IL 60636",57.8,58.0,0.0,not yet organized
2023,,610225,John Whistler Elementary School,Elementary School (K/PK-8),"11533 S Ada St, Chicago, IL 60643",33.6,54.5,0.0,partially organized
2023,,610226,Socorro Sandoval Elementary School,Primary School (K/PK-5),"5534 S Saint Louis Ave, Chicago, IL 60629",99.5,66.7,0.0,moderately organized
2023,,610227,Eli Whitney Elementary School,Elementary School (K/PK-8),"2815 S Komensky Ave, Chicago, IL 60623",94.8,82.5,0.0,partially organized
2023,,610228,John Greenleaf Whittier Elementary School,Elementary School (K/PK-8),"1900 W 23rd St, Chicago, IL 60608",98.8,92.6,0.0,organized
2023,,610229,A.N. Pritzker School,Elementary School (K/PK-8),"2009 W Schiller St, Chicago, IL 60622",64.5,54.7,0.0,partially organized
2023,,610230,Wildwood IB World Magnet School,Elementary School (K/PK-8),"6950 N Hiawatha Ave, Chicago, IL 60646",90.3,92.2,0.0,organized
2023,,610231,National Teachers Elementary Academy,Elementary School (K/PK-8),"55 W Cermak Rd, Chicago, IL 60616",88.1,92.3,0.0,partially organized
2023,,610234,Richard Yates Elementary School,Elementary School (K/PK-8),"1839 N Richmond St, Chicago, IL 60647",45.8,80.8,0.0,moderately organized
2023,,610235,Ella Flagg Young Elementary School,Elementary School (K/PK-8),"1434 N Parkside Ave, Chicago, IL 60651",90.4,61.5,0.0,organized
2023,,610237,Ludwig Van Beethoven Elementary School,Elementary School (K/PK-8),"25 W 47th St, Chicago, IL 60609",95.7,79.2,0.0,not yet organized
2023,,610238,Carrie Jacobs Bond Elementary School,Elementary School (K/PK-8),"7050 S May St, Chicago, IL 60621",73.8,99.9,0.0,well-organized
2023,,610239,Richard J Daley Elementary Academy,Elementary School (K/PK-8),"5024 S Wolcott Ave, Chicago, IL 60609",97.6,92.5,0.0,not yet organized
2023,,610242,Joseph Brennemann Elementary School,Elementary School (K/PK-8),"4251 N Clarendon Ave, Chicago, IL 60613",80.8,78.0,0.0,not yet organized
2023,,610244,Michele Clark Academic Prep Magnet High School,High School (9-12),"5101 W Harrison St, Chicago, IL 60644",91.6,79.6,0.0,partially organized
2023,,610245,Frederick A Douglass Academy High School,High School (9-12),"543 N Waller Ave, Chicago, IL 60644",81.3,99.9,0.0,well-organized
2023,,610246,Edward Beasley Elementary Magnet Academic Center,Elementary School (K/PK-8),"5255 S State St, Chicago, IL 60609",57.8,71.9,0.0,moderately organized
2023,,610248,Chicago Academy Elementary School,Elementary School (K/PK-8),"3400 N Austin Ave, Chicago, IL 60634",93.8,82.0,0.0,moderately organized
2023,,610249,Talman Elementary School,Elementary School (K/PK-8),"5450 S Talman Ave, Chicago, IL 60632",42.5,54.4,0.0,organized
2023,,610250,Ruben Salazar Elementary Bilingual Center,Elementary School (K/PK-8),"160 W Wendell St, Chicago, IL 60610",93.1,91.2,0.0,moderately organized
2023,,610251,Willa Cather Elementary School,Elementary School (K/PK-8),"2908 W Washington Blvd, Chicago, IL 60612",78.5,72.7,0.0,not yet organized
2023,,610252,Robert Nathaniel Dett Elementary School,Elementary School (K/PK-8),"2131 W Monroe St, Chicago, IL 60612",62.8,79.2,0.0,partially organized
2023,,610254,Dvorak Technology Academy,Elementary School (K/PK-8),"3615 W 16th St, Chicago, IL 60623",60.6,85.7,0.0,not yet organized
2023,,610256,Jackie Robinson Elementary School,Primary School (K/PK-5),"4225 S Lake Park Ave, Chicago, IL 60653",0.0,50.0,0.0,organized
2023,,610257,Morton School of Excellence,Elementary School (K/PK-8),"431 N Troy St, Chicago, IL 60612",86.4,76.7,0.0,partially organized
2023,,610263,John Foster Dulles Elementary School,Elementary School (K/PK-8),"6311 S Calumet Ave, Chicago, IL 60637",54.4,84.0,0.0,organized
2023,,610268,Arthur R Ashe Elementary School,Elementary School (K/PK-8),"8505 S Ingleside Ave, Chicago, IL 60619",91.1,65.7,0.0,organized
2023,,610269,John T McCutcheon Elementary School,Elementary School (K/PK-8),"4865 N Sheridan Rd, Chicago, IL 60640",59.9,64.3,0.0,well-organized
2023,,610271,Jensen Elementary Scholastic Academy,Elementary School (K/PK-8),"3030 W Harrison St, Chicago, IL 60612",50.7,60.6,0.0,organized
2023,,610274,James Weldon Johnson Elementary School,Elementary School (K/PK-8),"1420 S Albany Ave, Chicago, IL 60623",95.6,70.8,0.0,not yet organized
2023,,610276,Irvin C Mollison Elementary School,Elementary School (K/PK-8),"4415 S Dr Martin L King Jr Dr, Chicago, IL 60653",17.1,62.1,0.0,not yet organized
2023,,610279,Henry O Tanner Elementary School,Elementary School (K/PK-8),"7350 S Evans Ave, Chicago, IL 60619",96.7,86.5,0.0,partially organized
2023,,610281,Adam Clayton Powell Paideia Community Academy ES,Elementary School (K/PK-8),"7511 S South Shore Dr, Chicago, IL 60649",94.0,53.1,0.0,not yet organized
2023,,610282,Ronald E McNair Elementary School,Elementary School (K/PK-8),"4820 W Walton St, Chicago, IL 60651",86.9,78.6,0.0,well-organized
2023,,610284,New Field Elementary School,Primary School (K/PK-5),"1707 W Morse Ave, Chicago, IL 60626",74.2,65.2,0.0,partially organized
2023,,610287,Ashburn Community Elementary School,Elementary School (K/PK-8),"8300 S St Louis Ave, Chicago, IL 60652",80.2,76.1,0.0,not yet organized
2023,,610290,Benjamin E Mays Elementary Academy,Elementary School (K/PK-8),"6656 S Normal Blvd, Chicago, IL 60621",70.1,64.5,0.0,well-organized
2023,,610291,Richard Henry Lee Elementary School,Elementary School (K/PK-8),"6448 S Tripp Ave, Chicago, IL 60629",99.9,99.9,0.0,well-organized
2023,,610293,Genevieve Melody Elementary School,Elementary School (K/PK-8),"3937 W Wilcox St, Chicago, IL 60624",99.9,66.7,0.0,well-organized
2023,,610295,Thomas J Higgins Elementary Community Academy,Elementary School (K/PK-8),"11710 S Morgan St, Chicago, IL 60643",65.8,62.1,0.0,partially organized
2023,,610298,Lenart Elementary Regional Gifted Center,Elementary School (K/PK-8),"8101 S Lasalle St, Chicago, IL 60620",94.1,66.7,0.0,partially organized
2023,,610299,Dr. Martin L. King Jr Academy of Social Justice,Elementary School (K/PK-8),"644 W 71st St, Chicago, IL 60621",84.3,71.4,0.0,partially organized
2023,,610300,Oliver S Westcott Elementary School,Elementary School (K/PK-8),"409 W 80th St, Chicago, IL 60620",86.2,60.0,0.0,partially organized
2023,,610304,Phoenix Military Academy High School,High School (9-12),"145 S Campbell Ave, Chicago, IL 60612",67.3,79.4,0.0,organized
2023,,610305,George Leland Elementary School,Elementary School (K/PK-8),"512 S Lavergne Ave, Chicago, IL 60644",62.8,58.5,0.0,not yet organized
2023,,610308,Wilma Rudolph Elementary Learning Center,Elementary School (K/PK-8),"1628 W Washington Blvd, Chicago, IL 60612",0.0,38.6,0.0,no report
2023,,610312,Mary E McDowell Elementary School,Primary School (K/PK-5),"1419 E 89th St, Chicago, IL 60619",67.9,91.7,0.0,well-organized
2023,,610313,Jose De Diego Elementary Community Academy,Elementary School (K/PK-8),"1313 N Claremont Ave, Chicago, IL 60622",66.7,56.7,0.0,partially organized
2023,,610315,Edward White Elementary Career Academy,Elementary School (K/PK-8),"1136 W 122nd St, Chicago, IL 60643",93.1,77.8,0.0,partially organized
2023,,610316,Amelia Earhart Options for Knowledge ES,Elementary School (K/PK-8),"1710 E 93rd St, Chicago, IL 60617",99.9,64.7,0.0,moderately organized
2023,,610317,Brighton Park Elementary School,Elementary School (K/PK-8),"3825 S Washtenaw Ave, Chicago, IL 60632",89.3,73.5,0.0,moderately organized
2023,,610319,Evergreen Academy Middle School,Middle School (6-8),"3537 S Paulina St, Chicago, IL 60609",94.9,96.0,0.0,well-organized
2023,,610323,Bowen High School,High School (9-12),"2710 E 89th St, Chicago, IL 60617",63.6,81.8,0.0,partially organized
2023,,610325,Avondale-Logandale Elementary School,Elementary School (K/PK-8),"3212 W George St, Chicago, IL 60618",99.0,85.2,0.0,well-organized
2023,,610329,Orozco Fine Arts & Sciences Elementary School,Elementary School (K/PK-8),"1940 W 18th St, Chicago, IL 60608",95.8,70.6,0.0,well-organized
2023,,610334,Al Raby High School,High School (9-12),"3545 W Fulton Blvd, Chicago, IL 60624",86.4,75.0,0.0,not yet organized
2023,,610339,Amos Alonzo Stagg Elementary School,Elementary School (K/PK-8),"7424 S Morgan St, Chicago, IL 60621",92.4,39.4,0.0,moderately organized
2023,,610340,Chicago Academy High School,High School (9-12),"3400 N Austin Ave, Chicago, IL 60634",74.3,69.2,0.0,organized
2023,,610342,Albert R Sabin Elementary Magnet School,Elementary School (K/PK-8),"2216 W Hirsch St, Chicago, IL 60622",79.4,52.8,0.0,not yet organized
2023,,610345,Carter G Woodson South Elementary School,Elementary School (K/PK-8),"4414 S Evans Ave, Chicago, IL 60653",50.6,80.6,0.0,organized
2023,,610347,Claremont Academy Elementary School,Elementary School (K/PK-8),"2300 W 64th St, Chicago, IL 60636",79.6,55.2,0.0,organized
2023,,610350,Robert A Black Magnet Elementary School,Elementary School (K/PK-8),"9101 S Euclid Ave, Chicago, IL 60619",46.8,80.0,0.0,well-organized
2023,,610352,Durkin Park Elementary School,Elementary School (K/PK-8),"8445 S Kolin Ave, Chicago, IL 60652",92.5,85.3,0.0,moderately organized
2023,,610353,Calmeca Academy of Fine Arts and Dual Language,Elementary School (K/PK-8),"3456 W 38th St, Chicago, IL 60632",94.2,63.5,0.0,organized
2023,,610354,North River Elementary School,Elementary School (K/PK-8),"4416 N Troy St, Chicago, IL 60625",88.9,93.3,0.0,well-organized
2023,,610355,Mary E Courtenay Elementary Language Arts Center,Elementary School (K/PK-8),"4420 N Beacon St, Chicago, IL 60640",83.6,60.8,0.0,organized
2023,,610357,Spry Community Links High School,High School (9-12),"2400 S Marshall Blvd, Chicago, IL 60623",62.3,99.9,0.0,moderately organized
2023,,610362,Medgar Evers Elementary School,Elementary School (K/PK-8),"9811 S Lowe Ave, Chicago, IL 60628",97.3,68.0,0.0,organized
2023,,610363,Walt Disney Magnet Elementary School,Elementary School (K/PK-8),"4140 N Marine Dr, Chicago, IL 60613",89.7,79.6,0.0,partially organized
2023,,610364,William E B Dubois Elementary School,Elementary School (K/PK-8),"330 E 133rd St, Chicago, IL 60827",99.0,65.2,0.0,partially organized
2023,,610366,Charles H Wacker Elementary School,Elementary School (K/PK-8),"9746 S Morgan St, Chicago, IL 60643",91.9,73.1,0.0,well-organized
2023,,610367,Oscar DePriest Elementary School,Elementary School (K/PK-8),"139 S Parkside Ave, Chicago, IL 60644",72.4,69.5,0.0,not yet organized
2023,,610368,Langston Hughes Elementary School,Elementary School (K/PK-8),"240 W 104th St, Chicago, IL 60628",76.0,62.9,0.0,partially organized
2023,,610369,Mahalia Jackson Elementary School,Elementary School (K/PK-8),"917 W 88th St, Chicago, IL 60620",99.9,53.1,0.0,partially organized
2023,,610380,Daniel Hale Williams Prep School of Medicine,High School (9-12),"4934 S Wabash Ave, Chicago, IL 60615",98.5,92.3,0.0,well-organized
2023,,610381,Bronzeville Scholastic Academy High School,High School (9-12),"4934 S Wabash Ave, Chicago, IL 60615",87.7,77.8,0.0,organized
2023,,610383,Greater Lawndale High School For Social Justice,High School (9-12),"3120 S Kostner Ave, Chicago, IL 60623",38.9,58.8,0.0,partially organized
2023,,610384,Infinity Math Science and Technology High School,High School (9-12),"3120 S Kostner Ave, Chicago, IL 60623",68.6,65.8,0.0,moderately organized
2023,,610385,Multicultural Arts High School,High School (9-12),"3120 S Kostner Ave, Chicago, IL 60623",62.5,79.3,0.0,organized
2023,,610386,Peace & Education Coalition HS,High School (9-12),"4946 S Paulina St, Chicago, IL 60609",92.2,84.0,0.0,organized
2023,,610389,Orr Academy High School,High School (9-12),"730 N Pulaski Rd, Chicago, IL 60624",53.9,70.0,0.0,well-organized
2023,,610390,Hyman G Rickover Naval Academy High School,High School (9-12),"5900 N Glenwood Ave, Chicago, IL 60660",96.4,69.4,0.0,organized
2023,,610391,Robert Lindblom Math & Science Academy HS,High School (9-12),"6130 S Wolcott Ave, Chicago, IL 60636",51.8,62.2,0.0,organized
2023,,610392,World Language Academy High School,High School (9-12),"3120 S Kostner Ave, Chicago, IL 60623",86.3,86.1,0.0,partially organized
2023,,610394,Uplift Community High School,High School (9-12),"900 W Wilson Ave, Chicago, IL 60640",51.0,86.1,0.0,organized
2023,,610396,Tarkington School of Excellence ES,Elementary School (K/PK-8),"3330 W 71st St, Chicago, IL 60629",85.4,74.3,0.0,not yet organized
2023,,610402,DeVry University Advantage Academy HS,High School (9-12),"1900 W Lawrence Ave, Chicago, IL 60640",77.5,99.9,0.0,organized
2023,,610405,Suder Montessori Magnet ES,Elementary School (K/PK-8),"2022 W Washington Blvd, Chicago, IL 60612",88.2,60.4,0.0,partially organized
2023,,610499,Collins Academy High School,High School (9-12),"1313 S Sacramento Dr, Chicago, IL 60623",69.6,65.6,0.0,well-organized
2023,,610503,Frazier Prospective IB Magnet ES,Elementary School (K/PK-8),"4027 W Grenshaw St, Chicago, IL 60624",67.1,77.8,0.0,partially organized
2023,,610504,Velma F Thomas Early Childhood Center,Primary School (K/PK-5),"3625 S Hoyne Ave, Chicago, IL 60609",0.0,42.4,0.0,no report
2023,,610513,Air Force Academy High School,High School (9-12),"3630 S Wells St, Chicago, IL 60609",51.8,86.4,0.0,moderately organized
2023,,610515,Disney II Magnet School,Elementary School (K/PK-8),"3815 N Kedvale Ave, Chicago, IL 60641",92.9,68.4,0.0,organized
2023,,610518,Austin College and Career Academy High School,High School (9-12),"231 N Pine Ave, Chicago, IL 60644",60.7,66.7,0.0,moderately organized
2023,,610520,LaSalle II Magnet Elementary School,Elementary School (K/PK-8),"1148 N Honore St, Chicago, IL 60622",99.9,77.4,0.0,well-organized
2023,,610521,Sir Miles Davis Magnet Elementary Academy,Elementary School (K/PK-8),"6740 S Paulina St, Chicago, IL 60636",94.4,99.9,0.0,partially organized
2023,,610523,Edison Park Elementary School,Elementary School (K/PK-8),"6220 N Olcott Ave, Chicago, IL 60631",62.2,66.7,0.0,well-organized
2023,,610524,Louisa May Alcott College Preparatory HS,High School (9-12),"2957 N Hoyne Ave, Chicago, IL 60618",87.2,62.5,0.0,well-organized
2023,,610529,Ogden International High School,High School (9-12),"1250 W Erie St, Chicago, IL 60642",87.7,92.3,0.0,well-organized
2023,,610530,South Shore Fine Arts Academy,Elementary School (K/PK-8),"1415 E 70th St, Chicago, IL 60637",54.4,62.8,0.0,well-organized
2023,,610532,Irene C. Hernandez Middle School for the Advancement of Science,Middle School (6-8),"3510 W 55th St, Chicago, IL 60632",91.2,85.3,0.0,well-organized
2023,,610533,Dr Jorge Prieto Math and Science,Elementary School (K/PK-8),"2231 N Central Ave, Chicago, IL 60639",70.0,84.6,0.0,well-organized
2023,,610534,Skinner North,Elementary School (K/PK-8),"640 W Scott St, Chicago, IL 60610",98.1,67.7,0.0,well-organized
2023,,610539,Marvin Camras Elementary School,Elementary School (K/PK-8),"3000 N Mango Ave, Chicago, IL 60634",93.5,59.5,0.0,partially organized
2023,,610541,Federico Garcia Lorca Elementary School,Elementary School (K/PK-8),"3231 N Springfield Ave, Chicago, IL 60618",92.0,61.7,0.0,organized
2023,,610542,West Ridge Elementary School,Elementary School (K/PK-8),"6700 N Whipple St, Chicago, IL 60645",83.3,66.7,0.0,partially organized
2023,,610543,Eric Solorio Academy High School,High School (9-12),"5400 S St Louis Ave, Chicago, IL 60632",85.3,71.8,0.0,well-organized
2023,,610544,Mariano Azuela Elementary School,Elementary School (K/PK-8),"4707 W Marquette Rd, Chicago, IL 60629",86.9,89.5,0.0,moderately organized
2023,,610547,South Shore Intl College Prep High School,High School (9-12),"1955 E 75th St, Chicago, IL 60649",57.9,70.0,0.0,moderately organized
2023,,610548,STEM Magnet Academy,Elementary School (K/PK-8),"1522 W Fillmore St, Chicago, IL 60607",91.2,61.1,0.0,partially organized
2023,,610557,Pathways in Education - Ashburn,High School (9-12),"3284 W 87th St, Chicago, IL 60652",56.1,90.9,0.0,organized
2023,,610558,Sarah E. Goode STEM Academy,High School (9-12),"7651 S Homan Ave, Chicago, IL 60652",71.5,71.6,0.0,moderately organized
2023,,610559,James Shields Middle School,Middle School (6-8),"2611 W 48th St, Chicago, IL 60632",93.0,92.5,0.0,organized
2023,,610561,Richard T Crane Medical Preparatory HS,High School (9-12),"2245 W Jackson Blvd, Chicago, IL 60612",71.0,81.3,0.0,partially organized
2023,,610563,Back of the Yards IB HS,High School (9-12),"2111 W 47th St, Chicago, IL 60609",62.3,83.7,0.0,well-organized
2023,,610564,Disney II Magnet High School,High School (9-12),"3900 N Lawndale Ave, Chicago, IL 60618",83.9,83.1,0.0,well-organized
2023,,610565,Excel Academy of Englewood,High School (9-12),"7141 S Morgan, Chicago, IL 60621",51.2,83.3,0.0,moderately organized
2023,,610568,Pathways in Education - Avondale,High School (9-12),"3100 W Belmont Ave, Chicago, IL 60618",51.1,99.9,0.0,organized
2023,,610569,Ombudsman Chicago - Northwest,High School (9-12),"7500 N Harlem Ave, Chicago, IL 60631",85.5,99.9,0.0,well-organized
2023,,610570,Ombudsman Chicago - South,High School (9-12),"6057 S Western Ave, Chicago, IL 60636",64.6,99.9,0.0,organized
2023,,610571,Ombudsman Chicago - West,High School (9-12),"2401 W Congress Pkwy, Chicago, IL 60612",57.3,99.9,0.0,well-organized
2023,,610586,Edward E. Sadlowski Elementary School,Elementary School (K/PK-8),"3930 E 105th St, Chicago, IL 60617",68.6,68.8,0.0,partially organized
2023,,610587,Walter Henri Dyett High School for the Arts,High School (9-12),"555 E 51st St, Chicago, IL 60615",67.4,51.2,0.0,organized
2023,,610588,Robert J. Richardson Middle School,Middle School (6-8),"6018 S Karlov Ave, Chicago, IL 60629",84.4,72.9,0.0,well-organized
2023,,610589,Sor Juana Ines de la Cruz ES,Primary School (K/PK-5),"4120 W 57th St, Chicago, IL 60629",94.0,61.3,0.0,organized
2023,,610590,Bronzeville Classical Elementary School,Elementary School (K/PK-8),"8 W Root St, Chicago, IL 60609",98.8,65.5,0.0,organized
2023,,610592,Englewood STEM High School,High School (9-12),"6835 S Normal Blvd, Chicago, IL 60621",63.5,63.5,0.0,partially organized
2023,,610593,Ombudsman Chicago - Roseland HS,High School (9-12),"10928 S Halsted St, Chicago, IL 60628",70.4,99.9,0.0,organized
2023,,610594,Pathways in Education - Humboldt Park HS,High School (9-12),"2421 W Division St, Chicago, IL 60622",50.9,99.9,0.0,organized
2023,,610595,Lincoln Park Early Learning Center,Primary School (K/PK-5),"2727 N Lincoln, Chicago, IL 60614",0.0,90.0,0.0,well-organized
2023,,610596,The Virtual Academy Elementary School,Elementary School (K/PK-8),"1326 W 14th, Chicago, IL 60608",70.7,61.9,0.0,well-organized
2023,,610597,The Virtual Academy High School,High School (9-12),"1326 W 14th, Chicago, IL 60608",71.3,67.7,0.0,well-organized
2023,,610599,Northwest Early Childhood Center,Primary School (K/PK-5),"4434 N Laramie, Chicago, IL 60630",0.0,99.9,0.0,well-organized
2023,,910572,Safe Achieve Academy ES and HS,High School (9-12),"7877 S Coles Ave, Chicago, IL 60649",52.9,75.0,0.0,organized
2024,,400009,Academy for Global Citizenship Charter School,Elementary School (K/PK-8),"4942 W 44th St, Chicago, IL 60638",99.6,57.9,0.0,organized
2024,,400011,Alain Locke Charter School,Elementary School (K/PK-8),"3141 W Jackson Blvd, Chicago, IL 60612",1.8,0.0,0.0,no report
2024,,400013,ASPIRA Charter School - Early College High School,High School (9-12),"3986 W Barry Ave, Chicago, IL 60618",92.0,85.2,0.0,well-organized
2024,,400017,ASPIRA Charter School - Haugan Middle School,Middle School (6-8),"3729 W Leland Ave, Chicago, IL 60625",98.0,81.8,0.0,organized
2024,,400021,Catalyst Elementary Charter School - Circle Rock,Elementary School (K/PK-8),"5608 W Washington Blvd, Chicago, IL 60644",96.2,98.2,0.0,well-organized
2024,,400022,Chicago High School for the Arts (ChiArts),High School (9-12),"2714 W Augusta Blvd, Chicago, IL 60622",64.8,52.3,0.0,partially organized
2024,,400023,CICS - Avalon/South Shore,Elementary School (K/PK-8),"1501 E 83rd Pl, Chicago, IL 60619",97.6,72.2,0.0,partially organized
2024,,400024,CICS - Basil,Elementary School (K/PK-8),"1816 W Garfield Blvd, Chicago, IL 60609",98.0,90.3,0.0,organized
2024,,400025,CICS - Bucktown,Elementary School (K/PK-8),"2235 N Hamilton Ave, Chicago, IL 60647",99.1,91.1,0.0,organized
2024,,400026,CICS - Loomis Primary,Primary School (K/PK-5),"9535 S Loomis St, Chicago, IL 60643",0.0,96.2,0.0,partially organized
2024,,400027,CICS - Irving Park,Elementary School (K/PK-8),"3820 N Spaulding Ave, Chicago, IL 60618",98.9,97.5,0.0,well-organized
2024,,400028,CICS - Prairie,Elementary School (K/PK-8),"11530 S Prairie Ave, Chicago, IL 60628",98.6,99.9,0.0,partially organized
2024,,400029,CICS - Washington Park,Elementary School (K/PK-8),"110 E 61st St, Chicago, IL 60637",89.4,70.8,0.0,not yet organized
2024,,400030,CICS - West Belden,Elementary School (K/PK-8),"2245 N Mcvicker Ave, Chicago, IL 60639",99.9,97.8,0.0,organized
2024,,400031,CICS - Wrightwood,Elementary School (K/PK-8),"8130 S California Ave, Chicago, IL 60652",97.0,91.1,0.0,organized
2024,,400032,CICS - Ralph Ellison,High School (9-12),"1817 W 80th St, Chicago, IL 60620",99.4,99.9,0.0,partially organized
2024,,400033,CICS - Longwood,Elementary School (K/PK-8),"1309 W 95th St, Chicago, IL 60643",96.6,88.0,0.0,partially organized
2024,,400034,CICS - Northtown,High School (9-12),"3900 W Peterson Ave, Chicago, IL 60659",96.5,85.0,0.0,well-organized
2024,,400035,Chicago Math and Science Academy Charter School,High School (9-12),"7212 N Clark St, Chicago, IL 60626",92.2,73.5,0.0,organized
2024,,400039,Erie Elementary Charter School,Elementary School (K/PK-8),"1405 N Washtenaw Ave, Chicago, IL 60622",72.9,87.5,0.0,not yet organized
2024,,400044,KIPP Ascend Charter School,Elementary School (K/PK-8),"1616 S Avers Ave, Chicago, IL 60623",99.6,89.0,0.0,moderately organized
2024,,400046,L.E.A.R.N. - Romano Butler Campus,Elementary School (K/PK-8),"1132 S Homan Ave, Chicago, IL 60624",97.9,97.4,0.0,well-organized
2024,,400047,L.E.A.R.N. - Charles and Dorothy Campbell Campus,Elementary School (K/PK-8),"212 S Francisco Ave, Chicago, IL 60612",99.9,97.3,0.0,organized
2024,,400048,L.E.A.R.N. - Excel Campus,Elementary School (K/PK-8),"3021 W Carroll Ave, Chicago, IL 60612",99.9,95.0,0.0,well-organized
2024,,400049,Legacy Charter School,Elementary School (K/PK-8),"3318 West Ogden Ave, Chicago, IL 60623",96.0,71.4,0.0,moderately organized
2024,,400050,Namaste Charter School,Elementary School (K/PK-8),"3737 S Paulina St, Chicago, IL 60609",85.8,85.7,0.0,partially organized
2024,,400051,Noble - Noble College Prep,High School (9-12),"1010 N Noble St, Chicago, IL 60642",85.8,85.4,0.0,well-organized
2024,,400052,Noble - Gary Comer College Prep,High School (9-12),"7131 S South Chicago Ave, Chicago, IL 60619",66.9,89.1,0.0,moderately organized
2024,,400053,Noble - Golder College Prep,High School (9-12),"1454 W Superior St, Chicago, IL 60642",69.0,74.4,0.0,partially organized
2024,,400054,Noble - Pritzker College Prep,High School (9-12),"4131 W Cortland St, Chicago, IL 60639",76.1,71.7,0.0,well-organized
2024,,400055,Noble - Rauner College Prep,High School (9-12),"1337 W Ohio St, Chicago, IL 60642",60.5,58.7,0.0,organized
2024,,400056,Noble - Rowe-Clark Math and Science Academy,High School (9-12),"3645 W Chicago Ave, Chicago, IL 60651",68.8,48.2,0.0,moderately organized
2024,,400057,Noble - UIC College Prep,High School (9-12),"1231 S Damen Ave, Chicago, IL 60608",63.1,54.2,0.0,partially organized
2024,,400058,North Lawndale College Prep - Christiana,High School (9-12),"1615 S Christiana Ave, Chicago, IL 60623",92.3,92.6,0.0,organized
2024,,400059,North Lawndale College Prep - Collins,High School (9-12),"1313 S Sacramento Dr, Chicago, IL 60623",85.8,95.7,0.0,partially organized
2024,,400060,Passages Charter School,Elementary School (K/PK-8),"1643 W Bryn Mawr Ave, Chicago, IL 60660",53.3,51.6,0.0,partially organized
2024,,400061,Perspectives - Leadership Academy,High School (9-12),"8131 South May Street, Chicago, IL 60620",96.1,77.5,0.0,not yet organized
2024,,400062,Perspectives - High School of Technology,High School (9-12),"8131 S May St., Chicago, IL 60620",95.3,79.0,0.0,not yet organized
2024,,400064,Perspectives - Rodney D. Joslin,High School (9-12),"1930 S Archer Ave, Chicago, IL 60616",96.1,91.2,0.0,moderately organized
2024,,400066,Perspectives - Math and Science Academy,High School (9-12),"3663 S. Wabash Avenue, Chicago, IL 60653",97.5,75.0,0.0,organized
2024,,400068,Plato Learning Academy,Elementary School (K/PK-8),"5545 W Harrison St, Chicago, IL 60644",79.7,85.0,0.0,not yet organized
2024,,400069,Polaris Charter Academy,Elementary School (K/PK-8),"620 N Sawyer Ave, Chicago, IL 60624",67.0,99.9,0.0,organized
2024,,400071,Providence Englewood Charter School,Elementary School (K/PK-8),"6515 S Ashland Ave, Chicago, IL 60636",94.8,85.7,0.0,organized
2024,,400075,University of Chicago - Donoghue,Primary School (K/PK-5),"707 E. 37th Street, Chicago, IL 60653",87.7,91.3,0.0,well-organized
2024,,400076,University of Chicago - North Kenwood/Oakland,Primary School (K/PK-5),"1119 E. 46th Street, Chicago, IL 60653",95.8,93.9,0.0,partially organized
2024,,400077,University of Chicago - Woodlawn,High School (9-12),"6300 S University Ave, Chicago, IL 60637",89.3,87.5,0.0,partially organized
2024,,400079,Acero Charter Schools - SPC Daniel Zizumbo,Elementary School (K/PK-8),"4248 W 47th St, Chicago, IL 60632",99.7,97.4,0.0,organized
2024,,400080,Acero Charter Schools - PFC Omar E. Torres,Elementary School (K/PK-8),"4248 W 47th St, Chicago, IL 60632",98.8,80.0,0.0,partially organized
2024,,400081,Acero Charter Schools - Bartolome de las Casas,Elementary School (K/PK-8),"1641 W 16th St, Chicago, IL 60608",99.3,95.0,0.0,not yet organized
2024,,400082,Acero Charter Schools - Carlos Fuentes,Elementary School (K/PK-8),"2845 W Barry Ave, Chicago, IL 60618",97.9,76.9,0.0,organized
2024,,400083,Acero Charter Schools - Octavio Paz Campus,Elementary School (K/PK-8),"2651 W 23rd St, Chicago, IL 60608",99.9,88.9,0.0,partially organized
2024,,400084,Acero Charter Schools - Rufino Tamayo,Elementary School (K/PK-8),"5135 S California Ave, Chicago, IL 60632",94.7,99.9,0.0,organized
2024,,400085,Acero Charter Schools - Major Hector P. Garcia MD,High School (9-12),"4248 W 47th St, Chicago, IL 60632",83.8,96.8,0.0,well-organized
2024,,400086,Urban Prep Academy for Young Men - Englewood,High School (9-12),"6201 S Stewart Ave, Chicago, IL 60621",85.4,89.5,0.0,well-organized
2024,,400089,Acero Charter Schools - Officer Donald J. Marquez,Elementary School (K/PK-8),"2916 W 47th St, Chicago, IL 60632",99.3,81.6,0.0,partially organized
2024,,400091,Chicago Technology Academy High School,High School (9-12),"1301 W 14th St, Chicago, IL 60608",60.8,82.9,0.0,not yet organized
2024,,400092,CICS - Lloyd Bond,Elementary School (K/PK-8),"13300 S Langley Ave, Chicago, IL 60827",99.9,99.9,0.0,organized
2024,,400094,EPIC Academy Charter High School,High School (9-12),"8255 S Houston Ave, Chicago, IL 60617",84.9,76.5,0.0,partially organized
2024,,400096,Rowe Elementary Charter School,Elementary School (K/PK-8),"1424 N Cleaver St, Chicago, IL 60642",81.0,66.7,0.0,partially organized
2024,,400097,Noble - Chicago Bulls College Prep,High School (9-12),"2040 W Adams St, Chicago, IL 60612",70.0,60.3,0.0,not yet organized
2024,,400098,Noble - Muchin College Prep,High School (9-12),"1 N State St, Chicago, IL 60602",74.0,55.7,0.0,partially organized
2024,,400101,Acero Charter Schools - Sandra Cisneros,Elementary School (K/PK-8),"2744 W Pershing Rd, Chicago, IL 60632",91.2,83.3,0.0,organized
2024,,400104,Instituto Health Sciences Career Academy,High School (9-12),"2520 S Western Ave, Chicago, IL 60608",32.9,62.8,0.0,not yet organized
2024,,400105,Urban Prep Academy for Young Men - Bronzeville,High School (9-12),"521 E 35th St, Chicago, IL 60616",78.9,95.5,0.0,well-organized
2024,,400106,Noble - John and Eunice Johnson College Prep,High School (9-12),"6350 S Stewart Ave, Chicago, IL 60621",77.0,77.8,0.0,organized
2024,,400107,L.E.A.R.N. - South Chicago Campus,Elementary School (K/PK-8),"8914 S Buffalo Ave, Chicago, IL 60617",99.9,94.6,0.0,partially organized
2024,,400111,L.E.A.R.N. - Hunter Perkins Campus,Elementary School (K/PK-8),"1700 W 83rd St, Chicago, IL 60620",96.8,92.7,0.0,not yet organized
2024,,400112,Acero Charter Schools - Jovita Idar,Elementary School (K/PK-8),"5050 S Homan Ave, Chicago, IL 60632",99.9,97.0,0.0,organized
2024,,400114,Acero Charter Schools - Esmeralda Santiago,Elementary School (K/PK-8),"2510 W Cortez St, Chicago, IL 60622",95.0,86.4,0.0,organized
2024,,4001151,Catalyst Maria Charter Elementary School,Elementary School (K/PK-8),"6727 S California Ave, Chicago, IL 60629",99.3,94.4,0.0,partially organized
2024,,400116,The Montessori School of Englewood Charter,Elementary School (K/PK-8),"6936 S Hermitage Ave, Chicago, IL 60636",99.9,91.1,0.0,moderately organized
2024,,400117,Noble - Hansberry College Prep,High School (9-12),"8748 S Aberdeen St, Chicago, IL 60620",86.7,71.4,0.0,not yet organized
2024,,400118,Noble - DRW College Prep,High School (9-12),"931 S Homan Ave, Chicago, IL 60624",34.2,45.5,0.0,no report
2024,,400119,Legal Prep Charter Academy,High School (9-12),"4319 W Washington Blvd, Chicago, IL 60624",59.8,60.9,0.0,not yet organized
2024,,400120,Acero Charter Schools - Roberto Clemente,Elementary School (K/PK-8),"2050 N Natchez Ave, Chicago, IL 60707",96.0,88.2,0.0,partially organized
2024,,400121,Acero Charter Schools - Sor Juana Ines de la Cruz,Elementary School (K/PK-8),"7416 N Ridge Ave, Chicago, IL 60645",98.4,94.7,0.0,not yet organized
2024,,400123,YCCS - Academy of Scholastic Achievement HS,High School (9-12),"4651 W Madison St, Chicago, IL 60644",66.7,99.9,0.0,well-organized
2024,,400124,YCCS - McKinley Lakeside Leadership HS,High School (9-12),"2920 S Wabash Ave, Chicago, IL 60616",80.6,91.7,0.0,organized
2024,,400125,"YCCS - ASPIRA, Antonia Pantoja Alternative HS",High School (9-12),"3121 N Pulaski Rd, Chicago, IL 60641",54.1,92.3,0.0,not yet organized
2024,,400126,YCCS - Association House HS,High School (9-12),"1116 N Kedzie, 4th Floor Ave, Chicago, IL 60651",67.2,99.9,0.0,well-organized
2024,,400128,YCCS - CCA Academy HS,High School (9-12),"1231 S Pulaski Rd, Chicago, IL 60623",79.2,99.9,0.0,well-organized
2024,,400129,YCCS - Progressive Leadership Academy,High School (9-12),"6620 S Dr Martin Luther King Jr Drive, Chicago, IL 60637",63.2,99.9,0.0,well-organized
2024,,400130,YCCS - Community Youth Development Institute HS,High School (9-12),"7836 S Union Ave, Chicago, IL 60620",76.1,90.0,0.0,organized
2024,,400131,YCCS - Dr. Pedro Albizu Campos Puerto Rican HS,High School (9-12),"2739 W Division St, Chicago, IL 60622",88.6,99.9,0.0,organized
2024,,400133,YCCS - Innovations HS of Arts Integration,High School (9-12),"17 N State St, Chicago, IL 60602",53.0,87.5,0.0,well-organized
2024,,400135,YCCS - Latino Youth Alternative HS,High School (9-12),"2001 S California Ave, Chicago, IL 60608",71.1,99.9,0.0,organized
2024,,400136,YCCS - Olive Harvey Middle College HS,High School (9-12),"10001 S Woodlawn Ave, Chicago, IL 60628",52.3,99.9,0.0,organized
2024,,400137,Little Black Pearl Art and Design Academy,High School (9-12),"1060 E 47th St, Chicago, IL 60653",51.9,25.0,0.0,moderately organized
2024,,400139,YCCS - Sullivan House Alternative HS,High School (9-12),"8164 S South Chicago Ave, Chicago, IL 60617",81.5,99.9,0.0,well-organized
2024,,400141,YCCS - Truman Middle College HS,High School (9-12),"1145 W Wilson Ave, Chicago, IL 60640",65.3,92.3,0.0,partially organized
2024,,400143,YCCS - West Town Acad Alternative HS,High School (9-12),"500 N Sacramento Blvd, Chicago, IL 60612",58.7,76.9,0.0,well-organized
2024,,400144,YCCS - West HS,High School (9-12),"4909 W Division St, Chicago, IL 60651",75.0,99.9,0.0,well-organized
2024,,400145,YCCS - Youth Connection Leadership Acad HS,High School (9-12),"3424 S State St, Chicago, IL 60616",52.8,99.9,0.0,well-organized
2024,,400146,KIPP Academy Chicago Campus,Elementary School (K/PK-8),"4818 W Ohio St, Chicago, IL 60644",99.2,67.2,0.0,not yet organized
2024,,400147,Chicago Excel Academy HS,High School (9-12),"1257 W 111th St, Chicago, IL 60643",53.4,73.3,0.0,well-organized
2024,,400149,Acero Charter Schools - Victoria Soto,High School (9-12),"5025 S St. Louis Ave, Chicago, IL 60632",97.6,99.9,0.0,well-organized
2024,,400150,YCCS - Chatham AcademyHS,High School (9-12),"9035 S Langley Ave, Chicago, IL 60619",80.2,99.9,0.0,well-organized
2024,,400151,L.E.A.R.N. - 7th Campus,Primary School (K/PK-5),"3021 W Carroll Ave, Chicago, IL 60612",99.9,99.9,0.0,partially organized
2024,,400153,Acero Charter Schools - Brighton Park,Elementary School (K/PK-8),"4420 S Fairfield Ave, Chicago, IL 60632",97.9,90.2,0.0,moderately organized
2024,,400156,Noble - Butler College Prep,High School (9-12),"821 E 103rd St, Chicago, IL 60628",65.0,66.0,0.0,partially organized
2024,,400157,Noble - Baker College Prep,High School (9-12),"2710 E 89th St, Chicago, IL 60617",78.1,55.0,0.0,well-organized
2024,,400159,Christopher House Charter School,Elementary School (K/PK-8),"5235 W Belden Ave, Chicago, IL 60639",51.9,67.4,0.0,not yet organized
2024,,400161,Chicago Collegiate Charter School,Elementary School (K/PK-8),"11816 S Indiana, Chicago, IL 60628",96.3,80.8,0.0,moderately organized
2024,,400162,Intrinsic Charter School,High School (9-12),"4540 W Belmont Ave, Chicago, IL 60641",95.3,83.0,0.0,well-organized
2024,,400163,KIPP Chicago Charter School - KIPP Bloom,Elementary School (K/PK-8),"5515 S Lowe Ave, Chicago, IL 60621",99.8,70.0,0.0,not yet organized
2024,,400164,Instituto - Justice and Leadership,High School (9-12),"2570 S Blue Island Ave, Chicago, IL 60608",72.4,83.3,0.0,organized
2024,,400165,L.E.A.R.N. - Middle School Campus,Middle School (6-8),"3021 W Carroll Ave, Chicago, IL 60612",97.3,91.3,0.0,organized
2024,,400167,Horizon Science Academy Southwest Chicago Charter,Elementary School (K/PK-8),"5401 S Western Ave, Chicago, IL 60609",79.7,58.3,0.0,not yet organized
2024,,400168,Great Lakes Academy Charter School,Elementary School (K/PK-8),"8401 S Saginaw Ave, Chicago, IL 60617",89.8,71.4,0.0,not yet organized
2024,,400169,Noble - ITW David Speer Academy,High School (9-12),"5321 W Grand Ave, Chicago, IL 60639",76.0,87.0,0.0,partially organized
2024,,400170,Noble - The Noble Academy,High School (9-12),"1443 N Ogden Ave, Chicago, IL 60610",80.2,66.7,0.0,organized
2024,,400172,ASPIRA Business and Finance,High School (9-12),"2989 N Milwaukee Ave, Chicago, IL 60618",71.8,68.8,0.0,partially organized
2024,,400173,Pathways in Education - Brighton Park,High School (9-12),"3124 W 47th St, Chicago, IL 60632",56.1,93.8,0.0,well-organized
2024,,400175,Excel Academy of South Shore,High School (9-12),"7530 S South Shore Dr, Chicago, IL 60649",77.1,91.7,0.0,well-organized
2024,,400176,Excel Academy Southwest,High School (9-12),"7050 S Washtenaw Ave, Chicago, IL 60629",69.6,99.9,0.0,partially organized
2024,,400178,Moving Everest Charter School,Elementary School (K/PK-8),"416 N Laramie Ave, Chicago, IL 60644",64.6,57.5,0.0,not yet organized
2024,,400179,Noble - Mansueto High School,High School (9-12),"2911 W 47th, Chicago, IL 60632",59.9,77.1,0.0,well-organized
2024,,400180,KIPP One Academy,Elementary School (K/PK-8),"730 N Pulaski, Chicago, IL 60624",99.9,62.7,0.0,organized
2024,,400181,Art in Motion Charter School,High School (9-12),"7415 S East End Ave, Chicago, IL 60649",92.1,84.1,0.0,not yet organized
2024,,400182,Catalyst Maria Charter High School,High School (9-12),"6727 S California Ave, Chicago, IL 60629",96.6,87.0,0.0,organized
2024,,609674,Chicago Vocational Career Academy High School,High School (9-12),"2100 E 87th St, Chicago, IL 60617",93.4,67.5,0.0,organized
2024,,609676,Paul Laurence Dunbar Career Academy High School,High School (9-12),"3000 S King Dr, Chicago, IL 60616",35.7,77.1,0.0,moderately organized
2024,,609678,William Jones College Preparatory High School,High School (9-12),"700 S State St, Chicago, IL 60605",69.2,67.1,0.0,moderately organized
2024,,609679,Charles Allen Prosser Career Academy High School,High School (9-12),"2148 N Long Ave, Chicago, IL 60639",78.3,57.3,0.0,organized
2024,,609680,Walter Payton College Preparatory High School,High School (9-12),"1034 N Wells St, Chicago, IL 60610",87.1,58.2,0.0,organized
2024,,609682,Ellen H Richards Career Academy High School,High School (9-12),"5009 S Laflin St, Chicago, IL 60609",63.9,79.0,0.0,partially organized
2024,,609691,North-Grand High School,High School (9-12),"4338 W Wabansia Ave, Chicago, IL 60639",76.4,82.7,0.0,well-organized
2024,,609692,Neal F Simeon Career Academy High School,High School (9-12),"8147 S Vincennes Ave, Chicago, IL 60620",58.3,43.1,0.0,organized
2024,,609693,George Westinghouse College Prep,High School (9-12),"3223 W Franklin Blvd, Chicago, IL 60624",72.5,61.1,0.0,well-organized
2024,,609694,John Hancock College Preparatory High School,High School (9-12),"5437 W 64th Pl, Chicago, IL 60638",81.7,59.2,0.0,organized
2024,,609695,Roald Amundsen High School,High School (9-12),"5110 N Damen Ave, Chicago, IL 60625",77.9,81.2,0.0,organized
2024,,609698,William J Bogan High School,High School (9-12),"3939 W 79th St, Chicago, IL 60652",91.1,85.9,0.0,organized
2024,,609704,David G Farragut Career Academy High School,High School (9-12),"2345 S Christiana Ave, Chicago, IL 60623",67.0,82.0,0.0,not yet organized
2024,,609705,Christian Fenger Academy High School,High School (9-12),"11220 S Wallace St, Chicago, IL 60628",55.5,60.7,0.0,partially organized
2024,,609708,Edwin G. Foreman College and Career Academy,High School (9-12),"3235 N Leclaire Ave, Chicago, IL 60641",66.9,68.9,0.0,not yet organized
2024,,609709,Gage Park High School,High School (9-12),"5630 S Rockwell St, Chicago, IL 60629",53.5,72.5,0.0,organized
2024,,609710,John M Harlan Community Academy High School,High School (9-12),"9652 S Michigan Ave, Chicago, IL 60628",70.3,70.6,0.0,not yet organized
2024,,609712,Emil G Hirsch Metropolitan High School,High School (9-12),"7740 S Ingleside Ave, Chicago, IL 60619",63.9,68.4,0.0,partially organized
2024,,609713,Hyde Park Academy High School,High School (9-12),"6220 S Stony Island Ave, Chicago, IL 60637",77.4,59.4,0.0,not yet organized
2024,,609715,Thomas Kelly College Preparatory,High School (9-12),"4136 S California Ave, Chicago, IL 60632",64.5,76.7,0.0,moderately organized
2024,,609716,Kelvyn Park High School,High School (9-12),"4343 W Wrightwood Ave, Chicago, IL 60639",69.0,89.5,0.0,partially organized
2024,,609718,John F Kennedy High School,High School (9-12),"6325 W 56th St, Chicago, IL 60638",60.6,65.9,0.0,partially organized
2024,,609719,Lake View High School,High School (9-12),"4015 N Ashland Ave, Chicago, IL 60613",62.1,65.3,0.0,moderately organized
2024,,609720,Albert G Lane Technical High School,High School (9-12),"2501 W Addison St, Chicago, IL 60618",34.3,41.9,0.0,no report
2024,,609722,Manley Career Academy High School,High School (9-12),"2935 W Polk St, Chicago, IL 60612",71.2,88.9,0.0,partially organized
2024,,609723,John Marshall Metropolitan High School,High School (9-12),"3250 W Adams St, Chicago, IL 60624",75.1,59.4,0.0,well-organized
2024,,609724,Stephen T Mather High School,High School (9-12),"5835 N Lincoln Ave, Chicago, IL 60659",81.0,73.7,0.0,moderately organized
2024,,609725,Morgan Park High School,High School (9-12),"1744 W Pryor Ave, Chicago, IL 60643",78.1,63.4,0.0,organized
2024,,609726,Gwendolyn Brooks College Preparatory Academy HS,High School (9-12),"250 E 111th St, Chicago, IL 60628",51.7,67.5,0.0,well-organized
2024,,609727,Wendell Phillips Academy High School,High School (9-12),"244 E Pershing Rd, Chicago, IL 60653",64.4,70.5,0.0,partially organized
2024,,609728,Theodore Roosevelt High School,High School (9-12),"3436 W Wilson Ave, Chicago, IL 60625",82.4,74.2,0.0,moderately organized
2024,,609729,Carl Schurz High School,High School (9-12),"3601 N Milwaukee Ave, Chicago, IL 60641",57.8,66.9,0.0,organized
2024,,609730,Nicholas Senn High School,High School (9-12),"5900 N Glenwood Ave, Chicago, IL 60660",78.5,80.3,0.0,partially organized
2024,,609732,Charles P Steinmetz College Preparatory HS,High School (9-12),"3030 N Mobile Ave, Chicago, IL 60634",72.1,67.0,0.0,not yet organized
2024,,609733,Roger C Sullivan High School,High School (9-12),"6631 N Bosworth Ave, Chicago, IL 60626",11.1,51.4,0.0,not yet organized
2024,,609734,William Howard Taft High School,High School (9-12),"6530 W Bryn Mawr Ave, Chicago, IL 60631",53.0,56.9,0.0,moderately organized
2024,,609735,Edward Tilden Career Community Academy HS,High School (9-12),"4747 S Union Ave, Chicago, IL 60609",58.1,68.6,0.0,partially organized
2024,,609737,Friedrich W von Steuben Metropolitan Science HS,High School (9-12),"5039 N Kimball Ave, Chicago, IL 60625",87.8,73.0,0.0,moderately organized
2024,,609738,Lincoln Park High School,High School (9-12),"2001 N Orchard St, Chicago, IL 60614",38.2,29.5,0.0,no report
2024,,609739,George Washington High School,High School (9-12),"3535 E 114th St, Chicago, IL 60617",46.1,43.8,0.0,no report
2024,,609740,Wells Community Academy High School,High School (9-12),"936 N Ashland Ave, Chicago, IL 60622",60.7,80.5,0.0,moderately organized
2024,,609741,Gurdon S Hubbard High School,High School (9-12),"6200 S Hamlin Ave, Chicago, IL 60629",78.5,69.4,0.0,organized
2024,,609744,Northside Learning Center High School,High School (9-12),"3730 W Bryn Mawr Ave, Chicago, IL 60659",0.0,30.4,0.0,no report
2024,,609745,Southside Occupational Academy High School,High School (9-12),"7342 S Hoyne Ave, Chicago, IL 60636",53.3,73.5,0.0,well-organized
2024,,609746,Kenwood Academy High School,High School (9-12),"5015 S Blackstone Ave, Chicago, IL 60615",73.1,63.5,0.0,well-organized
2024,,609748,Consuella B York Alternative High School,High School (9-12),"2700 S California Ave, Chicago, IL 60608",92.6,83.3,0.0,organized
2024,,609749,Northside College Preparatory High School,High School (9-12),"5501 N Kedzie Ave, Chicago, IL 60625",6.5,39.1,0.0,no report
2024,,609750,Simpson Academy HS for Young Women,High School (9-12),"1321 S Paulina St, Chicago, IL 60608",65.6,82.4,0.0,well-organized
2024,,609751,Dr  Martin Luther King  Jr  College Prep HS,High School (9-12),"4445 S Drexel Blvd, Chicago, IL 60653",70.3,69.6,0.0,partially organized
2024,,609753,Chicago High School for Agricultural Sciences,High School (9-12),"3857 W 111th St, Chicago, IL 60655",98.6,84.9,0.0,well-organized
2024,,609754,Chicago Military Academy High School,High School (9-12),"3519 S Giles Ave, Chicago, IL 60653",52.9,67.7,0.0,partially organized
2024,,609755,Whitney M Young Magnet High School,High School (9-12),"211 S Laflin St, Chicago, IL 60607",52.6,59.6,0.0,well-organized
2024,,609756,Marie Sklodowska Curie Metropolitan High School,High School (9-12),"4959 S Archer Ave, Chicago, IL 60632",72.5,73.7,0.0,partially organized
2024,,609759,Roberto Clemente Community Academy High School,High School (9-12),"1147 N Western Ave, Chicago, IL 60622",85.1,54.8,0.0,not yet organized
2024,,609760,George Washington Carver Military Academy HS,High School (9-12),"13100 S Doty Ave, Chicago, IL 60827",81.3,65.0,0.0,partially organized
2024,,609761,George H Corliss High School,High School (9-12),"821 E 103rd St, Chicago, IL 60628",75.9,77.8,0.0,not yet organized
2024,,609762,Percy L Julian High School,High School (9-12),"10330 S Elizabeth St, Chicago, IL 60643",50.8,55.1,0.0,well-organized
2024,,609764,Benito Juarez Community Academy High School,High School (9-12),"1450 W Cermak Rd, Chicago, IL 60608",71.0,88.9,0.0,organized
2024,,609766,Jacqueline B Vaughn Occupational High School,High School (9-12),"4355 N Linder Ave, Chicago, IL 60641",0.0,58.9,0.0,well-organized
2024,,609769,Ray Graham Training Center High School,High School (9-12),"2347 S Wabash Ave, Chicago, IL 60616",76.8,60.5,0.0,well-organized
2024,,609772,Jane Addams Elementary School,Elementary School (K/PK-8),"10810 S Avenue H, Chicago, IL 60617",91.7,70.2,0.0,partially organized
2024,,609773,Harriet Tubman Elementary School,Elementary School (K/PK-8),"2851 N Seminary Ave, Chicago, IL 60657",88.8,73.3,0.0,partially organized
2024,,609774,Louisa May Alcott College Preparatory ES,Elementary School (K/PK-8),"2625 N Orchard St, Chicago, IL 60614",92.9,76.9,0.0,well-organized
2024,,609777,Phillip D Armour Elementary School,Elementary School (K/PK-8),"950 W 33rd Pl, Chicago, IL 60608",90.6,71.4,0.0,well-organized
2024,,609779,George Armstrong International Studies ES,Elementary School (K/PK-8),"2110 W Greenleaf Ave, Chicago, IL 60645",98.2,86.9,0.0,well-organized
2024,,609780,Marine Leadership Academy at Ames,High School (9-12),"1920 N Hamlin Ave, Chicago, IL 60647",46.8,49.2,0.0,no report
2024,,609782,John J Audubon Elementary School,Elementary School (K/PK-8),"3500 N Hoyne Ave, Chicago, IL 60618",92.4,85.5,0.0,well-organized
2024,,609783,Nancy B Jefferson Alternative High School,High School (9-12),"1100 S Hamilton Ave, Chicago, IL 60612",96.4,88.5,0.0,organized
2024,,609786,Avalon Park Elementary School,Elementary School (K/PK-8),"8045 S Kenwood Ave, Chicago, IL 60619",99.0,99.9,0.0,well-organized
2024,,609788,Alice L Barnard Computer Math & Science Ctr ES,Elementary School (K/PK-8),"10354 S Charles St, Chicago, IL 60643",92.5,79.3,0.0,not yet organized
2024,,609789,John Barry Elementary School,Elementary School (K/PK-8),"2828 N Kilbourn Ave, Chicago, IL 60641",89.4,72.7,0.0,organized
2024,,609790,Clara Barton Elementary School,Elementary School (K/PK-8),"7650 S Wolcott Ave, Chicago, IL 60620",92.4,54.0,0.0,partially organized
2024,,609791,Perkins Bass Elementary School,Elementary School (K/PK-8),"1140 W 66th St, Chicago, IL 60621",99.9,80.6,0.0,organized
2024,,609792,Newton Bateman Elementary School,Elementary School (K/PK-8),"4220 N Richmond St, Chicago, IL 60618",89.5,79.8,0.0,well-organized
2024,,609793,Lillian R. Nicholson STEM Academy,Elementary School (K/PK-8),"6006 S Peoria St, Chicago, IL 60621",96.9,68.6,0.0,not yet organized
2024,,609794,Thomas A Edison Regional Gifted Center ES,Elementary School (K/PK-8),"4929 N Sawyer Ave, Chicago, IL 60625",99.3,95.2,0.0,well-organized
2024,,609795,George Rogers Clark Elementary School,Elementary School (K/PK-8),"1045 S Monitor Ave, Chicago, IL 60644",99.9,99.9,0.0,well-organized
2024,,609796,Jean Baptiste Beaubien Elementary School,Elementary School (K/PK-8),"5025 N Laramie Ave, Chicago, IL 60630",91.9,70.2,0.0,organized
2024,,609797,Jacob Beidler Elementary School,Elementary School (K/PK-8),"3151 W Walnut St, Chicago, IL 60612",99.9,84.6,0.0,moderately organized
2024,,609798,Hiram H Belding Elementary School,Elementary School (K/PK-8),"4257 N Tripp Ave, Chicago, IL 60641",84.1,85.2,0.0,well-organized
2024,,609799,Alexander Graham Bell Elementary School,Elementary School (K/PK-8),"3730 N Oakley Ave, Chicago, IL 60618",82.7,76.3,0.0,organized
2024,,609800,Frank I Bennett Elementary School,Elementary School (K/PK-8),"10115 S Prairie Ave, Chicago, IL 60628",99.9,57.7,0.0,partially organized
2024,,609803,James G Blaine Elementary School,Elementary School (K/PK-8),"1420 W Grace St, Chicago, IL 60613",70.6,85.5,0.0,organized
2024,,609804,Mosaic School of Fine Arts,Elementary School (K/PK-8),"6710 N Washtenaw Ave, Chicago, IL 60645",86.4,67.1,0.0,moderately organized
2024,,609805,Scott Joplin Elementary School,Elementary School (K/PK-8),"7931 S Honore St, Chicago, IL 60620",88.9,62.9,0.0,moderately organized
2024,,609806,Myra Bradwell Communications Arts & Sciences ES,Elementary School (K/PK-8),"7736 S Burnham Ave, Chicago, IL 60649",81.4,76.9,0.0,not yet organized
2024,,609807,Lionel Hampton Fine & Performing Arts ES,Elementary School (K/PK-8),"3434 W 77th St, Chicago, IL 60652",72.5,45.5,0.0,partially organized
2024,,609808,Alex Haley Elementary Academy,Elementary School (K/PK-8),"11411 S Eggleston Ave, Chicago, IL 60628",63.0,74.5,0.0,well-organized
2024,,609809,Lorenz Brentano Math & Science Academy ES,Elementary School (K/PK-8),"2723 N Fairfield Ave, Chicago, IL 60647",61.2,76.7,0.0,well-organized
2024,,609810,Norman A Bridge Elementary School,Elementary School (K/PK-8),"3800 N New England Ave, Chicago, IL 60634",54.8,67.0,0.0,moderately organized
2024,,609811,Orville T Bright Elementary School,Elementary School (K/PK-8),"10740 S Calhoun Ave, Chicago, IL 60617",99.0,65.8,0.0,partially organized
2024,,609812,William H Brown STEM Magnet Elementary School,Elementary School (K/PK-8),"54 N Hermitage Ave, Chicago, IL 60612",87.6,59.5,0.0,organized
2024,,609813,Charles S Brownell Elementary School,Elementary School (K/PK-8),"6741 S Michigan Ave, Chicago, IL 60637",88.5,73.7,0.0,partially organized
2024,,609815,Edward A Bouchet Math & Science Academy ES,Elementary School (K/PK-8),"7355 S Jeffery Blvd, Chicago, IL 60649",95.8,84.7,0.0,organized
2024,,609817,Lyman A Budlong Elementary School,Elementary School (K/PK-8),"2701 W Foster Ave, Chicago, IL 60625",86.2,52.8,0.0,organized
2024,,609818,Luther Burbank Elementary School,Elementary School (K/PK-8),"2035 N Mobile Ave, Chicago, IL 60639",97.4,82.4,0.0,organized
2024,,609819,Edmond Burke Elementary School,Elementary School (K/PK-8),"5356 S King Dr, Chicago, IL 60615",83.7,60.0,0.0,moderately organized
2024,,609820,Augustus H Burley Elementary School,Elementary School (K/PK-8),"1630 W Barry Ave, Chicago, IL 60657",99.6,84.4,0.0,organized
2024,,609821,Burnham Elementary Inclusive Academy,Elementary School (K/PK-8),"9928 S Crandon Ave, Chicago, IL 60617",84.9,77.1,0.0,not yet organized
2024,,609827,Burnside Elementary Scholastic Academy,Elementary School (K/PK-8),"650 E 91st Pl, Chicago, IL 60619",99.9,86.4,0.0,well-organized
2024,,609828,Jonathan Burr Elementary School,Elementary School (K/PK-8),"1621 W Wabansia Ave, Chicago, IL 60622",97.7,79.1,0.0,well-organized
2024,,609829,John C Burroughs Elementary School,Elementary School (K/PK-8),"3542 S Washtenaw Ave, Chicago, IL 60632",99.5,92.5,0.0,organized
2024,,609830,Milton Brunson Math & Science Specialty ES,Elementary School (K/PK-8),"932 N Central Ave, Chicago, IL 60651",96.1,89.4,0.0,organized
2024,,609832,Michael M Byrne Elementary School,Elementary School (K/PK-8),"5329 S Oak Park Ave, Chicago, IL 60638",92.7,86.8,0.0,partially organized
2024,,609833,Daisy Bates Academy of Social Justice,Elementary School (K/PK-8),"8546 S Cregier Ave, Chicago, IL 60617",81.4,58.3,0.0,organized
2024,,609834,Little Village Elementary School,Elementary School (K/PK-8),"2620 S Lawndale Ave, Chicago, IL 60623",98.3,71.8,0.0,moderately organized
2024,,609835,Daniel R Cameron Elementary School,Elementary School (K/PK-8),"1234 N Monticello Ave, Chicago, IL 60651",96.2,57.6,0.0,not yet organized
2024,,609836,Arthur E Canty Elementary School,Elementary School (K/PK-8),"3740 N Panama Ave, Chicago, IL 60634",99.8,89.5,0.0,moderately organized
2024,,609837,Andrew Carnegie Elementary School,Elementary School (K/PK-8),"1414 E 61st Pl, Chicago, IL 60637",99.6,85.1,0.0,well-organized
2024,,609839,Carroll-Rosenwald Specialty Elementary School,Elementary School (K/PK-8),"2929 W 83rd St, Chicago, IL 60652",99.0,76.1,0.0,well-organized
2024,,609842,Rachel Carson Elementary School,Elementary School (K/PK-8),"5516 S Maplewood Ave, Chicago, IL 60629",94.0,79.4,0.0,partially organized
2024,,609844,William W Carter Elementary School,Elementary School (K/PK-8),"5740 S Michigan Ave, Chicago, IL 60637",90.1,85.0,0.0,not yet organized
2024,,609845,George Washington Carver Primary School,Elementary School (K/PK-8),"901 E 133rd Pl, Chicago, IL 60827",99.6,94.9,0.0,well-organized
2024,,609848,Ira F Aldridge Elementary School,Elementary School (K/PK-8),"630 E 131st St, Chicago, IL 60827",92.7,58.3,0.0,moderately organized
2024,,609849,George F Cassell Elementary School,Elementary School (K/PK-8),"11314 S Spaulding Ave, Chicago, IL 60655",49.8,58.3,0.0,well-organized
2024,,609850,Horace Greeley Elementary School,Elementary School (K/PK-8),"832 W Sheridan Rd, Chicago, IL 60613",85.0,89.5,0.0,organized
2024,,609851,Thomas Chalmers STEAM Elementary School,Elementary School (K/PK-8),"2745 W Roosevelt Rd, Chicago, IL 60608",99.9,54.8,0.0,partially organized
2024,,609852,Eliza Chappell Elementary School,Elementary School (K/PK-8),"2135 W Foster Ave, Chicago, IL 60625",77.8,68.0,0.0,organized
2024,,609853,Salmon P Chase Elementary School,Elementary School (K/PK-8),"2021 N Point St, Chicago, IL 60647",97.1,58.7,0.0,organized
2024,,609854,Frederic Chopin Elementary School,Elementary School (K/PK-8),"2450 W Rice St, Chicago, IL 60622",99.9,62.8,0.0,moderately organized
2024,,609855,Walter S Christopher Elementary School,Elementary School (K/PK-8),"5042 S Artesian Ave, Chicago, IL 60632",93.7,53.6,0.0,organized
2024,,609856,Henry Clay Elementary School,Elementary School (K/PK-8),"13231 S Burley Ave, Chicago, IL 60633",89.2,69.1,0.0,not yet organized
2024,,609857,Grover Cleveland Elementary School,Elementary School (K/PK-8),"3121 W Byron St, Chicago, IL 60618",99.9,67.7,0.0,well-organized
2024,,609859,DeWitt Clinton Elementary School,Elementary School (K/PK-8),"6110 N Fairfield Ave, Chicago, IL 60659",61.3,82.6,0.0,well-organized
2024,,609861,Henry R Clissold Elementary School,Elementary School (K/PK-8),"2350 W 110th Pl, Chicago, IL 60643",81.5,50.8,0.0,partially organized
2024,,609862,Edward Coles Elementary Language Academy,Elementary School (K/PK-8),"8441 S Yates Blvd, Chicago, IL 60617",69.8,56.3,0.0,moderately organized
2024,,609863,Ruth Bader Ginsburg Elementary School,Elementary School (K/PK-8),"1003 N Leavitt St, Chicago, IL 60622",96.1,87.0,0.0,partially organized
2024,,609864,John W Cook Elementary School,Elementary School (K/PK-8),"8150 S Bishop St, Chicago, IL 60620",99.9,62.5,0.0,not yet organized
2024,,609865,Jordan Elementary Community School,Elementary School (K/PK-8),"7414 N Wolcott Ave, Chicago, IL 60626",96.4,72.3,0.0,organized
2024,,609866,John C Coonley Elementary School,Elementary School (K/PK-8),"4046 N Leavitt St, Chicago, IL 60618",86.9,68.7,0.0,partially organized
2024,,609867,Peter Cooper Elementary Dual Language Academy,Elementary School (K/PK-8),"1624 W 19th St, Chicago, IL 60608",86.5,86.7,0.0,moderately organized
2024,,609869,Anna R. Langford Community Academy,Elementary School (K/PK-8),"6010 S Throop St, Chicago, IL 60636",84.2,76.9,0.0,well-organized
2024,,609870,Daniel J Corkery Elementary School,Elementary School (K/PK-8),"2510 S Kildare Ave, Chicago, IL 60623",79.6,75.9,0.0,partially organized
2024,,609871,Barbara Vick Early Childhood & Family Center,Primary School (K/PK-5),"2554 W 113th St, Chicago, IL 60655",0.0,57.8,0.0,organized
2024,,609872,Manuel Perez Elementary School,Elementary School (K/PK-8),"1241 W 19th St, Chicago, IL 60608",57.2,71.9,0.0,well-organized
2024,,609873,Crown Community Academy of Fine Arts Center ES,Elementary School (K/PK-8),"2128 S Saint Louis Ave, Chicago, IL 60623",99.9,69.2,0.0,not yet organized
2024,,609874,Everett McKinley Dirksen Elementary School,Elementary School (K/PK-8),"8601 W Foster Ave, Chicago, IL 60656",71.1,43.6,0.0,organized
2024,,609875,Charles R Darwin Elementary School,Elementary School (K/PK-8),"3116 W Belden Ave, Chicago, IL 60647",90.9,58.1,0.0,organized
2024,,609876,Nathan S Davis Elementary School,Elementary School (K/PK-8),"3014 W 39th Pl, Chicago, IL 60632",83.7,73.0,0.0,not yet organized
2024,,609879,Charles Gates Dawes Elementary School,Elementary School (K/PK-8),"3810 W 81st Pl, Chicago, IL 60652",86.0,80.0,0.0,organized
2024,,609880,Stephen Decatur Classical Elementary School,Elementary School (K/PK-8),"7030 N Sacramento Ave, Chicago, IL 60645",96.3,89.7,0.0,well-organized
2024,,609883,Charles S Deneen Elementary School,Elementary School (K/PK-8),"7240 S Wabash Ave, Chicago, IL 60619",78.2,71.1,0.0,well-organized
2024,,609884,William E Dever Elementary School,Elementary School (K/PK-8),"3436 N Osceola Ave, Chicago, IL 60634",69.4,64.1,0.0,partially organized
2024,,609885,Dewey Elementary Academy of Fine Arts,Elementary School (K/PK-8),"5415 S Union Ave, Chicago, IL 60609",95.0,64.3,0.0,organized
2024,,609887,Arthur Dixon Elementary School,Elementary School (K/PK-8),"8306 S Saint Lawrence Ave, Chicago, IL 60619",91.4,82.4,0.0,well-organized
2024,,609891,James R Doolittle Jr Elementary School,Elementary School (K/PK-8),"535 E 35th St, Chicago, IL 60616",99.9,79.3,0.0,partially organized
2024,,609893,John C Dore Elementary School,Elementary School (K/PK-8),"7134 W 65th St, Chicago, IL 60638",82.1,58.3,0.0,organized
2024,,609894,John B Drake Elementary School,Elementary School (K/PK-8),"2710 S Dearborn St, Chicago, IL 60616",84.3,92.3,0.0,well-organized
2024,,609895,Turner-Drew Elementary Language Academy,Elementary School (K/PK-8),"9300 S Princeton Ave, Chicago, IL 60620",91.5,92.0,0.0,well-organized
2024,,609896,Thomas Drummond Elementary School,Elementary School (K/PK-8),"1845 W Cortland St, Chicago, IL 60622",96.2,54.8,0.0,well-organized
2024,,609897,Charles W Earle Elementary School,Elementary School (K/PK-8),"2040 W 62nd St, Chicago, IL 60636",83.5,91.4,0.0,well-organized
2024,,609898,John F Eberhart Elementary School,Elementary School (K/PK-8),"3400 W 65th Pl, Chicago, IL 60629",62.0,45.1,0.0,partially organized
2024,,609899,Christian Ebinger Elementary School,Elementary School (K/PK-8),"7350 W Pratt Ave, Chicago, IL 60631",94.6,62.9,0.0,organized
2024,,609900,George W Curtis Elementary School,Elementary School (K/PK-8),"32 E 115th St, Chicago, IL 60628",89.8,64.7,0.0,not yet organized
2024,,609901,Edgebrook Elementary School,Elementary School (K/PK-8),"6525 N Hiawatha Ave, Chicago, IL 60646",90.3,78.9,0.0,organized
2024,,609902,Ralph H Metcalfe Elementary Community Academy,Elementary School (K/PK-8),"12339 S Normal Ave, Chicago, IL 60628",53.5,51.6,0.0,well-organized
2024,,609903,Richard Edwards Elementary School,Elementary School (K/PK-8),"4815 S Karlov Ave, Chicago, IL 60632",91.0,66.7,0.0,moderately organized
2024,,609904,Edward K Ellington Elementary School,Elementary School (K/PK-8),"243 N Parkside Ave, Chicago, IL 60644",99.5,72.2,0.0,partially organized
2024,,609907,Leif Ericson Elementary Scholastic Academy,Elementary School (K/PK-8),"3600 W 5th Ave, Chicago, IL 60624",99.9,72.5,0.0,not yet organized
2024,,609908,Esmond Elementary School,Elementary School (K/PK-8),"1865 W Montvale Ave, Chicago, IL 60643",81.6,64.0,0.0,moderately organized
2024,,609909,Edward Everett Elementary School,Primary School (K/PK-5),"3419 S Bell Ave, Chicago, IL 60608",90.5,72.7,0.0,well-organized
2024,,609910,Laughlin Falconer Elementary School,Elementary School (K/PK-8),"3020 N Lamon Ave, Chicago, IL 60641",99.9,74.7,0.0,well-organized
2024,,609912,James B Farnsworth Elementary School,Elementary School (K/PK-8),"5414 N Linder Ave, Chicago, IL 60630",70.1,41.6,0.0,organized
2024,,609917,Fernwood Elementary School,Elementary School (K/PK-8),"10041 S Union Ave, Chicago, IL 60628",82.4,57.1,0.0,moderately organized
2024,,609918,Eugene Field Elementary School,Middle School (6-8),"7019 N Ashland Ave, Chicago, IL 60626",76.3,72.7,0.0,partially organized
2024,,609919,John Fiske Elementary School,Elementary School (K/PK-8),"6020 S Langley Ave, Chicago, IL 60637",84.8,64.1,0.0,partially organized
2024,,609920,Gerald Delgado Kanoon Elementary Magnet School,Elementary School (K/PK-8),"2233 S Kedzie Ave, Chicago, IL 60623",87.0,71.1,0.0,well-organized
2024,,609921,Telpochcalli Elementary School,Elementary School (K/PK-8),"2832 W 24th Blvd, Chicago, IL 60623",74.0,79.4,0.0,well-organized
2024,,609922,Belmont-Cragin Elementary School,Elementary School (K/PK-8),"6112 W Fullerton Ave, Chicago, IL 60639",99.9,82.1,0.0,organized
2024,,609924,Fort Dearborn Elementary School,Elementary School (K/PK-8),"9025 S Throop St, Chicago, IL 60620",92.7,60.5,0.0,moderately organized
2024,,609925,Joseph Kellman Corporate Community ES,Elementary School (K/PK-8),"3030 W Arthington St, Chicago, IL 60612",99.9,80.0,0.0,organized
2024,,609926,Franklin Elementary Fine Arts Center,Elementary School (K/PK-8),"225 W Evergreen Ave, Chicago, IL 60610",99.6,85.7,0.0,organized
2024,,609927,Foster Park Elementary School,Elementary School (K/PK-8),"8530 S Wood St, Chicago, IL 60620",94.7,72.1,0.0,moderately organized
2024,,609928,James Farmer Jr Elementary School,Elementary School (K/PK-8),"4214 S St Lawrence Ave, Chicago, IL 60653",86.0,59.4,0.0,not yet organized
2024,,609929,Robert Fulton Elementary School,Elementary School (K/PK-8),"5300 S Hermitage Ave, Chicago, IL 60609",88.2,66.7,0.0,partially organized
2024,,609930,Frederick Funston Elementary School,Elementary School (K/PK-8),"2010 N Central Park Ave, Chicago, IL 60647",88.2,71.4,0.0,partially organized
2024,,609933,Stephen F Gale Elementary Community Academy,Elementary School (K/PK-8),"1631 W Jonquil Ter, Chicago, IL 60626",65.0,66.7,0.0,not yet organized
2024,,609935,Matthew Gallistel Elementary Language Academy,Elementary School (K/PK-8),"10347 S Ewing Ave, Chicago, IL 60617",90.0,59.7,0.0,organized
2024,,609937,John W Garvy Elementary School,Elementary School (K/PK-8),"5225 N Oak Park Ave, Chicago, IL 60656",99.5,75.9,0.0,well-organized
2024,,609938,Joseph E Gary Elementary School,Elementary School (K/PK-8),"3740 W 31st St, Chicago, IL 60623",87.8,63.8,0.0,moderately organized
2024,,609939,Frank L Gillespie Elementary School,Elementary School (K/PK-8),"9301 S State St, Chicago, IL 60619",99.4,59.0,0.0,not yet organized
2024,,609941,Asa Philip Randolph Elementary School,Elementary School (K/PK-8),"7316 S Hoyne Ave, Chicago, IL 60636",90.5,78.4,0.0,well-organized
2024,,609942,Johann W von Goethe Elementary School,Elementary School (K/PK-8),"2236 N Rockwell St, Chicago, IL 60647",88.4,52.0,0.0,organized
2024,,609943,Jesse Owens Elementary Community Academy,Elementary School (K/PK-8),"12302 S State St, Chicago, IL 60628",95.3,91.1,0.0,organized
2024,,609944,Virgil Grissom Elementary School,Elementary School (K/PK-8),"12810 S Escanaba Ave, Chicago, IL 60633",98.2,88.9,0.0,organized
2024,,609945,William C. Goudy Technology Academy,Elementary School (K/PK-8),"5120 N Winthrop Ave, Chicago, IL 60640",93.7,71.9,0.0,well-organized
2024,,609947,Alexander Graham Elementary School,Elementary School (K/PK-8),"4436 S Union Ave, Chicago, IL 60609",97.3,72.5,0.0,partially organized
2024,,609949,William P Gray Elementary School,Elementary School (K/PK-8),"3730 N Laramie Ave, Chicago, IL 60641",91.0,89.9,0.0,well-organized
2024,,609950,Josefa Ortiz De Dominguez Elementary School,Primary School (K/PK-5),"3000 S Lawndale Ave, Chicago, IL 60623",0.0,42.9,0.0,no report
2024,,609951,Ariel Elementary Community Academy,Elementary School (K/PK-8),"1119 E 46th St, Chicago, IL 60653",96.6,75.0,0.0,moderately organized
2024,,609952,Nathanael Greene Elementary School,Primary School (K/PK-5),"3525 S Honore St, Chicago, IL 60609",99.9,82.9,0.0,well-organized
2024,,609954,John Milton Gregory Elementary School,Elementary School (K/PK-8),"3715 W Polk St, Chicago, IL 60624",99.9,85.3,0.0,partially organized
2024,,609955,Walter Q Gresham Elementary School,Elementary School (K/PK-8),"8524 S Green St, Chicago, IL 60620",99.9,63.6,0.0,organized
2024,,609956,Robert L Grimes Elementary School,Elementary School (K/PK-8),"5450 W 64th Pl, Chicago, IL 60638",93.8,75.7,0.0,well-organized
2024,,609958,Frank W Gunsaulus Elementary Scholastic Academy,Elementary School (K/PK-8),"4420 S Sacramento Ave, Chicago, IL 60632",97.3,86.2,0.0,organized
2024,,609959,John Charles Haines Elementary School,Elementary School (K/PK-8),"247 W 23rd Pl, Chicago, IL 60616",81.7,60.5,0.0,well-organized
2024,,609960,Nathan Hale Elementary School,Elementary School (K/PK-8),"6140 S Melvina Ave, Chicago, IL 60638",88.9,79.4,0.0,organized
2024,,609961,Ninos Heroes Elementary Academic Center,Elementary School (K/PK-8),"8344 S Commercial Ave, Chicago, IL 60617",72.7,57.9,0.0,not yet organized
2024,,609963,Alexander Hamilton Elementary School,Elementary School (K/PK-8),"1650 W Cornelia Ave, Chicago, IL 60657",94.8,81.5,0.0,well-organized
2024,,609964,John H Hamline Elementary School,Elementary School (K/PK-8),"4747 S Bishop St, Chicago, IL 60609",80.9,74.3,0.0,moderately organized
2024,,609966,Charles G Hammond Elementary School,Elementary School (K/PK-8),"2819 W 21st Pl, Chicago, IL 60623",86.8,80.7,0.0,organized
2024,,609967,William F Finkl Elementary School,Elementary School (K/PK-8),"2332 S Western Ave, Chicago, IL 60608",96.8,83.7,0.0,moderately organized
2024,,609968,Sharon Christa McAuliffe Elementary School,Elementary School (K/PK-8),"1841 N Springfield Ave, Chicago, IL 60647",99.3,93.4,0.0,not yet organized
2024,,609969,Bret Harte Elementary School,Elementary School (K/PK-8),"1556 E 56th St, Chicago, IL 60637",79.9,65.8,0.0,moderately organized
2024,,609971,John Harvard Elementary School of Excellence,Elementary School (K/PK-8),"7525 S Harvard, Chicago, IL 60620",96.2,82.7,0.0,partially organized
2024,,609972,Helge A Haugan Elementary School,Elementary School (K/PK-8),"4540 N Hamlin Ave, Chicago, IL 60625",99.4,84.3,0.0,partially organized
2024,,609973,Emiliano Zapata Elementary Academy,Elementary School (K/PK-8),"2728 S Kostner Ave, Chicago, IL 60623",58.9,57.6,0.0,organized
2024,,609974,Hawthorne Elementary Scholastic Academy,Elementary School (K/PK-8),"3319 N Clifton Ave, Chicago, IL 60657",97.6,85.2,0.0,well-organized
2024,,609975,John Hay Elementary Community Academy,Elementary School (K/PK-8),"1018 N Laramie Ave, Chicago, IL 60651",99.9,64.5,0.0,organized
2024,,609976,Stephen K Hayt Elementary School,Elementary School (K/PK-8),"1518 W Granville Ave, Chicago, IL 60660",77.4,61.2,0.0,moderately organized
2024,,609977,Woodlawn Community Elementary School,Elementary School (K/PK-8),"6657 S Kimbark Ave, Chicago, IL 60637",99.9,66.7,0.0,well-organized
2024,,609978,Wendell Smith Elementary School,Elementary School (K/PK-8),"744 E 103rd St, Chicago, IL 60628",84.0,77.3,0.0,well-organized
2024,,609979,Robert Healy Elementary School,Elementary School (K/PK-8),"3010 S Parnell Ave, Chicago, IL 60616",95.3,75.9,0.0,organized
2024,,609981,Phoebe Apperson Hearst Elementary School,Elementary School (K/PK-8),"4640 S Lamon Ave, Chicago, IL 60638",87.4,84.3,0.0,partially organized
2024,,609983,James Hedges Elementary School,Elementary School (K/PK-8),"4747 S Winchester Ave, Chicago, IL 60609",99.2,75.5,0.0,partially organized
2024,,609985,Helen M Hefferan Elementary School,Elementary School (K/PK-8),"4409 W Wilcox St, Chicago, IL 60624",98.8,74.2,0.0,partially organized
2024,,609986,Charles R Henderson Elementary School,Elementary School (K/PK-8),"5650 S Wolcott Ave, Chicago, IL 60636",98.0,85.7,0.0,organized
2024,,609987,Thomas A Hendricks Elementary Community Academy,Elementary School (K/PK-8),"4316 S Princeton Ave, Chicago, IL 60609",95.1,93.3,0.0,organized
2024,,609988,Patrick Henry Elementary School,Elementary School (K/PK-8),"4250 N Saint Louis Ave, Chicago, IL 60618",79.9,80.4,0.0,moderately organized
2024,,609990,South Loop Elementary School,Elementary School (K/PK-8),"1601 S Dearborn St, Chicago, IL 60616",97.8,84.9,0.0,organized
2024,,609991,Theodore Herzl Elementary School,Elementary School (K/PK-8),"3711 W Douglas Blvd, Chicago, IL 60623",59.8,68.8,0.0,partially organized
2024,,609993,Agustin Lara Elementary Academy,Elementary School (K/PK-8),"4619 S Wolcott Ave, Chicago, IL 60609",85.5,87.0,0.0,organized
2024,,609994,William G Hibbard Elementary School,Elementary School (K/PK-8),"3244 W Ainslie St, Chicago, IL 60625",96.3,69.6,0.0,partially organized
2024,,609995,Rufus M Hitch Elementary School,Elementary School (K/PK-8),"5625 N Mcvicker Ave, Chicago, IL 60646",90.2,74.5,0.0,partially organized
2024,,609996,Charles N Holden Elementary School,Elementary School (K/PK-8),"1104 W 31st St, Chicago, IL 60608",96.2,88.4,0.0,organized
2024,,609997,Oliver Wendell Holmes Elementary School,Elementary School (K/PK-8),"955 W Garfield Blvd, Chicago, IL 60621",86.3,84.2,0.0,partially organized
2024,,610000,Julia Ward Howe Elementary School of Excellence,Elementary School (K/PK-8),"720 N Lorel Ave, Chicago, IL 60644",99.4,78.6,0.0,moderately organized
2024,,610002,Thomas Hoyne Elementary School,Elementary School (K/PK-8),"8905 S Crandon Ave, Chicago, IL 60617",99.9,76.2,0.0,partially organized
2024,,610003,Paul Cuffe Math-Science Technology Academy ES,Elementary School (K/PK-8),"8324 S Racine Ave, Chicago, IL 60620",97.3,60.0,0.0,moderately organized
2024,,610004,Countee Cullen Elementary School,Elementary School (K/PK-8),"10650 S Eberhart Ave, Chicago, IL 60628",74.8,62.5,0.0,well-organized
2024,,610005,Charles Evans Hughes Elementary School,Elementary School (K/PK-8),"4247 W 15th St, Chicago, IL 60623",84.0,65.0,0.0,partially organized
2024,,610006,Edward N Hurley Elementary School,Elementary School (K/PK-8),"3849 W 69th Pl, Chicago, IL 60629",87.2,57.1,0.0,moderately organized
2024,,610009,Galileo Math & Science Scholastic Academy ES,Elementary School (K/PK-8),"820 S Carpenter St, Chicago, IL 60607",94.1,80.0,0.0,well-organized
2024,,610010,Friedrich L. Jahn Elementary of the Fine Arts,Elementary School (K/PK-8),"3149 N Wolcott Ave, Chicago, IL 60657",80.7,53.3,0.0,moderately organized
2024,,610011,Minnie Mars Jamieson Elementary School,Elementary School (K/PK-8),"5650 N Mozart St, Chicago, IL 60659",83.1,82.4,0.0,organized
2024,,610013,Pilsen Elementary Community Academy,Elementary School (K/PK-8),"1420 W 17th St, Chicago, IL 60608",94.9,94.3,0.0,organized
2024,,610015,Joseph Jungman STEM Magnet Elementary School,Elementary School (K/PK-8),"1746 S Miller St, Chicago, IL 60608",96.5,68.0,0.0,moderately organized
2024,,610016,Kate S Kellogg Elementary School,Elementary School (K/PK-8),"9241 S Leavitt St, Chicago, IL 60643",62.5,61.8,0.0,organized
2024,,610017,Maria Saucedo STEAM Magnet Academy,Elementary School (K/PK-8),"2850 W 24th Blvd, Chicago, IL 60623",92.3,44.1,0.0,partially organized
2024,,610019,Joshua D Kershaw Elementary School,Elementary School (K/PK-8),"6450 S Lowe Ave, Chicago, IL 60621",87.2,82.5,0.0,well-organized
2024,,610021,Pablo Casals Elementary School,Elementary School (K/PK-8),"3501 W Potomac Ave, Chicago, IL 60651",98.9,91.4,0.0,well-organized
2024,,610022,Joyce Kilmer Elementary School,Elementary School (K/PK-8),"6700 N Greenview Ave, Chicago, IL 60626",53.7,68.4,0.0,not yet organized
2024,,610024,Lazaro Cardenas Elementary School,Elementary School (K/PK-8),"2345 S Millard Ave, Chicago, IL 60623",91.9,90.4,0.0,well-organized
2024,,610026,John H Kinzie Elementary School,Elementary School (K/PK-8),"5625 S Mobile Ave, Chicago, IL 60638",87.3,60.0,0.0,well-organized
2024,,610027,Rudyard Kipling Elementary School,Elementary School (K/PK-8),"9351 S Lowe Ave, Chicago, IL 60620",63.5,66.7,0.0,organized
2024,,610029,Rodolfo Lozano Bilingual & International Ctr ES,Elementary School (K/PK-8),"1501 N Greenview Ave, Chicago, IL 60642",84.7,80.4,0.0,organized
2024,,610030,Charles Kozminski Elementary Community Academy,Elementary School (K/PK-8),"936 E 54th St, Chicago, IL 60615",90.3,62.1,0.0,not yet organized
2024,,610032,Wendell E Green Elementary School,Elementary School (K/PK-8),"1150 W 96th St, Chicago, IL 60643",73.7,62.2,0.0,organized
2024,,610033,LaSalle Elementary Language Academy,Elementary School (K/PK-8),"1734 N Orleans St, Chicago, IL 60614",89.7,63.5,0.0,organized
2024,,610034,Lawndale Elementary Community Academy,Elementary School (K/PK-8),"3500 W Douglas Blvd, Chicago, IL 60623",99.9,61.5,0.0,partially organized
2024,,610036,Leslie Lewis Elementary School,Elementary School (K/PK-8),"1431 N Leamington Ave, Chicago, IL 60651",93.0,83.3,0.0,not yet organized
2024,,610037,Arthur A Libby Elementary School,Elementary School (K/PK-8),"5300 S Loomis Blvd, Chicago, IL 60609",83.3,77.1,0.0,partially organized
2024,,610038,Abraham Lincoln Elementary School,Elementary School (K/PK-8),"615 W Kemper Pl, Chicago, IL 60614",85.3,68.3,0.0,organized
2024,,610039,Carl von Linne Elementary School,Elementary School (K/PK-8),"3221 N Sacramento Ave, Chicago, IL 60618",81.6,64.8,0.0,partially organized
2024,,610040,Henry D Lloyd Elementary School,Primary School (K/PK-5),"2103 N Lamon Ave, Chicago, IL 60639",99.9,83.1,0.0,well-organized
2024,,610041,Josephine C Locke Elementary School,Elementary School (K/PK-8),"2828 N Oak Park Ave, Chicago, IL 60634",97.3,90.9,0.0,well-organized
2024,,610043,Joseph Lovett Elementary School,Elementary School (K/PK-8),"6333 W Bloomingdale Ave, Chicago, IL 60639",98.0,81.8,0.0,well-organized
2024,,610044,James Russell Lowell Elementary School,Elementary School (K/PK-8),"3320 W Hirsch St, Chicago, IL 60651",99.9,77.8,0.0,partially organized
2024,,610046,Mary Lyon Elementary School,Elementary School (K/PK-8),"2941 N Mcvicker Ave, Chicago, IL 60634",99.7,58.1,0.0,not yet organized
2024,,610047,James Madison Elementary School,Elementary School (K/PK-8),"7433 S Dorchester Ave, Chicago, IL 60619",82.1,66.7,0.0,moderately organized
2024,,610048,George Manierre Elementary School,Elementary School (K/PK-8),"1420 N Hudson Ave, Chicago, IL 60610",89.3,55.9,0.0,partially organized
2024,,610051,Northwest Middle School,Middle School (6-8),"5252 W Palmer St, Chicago, IL 60639",99.0,76.4,0.0,not yet organized
2024,,610052,Horace Mann Elementary School,Elementary School (K/PK-8),"8050 S Chappel Ave, Chicago, IL 60617",89.3,67.9,0.0,moderately organized
2024,,610053,Marquette Elementary School,Elementary School (K/PK-8),"6550 S Richmond St, Chicago, IL 60629",89.4,84.5,0.0,well-organized
2024,,610054,John L Marsh Elementary School,Elementary School (K/PK-8),"9822 S Exchange Ave, Chicago, IL 60617",98.4,91.0,0.0,not yet organized
2024,,610055,Michael Faraday Elementary School,Elementary School (K/PK-8),"3250 W Monroe St, Chicago, IL 60624",99.9,99.9,0.0,well-organized
2024,,610056,Roswell B Mason Elementary School,Elementary School (K/PK-8),"4217 W 18th St, Chicago, IL 60623",84.2,57.1,0.0,organized
2024,,610057,Fairfield Elementary Academy,Elementary School (K/PK-8),"6201 S Fairfield Ave, Chicago, IL 60629",94.1,92.5,0.0,not yet organized
2024,,610059,Oscar Mayer Magnet School,Elementary School (K/PK-8),"2250 N Clifton Ave, Chicago, IL 60614",86.5,72.6,0.0,organized
2024,,610060,Chicago World Language Academy,Elementary School (K/PK-8),"1340 W Harrison St, Chicago, IL 60607",93.6,63.4,0.0,partially organized
2024,,610062,Minnie Miñoso Academy,Elementary School (K/PK-8),"3527 S Wallace St, Chicago, IL 60609",93.2,61.4,0.0,moderately organized
2024,,610063,Cyrus H McCormick Elementary School,Primary School (K/PK-5),"2712 S Sawyer Ave, Chicago, IL 60623",98.3,88.9,0.0,organized
2024,,610065,Emmett Louis Till Math and Science Academy,Elementary School (K/PK-8),"6543 S Champlain Ave, Chicago, IL 60637",80.3,73.5,0.0,not yet organized
2024,,610066,James E McDade Elementary Classical School,Elementary School (K/PK-8),"8801 S Indiana Ave, Chicago, IL 60619",99.9,99.9,0.0,organized
2024,,610067,Francis M McKay Elementary School,Elementary School (K/PK-8),"6901 S Fairfield Ave, Chicago, IL 60629",73.7,59.3,0.0,organized
2024,,610068,Hanson Park Elementary School,Elementary School (K/PK-8),"5411 W Fullerton Ave, Chicago, IL 60639",96.6,55.6,0.0,moderately organized
2024,,610070,James B McPherson Elementary School,Elementary School (K/PK-8),"4728 N Wolcott Ave, Chicago, IL 60640",78.6,79.6,0.0,organized
2024,,610073,Ellen Mitchell Elementary School,Elementary School (K/PK-8),"2233 W Ohio St, Chicago, IL 60612",89.6,80.0,0.0,organized
2024,,610074,Logan Square Elementary School,Elementary School (K/PK-8),"3651 W Schubert Ave, Chicago, IL 60647",89.4,75.0,0.0,partially organized
2024,,610076,Bernhard Moos Elementary School,Elementary School (K/PK-8),"1711 N California Ave, Chicago, IL 60647",97.1,71.4,0.0,not yet organized
2024,,610077,Donald Morrill Math & Science Elementary School,Elementary School (K/PK-8),"6011 S Rockwell St, Chicago, IL 60629",95.9,88.7,0.0,organized
2024,,610078,Inter-American Elementary Magnet School,Elementary School (K/PK-8),"851 W Waveland Ave, Chicago, IL 60613",74.6,79.4,0.0,organized
2024,,610081,Mark Sheridan Math & Science Academy,Elementary School (K/PK-8),"533 W 27th St, Chicago, IL 60616",96.2,76.1,0.0,well-organized
2024,,610082,Mount Greenwood Elementary School,Elementary School (K/PK-8),"10841 S Homan Ave, Chicago, IL 60655",72.0,72.6,0.0,well-organized
2024,,610083,Daniel C Beard Elementary School,Primary School (K/PK-5),"6445 W Strong St, Chicago, IL 60656",0.0,36.5,0.0,no report
2024,,610084,Annie Keller Regional Gifted Center,Elementary School (K/PK-8),"3020 W 108th St, Chicago, IL 60655",99.9,87.5,0.0,well-organized
2024,,610086,Mount Vernon Elementary School,Elementary School (K/PK-8),"10540 S Morgan St, Chicago, IL 60643",91.5,64.3,0.0,organized
2024,,610087,Blair Early Childhood Center,Primary School (K/PK-5),"6751 W 63rd Pl, Chicago, IL 60638",0.0,75.4,0.0,well-organized
2024,,610088,Wolfgang A Mozart Elementary School,Elementary School (K/PK-8),"2200 N Hamlin Ave, Chicago, IL 60647",85.9,61.7,0.0,partially organized
2024,,610089,John B Murphy Elementary School,Elementary School (K/PK-8),"3539 W Grace St, Chicago, IL 60618",90.7,78.0,0.0,organized
2024,,610090,Phillip Murray Elementary Language Academy,Elementary School (K/PK-8),"5335 S Kenwood Ave, Chicago, IL 60615",86.3,79.5,0.0,partially organized
2024,,610091,Ronald Brown Elementary Community Academy,Elementary School (K/PK-8),"12607 S Union Ave, Chicago, IL 60628",94.4,64.3,0.0,organized
2024,,610092,Henry H Nash Elementary School,Elementary School (K/PK-8),"4837 W Erie St, Chicago, IL 60644",97.9,82.1,0.0,organized
2024,,610093,Jane A Neil Elementary School,Elementary School (K/PK-8),"8555 S Michigan Ave, Chicago, IL 60619",87.1,58.2,0.0,partially organized
2024,,610094,Louis Nettelhorst Elementary School,Elementary School (K/PK-8),"3252 N Broadway St, Chicago, IL 60657",95.6,59.4,0.0,organized
2024,,610095,Walter L Newberry Math & Science Academy ES,Elementary School (K/PK-8),"700 W Willow St, Chicago, IL 60614",95.9,47.7,0.0,moderately organized
2024,,610096,Florence Nightingale Elementary School,Elementary School (K/PK-8),"5250 S Rockwell St, Chicago, IL 60632",81.2,73.5,0.0,moderately organized
2024,,610097,William P Nixon Elementary School,Elementary School (K/PK-8),"2121 N Keeler Ave, Chicago, IL 60639",87.2,55.0,0.0,partially organized
2024,,610098,Alfred Nobel Elementary School,Elementary School (K/PK-8),"4127 W Hirsch St, Chicago, IL 60651",95.2,77.4,0.0,organized
2024,,610099,Norwood Park Elementary School,Elementary School (K/PK-8),"5900 N Nina Ave, Chicago, IL 60631",90.6,84.4,0.0,well-organized
2024,,610100,West Park Elementary Academy,Elementary School (K/PK-8),"1425 N Tripp Ave, Chicago, IL 60651",99.9,75.5,0.0,well-organized
2024,,610101,William B Ogden Elementary School,Elementary School (K/PK-8),"24 W Walton St, Chicago, IL 60610",74.5,74.2,0.0,not yet organized
2024,,610102,Richard J Oglesby Elementary School,Elementary School (K/PK-8),"7646 S Green St, Chicago, IL 60620",74.5,65.2,0.0,not yet organized
2024,,610103,Isabelle C O'Keeffe Elementary School,Elementary School (K/PK-8),"6940 S Merrill Ave, Chicago, IL 60649",99.3,56.5,0.0,organized
2024,,610104,William J Onahan Elementary School,Elementary School (K/PK-8),"6634 W Raven St, Chicago, IL 60631",90.3,95.3,0.0,well-organized
2024,,610105,Oriole Park Elementary School,Elementary School (K/PK-8),"5424 N Oketo Ave, Chicago, IL 60656",86.7,73.7,0.0,well-organized
2024,,610106,Brian Piccolo Elementary Specialty School,Elementary School (K/PK-8),"1040 N Keeler Ave, Chicago, IL 60651",97.8,87.7,0.0,partially organized
2024,,610107,James Otis Elementary School,Elementary School (K/PK-8),"525 N Armour St, Chicago, IL 60642",74.6,76.6,0.0,not yet organized
2024,,610108,Luke O'Toole Elementary School,Elementary School (K/PK-8),"6550 S Seeley Ave, Chicago, IL 60636",95.4,97.0,0.0,well-organized
2024,,610109,William Bishop Owen Scholastic Academy ES,Elementary School (K/PK-8),"8247 S Christiana Ave, Chicago, IL 60652",98.6,83.3,0.0,not yet organized
2024,,610110,Ida B Wells Preparatory Elementary Academy,Elementary School (K/PK-8),"249 E 37th St, Chicago, IL 60653",94.3,61.8,0.0,well-organized
2024,,610111,John Palmer Elementary School,Elementary School (K/PK-8),"5051 N Kenneth Ave, Chicago, IL 60630",94.4,57.5,0.0,moderately organized
2024,,610112,Francis W Parker Elementary Community Academy,Elementary School (K/PK-8),"6800 S Stewart Ave, Chicago, IL 60621",99.9,73.1,0.0,moderately organized
2024,,610115,Park Manor Elementary School,Elementary School (K/PK-8),"7037 S Rhodes Ave, Chicago, IL 60637",93.1,64.7,0.0,not yet organized
2024,,610116,Parkside Elementary Community Academy,Elementary School (K/PK-8),"6938 S East End Ave, Chicago, IL 60649",77.1,34.5,0.0,organized
2024,,610117,Louis Pasteur Elementary School,Primary School (K/PK-5),"5825 S Kostner Ave, Chicago, IL 60629",97.6,53.1,0.0,well-organized
2024,,610120,Ferdinand Peck Elementary School,Primary School (K/PK-5),"3826 W 58th St, Chicago, IL 60629",97.4,61.3,0.0,partially organized
2024,,610121,Washington Irving Elementary School,Elementary School (K/PK-8),"749 S Oakley Blvd, Chicago, IL 60612",75.8,64.7,0.0,not yet organized
2024,,610122,Helen Peirce International Studies ES,Elementary School (K/PK-8),"1423 W Bryn Mawr Ave, Chicago, IL 60660",86.7,64.4,0.0,moderately organized
2024,,610123,William Penn Elementary School,Elementary School (K/PK-8),"1616 S Avers Ave, Chicago, IL 60623",78.7,46.7,0.0,moderately organized
2024,,610124,Harold Washington Elementary School,Elementary School (K/PK-8),"9130 S University Ave, Chicago, IL 60619",99.9,83.3,0.0,moderately organized
2024,,610125,Irma C Ruiz Elementary School,Elementary School (K/PK-8),"2410 S Leavitt St, Chicago, IL 60608",85.9,71.7,0.0,moderately organized
2024,,610126,John J Pershing STEAM Magnet Elementary School,Elementary School (K/PK-8),"3200 S Calumet Ave, Chicago, IL 60616",98.6,84.4,0.0,partially organized
2024,,610127,Mary Gage Peterson Elementary School,Elementary School (K/PK-8),"5510 N Christiana Ave, Chicago, IL 60625",95.7,76.5,0.0,partially organized
2024,,610128,Marcus Moziah Garvey Elementary School,Elementary School (K/PK-8),"10309 S Morgan St, Chicago, IL 60643",93.5,62.1,0.0,organized
2024,,610129,Josiah Pickard Elementary School,Elementary School (K/PK-8),"2301 W 21st Pl, Chicago, IL 60608",83.9,97.4,0.0,organized
2024,,610130,John T Pirie Fine Arts & Academic Center ES,Elementary School (K/PK-8),"650 E 85th St, Chicago, IL 60619",98.4,18.5,0.0,organized
2024,,610131,Ambrose Plamondon Elementary School,Elementary School (K/PK-8),"2642 W 15th Pl, Chicago, IL 60608",99.9,94.7,0.0,partially organized
2024,,610132,Edgar Allan Poe Elementary Classical School,Elementary School (K/PK-8),"10538 S Langley Ave, Chicago, IL 60628",99.1,85.7,0.0,moderately organized
2024,,610133,Laura S Ward Elementary School,Elementary School (K/PK-8),"646 N Lawndale Ave, Chicago, IL 60624",99.9,56.8,0.0,partially organized
2024,,610135,Portage Park Elementary School,Elementary School (K/PK-8),"5330 W Berteau Ave, Chicago, IL 60641",65.1,57.8,0.0,partially organized
2024,,610136,William H Prescott Elementary School,Elementary School (K/PK-8),"1632 W Wrightwood Ave, Chicago, IL 60614",97.0,90.5,0.0,organized
2024,,610137,Ernst Prussing Elementary School,Elementary School (K/PK-8),"4650 N Menard Ave, Chicago, IL 60630",91.9,53.3,0.0,not yet organized
2024,,610138,Pulaski International School of Chicago,Elementary School (K/PK-8),"2230 W Mclean Ave, Chicago, IL 60647",91.3,60.0,0.0,partially organized
2024,,610139,George M Pullman Elementary School,Elementary School (K/PK-8),"11311 S Forrestville Ave, Chicago, IL 60628",69.9,55.9,0.0,not yet organized
2024,,610141,Ravenswood Elementary School,Elementary School (K/PK-8),"4332 N Paulina St, Chicago, IL 60613",91.3,71.7,0.0,well-organized
2024,,610142,William H Ray Elementary School,Elementary School (K/PK-8),"5631 S Kimbark Ave, Chicago, IL 60637",74.2,55.6,0.0,well-organized
2024,,610143,William C Reavis Math & Science Specialty ES,Elementary School (K/PK-8),"834 E 50th St, Chicago, IL 60615",84.6,65.1,0.0,moderately organized
2024,,610144,Frank W Reilly Elementary School,Elementary School (K/PK-8),"3650 W School St, Chicago, IL 60618",99.9,77.2,0.0,organized
2024,,610145,Peter A Reinberg Elementary School,Elementary School (K/PK-8),"3425 N Major Ave, Chicago, IL 60634",80.1,76.1,0.0,partially organized
2024,,610146,Paul Revere Elementary School,Elementary School (K/PK-8),"1010 E 72nd St, Chicago, IL 60619",78.2,60.0,0.0,partially organized
2024,,610147,Philip Rogers Elementary School,Elementary School (K/PK-8),"7345 N Washtenaw Ave, Chicago, IL 60645",91.1,76.5,0.0,well-organized
2024,,610148,Cesar E Chavez Multicultural Academic Center ES,Elementary School (K/PK-8),"4747 S Marshfield Ave, Chicago, IL 60609",99.5,93.8,0.0,well-organized
2024,,610152,Martha Ruggles Elementary School,Elementary School (K/PK-8),"7831 S Prairie Ave, Chicago, IL 60619",99.9,86.5,0.0,organized
2024,,610153,William H Ryder Math & Science Specialty ES,Elementary School (K/PK-8),"8716 S Wallace St, Chicago, IL 60620",62.9,67.7,0.0,organized
2024,,610155,Sauganash Elementary School,Elementary School (K/PK-8),"6040 N Kilpatrick Ave, Chicago, IL 60646",93.4,76.4,0.0,well-organized
2024,,610157,Sidney Sawyer Elementary School,Elementary School (K/PK-8),"5248 S Sawyer Ave, Chicago, IL 60632",91.6,54.7,0.0,not yet organized
2024,,610158,Harriet E Sayre Elementary Language Academy,Elementary School (K/PK-8),"1850 N Newland Ave, Chicago, IL 60707",99.5,72.7,0.0,partially organized
2024,,610159,Jonathan Y Scammon Elementary School,Elementary School (K/PK-8),"4201 W Henderson St, Chicago, IL 60641",73.5,83.3,0.0,partially organized
2024,,610163,Frederick Stock Elementary School,Primary School (K/PK-5),"7507 W Birchwood Ave, Chicago, IL 60631",0.0,70.7,0.0,well-organized
2024,,610165,Franz Peter Schubert Elementary School,Primary School (K/PK-5),"2727 N Long Ave, Chicago, IL 60639",99.9,74.1,0.0,well-organized
2024,,610167,William H Seward Communication Arts Academy ES,Elementary School (K/PK-8),"4600 S Hermitage Ave, Chicago, IL 60609",99.9,61.5,0.0,not yet organized
2024,,610170,Columbia Explorers Elementary Academy,Elementary School (K/PK-8),"4520 S Kedzie Ave, Chicago, IL 60632",72.2,90.5,0.0,well-organized
2024,,610171,Arnold Mireles Elementary Academy,Elementary School (K/PK-8),"9000 S Exchange Ave, Chicago, IL 60617",99.5,91.9,0.0,not yet organized
2024,,610172,William T Sherman Elementary School,Elementary School (K/PK-8),"1000 W 52nd St, Chicago, IL 60609",99.9,99.9,0.0,well-organized
2024,,610173,Jesse Sherwood Elementary School,Elementary School (K/PK-8),"245 W 57th St, Chicago, IL 60621",94.9,91.9,0.0,organized
2024,,610174,James Shields Elementary School,Primary School (K/PK-5),"4250 S Rockwell St, Chicago, IL 60632",91.4,56.4,0.0,well-organized
2024,,610175,Beulah Shoesmith Elementary School,Elementary School (K/PK-8),"1330 E 50th St, Chicago, IL 60615",54.8,73.0,0.0,not yet organized
2024,,610176,John D Shoop Math-Science Technical Academy ES,Elementary School (K/PK-8),"11140 S Bishop St, Chicago, IL 60643",98.0,68.8,0.0,well-organized
2024,,610177,Mark Skinner Elementary School,Elementary School (K/PK-8),"1260 W Adams St, Chicago, IL 60607",93.6,70.0,0.0,organized
2024,,610178,Theophilus Schmid Elementary School,Elementary School (K/PK-8),"9755 S Greenwood Ave, Chicago, IL 60628",93.1,61.3,0.0,not yet organized
2024,,610179,Washington D Smyser Elementary School,Elementary School (K/PK-8),"4310 N Melvina Ave, Chicago, IL 60634",86.0,78.3,0.0,moderately organized
2024,,610180,John M Smyth Elementary School,Elementary School (K/PK-8),"1059 W 13th St, Chicago, IL 60608",95.6,74.0,0.0,partially organized
2024,,610182,Hannah G Solomon Elementary School,Elementary School (K/PK-8),"6206 N Hamlin Ave, Chicago, IL 60659",80.6,67.9,0.0,partially organized
2024,,610183,Spencer Technology Academy,Elementary School (K/PK-8),"214 N Lavergne Ave, Chicago, IL 60644",99.9,66.7,0.0,moderately organized
2024,,610184,John Spry Elementary Community School,Elementary School (K/PK-8),"2400 S Marshall Blvd, Chicago, IL 60623",93.5,61.5,0.0,partially organized
2024,,610185,Adlai E Stevenson Elementary School,Elementary School (K/PK-8),"8010 S Kostner Ave, Chicago, IL 60652",56.7,37.4,0.0,organized
2024,,610188,Dunne Technology Academy,Elementary School (K/PK-8),"10845 S Union Ave, Chicago, IL 60628",94.1,80.8,0.0,well-organized
2024,,610191,Stone Elementary Scholastic Academy,Elementary School (K/PK-8),"6239 N Leavitt St, Chicago, IL 60659",91.2,65.5,0.0,organized
2024,,610192,Harriet Beecher Stowe Elementary School,Elementary School (K/PK-8),"3444 W Wabansia Ave, Chicago, IL 60647",99.9,91.8,0.0,moderately organized
2024,,610193,William K New Sullivan Elementary School,Elementary School (K/PK-8),"8331 S Mackinaw Ave, Chicago, IL 60617",74.7,56.7,0.0,not yet organized
2024,,610194,Charles Sumner Math & Science Community Acad ES,Elementary School (K/PK-8),"4320 W 5th Ave, Chicago, IL 60624",99.1,61.8,0.0,organized
2024,,610195,Elizabeth H Sutherland Elementary School,Elementary School (K/PK-8),"10015 S Leavitt St, Chicago, IL 60643",89.0,77.3,0.0,moderately organized
2024,,610196,George B Swift Elementary Specialty School,Elementary School (K/PK-8),"5900 N Winthrop Ave, Chicago, IL 60660",60.2,74.7,0.0,organized
2024,,610197,Mancel Talcott Elementary School,Elementary School (K/PK-8),"1840 W Ohio St, Chicago, IL 60622",64.0,45.0,0.0,organized
2024,,610198,Douglas Taylor Elementary School,Elementary School (K/PK-8),"9912 S Avenue H, Chicago, IL 60617",72.7,71.4,0.0,well-organized
2024,,610199,Johnnie Colemon Elementary Academy,Elementary School (K/PK-8),"1441 W 119th St, Chicago, IL 60643",98.9,81.5,0.0,well-organized
2024,,610200,James N Thorp Elementary School,Elementary School (K/PK-8),"8914 S Buffalo Ave, Chicago, IL 60617",93.8,81.6,0.0,organized
2024,,610201,Ole A Thorp Elementary Scholastic Academy,Elementary School (K/PK-8),"6024 W Warwick Ave, Chicago, IL 60634",97.6,72.5,0.0,organized
2024,,610202,George W Tilton Elementary School,Elementary School (K/PK-8),"223 N Keeler Ave, Chicago, IL 60624",99.9,73.1,0.0,organized
2024,,610203,Monarcas Academy,Primary School (K/PK-5),"5815 S Homan Ave, Chicago, IL 60629",89.6,54.7,0.0,moderately organized
2024,,610206,Mark Twain Elementary School,Elementary School (K/PK-8),"5134 S Lotus Ave, Chicago, IL 60638",95.3,64.9,0.0,moderately organized
2024,,610207,John H Vanderpoel Elementary Magnet School,Elementary School (K/PK-8),"9510 S Prospect Ave, Chicago, IL 60643",99.9,51.7,0.0,moderately organized
2024,,610208,Mildred I Lavizzo Elementary School,Elementary School (K/PK-8),"138 W 109th St, Chicago, IL 60628",78.1,54.3,0.0,organized
2024,,610209,Alessandro Volta Elementary School,Elementary School (K/PK-8),"4950 N Avers Ave, Chicago, IL 60625",92.8,63.2,0.0,moderately organized
2024,,610212,Albany Park Multicultural Academy,Middle School (6-8),"4929 N Sawyer Ave, Chicago, IL 60625",92.6,94.7,0.0,well-organized
2024,,610213,James Wadsworth Elementary School,Elementary School (K/PK-8),"6650 S Ellis Ave, Chicago, IL 60637",98.3,93.0,0.0,organized
2024,,610215,Francisco I Madero Middle School,Middle School (6-8),"3202 W 28th St, Chicago, IL 60623",97.7,74.1,0.0,well-organized
2024,,610216,John A Walsh Elementary School,Elementary School (K/PK-8),"2015 S Peoria St, Chicago, IL 60608",59.9,53.2,0.0,not yet organized
2024,,610217,James Ward Elementary School,Elementary School (K/PK-8),"2701 S Shields Ave, Chicago, IL 60616",94.6,75.6,0.0,organized
2024,,610218,Joseph Warren Elementary School,Elementary School (K/PK-8),"9239 S Jeffery Ave, Chicago, IL 60617",99.3,90.5,0.0,well-organized
2024,,610219,George Washington Elementary School,Elementary School (K/PK-8),"3611 E 114th St, Chicago, IL 60617",94.7,92.2,0.0,well-organized
2024,,610220,Thomas J Waters Elementary School,Elementary School (K/PK-8),"4540 N Campbell Ave, Chicago, IL 60625",91.7,96.5,0.0,organized
2024,,610221,Daniel Webster Elementary School,Elementary School (K/PK-8),"4055 W Arthington St, Chicago, IL 60624",99.9,85.7,0.0,organized
2024,,610223,Daniel S Wentworth Elementary School,Elementary School (K/PK-8),"1340 W 71st St, Chicago, IL 60636",68.5,55.6,0.0,not yet organized
2024,,610225,John Whistler Elementary School,Elementary School (K/PK-8),"11533 S Ada St, Chicago, IL 60643",63.9,79.3,0.0,not yet organized
2024,,610226,Socorro Sandoval Elementary School,Primary School (K/PK-5),"5534 S Saint Louis Ave, Chicago, IL 60629",99.9,82.5,0.0,well-organized
2024,,610227,Eli Whitney Elementary School,Elementary School (K/PK-8),"2815 S Komensky Ave, Chicago, IL 60623",92.4,89.5,0.0,organized
2024,,610228,John Greenleaf Whittier Elementary School,Elementary School (K/PK-8),"1900 W 23rd St, Chicago, IL 60608",86.2,92.6,0.0,organized
2024,,610229,A.N. Pritzker School,Elementary School (K/PK-8),"2009 W Schiller St, Chicago, IL 60622",90.7,56.1,0.0,organized
2024,,610230,Wildwood IB World Magnet School,Elementary School (K/PK-8),"6950 N Hiawatha Ave, Chicago, IL 60646",99.6,86.8,0.0,partially organized
2024,,610231,National Teachers Elementary Academy,Elementary School (K/PK-8),"55 W Cermak Rd, Chicago, IL 60616",52.7,84.8,0.0,well-organized
2024,,610234,Richard Yates Elementary School,Elementary School (K/PK-8),"1839 N Richmond St, Chicago, IL 60647",99.9,94.2,0.0,partially organized
2024,,610235,Ella Flagg Young Elementary School,Elementary School (K/PK-8),"1434 N Parkside Ave, Chicago, IL 60651",93.8,79.5,0.0,organized
2024,,610237,Ludwig Van Beethoven Elementary School,Elementary School (K/PK-8),"25 W 47th St, Chicago, IL 60609",83.0,83.3,0.0,not yet organized
2024,,610238,Carrie Jacobs Bond Elementary School,Elementary School (K/PK-8),"7050 S May St, Chicago, IL 60621",58.2,73.0,0.0,not yet organized
2024,,610239,Richard J Daley Elementary Academy,Elementary School (K/PK-8),"5024 S Wolcott Ave, Chicago, IL 60609",95.6,74.4,0.0,not yet organized
2024,,610242,Joseph Brennemann Elementary School,Elementary School (K/PK-8),"4251 N Clarendon Ave, Chicago, IL 60613",97.5,86.0,0.0,not yet organized
2024,,610244,Michele Clark Academic Prep Magnet High School,High School (9-12),"5101 W Harrison St, Chicago, IL 60644",65.1,71.4,0.0,partially organized
2024,,610245,Frederick A Douglass Academy High School,High School (9-12),"543 N Waller Ave, Chicago, IL 60644",90.0,90.9,0.0,well-organized
2024,,610246,Edward Beasley Elementary Magnet Academic Center,Elementary School (K/PK-8),"5255 S State St, Chicago, IL 60609",89.6,63.5,0.0,partially organized
2024,,610248,Chicago Academy Elementary School,Elementary School (K/PK-8),"3400 N Austin Ave, Chicago, IL 60634",94.8,82.1,0.0,well-organized
2024,,610249,Talman Elementary School,Elementary School (K/PK-8),"5450 S Talman Ave, Chicago, IL 60632",81.0,56.5,0.0,organized
2024,,610250,Ruben Salazar Elementary Bilingual Center,Elementary School (K/PK-8),"160 W Wendell St, Chicago, IL 60610",90.4,77.8,0.0,moderately organized
2024,,610251,Willa Cather Elementary School,Elementary School (K/PK-8),"2908 W Washington Blvd, Chicago, IL 60612",99.9,72.2,0.0,partially organized
2024,,610252,Robert Nathaniel Dett Elementary School,Elementary School (K/PK-8),"2131 W Monroe St, Chicago, IL 60612",69.0,45.8,0.0,partially organized
2024,,610254,Dvorak Technology Academy,Elementary School (K/PK-8),"3615 W 16th St, Chicago, IL 60623",52.8,76.7,0.0,not yet organized
2024,,610256,Jackie Robinson Elementary School,Primary School (K/PK-5),"4225 S Lake Park Ave, Chicago, IL 60653",0.0,77.8,0.0,organized
2024,,610257,Morton School of Excellence,Elementary School (K/PK-8),"431 N Troy St, Chicago, IL 60612",99.9,71.4,0.0,not yet organized
2024,,610263,John Foster Dulles Elementary School,Elementary School (K/PK-8),"6311 S Calumet Ave, Chicago, IL 60637",62.0,88.0,0.0,moderately organized
2024,,610268,Arthur R Ashe Elementary School,Elementary School (K/PK-8),"8505 S Ingleside Ave, Chicago, IL 60619",94.1,71.8,0.0,organized
2024,,610269,John T McCutcheon Elementary School,Elementary School (K/PK-8),"4865 N Sheridan Rd, Chicago, IL 60640",62.6,72.7,0.0,well-organized
2024,,610271,Jensen Elementary Scholastic Academy,Elementary School (K/PK-8),"3030 W Harrison St, Chicago, IL 60612",99.9,83.3,0.0,moderately organized
2024,,610274,James Weldon Johnson STEAM Elementary School,Elementary School (K/PK-8),"1420 S Albany Ave, Chicago, IL 60623",99.1,65.4,0.0,partially organized
2024,,610276,Irvin C Mollison Elementary School,Elementary School (K/PK-8),"4415 S Dr Martin L King Jr Dr, Chicago, IL 60653",57.8,68.0,0.0,not yet organized
2024,,610279,Henry O Tanner Elementary School,Elementary School (K/PK-8),"7350 S Evans Ave, Chicago, IL 60619",92.1,79.5,0.0,partially organized
2024,,610281,Adam Clayton Powell Paideia Community Academy ES,Elementary School (K/PK-8),"7511 S South Shore Dr, Chicago, IL 60649",65.4,79.6,0.0,partially organized
2024,,610282,Ronald E McNair Elementary School,Elementary School (K/PK-8),"4820 W Walton St, Chicago, IL 60651",99.9,55.9,0.0,well-organized
2024,,610284,New Field Elementary School,Primary School (K/PK-5),"1707 W Morse Ave, Chicago, IL 60626",90.8,67.2,0.0,organized
2024,,610287,Ashburn Community Elementary School,Elementary School (K/PK-8),"8300 S St Louis Ave, Chicago, IL 60652",82.3,82.0,0.0,organized
2024,,610290,Benjamin E Mays Elementary Academy,Elementary School (K/PK-8),"6656 S Normal Blvd, Chicago, IL 60621",91.5,32.1,0.0,partially organized
2024,,610291,Richard Henry Lee Elementary School,Elementary School (K/PK-8),"6448 S Tripp Ave, Chicago, IL 60629",98.6,94.6,0.0,well-organized
2024,,610293,Genevieve Melody Elementary School,Elementary School (K/PK-8),"3937 W Wilcox St, Chicago, IL 60624",99.9,64.7,0.0,well-organized
2024,,610295,Thomas J Higgins Elementary Community Academy,Elementary School (K/PK-8),"11710 S Morgan St, Chicago, IL 60643",80.5,56.3,0.0,well-organized
2024,,610298,Lenart Elementary Regional Gifted Center,Elementary School (K/PK-8),"8101 S Lasalle St, Chicago, IL 60620",96.0,61.9,0.0,moderately organized
2024,,610299,Dr. Martin Luther King Jr Academy of Social Justice,Elementary School (K/PK-8),"644 W 71st St, Chicago, IL 60621",91.6,53.6,0.0,not yet organized
2024,,610300,Oliver S Westcott Elementary School,Elementary School (K/PK-8),"409 W 80th St, Chicago, IL 60620",98.9,62.5,0.0,not yet organized
2024,,610304,Phoenix Military Academy High School,High School (9-12),"145 S Campbell Ave, Chicago, IL 60612",71.1,55.6,0.0,organized
2024,,610305,George Leland Elementary School,Elementary School (K/PK-8),"512 S Lavergne Ave, Chicago, IL 60644",99.9,68.0,0.0,organized
2024,,610308,Wilma Rudolph Elementary Learning Center,Elementary School (K/PK-8),"1628 W Washington Blvd, Chicago, IL 60612",0.0,42.9,0.0,no report
2024,,610312,Mary E McDowell Elementary School,Primary School (K/PK-5),"1419 E 89th St, Chicago, IL 60619",93.6,99.9,0.0,well-organized
2024,,610313,Jose De Diego Elementary Community Academy,Elementary School (K/PK-8),"1313 N Claremont Ave, Chicago, IL 60622",91.7,51.4,0.0,partially organized
2024,,610315,Edward White Elementary Career Academy,Elementary School (K/PK-8),"1136 W 122nd St, Chicago, IL 60643",57.1,68.8,0.0,well-organized
2024,,610316,Amelia Earhart Options for Knowledge ES,Elementary School (K/PK-8),"1710 E 93rd St, Chicago, IL 60617",99.9,75.0,0.0,not yet organized
2024,,610317,Brighton Park Elementary School,Elementary School (K/PK-8),"3825 S Washtenaw Ave, Chicago, IL 60632",99.3,71.4,0.0,partially organized
2024,,610319,Evergreen Academy Middle School,Middle School (6-8),"3537 S Paulina St, Chicago, IL 60609",97.5,87.0,0.0,well-organized
2024,,610323,Bowen High School,High School (9-12),"2710 E 89th St, Chicago, IL 60617",77.6,84.9,0.0,partially organized
2024,,610325,Avondale-Logandale Elementary School,Elementary School (K/PK-8),"3212 W George St, Chicago, IL 60618",96.3,91.1,0.0,moderately organized
2024,,610329,Orozco Fine Arts & Sciences Elementary School,Elementary School (K/PK-8),"1940 W 18th St, Chicago, IL 60608",94.8,70.6,0.0,organized
2024,,610334,Al Raby High School,High School (9-12),"3545 W Fulton Blvd, Chicago, IL 60624",60.0,64.1,0.0,not yet organized
2024,,610339,Amos Alonzo Stagg Elementary School,Elementary School (K/PK-8),"7424 S Morgan St, Chicago, IL 60621",91.4,55.0,0.0,not yet organized
2024,,610340,Chicago Academy High School,High School (9-12),"3400 N Austin Ave, Chicago, IL 60634",74.1,78.2,0.0,organized
2024,,610342,Albert R Sabin Elementary Magnet School,Elementary School (K/PK-8),"2216 W Hirsch St, Chicago, IL 60622",96.9,85.7,0.0,not yet organized
2024,,610345,Carter G Woodson South Elementary School,Elementary School (K/PK-8),"4414 S Evans Ave, Chicago, IL 60653",69.5,84.6,0.0,well-organized
2024,,610347,Claremont STEM Magnet Elementary School,Elementary School (K/PK-8),"2300 W 64th St, Chicago, IL 60636",86.8,51.7,0.0,well-organized
2024,,610350,Robert A Black Magnet Elementary School,Elementary School (K/PK-8),"9101 S Euclid Ave, Chicago, IL 60617",96.6,70.0,0.0,well-organized
2024,,610352,Durkin Park Elementary School,Elementary School (K/PK-8),"8445 S Kolin Ave, Chicago, IL 60652",93.5,75.0,0.0,moderately organized
2024,,610353,Calmeca Academy of Fine Arts and Dual Language,Elementary School (K/PK-8),"3456 W 38th St, Chicago, IL 60632",91.0,80.7,0.0,well-organized
2024,,610354,North River Elementary School,Elementary School (K/PK-8),"3729 W Leland Ave, Chicago, IL 60625",90.6,83.9,0.0,organized
2024,,610355,Mary E Courtenay Elementary Language Arts Center,Elementary School (K/PK-8),"4420 N Beacon St, Chicago, IL 60640",85.4,67.8,0.0,moderately organized
2024,,610357,Spry Community Links High School,High School (9-12),"2400 S Marshall Blvd, Chicago, IL 60623",81.2,92.3,0.0,partially organized
2024,,610362,Medgar Evers Elementary School,Elementary School (K/PK-8),"9811 S Lowe Ave, Chicago, IL 60628",98.0,70.0,0.0,partially organized
2024,,610363,Walt Disney Magnet Elementary School,Elementary School (K/PK-8),"4140 N Marine Dr, Chicago, IL 60613",82.3,74.4,0.0,not yet organized
2024,,610364,William E B Dubois Elementary School,Elementary School (K/PK-8),"330 E 133rd St, Chicago, IL 60827",99.9,80.0,0.0,organized
2024,,610366,Charles H Wacker Elementary School,Elementary School (K/PK-8),"9746 S Morgan St, Chicago, IL 60643",98.3,76.7,0.0,well-organized
2024,,610367,Oscar DePriest Elementary School,Elementary School (K/PK-8),"139 S Parkside Ave, Chicago, IL 60644",98.4,51.7,0.0,not yet organized
2024,,610368,Langston Hughes Elementary School,Elementary School (K/PK-8),"240 W 104th St, Chicago, IL 60628",97.6,49.3,0.0,moderately organized
2024,,610369,Mahalia Jackson Elementary School,Elementary School (K/PK-8),"917 W 88th St, Chicago, IL 60620",87.8,81.3,0.0,organized
2024,,610380,Daniel Hale Williams Prep School of Medicine,High School (9-12),"4934 S Wabash Ave, Chicago, IL 60615",94.6,76.5,0.0,moderately organized
2024,,610381,Bronzeville Scholastic Academy High School,High School (9-12),"4934 S Wabash Ave, Chicago, IL 60615",96.6,71.4,0.0,moderately organized
2024,,610383,Greater Lawndale High School For Social Justice,High School (9-12),"3120 S Kostner Ave, Chicago, IL 60623",78.0,72.7,0.0,not yet organized
2024,,610384,Infinity Math Science and Technology High School,High School (9-12),"3120 S Kostner Ave, Chicago, IL 60623",84.9,62.5,0.0,well-organized
2024,,610385,Multicultural Arts High School,High School (9-12),"3120 S Kostner Ave, Chicago, IL 60623",82.1,75.8,0.0,moderately organized
2024,,610386,Peace & Education Coalition HS,High School (9-12),"4946 S Paulina St, Chicago, IL 60609",92.7,96.3,0.0,well-organized
2024,,610389,Orr Academy High School,High School (9-12),"730 N Pulaski Rd, Chicago, IL 60624",63.7,65.4,0.0,well-organized
2024,,610390,Hyman G Rickover Naval Academy High School,High School (9-12),"5700 W Berteau Ave, Chicago, IL 60634",94.5,69.2,0.0,well-organized
2024,,610391,Robert Lindblom Math & Science Academy HS,High School (9-12),"6130 S Wolcott Ave, Chicago, IL 60636",52.3,50.4,0.0,organized
2024,,610392,World Language Academy High School,High School (9-12),"3120 S Kostner Ave, Chicago, IL 60623",93.2,81.0,0.0,organized
2024,,610394,Uplift Community High School,High School (9-12),"900 W Wilson Ave, Chicago, IL 60640",63.2,84.4,0.0,partially organized
2024,,610396,Tarkington School of Excellence ES,Elementary School (K/PK-8),"3330 W 71st St, Chicago, IL 60629",95.0,75.0,0.0,not yet organized
2024,,610402,DeVry University Advantage Academy HS,High School (9-12),"1900 W Lawrence Ave, Chicago, IL 60640",84.5,90.9,0.0,well-organized
2024,,610405,Suder Montessori Magnet ES,Elementary School (K/PK-8),"2022 W Washington Blvd, Chicago, IL 60612",61.5,61.2,0.0,not yet organized
2024,,610499,Collins Academy STEAM High School,High School (9-12),"1313 S Sacramento Dr, Chicago, IL 60623",88.2,71.4,0.0,well-organized
2024,,610503,Frazier Prospective IB Magnet ES,Elementary School (K/PK-8),"4027 W Grenshaw St, Chicago, IL 60624",55.8,65.0,0.0,partially organized
2024,,610504,Velma F Thomas Early Childhood Center,Primary School (K/PK-5),"3625 S Hoyne Ave, Chicago, IL 60609",0.0,74.2,0.0,moderately organized
2024,,610513,Air Force Academy High School,High School (9-12),"3630 S Wells St, Chicago, IL 60609",71.1,88.0,0.0,organized
2024,,610515,Disney II Magnet School,Elementary School (K/PK-8),"3815 N Kedvale Ave, Chicago, IL 60641",94.2,74.4,0.0,well-organized
2024,,610518,Austin College and Career Academy High School,High School (9-12),"231 N Pine Ave, Chicago, IL 60644",68.6,66.7,0.0,moderately organized
2024,,610520,LaSalle II Magnet Elementary School,Elementary School (K/PK-8),"1148 N Honore St, Chicago, IL 60622",93.0,82.5,0.0,well-organized
2024,,610521,Sir Miles Davis Magnet Elementary Academy,Elementary School (K/PK-8),"6740 S Paulina St, Chicago, IL 60636",93.2,90.5,0.0,organized
2024,,610523,Edison Park Elementary School,Elementary School (K/PK-8),"6220 N Olcott Ave, Chicago, IL 60631",81.3,71.6,0.0,organized
2024,,610524,Louisa May Alcott College Preparatory HS,High School (9-12),"2957 N Hoyne Ave, Chicago, IL 60618",70.4,61.1,0.0,organized
2024,,610529,Ogden International High School,High School (9-12),"1250 W Erie St, Chicago, IL 60642",70.2,86.8,0.0,well-organized
2024,,610530,South Shore Fine Arts Academy,Elementary School (K/PK-8),"1415 E 70th St, Chicago, IL 60637",63.0,78.7,0.0,well-organized
2024,,610532,Irene C. Hernandez Middle School for the Advancement of Science,Middle School (6-8),"3510 W 55th St, Chicago, IL 60632",94.9,87.1,0.0,organized
2024,,610533,Dr Jorge Prieto Math and Science,Elementary School (K/PK-8),"2231 N Central Ave, Chicago, IL 60639",98.0,73.7,0.0,well-organized
2024,,610534,Skinner North,Elementary School (K/PK-8),"640 W Scott St, Chicago, IL 60610",94.4,75.7,0.0,well-organized
2024,,610539,Marvin Camras Elementary School,Elementary School (K/PK-8),"3000 N Mango Ave, Chicago, IL 60634",94.9,88.3,0.0,partially organized
2024,,610541,Federico Garcia Lorca Elementary School,Elementary School (K/PK-8),"3231 N Springfield Ave, Chicago, IL 60618",93.3,56.9,0.0,partially organized
2024,,610542,West Ridge Elementary School,Elementary School (K/PK-8),"6700 N Whipple St, Chicago, IL 60645",83.2,55.4,0.0,not yet organized
2024,,610543,Eric Solorio Academy High School,High School (9-12),"5400 S St Louis Ave, Chicago, IL 60632",86.2,74.8,0.0,well-organized
2024,,610544,Mariano Azuela Elementary School,Elementary School (K/PK-8),"4707 W Marquette Rd, Chicago, IL 60629",69.1,57.4,0.0,moderately organized
2024,,610547,South Shore Intl College Prep High School,High School (9-12),"1955 E 75th St, Chicago, IL 60649",45.0,40.7,0.0,no report
2024,,610548,STEM Magnet Academy,Elementary School (K/PK-8),"1522 W Fillmore St, Chicago, IL 60607",62.6,79.0,0.0,moderately organized
2024,,610557,Pathways in Education - Ashburn,High School (9-12),"3284 W 87th St, Chicago, IL 60652",71.2,92.3,0.0,well-organized
2024,,610558,Sarah E. Goode STEM Academy,High School (9-12),"7651 S Homan Ave, Chicago, IL 60652",76.5,82.8,0.0,moderately organized
2024,,610559,James Shields Middle School,Middle School (6-8),"2611 W 48th St, Chicago, IL 60632",92.9,86.5,0.0,organized
2024,,610561,Richard T Crane Medical Preparatory HS,High School (9-12),"2245 W Jackson Blvd, Chicago, IL 60612",63.8,77.8,0.0,organized
2024,,610563,Back of the Yards IB High School,High School (9-12),"2111 W 47th St, Chicago, IL 60609",64.6,65.9,0.0,organized
2024,,610564,Disney II Magnet High School,High School (9-12),"3900 N Lawndale Ave, Chicago, IL 60618",77.3,97.0,0.0,well-organized
2024,,610565,Excel Academy of Englewood,High School (9-12),"7141 S Morgan, Chicago, IL 60621",51.3,83.3,0.0,moderately organized
2024,,610568,Pathways in Education - Avondale,High School (9-12),"3100 W Belmont Ave, Chicago, IL 60618",52.7,86.7,0.0,well-organized
2024,,610569,Ombudsman Chicago - Northwest,High School (9-12),"7500 N Harlem Ave, Chicago, IL 60631",87.4,99.9,0.0,well-organized
2024,,610570,Ombudsman Chicago - South,High School (9-12),"6057 S Western Ave, Chicago, IL 60636",56.3,99.9,0.0,moderately organized
2024,,610571,Ombudsman Chicago - West,High School (9-12),"2401 W Congress Pkwy, Chicago, IL 60612",55.2,99.9,0.0,organized
2024,,610586,Edward E. Sadlowski Elementary School,Elementary School (K/PK-8),"3930 E 105th, Chicago, IL 60617",84.9,78.4,0.0,organized
2024,,610587,Walter Henri Dyett High School for the Arts,High School (9-12),"555 E 51st, Chicago, IL 60615",70.6,58.3,0.0,organized
2024,,610588,Robert J. Richardson Middle School,Middle School (6-8),"6018 S Karlov, Chicago, IL 60629",98.2,80.0,0.0,organized
2024,,610589,Sor Juana Ines de la Cruz ES,Elementary School (K/PK-8),"4034 W 56th, Chicago, IL 60629",95.7,87.2,0.0,organized
2024,,610590,Bronzeville Classical Elementary School,Elementary School (K/PK-8),"8 W Root, Chicago, IL 60609",70.7,86.1,0.0,well-organized
2024,,610592,Englewood STEM High School,High School (9-12),"6835 S Normal, Chicago, IL 60621",52.6,61.1,0.0,partially organized
2024,,610593,Ombudsman Chicago - Roseland HS,High School (9-12),"10928 S Halsted St, Chicago, IL 60628",85.5,99.9,0.0,well-organized
2024,,610594,Pathways in Education - Humboldt Park HS,High School (9-12),"2421 W Division St, Chicago, IL 60622",54.0,71.4,0.0,moderately organized
2024,,610595,Dr. Fisher Early Learning Center,Primary School (K/PK-5),"2727 N Lincoln, Chicago, IL 60614",0.0,90.0,0.0,organized
2024,,610596,The Virtual Academy Elementary School,Elementary School (K/PK-8),"1326 W 14th, Chicago, IL 60608",55.2,54.0,0.0,well-organized
2024,,610597,The Virtual Academy High School,High School (9-12),"1326 W 14th, Chicago, IL 60608",74.3,71.1,0.0,well-organized
2024,,610599,Catalpa Early Childhood Center,Primary School (K/PK-5),"4434 N Laramie, Chicago, IL 60630",0.0,96.2,0.0,well-organized
2024,,910572,Safe Achieve Academy ES and HS,High School (9-12),"7877 S Coles Ave, Chicago, IL 60649",41.4,90.9,0.0,organized
2025,24-25,400009,Academy for Global Citizenship Charter School,Elementary School (K/PK-8),"4942 W 44th St, Chicago, IL 60638",99.9,76.9,0.0,has results for 31 measures
2025,24-25,400011,Alain Locke Charter School,Elementary School (K/PK-8),"3141 W Jackson Blvd, Chicago, IL 60612",0.0,0.0,0.0,no report
2025,24-25,400013,ASPIRA Charter School - Early College High School,High School (9-12),"3986 W Barry Ave, Chicago, IL 60618",98.9,84.6,0.0,has results for 34 measures
2025,24-25,400017,ASPIRA Charter School - Haugan Middle School,Middle School (6-8),"3729 W Leland Ave, Chicago, IL 60625",99.9,88.9,0.0,has results for 25 measures
2025,24-25,400021,Catalyst Elementary Charter School - Circle Rock,Elementary School (K/PK-8),"5608 W Washington Blvd, Chicago, IL 60644",98.3,92.7,0.0,has results for 31 measures
2025,24-25,400022,Chicago High School for the Arts (ChiArts),High School (9-12),"2714 W Augusta Blvd, Chicago, IL 60622",61.0,49.6,0.0,has results for 34 measures
2025,24-25,400023,CICS - Avalon/South Shore,Elementary School (K/PK-8),"1501 E 83rd Pl, Chicago, IL 60619",98.3,92.9,0.0,has results for 31 measures
2025,24-25,400024,CICS - Basil,Elementary School (K/PK-8),"1816 W Garfield Blvd, Chicago, IL 60609",99.3,97.7,0.0,has results for 31 measures
2025,24-25,400025,CICS - Bucktown,Elementary School (K/PK-8),"2235 N Hamilton Ave, Chicago, IL 60647",96.4,89.2,0.0,has results for 31 measures
2025,24-25,400026,CICS - Loomis Primary,Primary School (K/PK-5),"9535 S Loomis St, Chicago, IL 60643",0.0,93.1,0.0,has results for 39 measures
2025,24-25,400027,CICS - Irving Park,Elementary School (K/PK-8),"3820 N Spaulding Ave, Chicago, IL 60618",97.3,93.8,0.0,has results for 31 measures
2025,24-25,400028,CICS - Prairie,Elementary School (K/PK-8),"11530 S Prairie Ave, Chicago, IL 60628",99.0,97.0,0.0,has results for 31 measures
2025,24-25,400029,CICS - Washington Park,Elementary School (K/PK-8),"110 E 61st St, Chicago, IL 60637",99.9,97.2,0.0,has results for 31 measures
2025,24-25,400030,CICS - West Belden,Elementary School (K/PK-8),"2245 N Mcvicker Ave, Chicago, IL 60639",99.7,94.1,0.0,has results for 31 measures
2025,24-25,400031,CICS - Wrightwood,Elementary School (K/PK-8),"8130 S California Ave, Chicago, IL 60652",98.3,92.3,0.0,has results for 31 measures
2025,24-25,400032,CICS - Ralph Ellison,High School (9-12),"1817 W 80th St, Chicago, IL 60620",95.0,81.3,0.0,has results for 34 measures
2025,24-25,400033,CICS - Longwood,Elementary School (K/PK-8),"1309 W 95th St, Chicago, IL 60643",97.4,86.7,0.0,has results for 32 measures
2025,24-25,400034,CICS - Northtown,High School (9-12),"3900 W Peterson Ave, Chicago, IL 60659",95.3,76.7,0.0,has results for 34 measures
2025,24-25,400035,Chicago Math and Science Academy Charter School,High School (9-12),"7212 N Clark St, Chicago, IL 60626",91.8,90.7,0.0,has results for 34 measures
2025,24-25,400039,Erie Elementary Charter School,Elementary School (K/PK-8),"1405 N Washtenaw Ave, Chicago, IL 60622",76.6,87.8,0.0,has results for 31 measures
2025,24-25,400044,KIPP Ascend Charter School,Elementary School (K/PK-8),"1616 S Avers Ave, Chicago, IL 60623",97.4,90.0,0.0,has results for 31 measures
2025,24-25,400046,L.E.A.R.N. - Romano Butler Campus,Elementary School (K/PK-8),"1132 S Homan Ave, Chicago, IL 60624",99.9,97.7,0.0,has results for 31 measures
2025,24-25,400047,L.E.A.R.N. - Charles and Dorothy Campbell Campus,Elementary School (K/PK-8),"212 S Francisco Ave, Chicago, IL 60612",99.9,99.9,0.0,has results for 31 measures
2025,24-25,400048,L.E.A.R.N. - Excel Campus,Elementary School (K/PK-8),"3021 W Carroll Ave, Chicago, IL 60612",99.9,99.9,0.0,has results for 31 measures
2025,24-25,400049,Legacy Charter School,Elementary School (K/PK-8),"3318 West Ogden Ave, Chicago, IL 60623",93.9,85.4,0.0,has results for 31 measures
2025,24-25,400050,Namaste Charter School,Elementary School (K/PK-8),"3737 S Paulina St, Chicago, IL 60609",97.9,97.7,0.0,has results for 31 measures
2025,24-25,400051,Noble - Noble College Prep,High School (9-12),"1010 N Noble St, Chicago, IL 60642",81.7,96.2,0.0,has results for 34 measures
2025,24-25,400052,Noble - Gary Comer College Prep,High School (9-12),"7131 S South Chicago Ave, Chicago, IL 60619",76.9,85.9,0.0,has results for 34 measures
2025,24-25,400053,Noble - Golder College Prep,High School (9-12),"1454 W Superior St, Chicago, IL 60642",80.2,73.1,0.0,has results for 34 measures
2025,24-25,400054,Noble - Pritzker College Prep,High School (9-12),"4131 W Cortland St, Chicago, IL 60639",83.4,60.9,0.0,has results for 34 measures
2025,24-25,400055,Noble - Rauner College Prep,High School (9-12),"1337 W Ohio St, Chicago, IL 60642",69.1,45.7,0.0,has results for 14 measures
2025,24-25,400056,Noble - Rowe-Clark Math and Science Academy,High School (9-12),"3645 W Chicago Ave, Chicago, IL 60651",73.8,41.0,0.0,has results for 14 measures
2025,24-25,400057,Noble - UIC College Prep,High School (9-12),"1231 S Damen Ave, Chicago, IL 60608",80.9,80.5,0.0,has results for 34 measures
2025,24-25,400058,North Lawndale College Prep - Christiana,High School (9-12),"1615 S Christiana Ave, Chicago, IL 60623",96.0,99.9,0.0,has results for 34 measures
2025,24-25,400059,North Lawndale College Prep - Collins,High School (9-12),"1313 S Sacramento Dr, Chicago, IL 60623",99.9,99.9,0.0,has results for 34 measures
2025,24-25,400060,Passages Charter School,Elementary School (K/PK-8),"1643 W Bryn Mawr Ave, Chicago, IL 60660",96.7,84.9,0.0,has results for 31 measures
2025,24-25,400061,Perspectives - Leadership Academy,High School (9-12),"8131 South May Street, Chicago, IL 60620",84.3,77.5,0.0,has results for 34 measures
2025,24-25,400062,Perspectives - High School of Technology,High School (9-12),"8131 S May St., Chicago, IL 60620",82.0,88.0,0.0,has results for 34 measures
2025,24-25,400064,Perspectives - Rodney D. Joslin,High School (9-12),"1930 S Archer Ave, Chicago, IL 60616",82.4,77.1,0.0,has results for 34 measures
2025,24-25,400066,Perspectives - Math and Science Academy,High School (9-12),"3663 S. Wabash Avenue, Chicago, IL 60653",73.4,79.5,0.0,has results for 34 measures
2025,24-25,400068,Plato Learning Academy,Elementary School (K/PK-8),"5545 W Harrison St, Chicago, IL 60644",71.1,80.0,0.0,has results for 31 measures
2025,24-25,400069,Polaris Charter Academy,Elementary School (K/PK-8),"620 N Sawyer Ave, Chicago, IL 60624",64.0,78.1,0.0,has results for 31 measures
2025,24-25,400071,Providence Englewood Charter School,Elementary School (K/PK-8),"6515 S Ashland Ave, Chicago, IL 60636",91.0,81.3,0.0,has results for 31 measures
2025,24-25,400075,University of Chicago - Donoghue,Primary School (K/PK-5),"707 E. 37th Street, Chicago, IL 60653",83.8,93.2,0.0,has results for 26 measures
2025,24-25,400076,University of Chicago - North Kenwood/Oakland,Primary School (K/PK-5),"1119 E. 46th Street, Chicago, IL 60653",98.0,99.9,0.0,has results for 26 measures
2025,24-25,400077,University of Chicago - Woodlawn,High School (9-12),"6300 S University Ave, Chicago, IL 60637",70.9,81.3,0.0,has results for 34 measures
2025,24-25,400079,Acero Charter Schools - SPC Daniel Zizumbo,Elementary School (K/PK-8),"4248 W 47th St, Chicago, IL 60632",99.4,97.3,0.0,has results for 31 measures
2025,24-25,400080,Acero Charter Schools - PFC Omar E. Torres,Elementary School (K/PK-8),"4248 W 47th St, Chicago, IL 60632",96.8,91.7,0.0,has results for 31 measures
2025,24-25,400081,Acero Charter Schools - Bartolome de las Casas,Elementary School (K/PK-8),"1641 W 16th St, Chicago, IL 60608",99.9,99.9,0.0,has results for 31 measures
2025,24-25,400082,Acero Charter Schools - Carlos Fuentes,Elementary School (K/PK-8),"2845 W Barry Ave, Chicago, IL 60618",99.5,77.8,0.0,has results for 31 measures
2025,24-25,400083,Acero Charter Schools - Octavio Paz Campus,Elementary School (K/PK-8),"2651 W 23rd St, Chicago, IL 60608",97.2,83.3,0.0,has results for 31 measures
2025,24-25,400084,Acero Charter Schools - Rufino Tamayo,Elementary School (K/PK-8),"5135 S California Ave, Chicago, IL 60632",95.7,99.9,0.0,has results for 31 measures
2025,24-25,400085,Acero Charter Schools - Major Hector P. Garcia MD,High School (9-12),"4248 W 47th St, Chicago, IL 60632",85.7,88.7,0.0,has results for 34 measures
2025,24-25,400086,Urban Prep Academy for Young Men - Englewood,High School (9-12),"6201 S Stewart Ave, Chicago, IL 60621",97.5,94.7,0.0,has results for 34 measures
2025,24-25,400089,Acero Charter Schools - Officer Donald J. Marquez,Elementary School (K/PK-8),"2916 W 47th St, Chicago, IL 60632",99.9,97.4,0.0,has results for 31 measures
2025,24-25,400091,Chicago Technology Academy High School,High School (9-12),"1301 W 14th St, Chicago, IL 60608",31.3,74.4,0.0,has results for 20 measures
2025,24-25,400092,CICS - Lloyd Bond,Elementary School (K/PK-8),"13300 S Langley Ave, Chicago, IL 60827",99.9,90.6,0.0,has results for 31 measures
2025,24-25,400094,EPIC Academy Charter High School,High School (9-12),"8255 S Houston Ave, Chicago, IL 60617",55.6,84.6,0.0,has results for 34 measures
2025,24-25,400096,Rowe Elementary Charter School,Elementary School (K/PK-8),"1424 N Cleaver St, Chicago, IL 60642",69.1,79.6,0.0,has results for 31 measures
2025,24-25,400097,Noble - Chicago Bulls College Prep,High School (9-12),"2040 W Adams St, Chicago, IL 60612",73.8,74.7,0.0,has results for 34 measures
2025,24-25,400098,Noble - Muchin College Prep,High School (9-12),"1 N State St, Chicago, IL 60602",87.0,42.7,0.0,has results for 14 measures
2025,24-25,400101,Acero Charter Schools - Sandra Cisneros,Elementary School (K/PK-8),"2744 W Pershing Rd, Chicago, IL 60632",87.8,86.7,0.0,has results for 31 measures
2025,24-25,400104,Instituto Health Sciences Career Academy,High School (9-12),"2520 S Western Ave, Chicago, IL 60608",80.6,88.4,0.0,has results for 34 measures
2025,24-25,400105,Urban Prep Academy for Young Men - Bronzeville,High School (9-12),"521 E 35th St, Chicago, IL 60616",92.5,99.9,0.0,has results for 34 measures
2025,24-25,400106,Noble - John and Eunice Johnson College Prep,High School (9-12),"6350 S Stewart Ave, Chicago, IL 60621",69.2,57.5,0.0,has results for 34 measures
2025,24-25,400107,L.E.A.R.N. - South Chicago Campus,Elementary School (K/PK-8),"8914 S Buffalo Ave, Chicago, IL 60617",98.4,86.4,0.0,has results for 31 measures
2025,24-25,400111,L.E.A.R.N. - Hunter Perkins Campus,Elementary School (K/PK-8),"1700 W 83rd St, Chicago, IL 60620",99.6,88.9,0.0,has results for 31 measures
2025,24-25,400112,Acero Charter Schools - Jovita Idar,Elementary School (K/PK-8),"5050 S Homan Ave, Chicago, IL 60632",99.9,97.2,0.0,has results for 31 measures
2025,24-25,400114,Acero Charter Schools - Esmeralda Santiago,Elementary School (K/PK-8),"2510 W Cortez St, Chicago, IL 60622",98.5,89.5,0.0,has results for 31 measures
2025,24-25,4001151,Catalyst Maria Charter Elementary School,Elementary School (K/PK-8),"6727 S California Ave, Chicago, IL 60629",99.7,94.7,0.0,has results for 31 measures
2025,24-25,400116,The Montessori School of Englewood Charter,Elementary School (K/PK-8),"6936 S Hermitage Ave, Chicago, IL 60636",99.9,99.9,0.0,has results for 31 measures
2025,24-25,400117,Noble - Hansberry College Prep,High School (9-12),"8748 S Aberdeen St, Chicago, IL 60620",86.9,72.7,0.0,has results for 34 measures
2025,24-25,400118,Noble - DRW College Prep,High School (9-12),"931 S Homan Ave, Chicago, IL 60624",79.1,57.6,0.0,has results for 34 measures
2025,24-25,400119,Legal Prep Charter Academy,High School (9-12),"4319 W Washington Blvd, Chicago, IL 60624",61.9,72.2,0.0,has results for 34 measures
2025,24-25,400120,Acero Charter Schools - Roberto Clemente,Elementary School (K/PK-8),"2050 N Natchez Ave, Chicago, IL 60707",81.8,90.0,0.0,has results for 31 measures
2025,24-25,400121,Acero Charter Schools - Sor Juana Ines de la Cruz,Elementary School (K/PK-8),"7416 N Ridge Ave, Chicago, IL 60645",66.9,85.1,0.0,has results for 32 measures
2025,24-25,400123,YCCS - Academy of Scholastic Achievement HS,High School (9-12),"4651 W Madison St, Chicago, IL 60644",59.8,99.9,0.0,has results for 21 measures
2025,24-25,400124,YCCS - McKinley Lakeside Leadership HS,High School (9-12),"2920 S Wabash Ave, Chicago, IL 60616",96.4,99.9,0.0,has results for 27 measures
2025,24-25,400125,"YCCS - ASPIRA, Antonia Pantoja Alternative HS",High School (9-12),"3121 N Pulaski Rd, Chicago, IL 60641",59.0,90.9,0.0,has results for 34 measures
2025,24-25,400126,YCCS - Association House HS,High School (9-12),"1116 N Kedzie, 4th Floor Ave, Chicago, IL 60651",64.6,99.9,0.0,has results for 34 measures
2025,24-25,400128,YCCS - CCA Academy HS,High School (9-12),"1231 S Pulaski Rd, Chicago, IL 60623",66.1,99.9,0.0,has results for 27 measures
2025,24-25,400129,YCCS - Progressive Leadership Academy,High School (9-12),"6620 S Dr Martin Luther King Jr Drive, Chicago, IL 60637",53.1,99.9,0.0,has results for 22 measures
2025,24-25,400130,YCCS - Community Youth Development Institute HS,High School (9-12),"7836 S Union Ave, Chicago, IL 60620",82.3,84.6,0.0,has results for 27 measures
2025,24-25,400131,YCCS - Dr. Pedro Albizu Campos Puerto Rican HS,High School (9-12),"2739 W Division St, Chicago, IL 60622",97.5,99.9,0.0,has results for 30 measures
2025,24-25,400133,YCCS - Innovations HS of Arts Integration,High School (9-12),"17 N State St, Chicago, IL 60602",51.9,99.9,0.0,has results for 34 measures
2025,24-25,400135,YCCS - Latino Youth Alternative HS,High School (9-12),"2001 S California Ave, Chicago, IL 60608",77.4,99.9,0.0,has results for 31 measures
2025,24-25,400136,YCCS - Olive Harvey Middle College HS,High School (9-12),"10001 S Woodlawn Ave, Chicago, IL 60628",78.0,99.9,0.0,has results for 28 measures
2025,24-25,400139,YCCS - Sullivan House Alternative HS,High School (9-12),"8164 S South Chicago Ave, Chicago, IL 60617",85.9,90.0,0.0,has results for 34 measures
2025,24-25,400141,YCCS - Truman Middle College HS,High School (9-12),"1145 W Wilson Ave, Chicago, IL 60640",75.4,83.3,0.0,has results for 34 measures
2025,24-25,400143,YCCS - West Town Acad Alternative HS,High School (9-12),"500 N Sacramento Blvd, Chicago, IL 60612",62.8,99.9,0.0,has results for 29 measures
2025,24-25,400144,YCCS - West HS,High School (9-12),"4909 W Division St, Chicago, IL 60651",82.9,99.9,0.0,has results for 30 measures
2025,24-25,400145,YCCS - Youth Connection Leadership Acad HS,High School (9-12),"3424 S State St, Chicago, IL 60616",53.3,99.9,0.0,has results for 27 measures
2025,24-25,400146,KIPP Academy Chicago Campus,Elementary School (K/PK-8),"4818 W Ohio St, Chicago, IL 60644",96.5,71.4,0.0,has results for 31 measures
2025,24-25,400147,Chicago Excel Academy HS,High School (9-12),"1257 W 111th St, Chicago, IL 60643",51.6,93.3,0.0,has results for 34 measures
2025,24-25,400149,Acero Charter Schools - Victoria Soto,High School (9-12),"5025 S St. Louis Ave, Chicago, IL 60632",98.7,99.9,0.0,has results for 34 measures
2025,24-25,400150,YCCS - Chatham Academy HS,High School (9-12),"9035 S Langley Ave, Chicago, IL 60619",81.0,99.9,0.0,has results for 22 measures
2025,24-25,400151,L.E.A.R.N. - 7th Campus,Primary School (K/PK-5),"3021 W Carroll Ave, Chicago, IL 60612",99.9,81.3,0.0,has results for 26 measures
2025,24-25,400153,Acero Charter Schools - Brighton Park,Elementary School (K/PK-8),"4420 S Fairfield Ave, Chicago, IL 60632",96.5,92.1,0.0,has results for 31 measures
2025,24-25,400156,Noble - Butler College Prep,High School (9-12),"821 E 103rd St, Chicago, IL 60628",59.8,46.8,0.0,has results for 14 measures
2025,24-25,400157,Noble - Baker College Prep,High School (9-12),"2710 E 89th St, Chicago, IL 60617",78.0,96.2,0.0,has results for 34 measures
2025,24-25,400159,Christopher House Charter School,Elementary School (K/PK-8),"5235 W Belden Ave, Chicago, IL 60639",93.6,79.5,0.0,has results for 31 measures
2025,24-25,400161,Chicago Collegiate Charter School,Elementary School (K/PK-8),"11816 S Indiana, Chicago, IL 60628",92.6,99.9,0.0,has results for 32 measures
2025,24-25,400162,Intrinsic Charter School,High School (9-12),"4540 W Belmont Ave, Chicago, IL 60641",97.6,92.2,0.0,has results for 34 measures
2025,24-25,400163,KIPP Chicago Charter School - KIPP Bloom,Elementary School (K/PK-8),"5515 S Lowe Ave, Chicago, IL 60621",97.5,71.6,0.0,has results for 31 measures
2025,24-25,400164,Instituto - Justice and Leadership,High School (9-12),"2570 S Blue Island Ave, Chicago, IL 60608",61.5,85.7,0.0,has results for 34 measures
2025,24-25,400165,L.E.A.R.N. - Middle School Campus,Middle School (6-8),"3021 W Carroll Ave, Chicago, IL 60612",98.8,95.5,0.0,has results for 31 measures
2025,24-25,400167,Horizon Science Academy Southwest Chicago Charter,Elementary School (K/PK-8),"5401 S Western Ave, Chicago, IL 60609",85.5,82.4,0.0,has results for 32 measures
2025,24-25,400168,Great Lakes Academy Charter School,Elementary School (K/PK-8),"8401 S Saginaw Ave, Chicago, IL 60617",94.7,64.2,0.0,has results for 31 measures
2025,24-25,400169,Noble - ITW David Speer Academy,High School (9-12),"5321 W Grand Ave, Chicago, IL 60639",77.8,73.1,0.0,has results for 34 measures
2025,24-25,400170,Noble - The Noble Academy,High School (9-12),"1443 N Ogden Ave, Chicago, IL 60610",79.6,73.3,0.0,has results for 34 measures
2025,24-25,400172,ASPIRA Business and Finance,High School (9-12),"2989 N Milwaukee Ave, Chicago, IL 60618",88.1,89.6,0.0,has results for 34 measures
2025,24-25,400173,Pathways in Education - Brighton Park,High School (9-12),"3124 W 47th St, Chicago, IL 60632",68.0,99.9,0.0,has results for 34 measures
2025,24-25,400175,Excel Academy of South Shore,High School (9-12),"7530 S South Shore Dr, Chicago, IL 60649",68.0,99.9,0.0,has results for 34 measures
2025,24-25,400176,Excel Academy Southwest,High School (9-12),"7050 S Washtenaw Ave, Chicago, IL 60629",72.7,99.9,0.0,has results for 34 measures
2025,24-25,400178,Moving Everest Charter School,Elementary School (K/PK-8),"416 N Laramie Ave, Chicago, IL 60644",99.9,83.1,0.0,has results for 31 measures
2025,24-25,400179,Noble - Mansueto High School,High School (9-12),"2911 W 47th, Chicago, IL 60632",58.6,87.3,0.0,has results for 34 measures
2025,24-25,400180,KIPP One Academy,Elementary School (K/PK-8),"730 N Pulaski, Chicago, IL 60624",98.5,90.4,0.0,has results for 31 measures
2025,24-25,400181,Art in Motion Charter School,High School (9-12),"7415 S East End Ave, Chicago, IL 60649",98.3,93.2,0.0,has results for 34 measures
2025,24-25,400182,Catalyst Maria Charter High School,High School (9-12),"6727 S California Ave, Chicago, IL 60629",95.3,89.8,0.0,has results for 34 measures
2025,24-25,609674,Chicago Vocational Career Academy High School,High School (9-12),"2100 E 87th St, Chicago, IL 60617",84.6,76.6,0.0,has results for 34 measures
2025,24-25,609676,Paul Laurence Dunbar Career Academy High School,High School (9-12),"3000 S King Dr, Chicago, IL 60616",72.6,75.6,0.0,has results for 34 measures
2025,24-25,609678,William Jones College Preparatory High School,High School (9-12),"700 S State St, Chicago, IL 60605",59.8,61.8,0.0,has results for 34 measures
2025,24-25,609679,Charles Allen Prosser Career Academy High School,High School (9-12),"2148 N Long Ave, Chicago, IL 60639",70.2,68.3,0.0,has results for 34 measures
2025,24-25,609680,Walter Payton College Preparatory High School,High School (9-12),"1034 N Wells St, Chicago, IL 60610",55.7,65.3,0.0,has results for 34 measures
2025,24-25,609682,Ellen H Richards Career Academy High School,High School (9-12),"5009 S Laflin St, Chicago, IL 60609",60.1,89.2,0.0,has results for 34 measures
2025,24-25,609691,North-Grand High School,High School (9-12),"4338 W Wabansia Ave, Chicago, IL 60639",53.9,58.8,0.0,has results for 34 measures
2025,24-25,609692,Neal F Simeon Career Academy High School,High School (9-12),"8147 S Vincennes Ave, Chicago, IL 60620",82.4,55.6,0.0,has results for 34 measures
2025,24-25,609693,George Westinghouse College Prep,High School (9-12),"3223 W Franklin Blvd, Chicago, IL 60624",61.2,58.3,0.0,has results for 34 measures
2025,24-25,609694,John Hancock College Preparatory High School,High School (9-12),"5437 W 64th Pl, Chicago, IL 60638",70.3,77.2,0.0,has results for 34 measures
2025,24-25,609695,Roald Amundsen High School,High School (9-12),"5110 N Damen Ave, Chicago, IL 60625",88.4,81.8,0.0,has results for 34 measures
2025,24-25,609698,William J Bogan High School,High School (9-12),"3939 W 79th St, Chicago, IL 60652",92.1,62.0,0.0,has results for 34 measures
2025,24-25,609704,David G Farragut Career Academy High School,High School (9-12),"2345 S Christiana Ave, Chicago, IL 60623",81.1,94.9,0.0,has results for 34 measures
2025,24-25,609705,Christian Fenger Academy High School,High School (9-12),"11220 S Wallace St, Chicago, IL 60628",87.6,86.4,0.0,has results for 34 measures
2025,24-25,609708,Edwin G. Foreman College and Career Academy,High School (9-12),"3235 N Leclaire Ave, Chicago, IL 60641",63.1,56.3,0.0,has results for 34 measures
2025,24-25,609709,Gage Park High School,High School (9-12),"5630 S Rockwell St, Chicago, IL 60629",56.8,71.4,0.0,has results for 34 measures
2025,24-25,609710,John M Harlan Community Academy High School,High School (9-12),"9652 S Michigan Ave, Chicago, IL 60628",67.3,69.7,0.0,has results for 34 measures
2025,24-25,609712,Emil G Hirsch Metropolitan High School,High School (9-12),"7740 S Ingleside Ave, Chicago, IL 60619",71.1,81.8,0.0,has results for 34 measures
2025,24-25,609713,Hyde Park Academy High School,High School (9-12),"6220 S Stony Island Ave, Chicago, IL 60637",63.7,63.9,0.0,has results for 34 measures
2025,24-25,609715,Thomas Kelly College Preparatory,High School (9-12),"4136 S California Ave, Chicago, IL 60632",55.1,81.4,0.0,has results for 34 measures
2025,24-25,609716,Kelvyn Park High School,High School (9-12),"4343 W Wrightwood Ave, Chicago, IL 60639",71.3,88.7,0.0,has results for 34 measures
2025,24-25,609718,John F Kennedy High School,High School (9-12),"6325 W 56th St, Chicago, IL 60638",74.5,86.9,0.0,has results for 34 measures
2025,24-25,609719,Lake View High School,High School (9-12),"4015 N Ashland Ave, Chicago, IL 60613",78.0,68.3,0.0,has results for 34 measures
2025,24-25,609720,Albert G Lane Technical High School,High School (9-12),"2501 W Addison St, Chicago, IL 60618",66.5,37.6,0.0,has results for 14 measures
2025,24-25,609722,Manley Career Academy High School,High School (9-12),"2935 W Polk St, Chicago, IL 60612",61.6,72.2,0.0,has results for 34 measures
2025,24-25,609723,John Marshall Metropolitan High School,High School (9-12),"3250 W Adams St, Chicago, IL 60624",80.0,77.8,0.0,has results for 34 measures
2025,24-25,609724,Stephen T Mather High School,High School (9-12),"5835 N Lincoln Ave, Chicago, IL 60659",54.2,61.2,0.0,has results for 34 measures
2025,24-25,609725,Morgan Park High School,High School (9-12),"1744 W Pryor Ave, Chicago, IL 60643",79.6,67.3,0.0,has results for 34 measures
2025,24-25,609726,Gwendolyn Brooks College Preparatory Academy HS,High School (9-12),"250 E 111th St, Chicago, IL 60628",52.5,63.0,0.0,has results for 34 measures
2025,24-25,609727,Wendell Phillips Academy High School,High School (9-12),"244 E Pershing Rd, Chicago, IL 60653",75.5,67.6,0.0,has results for 34 measures
2025,24-25,609728,Theodore Roosevelt High School,High School (9-12),"3436 W Wilson Ave, Chicago, IL 60625",82.5,94.1,0.0,has results for 34 measures
2025,24-25,609729,Carl Schurz High School,High School (9-12),"3601 N Milwaukee Ave, Chicago, IL 60641",67.7,74.8,0.0,has results for 34 measures
2025,24-25,609730,Nicholas Senn High School,High School (9-12),"5900 N Glenwood Ave, Chicago, IL 60660",55.2,88.8,0.0,has results for 34 measures
2025,24-25,609732,Charles P Steinmetz College Preparatory HS,High School (9-12),"3030 N Mobile Ave, Chicago, IL 60634",72.1,77.1,0.0,has results for 34 measures
2025,24-25,609733,Roger C Sullivan High School,High School (9-12),"6631 N Bosworth Ave, Chicago, IL 60626",51.1,73.4,0.0,has results for 34 measures
2025,24-25,609734,William Howard Taft High School,High School (9-12),"6530 W Bryn Mawr Ave, Chicago, IL 60631",53.6,54.1,0.0,has results for 34 measures
2025,24-25,609735,Edward Tilden Career Community Academy HS,High School (9-12),"4747 S Union Ave, Chicago, IL 60609",62.0,72.2,0.0,has results for 34 measures
2025,24-25,609737,Friedrich W von Steuben Metropolitan Science HS,High School (9-12),"5039 N Kimball Ave, Chicago, IL 60625",80.1,75.2,0.0,has results for 34 measures
2025,24-25,609738,Lincoln Park High School,High School (9-12),"2001 N Orchard St, Chicago, IL 60614",53.6,58.4,0.0,has results for 34 measures
2025,24-25,609739,George Washington High School,High School (9-12),"3535 E 114th St, Chicago, IL 60617",58.4,51.6,0.0,has results for 34 measures
2025,24-25,609740,Wells Community Academy High School,High School (9-12),"936 N Ashland Ave, Chicago, IL 60622",91.5,75.6,0.0,has results for 34 measures
2025,24-25,609741,Gurdon S Hubbard High School,High School (9-12),"6200 S Hamlin Ave, Chicago, IL 60629",79.7,58.4,0.0,has results for 34 measures
2025,24-25,609744,Northside Learning Center High School,High School (9-12),"3730 W Bryn Mawr Ave, Chicago, IL 60659",0.0,29.8,0.0,no report
2025,24-25,609745,Southside Occupational Academy High School,High School (9-12),"7342 S Hoyne Ave, Chicago, IL 60636",52.7,77.4,0.0,has results for 34 measures
2025,24-25,609746,Kenwood Academy High School,High School (9-12),"5015 S Blackstone Ave, Chicago, IL 60615",80.9,58.4,0.0,has results for 34 measures
2025,24-25,609748,Consuella B York Alternative High School,High School (9-12),"2700 S California Ave, Chicago, IL 60608",82.2,95.6,0.0,has results for 34 measures
2025,24-25,609749,Northside College Preparatory High School,High School (9-12),"5501 N Kedzie Ave, Chicago, IL 60625",38.4,24.7,0.0,no report
2025,24-25,609750,Simpson Academy HS for Young Women,High School (9-12),"1321 S Paulina St, Chicago, IL 60608",77.8,88.9,0.0,has results for 34 measures
2025,24-25,609751,Dr  Martin Luther King  Jr  College Prep HS,High School (9-12),"4445 S Drexel Blvd, Chicago, IL 60653",82.0,71.8,0.0,has results for 34 measures
2025,24-25,609753,Chicago High School for Agricultural Sciences,High School (9-12),"3857 W 111th St, Chicago, IL 60655",89.2,91.9,0.0,has results for 34 measures
2025,24-25,609754,Chicago Military Academy High School,High School (9-12),"3519 S Giles Ave, Chicago, IL 60653",75.4,65.5,0.0,has results for 34 measures
2025,24-25,609755,Whitney M Young Magnet High School,High School (9-12),"211 S Laflin St, Chicago, IL 60607",70.5,60.1,0.0,has results for 34 measures
2025,24-25,609756,Marie Sklodowska Curie Metropolitan High School,High School (9-12),"4959 S Archer Ave, Chicago, IL 60632",75.7,77.2,0.0,has results for 34 measures
2025,24-25,609759,Roberto Clemente Community Academy High School,High School (9-12),"1147 N Western Ave, Chicago, IL 60622",79.3,44.2,0.0,has results for 14 measures
2025,24-25,609760,George Washington Carver Military Academy HS,High School (9-12),"13100 S Doty Ave, Chicago, IL 60827",88.6,65.0,0.0,has results for 34 measures
2025,24-25,609761,George H Corliss High School,High School (9-12),"821 E 103rd St, Chicago, IL 60628",73.4,66.7,0.0,has results for 34 measures
2025,24-25,609762,Percy L Julian High School,High School (9-12),"10330 S Elizabeth St, Chicago, IL 60643",60.0,47.9,0.0,has results for 14 measures
2025,24-25,609764,Benito Juarez Community Academy High School,High School (9-12),"1450 W Cermak Rd, Chicago, IL 60608",77.0,83.2,0.0,has results for 34 measures
2025,24-25,609766,Jacqueline B Vaughn Occupational High School,High School (9-12),"4355 N Linder Ave, Chicago, IL 60641",0.0,49.4,0.0,no report
2025,24-25,609769,Ray Graham Training Center High School,High School (9-12),"2347 S Wabash Ave, Chicago, IL 60616",64.0,54.7,0.0,has results for 34 measures
2025,24-25,609772,Jane Addams Elementary School,Elementary School (K/PK-8),"10810 S Avenue H, Chicago, IL 60617",96.8,92.5,0.0,has results for 31 measures
2025,24-25,609773,Harriet Tubman Elementary School,Elementary School (K/PK-8),"2851 N Seminary Ave, Chicago, IL 60657",96.1,90.2,0.0,has results for 31 measures
2025,24-25,609774,Louisa May Alcott College Preparatory ES,Elementary School (K/PK-8),"2625 N Orchard St, Chicago, IL 60614",95.5,77.9,0.0,has results for 31 measures
2025,24-25,609777,Phillip D Armour Elementary School,Elementary School (K/PK-8),"950 W 33rd Pl, Chicago, IL 60608",99.9,77.1,0.0,has results for 31 measures
2025,24-25,609779,George Armstrong International Studies ES,Elementary School (K/PK-8),"2110 W Greenleaf Ave, Chicago, IL 60645",96.5,80.0,0.0,has results for 31 measures
2025,24-25,609780,Marine Leadership Academy at Ames,High School (9-12),"1920 N Hamlin Ave, Chicago, IL 60647",69.4,67.2,0.0,has results for 34 measures
2025,24-25,609782,John J Audubon Elementary School,Elementary School (K/PK-8),"3500 N Hoyne Ave, Chicago, IL 60618",97.3,84.1,0.0,has results for 31 measures
2025,24-25,609783,Nancy B Jefferson Alternative High School,High School (9-12),"1100 S Hamilton Ave, Chicago, IL 60612",98.2,78.2,0.0,has results for 34 measures
2025,24-25,609786,Avalon Park Elementary School,Elementary School (K/PK-8),"8045 S Kenwood Ave, Chicago, IL 60619",99.9,88.0,0.0,has results for 31 measures
2025,24-25,609788,Alice L Barnard Computer Math & Science Ctr ES,Elementary School (K/PK-8),"10354 S Charles St, Chicago, IL 60643",88.8,62.1,0.0,has results for 31 measures
2025,24-25,609789,John Barry Elementary School,Elementary School (K/PK-8),"2828 N Kilbourn Ave, Chicago, IL 60641",97.5,67.7,0.0,has results for 31 measures
2025,24-25,609790,Clara Barton Elementary School,Elementary School (K/PK-8),"7650 S Wolcott Ave, Chicago, IL 60620",98.3,87.5,0.0,has results for 31 measures
2025,24-25,609791,Perkins Bass Elementary School,Elementary School (K/PK-8),"1140 W 66th St, Chicago, IL 60621",99.9,63.9,0.0,has results for 31 measures
2025,24-25,609792,Newton Bateman Elementary School,Elementary School (K/PK-8),"4220 N Richmond St, Chicago, IL 60618",91.3,85.1,0.0,has results for 31 measures
2025,24-25,609793,Lillian R. Nicholson STEM Academy,Elementary School (K/PK-8),"6006 S Peoria St, Chicago, IL 60621",96.8,89.8,0.0,has results for 31 measures
2025,24-25,609794,Thomas A Edison Regional Gifted Center ES,Elementary School (K/PK-8),"4929 N Sawyer Ave, Chicago, IL 60625",99.9,95.5,0.0,has results for 31 measures
2025,24-25,609795,George Rogers Clark Elementary School,Elementary School (K/PK-8),"1045 S Monitor Ave, Chicago, IL 60644",98.6,99.9,0.0,has results for 31 measures
2025,24-25,609796,Jean Baptiste Beaubien Elementary School,Elementary School (K/PK-8),"5025 N Laramie Ave, Chicago, IL 60630",90.9,71.6,0.0,has results for 31 measures
2025,24-25,609797,Jacob Beidler Elementary School,Elementary School (K/PK-8),"3151 W Walnut St, Chicago, IL 60612",99.9,92.3,0.0,has results for 31 measures
2025,24-25,609798,Hiram H Belding Elementary School,Elementary School (K/PK-8),"4257 N Tripp Ave, Chicago, IL 60641",99.6,84.5,0.0,has results for 31 measures
2025,24-25,609799,Alexander Graham Bell Elementary School,Elementary School (K/PK-8),"3730 N Oakley Ave, Chicago, IL 60618",92.9,95.1,0.0,has results for 31 measures
2025,24-25,609800,Frank I Bennett Elementary School,Elementary School (K/PK-8),"10115 S Prairie Ave, Chicago, IL 60628",99.9,81.3,0.0,has results for 31 measures
2025,24-25,609803,James G Blaine Elementary School,Elementary School (K/PK-8),"1420 W Grace St, Chicago, IL 60613",99.9,89.6,0.0,has results for 31 measures
2025,24-25,609804,Mosaic School of Fine Arts,Elementary School (K/PK-8),"6710 N Washtenaw Ave, Chicago, IL 60645",85.1,69.3,0.0,has results for 31 measures
2025,24-25,609805,Scott Joplin Elementary School,Elementary School (K/PK-8),"7931 S Honore St, Chicago, IL 60620",97.0,90.6,0.0,has results for 31 measures
2025,24-25,609806,Myra Bradwell Communications Arts & Sciences ES,Elementary School (K/PK-8),"7736 S Burnham Ave, Chicago, IL 60649",98.9,84.6,0.0,has results for 31 measures
2025,24-25,609807,Lionel Hampton Fine & Performing Arts ES,Elementary School (K/PK-8),"3434 W 77th St, Chicago, IL 60652",76.9,39.6,0.0,has results for 12 measures
2025,24-25,609808,Alex Haley Elementary Academy,Elementary School (K/PK-8),"11411 S Eggleston Ave, Chicago, IL 60628",66.5,77.6,0.0,has results for 31 measures
2025,24-25,609809,Lorenz Brentano Math & Science Academy ES,Elementary School (K/PK-8),"2723 N Fairfield Ave, Chicago, IL 60647",92.7,67.1,0.0,has results for 31 measures
2025,24-25,609810,Norman A Bridge Elementary School,Elementary School (K/PK-8),"3800 N New England Ave, Chicago, IL 60634",75.4,79.4,0.0,has results for 31 measures
2025,24-25,609811,Orville T Bright Elementary School,Elementary School (K/PK-8),"10740 S Calhoun Ave, Chicago, IL 60617",90.9,48.7,0.0,has results for 12 measures
2025,24-25,609812,William H Brown STEM Magnet Elementary School,Elementary School (K/PK-8),"54 N Hermitage Ave, Chicago, IL 60612",99.9,67.4,0.0,has results for 31 measures
2025,24-25,609813,Charles S Brownell Elementary School,Elementary School (K/PK-8),"6741 S Michigan Ave, Chicago, IL 60637",96.2,86.7,0.0,has results for 27 measures
2025,24-25,609815,Edward A Bouchet Math & Science Academy ES,Elementary School (K/PK-8),"7355 S Jeffery Blvd, Chicago, IL 60649",97.6,81.6,0.0,has results for 31 measures
2025,24-25,609817,Lyman A Budlong Elementary School,Elementary School (K/PK-8),"2701 W Foster Ave, Chicago, IL 60625",97.1,57.5,0.0,has results for 31 measures
2025,24-25,609818,Luther Burbank Elementary School,Elementary School (K/PK-8),"2035 N Mobile Ave, Chicago, IL 60639",99.2,70.2,0.0,has results for 31 measures
2025,24-25,609819,Edmond Burke Elementary School,Elementary School (K/PK-8),"5356 S King Dr, Chicago, IL 60615",75.8,70.6,0.0,has results for 31 measures
2025,24-25,609820,Augustus H Burley Elementary School,Elementary School (K/PK-8),"1630 W Barry Ave, Chicago, IL 60657",99.2,85.0,0.0,has results for 31 measures
2025,24-25,609821,Burnham Elementary Inclusive Academy,Elementary School (K/PK-8),"9928 S Crandon Ave, Chicago, IL 60617",90.6,91.5,0.0,has results for 31 measures
2025,24-25,609827,Burnside Elementary Scholastic Academy,Elementary School (K/PK-8),"650 E 91st Pl, Chicago, IL 60619",98.5,88.1,0.0,has results for 31 measures
2025,24-25,609828,Jonathan Burr Elementary School,Elementary School (K/PK-8),"1621 W Wabansia Ave, Chicago, IL 60622",95.8,72.1,0.0,has results for 31 measures
2025,24-25,609829,John C Burroughs Elementary School,Elementary School (K/PK-8),"3542 S Washtenaw Ave, Chicago, IL 60632",99.9,76.7,0.0,has results for 31 measures
2025,24-25,609830,Milton Brunson Math & Science Specialty ES,Elementary School (K/PK-8),"932 N Central Ave, Chicago, IL 60651",92.2,50.9,0.0,has results for 31 measures
2025,24-25,609832,Michael M Byrne Elementary School,Elementary School (K/PK-8),"5329 S Oak Park Ave, Chicago, IL 60638",92.3,85.9,0.0,has results for 31 measures
2025,24-25,609833,Daisy Bates Academy of Social Justice,Elementary School (K/PK-8),"8546 S Cregier Ave, Chicago, IL 60617",82.2,61.3,0.0,has results for 31 measures
2025,24-25,609834,Little Village Elementary School,Elementary School (K/PK-8),"2620 S Lawndale Ave, Chicago, IL 60623",98.6,64.8,0.0,has results for 31 measures
2025,24-25,609835,Daniel R Cameron Elementary School,Elementary School (K/PK-8),"1234 N Monticello Ave, Chicago, IL 60651",99.5,50.8,0.0,has results for 31 measures
2025,24-25,609836,Arthur E Canty Elementary School,Elementary School (K/PK-8),"3740 N Panama Ave, Chicago, IL 60634",95.7,84.8,0.0,has results for 31 measures
2025,24-25,609837,Andrew Carnegie Elementary School,Elementary School (K/PK-8),"1414 E 61st Pl, Chicago, IL 60637",97.7,81.4,0.0,has results for 31 measures
2025,24-25,609839,Carroll-Rosenwald Specialty Elementary School,Elementary School (K/PK-8),"2929 W 83rd St, Chicago, IL 60652",98.5,70.0,0.0,has results for 31 measures
2025,24-25,609842,Rachel Carson Elementary School,Elementary School (K/PK-8),"5516 S Maplewood Ave, Chicago, IL 60629",96.8,86.6,0.0,has results for 31 measures
2025,24-25,609844,William W Carter Elementary School,Elementary School (K/PK-8),"5740 S Michigan Ave, Chicago, IL 60637",94.2,95.7,0.0,has results for 31 measures
2025,24-25,609845,George Washington Carver Primary School,Elementary School (K/PK-8),"901 E 133rd Pl, Chicago, IL 60827",99.6,97.6,0.0,has results for 31 measures
2025,24-25,609848,Ira F Aldridge Elementary School,Elementary School (K/PK-8),"630 E 131st St, Chicago, IL 60827",97.5,90.6,0.0,has results for 31 measures
2025,24-25,609849,George F Cassell Elementary School,Elementary School (K/PK-8),"11314 S Spaulding Ave, Chicago, IL 60655",92.5,63.5,0.0,has results for 31 measures
2025,24-25,609850,Horace Greeley Elementary School,Elementary School (K/PK-8),"832 W Sheridan Rd, Chicago, IL 60613",93.7,65.9,0.0,has results for 31 measures
2025,24-25,609851,Thomas Chalmers STEAM Elementary School,Elementary School (K/PK-8),"2745 W Roosevelt Rd, Chicago, IL 60608",99.9,58.3,0.0,has results for 31 measures
2025,24-25,609852,Eliza Chappell Elementary School,Elementary School (K/PK-8),"2135 W Foster Ave, Chicago, IL 60625",83.3,64.0,0.0,has results for 31 measures
2025,24-25,609853,Salmon P Chase Elementary School,Elementary School (K/PK-8),"2021 N Point St, Chicago, IL 60647",99.3,64.8,0.0,has results for 31 measures
2025,24-25,609854,Frederic Chopin Elementary School,Elementary School (K/PK-8),"2450 W Rice St, Chicago, IL 60622",99.3,57.9,0.0,has results for 31 measures
2025,24-25,609855,Walter S Christopher Elementary School,Elementary School (K/PK-8),"5042 S Artesian Ave, Chicago, IL 60632",99.9,48.7,0.0,has results for 12 measures
2025,24-25,609856,Henry Clay Elementary School,Elementary School (K/PK-8),"13231 S Burley Ave, Chicago, IL 60633",96.1,58.9,0.0,has results for 31 measures
2025,24-25,609857,Grover Cleveland Elementary School,Elementary School (K/PK-8),"3121 W Byron St, Chicago, IL 60618",99.1,69.0,0.0,has results for 31 measures
2025,24-25,609859,DeWitt Clinton Elementary School,Elementary School (K/PK-8),"6110 N Fairfield Ave, Chicago, IL 60659",83.1,70.0,0.0,has results for 31 measures
2025,24-25,609861,Henry R Clissold Elementary School,Elementary School (K/PK-8),"2350 W 110th Pl, Chicago, IL 60643",67.8,44.6,0.0,has results for 12 measures
2025,24-25,609862,Edward Coles Elementary Language Academy,Elementary School (K/PK-8),"8441 S Yates Blvd, Chicago, IL 60617",94.6,87.9,0.0,has results for 31 measures
2025,24-25,609863,Ruth Bader Ginsburg Elementary School,Elementary School (K/PK-8),"1003 N Leavitt St, Chicago, IL 60622",97.2,96.3,0.0,has results for 31 measures
2025,24-25,609864,John W Cook Elementary School,Elementary School (K/PK-8),"8150 S Bishop St, Chicago, IL 60620",99.9,45.7,0.0,has results for 12 measures
2025,24-25,609865,Jordan Elementary Community School,Elementary School (K/PK-8),"7414 N Wolcott Ave, Chicago, IL 60626",97.4,82.4,0.0,has results for 31 measures
2025,24-25,609866,John C Coonley Elementary School,Elementary School (K/PK-8),"4046 N Leavitt St, Chicago, IL 60618",93.0,91.9,0.0,has results for 31 measures
2025,24-25,609867,Peter Cooper Elementary Dual Language Academy,Elementary School (K/PK-8),"1624 W 19th St, Chicago, IL 60608",99.9,91.7,0.0,has results for 31 measures
2025,24-25,609869,Anna R. Langford Community Academy,Elementary School (K/PK-8),"6010 S Throop St, Chicago, IL 60636",99.9,92.6,0.0,has results for 31 measures
2025,24-25,609870,Daniel J Corkery Elementary School,Elementary School (K/PK-8),"2510 S Kildare Ave, Chicago, IL 60623",94.7,74.1,0.0,has results for 31 measures
2025,24-25,609871,Barbara Vick Early Childhood & Family Center,Primary School (K/PK-5),"2554 W 113th St, Chicago, IL 60655",0.0,56.5,0.0,has results for 36 measures
2025,24-25,609872,Manuel Perez Elementary School,Elementary School (K/PK-8),"1241 W 19th St, Chicago, IL 60608",96.1,63.9,0.0,has results for 31 measures
2025,24-25,609873,Crown Community Academy of Fine Arts Center ES,Elementary School (K/PK-8),"2128 S Saint Louis Ave, Chicago, IL 60623",99.9,78.6,0.0,has results for 31 measures
2025,24-25,609874,Everett McKinley Dirksen Elementary School,Elementary School (K/PK-8),"8601 W Foster Ave, Chicago, IL 60656",83.6,38.5,0.0,has results for 12 measures
2025,24-25,609875,Charles R Darwin Elementary School,Elementary School (K/PK-8),"3116 W Belden Ave, Chicago, IL 60647",95.6,58.6,0.0,has results for 31 measures
2025,24-25,609876,Nathan S Davis Elementary School,Elementary School (K/PK-8),"3014 W 39th Pl, Chicago, IL 60632",96.6,87.5,0.0,has results for 31 measures
2025,24-25,609879,Charles Gates Dawes Elementary School,Elementary School (K/PK-8),"3810 W 81st Pl, Chicago, IL 60652",82.5,72.8,0.0,has results for 31 measures
2025,24-25,609880,Stephen Decatur Classical Elementary School,Elementary School (K/PK-8),"7030 N Sacramento Ave, Chicago, IL 60645",94.4,93.1,0.0,has results for 31 measures
2025,24-25,609883,Charles S Deneen Elementary School,Elementary School (K/PK-8),"7240 S Wabash Ave, Chicago, IL 60619",89.7,86.8,0.0,has results for 31 measures
2025,24-25,609884,William E Dever Elementary School,Elementary School (K/PK-8),"3436 N Osceola Ave, Chicago, IL 60634",82.3,59.4,0.0,has results for 31 measures
2025,24-25,609885,Dewey Elementary Academy of Fine Arts,Elementary School (K/PK-8),"5415 S Union Ave, Chicago, IL 60609",98.4,50.0,0.0,has results for 31 measures
2025,24-25,609887,Arthur Dixon Elementary School,Elementary School (K/PK-8),"8306 S Saint Lawrence Ave, Chicago, IL 60619",91.9,81.6,0.0,has results for 31 measures
2025,24-25,609891,James R Doolittle Jr Elementary School,Elementary School (K/PK-8),"535 E 35th St, Chicago, IL 60616",99.9,62.5,0.0,has results for 31 measures
2025,24-25,609893,John C Dore Elementary School,Elementary School (K/PK-8),"7134 W 65th St, Chicago, IL 60638",96.3,57.8,0.0,has results for 31 measures
2025,24-25,609894,John B Drake Elementary School,Elementary School (K/PK-8),"2710 S Dearborn St, Chicago, IL 60616",94.7,95.6,0.0,has results for 31 measures
2025,24-25,609895,Turner-Drew Elementary Language Academy,Elementary School (K/PK-8),"9300 S Princeton Ave, Chicago, IL 60620",99.9,87.0,0.0,has results for 31 measures
2025,24-25,609896,Thomas Drummond Elementary School,Elementary School (K/PK-8),"1845 W Cortland St, Chicago, IL 60622",85.6,86.7,0.0,has results for 31 measures
2025,24-25,609897,Charles W Earle Elementary School,Elementary School (K/PK-8),"2040 W 62nd St, Chicago, IL 60636",98.6,97.4,0.0,has results for 31 measures
2025,24-25,609898,John F Eberhart Elementary School,Elementary School (K/PK-8),"3400 W 65th Pl, Chicago, IL 60629",73.9,53.0,0.0,has results for 31 measures
2025,24-25,609899,Christian Ebinger Elementary School,Elementary School (K/PK-8),"7350 W Pratt Ave, Chicago, IL 60631",94.6,72.3,0.0,has results for 31 measures
2025,24-25,609900,George W Curtis Elementary School,Elementary School (K/PK-8),"32 E 115th St, Chicago, IL 60628",98.9,71.1,0.0,has results for 31 measures
2025,24-25,609901,Edgebrook Elementary School,Elementary School (K/PK-8),"6525 N Hiawatha Ave, Chicago, IL 60646",93.3,77.2,0.0,has results for 31 measures
2025,24-25,609902,Ralph H Metcalfe Elementary Community Academy,Elementary School (K/PK-8),"12339 S Normal Ave, Chicago, IL 60628",63.3,53.3,0.0,has results for 31 measures
2025,24-25,609903,Richard Edwards Elementary School,Elementary School (K/PK-8),"4815 S Karlov Ave, Chicago, IL 60632",95.5,70.8,0.0,has results for 31 measures
2025,24-25,609904,Edward K Ellington Elementary School,Elementary School (K/PK-8),"243 N Parkside Ave, Chicago, IL 60644",97.2,66.7,0.0,has results for 31 measures
2025,24-25,609907,Leif Ericson Elementary Scholastic Academy,Elementary School (K/PK-8),"3600 W 5th Ave, Chicago, IL 60624",99.9,55.2,0.0,has results for 30 measures
2025,24-25,609908,Esmond Elementary School,Elementary School (K/PK-8),"1865 W Montvale Ave, Chicago, IL 60643",92.7,75.0,0.0,has results for 31 measures
2025,24-25,609909,Edward Everett Elementary School,Primary School (K/PK-5),"3419 S Bell Ave, Chicago, IL 60608",94.7,88.2,0.0,has results for 26 measures
2025,24-25,609910,Laughlin Falconer Elementary School,Elementary School (K/PK-8),"3020 N Lamon Ave, Chicago, IL 60641",99.9,72.3,0.0,has results for 31 measures
2025,24-25,609912,James B Farnsworth Elementary School,Elementary School (K/PK-8),"5414 N Linder Ave, Chicago, IL 60630",70.3,49.3,0.0,has results for 12 measures
2025,24-25,609917,Fernwood Elementary School,Elementary School (K/PK-8),"10041 S Union Ave, Chicago, IL 60628",90.9,77.3,0.0,has results for 31 measures
2025,24-25,609918,Eugene Field Elementary School,Middle School (6-8),"7019 N Ashland Ave, Chicago, IL 60626",93.5,77.8,0.0,has results for 31 measures
2025,24-25,609919,John Fiske Elementary School,Elementary School (K/PK-8),"6020 S Langley Ave, Chicago, IL 60637",89.6,68.3,0.0,has results for 31 measures
2025,24-25,609920,Gerald Delgado Kanoon Elementary Magnet School,Elementary School (K/PK-8),"2233 S Kedzie Ave, Chicago, IL 60623",93.8,63.6,0.0,has results for 31 measures
2025,24-25,609921,Telpochcalli Elementary School,Elementary School (K/PK-8),"2832 W 24th Blvd, Chicago, IL 60623",96.0,77.1,0.0,has results for 31 measures
2025,24-25,609922,Belmont-Cragin Elementary School,Elementary School (K/PK-8),"6112 W Fullerton Ave, Chicago, IL 60639",97.3,63.5,0.0,has results for 31 measures
2025,24-25,609924,Fort Dearborn Elementary School,Elementary School (K/PK-8),"9025 S Throop St, Chicago, IL 60620",99.9,58.8,0.0,has results for 31 measures
2025,24-25,609925,Joseph Kellman Corporate Community ES,Elementary School (K/PK-8),"3030 W Arthington St, Chicago, IL 60612",99.9,95.5,0.0,has results for 31 measures
2025,24-25,609926,Franklin Elementary Fine Arts Center,Elementary School (K/PK-8),"225 W Evergreen Ave, Chicago, IL 60610",98.6,70.6,0.0,has results for 31 measures
2025,24-25,609927,Foster Park Elementary School,Elementary School (K/PK-8),"8530 S Wood St, Chicago, IL 60620",99.4,92.9,0.0,has results for 31 measures
2025,24-25,609928,James Farmer Jr Elementary School,Elementary School (K/PK-8),"4214 S St Lawrence Ave, Chicago, IL 60653",87.0,70.6,0.0,has results for 31 measures
2025,24-25,609929,Robert Fulton Elementary School,Elementary School (K/PK-8),"5300 S Hermitage Ave, Chicago, IL 60609",97.9,64.9,0.0,has results for 31 measures
2025,24-25,609930,Frederick Funston Elementary School,Elementary School (K/PK-8),"2010 N Central Park Ave, Chicago, IL 60647",95.5,78.9,0.0,has results for 31 measures
2025,24-25,609933,Stephen F Gale Elementary Community Academy,Elementary School (K/PK-8),"1631 W Jonquil Ter, Chicago, IL 60626",99.9,87.3,0.0,has results for 31 measures
2025,24-25,609935,Matthew Gallistel Elementary Language Academy,Elementary School (K/PK-8),"10347 S Ewing Ave, Chicago, IL 60617",88.8,57.4,0.0,has results for 31 measures
2025,24-25,609937,John W Garvy Elementary School,Elementary School (K/PK-8),"5225 N Oak Park Ave, Chicago, IL 60656",99.3,72.6,0.0,has results for 31 measures
2025,24-25,609938,Joseph E Gary Elementary School,Elementary School (K/PK-8),"3740 W 31st St, Chicago, IL 60623",99.5,61.0,0.0,has results for 31 measures
2025,24-25,609939,Frank L Gillespie Elementary School,Elementary School (K/PK-8),"9301 S State St, Chicago, IL 60619",99.9,66.7,0.0,has results for 31 measures
2025,24-25,609941,Asa Philip Randolph Elementary School,Elementary School (K/PK-8),"7316 S Hoyne Ave, Chicago, IL 60636",97.4,75.0,0.0,has results for 31 measures
2025,24-25,609942,Johann W von Goethe Elementary School,Elementary School (K/PK-8),"2236 N Rockwell St, Chicago, IL 60647",96.9,53.3,0.0,has results for 31 measures
2025,24-25,609943,Jesse Owens Elementary Community Academy,Elementary School (K/PK-8),"12302 S State St, Chicago, IL 60628",98.8,88.6,0.0,has results for 31 measures
2025,24-25,609944,Virgil Grissom Elementary School,Elementary School (K/PK-8),"12810 S Escanaba Ave, Chicago, IL 60633",98.1,79.5,0.0,has results for 31 measures
2025,24-25,609945,William C. Goudy Technology Academy,Elementary School (K/PK-8),"5120 N Winthrop Ave, Chicago, IL 60640",87.6,93.3,0.0,has results for 31 measures
2025,24-25,609947,Alexander Graham Elementary School,Elementary School (K/PK-8),"4436 S Union Ave, Chicago, IL 60609",95.9,78.6,0.0,has results for 31 measures
2025,24-25,609949,William P Gray Elementary School,Elementary School (K/PK-8),"3730 N Laramie Ave, Chicago, IL 60641",87.3,81.3,0.0,has results for 31 measures
2025,24-25,609950,Josefa Ortiz De Dominguez Elementary School,Primary School (K/PK-5),"3000 S Lawndale Ave, Chicago, IL 60623",0.0,40.7,0.0,no report
2025,24-25,609951,Ariel Elementary Community Academy,Elementary School (K/PK-8),"1119 E 46th St, Chicago, IL 60653",98.8,82.3,0.0,has results for 31 measures
2025,24-25,609952,Nathanael Greene Elementary School,Primary School (K/PK-5),"3525 S Honore St, Chicago, IL 60609",90.6,88.4,0.0,has results for 26 measures
2025,24-25,609954,John Milton Gregory Elementary School,Elementary School (K/PK-8),"3715 W Polk St, Chicago, IL 60624",99.9,91.4,0.0,has results for 31 measures
2025,24-25,609955,Walter Q Gresham Elementary School,Elementary School (K/PK-8),"8524 S Green St, Chicago, IL 60620",96.6,64.9,0.0,has results for 31 measures
2025,24-25,609956,Robert L Grimes Elementary School,Elementary School (K/PK-8),"5450 W 64th Pl, Chicago, IL 60638",92.9,85.0,0.0,has results for 31 measures
2025,24-25,609958,Frank W Gunsaulus Elementary Scholastic Academy,Elementary School (K/PK-8),"4420 S Sacramento Ave, Chicago, IL 60632",97.5,80.7,0.0,has results for 31 measures
2025,24-25,609959,John Charles Haines Elementary School,Elementary School (K/PK-8),"247 W 23rd Pl, Chicago, IL 60616",92.1,62.5,0.0,has results for 31 measures
2025,24-25,609960,Nathan Hale Elementary School,Elementary School (K/PK-8),"6140 S Melvina Ave, Chicago, IL 60638",89.7,70.3,0.0,has results for 31 measures
2025,24-25,609961,Ninos Heroes Elementary Academic Center,Elementary School (K/PK-8),"8344 S Commercial Ave, Chicago, IL 60617",88.7,81.6,0.0,has results for 31 measures
2025,24-25,609963,Alexander Hamilton Elementary School,Elementary School (K/PK-8),"1650 W Cornelia Ave, Chicago, IL 60657",97.0,72.7,0.0,has results for 31 measures
2025,24-25,609964,John H Hamline Elementary School,Elementary School (K/PK-8),"4747 S Bishop St, Chicago, IL 60609",99.9,74.3,0.0,has results for 31 measures
2025,24-25,609966,Charles G Hammond Elementary School,Elementary School (K/PK-8),"2819 W 21st Pl, Chicago, IL 60623",99.9,99.9,0.0,has results for 31 measures
2025,24-25,609967,William F Finkl Elementary School,Elementary School (K/PK-8),"2332 S Western Ave, Chicago, IL 60608",99.9,75.4,0.0,has results for 31 measures
2025,24-25,609968,Sharon Christa McAuliffe Elementary School,Elementary School (K/PK-8),"1841 N Springfield Ave, Chicago, IL 60647",96.4,83.9,0.0,has results for 31 measures
2025,24-25,609969,Bret Harte Elementary School,Elementary School (K/PK-8),"1556 E 56th St, Chicago, IL 60637",83.6,88.1,0.0,has results for 31 measures
2025,24-25,609971,John Harvard Elementary School of Excellence,Elementary School (K/PK-8),"7525 S Harvard, Chicago, IL 60620",99.9,93.2,0.0,has results for 31 measures
2025,24-25,609972,Helge A Haugan Elementary School,Elementary School (K/PK-8),"4540 N Hamlin Ave, Chicago, IL 60625",99.6,81.1,0.0,has results for 31 measures
2025,24-25,609973,Emiliano Zapata Elementary Academy,Elementary School (K/PK-8),"2728 S Kostner Ave, Chicago, IL 60623",98.1,70.6,0.0,has results for 31 measures
2025,24-25,609974,Hawthorne Elementary Scholastic Academy,Elementary School (K/PK-8),"3319 N Clifton Ave, Chicago, IL 60657",95.3,85.5,0.0,has results for 31 measures
2025,24-25,609975,John Hay Elementary Community Academy,Elementary School (K/PK-8),"1018 N Laramie Ave, Chicago, IL 60651",99.2,61.8,0.0,has results for 31 measures
2025,24-25,609976,Stephen K Hayt Elementary School,Elementary School (K/PK-8),"1518 W Granville Ave, Chicago, IL 60660",69.7,63.0,0.0,has results for 31 measures
2025,24-25,609977,Woodlawn Community Elementary School,Elementary School (K/PK-8),"6657 S Kimbark Ave, Chicago, IL 60637",99.9,81.0,0.0,has results for 31 measures
2025,24-25,609978,Wendell Smith Elementary School,Elementary School (K/PK-8),"744 E 103rd St, Chicago, IL 60628",85.0,74.5,0.0,has results for 31 measures
2025,24-25,609979,Robert Healy Elementary School,Elementary School (K/PK-8),"3010 S Parnell Ave, Chicago, IL 60616",92.6,81.6,0.0,has results for 31 measures
2025,24-25,609981,Phoebe Apperson Hearst Elementary School,Elementary School (K/PK-8),"4640 S Lamon Ave, Chicago, IL 60638",98.0,43.6,0.0,has results for 12 measures
2025,24-25,609983,James Hedges Elementary School,Elementary School (K/PK-8),"4747 S Winchester Ave, Chicago, IL 60609",99.6,89.3,0.0,has results for 31 measures
2025,24-25,609985,Helen M Hefferan Elementary School,Elementary School (K/PK-8),"4409 W Wilcox St, Chicago, IL 60624",99.9,72.0,0.0,has results for 31 measures
2025,24-25,609986,Charles R Henderson Elementary School,Elementary School (K/PK-8),"5650 S Wolcott Ave, Chicago, IL 60636",98.2,94.6,0.0,has results for 31 measures
2025,24-25,609987,Thomas A Hendricks Elementary Community Academy,Elementary School (K/PK-8),"4316 S Princeton Ave, Chicago, IL 60609",99.9,92.7,0.0,has results for 31 measures
2025,24-25,609988,Patrick Henry Elementary School,Elementary School (K/PK-8),"4250 N Saint Louis Ave, Chicago, IL 60618",96.6,66.0,0.0,has results for 31 measures
2025,24-25,609990,South Loop Elementary School,Elementary School (K/PK-8),"1601 S Dearborn St, Chicago, IL 60616",94.6,74.7,0.0,has results for 31 measures
2025,24-25,609991,Theodore Herzl Elementary School,Elementary School (K/PK-8),"3711 W Douglas Blvd, Chicago, IL 60623",99.9,67.2,0.0,has results for 31 measures
2025,24-25,609993,Agustin Lara Elementary Academy,Elementary School (K/PK-8),"4619 S Wolcott Ave, Chicago, IL 60609",64.4,64.3,0.0,has results for 31 measures
2025,24-25,609994,William G Hibbard Elementary School,Elementary School (K/PK-8),"3244 W Ainslie St, Chicago, IL 60625",96.0,82.5,0.0,has results for 31 measures
2025,24-25,609995,Rufus M Hitch Elementary School,Elementary School (K/PK-8),"5625 N Mcvicker Ave, Chicago, IL 60646",89.3,81.6,0.0,has results for 31 measures
2025,24-25,609996,Charles N Holden Elementary School,Elementary School (K/PK-8),"1104 W 31st St, Chicago, IL 60608",90.6,75.0,0.0,has results for 31 measures
2025,24-25,609997,Oliver Wendell Holmes Elementary School,Elementary School (K/PK-8),"955 W Garfield Blvd, Chicago, IL 60621",94.6,82.6,0.0,has results for 31 measures
2025,24-25,610000,Julia Ward Howe Elementary School of Excellence,Elementary School (K/PK-8),"720 N Lorel Ave, Chicago, IL 60644",99.9,67.4,0.0,has results for 31 measures
2025,24-25,610002,Thomas Hoyne Elementary School,Elementary School (K/PK-8),"8905 S Crandon Ave, Chicago, IL 60617",99.9,85.7,0.0,has results for 31 measures
2025,24-25,610003,Paul Cuffe Math-Science Technology Academy ES,Elementary School (K/PK-8),"8324 S Racine Ave, Chicago, IL 60620",97.5,79.4,0.0,has results for 31 measures
2025,24-25,610004,Countee Cullen Elementary School,Elementary School (K/PK-8),"10650 S Eberhart Ave, Chicago, IL 60628",92.1,81.0,0.0,has results for 31 measures
2025,24-25,610005,Charles Evans Hughes Elementary School,Elementary School (K/PK-8),"4247 W 15th St, Chicago, IL 60623",99.9,85.0,0.0,has results for 28 measures
2025,24-25,610006,Edward N Hurley Elementary School,Elementary School (K/PK-8),"3849 W 69th Pl, Chicago, IL 60629",86.9,46.0,0.0,has results for 12 measures
2025,24-25,610009,Galileo Math & Science Scholastic Academy ES,Elementary School (K/PK-8),"820 S Carpenter St, Chicago, IL 60607",91.8,71.7,0.0,has results for 31 measures
2025,24-25,610010,Friedrich L. Jahn Elementary of the Fine Arts,Elementary School (K/PK-8),"3149 N Wolcott Ave, Chicago, IL 60657",93.2,57.8,0.0,has results for 31 measures
2025,24-25,610011,Minnie Mars Jamieson Elementary School,Elementary School (K/PK-8),"5650 N Mozart St, Chicago, IL 60659",89.4,75.3,0.0,has results for 31 measures
2025,24-25,610013,Pilsen Elementary Community Academy,Elementary School (K/PK-8),"1420 W 17th St, Chicago, IL 60608",99.9,89.2,0.0,has results for 31 measures
2025,24-25,610015,Joseph Jungman STEM Magnet Elementary School,Elementary School (K/PK-8),"1746 S Miller St, Chicago, IL 60608",91.8,60.0,0.0,has results for 31 measures
2025,24-25,610016,Kate S Kellogg Elementary School,Elementary School (K/PK-8),"9241 S Leavitt St, Chicago, IL 60643",79.0,72.7,0.0,has results for 31 measures
2025,24-25,610017,Maria Saucedo STEAM Magnet Academy,Elementary School (K/PK-8),"2850 W 24th Blvd, Chicago, IL 60623",98.0,57.9,0.0,has results for 31 measures
2025,24-25,610019,Joshua D Kershaw Elementary School,Elementary School (K/PK-8),"6450 S Lowe Ave, Chicago, IL 60621",99.9,90.5,0.0,has results for 31 measures
2025,24-25,610021,Pablo Casals Elementary School,Elementary School (K/PK-8),"3501 W Potomac Ave, Chicago, IL 60651",95.7,83.3,0.0,has results for 31 measures
2025,24-25,610022,Joyce Kilmer Elementary School,Elementary School (K/PK-8),"6700 N Greenview Ave, Chicago, IL 60626",50.0,58.5,0.0,has results for 31 measures
2025,24-25,610024,Lazaro Cardenas Elementary School,Elementary School (K/PK-8),"2345 S Millard Ave, Chicago, IL 60623",91.2,94.1,0.0,has results for 31 measures
2025,24-25,610026,John H Kinzie Elementary School,Elementary School (K/PK-8),"5625 S Mobile Ave, Chicago, IL 60638",96.4,42.7,0.0,has results for 12 measures
2025,24-25,610027,Rudyard Kipling Elementary School,Elementary School (K/PK-8),"9351 S Lowe Ave, Chicago, IL 60620",90.7,82.8,0.0,has results for 31 measures
2025,24-25,610029,Rodolfo Lozano Bilingual & International Ctr ES,Elementary School (K/PK-8),"1501 N Greenview Ave, Chicago, IL 60642",97.6,72.0,0.0,has results for 31 measures
2025,24-25,610030,Charles Kozminski Elementary Community Academy,Elementary School (K/PK-8),"936 E 54th St, Chicago, IL 60615",97.0,66.7,0.0,has results for 31 measures
2025,24-25,610032,Wendell E Green Elementary School,Elementary School (K/PK-8),"1150 W 96th St, Chicago, IL 60643",99.2,71.4,0.0,has results for 31 measures
2025,24-25,610033,LaSalle Elementary Language Academy,Elementary School (K/PK-8),"1734 N Orleans St, Chicago, IL 60614",90.0,64.3,0.0,has results for 31 measures
2025,24-25,610034,Lawndale Elementary Community Academy,Elementary School (K/PK-8),"3500 W Douglas Blvd, Chicago, IL 60623",96.8,56.0,0.0,has results for 30 measures
2025,24-25,610036,Leslie Lewis Elementary School,Elementary School (K/PK-8),"1431 N Leamington Ave, Chicago, IL 60651",99.1,73.8,0.0,has results for 31 measures
2025,24-25,610037,Arthur A Libby Elementary School,Elementary School (K/PK-8),"5300 S Loomis Blvd, Chicago, IL 60609",99.3,82.1,0.0,has results for 31 measures
2025,24-25,610038,Abraham Lincoln Elementary School,Elementary School (K/PK-8),"615 W Kemper Pl, Chicago, IL 60614",92.3,58.7,0.0,has results for 31 measures
2025,24-25,610039,Carl von Linne Elementary School,Elementary School (K/PK-8),"3221 N Sacramento Ave, Chicago, IL 60618",94.8,87.9,0.0,has results for 31 measures
2025,24-25,610040,Henry D Lloyd Elementary School,Primary School (K/PK-5),"2103 N Lamon Ave, Chicago, IL 60639",98.3,68.2,0.0,has results for 26 measures
2025,24-25,610041,Josephine C Locke Elementary School,Elementary School (K/PK-8),"2828 N Oak Park Ave, Chicago, IL 60634",96.0,86.3,0.0,has results for 31 measures
2025,24-25,610043,Joseph Lovett Elementary School,Elementary School (K/PK-8),"6333 W Bloomingdale Ave, Chicago, IL 60639",96.5,85.7,0.0,has results for 31 measures
2025,24-25,610044,James Russell Lowell Elementary School,Elementary School (K/PK-8),"3320 W Hirsch St, Chicago, IL 60651",96.3,89.6,0.0,has results for 31 measures
2025,24-25,610046,Mary Lyon Elementary School,Elementary School (K/PK-8),"2941 N Mcvicker Ave, Chicago, IL 60634",99.5,59.3,0.0,has results for 31 measures
2025,24-25,610047,James Madison Elementary School,Elementary School (K/PK-8),"7433 S Dorchester Ave, Chicago, IL 60619",93.0,78.6,0.0,has results for 31 measures
2025,24-25,610048,George Manierre Elementary School,Elementary School (K/PK-8),"1420 N Hudson Ave, Chicago, IL 60610",95.6,70.0,0.0,has results for 31 measures
2025,24-25,610051,Northwest Middle School,Middle School (6-8),"5252 W Palmer St, Chicago, IL 60639",95.4,79.0,0.0,has results for 31 measures
2025,24-25,610052,Horace Mann Elementary School,Elementary School (K/PK-8),"8050 S Chappel Ave, Chicago, IL 60617",92.2,92.9,0.0,has results for 31 measures
2025,24-25,610053,Marquette Elementary School,Elementary School (K/PK-8),"6550 S Richmond St, Chicago, IL 60629",54.7,83.8,0.0,has results for 31 measures
2025,24-25,610054,John L Marsh Elementary School,Elementary School (K/PK-8),"9822 S Exchange Ave, Chicago, IL 60617",99.7,62.3,0.0,has results for 31 measures
2025,24-25,610055,Michael Faraday Elementary School,Elementary School (K/PK-8),"3250 W Monroe St, Chicago, IL 60624",99.9,96.4,0.0,has results for 31 measures
2025,24-25,610056,Roswell B Mason Elementary School,Elementary School (K/PK-8),"4217 W 18th St, Chicago, IL 60623",94.9,60.7,0.0,has results for 31 measures
2025,24-25,610057,Fairfield Elementary Academy,Elementary School (K/PK-8),"6201 S Fairfield Ave, Chicago, IL 60629",99.2,82.0,0.0,has results for 31 measures
2025,24-25,610059,Oscar Mayer Magnet School,Elementary School (K/PK-8),"2250 N Clifton Ave, Chicago, IL 60614",95.1,69.0,0.0,has results for 31 measures
2025,24-25,610060,Chicago World Language Academy,Elementary School (K/PK-8),"1340 W Harrison St, Chicago, IL 60607",95.3,74.4,0.0,has results for 31 measures
2025,24-25,610062,Minnie Minoso Academy,Elementary School (K/PK-8),"3527 S Wallace St, Chicago, IL 60609",96.0,84.3,0.0,has results for 31 measures
2025,24-25,610063,Cyrus H McCormick Elementary School,Primary School (K/PK-5),"2712 S Sawyer Ave, Chicago, IL 60623",99.3,83.6,0.0,has results for 26 measures
2025,24-25,610065,Emmett Louis Till Math and Science Academy,Elementary School (K/PK-8),"6543 S Champlain Ave, Chicago, IL 60637",73.4,62.9,0.0,has results for 31 measures
2025,24-25,610066,James E McDade Elementary Classical School,Elementary School (K/PK-8),"8801 S Indiana Ave, Chicago, IL 60619",93.2,99.9,0.0,has results for 31 measures
2025,24-25,610067,Francis M McKay Elementary School,Elementary School (K/PK-8),"6901 S Fairfield Ave, Chicago, IL 60629",78.1,60.0,0.0,has results for 31 measures
2025,24-25,610068,Hanson Park Elementary School,Elementary School (K/PK-8),"5411 W Fullerton Ave, Chicago, IL 60639",99.8,65.6,0.0,has results for 31 measures
2025,24-25,610070,James B McPherson Elementary School,Elementary School (K/PK-8),"4728 N Wolcott Ave, Chicago, IL 60640",48.8,82.2,0.0,has results for 19 measures
2025,24-25,610073,Ellen Mitchell Elementary School,Elementary School (K/PK-8),"2233 W Ohio St, Chicago, IL 60612",70.1,69.2,0.0,has results for 31 measures
2025,24-25,610074,Logan Square Elementary School,Elementary School (K/PK-8),"3651 W Schubert Ave, Chicago, IL 60647",97.7,80.0,0.0,has results for 31 measures
2025,24-25,610076,Bernhard Moos Elementary School,Elementary School (K/PK-8),"1711 N California Ave, Chicago, IL 60647",99.9,50.8,0.0,has results for 31 measures
2025,24-25,610077,Donald Morrill Math & Science Elementary School,Elementary School (K/PK-8),"6011 S Rockwell St, Chicago, IL 60629",97.3,70.7,0.0,has results for 31 measures
2025,24-25,610078,Inter-American Elementary Magnet School,Elementary School (K/PK-8),"851 W Waveland Ave, Chicago, IL 60613",92.7,64.7,0.0,has results for 31 measures
2025,24-25,610081,Mark Sheridan Math & Science Academy,Elementary School (K/PK-8),"533 W 27th St, Chicago, IL 60616",97.9,63.0,0.0,has results for 31 measures
2025,24-25,610082,Mount Greenwood Elementary School,Elementary School (K/PK-8),"10841 S Homan Ave, Chicago, IL 60655",69.0,59.0,0.0,has results for 31 measures
2025,24-25,610083,Daniel C Beard Elementary School,Primary School (K/PK-5),"6445 W Strong St, Chicago, IL 60656",0.0,54.4,0.0,has results for 39 measures
2025,24-25,610084,Annie Keller Regional Gifted Center,Elementary School (K/PK-8),"3020 W 108th St, Chicago, IL 60655",99.3,83.3,0.0,has results for 31 measures
2025,24-25,610086,Mount Vernon Elementary School,Elementary School (K/PK-8),"10540 S Morgan St, Chicago, IL 60643",96.2,68.6,0.0,has results for 31 measures
2025,24-25,610087,Blair Early Childhood Center,Primary School (K/PK-5),"6751 W 63rd Pl, Chicago, IL 60638",0.0,65.7,0.0,has results for 39 measures
2025,24-25,610088,Wolfgang A Mozart Elementary School,Elementary School (K/PK-8),"2200 N Hamlin Ave, Chicago, IL 60647",99.9,65.7,0.0,has results for 31 measures
2025,24-25,610089,John B Murphy Elementary School,Elementary School (K/PK-8),"3539 W Grace St, Chicago, IL 60618",82.4,74.6,0.0,has results for 31 measures
2025,24-25,610090,Phillip Murray Elementary Language Academy,Elementary School (K/PK-8),"5335 S Kenwood Ave, Chicago, IL 60615",92.5,70.7,0.0,has results for 31 measures
2025,24-25,610091,Ronald Brown Elementary Community Academy,Elementary School (K/PK-8),"12607 S Union Ave, Chicago, IL 60628",99.9,70.6,0.0,has results for 31 measures
2025,24-25,610092,Henry H Nash Elementary School,Elementary School (K/PK-8),"4837 W Erie St, Chicago, IL 60644",99.0,64.8,0.0,has results for 31 measures
2025,24-25,610093,Jane A Neil Elementary School,Elementary School (K/PK-8),"8555 S Michigan Ave, Chicago, IL 60619",99.9,80.0,0.0,has results for 31 measures
2025,24-25,610094,Louis Nettelhorst Elementary School,Elementary School (K/PK-8),"3252 N Broadway St, Chicago, IL 60657",95.8,60.3,0.0,has results for 31 measures
2025,24-25,610095,Walter L Newberry Math & Science Academy ES,Elementary School (K/PK-8),"700 W Willow St, Chicago, IL 60614",94.7,68.9,0.0,has results for 31 measures
2025,24-25,610096,Florence Nightingale Elementary School,Elementary School (K/PK-8),"5250 S Rockwell St, Chicago, IL 60632",99.9,75.3,0.0,has results for 31 measures
2025,24-25,610097,William P Nixon Elementary School,Elementary School (K/PK-8),"2121 N Keeler Ave, Chicago, IL 60639",95.0,62.3,0.0,has results for 31 measures
2025,24-25,610098,Alfred Nobel Elementary School,Elementary School (K/PK-8),"4127 W Hirsch St, Chicago, IL 60651",96.9,67.7,0.0,has results for 31 measures
2025,24-25,610099,Norwood Park Elementary School,Elementary School (K/PK-8),"5900 N Nina Ave, Chicago, IL 60631",95.2,76.5,0.0,has results for 31 measures
2025,24-25,610100,West Park Elementary Academy,Elementary School (K/PK-8),"1425 N Tripp Ave, Chicago, IL 60651",99.6,71.2,0.0,has results for 31 measures
2025,24-25,610101,William B Ogden Elementary School,Elementary School (K/PK-8),"24 W Walton St, Chicago, IL 60610",60.3,34.5,0.0,has results for 12 measures
2025,24-25,610102,Richard J Oglesby Elementary School,Elementary School (K/PK-8),"7646 S Green St, Chicago, IL 60620",98.0,99.9,0.0,has results for 31 measures
2025,24-25,610103,Isabelle C O'Keeffe Elementary School,Elementary School (K/PK-8),"6940 S Merrill Ave, Chicago, IL 60649",95.1,80.3,0.0,has results for 31 measures
2025,24-25,610104,William J Onahan Elementary School,Elementary School (K/PK-8),"6634 W Raven St, Chicago, IL 60631",82.5,88.9,0.0,has results for 31 measures
2025,24-25,610105,Oriole Park Elementary School,Elementary School (K/PK-8),"5424 N Oketo Ave, Chicago, IL 60656",83.4,57.8,0.0,has results for 31 measures
2025,24-25,610106,Brian Piccolo Elementary Specialty School,Elementary School (K/PK-8),"1040 N Keeler Ave, Chicago, IL 60651",97.5,75.0,0.0,has results for 31 measures
2025,24-25,610107,James Otis Elementary School,Elementary School (K/PK-8),"525 N Armour St, Chicago, IL 60642",92.6,70.8,0.0,has results for 31 measures
2025,24-25,610108,Luke O'Toole Elementary School,Elementary School (K/PK-8),"6550 S Seeley Ave, Chicago, IL 60636",99.9,89.7,0.0,has results for 31 measures
2025,24-25,610109,William Bishop Owen Scholastic Academy ES,Elementary School (K/PK-8),"8247 S Christiana Ave, Chicago, IL 60652",98.6,57.6,0.0,has results for 31 measures
2025,24-25,610110,Ida B Wells Preparatory Elementary Academy,Elementary School (K/PK-8),"249 E 37th St, Chicago, IL 60653",99.9,73.0,0.0,has results for 31 measures
2025,24-25,610111,John Palmer Elementary School,Elementary School (K/PK-8),"5051 N Kenneth Ave, Chicago, IL 60630",93.8,41.6,0.0,has results for 12 measures
2025,24-25,610112,Francis W Parker Elementary Community Academy,Elementary School (K/PK-8),"6800 S Stewart Ave, Chicago, IL 60621",99.9,83.0,0.0,has results for 31 measures
2025,24-25,610115,Park Manor Elementary School,Elementary School (K/PK-8),"7037 S Rhodes Ave, Chicago, IL 60637",99.3,79.5,0.0,has results for 31 measures
2025,24-25,610116,Parkside Elementary Community Academy,Elementary School (K/PK-8),"6938 S East End Ave, Chicago, IL 60649",99.2,79.3,0.0,has results for 31 measures
2025,24-25,610117,Louis Pasteur Elementary School,Primary School (K/PK-5),"5825 S Kostner Ave, Chicago, IL 60629",99.0,70.0,0.0,has results for 26 measures
2025,24-25,610120,Ferdinand Peck Elementary School,Primary School (K/PK-5),"3826 W 58th St, Chicago, IL 60629",96.4,75.6,0.0,has results for 26 measures
2025,24-25,610121,Washington Irving Elementary School,Elementary School (K/PK-8),"749 S Oakley Blvd, Chicago, IL 60612",93.2,73.0,0.0,has results for 31 measures
2025,24-25,610122,Helen Peirce International Studies ES,Elementary School (K/PK-8),"1423 W Bryn Mawr Ave, Chicago, IL 60660",88.1,49.0,0.0,has results for 12 measures
2025,24-25,610123,William Penn Elementary School,Elementary School (K/PK-8),"1616 S Avers Ave, Chicago, IL 60623",88.5,48.5,0.0,has results for 12 measures
2025,24-25,610124,Harold Washington Elementary School,Elementary School (K/PK-8),"9130 S University Ave, Chicago, IL 60619",99.9,78.1,0.0,has results for 31 measures
2025,24-25,610125,Irma C Ruiz Elementary School,Elementary School (K/PK-8),"2410 S Leavitt St, Chicago, IL 60608",96.2,85.9,0.0,has results for 31 measures
2025,24-25,610126,John J Pershing STEAM Magnet Elementary School,Elementary School (K/PK-8),"3200 S Calumet Ave, Chicago, IL 60616",81.4,55.8,0.0,has results for 31 measures
2025,24-25,610127,Mary Gage Peterson Elementary School,Elementary School (K/PK-8),"5510 N Christiana Ave, Chicago, IL 60625",97.4,77.0,0.0,has results for 31 measures
2025,24-25,610128,Marcus Moziah Garvey Elementary School,Elementary School (K/PK-8),"10309 S Morgan St, Chicago, IL 60643",98.5,64.5,0.0,has results for 31 measures
2025,24-25,610129,Josiah Pickard Elementary School,Elementary School (K/PK-8),"2301 W 21st Pl, Chicago, IL 60608",96.1,88.1,0.0,has results for 31 measures
2025,24-25,610130,John T Pirie Fine Arts & Academic Center ES,Elementary School (K/PK-8),"650 E 85th St, Chicago, IL 60619",92.6,73.1,0.0,has results for 31 measures
2025,24-25,610131,Ambrose Plamondon Elementary School,Elementary School (K/PK-8),"2642 W 15th Pl, Chicago, IL 60608",96.6,91.7,0.0,has results for 31 measures
2025,24-25,610132,Edgar Allan Poe Elementary Classical School,Elementary School (K/PK-8),"10538 S Langley Ave, Chicago, IL 60628",86.3,90.9,0.0,has results for 31 measures
2025,24-25,610133,Laura S Ward Elementary School,Elementary School (K/PK-8),"646 N Lawndale Ave, Chicago, IL 60624",99.9,64.4,0.0,has results for 31 measures
2025,24-25,610135,Portage Park Elementary School,Elementary School (K/PK-8),"5330 W Berteau Ave, Chicago, IL 60641",67.8,75.7,0.0,has results for 31 measures
2025,24-25,610136,William H Prescott Elementary School,Elementary School (K/PK-8),"1632 W Wrightwood Ave, Chicago, IL 60614",97.8,73.5,0.0,has results for 31 measures
2025,24-25,610137,Ernst Prussing Elementary School,Elementary School (K/PK-8),"4650 N Menard Ave, Chicago, IL 60630",84.5,40.7,0.0,has results for 12 measures
2025,24-25,610138,Pulaski International School of Chicago,Elementary School (K/PK-8),"2230 W Mclean Ave, Chicago, IL 60647",86.0,47.5,0.0,has results for 12 measures
2025,24-25,610139,George M Pullman Elementary School,Elementary School (K/PK-8),"11311 S Forrestville Ave, Chicago, IL 60628",98.2,73.5,0.0,has results for 31 measures
2025,24-25,610141,Ravenswood Elementary School,Elementary School (K/PK-8),"4332 N Paulina St, Chicago, IL 60613",92.7,59.7,0.0,has results for 31 measures
2025,24-25,610142,William H Ray Elementary School,Elementary School (K/PK-8),"5631 S Kimbark Ave, Chicago, IL 60637",96.3,86.7,0.0,has results for 31 measures
2025,24-25,610143,William C Reavis Math & Science Specialty ES,Elementary School (K/PK-8),"834 E 50th St, Chicago, IL 60615",92.6,53.1,0.0,has results for 31 measures
2025,24-25,610144,Frank W Reilly Elementary School,Elementary School (K/PK-8),"3650 W School St, Chicago, IL 60618",99.9,89.3,0.0,has results for 31 measures
2025,24-25,610145,Peter A Reinberg Elementary School,Elementary School (K/PK-8),"3425 N Major Ave, Chicago, IL 60634",88.1,65.6,0.0,has results for 31 measures
2025,24-25,610146,Paul Revere Elementary School,Elementary School (K/PK-8),"1010 E 72nd St, Chicago, IL 60619",85.1,92.3,0.0,has results for 31 measures
2025,24-25,610147,Philip Rogers Elementary School,Elementary School (K/PK-8),"7345 N Washtenaw Ave, Chicago, IL 60645",89.5,84.3,0.0,has results for 31 measures
2025,24-25,610148,Cesar E Chavez Multicultural Academic Center ES,Elementary School (K/PK-8),"4747 S Marshfield Ave, Chicago, IL 60609",99.7,96.4,0.0,has results for 31 measures
2025,24-25,610152,Martha Ruggles Elementary School,Elementary School (K/PK-8),"7831 S Prairie Ave, Chicago, IL 60619",99.9,54.6,0.0,has results for 31 measures
2025,24-25,610153,William H Ryder Math & Science Specialty ES,Elementary School (K/PK-8),"8716 S Wallace St, Chicago, IL 60620",97.5,90.7,0.0,has results for 31 measures
2025,24-25,610155,Sauganash Elementary School,Elementary School (K/PK-8),"6040 N Kilpatrick Ave, Chicago, IL 60646",93.8,77.4,0.0,has results for 31 measures
2025,24-25,610157,Sidney Sawyer Elementary School,Elementary School (K/PK-8),"5248 S Sawyer Ave, Chicago, IL 60632",99.9,76.7,0.0,has results for 31 measures
2025,24-25,610158,Harriet E Sayre Elementary Language Academy,Elementary School (K/PK-8),"1850 N Newland Ave, Chicago, IL 60707",99.0,70.0,0.0,has results for 31 measures
2025,24-25,610159,Jonathan Y Scammon Elementary School,Elementary School (K/PK-8),"4201 W Henderson St, Chicago, IL 60641",94.0,65.5,0.0,has results for 31 measures
2025,24-25,610163,Frederick Stock Elementary School,Primary School (K/PK-5),"7507 W Birchwood Ave, Chicago, IL 60631",0.0,84.2,0.0,has results for 36 measures
2025,24-25,610165,Franz Peter Schubert Elementary School,Primary School (K/PK-5),"2727 N Long Ave, Chicago, IL 60639",99.9,84.2,0.0,has results for 26 measures
2025,24-25,610167,William H Seward Communication Arts Academy ES,Elementary School (K/PK-8),"4600 S Hermitage Ave, Chicago, IL 60609",99.1,99.9,0.0,has results for 31 measures
2025,24-25,610170,Columbia Explorers Elementary Academy,Elementary School (K/PK-8),"4520 S Kedzie Ave, Chicago, IL 60632",77.7,78.8,0.0,has results for 31 measures
2025,24-25,610171,Arnold Mireles Elementary Academy,Elementary School (K/PK-8),"9000 S Exchange Ave, Chicago, IL 60617",93.1,85.1,0.0,has results for 31 measures
2025,24-25,610172,William T Sherman Elementary School,Elementary School (K/PK-8),"1000 W 52nd St, Chicago, IL 60609",99.9,99.9,0.0,has results for 31 measures
2025,24-25,610173,Jesse Sherwood Elementary School,Elementary School (K/PK-8),"245 W 57th St, Chicago, IL 60621",92.4,72.7,0.0,has results for 31 measures
2025,24-25,610174,James Shields Elementary School,Primary School (K/PK-5),"4250 S Rockwell St, Chicago, IL 60632",99.9,64.6,0.0,has results for 26 measures
2025,24-25,610175,Beulah Shoesmith Elementary School,Elementary School (K/PK-8),"1330 E 50th St, Chicago, IL 60615",98.5,84.2,0.0,has results for 31 measures
2025,24-25,610176,John D Shoop Math-Science Technical Academy ES,Elementary School (K/PK-8),"11140 S Bishop St, Chicago, IL 60643",52.9,55.8,0.0,has results for 31 measures
2025,24-25,610177,Mark Skinner Elementary School,Elementary School (K/PK-8),"1260 W Adams St, Chicago, IL 60607",93.6,60.2,0.0,has results for 31 measures
2025,24-25,610178,Theophilus Schmid Elementary School,Elementary School (K/PK-8),"9755 S Greenwood Ave, Chicago, IL 60628",93.7,90.9,0.0,has results for 31 measures
2025,24-25,610179,Washington D Smyser Elementary School,Elementary School (K/PK-8),"4310 N Melvina Ave, Chicago, IL 60634",85.1,63.0,0.0,has results for 31 measures
2025,24-25,610180,John M Smyth Elementary School,Elementary School (K/PK-8),"1059 W 13th St, Chicago, IL 60608",88.2,74.5,0.0,has results for 31 measures
2025,24-25,610182,Hannah G Solomon Elementary School,Elementary School (K/PK-8),"6206 N Hamlin Ave, Chicago, IL 60659",82.6,78.9,0.0,has results for 31 measures
2025,24-25,610183,Spencer Technology Academy,Elementary School (K/PK-8),"214 N Lavergne Ave, Chicago, IL 60644",96.7,55.8,0.0,has results for 31 measures
2025,24-25,610184,John Spry Elementary Community School,Elementary School (K/PK-8),"2400 S Marshall Blvd, Chicago, IL 60623",98.3,85.4,0.0,has results for 31 measures
2025,24-25,610185,Adlai E Stevenson Elementary School,Elementary School (K/PK-8),"8010 S Kostner Ave, Chicago, IL 60652",80.4,48.8,0.0,has results for 12 measures
2025,24-25,610188,Dunne Technology Academy,Elementary School (K/PK-8),"10845 S Union Ave, Chicago, IL 60628",79.6,76.9,0.0,has results for 31 measures
2025,24-25,610191,Stone Elementary Scholastic Academy,Elementary School (K/PK-8),"6239 N Leavitt St, Chicago, IL 60659",84.2,57.1,0.0,has results for 31 measures
2025,24-25,610192,Harriet Beecher Stowe Elementary School,Elementary School (K/PK-8),"3444 W Wabansia Ave, Chicago, IL 60647",99.9,82.0,0.0,has results for 31 measures
2025,24-25,610193,William K New Sullivan Elementary School,Elementary School (K/PK-8),"8331 S Mackinaw Ave, Chicago, IL 60617",79.6,65.2,0.0,has results for 31 measures
2025,24-25,610194,Charles Sumner Math & Science Community Acad ES,Elementary School (K/PK-8),"4320 W 5th Ave, Chicago, IL 60624",97.9,88.9,0.0,has results for 31 measures
2025,24-25,610195,Elizabeth H Sutherland Elementary School,Elementary School (K/PK-8),"10015 S Leavitt St, Chicago, IL 60643",88.9,65.2,0.0,has results for 31 measures
2025,24-25,610196,George B Swift Elementary Specialty School,Elementary School (K/PK-8),"5900 N Winthrop Ave, Chicago, IL 60660",59.5,78.4,0.0,has results for 31 measures
2025,24-25,610197,Mancel Talcott Elementary School,Elementary School (K/PK-8),"1840 W Ohio St, Chicago, IL 60622",89.0,86.0,0.0,has results for 31 measures
2025,24-25,610198,Douglas Taylor Elementary School,Elementary School (K/PK-8),"9912 S Avenue H, Chicago, IL 60617",92.0,97.9,0.0,has results for 31 measures
2025,24-25,610199,Johnnie Colemon Elementary Academy,Elementary School (K/PK-8),"1441 W 119th St, Chicago, IL 60643",80.5,70.4,0.0,has results for 31 measures
2025,24-25,610200,James N Thorp Elementary School,Elementary School (K/PK-8),"8914 S Buffalo Ave, Chicago, IL 60617",99.1,89.8,0.0,has results for 31 measures
2025,24-25,610201,Ole A Thorp Elementary Scholastic Academy,Elementary School (K/PK-8),"6024 W Warwick Ave, Chicago, IL 60634",96.7,63.4,0.0,has results for 31 measures
2025,24-25,610202,George W Tilton Elementary School,Elementary School (K/PK-8),"223 N Keeler Ave, Chicago, IL 60624",99.9,99.9,0.0,has results for 31 measures
2025,24-25,610203,Monarcas Academy,Primary School (K/PK-5),"5815 S Homan Ave, Chicago, IL 60629",98.3,77.0,0.0,has results for 26 measures
2025,24-25,610206,Mark Twain Elementary School,Elementary School (K/PK-8),"5134 S Lotus Ave, Chicago, IL 60638",96.8,69.1,0.0,has results for 31 measures
2025,24-25,610207,John H Vanderpoel Elementary Magnet School,Elementary School (K/PK-8),"9510 S Prospect Ave, Chicago, IL 60643",97.9,51.9,0.0,has results for 31 measures
2025,24-25,610208,Mildred I Lavizzo Elementary School,Elementary School (K/PK-8),"138 W 109th St, Chicago, IL 60628",56.9,72.2,0.0,has results for 31 measures
2025,24-25,610209,Alessandro Volta Elementary School,Elementary School (K/PK-8),"4950 N Avers Ave, Chicago, IL 60625",93.2,71.2,0.0,has results for 31 measures
2025,24-25,610212,Albany Park Multicultural Academy,Middle School (6-8),"4929 N Sawyer Ave, Chicago, IL 60625",93.6,75.0,0.0,has results for 31 measures
2025,24-25,610213,James Wadsworth Elementary School,Elementary School (K/PK-8),"6650 S Ellis Ave, Chicago, IL 60637",97.8,80.0,0.0,has results for 31 measures
2025,24-25,610215,Francisco I Madero Middle School,Middle School (6-8),"3202 W 28th St, Chicago, IL 60623",98.7,81.5,0.0,has results for 31 measures
2025,24-25,610216,John A Walsh Elementary School,Elementary School (K/PK-8),"2015 S Peoria St, Chicago, IL 60608",99.9,74.5,0.0,has results for 31 measures
2025,24-25,610217,James Ward Elementary School,Elementary School (K/PK-8),"2701 S Shields Ave, Chicago, IL 60616",80.5,85.4,0.0,has results for 31 measures
2025,24-25,610218,Joseph Warren Elementary School,Elementary School (K/PK-8),"9239 S Jeffery Ave, Chicago, IL 60617",99.9,99.9,0.0,has results for 31 measures
2025,24-25,610219,George Washington Elementary School,Elementary School (K/PK-8),"3611 E 114th St, Chicago, IL 60617",95.6,96.2,0.0,has results for 31 measures
2025,24-25,610220,Thomas J Waters Elementary School,Elementary School (K/PK-8),"4540 N Campbell Ave, Chicago, IL 60625",93.1,82.5,0.0,has results for 31 measures
2025,24-25,610221,Daniel Webster Elementary School,Elementary School (K/PK-8),"4055 W Arthington St, Chicago, IL 60624",99.9,92.6,0.0,has results for 31 measures
2025,24-25,610223,Daniel S Wentworth Elementary School,Elementary School (K/PK-8),"1340 W 71st St, Chicago, IL 60636",96.9,52.3,0.0,has results for 31 measures
2025,24-25,610225,John Whistler Elementary School,Elementary School (K/PK-8),"11533 S Ada St, Chicago, IL 60643",55.3,64.5,0.0,has results for 31 measures
2025,24-25,610226,Socorro Sandoval Elementary School,Primary School (K/PK-5),"5534 S Saint Louis Ave, Chicago, IL 60629",99.9,77.3,0.0,has results for 26 measures
2025,24-25,610227,Eli Whitney Elementary School,Elementary School (K/PK-8),"2815 S Komensky Ave, Chicago, IL 60623",99.7,89.5,0.0,has results for 31 measures
2025,24-25,610228,John Greenleaf Whittier Elementary School,Elementary School (K/PK-8),"1900 W 23rd St, Chicago, IL 60608",95.2,78.6,0.0,has results for 31 measures
2025,24-25,610229,A.N. Pritzker School,Elementary School (K/PK-8),"2009 W Schiller St, Chicago, IL 60622",80.1,69.1,0.0,has results for 31 measures
2025,24-25,610230,Wildwood IB World Magnet School,Elementary School (K/PK-8),"6950 N Hiawatha Ave, Chicago, IL 60646",94.6,98.1,0.0,has results for 31 measures
2025,24-25,610231,National Teachers Elementary Academy,Elementary School (K/PK-8),"55 W Cermak Rd, Chicago, IL 60616",91.2,77.5,0.0,has results for 31 measures
2025,24-25,610234,Richard Yates Elementary School,Elementary School (K/PK-8),"1839 N Richmond St, Chicago, IL 60647",98.3,89.3,0.0,has results for 31 measures
2025,24-25,610235,Ella Flagg Young Elementary School,Elementary School (K/PK-8),"1434 N Parkside Ave, Chicago, IL 60651",97.7,63.4,0.0,has results for 31 measures
2025,24-25,610237,Ludwig Van Beethoven Elementary School,Elementary School (K/PK-8),"25 W 47th St, Chicago, IL 60609",48.1,62.5,0.0,has results for 19 measures
2025,24-25,610238,Carrie Jacobs Bond Elementary School,Elementary School (K/PK-8),"7050 S May St, Chicago, IL 60621",92.3,95.0,0.0,has results for 31 measures
2025,24-25,610239,Richard J Daley Elementary Academy,Elementary School (K/PK-8),"5024 S Wolcott Ave, Chicago, IL 60609",96.4,84.0,0.0,has results for 31 measures
2025,24-25,610242,Joseph Brennemann Elementary School,Elementary School (K/PK-8),"4251 N Clarendon Ave, Chicago, IL 60613",96.1,68.2,0.0,has results for 31 measures
2025,24-25,610244,Michele Clark Academic Prep Magnet High School,High School (9-12),"5101 W Harrison St, Chicago, IL 60644",65.8,71.1,0.0,has results for 34 measures
2025,24-25,610245,Frederick A Douglass Academy High School,High School (9-12),"543 N Waller Ave, Chicago, IL 60644",92.0,80.0,0.0,has results for 31 measures
2025,24-25,610246,Edward Beasley Elementary Magnet Academic Center,Elementary School (K/PK-8),"5255 S State St, Chicago, IL 60609",72.4,81.3,0.0,has results for 31 measures
2025,24-25,610248,Chicago Academy Elementary School,Elementary School (K/PK-8),"3400 N Austin Ave, Chicago, IL 60634",90.5,75.0,0.0,has results for 31 measures
2025,24-25,610249,Talman Elementary School,Elementary School (K/PK-8),"5450 S Talman Ave, Chicago, IL 60632",64.3,63.8,0.0,has results for 31 measures
2025,24-25,610250,Ruben Salazar Elementary Bilingual Center,Elementary School (K/PK-8),"160 W Wendell St, Chicago, IL 60610",97.7,68.6,0.0,has results for 31 measures
2025,24-25,610251,Willa Cather Elementary School,Elementary School (K/PK-8),"2908 W Washington Blvd, Chicago, IL 60612",99.9,78.9,0.0,has results for 31 measures
2025,24-25,610252,Robert Nathaniel Dett Elementary School,Elementary School (K/PK-8),"2131 W Monroe St, Chicago, IL 60612",95.1,87.5,0.0,has results for 31 measures
2025,24-25,610254,Dvorak Technology Academy,Elementary School (K/PK-8),"3615 W 16th St, Chicago, IL 60623",97.6,83.3,0.0,has results for 31 measures
2025,24-25,610256,Jackie Robinson Elementary School,Primary School (K/PK-5),"4225 S Lake Park Ave, Chicago, IL 60653",0.0,95.0,0.0,has results for 39 measures
2025,24-25,610257,Morton School of Excellence,Elementary School (K/PK-8),"431 N Troy St, Chicago, IL 60612",92.6,69.2,0.0,has results for 31 measures
2025,24-25,610263,John Foster Dulles Elementary School,Elementary School (K/PK-8),"6311 S Calumet Ave, Chicago, IL 60637",91.3,83.0,0.0,has results for 31 measures
2025,24-25,610268,Arthur R Ashe Elementary School,Elementary School (K/PK-8),"8505 S Ingleside Ave, Chicago, IL 60619",96.0,86.5,0.0,has results for 31 measures
2025,24-25,610269,John T McCutcheon Elementary School,Elementary School (K/PK-8),"4865 N Sheridan Rd, Chicago, IL 60640",84.8,92.5,0.0,has results for 31 measures
2025,24-25,610271,Jensen Elementary Scholastic Academy,Elementary School (K/PK-8),"3030 W Harrison St, Chicago, IL 60612",99.9,81.6,0.0,has results for 31 measures
2025,24-25,610274,James Weldon Johnson STEAM Elementary School,Elementary School (K/PK-8),"1420 S Albany Ave, Chicago, IL 60623",99.9,65.5,0.0,has results for 31 measures
2025,24-25,610276,Irvin C Mollison Elementary School,Elementary School (K/PK-8),"4415 S Dr Martin L King Jr Dr, Chicago, IL 60653",68.8,69.2,0.0,has results for 31 measures
2025,24-25,610279,Henry O Tanner Elementary School,Elementary School (K/PK-8),"7350 S Evans Ave, Chicago, IL 60619",97.7,74.3,0.0,has results for 31 measures
2025,24-25,610281,Adam Clayton Powell Paideia Community Academy ES,Elementary School (K/PK-8),"7511 S South Shore Dr, Chicago, IL 60649",97.5,64.9,0.0,has results for 31 measures
2025,24-25,610282,Ronald E McNair Elementary School,Elementary School (K/PK-8),"4820 W Walton St, Chicago, IL 60651",99.9,82.7,0.0,has results for 31 measures
2025,24-25,610284,New Field Elementary School,Primary School (K/PK-5),"1707 W Morse Ave, Chicago, IL 60626",97.6,80.9,0.0,has results for 26 measures
2025,24-25,610287,Ashburn Community Elementary School,Elementary School (K/PK-8),"8300 S St Louis Ave, Chicago, IL 60652",84.9,90.4,0.0,has results for 31 measures
2025,24-25,610290,Benjamin E Mays Elementary Academy,Elementary School (K/PK-8),"6656 S Normal Blvd, Chicago, IL 60621",98.7,91.7,0.0,has results for 31 measures
2025,24-25,610291,Richard Henry Lee Elementary School,Elementary School (K/PK-8),"6448 S Tripp Ave, Chicago, IL 60629",99.9,95.9,0.0,has results for 31 measures
2025,24-25,610293,Genevieve Melody Elementary School,Elementary School (K/PK-8),"3937 W Wilcox St, Chicago, IL 60624",98.7,65.7,0.0,has results for 31 measures
2025,24-25,610295,Thomas J Higgins Elementary Community Academy,Elementary School (K/PK-8),"11710 S Morgan St, Chicago, IL 60643",87.7,82.4,0.0,has results for 31 measures
2025,24-25,610298,Lenart Elementary Regional Gifted Center,Elementary School (K/PK-8),"8101 S Lasalle St, Chicago, IL 60620",98.7,76.9,0.0,has results for 31 measures
2025,24-25,610299,Dr. Martin Luther King Jr Academy of Social Justice,Elementary School (K/PK-8),"644 W 71st St, Chicago, IL 60621",79.6,52.0,0.0,has results for 26 measures
2025,24-25,610300,Oliver S Westcott Elementary School,Elementary School (K/PK-8),"409 W 80th St, Chicago, IL 60620",96.7,85.1,0.0,has results for 31 measures
2025,24-25,610304,Phoenix Military Academy High School,High School (9-12),"145 S Campbell Ave, Chicago, IL 60612",96.4,69.7,0.0,has results for 34 measures
2025,24-25,610305,George Leland Elementary School,Elementary School (K/PK-8),"512 S Lavergne Ave, Chicago, IL 60644",99.9,55.8,0.0,has results for 31 measures
2025,24-25,610308,Wilma Rudolph Elementary Learning Center,Elementary School (K/PK-8),"1628 W Washington Blvd, Chicago, IL 60612",0.0,59.6,0.0,has results for 19 measures
2025,24-25,610312,Mary E McDowell Elementary School,Primary School (K/PK-5),"1419 E 89th St, Chicago, IL 60619",97.6,99.9,0.0,has results for 26 measures
2025,24-25,610313,Jose De Diego Elementary Community Academy,Elementary School (K/PK-8),"1313 N Claremont Ave, Chicago, IL 60622",80.6,52.9,0.0,has results for 31 measures
2025,24-25,610315,Edward White Elementary Career Academy,Elementary School (K/PK-8),"1136 W 122nd St, Chicago, IL 60643",60.6,76.5,0.0,has results for 31 measures
2025,24-25,610316,Amelia Earhart Options for Knowledge ES,Elementary School (K/PK-8),"1710 E 93rd St, Chicago, IL 60617",99.9,85.0,0.0,has results for 31 measures
2025,24-25,610317,Brighton Park Elementary School,Elementary School (K/PK-8),"3825 S Washtenaw Ave, Chicago, IL 60632",94.9,94.3,0.0,has results for 31 measures
2025,24-25,610319,Evergreen Academy Middle School,Middle School (6-8),"3537 S Paulina St, Chicago, IL 60609",98.9,99.9,0.0,has results for 31 measures
2025,24-25,610323,Bowen High School,High School (9-12),"2710 E 89th St, Chicago, IL 60617",56.5,64.5,0.0,has results for 34 measures
2025,24-25,610325,Avondale-Logandale Elementary School,Elementary School (K/PK-8),"3212 W George St, Chicago, IL 60618",96.9,86.8,0.0,has results for 31 measures
2025,24-25,610329,Orozco Fine Arts & Sciences Elementary School,Elementary School (K/PK-8),"1940 W 18th St, Chicago, IL 60608",99.9,93.6,0.0,has results for 31 measures
2025,24-25,610334,Al Raby High School,High School (9-12),"3545 W Fulton Blvd, Chicago, IL 60624",69.2,82.9,0.0,has results for 34 measures
2025,24-25,610339,Amos Alonzo Stagg Elementary School,Elementary School (K/PK-8),"7424 S Morgan St, Chicago, IL 60621",94.6,84.4,0.0,has results for 31 measures
2025,24-25,610340,Chicago Academy High School,High School (9-12),"3400 N Austin Ave, Chicago, IL 60634",85.8,80.4,0.0,has results for 34 measures
2025,24-25,610342,Albert R Sabin Elementary Magnet School,Elementary School (K/PK-8),"2216 W Hirsch St, Chicago, IL 60622",89.8,60.0,0.0,has results for 31 measures
2025,24-25,610345,Carter G Woodson South Elementary School,Elementary School (K/PK-8),"4414 S Evans Ave, Chicago, IL 60653",85.6,86.8,0.0,has results for 31 measures
2025,24-25,610347,Claremont STEM Magnet Elementary School,Elementary School (K/PK-8),"2300 W 64th St, Chicago, IL 60636",81.4,69.5,0.0,has results for 31 measures
2025,24-25,610350,Robert A Black Magnet Elementary School,Elementary School (K/PK-8),"9101 S Euclid Ave, Chicago, IL 60617",76.6,68.6,0.0,has results for 31 measures
2025,24-25,610352,Durkin Park Elementary School,Elementary School (K/PK-8),"8445 S Kolin Ave, Chicago, IL 60652",94.2,69.7,0.0,has results for 31 measures
2025,24-25,610353,Calmeca Academy of Fine Arts and Dual Language,Elementary School (K/PK-8),"3456 W 38th St, Chicago, IL 60632",97.6,91.7,0.0,has results for 31 measures
2025,24-25,610354,North River Elementary School,Elementary School (K/PK-8),"3729 W Leland Ave, Chicago, IL 60625",90.4,82.4,0.0,has results for 31 measures
2025,24-25,610355,Mary E Courtenay Elementary Language Arts Center,Elementary School (K/PK-8),"4420 N Beacon St, Chicago, IL 60640",99.9,74.1,0.0,has results for 31 measures
2025,24-25,610357,Spry Community Links High School,High School (9-12),"2400 S Marshall Blvd, Chicago, IL 60623",88.5,94.4,0.0,has results for 34 measures
2025,24-25,610362,Medgar Evers Elementary School,Elementary School (K/PK-8),"9811 S Lowe Ave, Chicago, IL 60628",98.1,93.8,0.0,has results for 31 measures
2025,24-25,610363,Walt Disney Magnet Elementary School,Elementary School (K/PK-8),"4140 N Marine Dr, Chicago, IL 60613",88.2,78.9,0.0,has results for 31 measures
2025,24-25,610364,William E B Dubois Elementary School,Elementary School (K/PK-8),"330 E 133rd St, Chicago, IL 60827",99.9,83.3,0.0,has results for 31 measures
2025,24-25,610366,Charles H Wacker Elementary School,Elementary School (K/PK-8),"9746 S Morgan St, Chicago, IL 60643",99.9,70.6,0.0,has results for 31 measures
2025,24-25,610367,Oscar DePriest Elementary School,Elementary School (K/PK-8),"139 S Parkside Ave, Chicago, IL 60644",98.8,63.3,0.0,has results for 31 measures
2025,24-25,610368,Langston Hughes Elementary School,Elementary School (K/PK-8),"240 W 104th St, Chicago, IL 60628",95.4,56.9,0.0,has results for 31 measures
2025,24-25,610369,Mahalia Jackson Elementary School,Elementary School (K/PK-8),"917 W 88th St, Chicago, IL 60620",98.5,56.9,0.0,has results for 31 measures
2025,24-25,610380,Daniel Hale Williams Prep School of Medicine,High School (9-12),"4934 S Wabash Ave, Chicago, IL 60615",99.9,94.4,0.0,has results for 34 measures
2025,24-25,610381,Bronzeville Scholastic Academy High School,High School (9-12),"4934 S Wabash Ave, Chicago, IL 60615",99.9,70.8,0.0,has results for 34 measures
2025,24-25,610383,Greater Lawndale High School For Social Justice,High School (9-12),"3120 S Kostner Ave, Chicago, IL 60623",74.6,60.0,0.0,has results for 34 measures
2025,24-25,610384,Infinity Math Science and Technology High School,High School (9-12),"3120 S Kostner Ave, Chicago, IL 60623",86.3,68.4,0.0,has results for 34 measures
2025,24-25,610385,Multicultural Arts High School,High School (9-12),"3120 S Kostner Ave, Chicago, IL 60623",84.0,91.4,0.0,has results for 34 measures
2025,24-25,610386,Peace & Education Coalition HS,High School (9-12),"4946 S Paulina St, Chicago, IL 60609",99.9,96.8,0.0,has results for 34 measures
2025,24-25,610389,Orr Academy High School,High School (9-12),"730 N Pulaski Rd, Chicago, IL 60624",69.4,70.0,0.0,has results for 34 measures
2025,24-25,610390,Hyman G Rickover Naval Academy High School,High School (9-12),"5700 W Berteau Ave, Chicago, IL 60634",92.7,69.8,0.0,has results for 34 measures
2025,24-25,610391,Robert Lindblom Math & Science Academy HS,High School (9-12),"6130 S Wolcott Ave, Chicago, IL 60636",68.3,83.6,0.0,has results for 34 measures
2025,24-25,610392,World Language Academy High School,High School (9-12),"3120 S Kostner Ave, Chicago, IL 60623",82.9,87.5,0.0,has results for 34 measures
2025,24-25,610394,Uplift Community High School,High School (9-12),"900 W Wilson Ave, Chicago, IL 60640",64.7,56.9,0.0,has results for 34 measures
2025,24-25,610396,Tarkington School of Excellence ES,Elementary School (K/PK-8),"3330 W 71st St, Chicago, IL 60629",97.8,93.4,0.0,has results for 31 measures
2025,24-25,610402,DeVry University Advantage Academy HS,High School (9-12),"1900 W Lawrence Ave, Chicago, IL 60640",88.1,92.9,0.0,has results for 34 measures
2025,24-25,610405,Suder Montessori Magnet ES,Elementary School (K/PK-8),"2022 W Washington Blvd, Chicago, IL 60612",92.7,92.1,0.0,has results for 31 measures
2025,24-25,610499,Collins Academy STEAM High School,High School (9-12),"1313 S Sacramento Dr, Chicago, IL 60623",70.6,63.6,0.0,has results for 34 measures
2025,24-25,610503,Frazier Prospective IB Magnet ES,Elementary School (K/PK-8),"4027 W Grenshaw St, Chicago, IL 60624",64.6,62.5,0.0,has results for 31 measures
2025,24-25,610504,Velma F Thomas Early Childhood Center,Primary School (K/PK-5),"3625 S Hoyne Ave, Chicago, IL 60609",0.0,36.7,0.0,no report
2025,24-25,610513,Air Force Academy High School,High School (9-12),"3630 S Wells St, Chicago, IL 60609",69.5,70.8,0.0,has results for 34 measures
2025,24-25,610515,Disney II Magnet School,Elementary School (K/PK-8),"3815 N Kedvale Ave, Chicago, IL 60641",91.4,39.0,0.0,has results for 12 measures
2025,24-25,610518,Austin College and Career Academy High School,High School (9-12),"231 N Pine Ave, Chicago, IL 60644",74.3,88.0,0.0,has results for 34 measures
2025,24-25,610520,LaSalle II Magnet Elementary School,Elementary School (K/PK-8),"1148 N Honore St, Chicago, IL 60622",96.0,78.7,0.0,has results for 31 measures
2025,24-25,610521,Sir Miles Davis Magnet Elementary Academy,Elementary School (K/PK-8),"6740 S Paulina St, Chicago, IL 60636",94.2,72.0,0.0,has results for 31 measures
2025,24-25,610523,Edison Park Elementary School,Elementary School (K/PK-8),"6220 N Olcott Ave, Chicago, IL 60631",80.4,69.6,0.0,has results for 31 measures
2025,24-25,610524,Louisa May Alcott College Preparatory HS,High School (9-12),"2957 N Hoyne Ave, Chicago, IL 60618",62.6,60.0,0.0,has results for 34 measures
2025,24-25,610529,Ogden International High School,High School (9-12),"1250 W Erie St, Chicago, IL 60642",70.2,70.6,0.0,has results for 34 measures
2025,24-25,610530,South Shore Fine Arts Academy,Elementary School (K/PK-8),"1415 E 70th St, Chicago, IL 60637",99.9,90.0,0.0,has results for 31 measures
2025,24-25,610532,Irene C. Hernandez Middle School for the Advancement of Science,Middle School (6-8),"3510 W 55th St, Chicago, IL 60632",98.6,71.4,0.0,has results for 31 measures
2025,24-25,610533,Dr Jorge Prieto Math and Science,Elementary School (K/PK-8),"2231 N Central Ave, Chicago, IL 60639",96.1,72.7,0.0,has results for 31 measures
2025,24-25,610534,Skinner North,Elementary School (K/PK-8),"640 W Scott St, Chicago, IL 60610",98.3,69.4,0.0,has results for 31 measures
2025,24-25,610539,Marvin Camras Elementary School,Elementary School (K/PK-8),"3000 N Mango Ave, Chicago, IL 60634",77.1,78.3,0.0,has results for 31 measures
2025,24-25,610541,Federico Garcia Lorca Elementary School,Elementary School (K/PK-8),"3231 N Springfield Ave, Chicago, IL 60618",98.5,89.1,0.0,has results for 31 measures
2025,24-25,610542,West Ridge Elementary School,Elementary School (K/PK-8),"6700 N Whipple St, Chicago, IL 60645",86.7,76.2,0.0,has results for 31 measures
2025,24-25,610543,Eric Solorio Academy High School,High School (9-12),"5400 S St Louis Ave, Chicago, IL 60632",85.0,65.4,0.0,has results for 34 measures
2025,24-25,610544,Mariano Azuela Elementary School,Elementary School (K/PK-8),"4707 W Marquette Rd, Chicago, IL 60629",92.7,71.0,0.0,has results for 31 measures
2025,24-25,610547,South Shore Intl College Prep High School,High School (9-12),"1955 E 75th St, Chicago, IL 60649",57.7,53.1,0.0,has results for 34 measures
2025,24-25,610548,STEM Magnet Academy,Elementary School (K/PK-8),"1522 W Fillmore St, Chicago, IL 60607",38.2,45.0,0.0,no report
2025,24-25,610557,Pathways in Education - Ashburn,High School (9-12),"3284 W 87th St, Chicago, IL 60652",76.0,99.9,0.0,has results for 34 measures
2025,24-25,610558,Sarah E. Goode STEM Academy,High School (9-12),"7651 S Homan Ave, Chicago, IL 60652",77.3,63.3,0.0,has results for 34 measures
2025,24-25,610559,James Shields Middle School,Middle School (6-8),"2611 W 48th St, Chicago, IL 60632",97.3,99.9,0.0,has results for 31 measures
2025,24-25,610561,Richard T Crane Medical Preparatory HS,High School (9-12),"2245 W Jackson Blvd, Chicago, IL 60612",86.3,87.1,0.0,has results for 34 measures
2025,24-25,610563,Back of the Yards IB High School,High School (9-12),"2111 W 47th St, Chicago, IL 60609",68.1,90.2,0.0,has results for 34 measures
2025,24-25,610564,Disney II Magnet High School,High School (9-12),"3900 N Lawndale Ave, Chicago, IL 60618",85.1,57.8,0.0,has results for 34 measures
2025,24-25,610565,Excel Academy of Englewood,High School (9-12),"7141 S Morgan, Chicago, IL 60621",51.4,99.9,0.0,has results for 34 measures
2025,24-25,610568,Pathways in Education - Avondale,High School (9-12),"3100 W Belmont Ave, Chicago, IL 60618",65.9,99.9,0.0,has results for 34 measures
2025,24-25,610569,Ombudsman Chicago - Northwest,High School (9-12),"7500 N Harlem Ave, Chicago, IL 60631",75.2,99.9,0.0,has results for 34 measures
2025,24-25,610570,Ombudsman Chicago - South,High School (9-12),"6057 S Western Ave, Chicago, IL 60636",56.7,90.9,0.0,has results for 22 measures
2025,24-25,610571,Ombudsman Chicago - West,High School (9-12),"2401 W Congress Pkwy, Chicago, IL 60612",62.6,88.9,0.0,has results for 27 measures
2025,24-25,610586,Edward E. Sadlowski Elementary School,Elementary School (K/PK-8),"3930 E 105th, Chicago, IL 60617",86.7,89.4,0.0,has results for 31 measures
2025,24-25,610587,Walter Henri Dyett High School for the Arts,High School (9-12),"555 E 51st, Chicago, IL 60615",64.5,77.3,0.0,has results for 34 measures
2025,24-25,610588,Robert J. Richardson Middle School,Middle School (6-8),"6018 S Karlov, Chicago, IL 60629",97.0,86.3,0.0,has results for 31 measures
2025,24-25,610589,Sor Juana Ines de la Cruz ES,Elementary School (K/PK-8),"4034 W 56th, Chicago, IL 60629",99.9,73.8,0.0,has results for 31 measures
2025,24-25,610590,Bronzeville Classical Elementary School,Elementary School (K/PK-8),"8 W Root, Chicago, IL 60609",95.3,53.1,0.0,has results for 31 measures
2025,24-25,610592,Englewood STEM High School,High School (9-12),"6835 S Normal, Chicago, IL 60621",68.8,61.8,0.0,has results for 34 measures
2025,24-25,610593,Ombudsman Chicago - Roseland HS,High School (9-12),"10928 S Halsted St, Chicago, IL 60628",71.7,99.9,0.0,has results for 23 measures
2025,24-25,610594,Pathways in Education - Humboldt Park HS,High School (9-12),"2421 W Division St, Chicago, IL 60622",57.6,99.9,0.0,has results for 27 measures
2025,24-25,610595,Dr. Fisher Early Learning Center,Primary School (K/PK-5),"2727 N Lincoln, Chicago, IL 60614",0.0,65.4,0.0,has results for 36 measures
2025,24-25,610596,The Virtual Academy Elementary School,Elementary School (K/PK-8),"1326 W 14th, Chicago, IL 60608",76.9,63.5,0.0,has results for 31 measures
2025,24-25,610597,The Virtual Academy High School,High School (9-12),"1326 W 14th, Chicago, IL 60608",78.0,66.0,0.0,has results for 34 measures
2025,24-25,610599,Catalpa Early Childhood Center,Primary School (K/PK-5),"4434 N Laramie, Chicago, IL 60630",0.0,89.7,0.0,has results for 36 measures
2025,24-25,610601,Safe Achieve Academy West HS,High School (9-12),"230 N Kolmar, Chicago, IL 60624",88.2,99.9,0.0,has results for 34 measures
2025,24-25,910572,Safe Achieve Academy ES and HS,High School (9-12),"7877 S Coles Ave, Chicago, IL 60649",99.9,91.7,0.0,has results for 22 measures
2026,25-26,400009,Academy for Global Citizenship Charter School,Elementary School (K/PK-8),"4942 W 44th St, Chicago, IL 60638",99.6,70.0,0.0,well-organized
2026,25-26,400011,Alain Locke Charter School,Elementary School (K/PK-8),"3141 W Jackson Blvd, Chicago, IL 60612",99.9,51.1,0.0,moderately organized
2026,25-26,400013,ASPIRA Charter School - Early College High School,High School (9-12),"3986 W Barry Ave, Chicago, IL 60618",83.2,62.5,0.0,well-organized
2026,25-26,400021,Catalyst Elementary Charter School - Circle Rock,Elementary School (K/PK-8),"5608 W Washington Blvd, Chicago, IL 60644",96.6,93.1,0.0,organized
2026,25-26,400022,Chicago High School for the Arts (ChiArts),High School (9-12),"2714 W Augusta Blvd, Chicago, IL 60622",68.1,37.1,0.0,organized
2026,25-26,400023,CICS - Avalon/South Shore,Elementary School (K/PK-8),"1501 E 83rd Pl, Chicago, IL 60619",98.3,71.8,0.0,not yet organized
2026,25-26,400024,CICS - Basil,Elementary School (K/PK-8),"1816 W Garfield Blvd, Chicago, IL 60609",98.9,88.6,0.0,partially organized
2026,25-26,400025,CICS - Bucktown,Elementary School (K/PK-8),"2235 N Hamilton Ave, Chicago, IL 60647",99.9,68.8,0.0,partially organized
2026,25-26,400026,CICS - Loomis Primary,Primary School (K/PK-5),"9535 S Loomis St, Chicago, IL 60643",0.0,97.1,0.0,partially organized
2026,25-26,400027,CICS - Irving Park,Elementary School (K/PK-8),"3820 N Spaulding Ave, Chicago, IL 60618",98.1,89.1,0.0,moderately organized
2026,25-26,400028,CICS - Prairie,Elementary School (K/PK-8),"11530 S Prairie Ave, Chicago, IL 60628",96.9,97.1,0.0,partially organized
2026,25-26,400029,CICS - Washington Park,Elementary School (K/PK-8),"110 E 61st St, Chicago, IL 60637",97.5,62.5,0.0,organized
2026,25-26,400030,CICS - West Belden,Elementary School (K/PK-8),"2245 N Mcvicker Ave, Chicago, IL 60639",99.4,90.6,0.0,organized
2026,25-26,400031,CICS - Wrightwood,Elementary School (K/PK-8),"8130 S California Ave, Chicago, IL 60652",99.1,90.2,0.0,organized
2026,25-26,400032,CICS - Ralph Ellison,High School (9-12),"1817 W 80th St, Chicago, IL 60620",97.7,71.4,0.0,not yet organized
2026,25-26,400033,CICS - Longwood,Elementary School (K/PK-8),"1309 W 95th St, Chicago, IL 60643",97.3,89.6,0.0,not yet organized
2026,25-26,400034,CICS - Northtown,High School (9-12),"3900 W Peterson Ave, Chicago, IL 60659",95.1,78.4,0.0,organized
2026,25-26,400035,Chicago Math and Science Academy Charter School,High School (9-12),"7212 N Clark St, Chicago, IL 60626",90.3,79.6,0.0,moderately organized
2026,25-26,400039,Erie Elementary Charter School,Elementary School (K/PK-8),"1405 N Washtenaw Ave, Chicago, IL 60622",86.2,85.7,0.0,partially organized
2026,25-26,400044,KIPP Ascend Charter School,Elementary School (K/PK-8),"1616 S Avers Ave, Chicago, IL 60623",98.5,80.3,0.0,moderately organized
2026,25-26,400046,L.E.A.R.N. - Romano Butler Campus,Elementary School (K/PK-8),"1132 S Homan Ave, Chicago, IL 60624",99.6,88.6,0.0,organized
2026,25-26,400047,L.E.A.R.N. - Charles and Dorothy Campbell Campus,Elementary School (K/PK-8),"212 S Francisco Ave, Chicago, IL 60612",99.9,87.8,0.0,organized
2026,25-26,400048,L.E.A.R.N. - Excel Campus,Elementary School (K/PK-8),"3021 W Carroll Ave, Chicago, IL 60612",99.9,99.9,0.0,moderately organized
2026,25-26,400049,Legacy Charter School,Elementary School (K/PK-8),"3318 West Ogden Ave, Chicago, IL 60623",97.5,97.1,0.0,well-organized
2026,25-26,400050,Namaste Charter School,Elementary School (K/PK-8),"3737 S Paulina St, Chicago, IL 60609",99.6,95.5,0.0,moderately organized
2026,25-26,400051,Noble - Noble College Prep,High School (9-12),"1010 N Noble St, Chicago, IL 60642",92.6,71.2,0.0,well-organized
2026,25-26,400052,Noble - Gary Comer College Prep,High School (9-12),"7131 S South Chicago Ave, Chicago, IL 60619",69.1,88.7,0.0,organized
2026,25-26,400053,Noble - Golder College Prep,High School (9-12),"1454 W Superior St, Chicago, IL 60642",51.9,29.4,0.0,organized
2026,25-26,400054,Noble - Pritzker College Prep,High School (9-12),"4131 W Cortland St, Chicago, IL 60639",69.5,57.1,0.0,well-organized
2026,25-26,400055,Noble - Rauner College Prep,High School (9-12),"1337 W Ohio St, Chicago, IL 60642",72.6,53.3,0.0,well-organized
2026,25-26,400056,Noble - Rowe-Clark Math and Science Academy,High School (9-12),"3645 W Chicago Ave, Chicago, IL 60651",72.1,80.7,0.0,organized
2026,25-26,400057,Noble - UIC College Prep,High School (9-12),"1231 S Damen Ave, Chicago, IL 60608",83.1,90.5,0.0,moderately organized
2026,25-26,400058,North Lawndale College Prep - Christiana,High School (9-12),"1615 S Christiana Ave, Chicago, IL 60623",92.2,89.3,0.0,well-organized
2026,25-26,400059,North Lawndale College Prep - Collins,High School (9-12),"1313 S Sacramento Dr, Chicago, IL 60623",93.9,90.0,0.0,partially organized
2026,25-26,400060,Passages Charter School,Elementary School (K/PK-8),"1643 W Bryn Mawr Ave, Chicago, IL 60660",98.7,75.0,0.0,partially organized
2026,25-26,400061,Perspectives - Leadership Academy,High School (9-12),"8131 South May Street, Chicago, IL 60620",96.1,83.1,0.0,partially organized
2026,25-26,400062,Perspectives - High School of Technology,High School (9-12),"8131 S May St., Chicago, IL 60620",95.6,80.8,0.0,partially organized
2026,25-26,400064,Perspectives - Rodney D. Joslin,High School (9-12),"1930 S Archer Ave, Chicago, IL 60616",96.0,74.1,0.0,not yet organized
2026,25-26,400066,Perspectives - Math and Science Academy,High School (9-12),"3663 S. Wabash Avenue, Chicago, IL 60653",96.4,80.6,0.0,partially organized
2026,25-26,400069,Polaris Charter Academy,Elementary School (K/PK-8),"620 N Sawyer Ave, Chicago, IL 60624",82.6,70.3,0.0,well-organized
2026,25-26,400071,Providence Englewood Charter School,Elementary School (K/PK-8),"6515 S Ashland Ave, Chicago, IL 60636",87.1,84.9,0.0,organized
2026,25-26,400075,University of Chicago - Donoghue,Primary School (K/PK-5),"707 E. 37th Street, Chicago, IL 60653",92.2,90.5,0.0,partially organized
2026,25-26,400076,University of Chicago - North Kenwood/Oakland,Primary School (K/PK-5),"1119 E. 46th Street, Chicago, IL 60653",95.3,93.8,0.0,organized
2026,25-26,400077,University of Chicago - Woodlawn,High School (9-12),"6300 S University Ave, Chicago, IL 60637",87.1,77.1,0.0,partially organized
2026,25-26,400079,Acero Charter Schools - SPC Daniel Zizumbo,Elementary School (K/PK-8),"4248 W 47th St, Chicago, IL 60632",99.9,92.9,0.0,moderately organized
2026,25-26,400080,Acero Charter Schools - PFC Omar E. Torres,Elementary School (K/PK-8),"4248 W 47th St, Chicago, IL 60632",99.9,82.5,0.0,moderately organized
2026,25-26,400081,Acero Charter Schools - Bartolome de las Casas,Elementary School (K/PK-8),"1641 W 16th St, Chicago, IL 60608",99.9,95.0,0.0,partially organized
2026,25-26,400082,Acero Charter Schools - Carlos Fuentes,Elementary School (K/PK-8),"2845 W Barry Ave, Chicago, IL 60618",93.9,43.3,0.0,moderately organized
2026,25-26,400084,Acero Charter Schools - Rufino Tamayo,Elementary School (K/PK-8),"5135 S California Ave, Chicago, IL 60632",96.0,95.5,0.0,well-organized
2026,25-26,400085,Acero Charter Schools - Major Hector P. Garcia MD,High School (9-12),"4248 W 47th St, Chicago, IL 60632",81.4,82.4,0.0,organized
2026,25-26,400086,Urban Prep Academy for Young Men - Englewood,High School (9-12),"6201 S Stewart Ave, Chicago, IL 60621",99.9,94.1,0.0,organized
2026,25-26,400089,Acero Charter Schools - Officer Donald J. Marquez,Elementary School (K/PK-8),"2916 W 47th St, Chicago, IL 60632",98.3,74.3,0.0,not yet organized
2026,25-26,400091,Chicago Technology Academy High School,High School (9-12),"1301 W 14th St, Chicago, IL 60608",89.0,63.4,0.0,not yet organized
2026,25-26,400092,CICS - Lloyd Bond,Elementary School (K/PK-8),"13300 S Langley Ave, Chicago, IL 60827",99.9,93.6,0.0,partially organized
2026,25-26,400094,EPIC Academy Charter High School,High School (9-12),"8255 S Houston Ave, Chicago, IL 60617",7.6,29.4,0.0,no report
2026,25-26,400096,Rowe Elementary Charter School,Elementary School (K/PK-8),"1424 N Cleaver St, Chicago, IL 60642",89.4,75.5,0.0,not yet organized
2026,25-26,400097,Noble - Chicago Bulls College Prep,High School (9-12),"2040 W Adams St, Chicago, IL 60612",79.0,57.0,0.0,moderately organized
2026,25-26,400098,Noble - Muchin College Prep,High School (9-12),"1 N State St, Chicago, IL 60602",79.4,53.6,0.0,organized
2026,25-26,400101,Acero Charter Schools - Sandra Cisneros,Elementary School (K/PK-8),"2744 W Pershing Rd, Chicago, IL 60632",98.8,64.3,0.0,moderately organized
2026,25-26,400104,Instituto Health Sciences Career Academy,High School (9-12),"2520 S Western Ave, Chicago, IL 60608",89.5,95.6,0.0,moderately organized
2026,25-26,400105,Urban Prep Academy for Young Men - Bronzeville,High School (9-12),"521 E 35th St, Chicago, IL 60616",91.7,94.1,0.0,well-organized
2026,25-26,400106,Noble - John and Eunice Johnson College Prep,High School (9-12),"6350 S Stewart Ave, Chicago, IL 60621",70.7,45.5,0.0,organized
2026,25-26,400107,L.E.A.R.N. - South Chicago Campus,Elementary School (K/PK-8),"8914 S Buffalo Ave, Chicago, IL 60617",99.4,79.6,0.0,organized
2026,25-26,400111,L.E.A.R.N. - Hunter Perkins Campus,Elementary School (K/PK-8),"1700 W 83rd St, Chicago, IL 60620",99.9,66.7,0.0,partially organized
2026,25-26,400112,Acero Charter Schools - Jovita Idar,Elementary School (K/PK-8),"5050 S Homan Ave, Chicago, IL 60632",99.9,97.4,0.0,partially organized
2026,25-26,400114,Acero Charter Schools - Esmeralda Santiago,Elementary School (K/PK-8),"2510 W Cortez St, Chicago, IL 60622",98.3,59.1,0.0,well-organized
2026,25-26,4001151,Catalyst Maria Charter Elementary School,Elementary School (K/PK-8),"6727 S California Ave, Chicago, IL 60629",99.0,95.2,0.0,partially organized
2026,25-26,400116,The Montessori School of Englewood Charter,Elementary School (K/PK-8),"6936 S Hermitage Ave, Chicago, IL 60636",97.4,96.3,0.0,partially organized
2026,25-26,400117,Noble - Hansberry College Prep,High School (9-12),"8748 S Aberdeen St, Chicago, IL 60620",78.0,76.3,0.0,partially organized
2026,25-26,400118,Noble - DRW College Prep,High School (9-12),"931 S Homan Ave, Chicago, IL 60624",69.8,58.6,0.0,organized
2026,25-26,400119,Legal Prep Charter Academy,High School (9-12),"4319 W Washington Blvd, Chicago, IL 60624",74.9,68.8,0.0,partially organized
2026,25-26,400120,Acero Charter Schools - Roberto Clemente,Elementary School (K/PK-8),"2050 N Natchez Ave, Chicago, IL 60707",91.8,66.7,0.0,not yet organized
2026,25-26,400123,YCCS - Academy of Scholastic Achievement HS,High School (9-12),"4651 W Madison St, Chicago, IL 60644",54.4,99.9,0.0,well-organized
2026,25-26,400124,YCCS - McKinley Lakeside Leadership HS,High School (9-12),"2920 S Wabash Ave, Chicago, IL 60616",99.9,88.9,0.0,well-organized
2026,25-26,400125,"YCCS - ASPIRA, Antonia Pantoja Alternative HS",High School (9-12),"3121 N Pulaski Rd, Chicago, IL 60641",58.0,91.7,0.0,moderately organized
2026,25-26,400126,YCCS - Association House HS,High School (9-12),"1116 N Kedzie, 4th Floor Ave, Chicago, IL 60651",59.4,99.9,0.0,well-organized
2026,25-26,400128,YCCS - CCA Academy HS,High School (9-12),"1231 S Pulaski Rd, Chicago, IL 60623",66.1,90.0,0.0,organized
2026,25-26,400129,YCCS - Progressive Leadership Academy,High School (9-12),"6620 S Dr Martin Luther King Jr Drive, Chicago, IL 60637",55.3,99.9,0.0,moderately organized
2026,25-26,400130,YCCS - Community Youth Development Institute HS,High School (9-12),"7836 S Union Ave, Chicago, IL 60620",64.0,99.9,0.0,moderately organized
2026,25-26,400131,YCCS - Dr. Pedro Albizu Campos Puerto Rican HS,High School (9-12),"2739 W Division St, Chicago, IL 60622",78.0,99.9,0.0,partially organized
2026,25-26,400133,YCCS - Innovations HS of Arts Integration,High School (9-12),"17 N State St, Chicago, IL 60602",54.6,75.0,0.0,organized
2026,25-26,400135,YCCS - Latino Youth Alternative HS,High School (9-12),"2001 S California Ave, Chicago, IL 60608",76.8,99.9,0.0,organized
2026,25-26,400136,YCCS - Olive Harvey Middle College HS,High School (9-12),"10001 S Woodlawn Ave, Chicago, IL 60628",60.9,90.9,0.0,organized
2026,25-26,400139,YCCS - Sullivan House Alternative HS,High School (9-12),"8164 S South Chicago Ave, Chicago, IL 60617",86.8,99.9,0.0,well-organized
2026,25-26,400141,YCCS - Truman Middle College HS,High School (9-12),"1145 W Wilson Ave, Chicago, IL 60640",74.6,93.3,0.0,moderately organized
2026,25-26,400143,YCCS - West Town Acad Alternative HS,High School (9-12),"500 N Sacramento Blvd, Chicago, IL 60612",79.7,90.0,0.0,well-organized
2026,25-26,400144,YCCS - West HS,High School (9-12),"4909 W Division St, Chicago, IL 60651",84.6,99.9,0.0,moderately organized
2026,25-26,400145,YCCS - Youth Connection Leadership Acad HS,High School (9-12),"3424 S State St, Chicago, IL 60616",75.2,99.9,0.0,organized
2026,25-26,400146,KIPP Academy Chicago Campus,Elementary School (K/PK-8),"4818 W Ohio St, Chicago, IL 60644",95.8,70.3,0.0,not yet organized
2026,25-26,400147,Chicago Excel Academy HS,High School (9-12),"1257 W 111th St, Chicago, IL 60643",51.8,63.2,0.0,well-organized
2026,25-26,400149,Acero Charter Schools - Victoria Soto,High School (9-12),"5025 S St. Louis Ave, Chicago, IL 60632",98.7,94.0,0.0,organized
2026,25-26,400150,YCCS - Chatham Academy HS,High School (9-12),"9035 S Langley Ave, Chicago, IL 60619",52.4,88.9,0.0,no report
2026,25-26,400151,L.E.A.R.N. - 7th Campus,Primary School (K/PK-5),"3021 W Carroll Ave, Chicago, IL 60612",98.1,88.9,0.0,well-organized
2026,25-26,400153,Acero Charter Schools - Brighton Park,Elementary School (K/PK-8),"4420 S Fairfield Ave, Chicago, IL 60632",74.4,53.3,0.0,partially organized
2026,25-26,400156,Noble - Butler College Prep,High School (9-12),"821 E 103rd St, Chicago, IL 60628",84.0,95.0,0.0,organized
2026,25-26,400157,Noble - Baker College Prep,High School (9-12),"2710 E 89th St, Chicago, IL 60617",77.4,81.5,0.0,organized
2026,25-26,400159,Christopher House Charter School,Elementary School (K/PK-8),"5235 W Belden Ave, Chicago, IL 60639",87.4,61.3,0.0,not yet organized
2026,25-26,400161,Chicago Collegiate Charter School,Elementary School (K/PK-8),"11816 S Indiana, Chicago, IL 60628",78.6,76.9,0.0,partially organized
2026,25-26,400162,Intrinsic Charter School,High School (9-12),"4540 W Belmont Ave, Chicago, IL 60641",97.3,93.2,0.0,organized
2026,25-26,400163,KIPP Chicago Charter School - KIPP Bloom,Elementary School (K/PK-8),"5515 S Lowe Ave, Chicago, IL 60621",98.6,71.8,0.0,partially organized
2026,25-26,400164,Instituto - Justice and Leadership,High School (9-12),"2570 S Blue Island Ave, Chicago, IL 60608",63.6,85.7,0.0,organized
2026,25-26,400165,L.E.A.R.N. - Middle School Campus,Middle School (6-8),"3021 W Carroll Ave, Chicago, IL 60612",99.4,80.8,0.0,well-organized
2026,25-26,400167,Horizon Science Academy Southwest Chicago Charter,Elementary School (K/PK-8),"5401 S Western Ave, Chicago, IL 60609",83.4,63.6,0.0,moderately organized
2026,25-26,400168,Great Lakes Academy Charter School,Elementary School (K/PK-8),"8401 S Saginaw Ave, Chicago, IL 60617",92.8,81.8,0.0,partially organized
2026,25-26,400169,Noble - ITW David Speer Academy,High School (9-12),"5321 W Grand Ave, Chicago, IL 60639",84.2,60.0,0.0,moderately organized
2026,25-26,400170,Noble - The Noble Academy,High School (9-12),"1443 N Ogden Ave, Chicago, IL 60610",64.8,65.9,0.0,organized
2026,25-26,400172,ASPIRA Business and Finance,High School (9-12),"2989 N Milwaukee Ave, Chicago, IL 60618",70.7,66.7,0.0,organized
2026,25-26,400173,Pathways in Education - Brighton Park,High School (9-12),"3124 W 47th St, Chicago, IL 60632",57.4,99.9,0.0,well-organized
2026,25-26,400175,Excel Academy of South Shore,High School (9-12),"7530 S South Shore Dr, Chicago, IL 60649",57.0,83.3,0.0,partially organized
2026,25-26,400176,Excel Academy Southwest,High School (9-12),"7050 S Washtenaw Ave, Chicago, IL 60629",73.7,83.3,0.0,moderately organized
2026,25-26,400178,Moving Everest Charter School,Elementary School (K/PK-8),"416 N Laramie Ave, Chicago, IL 60644",98.4,62.5,0.0,not yet organized
2026,25-26,400179,Noble - Mansueto High School,High School (9-12),"2911 W 47th, Chicago, IL 60632",81.2,64.6,0.0,organized
2026,25-26,400180,KIPP One Academy,Elementary School (K/PK-8),"730 N Pulaski, Chicago, IL 60624",99.2,68.4,0.0,moderately organized
2026,25-26,400181,Art in Motion Charter School,High School (9-12),"7415 S East End Ave, Chicago, IL 60649",22.8,46.9,0.0,no report
2026,25-26,400182,Catalyst Maria Charter High School,High School (9-12),"6727 S California Ave, Chicago, IL 60629",95.5,84.4,0.0,organized
2026,25-26,609674,Chicago Vocational Career Academy High School,High School (9-12),"2100 E 87th St, Chicago, IL 60617",91.6,75.0,0.0,organized
2026,25-26,609676,Paul Laurence Dunbar Career Academy High School,High School (9-12),"3000 S King Dr, Chicago, IL 60616",95.3,62.2,0.0,moderately organized
2026,25-26,609678,William Jones College Preparatory High School,High School (9-12),"700 S State St, Chicago, IL 60605",57.7,62.5,0.0,organized
2026,25-26,609679,Charles Allen Prosser Career Academy High School,High School (9-12),"2148 N Long Ave, Chicago, IL 60639",96.3,67.3,0.0,organized
2026,25-26,609680,Walter Payton College Preparatory High School,High School (9-12),"1034 N Wells St, Chicago, IL 60610",95.2,60.6,0.0,well-organized
2026,25-26,609682,Ellen H Richards Career Academy High School,High School (9-12),"5009 S Laflin St, Chicago, IL 60609",60.9,62.5,0.0,organized
2026,25-26,609691,North-Grand High School,High School (9-12),"4338 W Wabansia Ave, Chicago, IL 60639",87.2,78.6,0.0,moderately organized
2026,25-26,609692,Neal F Simeon Career Academy High School,High School (9-12),"8147 S Vincennes Ave, Chicago, IL 60620",78.5,63.7,0.0,organized
2026,25-26,609693,George Westinghouse College Prep,High School (9-12),"3223 W Franklin Blvd, Chicago, IL 60624",83.5,77.1,0.0,well-organized
2026,25-26,609694,John Hancock College Preparatory High School,High School (9-12),"5437 W 64th Pl, Chicago, IL 60638",79.5,66.3,0.0,moderately organized
2026,25-26,609695,Roald Amundsen High School,High School (9-12),"5110 N Damen Ave, Chicago, IL 60625",85.3,67.8,0.0,well-organized
2026,25-26,609698,William J Bogan High School,High School (9-12),"3939 W 79th St, Chicago, IL 60652",72.6,55.1,0.0,organized
2026,25-26,609704,David G Farragut Career Academy High School,High School (9-12),"2345 S Christiana Ave, Chicago, IL 60623",87.2,93.9,0.0,well-organized
2026,25-26,609705,Christian Fenger Academy High School,High School (9-12),"11220 S Wallace St, Chicago, IL 60628",88.6,56.5,0.0,well-organized
2026,25-26,609708,Edwin G. Foreman College and Career Academy,High School (9-12),"3235 N Leclaire Ave, Chicago, IL 60641",52.3,52.5,0.0,not yet organized
2026,25-26,609709,Gage Park High School,High School (9-12),"5630 S Rockwell St, Chicago, IL 60629",62.0,64.3,0.0,moderately organized
2026,25-26,609710,John M Harlan Community Academy High School,High School (9-12),"9652 S Michigan Ave, Chicago, IL 60628",69.4,51.4,0.0,not yet organized
2026,25-26,609712,Emil G Hirsch Metropolitan High School,High School (9-12),"7740 S Ingleside Ave, Chicago, IL 60619",85.5,84.2,0.0,organized
2026,25-26,609713,Hyde Park Academy High School,High School (9-12),"6220 S Stony Island Ave, Chicago, IL 60637",65.4,49.3,0.0,moderately organized
2026,25-26,609715,Thomas Kelly College Preparatory,High School (9-12),"4136 S California Ave, Chicago, IL 60632",80.4,66.2,0.0,moderately organized
2026,25-26,609716,Kelvyn Park High School,High School (9-12),"4343 W Wrightwood Ave, Chicago, IL 60639",78.5,76.3,0.0,partially organized
2026,25-26,609718,John F Kennedy High School,High School (9-12),"6325 W 56th St, Chicago, IL 60638",63.4,79.6,0.0,moderately organized
2026,25-26,609719,Lake View High School,High School (9-12),"4015 N Ashland Ave, Chicago, IL 60613",73.0,62.4,0.0,moderately organized
2026,25-26,609720,Albert G Lane Technical High School,High School (9-12),"2501 W Addison St, Chicago, IL 60618",56.5,39.1,0.0,organized
2026,25-26,609722,Manley Career Academy High School,High School (9-12),"2935 W Polk St, Chicago, IL 60612",68.8,75.0,0.0,partially organized
2026,25-26,609723,John Marshall Metropolitan High School,High School (9-12),"3250 W Adams St, Chicago, IL 60624",86.9,70.4,0.0,well-organized
2026,25-26,609724,Stephen T Mather High School,High School (9-12),"5835 N Lincoln Ave, Chicago, IL 60659",84.6,67.9,0.0,moderately organized
2026,25-26,609725,Morgan Park High School,High School (9-12),"1744 W Pryor Ave, Chicago, IL 60643",84.1,72.3,0.0,organized
2026,25-26,609726,Gwendolyn Brooks College Preparatory Academy HS,High School (9-12),"250 E 111th St, Chicago, IL 60628",55.3,58.2,0.0,well-organized
2026,25-26,609727,Wendell Phillips Academy High School,High School (9-12),"244 E Pershing Rd, Chicago, IL 60653",72.0,80.0,0.0,not yet organized
2026,25-26,609728,Theodore Roosevelt High School,High School (9-12),"3436 W Wilson Ave, Chicago, IL 60625",85.0,84.3,0.0,moderately organized
2026,25-26,609729,Carl Schurz High School,High School (9-12),"3601 N Milwaukee Ave, Chicago, IL 60641",74.3,68.8,0.0,moderately organized
2026,25-26,609730,Nicholas Senn High School,High School (9-12),"5900 N Glenwood Ave, Chicago, IL 60660",59.0,74.2,0.0,partially organized
2026,25-26,609732,Charles P Steinmetz College Preparatory HS,High School (9-12),"3030 N Mobile Ave, Chicago, IL 60634",72.0,66.3,0.0,not yet organized
2026,25-26,609733,Roger C Sullivan High School,High School (9-12),"6631 N Bosworth Ave, Chicago, IL 60626",58.1,42.3,0.0,organized
2026,25-26,609734,William Howard Taft High School,High School (9-12),"6530 W Bryn Mawr Ave, Chicago, IL 60631",74.3,55.8,0.0,moderately organized
2026,25-26,609735,Edward Tilden Career Community Academy HS,High School (9-12),"4747 S Union Ave, Chicago, IL 60609",55.1,71.4,0.0,partially organized
2026,25-26,609737,Friedrich W von Steuben Metropolitan Science HS,High School (9-12),"5039 N Kimball Ave, Chicago, IL 60625",88.6,72.4,0.0,well-organized
2026,25-26,609738,Lincoln Park High School,High School (9-12),"2001 N Orchard St, Chicago, IL 60614",50.3,54.6,0.0,organized
2026,25-26,609739,George Washington High School,High School (9-12),"3535 E 114th St, Chicago, IL 60617",53.8,69.2,0.0,partially organized
2026,25-26,609740,Wells Community Academy High School,High School (9-12),"936 N Ashland Ave, Chicago, IL 60622",80.0,69.7,0.0,organized
2026,25-26,609741,Gurdon S Hubbard High School,High School (9-12),"6200 S Hamlin Ave, Chicago, IL 60629",74.4,59.0,0.0,organized
2026,25-26,609744,Northside Learning Center High School,High School (9-12),"3730 W Bryn Mawr Ave, Chicago, IL 60659",0.0,18.1,0.0,no report
2026,25-26,609745,Southside Occupational Academy High School,High School (9-12),"7342 S Hoyne Ave, Chicago, IL 60636",50.5,64.6,0.0,well-organized
2026,25-26,609746,Kenwood Academy High School,High School (9-12),"5015 S Blackstone Ave, Chicago, IL 60615",87.7,86.2,0.0,well-organized
2026,25-26,609748,Consuella B York Alternative High School,High School (9-12),"2700 S California Ave, Chicago, IL 60608",91.3,75.5,0.0,well-organized
2026,25-26,609749,Northside College Preparatory High School,High School (9-12),"5501 N Kedzie Ave, Chicago, IL 60625",67.8,42.4,0.0,organized
2026,25-26,609750,Simpson Academy HS for Young Women,High School (9-12),"1321 S Paulina St, Chicago, IL 60608",82.6,84.2,0.0,organized
2026,25-26,609751,Dr. Martin Luther King Jr College Prep HS,High School (9-12),"4445 S Drexel Blvd, Chicago, IL 60653",83.6,64.9,0.0,moderately organized
2026,25-26,609753,Chicago High School for Agricultural Sciences,High School (9-12),"3857 W 111th St, Chicago, IL 60655",91.3,85.9,0.0,well-organized
2026,25-26,609754,Chicago Military Academy High School,High School (9-12),"3519 S Giles Ave, Chicago, IL 60653",86.3,37.5,0.0,organized
2026,25-26,609755,Whitney M Young Magnet High School,High School (9-12),"211 S Laflin St, Chicago, IL 60607",59.0,33.9,0.0,organized
2026,25-26,609756,Marie Sklodowska Curie Metropolitan High School,High School (9-12),"4959 S Archer Ave, Chicago, IL 60632",77.0,65.7,0.0,partially organized
2026,25-26,609759,Roberto Clemente Community Academy High School,High School (9-12),"1147 N Western Ave, Chicago, IL 60622",64.1,59.2,0.0,not yet organized
2026,25-26,609760,George Washington Carver Military Academy HS,High School (9-12),"13100 S Doty Ave, Chicago, IL 60827",90.3,43.9,0.0,moderately organized
2026,25-26,609761,George H Corliss High School,High School (9-12),"821 E 103rd St, Chicago, IL 60628",76.5,79.1,0.0,moderately organized
2026,25-26,609762,Percy L Julian High School,High School (9-12),"10330 S Elizabeth St, Chicago, IL 60643",57.9,49.0,0.0,organized
2026,25-26,609764,Benito Juarez Community Academy High School,High School (9-12),"1450 W Cermak Rd, Chicago, IL 60608",86.2,84.9,0.0,well-organized
2026,25-26,609766,Jacqueline B Vaughn Occupational High School,High School (9-12),"4355 N Linder Ave, Chicago, IL 60641",0.0,36.3,0.0,no report
2026,25-26,609769,Ray Graham Training Center High School,High School (9-12),"2347 S Wabash Ave, Chicago, IL 60616",58.6,55.7,0.0,partially organized
2026,25-26,609772,Jane Addams Elementary School,Elementary School (K/PK-8),"10810 S Avenue H, Chicago, IL 60617",95.8,86.7,0.0,moderately organized
2026,25-26,609773,Harriet Tubman Elementary School,Elementary School (K/PK-8),"2851 N Seminary Ave, Chicago, IL 60657",89.4,73.5,0.0,moderately organized
2026,25-26,609774,Louisa May Alcott College Preparatory ES,Elementary School (K/PK-8),"2625 N Orchard St, Chicago, IL 60614",91.6,82.5,0.0,well-organized
2026,25-26,609777,Phillip D Armour Elementary School,Elementary School (K/PK-8),"950 W 33rd Pl, Chicago, IL 60608",98.1,81.6,0.0,organized
2026,25-26,609779,George Armstrong International Studies ES,Elementary School (K/PK-8),"2110 W Greenleaf Ave, Chicago, IL 60645",97.6,78.7,0.0,organized
2026,25-26,609780,Marine Leadership Academy at Ames,High School (9-12),"1920 N Hamlin Ave, Chicago, IL 60647",95.5,71.4,0.0,partially organized
2026,25-26,609782,John J Audubon Elementary School,Elementary School (K/PK-8),"3500 N Hoyne Ave, Chicago, IL 60618",95.7,75.4,0.0,well-organized
2026,25-26,609783,Nancy B Jefferson Alternative High School,High School (9-12),"1100 S Hamilton Ave, Chicago, IL 60612",97.2,71.7,0.0,well-organized
2026,25-26,609786,Avalon Park Elementary School,Elementary School (K/PK-8),"8045 S Kenwood Ave, Chicago, IL 60619",99.9,90.9,0.0,well-organized
2026,25-26,609788,Alice L Barnard Computer Math & Science Ctr ES,Elementary School (K/PK-8),"10354 S Charles St, Chicago, IL 60643",90.1,70.4,0.0,partially organized
2026,25-26,609789,John Barry Elementary School,Elementary School (K/PK-8),"2828 N Kilbourn Ave, Chicago, IL 60641",96.5,52.5,0.0,moderately organized
2026,25-26,609790,Clara Barton Elementary School,Elementary School (K/PK-8),"7650 S Wolcott Ave, Chicago, IL 60620",98.9,59.3,0.0,partially organized
2026,25-26,609791,Perkins Bass Elementary School,Elementary School (K/PK-8),"1140 W 66th St, Chicago, IL 60621",99.9,90.9,0.0,organized
2026,25-26,609792,Newton Bateman Elementary School,Elementary School (K/PK-8),"4220 N Richmond St, Chicago, IL 60618",53.6,83.3,0.0,well-organized
2026,25-26,609793,Lillian R. Nicholson STEM Academy,Elementary School (K/PK-8),"6006 S Peoria St, Chicago, IL 60621",91.9,83.3,0.0,partially organized
2026,25-26,609794,Thomas A Edison Regional Gifted Center ES,Elementary School (K/PK-8),"4929 N Sawyer Ave, Chicago, IL 60625",99.9,96.0,0.0,well-organized
2026,25-26,609795,George Rogers Clark Elementary School,Elementary School (K/PK-8),"1045 S Monitor Ave, Chicago, IL 60644",98.4,76.2,0.0,partially organized
2026,25-26,609796,Jean Baptiste Beaubien Elementary School,Elementary School (K/PK-8),"5025 N Laramie Ave, Chicago, IL 60630",91.3,62.5,0.0,well-organized
2026,25-26,609797,Jacob Beidler Elementary School,Elementary School (K/PK-8),"3151 W Walnut St, Chicago, IL 60612",99.9,99.9,0.0,moderately organized
2026,25-26,609798,Hiram H Belding Elementary School,Elementary School (K/PK-8),"4257 N Tripp Ave, Chicago, IL 60641",99.9,80.0,0.0,well-organized
2026,25-26,609799,Alexander Graham Bell Elementary School,Elementary School (K/PK-8),"3730 N Oakley Ave, Chicago, IL 60618",91.7,85.1,0.0,organized
2026,25-26,609800,Frank I Bennett Elementary School,Elementary School (K/PK-8),"10115 S Prairie Ave, Chicago, IL 60628",88.5,78.8,0.0,organized
2026,25-26,609803,James G Blaine Elementary School,Elementary School (K/PK-8),"1420 W Grace St, Chicago, IL 60613",99.9,86.2,0.0,well-organized
2026,25-26,609804,Mosaic School of Fine Arts,Elementary School (K/PK-8),"6710 N Washtenaw Ave, Chicago, IL 60645",89.3,60.8,0.0,partially organized
2026,25-26,609805,Scott Joplin Elementary School,Elementary School (K/PK-8),"7931 S Honore St, Chicago, IL 60620",97.4,65.5,0.0,organized
2026,25-26,609806,Myra Bradwell Communications Arts & Sciences ES,Elementary School (K/PK-8),"7736 S Burnham Ave, Chicago, IL 60649",91.1,67.4,0.0,partially organized
2026,25-26,609807,Lionel Hampton Fine & Performing Arts ES,Elementary School (K/PK-8),"3434 W 77th St, Chicago, IL 60652",80.3,38.8,0.0,partially organized
2026,25-26,609808,Alex Haley Elementary Academy,Elementary School (K/PK-8),"11411 S Eggleston Ave, Chicago, IL 60628",90.6,67.4,0.0,organized
2026,25-26,609809,Lorenz Brentano Math & Science Academy ES,Elementary School (K/PK-8),"2723 N Fairfield Ave, Chicago, IL 60647",62.4,67.1,0.0,well-organized
2026,25-26,609810,Norman A Bridge Elementary School,Elementary School (K/PK-8),"3800 N New England Ave, Chicago, IL 60634",64.7,63.9,0.0,well-organized
2026,25-26,609811,Orville T Bright Elementary School,Elementary School (K/PK-8),"10740 S Calhoun Ave, Chicago, IL 60617",97.8,88.0,0.0,not yet organized
2026,25-26,609812,William H Brown STEM Magnet Elementary School,Elementary School (K/PK-8),"54 N Hermitage Ave, Chicago, IL 60612",99.9,68.4,0.0,organized
2026,25-26,609813,Charles S Brownell Elementary School,Elementary School (K/PK-8),"6741 S Michigan Ave, Chicago, IL 60637",82.1,70.6,0.0,not yet organized
2026,25-26,609815,Edward A Bouchet Math & Science Academy ES,Elementary School (K/PK-8),"7355 S Jeffery Blvd, Chicago, IL 60649",99.3,66.3,0.0,moderately organized
2026,25-26,609817,Lyman A Budlong Elementary School,Elementary School (K/PK-8),"2701 W Foster Ave, Chicago, IL 60625",88.7,48.1,0.0,moderately organized
2026,25-26,609818,Luther Burbank Elementary School,Elementary School (K/PK-8),"2035 N Mobile Ave, Chicago, IL 60639",99.9,81.3,0.0,well-organized
2026,25-26,609819,Edmond Burke Elementary School,Elementary School (K/PK-8),"5356 S King Dr, Chicago, IL 60615",91.6,97.0,0.0,partially organized
2026,25-26,609820,Augustus H Burley Elementary School,Elementary School (K/PK-8),"1630 W Barry Ave, Chicago, IL 60657",99.3,87.8,0.0,partially organized
2026,25-26,609821,Burnham Elementary Inclusive Academy,Elementary School (K/PK-8),"9928 S Crandon Ave, Chicago, IL 60617",99.9,62.3,0.0,moderately organized
2026,25-26,609827,Burnside Elementary Scholastic Academy,Elementary School (K/PK-8),"650 E 91st Pl, Chicago, IL 60619",99.9,92.3,0.0,organized
2026,25-26,609828,Jonathan Burr Elementary School,Elementary School (K/PK-8),"1621 W Wabansia Ave, Chicago, IL 60622",95.4,73.3,0.0,well-organized
2026,25-26,609829,John C Burroughs Elementary School,Elementary School (K/PK-8),"3542 S Washtenaw Ave, Chicago, IL 60632",95.3,87.5,0.0,moderately organized
2026,25-26,609830,Milton Brunson Math & Science Specialty ES,Elementary School (K/PK-8),"932 N Central Ave, Chicago, IL 60651",94.3,85.0,0.0,moderately organized
2026,25-26,609832,Michael M Byrne Elementary School,Elementary School (K/PK-8),"5329 S Oak Park Ave, Chicago, IL 60638",97.4,84.6,0.0,moderately organized
2026,25-26,609833,Daisy Bates Academy of Social Justice,Elementary School (K/PK-8),"8546 S Cregier Ave, Chicago, IL 60617",57.1,57.1,0.0,organized
2026,25-26,609834,Little Village Elementary School,Elementary School (K/PK-8),"2620 S Lawndale Ave, Chicago, IL 60623",97.1,94.4,0.0,moderately organized
2026,25-26,609835,Daniel R Cameron Elementary School,Elementary School (K/PK-8),"1234 N Monticello Ave, Chicago, IL 60651",89.9,59.7,0.0,not yet organized
2026,25-26,609836,Arthur E Canty Elementary School,Elementary School (K/PK-8),"3740 N Panama Ave, Chicago, IL 60634",99.9,73.3,0.0,organized
2026,25-26,609837,Andrew Carnegie Elementary School,Elementary School (K/PK-8),"1414 E 61st Pl, Chicago, IL 60637",99.9,59.1,0.0,organized
2026,25-26,609839,Carroll-Rosenwald Specialty Elementary School,Elementary School (K/PK-8),"2929 W 83rd St, Chicago, IL 60652",99.5,56.4,0.0,well-organized
2026,25-26,609842,Rachel Carson Elementary School,Elementary School (K/PK-8),"5516 S Maplewood Ave, Chicago, IL 60629",92.6,40.7,0.0,moderately organized
2026,25-26,609844,William W Carter Elementary School,Elementary School (K/PK-8),"5740 S Michigan Ave, Chicago, IL 60637",98.0,93.9,0.0,not yet organized
2026,25-26,609845,George Washington Carver Primary School,Elementary School (K/PK-8),"901 E 133rd Pl, Chicago, IL 60827",99.6,90.9,0.0,well-organized
2026,25-26,609848,Ira F Aldridge Elementary School,Elementary School (K/PK-8),"630 E 131st St, Chicago, IL 60827",95.5,78.8,0.0,partially organized
2026,25-26,609849,George F Cassell Elementary School,Elementary School (K/PK-8),"11314 S Spaulding Ave, Chicago, IL 60655",99.9,56.6,0.0,well-organized
2026,25-26,609850,Horace Greeley Elementary School,Elementary School (K/PK-8),"832 W Sheridan Rd, Chicago, IL 60613",99.9,57.5,0.0,not yet organized
2026,25-26,609851,Thomas Chalmers STEAM Elementary School,Elementary School (K/PK-8),"2745 W Roosevelt Rd, Chicago, IL 60608",97.1,30.6,0.0,organized
2026,25-26,609852,Eliza Chappell Elementary School,Elementary School (K/PK-8),"2135 W Foster Ave, Chicago, IL 60625",59.5,58.0,0.0,organized
2026,25-26,609853,Salmon P Chase Elementary School,Elementary School (K/PK-8),"2021 N Point St, Chicago, IL 60647",97.4,72.6,0.0,moderately organized
2026,25-26,609854,Frederic Chopin Elementary School,Elementary School (K/PK-8),"2450 W Rice St, Chicago, IL 60622",98.6,59.3,0.0,organized
2026,25-26,609855,Walter S Christopher Elementary School,Elementary School (K/PK-8),"5042 S Artesian Ave, Chicago, IL 60632",99.9,51.8,0.0,moderately organized
2026,25-26,609856,Henry Clay Elementary School,Elementary School (K/PK-8),"13231 S Burley Ave, Chicago, IL 60633",95.6,67.2,0.0,moderately organized
2026,25-26,609857,Grover Cleveland Elementary School,Elementary School (K/PK-8),"3121 W Byron St, Chicago, IL 60618",99.9,74.3,0.0,organized
2026,25-26,609859,DeWitt Clinton Elementary School,Elementary School (K/PK-8),"6110 N Fairfield Ave, Chicago, IL 60659",80.5,75.0,0.0,well-organized
2026,25-26,609861,Henry R Clissold Elementary School,Elementary School (K/PK-8),"2350 W 110th Pl, Chicago, IL 60643",63.3,37.1,0.0,moderately organized
2026,25-26,609862,Edward Coles Elementary Language Academy,Elementary School (K/PK-8),"8441 S Yates Blvd, Chicago, IL 60617",93.5,64.7,0.0,organized
2026,25-26,609863,Ruth Bader Ginsburg Elementary School,Elementary School (K/PK-8),"1003 N Leavitt St, Chicago, IL 60622",93.7,96.2,0.0,partially organized
2026,25-26,609864,John W Cook Elementary School,Elementary School (K/PK-8),"8150 S Bishop St, Chicago, IL 60620",98.9,86.4,0.0,partially organized
2026,25-26,609865,Jordan Elementary Community School,Elementary School (K/PK-8),"7414 N Wolcott Ave, Chicago, IL 60626",97.6,59.0,0.0,well-organized
2026,25-26,609866,John C Coonley Elementary School,Elementary School (K/PK-8),"4046 N Leavitt St, Chicago, IL 60618",95.1,91.3,0.0,organized
2026,25-26,609867,Peter Cooper Elementary Dual Language Academy,Elementary School (K/PK-8),"1624 W 19th St, Chicago, IL 60608",96.0,76.1,0.0,partially organized
2026,25-26,609869,Anna R. Langford Community Academy,Elementary School (K/PK-8),"6010 S Throop St, Chicago, IL 60636",99.9,66.7,0.0,well-organized
2026,25-26,609870,Daniel J Corkery Elementary School,Elementary School (K/PK-8),"2510 S Kildare Ave, Chicago, IL 60623",99.9,86.4,0.0,moderately organized
2026,25-26,609871,Barbara Vick Early Childhood & Family Center,Primary School (K/PK-5),"2554 W 113th St, Chicago, IL 60655",0.0,52.2,0.0,well-organized
2026,25-26,609872,Manuel Perez Elementary School,Elementary School (K/PK-8),"1241 W 19th St, Chicago, IL 60608",97.3,57.6,0.0,organized
2026,25-26,609873,Crown Community Academy of Fine Arts Center ES,Elementary School (K/PK-8),"2128 S Saint Louis Ave, Chicago, IL 60623",98.6,37.5,0.0,moderately organized
2026,25-26,609874,Everett McKinley Dirksen Elementary School,Elementary School (K/PK-8),"8601 W Foster Ave, Chicago, IL 60656",76.3,30.2,0.0,moderately organized
2026,25-26,609875,Charles R Darwin Elementary School,Elementary School (K/PK-8),"3116 W Belden Ave, Chicago, IL 60647",84.3,47.1,0.0,organized
2026,25-26,609876,Nathan S Davis Elementary School,Elementary School (K/PK-8),"3014 W 39th Pl, Chicago, IL 60632",97.0,80.0,0.0,moderately organized
2026,25-26,609879,Charles Gates Dawes Elementary School,Elementary School (K/PK-8),"3810 W 81st Pl, Chicago, IL 60652",87.7,56.3,0.0,moderately organized
2026,25-26,609880,Stephen Decatur Classical Elementary School,Elementary School (K/PK-8),"7030 N Sacramento Ave, Chicago, IL 60645",97.5,90.9,0.0,well-organized
2026,25-26,609883,Charles S Deneen Elementary School,Elementary School (K/PK-8),"7240 S Wabash Ave, Chicago, IL 60619",88.0,58.0,0.0,well-organized
2026,25-26,609884,William E Dever Elementary School,Elementary School (K/PK-8),"3436 N Osceola Ave, Chicago, IL 60634",80.3,44.6,0.0,moderately organized
2026,25-26,609885,Dewey Elementary Academy of Fine Arts,Elementary School (K/PK-8),"5415 S Union Ave, Chicago, IL 60609",81.5,77.3,0.0,organized
2026,25-26,609887,Arthur Dixon Elementary School,Elementary School (K/PK-8),"8306 S Saint Lawrence Ave, Chicago, IL 60619",98.5,60.5,0.0,organized
2026,25-26,609891,James R Doolittle Jr Elementary School,Elementary School (K/PK-8),"535 E 35th St, Chicago, IL 60616",99.9,73.7,0.0,organized
2026,25-26,609893,John C Dore Elementary School,Elementary School (K/PK-8),"7134 W 65th St, Chicago, IL 60638",94.3,58.4,0.0,well-organized
2026,25-26,609894,John B Drake Elementary School,Elementary School (K/PK-8),"2710 S Dearborn St, Chicago, IL 60616",93.4,95.4,0.0,organized
2026,25-26,609895,Turner-Drew Elementary Language Academy,Elementary School (K/PK-8),"9300 S Princeton Ave, Chicago, IL 60620",99.9,90.3,0.0,well-organized
2026,25-26,609896,Thomas Drummond Elementary School,Elementary School (K/PK-8),"1845 W Cortland St, Chicago, IL 60622",85.2,75.0,0.0,organized
2026,25-26,609897,Charles W Earle Elementary School,Elementary School (K/PK-8),"2040 W 62nd St, Chicago, IL 60636",98.6,97.4,0.0,well-organized
2026,25-26,609898,John F Eberhart Elementary School,Elementary School (K/PK-8),"3400 W 65th Pl, Chicago, IL 60629",71.9,46.5,0.0,moderately organized
2026,25-26,609899,Christian Ebinger Elementary School,Elementary School (K/PK-8),"7350 W Pratt Ave, Chicago, IL 60631",94.8,71.0,0.0,organized
2026,25-26,609900,George W Curtis Elementary School,Elementary School (K/PK-8),"32 E 115th St, Chicago, IL 60628",99.9,53.9,0.0,partially organized
2026,25-26,609901,Edgebrook Elementary School,Elementary School (K/PK-8),"6525 N Hiawatha Ave, Chicago, IL 60646",97.5,62.7,0.0,organized
2026,25-26,609902,Ralph H Metcalfe Elementary Community Academy,Elementary School (K/PK-8),"12339 S Normal Ave, Chicago, IL 60628",66.9,59.5,0.0,moderately organized
2026,25-26,609903,Richard Edwards Elementary School,Elementary School (K/PK-8),"4815 S Karlov Ave, Chicago, IL 60632",95.5,45.7,0.0,moderately organized
2026,25-26,609904,Edward K Ellington Elementary School,Elementary School (K/PK-8),"243 N Parkside Ave, Chicago, IL 60644",97.7,82.4,0.0,organized
2026,25-26,609907,Leif Ericson Elementary Scholastic Academy,Elementary School (K/PK-8),"3600 W 5th Ave, Chicago, IL 60624",97.1,74.3,0.0,organized
2026,25-26,609908,Esmond Elementary School,Elementary School (K/PK-8),"1865 W Montvale Ave, Chicago, IL 60643",69.7,82.1,0.0,organized
2026,25-26,609909,Edward Everett Elementary School,Primary School (K/PK-5),"3419 S Bell Ave, Chicago, IL 60608",40.0,90.5,0.0,well-organized
2026,25-26,609910,Laughlin Falconer Elementary School,Elementary School (K/PK-8),"3020 N Lamon Ave, Chicago, IL 60641",99.5,54.7,0.0,organized
2026,25-26,609912,James B Farnsworth Elementary School,Elementary School (K/PK-8),"5414 N Linder Ave, Chicago, IL 60630",81.5,58.5,0.0,organized
2026,25-26,609917,Fernwood Elementary School,Elementary School (K/PK-8),"10041 S Union Ave, Chicago, IL 60628",90.0,90.9,0.0,partially organized
2026,25-26,609918,Eugene Field Elementary School,Middle School (6-8),"7019 N Ashland Ave, Chicago, IL 60626",89.3,80.0,0.0,well-organized
2026,25-26,609919,John Fiske Elementary School,Elementary School (K/PK-8),"6020 S Langley Ave, Chicago, IL 60637",92.4,79.1,0.0,moderately organized
2026,25-26,609920,Gerald Delgado Kanoon Elementary Magnet School,Elementary School (K/PK-8),"2233 S Kedzie Ave, Chicago, IL 60623",96.9,70.2,0.0,moderately organized
2026,25-26,609921,Telpochcalli Elementary School,Elementary School (K/PK-8),"2832 W 24th Blvd, Chicago, IL 60623",99.1,85.3,0.0,well-organized
2026,25-26,609922,Belmont-Cragin Elementary School,Elementary School (K/PK-8),"6112 W Fullerton Ave, Chicago, IL 60639",89.5,55.6,0.0,organized
2026,25-26,609924,Fort Dearborn Elementary School,Elementary School (K/PK-8),"9025 S Throop St, Chicago, IL 60620",93.3,56.5,0.0,moderately organized
2026,25-26,609925,Joseph Kellman Corporate Community ES,Elementary School (K/PK-8),"3030 W Arthington St, Chicago, IL 60612",99.1,61.9,0.0,not yet organized
2026,25-26,609926,Franklin Elementary Fine Arts Center,Elementary School (K/PK-8),"225 W Evergreen Ave, Chicago, IL 60610",95.5,51.3,0.0,partially organized
2026,25-26,609927,Foster Park Elementary School,Elementary School (K/PK-8),"8530 S Wood St, Chicago, IL 60620",99.9,85.2,0.0,organized
2026,25-26,609928,James Farmer Jr Elementary School,Elementary School (K/PK-8),"4214 S St Lawrence Ave, Chicago, IL 60653",95.9,68.8,0.0,not yet organized
2026,25-26,609929,Robert Fulton Elementary School,Elementary School (K/PK-8),"5300 S Hermitage Ave, Chicago, IL 60609",99.3,42.1,0.0,partially organized
2026,25-26,609930,Frederick Funston Elementary School,Elementary School (K/PK-8),"2010 N Central Park Ave, Chicago, IL 60647",97.3,81.4,0.0,organized
2026,25-26,609933,Stephen F Gale Elementary Community Academy,Elementary School (K/PK-8),"1631 W Jonquil Ter, Chicago, IL 60626",97.6,58.0,0.0,not yet organized
2026,25-26,609935,Matthew Gallistel Elementary Language Academy,Elementary School (K/PK-8),"10347 S Ewing Ave, Chicago, IL 60617",92.4,58.6,0.0,moderately organized
2026,25-26,609937,John W Garvy Elementary School,Elementary School (K/PK-8),"5225 N Oak Park Ave, Chicago, IL 60656",98.1,60.3,0.0,organized
2026,25-26,609938,Joseph E Gary Elementary School,Elementary School (K/PK-8),"3740 W 31st St, Chicago, IL 60623",99.4,74.3,0.0,moderately organized
2026,25-26,609939,Frank L Gillespie Elementary School,Elementary School (K/PK-8),"9301 S State St, Chicago, IL 60619",99.3,52.6,0.0,organized
2026,25-26,609941,Asa Philip Randolph Elementary School,Elementary School (K/PK-8),"7316 S Hoyne Ave, Chicago, IL 60636",98.8,62.5,0.0,well-organized
2026,25-26,609942,Johann W von Goethe Elementary School,Elementary School (K/PK-8),"2236 N Rockwell St, Chicago, IL 60647",94.4,58.2,0.0,organized
2026,25-26,609943,Jesse Owens Elementary Community Academy,Elementary School (K/PK-8),"12302 S State St, Chicago, IL 60628",80.0,70.7,0.0,well-organized
2026,25-26,609944,Virgil Grissom Elementary School,Elementary School (K/PK-8),"12810 S Escanaba Ave, Chicago, IL 60633",99.9,91.7,0.0,organized
2026,25-26,609945,William C. Goudy Technology Academy,Elementary School (K/PK-8),"5120 N Winthrop Ave, Chicago, IL 60640",78.3,61.9,0.0,organized
2026,25-26,609947,Alexander Graham Elementary School,Elementary School (K/PK-8),"4436 S Union Ave, Chicago, IL 60609",94.0,58.7,0.0,partially organized
2026,25-26,609949,William P Gray Elementary School,Elementary School (K/PK-8),"3730 N Laramie Ave, Chicago, IL 60641",88.0,86.1,0.0,well-organized
2026,25-26,609950,Josefa Ortiz De Dominguez Elementary School,Primary School (K/PK-5),"3000 S Lawndale Ave, Chicago, IL 60623",0.0,64.3,0.0,organized
2026,25-26,609951,Ariel Elementary Community Academy,Elementary School (K/PK-8),"1119 E 46th St, Chicago, IL 60653",89.4,84.6,0.0,partially organized
2026,25-26,609952,Nathanael Greene Elementary School,Primary School (K/PK-5),"3525 S Honore St, Chicago, IL 60609",91.2,70.5,0.0,well-organized
2026,25-26,609954,John Milton Gregory Elementary School,Elementary School (K/PK-8),"3715 W Polk St, Chicago, IL 60624",99.9,61.1,0.0,partially organized
2026,25-26,609955,Walter Q Gresham Elementary School,Elementary School (K/PK-8),"8524 S Green St, Chicago, IL 60620",97.5,73.0,0.0,moderately organized
2026,25-26,609956,Robert L Grimes Elementary School,Elementary School (K/PK-8),"5450 W 64th Pl, Chicago, IL 60638",96.1,75.0,0.0,moderately organized
2026,25-26,609958,Frank W Gunsaulus Elementary Scholastic Academy,Elementary School (K/PK-8),"4420 S Sacramento Ave, Chicago, IL 60632",99.9,88.9,0.0,moderately organized
2026,25-26,609959,John Charles Haines Elementary School,Elementary School (K/PK-8),"247 W 23rd Pl, Chicago, IL 60616",98.2,73.7,0.0,moderately organized
2026,25-26,609960,Nathan Hale Elementary School,Elementary School (K/PK-8),"6140 S Melvina Ave, Chicago, IL 60638",89.0,59.0,0.0,moderately organized
2026,25-26,609961,Ninos Heroes Elementary Academic Center,Elementary School (K/PK-8),"8344 S Commercial Ave, Chicago, IL 60617",79.5,43.9,0.0,partially organized
2026,25-26,609963,Alexander Hamilton Elementary School,Elementary School (K/PK-8),"1650 W Cornelia Ave, Chicago, IL 60657",92.8,78.0,0.0,organized
2026,25-26,609964,John H Hamline Elementary School,Elementary School (K/PK-8),"4747 S Bishop St, Chicago, IL 60609",99.6,70.8,0.0,moderately organized
2026,25-26,609966,Charles G Hammond Elementary School,Elementary School (K/PK-8),"2819 W 21st Pl, Chicago, IL 60623",99.9,99.9,0.0,moderately organized
2026,25-26,609967,William F Finkl Elementary School,Elementary School (K/PK-8),"2332 S Western Ave, Chicago, IL 60608",99.1,80.8,0.0,moderately organized
2026,25-26,609968,Sharon Christa McAuliffe Elementary School,Elementary School (K/PK-8),"1841 N Springfield Ave, Chicago, IL 60647",98.9,71.2,0.0,moderately organized
2026,25-26,609969,Bret Harte Elementary School,Elementary School (K/PK-8),"1556 E 56th St, Chicago, IL 60637",98.8,60.5,0.0,moderately organized
2026,25-26,609971,John Harvard Elementary School of Excellence,Elementary School (K/PK-8),"7525 S Harvard, Chicago, IL 60620",99.9,90.9,0.0,organized
2026,25-26,609972,Helge A Haugan Elementary School,Elementary School (K/PK-8),"4540 N Hamlin Ave, Chicago, IL 60625",85.7,77.8,0.0,moderately organized
2026,25-26,609973,Emiliano Zapata Elementary Academy,Elementary School (K/PK-8),"2728 S Kostner Ave, Chicago, IL 60623",98.4,63.8,0.0,organized
2026,25-26,609974,Hawthorne Elementary Scholastic Academy,Elementary School (K/PK-8),"3319 N Clifton Ave, Chicago, IL 60657",93.6,88.5,0.0,well-organized
2026,25-26,609975,John Hay Elementary Community Academy,Elementary School (K/PK-8),"1018 N Laramie Ave, Chicago, IL 60651",99.1,34.4,0.0,organized
2026,25-26,609976,Stephen K Hayt Elementary School,Elementary School (K/PK-8),"1518 W Granville Ave, Chicago, IL 60660",71.7,38.6,0.0,moderately organized
2026,25-26,609977,Woodlawn Community Elementary School,Elementary School (K/PK-8),"6657 S Kimbark Ave, Chicago, IL 60637",99.9,68.4,0.0,partially organized
2026,25-26,609978,Wendell Smith Elementary School,Elementary School (K/PK-8),"744 E 103rd St, Chicago, IL 60628",86.6,62.3,0.0,well-organized
2026,25-26,609979,Robert Healy Elementary School,Elementary School (K/PK-8),"3010 S Parnell Ave, Chicago, IL 60616",96.7,85.4,0.0,moderately organized
2026,25-26,609981,Phoebe Apperson Hearst Elementary School,Elementary School (K/PK-8),"4640 S Lamon Ave, Chicago, IL 60638",68.9,57.9,0.0,not yet organized
2026,25-26,609983,James Hedges Elementary School,Elementary School (K/PK-8),"4747 S Winchester Ave, Chicago, IL 60609",99.6,83.9,0.0,moderately organized
2026,25-26,609985,Helen M Hefferan Elementary School,Elementary School (K/PK-8),"4409 W Wilcox St, Chicago, IL 60624",99.9,85.7,0.0,partially organized
2026,25-26,609986,Charles R Henderson Elementary School,Elementary School (K/PK-8),"5650 S Wolcott Ave, Chicago, IL 60636",98.0,89.2,0.0,partially organized
2026,25-26,609987,Thomas A Hendricks Elementary Community Academy,Elementary School (K/PK-8),"4316 S Princeton Ave, Chicago, IL 60609",98.8,90.2,0.0,partially organized
2026,25-26,609988,Patrick Henry Elementary School,Elementary School (K/PK-8),"4250 N Saint Louis Ave, Chicago, IL 60618",97.2,80.4,0.0,moderately organized
2026,25-26,609990,South Loop Elementary School,Elementary School (K/PK-8),"1601 S Dearborn St, Chicago, IL 60616",94.4,83.8,0.0,organized
2026,25-26,609991,Theodore Herzl Elementary School,Elementary School (K/PK-8),"3711 W Douglas Blvd, Chicago, IL 60623",99.9,63.3,0.0,partially organized
2026,25-26,609993,Agustin Lara Elementary Academy,Elementary School (K/PK-8),"4619 S Wolcott Ave, Chicago, IL 60609",85.5,75.4,0.0,organized
2026,25-26,609994,William G Hibbard Elementary School,Elementary School (K/PK-8),"3244 W Ainslie St, Chicago, IL 60625",96.9,87.7,0.0,partially organized
2026,25-26,609995,Rufus M Hitch Elementary School,Elementary School (K/PK-8),"5625 N Mcvicker Ave, Chicago, IL 60646",91.8,90.6,0.0,well-organized
2026,25-26,609996,Charles N Holden Elementary School,Elementary School (K/PK-8),"1104 W 31st St, Chicago, IL 60608",95.2,95.8,0.0,organized
2026,25-26,609997,Oliver Wendell Holmes Elementary School,Elementary School (K/PK-8),"955 W Garfield Blvd, Chicago, IL 60621",87.1,37.9,0.0,moderately organized
2026,25-26,610000,Julia Ward Howe Elementary School of Excellence,Elementary School (K/PK-8),"720 N Lorel Ave, Chicago, IL 60644",99.9,64.4,0.0,moderately organized
2026,25-26,610002,Thomas Hoyne Elementary School,Elementary School (K/PK-8),"8905 S Crandon Ave, Chicago, IL 60617",99.9,57.7,0.0,moderately organized
2026,25-26,610003,Paul Cuffe Math-Science Technology Academy ES,Elementary School (K/PK-8),"8324 S Racine Ave, Chicago, IL 60620",99.2,67.7,0.0,organized
2026,25-26,610004,Countee Cullen Elementary School,Elementary School (K/PK-8),"10650 S Eberhart Ave, Chicago, IL 60628",93.5,73.1,0.0,well-organized
2026,25-26,610005,Charles Evans Hughes Elementary School,Elementary School (K/PK-8),"4247 W 15th St, Chicago, IL 60623",95.7,82.1,0.0,not yet organized
2026,25-26,610006,Edward N Hurley Elementary School,Elementary School (K/PK-8),"3849 W 69th Pl, Chicago, IL 60629",94.7,64.1,0.0,well-organized
2026,25-26,610009,Galileo Math & Science Scholastic Academy ES,Elementary School (K/PK-8),"820 S Carpenter St, Chicago, IL 60607",94.1,85.7,0.0,organized
2026,25-26,610010,Friedrich L. Jahn Elementary of the Fine Arts,Elementary School (K/PK-8),"3149 N Wolcott Ave, Chicago, IL 60657",98.5,60.4,0.0,partially organized
2026,25-26,610011,Minnie Mars Jamieson Elementary School,Elementary School (K/PK-8),"5650 N Mozart St, Chicago, IL 60659",92.8,74.4,0.0,organized
2026,25-26,610013,Pilsen Elementary Community Academy,Elementary School (K/PK-8),"1420 W 17th St, Chicago, IL 60608",99.2,85.3,0.0,organized
2026,25-26,610015,Joseph Jungman STEM Magnet Elementary School,Elementary School (K/PK-8),"1746 S Miller St, Chicago, IL 60608",97.4,85.2,0.0,well-organized
2026,25-26,610016,Kate S Kellogg Elementary School,Elementary School (K/PK-8),"9241 S Leavitt St, Chicago, IL 60643",72.8,75.0,0.0,well-organized
2026,25-26,610017,Maria Saucedo STEAM Magnet Academy,Elementary School (K/PK-8),"2850 W 24th Blvd, Chicago, IL 60623",96.9,59.3,0.0,moderately organized
2026,25-26,610019,Joshua D Kershaw Elementary School,Elementary School (K/PK-8),"6450 S Lowe Ave, Chicago, IL 60621",99.9,88.9,0.0,well-organized
2026,25-26,610021,Pablo Casals Elementary School,Elementary School (K/PK-8),"3501 W Potomac Ave, Chicago, IL 60651",97.5,90.6,0.0,well-organized
2026,25-26,610022,Joyce Kilmer Elementary School,Elementary School (K/PK-8),"6700 N Greenview Ave, Chicago, IL 60626",94.4,60.9,0.0,partially organized
2026,25-26,610024,Lazaro Cardenas Elementary School,Elementary School (K/PK-8),"2345 S Millard Ave, Chicago, IL 60623",93.4,87.3,0.0,well-organized
2026,25-26,610026,John H Kinzie Elementary School,Elementary School (K/PK-8),"5625 S Mobile Ave, Chicago, IL 60638",89.6,40.5,0.0,organized
2026,25-26,610027,Rudyard Kipling Elementary School,Elementary School (K/PK-8),"9351 S Lowe Ave, Chicago, IL 60620",98.3,40.7,0.0,moderately organized
2026,25-26,610029,Rodolfo Lozano Bilingual & International Ctr ES,Elementary School (K/PK-8),"1501 N Greenview Ave, Chicago, IL 60642",97.6,74.0,0.0,partially organized
2026,25-26,610030,Charles Kozminski Elementary Community Academy,Elementary School (K/PK-8),"936 E 54th St, Chicago, IL 60615",88.6,57.5,0.0,not yet organized
2026,25-26,610032,Wendell E Green Elementary School,Elementary School (K/PK-8),"1150 W 96th St, Chicago, IL 60643",99.1,56.3,0.0,organized
2026,25-26,610033,LaSalle Elementary Language Academy,Elementary School (K/PK-8),"1734 N Orleans St, Chicago, IL 60614",70.9,78.1,0.0,well-organized
2026,25-26,610034,Lawndale Elementary Community Academy,Elementary School (K/PK-8),"3500 W Douglas Blvd, Chicago, IL 60623",98.2,34.6,0.0,partially organized
2026,25-26,610036,Leslie Lewis Elementary School,Elementary School (K/PK-8),"1431 N Leamington Ave, Chicago, IL 60651",97.7,60.9,0.0,not yet organized
2026,25-26,610037,Arthur A Libby Elementary School,Elementary School (K/PK-8),"5300 S Loomis Blvd, Chicago, IL 60609",94.3,66.7,0.0,organized
2026,25-26,610038,Abraham Lincoln Elementary School,Elementary School (K/PK-8),"615 W Kemper Pl, Chicago, IL 60614",99.9,73.9,0.0,organized
2026,25-26,610039,Carl von Linne Elementary School,Elementary School (K/PK-8),"3221 N Sacramento Ave, Chicago, IL 60618",80.7,84.5,0.0,well-organized
2026,25-26,610040,Henry D Lloyd Elementary School,Primary School (K/PK-5),"2103 N Lamon Ave, Chicago, IL 60639",98.6,72.3,0.0,moderately organized
2026,25-26,610041,Josephine C Locke Elementary School,Elementary School (K/PK-8),"2828 N Oak Park Ave, Chicago, IL 60634",93.0,72.1,0.0,well-organized
2026,25-26,610043,Joseph Lovett Elementary School,Elementary School (K/PK-8),"6333 W Bloomingdale Ave, Chicago, IL 60639",97.8,73.0,0.0,well-organized
2026,25-26,610044,James Russell Lowell Elementary School,Elementary School (K/PK-8),"3320 W Hirsch St, Chicago, IL 60651",98.0,98.2,0.0,moderately organized
2026,25-26,610046,Mary Lyon Elementary School,Elementary School (K/PK-8),"2941 N Mcvicker Ave, Chicago, IL 60634",99.7,53.2,0.0,moderately organized
2026,25-26,610047,James Madison Elementary School,Elementary School (K/PK-8),"7433 S Dorchester Ave, Chicago, IL 60619",93.6,83.8,0.0,organized
2026,25-26,610048,George Manierre Elementary School,Elementary School (K/PK-8),"1420 N Hudson Ave, Chicago, IL 60610",96.8,64.9,0.0,partially organized
2026,25-26,610051,Northwest Middle School,Middle School (6-8),"5252 W Palmer St, Chicago, IL 60639",90.0,82.0,0.0,organized
2026,25-26,610052,Horace Mann Elementary School,Elementary School (K/PK-8),"8050 S Chappel Ave, Chicago, IL 60617",98.7,72.4,0.0,partially organized
2026,25-26,610053,Marquette Elementary School,Elementary School (K/PK-8),"6550 S Richmond St, Chicago, IL 60629",50.3,72.0,0.0,organized
2026,25-26,610054,John L Marsh Elementary School,Elementary School (K/PK-8),"9822 S Exchange Ave, Chicago, IL 60617",99.9,52.4,0.0,partially organized
2026,25-26,610055,Michael Faraday Elementary School,Elementary School (K/PK-8),"3250 W Monroe St, Chicago, IL 60624",98.6,99.9,0.0,moderately organized
2026,25-26,610056,Roswell B Mason Elementary School,Elementary School (K/PK-8),"4217 W 18th St, Chicago, IL 60623",99.2,73.5,0.0,moderately organized
2026,25-26,610057,Fairfield Elementary Academy,Elementary School (K/PK-8),"6201 S Fairfield Ave, Chicago, IL 60629",99.6,69.1,0.0,not yet organized
2026,25-26,610059,Oscar Mayer Magnet School,Elementary School (K/PK-8),"2250 N Clifton Ave, Chicago, IL 60614",87.4,60.3,0.0,organized
2026,25-26,610060,Chicago World Language Academy,Elementary School (K/PK-8),"1340 W Harrison St, Chicago, IL 60607",93.6,60.5,0.0,partially organized
2026,25-26,610062,Minnie Minoso Academy,Elementary School (K/PK-8),"3527 S Wallace St, Chicago, IL 60609",99.9,76.7,0.0,moderately organized
2026,25-26,610063,Cyrus H McCormick Elementary School,Primary School (K/PK-5),"2712 S Sawyer Ave, Chicago, IL 60623",97.6,95.2,0.0,organized
2026,25-26,610065,Emmett Louis Till Math and Science Academy,Elementary School (K/PK-8),"6543 S Champlain Ave, Chicago, IL 60637",75.8,68.4,0.0,not yet organized
2026,25-26,610066,James E McDade Elementary Classical School,Elementary School (K/PK-8),"8801 S Indiana Ave, Chicago, IL 60619",99.0,93.8,0.0,organized
2026,25-26,610067,Francis M McKay Elementary School,Elementary School (K/PK-8),"6901 S Fairfield Ave, Chicago, IL 60629",83.1,55.7,0.0,moderately organized
2026,25-26,610068,Hanson Park Elementary School,Elementary School (K/PK-8),"5411 W Fullerton Ave, Chicago, IL 60639",90.4,63.0,0.0,moderately organized
2026,25-26,610070,James B McPherson Elementary School,Elementary School (K/PK-8),"4728 N Wolcott Ave, Chicago, IL 60640",92.1,56.3,0.0,partially organized
2026,25-26,610073,Ellen Mitchell Elementary School,Elementary School (K/PK-8),"2233 W Ohio St, Chicago, IL 60612",97.3,60.4,0.0,organized
2026,25-26,610074,Logan Square Elementary School,Elementary School (K/PK-8),"3651 W Schubert Ave, Chicago, IL 60647",86.0,72.6,0.0,moderately organized
2026,25-26,610076,Bernhard Moos Elementary School,Elementary School (K/PK-8),"1711 N California Ave, Chicago, IL 60647",98.1,63.1,0.0,moderately organized
2026,25-26,610077,Donald Morrill Math & Science Elementary School,Elementary School (K/PK-8),"6011 S Rockwell St, Chicago, IL 60629",95.4,65.2,0.0,moderately organized
2026,25-26,610078,Inter-American Elementary Magnet School,Elementary School (K/PK-8),"851 W Waveland Ave, Chicago, IL 60613",80.3,41.0,0.0,moderately organized
2026,25-26,610081,Mark Sheridan Math & Science Academy,Elementary School (K/PK-8),"533 W 27th St, Chicago, IL 60616",94.5,75.6,0.0,organized
2026,25-26,610082,Mount Greenwood Elementary School,Elementary School (K/PK-8),"10841 S Homan Ave, Chicago, IL 60655",70.9,66.1,0.0,well-organized
2026,25-26,610083,Daniel C Beard Elementary School,Primary School (K/PK-5),"6445 W Strong St, Chicago, IL 60656",0.0,27.9,0.0,no report
2026,25-26,610084,Annie Keller Regional Gifted Center,Elementary School (K/PK-8),"3020 W 108th St, Chicago, IL 60655",72.9,94.1,0.0,well-organized
2026,25-26,610086,Mount Vernon Elementary School,Elementary School (K/PK-8),"10540 S Morgan St, Chicago, IL 60643",98.5,78.8,0.0,organized
2026,25-26,610087,Blair Early Childhood Center,Primary School (K/PK-5),"6751 W 63rd Pl, Chicago, IL 60638",0.0,71.8,0.0,well-organized
2026,25-26,610088,Wolfgang A Mozart Elementary School,Elementary School (K/PK-8),"2200 N Hamlin Ave, Chicago, IL 60647",83.9,75.3,0.0,moderately organized
2026,25-26,610089,John B Murphy Elementary School,Elementary School (K/PK-8),"3539 W Grace St, Chicago, IL 60618",87.1,66.1,0.0,organized
2026,25-26,610090,Phillip Murray Elementary Language Academy,Elementary School (K/PK-8),"5335 S Kenwood Ave, Chicago, IL 60615",89.8,66.7,0.0,partially organized
2026,25-26,610091,Ronald Brown Elementary Community Academy,Elementary School (K/PK-8),"12607 S Union Ave, Chicago, IL 60628",99.9,82.1,0.0,organized
2026,25-26,610092,Henry H Nash Elementary School,Elementary School (K/PK-8),"4837 W Erie St, Chicago, IL 60644",99.9,78.0,0.0,moderately organized
2026,25-26,610093,Jane A Neil Elementary School,Elementary School (K/PK-8),"8555 S Michigan Ave, Chicago, IL 60619",98.5,84.1,0.0,well-organized
2026,25-26,610094,Louis Nettelhorst Elementary School,Elementary School (K/PK-8),"3252 N Broadway St, Chicago, IL 60657",87.5,60.8,0.0,partially organized
2026,25-26,610095,Walter L Newberry Math & Science Academy ES,Elementary School (K/PK-8),"700 W Willow St, Chicago, IL 60614",86.0,53.2,0.0,organized
2026,25-26,610096,Florence Nightingale Elementary School,Elementary School (K/PK-8),"5250 S Rockwell St, Chicago, IL 60632",99.9,64.0,0.0,well-organized
2026,25-26,610097,William P Nixon Elementary School,Elementary School (K/PK-8),"2121 N Keeler Ave, Chicago, IL 60639",89.4,52.9,0.0,organized
2026,25-26,610098,Alfred Nobel Elementary School,Elementary School (K/PK-8),"4127 W Hirsch St, Chicago, IL 60651",85.7,62.3,0.0,moderately organized
2026,25-26,610099,Norwood Park Elementary School,Elementary School (K/PK-8),"5900 N Nina Ave, Chicago, IL 60631",87.3,70.0,0.0,organized
2026,25-26,610100,West Park Elementary Academy,Elementary School (K/PK-8),"1425 N Tripp Ave, Chicago, IL 60651",99.9,85.7,0.0,moderately organized
2026,25-26,610101,William B Ogden Elementary School,Elementary School (K/PK-8),"24 W Walton St, Chicago, IL 60610",77.5,27.9,0.0,partially organized
2026,25-26,610102,Richard J Oglesby Elementary School,Elementary School (K/PK-8),"7646 S Green St, Chicago, IL 60620",98.2,96.3,0.0,well-organized
2026,25-26,610103,Isabelle C O'Keeffe Elementary School,Elementary School (K/PK-8),"6940 S Merrill Ave, Chicago, IL 60649",75.0,50.0,0.0,partially organized
2026,25-26,610104,William J Onahan Elementary School,Elementary School (K/PK-8),"6634 W Raven St, Chicago, IL 60631",88.0,82.8,0.0,well-organized
2026,25-26,610105,Oriole Park Elementary School,Elementary School (K/PK-8),"5424 N Oketo Ave, Chicago, IL 60656",91.2,56.3,0.0,well-organized
2026,25-26,610106,Brian Piccolo Elementary Specialty School,Elementary School (K/PK-8),"1040 N Keeler Ave, Chicago, IL 60651",76.3,93.1,0.0,moderately organized
2026,25-26,610107,James Otis Elementary School,Elementary School (K/PK-8),"525 N Armour St, Chicago, IL 60642",88.6,59.4,0.0,not yet organized
2026,25-26,610108,Luke O'Toole Elementary School,Elementary School (K/PK-8),"6550 S Seeley Ave, Chicago, IL 60636",99.4,96.7,0.0,partially organized
2026,25-26,610109,William Bishop Owen Scholastic Academy ES,Elementary School (K/PK-8),"8247 S Christiana Ave, Chicago, IL 60652",90.0,48.4,0.0,organized
2026,25-26,610110,Ida B Wells Preparatory Elementary Academy,Elementary School (K/PK-8),"249 E 37th St, Chicago, IL 60653",99.9,65.1,0.0,well-organized
2026,25-26,610111,John Palmer Elementary School,Elementary School (K/PK-8),"5051 N Kenneth Ave, Chicago, IL 60630",96.8,58.8,0.0,moderately organized
2026,25-26,610112,Francis W Parker Elementary Community Academy,Elementary School (K/PK-8),"6800 S Stewart Ave, Chicago, IL 60621",99.4,94.6,0.0,well-organized
2026,25-26,610115,Park Manor Elementary School,Elementary School (K/PK-8),"7037 S Rhodes Ave, Chicago, IL 60637",97.7,68.3,0.0,partially organized
2026,25-26,610116,Parkside Elementary Community Academy,Elementary School (K/PK-8),"6938 S East End Ave, Chicago, IL 60649",97.7,61.8,0.0,partially organized
2026,25-26,610117,Louis Pasteur Elementary School,Primary School (K/PK-5),"5825 S Kostner Ave, Chicago, IL 60629",94.5,60.6,0.0,well-organized
2026,25-26,610120,Ferdinand Peck Elementary School,Primary School (K/PK-5),"3826 W 58th St, Chicago, IL 60629",94.6,45.8,0.0,organized
2026,25-26,610121,Washington Irving Elementary School,Elementary School (K/PK-8),"749 S Oakley Blvd, Chicago, IL 60612",98.5,80.6,0.0,partially organized
2026,25-26,610122,Helen Peirce International Studies ES,Elementary School (K/PK-8),"1423 W Bryn Mawr Ave, Chicago, IL 60660",94.0,53.6,0.0,organized
2026,25-26,610123,William Penn Elementary School,Elementary School (K/PK-8),"1616 S Avers Ave, Chicago, IL 60623",97.7,54.6,0.0,not yet organized
2026,25-26,610124,Harold Washington Elementary School,Elementary School (K/PK-8),"9130 S University Ave, Chicago, IL 60619",99.9,61.8,0.0,organized
2026,25-26,610125,Irma C Ruiz Elementary School,Elementary School (K/PK-8),"2410 S Leavitt St, Chicago, IL 60608",98.6,76.1,0.0,moderately organized
2026,25-26,610126,John J Pershing STEAM Magnet Elementary School,Elementary School (K/PK-8),"3200 S Calumet Ave, Chicago, IL 60616",99.4,94.9,0.0,partially organized
2026,25-26,610127,Mary Gage Peterson Elementary School,Elementary School (K/PK-8),"5510 N Christiana Ave, Chicago, IL 60625",99.9,91.6,0.0,partially organized
2026,25-26,610128,Marcus Moziah Garvey Elementary School,Elementary School (K/PK-8),"10309 S Morgan St, Chicago, IL 60643",99.9,70.8,0.0,moderately organized
2026,25-26,610129,Josiah Pickard Elementary School,Elementary School (K/PK-8),"2301 W 21st Pl, Chicago, IL 60608",98.2,97.6,0.0,well-organized
2026,25-26,610130,John T Pirie Fine Arts & Academic Center ES,Elementary School (K/PK-8),"650 E 85th St, Chicago, IL 60619",96.4,82.1,0.0,moderately organized
2026,25-26,610131,Ambrose Plamondon Elementary School,Elementary School (K/PK-8),"2642 W 15th Pl, Chicago, IL 60608",99.9,99.9,0.0,moderately organized
2026,25-26,610132,Edgar Allan Poe Elementary Classical School,Elementary School (K/PK-8),"10538 S Langley Ave, Chicago, IL 60628",91.9,59.1,0.0,partially organized
2026,25-26,610133,Laura S Ward Elementary School,Elementary School (K/PK-8),"646 N Lawndale Ave, Chicago, IL 60624",99.9,64.4,0.0,moderately organized
2026,25-26,610135,Portage Park Elementary School,Elementary School (K/PK-8),"5330 W Berteau Ave, Chicago, IL 60641",88.6,81.5,0.0,organized
2026,25-26,610136,William H Prescott Elementary School,Elementary School (K/PK-8),"1632 W Wrightwood Ave, Chicago, IL 60614",91.2,64.0,0.0,moderately organized
2026,25-26,610137,Ernst Prussing Elementary School,Elementary School (K/PK-8),"4650 N Menard Ave, Chicago, IL 60630",88.2,75.0,0.0,partially organized
2026,25-26,610138,Pulaski International School of Chicago,Elementary School (K/PK-8),"2230 W Mclean Ave, Chicago, IL 60647",88.1,53.6,0.0,organized
2026,25-26,610139,George M Pullman Elementary School,Elementary School (K/PK-8),"11311 S Forrestville Ave, Chicago, IL 60628",88.2,63.2,0.0,not yet organized
2026,25-26,610141,Ravenswood Elementary School,Elementary School (K/PK-8),"4332 N Paulina St, Chicago, IL 60613",69.3,54.4,0.0,well-organized
2026,25-26,610142,William H Ray Elementary School,Elementary School (K/PK-8),"5631 S Kimbark Ave, Chicago, IL 60637",96.9,96.6,0.0,organized
2026,25-26,610143,William C Reavis Math & Science Specialty ES,Elementary School (K/PK-8),"834 E 50th St, Chicago, IL 60615",81.6,44.0,0.0,partially organized
2026,25-26,610144,Frank W Reilly Elementary School,Elementary School (K/PK-8),"3650 W School St, Chicago, IL 60618",99.6,84.2,0.0,organized
2026,25-26,610145,Peter A Reinberg Elementary School,Elementary School (K/PK-8),"3425 N Major Ave, Chicago, IL 60634",82.7,65.7,0.0,partially organized
2026,25-26,610146,Paul Revere Elementary School,Elementary School (K/PK-8),"1010 E 72nd St, Chicago, IL 60619",96.0,71.4,0.0,partially organized
2026,25-26,610147,Philip Rogers Elementary School,Elementary School (K/PK-8),"7345 N Washtenaw Ave, Chicago, IL 60645",85.1,48.0,0.0,moderately organized
2026,25-26,610148,Cesar E Chavez Multicultural Academic Center ES,Elementary School (K/PK-8),"4747 S Marshfield Ave, Chicago, IL 60609",99.9,97.5,0.0,well-organized
2026,25-26,610152,Martha Ruggles Elementary School,Elementary School (K/PK-8),"7831 S Prairie Ave, Chicago, IL 60619",99.9,85.3,0.0,organized
2026,25-26,610153,William H Ryder Math & Science Specialty ES,Elementary School (K/PK-8),"8716 S Wallace St, Chicago, IL 60620",99.9,90.5,0.0,organized
2026,25-26,610155,Sauganash Elementary School,Elementary School (K/PK-8),"6040 N Kilpatrick Ave, Chicago, IL 60646",97.1,88.1,0.0,well-organized
2026,25-26,610157,Sidney Sawyer Elementary School,Elementary School (K/PK-8),"5248 S Sawyer Ave, Chicago, IL 60632",87.6,52.1,0.0,moderately organized
2026,25-26,610158,Harriet E Sayre Elementary Language Academy,Elementary School (K/PK-8),"1850 N Newland Ave, Chicago, IL 60707",96.3,57.7,0.0,partially organized
2026,25-26,610159,Jonathan Y Scammon Elementary School,Elementary School (K/PK-8),"4201 W Henderson St, Chicago, IL 60641",93.6,71.2,0.0,organized
2026,25-26,610163,Frederick Stock Elementary School,Primary School (K/PK-5),"7507 W Birchwood Ave, Chicago, IL 60631",0.0,94.7,0.0,well-organized
2026,25-26,610165,Franz Peter Schubert Elementary School,Primary School (K/PK-5),"2727 N Long Ave, Chicago, IL 60639",99.9,67.2,0.0,moderately organized
2026,25-26,610167,William H Seward Communication Arts Academy ES,Elementary School (K/PK-8),"4600 S Hermitage Ave, Chicago, IL 60609",99.9,99.9,0.0,moderately organized
2026,25-26,610170,Columbia Explorers Elementary Academy,Elementary School (K/PK-8),"4520 S Kedzie Ave, Chicago, IL 60632",66.0,52.4,0.0,well-organized
2026,25-26,610171,Arnold Mireles Elementary Academy,Elementary School (K/PK-8),"9000 S Exchange Ave, Chicago, IL 60617",92.5,72.6,0.0,partially organized
2026,25-26,610172,William T Sherman Elementary School,Elementary School (K/PK-8),"1000 W 52nd St, Chicago, IL 60609",99.9,99.9,0.0,well-organized
2026,25-26,610173,Jesse Sherwood Elementary School,Elementary School (K/PK-8),"245 W 57th St, Chicago, IL 60621",98.9,92.3,0.0,well-organized
2026,25-26,610174,James Shields Elementary School,Primary School (K/PK-5),"4250 S Rockwell St, Chicago, IL 60632",99.9,75.0,0.0,well-organized
2026,25-26,610175,Beulah Shoesmith Elementary School,Elementary School (K/PK-8),"1330 E 50th St, Chicago, IL 60615",93.2,81.1,0.0,not yet organized
2026,25-26,610176,John D Shoop Math-Science Technical Academy ES,Elementary School (K/PK-8),"11140 S Bishop St, Chicago, IL 60643",97.7,66.1,0.0,moderately organized
2026,25-26,610177,Mark Skinner Elementary School,Elementary School (K/PK-8),"1260 W Adams St, Chicago, IL 60607",95.7,78.4,0.0,organized
2026,25-26,610178,Theophilus Schmid Elementary School,Elementary School (K/PK-8),"9755 S Greenwood Ave, Chicago, IL 60628",98.9,82.9,0.0,organized
2026,25-26,610179,Washington D Smyser Elementary School,Elementary School (K/PK-8),"4310 N Melvina Ave, Chicago, IL 60634",92.7,89.3,0.0,organized
2026,25-26,610180,John M Smyth Elementary School,Elementary School (K/PK-8),"1059 W 13th St, Chicago, IL 60608",89.9,65.5,0.0,moderately organized
2026,25-26,610182,Hannah G Solomon Elementary School,Elementary School (K/PK-8),"6206 N Hamlin Ave, Chicago, IL 60659",81.5,67.3,0.0,moderately organized
2026,25-26,610183,Spencer Technology Academy,Elementary School (K/PK-8),"214 N Lavergne Ave, Chicago, IL 60644",92.6,53.1,0.0,partially organized
2026,25-26,610184,John Spry Elementary Community School,Elementary School (K/PK-8),"2400 S Marshall Blvd, Chicago, IL 60623",89.7,68.9,0.0,not yet organized
2026,25-26,610185,Adlai E Stevenson Elementary School,Elementary School (K/PK-8),"8010 S Kostner Ave, Chicago, IL 60652",89.5,41.3,0.0,moderately organized
2026,25-26,610188,Dunne Technology Academy,Elementary School (K/PK-8),"10845 S Union Ave, Chicago, IL 60628",95.0,83.3,0.0,well-organized
2026,25-26,610191,Stone Elementary Scholastic Academy,Elementary School (K/PK-8),"6239 N Leavitt St, Chicago, IL 60659",76.3,63.6,0.0,organized
2026,25-26,610192,Harriet Beecher Stowe Elementary School,Elementary School (K/PK-8),"3444 W Wabansia Ave, Chicago, IL 60647",99.6,76.5,0.0,partially organized
2026,25-26,610193,William K New Sullivan Elementary School,Elementary School (K/PK-8),"8331 S Mackinaw Ave, Chicago, IL 60617",97.2,87.0,0.0,partially organized
2026,25-26,610194,Charles Sumner Math & Science Community Acad ES,Elementary School (K/PK-8),"4320 W 5th Ave, Chicago, IL 60624",99.0,59.4,0.0,partially organized
2026,25-26,610195,Elizabeth H Sutherland Elementary School,Elementary School (K/PK-8),"10015 S Leavitt St, Chicago, IL 60643",85.9,56.0,0.0,organized
2026,25-26,610196,George B Swift Elementary Specialty School,Elementary School (K/PK-8),"5900 N Winthrop Ave, Chicago, IL 60660",8.9,34.6,0.0,no report
2026,25-26,610197,Mancel Talcott Elementary School,Elementary School (K/PK-8),"1840 W Ohio St, Chicago, IL 60622",86.3,66.0,0.0,organized
2026,25-26,610198,Douglas Taylor Elementary School,Elementary School (K/PK-8),"9912 S Avenue H, Chicago, IL 60617",96.6,85.7,0.0,moderately organized
2026,25-26,610199,Johnnie Colemon Elementary Academy,Elementary School (K/PK-8),"1441 W 119th St, Chicago, IL 60643",96.5,50.0,0.0,organized
2026,25-26,610200,James N Thorp Elementary School,Elementary School (K/PK-8),"8914 S Buffalo Ave, Chicago, IL 60617",98.5,79.3,0.0,partially organized
2026,25-26,610201,Ole A Thorp Elementary Scholastic Academy,Elementary School (K/PK-8),"6024 W Warwick Ave, Chicago, IL 60634",95.1,81.1,0.0,organized
2026,25-26,610202,George W Tilton Elementary School,Elementary School (K/PK-8),"223 N Keeler Ave, Chicago, IL 60624",99.9,99.9,0.0,partially organized
2026,25-26,610203,Monarcas Academy,Primary School (K/PK-5),"5815 S Homan Ave, Chicago, IL 60629",99.1,69.6,0.0,moderately organized
2026,25-26,610206,Mark Twain Elementary School,Elementary School (K/PK-8),"5134 S Lotus Ave, Chicago, IL 60638",90.3,59.3,0.0,moderately organized
2026,25-26,610207,John H Vanderpoel Elementary Magnet School,Elementary School (K/PK-8),"9510 S Prospect Ave, Chicago, IL 60643",92.1,82.8,0.0,well-organized
2026,25-26,610208,Mildred I Lavizzo Elementary School,Elementary School (K/PK-8),"138 W 109th St, Chicago, IL 60628",99.9,69.6,0.0,organized
2026,25-26,610209,Alessandro Volta Elementary School,Elementary School (K/PK-8),"4950 N Avers Ave, Chicago, IL 60625",96.5,56.9,0.0,partially organized
2026,25-26,610212,Albany Park Multicultural Academy,Middle School (6-8),"4929 N Sawyer Ave, Chicago, IL 60625",91.5,72.2,0.0,well-organized
2026,25-26,610213,James Wadsworth Elementary School,Elementary School (K/PK-8),"6650 S Ellis Ave, Chicago, IL 60637",97.0,96.2,0.0,organized
2026,25-26,610215,Francisco I Madero Middle School,Middle School (6-8),"3202 W 28th St, Chicago, IL 60623",99.9,84.6,0.0,well-organized
2026,25-26,610216,John A Walsh Elementary School,Elementary School (K/PK-8),"2015 S Peoria St, Chicago, IL 60608",99.9,85.7,0.0,moderately organized
2026,25-26,610217,James Ward Elementary School,Elementary School (K/PK-8),"2701 S Shields Ave, Chicago, IL 60616",95.4,79.2,0.0,organized
2026,25-26,610218,Joseph Warren Elementary School,Elementary School (K/PK-8),"9239 S Jeffery Ave, Chicago, IL 60617",99.4,84.6,0.0,well-organized
2026,25-26,610219,George Washington Elementary School,Elementary School (K/PK-8),"3611 E 114th St, Chicago, IL 60617",94.5,88.7,0.0,moderately organized
2026,25-26,610220,Thomas J Waters Elementary School,Elementary School (K/PK-8),"4540 N Campbell Ave, Chicago, IL 60625",92.8,82.1,0.0,organized
2026,25-26,610221,Daniel Webster Elementary School,Elementary School (K/PK-8),"4055 W Arthington St, Chicago, IL 60624",98.8,80.0,0.0,well-organized
2026,25-26,610223,Daniel S Wentworth Elementary School,Elementary School (K/PK-8),"1340 W 71st St, Chicago, IL 60636",96.6,22.2,0.0,partially organized
2026,25-26,610225,John Whistler Elementary School,Elementary School (K/PK-8),"11533 S Ada St, Chicago, IL 60643",71.2,56.8,0.0,partially organized
2026,25-26,610226,Socorro Sandoval Elementary School,Primary School (K/PK-5),"5534 S Saint Louis Ave, Chicago, IL 60629",99.9,60.0,0.0,organized
2026,25-26,610227,Eli Whitney Elementary School,Elementary School (K/PK-8),"2815 S Komensky Ave, Chicago, IL 60623",99.9,73.1,0.0,well-organized
2026,25-26,610228,John Greenleaf Whittier Elementary School,Elementary School (K/PK-8),"1900 W 23rd St, Chicago, IL 60608",99.9,88.5,0.0,organized
2026,25-26,610229,A.N. Pritzker School,Elementary School (K/PK-8),"2009 W Schiller St, Chicago, IL 60622",72.5,63.2,0.0,well-organized
2026,25-26,610230,Wildwood IB World Magnet School,Elementary School (K/PK-8),"6950 N Hiawatha Ave, Chicago, IL 60646",98.5,91.7,0.0,organized
2026,25-26,610231,National Teachers Elementary Academy,Elementary School (K/PK-8),"55 W Cermak Rd, Chicago, IL 60616",95.3,83.6,0.0,partially organized
2026,25-26,610234,Richard Yates Elementary School,Elementary School (K/PK-8),"1839 N Richmond St, Chicago, IL 60647",97.0,72.6,0.0,partially organized
2026,25-26,610235,Ella Flagg Young Elementary School,Elementary School (K/PK-8),"1434 N Parkside Ave, Chicago, IL 60651",91.3,54.8,0.0,partially organized
2026,25-26,610237,Ludwig Van Beethoven Elementary School,Elementary School (K/PK-8),"25 W 47th St, Chicago, IL 60609",99.9,81.4,0.0,not yet organized
2026,25-26,610238,Carrie Jacobs Bond Elementary School,Elementary School (K/PK-8),"7050 S May St, Chicago, IL 60621",98.9,77.8,0.0,partially organized
2026,25-26,610239,Richard J Daley Elementary Academy,Elementary School (K/PK-8),"5024 S Wolcott Ave, Chicago, IL 60609",47.5,69.2,0.0,partially organized
2026,25-26,610242,Joseph Brennemann Elementary School,Elementary School (K/PK-8),"4251 N Clarendon Ave, Chicago, IL 60613",94.0,60.7,0.0,partially organized
2026,25-26,610244,Michele Clark Academic Prep Magnet High School,High School (9-12),"5101 W Harrison St, Chicago, IL 60644",73.1,67.3,0.0,organized
2026,25-26,610245,Frederick A Douglass Academy High School,High School (9-12),"543 N Waller Ave, Chicago, IL 60644",88.5,73.3,0.0,organized
2026,25-26,610246,Edward Beasley Elementary Magnet Academic Center,Elementary School (K/PK-8),"5255 S State St, Chicago, IL 60609",91.8,82.3,0.0,partially organized
2026,25-26,610248,Chicago Academy Elementary School,Elementary School (K/PK-8),"3400 N Austin Ave, Chicago, IL 60634",99.9,86.0,0.0,organized
2026,25-26,610249,Talman Elementary School,Elementary School (K/PK-8),"5450 S Talman Ave, Chicago, IL 60632",76.3,80.0,0.0,organized
2026,25-26,610250,Ruben Salazar Elementary Bilingual Center,Elementary School (K/PK-8),"160 W Wendell St, Chicago, IL 60610",97.3,58.3,0.0,organized
2026,25-26,610251,Willa Cather Elementary School,Elementary School (K/PK-8),"2908 W Washington Blvd, Chicago, IL 60612",99.9,81.5,0.0,organized
2026,25-26,610252,Robert Nathaniel Dett Elementary School,Elementary School (K/PK-8),"2131 W Monroe St, Chicago, IL 60612",98.3,89.5,0.0,organized
2026,25-26,610254,Dvorak Technology Academy,Elementary School (K/PK-8),"3615 W 16th St, Chicago, IL 60623",98.5,84.9,0.0,partially organized
2026,25-26,610256,Jackie Robinson Elementary School,Primary School (K/PK-5),"4225 S Lake Park Ave, Chicago, IL 60653",0.0,71.4,0.0,partially organized
2026,25-26,610257,Morton School of Excellence,Elementary School (K/PK-8),"431 N Troy St, Chicago, IL 60612",97.4,57.1,0.0,not yet organized
2026,25-26,610263,John Foster Dulles Elementary School,Elementary School (K/PK-8),"6311 S Calumet Ave, Chicago, IL 60637",75.3,55.4,0.0,not yet organized
2026,25-26,610268,Arthur R Ashe Elementary School,Elementary School (K/PK-8),"8505 S Ingleside Ave, Chicago, IL 60619",85.3,76.6,0.0,not yet organized
2026,25-26,610269,John T McCutcheon Elementary School,Elementary School (K/PK-8),"4865 N Sheridan Rd, Chicago, IL 60640",84.2,76.5,0.0,organized
2026,25-26,610271,Jensen Elementary Scholastic Academy,Elementary School (K/PK-8),"3030 W Harrison St, Chicago, IL 60612",99.9,75.0,0.0,organized
2026,25-26,610274,James Weldon Johnson STEAM Elementary School,Elementary School (K/PK-8),"1420 S Albany Ave, Chicago, IL 60623",99.9,55.9,0.0,partially organized
2026,25-26,610276,Irvin C Mollison Elementary School,Elementary School (K/PK-8),"4415 S Dr Martin L King Jr Dr, Chicago, IL 60653",96.6,75.0,0.0,partially organized
2026,25-26,610279,Henry O Tanner Elementary School,Elementary School (K/PK-8),"7350 S Evans Ave, Chicago, IL 60619",99.9,87.2,0.0,partially organized
2026,25-26,610281,Adam Clayton Powell Paideia Community Academy ES,Elementary School (K/PK-8),"7511 S South Shore Dr, Chicago, IL 60649",99.3,67.3,0.0,partially organized
2026,25-26,610282,Ronald E McNair Elementary School,Elementary School (K/PK-8),"4820 W Walton St, Chicago, IL 60651",99.9,58.8,0.0,organized
2026,25-26,610284,New Field Elementary School,Primary School (K/PK-5),"1707 W Morse Ave, Chicago, IL 60626",87.2,63.5,0.0,partially organized
2026,25-26,610287,Ashburn Community Elementary School,Elementary School (K/PK-8),"8300 S St Louis Ave, Chicago, IL 60652",74.7,83.6,0.0,organized
2026,25-26,610290,Benjamin E Mays Elementary Academy,Elementary School (K/PK-8),"6656 S Normal Blvd, Chicago, IL 60621",99.9,65.5,0.0,partially organized
2026,25-26,610291,Richard Henry Lee Elementary School,Elementary School (K/PK-8),"6448 S Tripp Ave, Chicago, IL 60629",99.4,94.0,0.0,well-organized
2026,25-26,610293,Genevieve Melody Elementary School,Elementary School (K/PK-8),"3937 W Wilcox St, Chicago, IL 60624",99.9,82.5,0.0,partially organized
2026,25-26,610295,Thomas J Higgins Elementary Community Academy,Elementary School (K/PK-8),"11710 S Morgan St, Chicago, IL 60643",99.2,97.1,0.0,organized
2026,25-26,610298,Lenart Elementary Regional Gifted Center,Elementary School (K/PK-8),"8101 S Lasalle St, Chicago, IL 60620",99.9,92.9,0.0,organized
2026,25-26,610299,Dr. Martin Luther King Jr Academy of Social Justice,Elementary School (K/PK-8),"644 W 71st St, Chicago, IL 60621",89.4,48.0,0.0,partially organized
2026,25-26,610300,Oliver S Westcott Elementary School,Elementary School (K/PK-8),"409 W 80th St, Chicago, IL 60620",96.1,93.0,0.0,partially organized
2026,25-26,610304,Phoenix Military Academy High School,High School (9-12),"145 S Campbell Ave, Chicago, IL 60612",92.4,88.5,0.0,moderately organized
2026,25-26,610305,George Leland Elementary School,Elementary School (K/PK-8),"512 S Lavergne Ave, Chicago, IL 60644",99.9,55.8,0.0,organized
2026,25-26,610308,Wilma Rudolph Elementary Learning Center,Elementary School (K/PK-8),"1628 W Washington Blvd, Chicago, IL 60612",0.0,71.4,0.0,moderately organized
2026,25-26,610312,Mary E McDowell Elementary School,Primary School (K/PK-5),"1419 E 89th St, Chicago, IL 60619",90.0,86.7,0.0,well-organized
2026,25-26,610313,Jose De Diego Elementary Community Academy,Elementary School (K/PK-8),"1313 N Claremont Ave, Chicago, IL 60622",95.8,46.1,0.0,partially organized
2026,25-26,610315,Edward White Elementary Career Academy,Elementary School (K/PK-8),"1136 W 122nd St, Chicago, IL 60643",94.4,73.7,0.0,well-organized
2026,25-26,610316,Amelia Earhart Options for Knowledge ES,Elementary School (K/PK-8),"1710 E 93rd St, Chicago, IL 60617",99.2,90.0,0.0,well-organized
2026,25-26,610317,Brighton Park Elementary School,Elementary School (K/PK-8),"3825 S Washtenaw Ave, Chicago, IL 60632",77.7,55.6,0.0,organized
2026,25-26,610319,Evergreen Academy Middle School,Middle School (6-8),"3537 S Paulina St, Chicago, IL 60609",93.3,99.9,0.0,well-organized
2026,25-26,610323,Bowen High School,High School (9-12),"2710 E 89th St, Chicago, IL 60617",65.5,55.6,0.0,moderately organized
2026,25-26,610325,Avondale-Logandale Elementary School,Elementary School (K/PK-8),"3212 W George St, Chicago, IL 60618",99.6,87.3,0.0,moderately organized
2026,25-26,610329,Orozco Fine Arts & Sciences Elementary School,Elementary School (K/PK-8),"1940 W 18th St, Chicago, IL 60608",99.9,82.4,0.0,well-organized
2026,25-26,610334,Al Raby High School,High School (9-12),"3545 W Fulton Blvd, Chicago, IL 60624",66.2,72.7,0.0,partially organized
2026,25-26,610339,Amos Alonzo Stagg Elementary School,Elementary School (K/PK-8),"7424 S Morgan St, Chicago, IL 60621",99.9,85.4,0.0,partially organized
2026,25-26,610340,Chicago Academy High School,High School (9-12),"3400 N Austin Ave, Chicago, IL 60634",82.0,75.0,0.0,well-organized
2026,25-26,610342,Albert R Sabin Elementary Magnet School,Elementary School (K/PK-8),"2216 W Hirsch St, Chicago, IL 60622",99.9,90.7,0.0,moderately organized
2026,25-26,610345,Carter G Woodson South Elementary School,Elementary School (K/PK-8),"4414 S Evans Ave, Chicago, IL 60653",85.1,82.9,0.0,organized
2026,25-26,610347,Claremont STEM Magnet Elementary School,Elementary School (K/PK-8),"2300 W 64th St, Chicago, IL 60636",91.5,67.4,0.0,well-organized
2026,25-26,610350,Robert A Black Magnet Elementary School,Elementary School (K/PK-8),"9101 S Euclid Ave, Chicago, IL 60617",92.8,69.4,0.0,well-organized
2026,25-26,610352,Durkin Park Elementary School,Elementary School (K/PK-8),"8445 S Kolin Ave, Chicago, IL 60652",92.5,57.1,0.0,organized
2026,25-26,610353,Calmeca Academy of Fine Arts and Dual Language,Elementary School (K/PK-8),"3456 W 38th St, Chicago, IL 60632",99.1,81.7,0.0,well-organized
2026,25-26,610354,North River Elementary School,Elementary School (K/PK-8),"3729 W Leland Ave, Chicago, IL 60625",90.5,97.6,0.0,well-organized
2026,25-26,610355,Mary E Courtenay Elementary Language Arts Center,Elementary School (K/PK-8),"4420 N Beacon St, Chicago, IL 60640",97.8,94.7,0.0,moderately organized
2026,25-26,610357,Spry Community Links High School,High School (9-12),"2400 S Marshall Blvd, Chicago, IL 60623",88.3,85.0,0.0,not yet organized
2026,25-26,610362,Medgar Evers Elementary School,Elementary School (K/PK-8),"9811 S Lowe Ave, Chicago, IL 60628",99.9,78.8,0.0,organized
2026,25-26,610363,Walt Disney Magnet Elementary School,Elementary School (K/PK-8),"4140 N Marine Dr, Chicago, IL 60613",93.8,85.0,0.0,organized
2026,25-26,610364,William E B Dubois Elementary School,Elementary School (K/PK-8),"330 E 133rd St, Chicago, IL 60827",99.9,78.6,0.0,well-organized
2026,25-26,610366,Charles H Wacker Elementary School,Elementary School (K/PK-8),"9746 S Morgan St, Chicago, IL 60643",99.9,54.3,0.0,well-organized
2026,25-26,610367,Oscar DePriest Elementary School,Elementary School (K/PK-8),"139 S Parkside Ave, Chicago, IL 60644",91.1,59.3,0.0,not yet organized
2026,25-26,610368,Langston Hughes Elementary School,Elementary School (K/PK-8),"240 W 104th St, Chicago, IL 60628",87.8,62.9,0.0,not yet organized
2026,25-26,610369,Mahalia Jackson Elementary School,Elementary School (K/PK-8),"917 W 88th St, Chicago, IL 60620",99.9,34.0,0.0,organized
2026,25-26,610380,Daniel Hale Williams Prep School of Medicine,High School (9-12),"4934 S Wabash Ave, Chicago, IL 60615",60.0,85.7,0.0,moderately organized
2026,25-26,610381,Bronzeville Scholastic Academy High School,High School (9-12),"4934 S Wabash Ave, Chicago, IL 60615",99.9,99.9,0.0,well-organized
2026,25-26,610383,Greater Lawndale High School For Social Justice,High School (9-12),"3120 S Kostner Ave, Chicago, IL 60623",75.5,57.1,0.0,moderately organized
2026,25-26,610384,Infinity Math Science and Technology High School,High School (9-12),"3120 S Kostner Ave, Chicago, IL 60623",82.5,67.4,0.0,organized
2026,25-26,610385,Multicultural Arts High School,High School (9-12),"3120 S Kostner Ave, Chicago, IL 60623",79.7,78.6,0.0,organized
2026,25-26,610386,Peace & Education Coalition HS,High School (9-12),"4946 S Paulina St, Chicago, IL 60609",99.9,90.6,0.0,organized
2026,25-26,610389,Orr Academy High School,High School (9-12),"730 N Pulaski Rd, Chicago, IL 60624",63.1,51.5,0.0,moderately organized
2026,25-26,610390,Hyman G Rickover Naval Academy High School,High School (9-12),"5700 W Berteau Ave, Chicago, IL 60634",78.6,57.5,0.0,organized
2026,25-26,610391,Robert Lindblom Math & Science Academy HS,High School (9-12),"6130 S Wolcott Ave, Chicago, IL 60636",56.3,65.7,0.0,well-organized
2026,25-26,610392,World Language Academy High School,High School (9-12),"3120 S Kostner Ave, Chicago, IL 60623",97.4,94.9,0.0,well-organized
2026,25-26,610394,Uplift Community High School,High School (9-12),"900 W Wilson Ave, Chicago, IL 60640",66.0,83.6,0.0,organized
2026,25-26,610396,Tarkington School of Excellence ES,Elementary School (K/PK-8),"3330 W 71st St, Chicago, IL 60629",97.0,49.3,0.0,moderately organized
2026,25-26,610402,DeVry University Advantage Academy HS,High School (9-12),"1900 W Lawrence Ave, Chicago, IL 60640",90.7,99.9,0.0,well-organized
2026,25-26,610405,Suder Montessori Magnet ES,Elementary School (K/PK-8),"2022 W Washington Blvd, Chicago, IL 60612",92.1,78.3,0.0,moderately organized
2026,25-26,610499,Collins Academy STEAM High School,High School (9-12),"1313 S Sacramento Dr, Chicago, IL 60623",60.4,54.8,0.0,well-organized
2026,25-26,610503,Frazier Prospective IB Magnet ES,Elementary School (K/PK-8),"4027 W Grenshaw St, Chicago, IL 60624",69.2,99.9,0.0,moderately organized
2026,25-26,610504,Velma F Thomas Early Childhood Center,Primary School (K/PK-5),"3625 S Hoyne Ave, Chicago, IL 60609",0.0,71.0,0.0,moderately organized
2026,25-26,610513,Air Force Academy High School,High School (9-12),"3630 S Wells St, Chicago, IL 60609",69.7,67.9,0.0,partially organized
2026,25-26,610515,Disney II Magnet School,Elementary School (K/PK-8),"3815 N Kedvale Ave, Chicago, IL 60641",64.7,47.5,0.0,moderately organized
2026,25-26,610518,Austin College and Career Academy High School,High School (9-12),"231 N Pine Ave, Chicago, IL 60644",80.6,66.7,0.0,partially organized
2026,25-26,610520,LaSalle II Magnet Elementary School,Elementary School (K/PK-8),"1148 N Honore St, Chicago, IL 60622",73.8,64.9,0.0,well-organized
2026,25-26,610521,Sir Miles Davis Magnet Elementary Academy,Elementary School (K/PK-8),"6740 S Paulina St, Chicago, IL 60636",93.9,66.7,0.0,organized
2026,25-26,610523,Edison Park Elementary School,Elementary School (K/PK-8),"6220 N Olcott Ave, Chicago, IL 60631",85.3,85.9,0.0,well-organized
2026,25-26,610524,Louisa May Alcott College Preparatory HS,High School (9-12),"2957 N Hoyne Ave, Chicago, IL 60618",83.6,70.9,0.0,organized
2026,25-26,610529,Ogden International High School,High School (9-12),"1250 W Erie St, Chicago, IL 60642",53.1,41.5,0.0,organized
2026,25-26,610530,South Shore Fine Arts Academy,Elementary School (K/PK-8),"1415 E 70th St, Chicago, IL 60637",99.9,78.0,0.0,well-organized
2026,25-26,610532,Irene C. Hernandez Middle School for the Advancement of Science,Middle School (6-8),"3510 W 55th St, Chicago, IL 60632",99.4,81.5,0.0,well-organized
2026,25-26,610533,Dr Jorge Prieto Math and Science,Elementary School (K/PK-8),"2231 N Central Ave, Chicago, IL 60639",95.4,75.3,0.0,organized
2026,25-26,610534,Skinner North,Elementary School (K/PK-8),"640 W Scott St, Chicago, IL 60610",99.7,81.8,0.0,well-organized
2026,25-26,610539,Marvin Camras Elementary School,Elementary School (K/PK-8),"3000 N Mango Ave, Chicago, IL 60634",99.7,79.5,0.0,moderately organized
2026,25-26,610541,Federico Garcia Lorca Elementary School,Elementary School (K/PK-8),"3231 N Springfield Ave, Chicago, IL 60618",95.1,90.8,0.0,organized
2026,25-26,610542,West Ridge Elementary School,Elementary School (K/PK-8),"6700 N Whipple St, Chicago, IL 60645",92.1,68.1,0.0,moderately organized
2026,25-26,610543,Eric Solorio Academy High School,High School (9-12),"5400 S St Louis Ave, Chicago, IL 60632",84.0,59.8,0.0,organized
2026,25-26,610544,Mariano Azuela Elementary School,Elementary School (K/PK-8),"4707 W Marquette Rd, Chicago, IL 60629",92.5,79.1,0.0,moderately organized
2026,25-26,610547,South Shore Intl College Prep High School,High School (9-12),"1955 E 75th St, Chicago, IL 60649",8.8,50.8,0.0,partially organized
2026,25-26,610548,STEM Magnet Academy,Elementary School (K/PK-8),"1522 W Fillmore St, Chicago, IL 60607",41.2,36.6,0.0,no report
2026,25-26,610557,Pathways in Education - Ashburn,High School (9-12),"3284 W 87th St, Chicago, IL 60652",72.5,93.3,0.0,organized
2026,25-26,610558,Sarah E. Goode STEM Academy,High School (9-12),"7651 S Homan Ave, Chicago, IL 60652",78.2,67.4,0.0,partially organized
2026,25-26,610559,James Shields Middle School,Middle School (6-8),"2611 W 48th St, Chicago, IL 60632",89.9,90.3,0.0,well-organized
2026,25-26,610561,Richard T Crane Medical Preparatory HS,High School (9-12),"2245 W Jackson Blvd, Chicago, IL 60612",71.1,81.8,0.0,partially organized
2026,25-26,610563,Back of the Yards IB High School,High School (9-12),"2111 W 47th St, Chicago, IL 60609",73.2,81.5,0.0,well-organized
2026,25-26,610564,Disney II Magnet High School,High School (9-12),"3900 N Lawndale Ave, Chicago, IL 60618",85.0,67.1,0.0,organized
2026,25-26,610565,Excel Academy of Englewood,High School (9-12),"7141 S Morgan, Chicago, IL 60621",51.5,50.0,0.0,partially organized
2026,25-26,610568,Pathways in Education - Avondale,High School (9-12),"3100 W Belmont Ave, Chicago, IL 60618",52.3,99.9,0.0,organized
2026,25-26,610569,Ombudsman Chicago - Northwest,High School (9-12),"7500 N Harlem Ave, Chicago, IL 60631",71.4,87.5,0.0,well-organized
2026,25-26,610570,Ombudsman Chicago - South,High School (9-12),"6057 S Western Ave, Chicago, IL 60636",51.0,64.3,0.0,partially organized
2026,25-26,610571,Ombudsman Chicago - West,High School (9-12),"2401 W Congress Pkwy, Chicago, IL 60612",55.5,90.9,0.0,organized
2026,25-26,610586,Edward E. Sadlowski Elementary School,Elementary School (K/PK-8),"3930 E 105th, Chicago, IL 60617",85.3,64.6,0.0,moderately organized
2026,25-26,610587,Walter Henri Dyett High School for the Arts,High School (9-12),"555 E 51st, Chicago, IL 60615",83.8,59.1,0.0,moderately organized
2026,25-26,610588,Robert J. Richardson Middle School,Middle School (6-8),"6018 S Karlov, Chicago, IL 60629",98.2,64.7,0.0,moderately organized
2026,25-26,610589,Sor Juana Ines de la Cruz ES,Elementary School (K/PK-8),"4034 W 56th, Chicago, IL 60629",99.7,81.0,0.0,moderately organized
2026,25-26,610590,Bronzeville Classical Elementary School,Elementary School (K/PK-8),"8 W Root, Chicago, IL 60609",99.1,73.5,0.0,well-organized
2026,25-26,610592,Englewood STEM High School,High School (9-12),"6835 S Normal, Chicago, IL 60621",60.7,70.7,0.0,not yet organized
2026,25-26,610593,Ombudsman Chicago - Roseland HS,High School (9-12),"10928 S Halsted St, Chicago, IL 60628",71.6,99.9,0.0,organized
2026,25-26,610594,Pathways in Education - Humboldt Park HS,High School (9-12),"2421 W Division St, Chicago, IL 60622",56.7,99.9,0.0,organized
2026,25-26,610595,Dr. Fisher Early Learning Center,Primary School (K/PK-5),"2727 N Lincoln, Chicago, IL 60614",0.0,65.4,0.0,organized
2026,25-26,610596,The Virtual Academy Elementary School,Elementary School (K/PK-8),"1326 W 14th, Chicago, IL 60608",72.7,70.3,0.0,well-organized
2026,25-26,610597,The Virtual Academy High School,High School (9-12),"1326 W 14th, Chicago, IL 60608",82.7,67.4,0.0,well-organized
2026,25-26,610599,Catalpa Early Childhood Center,Primary School (K/PK-5),"4434 N Laramie, Chicago, IL 60630",0.0,71.8,0.0,well-organized
2026,25-26,610601,Safe Achieve Academy West HS,High School (9-12),"230 N Kolmar, Chicago, IL 60624",87.5,88.9,0.0,organized
2026,25-26,910572,Safe Achieve Academy ES and HS,High School (9-12),"7877 S Coles Ave, Chicago, IL 60649",95.2,90.0,0.0,well-organized
