Year,Network,Total,Race,No,Pct,Race_clean
2025-2026,Charter,46194,Asian,468,0.010131185868294583,Asian
2025-2026,Charter,46194,Black/African American,25251,0.5466294323938173,Black/African American
2025-2026,Charter,46194,"Hawaiian/
 Pacific Islander",26,0.0005628436593496991,Hawaiian/Pacific Islander
2025-2026,Charter,46194,Latinx,19430,0.4206173961986405,Hispanic/Latino
2025-2026,Charter,46194,Middle Eastern/Northern African,9,0.00019483049746720353,Black/African American
2025-2026,Charter,46194,Multiracial,221,0.004784171104472442,Multiracial
2025-2026,Charter,46194,"Native American/
 Alaskan",101,0.002186431138243062,Native American/Alaskan
2025-2026,Charter,46194,"Not 
 Available",124,0.0026843312984370263,Not Available
2025-2026,Charter,46194,White,564,0.012209377841278088,White
2025-2026,Contract,849,Asian,5,0.005889281507656066,Asian
2025-2026,Contract,849,Black/African American,450,0.5300353356890459,Black/African American
2025-2026,Contract,849,"Hawaiian/
 Pacific Islander",1,0.001177856301531213,Hawaiian/Pacific Islander
2025-2026,Contract,849,Latinx,288,0.3392226148409894,Hispanic/Latino
2025-2026,Contract,849,Middle Eastern/Northern African,0,0.0,Black/African American
2025-2026,Contract,849,Multiracial,15,0.0176678445229682,Multiracial
2025-2026,Contract,849,"Native American/
 Alaskan",3,0.0035335689045936395,Native American/Alaskan
2025-2026,Contract,849,"Not 
 Available",3,0.0035335689045936395,Not Available
2025-2026,Contract,849,White,84,0.0989399293286219,White
2025-2026,ISP,21915,Asian,1913,0.08729180926306183,Asian
2025-2026,ISP,21915,Black/African American,4332,0.1976728268309377,Black/African American
2025-2026,ISP,21915,"Hawaiian/
 Pacific Islander",13,0.0005932010038786219,Hawaiian/Pacific Islander
2025-2026,ISP,21915,Latinx,11208,0.5114305270362766,Hispanic/Latino
2025-2026,ISP,21915,Middle Eastern/Northern African,6,0.0002737850787132101,Black/African American
2025-2026,ISP,21915,Multiracial,475,0.021674652064795803,Multiracial
2025-2026,ISP,21915,"Native American/
 Alaskan",144,0.006570841889117043,Native American/Alaskan
2025-2026,ISP,21915,"Not 
 Available",9,0.0004106776180698152,Not Available
2025-2026,ISP,21915,White,3815,0.17408167921514944,White
2025-2026,Network 1,23333,Asian,2096,0.08982985471221018,Asian
2025-2026,Network 1,23333,Black/African American,772,0.03308618694552779,Black/African American
2025-2026,Network 1,23333,"Hawaiian/
 Pacific Islander",29,0.0012428748982128315,Hawaiian/Pacific Islander
2025-2026,Network 1,23333,Latinx,11161,0.478335404791497,Hispanic/Latino
2025-2026,Network 1,23333,Middle Eastern/Northern African,16,0.0006857240817725968,Black/African American
2025-2026,Network 1,23333,Multiracial,809,0.03467192388462692,Multiracial
2025-2026,Network 1,23333,"Native American/
 Alaskan",109,0.004671495307075816,Native American/Alaskan
2025-2026,Network 1,23333,"Not 
 Available",74,0.00317147387819826,Not Available
2025-2026,Network 1,23333,White,8267,0.3543050615008786,White
2025-2026,Network 10,18234,Asian,137,0.007513436437424591,Asian
2025-2026,Network 10,18234,Black/African American,4258,0.23351979817922563,Black/African American
2025-2026,Network 10,18234,"Hawaiian/
 Pacific Islander",10,0.0005484260173302622,Hawaiian/Pacific Islander
2025-2026,Network 10,18234,Latinx,12224,0.6703959635845125,Hispanic/Latino
2025-2026,Network 10,18234,Middle Eastern/Northern African,6,0.0003290556103981573,Black/African American
2025-2026,Network 10,18234,Multiracial,162,0.008884501480750246,Multiracial
2025-2026,Network 10,18234,"Native American/
 Alaskan",53,0.0029066578918503895,Native American/Alaskan
2025-2026,Network 10,18234,"Not 
 Available",4,0.00021937040693210486,Not Available
2025-2026,Network 10,18234,White,1380,0.07568279039157617,White
2025-2026,Network 11,9017,Asian,27,0.002994344016857048,Asian
2025-2026,Network 11,9017,Black/African American,7451,0.8263280470222912,Black/African American
2025-2026,Network 11,9017,"Hawaiian/
 Pacific Islander",4,0.0004436065210158589,Hawaiian/Pacific Islander
2025-2026,Network 11,9017,Latinx,1343,0.14894088943107464,Hispanic/Latino
2025-2026,Network 11,9017,Middle Eastern/Northern African,0,0.0,Black/African American
2025-2026,Network 11,9017,Multiracial,40,0.00443606521015859,Multiracial
2025-2026,Network 11,9017,"Native American/
 Alaskan",12,0.0013308195630475769,Native American/Alaskan
2025-2026,Network 11,9017,"Not 
 Available",13,0.0014417211933015416,Not Available
2025-2026,Network 11,9017,White,127,0.014084507042253521,White
2025-2026,Network 12,10418,Asian,3,0.0002879631407179881,Asian
2025-2026,Network 12,10418,Black/African American,8838,0.848339412555193,Black/African American
2025-2026,Network 12,10418,"Hawaiian/
 Pacific Islander",7,0.0006719139950086389,Hawaiian/Pacific Islander
2025-2026,Network 12,10418,Latinx,1361,0.13063927817239393,Hispanic/Latino
2025-2026,Network 12,10418,Middle Eastern/Northern African,2,0.0001919754271453254,Black/African American
2025-2026,Network 12,10418,Multiracial,71,0.006815127663659052,Multiracial
2025-2026,Network 12,10418,"Native American/
 Alaskan",31,0.0029756191207525435,Native American/Alaskan
2025-2026,Network 12,10418,"Not 
 Available",34,0.003263582261470532,Not Available
2025-2026,Network 12,10418,White,71,0.006815127663659052,White
2025-2026,Network 13,11702,Asian,15,0.001281832165441805,Asian
2025-2026,Network 13,11702,Black/African American,7161,0.6119466757819176,Black/African American
2025-2026,Network 13,11702,"Hawaiian/
 Pacific Islander",3,0.00025636643308836097,Hawaiian/Pacific Islander
2025-2026,Network 13,11702,Latinx,4159,0.3554093317381644,Hispanic/Latino
2025-2026,Network 13,11702,Middle Eastern/Northern African,0,0.0,Black/African American
2025-2026,Network 13,11702,Multiracial,88,0.0075200820372585886,Multiracial
2025-2026,Network 13,11702,"Native American/
 Alaskan",34,0.002905486241668091,Native American/Alaskan
2025-2026,Network 13,11702,"Not 
 Available",7,0.0005981883438728422,Not Available
2025-2026,Network 13,11702,White,235,0.020082037258588276,White
2025-2026,Network 14,27357,Asian,2595,0.09485689220309244,Asian
2025-2026,Network 14,27357,Black/African American,3146,0.11499798954563731,Black/African American
2025-2026,Network 14,27357,"Hawaiian/
 Pacific Islander",89,0.0032532806959827466,Hawaiian/Pacific Islander
2025-2026,Network 14,27357,Latinx,13589,0.49672844244617465,Hispanic/Latino
2025-2026,Network 14,27357,Middle Eastern/Northern African,28,0.0010235040391855831,Black/African American
2025-2026,Network 14,27357,Multiracial,762,0.027853931352121945,Multiracial
2025-2026,Network 14,27357,"Native American/
 Alaskan",107,0.003911247578316335,Native American/Alaskan
2025-2026,Network 14,27357,"Not 
 Available",202,0.007383850568410279,Not Available
2025-2026,Network 14,27357,White,6839,0.2499908615710787,White
2025-2026,Network 15,20484,Asian,1620,0.07908611599297012,Asian
2025-2026,Network 15,20484,Black/African American,4164,0.2032806092560047,Black/African American
2025-2026,Network 15,20484,"Hawaiian/
 Pacific Islander",28,0.0013669205233352861,Hawaiian/Pacific Islander
2025-2026,Network 15,20484,Latinx,12259,0.5984670962702597,Hispanic/Latino
2025-2026,Network 15,20484,Middle Eastern/Northern African,6,0.00029291154071470416,Black/African American
2025-2026,Network 15,20484,Multiracial,386,0.0188439757859793,Multiracial
2025-2026,Network 15,20484,"Native American/
 Alaskan",64,0.003124389767623511,Native American/Alaskan
2025-2026,Network 15,20484,"Not 
 Available",9,0.0004393673110720562,Not Available
2025-2026,Network 15,20484,White,1948,0.09509861355204062,White
2025-2026,Network 16,12464,Asian,197,0.015805519897304235,Asian
2025-2026,Network 16,12464,Black/African American,4040,0.32413350449293965,Black/African American
2025-2026,Network 16,12464,"Hawaiian/
 Pacific Islander",9,0.0007220795892169448,Hawaiian/Pacific Islander
2025-2026,Network 16,12464,Latinx,7806,0.6262836970474968,Hispanic/Latino
2025-2026,Network 16,12464,Middle Eastern/Northern African,2,0.00016046213093709883,Black/African American
2025-2026,Network 16,12464,Multiracial,47,0.003770860077021823,Multiracial
2025-2026,Network 16,12464,"Native American/
 Alaskan",20,0.0016046213093709885,Native American/Alaskan
2025-2026,Network 16,12464,"Not 
 Available",12,0.0009627727856225931,Not Available
2025-2026,Network 16,12464,White,331,0.026556482670089858,White
2025-2026,Network 17,10372,Asian,47,0.004531430775163903,Asian
2025-2026,Network 17,10372,Black/African American,7924,0.7639799460084844,Black/African American
2025-2026,Network 17,10372,"Hawaiian/
 Pacific Islander",7,0.000674893945237177,Hawaiian/Pacific Islander
2025-2026,Network 17,10372,Latinx,2012,0.1939838025453143,Hispanic/Latino
2025-2026,Network 17,10372,Middle Eastern/Northern African,1,9.641342074816814e-05,Black/African American
2025-2026,Network 17,10372,Multiracial,92,0.00887003470883147,Multiracial
2025-2026,Network 17,10372,"Native American/
 Alaskan",15,0.0014462013112225222,Native American/Alaskan
2025-2026,Network 17,10372,"Not 
 Available",50,0.004820671037408407,Not Available
2025-2026,Network 17,10372,White,224,0.021596606247589665,White
2025-2026,Network 2,14325,Asian,2244,0.15664921465968587,Asian
2025-2026,Network 2,14325,Black/African American,3066,0.21403141361256545,Black/African American
2025-2026,Network 2,14325,"Hawaiian/
 Pacific Islander",11,0.0007678883071553229,Hawaiian/Pacific Islander
2025-2026,Network 2,14325,Latinx,4247,0.29647469458987785,Hispanic/Latino
2025-2026,Network 2,14325,Middle Eastern/Northern African,9,0.0006282722513089005,Black/African American
2025-2026,Network 2,14325,Multiracial,816,0.056963350785340316,Multiracial
2025-2026,Network 2,14325,"Native American/
 Alaskan",120,0.008376963350785341,Native American/Alaskan
2025-2026,Network 2,14325,"Not 
 Available",46,0.003211169284467714,Not Available
2025-2026,Network 2,14325,White,3766,0.26289703315881324,White
2025-2026,Network 3,12586,Asian,51,0.00405212140473542,Asian
2025-2026,Network 3,12586,Black/African American,3505,0.2784840298744637,Black/African American
2025-2026,Network 3,12586,"Hawaiian/
 Pacific Islander",19,0.001509613856666137,Hawaiian/Pacific Islander
2025-2026,Network 3,12586,Latinx,8405,0.6678054981725727,Hispanic/Latino
2025-2026,Network 3,12586,Middle Eastern/Northern African,7,0.0005561735261401557,Black/African American
2025-2026,Network 3,12586,Multiracial,82,0.006515175591927539,Multiracial
2025-2026,Network 3,12586,"Native American/
 Alaskan",88,0.006991895757190529,Native American/Alaskan
2025-2026,Network 3,12586,"Not 
 Available",20,0.0015890672175433022,Not Available
2025-2026,Network 3,12586,White,409,0.03249642459876053,White
2025-2026,Network 4,18378,Asian,1121,0.060996844052671674,Asian
2025-2026,Network 4,18378,Black/African American,1847,0.10050059854173468,Black/African American
2025-2026,Network 4,18378,"Hawaiian/
 Pacific Islander",19,0.0010338448144520623,Hawaiian/Pacific Islander
2025-2026,Network 4,18378,Latinx,8158,0.4439003155947328,Hispanic/Latino
2025-2026,Network 4,18378,Middle Eastern/Northern African,0,0.0,Black/African American
2025-2026,Network 4,18378,Multiracial,1080,0.058765915768854066,Multiracial
2025-2026,Network 4,18378,"Native American/
 Alaskan",60,0.00326477309826967,Native American/Alaskan
2025-2026,Network 4,18378,"Not 
 Available",50,0.0027206442485580586,Not Available
2025-2026,Network 4,18378,White,6043,0.32881706388072696,White
2025-2026,Network 5,8385,Asian,24,0.0028622540250447226,Asian
2025-2026,Network 5,8385,Black/African American,4341,0.5177101967799642,Black/African American
2025-2026,Network 5,8385,"Hawaiian/
 Pacific Islander",9,0.001073345259391771,Hawaiian/Pacific Islander
2025-2026,Network 5,8385,Latinx,3607,0.43017292784734645,Hispanic/Latino
2025-2026,Network 5,8385,Middle Eastern/Northern African,0,0.0,Black/African American
2025-2026,Network 5,8385,Multiracial,74,0.008825283243887896,Multiracial
2025-2026,Network 5,8385,"Native American/
 Alaskan",36,0.004293381037567084,Native American/Alaskan
2025-2026,Network 5,8385,"Not 
 Available",3,0.00035778175313059033,Not Available
2025-2026,Network 5,8385,White,291,0.034704830053667264,White
2025-2026,Network 6,11864,Asian,2591,0.21839177343223196,Asian
2025-2026,Network 6,11864,Black/African American,3398,0.28641267700606876,Black/African American
2025-2026,Network 6,11864,"Hawaiian/
 Pacific Islander",14,0.0011800404585300068,Hawaiian/Pacific Islander
2025-2026,Network 6,11864,Latinx,3305,0.27857383681726233,Hispanic/Latino
2025-2026,Network 6,11864,Middle Eastern/Northern African,9,0.0007585974376264329,Black/African American
2025-2026,Network 6,11864,Multiracial,593,0.04998314227916386,Multiracial
2025-2026,Network 6,11864,"Native American/
 Alaskan",29,0.002444369521240728,Native American/Alaskan
2025-2026,Network 6,11864,"Not 
 Available",7,0.0005900202292650034,Not Available
2025-2026,Network 6,11864,White,1918,0.16166554281861092,White
2025-2026,Network 7,8555,Asian,27,0.0031560490940970194,Asian
2025-2026,Network 7,8555,Black/African American,1348,0.15756867329047342,Black/African American
2025-2026,Network 7,8555,"Hawaiian/
 Pacific Islander",4,0.000467562828755114,Hawaiian/Pacific Islander
2025-2026,Network 7,8555,Latinx,6911,0.8078316773816482,Hispanic/Latino
2025-2026,Network 7,8555,Middle Eastern/Northern African,1,0.0001168907071887785,Black/African American
2025-2026,Network 7,8555,Multiracial,32,0.003740502630040912,Multiracial
2025-2026,Network 7,8555,"Native American/
 Alaskan",33,0.00385739333722969,Native American/Alaskan
2025-2026,Network 7,8555,"Not 
 Available",4,0.000467562828755114,Not Available
2025-2026,Network 7,8555,White,195,0.022793687901811806,White
2025-2026,Network 8,13730,Asian,61,0.0044428259286234525,Asian
2025-2026,Network 8,13730,Black/African American,1043,0.07596504005826657,Black/African American
2025-2026,Network 8,13730,"Hawaiian/
 Pacific Islander",6,0.00043699927166788056,Hawaiian/Pacific Islander
2025-2026,Network 8,13730,Latinx,12187,0.88761835396941,Hispanic/Latino
2025-2026,Network 8,13730,Middle Eastern/Northern African,0,0.0,Black/African American
2025-2026,Network 8,13730,Multiracial,35,0.0025491624180626364,Multiracial
2025-2026,Network 8,13730,"Native American/
 Alaskan",64,0.004661325564457392,Native American/Alaskan
2025-2026,Network 8,13730,"Not 
 Available",1,7.283321194464675e-05,Not Available
2025-2026,Network 8,13730,White,333,0.02425345957756737,White
2025-2026,Network 9,9824,Asian,99,0.010077361563517915,Asian
2025-2026,Network 9,9824,Black/African American,8645,0.8799877850162866,Black/African American
2025-2026,Network 9,9824,"Hawaiian/
 Pacific Islander",6,0.0006107491856677524,Hawaiian/Pacific Islander
2025-2026,Network 9,9824,Latinx,677,0.0689128664495114,Hispanic/Latino
2025-2026,Network 9,9824,Middle Eastern/Northern African,1,0.00010179153094462541,Black/African American
2025-2026,Network 9,9824,Multiracial,161,0.01638843648208469,Multiracial
2025-2026,Network 9,9824,"Native American/
 Alaskan",26,0.0026465798045602605,Native American/Alaskan
2025-2026,Network 9,9824,"Not 
 Available",19,0.0019340390879478827,Not Available
2025-2026,Network 9,9824,White,190,0.01934039087947883,White
2025-2026,Options,6238,Asian,69,0.0110612375761462,Asian
2025-2026,Options,6238,Black/African American,3400,0.545046489259378,Black/African American
2025-2026,Options,6238,"Hawaiian/
 Pacific Islander",7,0.0011221545367104842,Hawaiian/Pacific Islander
2025-2026,Options,6238,Latinx,2525,0.40477717217056747,Hispanic/Latino
2025-2026,Options,6238,Middle Eastern/Northern African,8,0.0012824623276691247,Black/African American
2025-2026,Options,6238,Multiracial,41,0.006572619429304264,Multiracial
2025-2026,Options,6238,"Native American/
 Alaskan",13,0.0020840012824623277,Native American/Alaskan
2025-2026,Options,6238,"Not 
 Available",13,0.0020840012824623277,Not Available
2025-2026,Options,6238,White,162,0.025969862135299775,White
2024-2025,Charter,47706,Asian,466,0.009768163333752567,Asian
2024-2025,Charter,47706,Asian/ Pacific Islander (Retired),0,0.0,Asian/Pacific Islander (Retired)
2024-2025,Charter,47706,Black/African American,25421,0.532867983062927,Black/African American
2024-2025,Charter,47706,"Hawaiian/
 Pacific Islander",27,0.0005659665450886681,Hawaiian/Pacific Islander
2024-2025,Charter,47706,Latinx,20716,0.43424307215025365,Hispanic/Latino
2024-2025,Charter,47706,Middle Eastern/Northern African,8,0.00016769379113738313,Black/African American
2024-2025,Charter,47706,Multiracial,218,0.00456965580849369,Multiracial
2024-2025,Charter,47706,"Native American/
 Alaskan",107,0.0022429044564624993,Native American/Alaskan
2024-2025,Charter,47706,"Not 
 Available",144,0.0030184882404728965,Not Available
2024-2025,Charter,47706,White,599,0.012556072611411562,White
2024-2025,Contract,1077,Asian,7,0.0064995357474466105,Asian
2024-2025,Contract,1077,Asian/ Pacific Islander (Retired),0,0.0,Asian/Pacific Islander (Retired)
2024-2025,Contract,1077,Black/African American,671,0.6230269266480966,Black/African American
2024-2025,Contract,1077,"Hawaiian/
 Pacific Islander",1,0.0009285051067780873,Hawaiian/Pacific Islander
2024-2025,Contract,1077,Latinx,279,0.2590529247910863,Hispanic/Latino
2024-2025,Contract,1077,Middle Eastern/Northern African,0,0.0,Black/African American
2024-2025,Contract,1077,Multiracial,16,0.014856081708449397,Multiracial
2024-2025,Contract,1077,"Native American/
 Alaskan",3,0.002785515320334262,Native American/Alaskan
2024-2025,Contract,1077,"Not 
 Available",4,0.003714020427112349,Not Available
2024-2025,Contract,1077,White,96,0.08913649025069638,White
2024-2025,ISP,27028,Asian,1899,0.07026047062305757,Asian
2024-2025,ISP,27028,Asian/ Pacific Islander (Retired),0,0.0,Asian/Pacific Islander (Retired)
2024-2025,ISP,27028,Black/African American,4780,0.1768536332692023,Black/African American
2024-2025,ISP,27028,"Hawaiian/
 Pacific Islander",17,0.0006289773568151546,Hawaiian/Pacific Islander
2024-2025,ISP,27028,Latinx,15104,0.5588278821962409,Hispanic/Latino
2024-2025,ISP,27028,Middle Eastern/Northern African,2,7.399733609590054e-05,Black/African American
2024-2025,ISP,27028,Multiracial,571,0.021126239455379607,Multiracial
2024-2025,ISP,27028,"Native American/
 Alaskan",100,0.0036998668047950275,Native American/Alaskan
2024-2025,ISP,27028,"Not 
 Available",11,0.000406985348527453,Not Available
2024-2025,ISP,27028,White,4544,0.16812194760988605,White
2024-2025,Network 1,23816,Asian,2117,0.08888982196842458,Asian
2024-2025,Network 1,23816,Asian/ Pacific Islander (Retired),0,0.0,Asian/Pacific Islander (Retired)
2024-2025,Network 1,23816,Black/African American,735,0.030861605643265032,Black/African American
2024-2025,Network 1,23816,"Hawaiian/
 Pacific Islander",36,0.0015115888478333893,Hawaiian/Pacific Islander
2024-2025,Network 1,23816,Latinx,11652,0.48925092374874035,Hispanic/Latino
2024-2025,Network 1,23816,Middle Eastern/Northern African,4,0.00016795431642593214,Black/African American
2024-2025,Network 1,23816,Multiracial,759,0.031869331541820624,Multiracial
2024-2025,Network 1,23816,"Native American/
 Alaskan",104,0.004366812227074236,Native American/Alaskan
2024-2025,Network 1,23816,"Not 
 Available",103,0.004324823647967753,Not Available
2024-2025,Network 1,23816,White,8306,0.3487571380584481,White
2024-2025,Network 10,18132,Asian,136,0.007500551511140525,Asian
2024-2025,Network 10,18132,Asian/ Pacific Islander (Retired),0,0.0,Asian/Pacific Islander (Retired)
2024-2025,Network 10,18132,Black/African American,4445,0.24514670196337965,Black/African American
2024-2025,Network 10,18132,"Hawaiian/
 Pacific Islander",14,0.000772115596735054,Hawaiian/Pacific Islander
2024-2025,Network 10,18132,Latinx,12094,0.6669975733509816,Hispanic/Latino
2024-2025,Network 10,18132,Middle Eastern/Northern African,1,5.515111405250386e-05,Black/African American
2024-2025,Network 10,18132,Multiracial,149,0.008217515993823076,Multiracial
2024-2025,Network 10,18132,"Native American/
 Alaskan",55,0.0030333112728877123,Native American/Alaskan
2024-2025,Network 10,18132,"Not 
 Available",30,0.0016545334215751159,Not Available
2024-2025,Network 10,18132,White,1208,0.06662254577542466,White
2024-2025,Network 11,8994,Asian,40,0.004447409384033801,Asian
2024-2025,Network 11,8994,Asian/ Pacific Islander (Retired),0,0.0,Asian/Pacific Islander (Retired)
2024-2025,Network 11,8994,Black/African American,7634,0.8487880809428507,Black/African American
2024-2025,Network 11,8994,"Hawaiian/
 Pacific Islander",3,0.000333555703802535,Hawaiian/Pacific Islander
2024-2025,Network 11,8994,Latinx,1135,0.12619524127195908,Hispanic/Latino
2024-2025,Network 11,8994,Middle Eastern/Northern African,0,0.0,Black/African American
2024-2025,Network 11,8994,Multiracial,37,0.004113853680231265,Multiracial
2024-2025,Network 11,8994,"Native American/
 Alaskan",17,0.001890148988214365,Native American/Alaskan
2024-2025,Network 11,8994,"Not 
 Available",8,0.00088948187680676,Not Available
2024-2025,Network 11,8994,White,120,0.0133422281521014,White
2024-2025,Network 12,10644,Asian,4,0.0003757985719654265,Asian
2024-2025,Network 12,10644,Asian/ Pacific Islander (Retired),0,0.0,Asian/Pacific Islander (Retired)
2024-2025,Network 12,10644,Black/African American,9199,0.8642427658774897,Black/African American
2024-2025,Network 12,10644,"Hawaiian/
 Pacific Islander",4,0.0003757985719654265,Hawaiian/Pacific Islander
2024-2025,Network 12,10644,Latinx,1287,0.12091319052987598,Hispanic/Latino
2024-2025,Network 12,10644,Middle Eastern/Northern African,0,0.0,Black/African American
2024-2025,Network 12,10644,Multiracial,61,0.005730928222472754,Multiracial
2024-2025,Network 12,10644,"Native American/
 Alaskan",26,0.0024426907177752723,Native American/Alaskan
2024-2025,Network 12,10644,"Not 
 Available",17,0.0015971439308530627,Not Available
2024-2025,Network 12,10644,White,46,0.004321683577602405,White
2024-2025,Network 13,11955,Asian,13,0.0010874111250522794,Asian
2024-2025,Network 13,11955,Asian/ Pacific Islander (Retired),0,0.0,Asian/Pacific Islander (Retired)
2024-2025,Network 13,11955,Black/African American,7360,0.615641990798829,Black/African American
2024-2025,Network 13,11955,"Hawaiian/
 Pacific Islander",2,0.00016729401923881222,Hawaiian/Pacific Islander
2024-2025,Network 13,11955,Latinx,4233,0.35407779171894604,Hispanic/Latino
2024-2025,Network 13,11955,Middle Eastern/Northern African,0,0.0,Black/African American
2024-2025,Network 13,11955,Multiracial,85,0.007109995817649519,Multiracial
2024-2025,Network 13,11955,"Native American/
 Alaskan",20,0.001672940192388122,Native American/Alaskan
2024-2025,Network 13,11955,"Not 
 Available",34,0.0028439983270598075,Not Available
2024-2025,Network 13,11955,White,208,0.01739857800083647,White
2024-2025,Network 14,28237,Asian,2601,0.09211318482841661,Asian
2024-2025,Network 14,28237,Asian/ Pacific Islander (Retired),1,3.541452703899139e-05,Asian/Pacific Islander (Retired)
2024-2025,Network 14,28237,Black/African American,3212,0.11375146084924036,Black/African American
2024-2025,Network 14,28237,"Hawaiian/
 Pacific Islander",101,0.0035768672309381307,Hawaiian/Pacific Islander
2024-2025,Network 14,28237,Latinx,14255,0.5048340829408223,Hispanic/Latino
2024-2025,Network 14,28237,Middle Eastern/Northern African,17,0.0006020469596628537,Black/African American
2024-2025,Network 14,28237,Multiracial,688,0.02436519460282608,Multiracial
2024-2025,Network 14,28237,"Native American/
 Alaskan",112,0.003966427028367036,Native American/Alaskan
2024-2025,Network 14,28237,"Not 
 Available",454,0.016078195275702093,Not Available
2024-2025,Network 14,28237,White,6796,0.24067712575698552,White
2024-2025,Network 15,20941,Asian,1537,0.0733966859271286,Asian
2024-2025,Network 15,20941,Asian/ Pacific Islander (Retired),0,0.0,Asian/Pacific Islander (Retired)
2024-2025,Network 15,20941,Black/African American,4317,0.20615061362876652,Black/African American
2024-2025,Network 15,20941,"Hawaiian/
 Pacific Islander",36,0.0017191156105248078,Hawaiian/Pacific Islander
2024-2025,Network 15,20941,Latinx,12589,0.6011651783582446,Hispanic/Latino
2024-2025,Network 15,20941,Middle Eastern/Northern African,3,0.00014325963421040066,Black/African American
2024-2025,Network 15,20941,Multiracial,359,0.01714340289384461,Multiracial
2024-2025,Network 15,20941,"Native American/
 Alaskan",64,0.0030562055298218806,Native American/Alaskan
2024-2025,Network 15,20941,"Not 
 Available",27,0.0012893367078936058,Not Available
2024-2025,Network 15,20941,White,2009,0.09593620170956497,White
2024-2025,Network 16,12075,Asian,188,0.01556935817805383,Asian
2024-2025,Network 16,12075,Asian/ Pacific Islander (Retired),0,0.0,Asian/Pacific Islander (Retired)
2024-2025,Network 16,12075,Black/African American,4233,0.35055900621118014,Black/African American
2024-2025,Network 16,12075,"Hawaiian/
 Pacific Islander",14,0.0011594202898550724,Hawaiian/Pacific Islander
2024-2025,Network 16,12075,Latinx,7222,0.5980952380952381,Hispanic/Latino
2024-2025,Network 16,12075,Middle Eastern/Northern African,0,0.0,Black/African American
2024-2025,Network 16,12075,Multiracial,38,0.003146997929606625,Multiracial
2024-2025,Network 16,12075,"Native American/
 Alaskan",22,0.0018219461697722567,Native American/Alaskan
2024-2025,Network 16,12075,"Not 
 Available",37,0.0030641821946169774,Not Available
2024-2025,Network 16,12075,White,321,0.02658385093167702,White
2024-2025,Network 17,10582,Asian,42,0.003969003969003969,Asian
2024-2025,Network 17,10582,Asian/ Pacific Islander (Retired),0,0.0,Asian/Pacific Islander (Retired)
2024-2025,Network 17,10582,Black/African American,8078,0.7633717633717634,Black/African American
2024-2025,Network 17,10582,"Hawaiian/
 Pacific Islander",10,0.000945000945000945,Hawaiian/Pacific Islander
2024-2025,Network 17,10582,Latinx,2077,0.19627669627669628,Hispanic/Latino
2024-2025,Network 17,10582,Middle Eastern/Northern African,1,9.45000945000945e-05,Black/African American
2024-2025,Network 17,10582,Multiracial,90,0.008505008505008505,Multiracial
2024-2025,Network 17,10582,"Native American/
 Alaskan",13,0.0012285012285012285,Native American/Alaskan
2024-2025,Network 17,10582,"Not 
 Available",56,0.005292005292005292,Not Available
2024-2025,Network 17,10582,White,215,0.020317520317520318,White
2024-2025,Network 2,13238,Asian,2030,0.1533464269527119,Asian
2024-2025,Network 2,13238,Asian/ Pacific Islander (Retired),0,0.0,Asian/Pacific Islander (Retired)
2024-2025,Network 2,13238,Black/African American,2999,0.22654479528629703,Black/African American
2024-2025,Network 2,13238,"Hawaiian/
 Pacific Islander",13,0.000982021453391751,Hawaiian/Pacific Islander
2024-2025,Network 2,13238,Latinx,4237,0.3200634536939115,Hispanic/Latino
2024-2025,Network 2,13238,Middle Eastern/Northern African,2,0.00015108022359873092,Black/African American
2024-2025,Network 2,13238,Multiracial,686,0.05182051669436471,Multiracial
2024-2025,Network 2,13238,"Native American/
 Alaskan",95,0.007176310620939719,Native American/Alaskan
2024-2025,Network 2,13238,"Not 
 Available",66,0.0049856473787581205,Not Available
2024-2025,Network 2,13238,White,3110,0.2349297476960266,White
2024-2025,Network 3,12830,Asian,58,0.004520654715510522,Asian
2024-2025,Network 3,12830,Asian/ Pacific Islander (Retired),0,0.0,Asian/Pacific Islander (Retired)
2024-2025,Network 3,12830,Black/African American,3605,0.28098207326578334,Black/African American
2024-2025,Network 3,12830,"Hawaiian/
 Pacific Islander",15,0.0011691348402182386,Hawaiian/Pacific Islander
2024-2025,Network 3,12830,Latinx,8608,0.6709275136399064,Hispanic/Latino
2024-2025,Network 3,12830,Middle Eastern/Northern African,7,0.0005455962587685113,Black/African American
2024-2025,Network 3,12830,Multiracial,60,0.004676539360872954,Multiracial
2024-2025,Network 3,12830,"Native American/
 Alaskan",70,0.005455962587685113,Native American/Alaskan
2024-2025,Network 3,12830,"Not 
 Available",8,0.0006235385814497272,Not Available
2024-2025,Network 3,12830,White,399,0.031098986749805144,White
2024-2025,Network 4,18649,Asian,1111,0.059574239905624965,Asian
2024-2025,Network 4,18649,Asian/ Pacific Islander (Retired),0,0.0,Asian/Pacific Islander (Retired)
2024-2025,Network 4,18649,Black/African American,1829,0.09807496380502977,Black/African American
2024-2025,Network 4,18649,"Hawaiian/
 Pacific Islander",23,0.0012333100970561425,Hawaiian/Pacific Islander
2024-2025,Network 4,18649,Latinx,8655,0.4640999517400397,Hispanic/Latino
2024-2025,Network 4,18649,Middle Eastern/Northern African,2,0.00010724435626575151,Black/African American
2024-2025,Network 4,18649,Multiracial,1047,0.056142420505120916,Multiracial
2024-2025,Network 4,18649,"Native American/
 Alaskan",48,0.0025738645503780365,Native American/Alaskan
2024-2025,Network 4,18649,"Not 
 Available",55,0.002949219797308167,Not Available
2024-2025,Network 4,18649,White,5879,0.31524478524317656,White
2024-2025,Network 5,8755,Asian,17,0.001941747572815534,Asian
2024-2025,Network 5,8755,Asian/ Pacific Islander (Retired),0,0.0,Asian/Pacific Islander (Retired)
2024-2025,Network 5,8755,Black/African American,4540,0.5185608223872074,Black/African American
2024-2025,Network 5,8755,"Hawaiian/
 Pacific Islander",8,0.0009137635636778984,Hawaiian/Pacific Islander
2024-2025,Network 5,8755,Latinx,3838,0.43837806967447174,Hispanic/Latino
2024-2025,Network 5,8755,Middle Eastern/Northern African,0,0.0,Black/African American
2024-2025,Network 5,8755,Multiracial,65,0.0074243289548829245,Multiracial
2024-2025,Network 5,8755,"Native American/
 Alaskan",26,0.0029697315819531694,Native American/Alaskan
2024-2025,Network 5,8755,"Not 
 Available",6,0.0006853226727584238,Not Available
2024-2025,Network 5,8755,White,255,0.02912621359223301,White
2024-2025,Network 6,11848,Asian,2631,0.22206279540850776,Asian
2024-2025,Network 6,11848,Asian/ Pacific Islander (Retired),0,0.0,Asian/Pacific Islander (Retired)
2024-2025,Network 6,11848,Black/African American,3289,0.2775995948683322,Black/African American
2024-2025,Network 6,11848,"Hawaiian/
 Pacific Islander",12,0.001012829169480081,Hawaiian/Pacific Islander
2024-2025,Network 6,11848,Latinx,3475,0.29329844699527347,Hispanic/Latino
2024-2025,Network 6,11848,Middle Eastern/Northern African,6,0.0005064145847400405,Black/African American
2024-2025,Network 6,11848,Multiracial,540,0.045577312626603646,Multiracial
2024-2025,Network 6,11848,"Native American/
 Alaskan",38,0.0032072923700202567,Native American/Alaskan
2024-2025,Network 6,11848,"Not 
 Available",49,0.004135719108710331,Not Available
2024-2025,Network 6,11848,White,1808,0.15259959486833222,White
2024-2025,Network 7,9212,Asian,25,0.002713851498046027,Asian
2024-2025,Network 7,9212,Asian/ Pacific Islander (Retired),0,0.0,Asian/Pacific Islander (Retired)
2024-2025,Network 7,9212,Black/African American,1461,0.15859748154580983,Black/African American
2024-2025,Network 7,9212,"Hawaiian/
 Pacific Islander",6,0.0006513243595310464,Hawaiian/Pacific Islander
2024-2025,Network 7,9212,Latinx,7499,0.8140468953538862,Hispanic/Latino
2024-2025,Network 7,9212,Middle Eastern/Northern African,3,0.0003256621797655232,Black/African American
2024-2025,Network 7,9212,Multiracial,29,0.0031480677377333914,Multiracial
2024-2025,Network 7,9212,"Native American/
 Alaskan",22,0.0023881893182805037,Native American/Alaskan
2024-2025,Network 7,9212,"Not 
 Available",4,0.0004342162396873643,Not Available
2024-2025,Network 7,9212,White,163,0.017694311767260096,White
2024-2025,Network 8,13202,Asian,64,0.004847750340857446,Asian
2024-2025,Network 8,13202,Asian/ Pacific Islander (Retired),0,0.0,Asian/Pacific Islander (Retired)
2024-2025,Network 8,13202,Black/African American,1126,0.08529010755946069,Black/African American
2024-2025,Network 8,13202,"Hawaiian/
 Pacific Islander",4,0.0003029843963035904,Hawaiian/Pacific Islander
2024-2025,Network 8,13202,Latinx,11661,0.8832752613240418,Hispanic/Latino
2024-2025,Network 8,13202,Middle Eastern/Northern African,0,0.0,Black/African American
2024-2025,Network 8,13202,Multiracial,34,0.002575367368580518,Multiracial
2024-2025,Network 8,13202,"Native American/
 Alaskan",52,0.003938797151946675,Native American/Alaskan
2024-2025,Network 8,13202,"Not 
 Available",5,0.00037873049537948795,Not Available
2024-2025,Network 8,13202,White,256,0.019391001363429784,White
2024-2025,Network 9,10201,Asian,101,0.009900990099009901,Asian
2024-2025,Network 9,10201,Asian/ Pacific Islander (Retired),0,0.0,Asian/Pacific Islander (Retired)
2024-2025,Network 9,10201,Black/African American,8880,0.8705028918733457,Black/African American
2024-2025,Network 9,10201,"Hawaiian/
 Pacific Islander",9,0.0008822664444662288,Hawaiian/Pacific Islander
2024-2025,Network 9,10201,Latinx,758,0.07430644054504461,Hispanic/Latino
2024-2025,Network 9,10201,Middle Eastern/Northern African,0,0.0,Black/African American
2024-2025,Network 9,10201,Multiracial,151,0.014802470346044505,Multiracial
2024-2025,Network 9,10201,"Native American/
 Alaskan",19,0.0018625624938731497,Native American/Alaskan
2024-2025,Network 9,10201,"Not 
 Available",107,0.010489167728654054,Not Available
2024-2025,Network 9,10201,White,176,0.017253210469561808,White
2024-2025,Options,6183,Asian,58,0.00938055959890021,Asian
2024-2025,Options,6183,Asian/ Pacific Islander (Retired),0,0.0,Asian/Pacific Islander (Retired)
2024-2025,Options,6183,Black/African American,3438,0.5560407569141194,Black/African American
2024-2025,Options,6183,"Hawaiian/
 Pacific Islander",4,0.0006469351447517387,Hawaiian/Pacific Islander
2024-2025,Options,6183,Latinx,2446,0.39560084101568815,Hispanic/Latino
2024-2025,Options,6183,Middle Eastern/Northern African,2,0.00032346757237586933,Black/African American
2024-2025,Options,6183,Multiracial,30,0.0048520135856380394,Multiracial
2024-2025,Options,6183,"Native American/
 Alaskan",16,0.0025877405790069546,Native American/Alaskan
2024-2025,Options,6183,"Not 
 Available",10,0.0016173378618793467,Not Available
2024-2025,Options,6183,White,179,0.028950347727640303,White
2023-2024,Charter,48400,Asian,461,0.009524793388429752,Asian
2023-2024,Charter,48400,Asian/ Pacific Islander (Retired),0,0.0,Asian/Pacific Islander (Retired)
2023-2024,Charter,48400,Black/African American,25695,0.5308884297520661,Black/African American
2023-2024,Charter,48400,"Hawaiian/
 Pacific Islander",34,0.0007024793388429752,Hawaiian/Pacific Islander
2023-2024,Charter,48400,Latinx,20906,0.4319421487603306,Hispanic/Latino
2023-2024,Charter,48400,Multiracial,215,0.004442148760330579,Multiracial
2023-2024,Charter,48400,"Native American/
 Alaskan",89,0.0018388429752066115,Native American/Alaskan
2023-2024,Charter,48400,"Not 
 Available",370,0.007644628099173554,Not Available
2023-2024,Charter,48400,White,630,0.013016528925619835,White
2023-2024,Contract,1178,Asian,10,0.008488964346349746,Asian
2023-2024,Contract,1178,Asian/ Pacific Islander (Retired),0,0.0,Asian/Pacific Islander (Retired)
2023-2024,Contract,1178,Black/African American,727,0.6171477079796265,Black/African American
2023-2024,Contract,1178,"Hawaiian/
 Pacific Islander",2,0.001697792869269949,Hawaiian/Pacific Islander
2023-2024,Contract,1178,Latinx,300,0.2546689303904924,Hispanic/Latino
2023-2024,Contract,1178,Multiracial,17,0.014431239388794566,Multiracial
2023-2024,Contract,1178,"Native American/
 Alaskan",3,0.0025466893039049238,Native American/Alaskan
2023-2024,Contract,1178,"Not 
 Available",0,0.0,Not Available
2023-2024,Contract,1178,White,119,0.10101867572156197,White
2023-2024,ISP,31723,Asian,2301,0.07253412350660404,Asian
2023-2024,ISP,31723,Asian/ Pacific Islander (Retired),0,0.0,Asian/Pacific Islander (Retired)
2023-2024,ISP,31723,Black/African American,5747,0.1811619329823787,Black/African American
2023-2024,ISP,31723,"Hawaiian/
 Pacific Islander",24,0.0007565488762096901,Hawaiian/Pacific Islander
2023-2024,ISP,31723,Latinx,18414,0.5804621252718848,Hispanic/Latino
2023-2024,ISP,31723,Multiracial,552,0.017400624152822872,Multiracial
2023-2024,ISP,31723,"Native American/
 Alaskan",94,0.0029631497651546198,Native American/Alaskan
2023-2024,ISP,31723,"Not 
 Available",17,0.0005358887873151972,Not Available
2023-2024,ISP,31723,White,4574,0.1441856066576301,White
2023-2024,Network 1,23495,Asian,1988,0.08461374760587359,Asian
2023-2024,Network 1,23495,Asian/ Pacific Islander (Retired),0,0.0,Asian/Pacific Islander (Retired)
2023-2024,Network 1,23495,Black/African American,721,0.030687380293679508,Black/African American
2023-2024,Network 1,23495,"Hawaiian/
 Pacific Islander",46,0.00195786337518621,Hawaiian/Pacific Islander
2023-2024,Network 1,23495,Latinx,11648,0.49576505639497764,Hispanic/Latino
2023-2024,Network 1,23495,Multiracial,692,0.02945307512236646,Multiracial
2023-2024,Network 1,23495,"Native American/
 Alaskan",90,0.003830602255799106,Native American/Alaskan
2023-2024,Network 1,23495,"Not 
 Available",94,0.0040008512449457335,Not Available
2023-2024,Network 1,23495,White,8216,0.3496914237071717,White
2023-2024,Network 10,17253,Asian,134,0.007766765200255028,Asian
2023-2024,Network 10,17253,Asian/ Pacific Islander (Retired),0,0.0,Asian/Pacific Islander (Retired)
2023-2024,Network 10,17253,Black/African American,4649,0.26946038370138525,Black/African American
2023-2024,Network 10,17253,"Hawaiian/
 Pacific Islander",13,0.0007534921462933982,Hawaiian/Pacific Islander
2023-2024,Network 10,17253,Latinx,11161,0.6469019880600475,Hispanic/Latino
2023-2024,Network 10,17253,Multiracial,137,0.007940648003245813,Multiracial
2023-2024,Network 10,17253,"Native American/
 Alaskan",31,0.0017967889642381035,Native American/Alaskan
2023-2024,Network 10,17253,"Not 
 Available",6,0.0003477656059815684,Not Available
2023-2024,Network 10,17253,White,1122,0.0650321683185533,White
2023-2024,Network 11,8192,Asian,5,0.0006103515625,Asian
2023-2024,Network 11,8192,Asian/ Pacific Islander (Retired),0,0.0,Asian/Pacific Islander (Retired)
2023-2024,Network 11,8192,Black/African American,7510,0.916748046875,Black/African American
2023-2024,Network 11,8192,"Hawaiian/
 Pacific Islander",3,0.0003662109375,Hawaiian/Pacific Islander
2023-2024,Network 11,8192,Latinx,603,0.0736083984375,Hispanic/Latino
2023-2024,Network 11,8192,Multiracial,27,0.0032958984375,Multiracial
2023-2024,Network 11,8192,"Native American/
 Alaskan",8,0.0009765625,Native American/Alaskan
2023-2024,Network 11,8192,"Not 
 Available",14,0.001708984375,Not Available
2023-2024,Network 11,8192,White,22,0.002685546875,White
2023-2024,Network 12,10209,Asian,7,0.0006856695072974826,Asian
2023-2024,Network 12,10209,Asian/ Pacific Islander (Retired),0,0.0,Asian/Pacific Islander (Retired)
2023-2024,Network 12,10209,Black/African American,9347,0.9155646978156529,Black/African American
2023-2024,Network 12,10209,"Hawaiian/
 Pacific Islander",6,0.0005877167205406994,Hawaiian/Pacific Islander
2023-2024,Network 12,10209,Latinx,690,0.06758742286218043,Hispanic/Latino
2023-2024,Network 12,10209,Multiracial,66,0.006464883925947693,Multiracial
2023-2024,Network 12,10209,"Native American/
 Alaskan",14,0.0013713390145949653,Native American/Alaskan
2023-2024,Network 12,10209,"Not 
 Available",47,0.0046037809775688115,Not Available
2023-2024,Network 12,10209,White,32,0.0031344891762170634,White
2023-2024,Network 13,11735,Asian,13,0.001107797187899446,Asian
2023-2024,Network 13,11735,Asian/ Pacific Islander (Retired),0,0.0,Asian/Pacific Islander (Retired)
2023-2024,Network 13,11735,Black/African American,7382,0.6290583723902855,Black/African American
2023-2024,Network 13,11735,"Hawaiian/
 Pacific Islander",1,8.521516829995739e-05,Hawaiian/Pacific Islander
2023-2024,Network 13,11735,Latinx,4049,0.3450362164465275,Hispanic/Latino
2023-2024,Network 13,11735,Multiracial,61,0.005198125266297401,Multiracial
2023-2024,Network 13,11735,"Native American/
 Alaskan",13,0.001107797187899446,Native American/Alaskan
2023-2024,Network 13,11735,"Not 
 Available",22,0.0018747337025990627,Not Available
2023-2024,Network 13,11735,White,194,0.016531742650191736,White
2023-2024,Network 14,28266,Asian,2454,0.08681808533220123,Asian
2023-2024,Network 14,28266,Asian/ Pacific Islander (Retired),1,3.5378192881907595e-05,Asian/Pacific Islander (Retired)
2023-2024,Network 14,28266,Black/African American,3227,0.1141654284299158,Black/African American
2023-2024,Network 14,28266,"Hawaiian/
 Pacific Islander",108,0.00382084483124602,Hawaiian/Pacific Islander
2023-2024,Network 14,28266,Latinx,14454,0.5113563999150923,Hispanic/Latino
2023-2024,Network 14,28266,Multiracial,647,0.02288969079459421,Multiracial
2023-2024,Network 14,28266,"Native American/
 Alaskan",116,0.004103870374301281,Native American/Alaskan
2023-2024,Network 14,28266,"Not 
 Available",472,0.016698507040260383,Not Available
2023-2024,Network 14,28266,White,6787,0.24011179508950684,White
2023-2024,Network 15,21118,Asian,1502,0.07112415948479969,Asian
2023-2024,Network 15,21118,Asian/ Pacific Islander (Retired),0,0.0,Asian/Pacific Islander (Retired)
2023-2024,Network 15,21118,Black/African American,4381,0.20745335732550432,Black/African American
2023-2024,Network 15,21118,"Hawaiian/
 Pacific Islander",35,0.0016573539160905388,Hawaiian/Pacific Islander
2023-2024,Network 15,21118,Latinx,12546,0.5940903494649115,Hispanic/Latino
2023-2024,Network 15,21118,Multiracial,341,0.016147362439624963,Multiracial
2023-2024,Network 15,21118,"Native American/
 Alaskan",68,0.0032200018941187613,Native American/Alaskan
2023-2024,Network 15,21118,"Not 
 Available",40,0.00189411876124633,Not Available
2023-2024,Network 15,21118,White,2205,0.10441329671370395,White
2023-2024,Network 16,11623,Asian,215,0.018497806074163296,Asian
2023-2024,Network 16,11623,Asian/ Pacific Islander (Retired),0,0.0,Asian/Pacific Islander (Retired)
2023-2024,Network 16,11623,Black/African American,4170,0.35877140153144627,Black/African American
2023-2024,Network 16,11623,"Hawaiian/
 Pacific Islander",15,0.0012905446098253463,Hawaiian/Pacific Islander
2023-2024,Network 16,11623,Latinx,6788,0.58401445409963,Hispanic/Latino
2023-2024,Network 16,11623,Multiracial,41,0.00352748860018928,Multiracial
2023-2024,Network 16,11623,"Native American/
 Alaskan",21,0.0018067624537554847,Native American/Alaskan
2023-2024,Network 16,11623,"Not 
 Available",40,0.00344145229286759,Not Available
2023-2024,Network 16,11623,White,333,0.02865009033812269,White
2023-2024,Network 17,10544,Asian,33,0.003129742033383915,Asian
2023-2024,Network 17,10544,Asian/ Pacific Islander (Retired),0,0.0,Asian/Pacific Islander (Retired)
2023-2024,Network 17,10544,Black/African American,8222,0.7797799696509864,Black/African American
2023-2024,Network 17,10544,"Hawaiian/
 Pacific Islander",8,0.0007587253414264037,Hawaiian/Pacific Islander
2023-2024,Network 17,10544,Latinx,1944,0.18437025796661607,Hispanic/Latino
2023-2024,Network 17,10544,Multiracial,91,0.008630500758725342,Multiracial
2023-2024,Network 17,10544,"Native American/
 Alaskan",17,0.0016122913505311077,Native American/Alaskan
2023-2024,Network 17,10544,"Not 
 Available",28,0.002655538694992413,Not Available
2023-2024,Network 17,10544,White,201,0.01906297420333839,White
2023-2024,Network 2,12482,Asian,1850,0.1482134273353629,Asian
2023-2024,Network 2,12482,Asian/ Pacific Islander (Retired),0,0.0,Asian/Pacific Islander (Retired)
2023-2024,Network 2,12482,Black/African American,2821,0.22600544784489665,Black/African American
2023-2024,Network 2,12482,"Hawaiian/
 Pacific Islander",18,0.0014420765902900176,Hawaiian/Pacific Islander
2023-2024,Network 2,12482,Latinx,4152,0.33263900016023074,Hispanic/Latino
2023-2024,Network 2,12482,Multiracial,612,0.0490306040698606,Multiracial
2023-2024,Network 2,12482,"Native American/
 Alaskan",67,0.0053677295305239545,Native American/Alaskan
2023-2024,Network 2,12482,"Not 
 Available",45,0.003605191475725044,Not Available
2023-2024,Network 2,12482,White,2917,0.23369652299311008,White
2023-2024,Network 3,12813,Asian,52,0.004058378209630844,Asian
2023-2024,Network 3,12813,Asian/ Pacific Islander (Retired),0,0.0,Asian/Pacific Islander (Retired)
2023-2024,Network 3,12813,Black/African American,3851,0.3005541247170842,Black/African American
2023-2024,Network 3,12813,"Hawaiian/
 Pacific Islander",19,0.00148286896121127,Hawaiian/Pacific Islander
2023-2024,Network 3,12813,Latinx,8458,0.6601108249434169,Hispanic/Latino
2023-2024,Network 3,12813,Multiracial,59,0.004604698353234996,Multiracial
2023-2024,Network 3,12813,"Native American/
 Alaskan",35,0.0027316007180207603,Native American/Alaskan
2023-2024,Network 3,12813,"Not 
 Available",19,0.00148286896121127,Not Available
2023-2024,Network 3,12813,White,320,0.024974635136189808,White
2023-2024,Network 4,18520,Asian,1101,0.059449244060475165,Asian
2023-2024,Network 4,18520,Asian/ Pacific Islander (Retired),0,0.0,Asian/Pacific Islander (Retired)
2023-2024,Network 4,18520,Black/African American,1849,0.09983801295896329,Black/African American
2023-2024,Network 4,18520,"Hawaiian/
 Pacific Islander",25,0.0013498920086393088,Hawaiian/Pacific Islander
2023-2024,Network 4,18520,Latinx,8855,0.4781317494600432,Hispanic/Latino
2023-2024,Network 4,18520,Multiracial,954,0.051511879049676024,Multiracial
2023-2024,Network 4,18520,"Native American/
 Alaskan",40,0.0021598272138228943,Native American/Alaskan
2023-2024,Network 4,18520,"Not 
 Available",52,0.0028077753779697625,Not Available
2023-2024,Network 4,18520,White,5644,0.3047516198704104,White
2023-2024,Network 5,8539,Asian,17,0.00199086544091814,Asian
2023-2024,Network 5,8539,Asian/ Pacific Islander (Retired),0,0.0,Asian/Pacific Islander (Retired)
2023-2024,Network 5,8539,Black/African American,4709,0.5514697271343248,Black/African American
2023-2024,Network 5,8539,"Hawaiian/
 Pacific Islander",6,0.0007026583909122848,Hawaiian/Pacific Islander
2023-2024,Network 5,8539,Latinx,3529,0.41328024358824217,Hispanic/Latino
2023-2024,Network 5,8539,Multiracial,61,0.007143693640941562,Multiracial
2023-2024,Network 5,8539,"Native American/
 Alaskan",16,0.0018737557090994263,Native American/Alaskan
2023-2024,Network 5,8539,"Not 
 Available",3,0.0003513291954561424,Not Available
2023-2024,Network 5,8539,White,198,0.0231877269001054,White
2023-2024,Network 6,11046,Asian,2323,0.21030237189933007,Asian
2023-2024,Network 6,11046,Asian/ Pacific Islander (Retired),0,0.0,Asian/Pacific Islander (Retired)
2023-2024,Network 6,11046,Black/African American,3239,0.29322831794314685,Black/African American
2023-2024,Network 6,11046,"Hawaiian/
 Pacific Islander",17,0.001539018649284809,Hawaiian/Pacific Islander
2023-2024,Network 6,11046,Latinx,3196,0.2893355060655441,Hispanic/Latino
2023-2024,Network 6,11046,Multiracial,459,0.041553503530689845,Multiracial
2023-2024,Network 6,11046,"Native American/
 Alaskan",31,0.0028064457722252398,Native American/Alaskan
2023-2024,Network 6,11046,"Not 
 Available",50,0.004526525439072967,Not Available
2023-2024,Network 6,11046,White,1731,0.15670831070070615,White
2023-2024,Network 7,8793,Asian,30,0.0034118048447628795,Asian
2023-2024,Network 7,8793,Asian/ Pacific Islander (Retired),0,0.0,Asian/Pacific Islander (Retired)
2023-2024,Network 7,8793,Black/African American,1472,0.16740589104969864,Black/African American
2023-2024,Network 7,8793,"Hawaiian/
 Pacific Islander",13,0.0014784487660639144,Hawaiian/Pacific Islander
2023-2024,Network 7,8793,Latinx,7148,0.8129193676788354,Hispanic/Latino
2023-2024,Network 7,8793,Multiracial,19,0.0021608097350164905,Multiracial
2023-2024,Network 7,8793,"Native American/
 Alaskan",5,0.0005686341407938133,Native American/Alaskan
2023-2024,Network 7,8793,"Not 
 Available",9,0.0010235414534288639,Not Available
2023-2024,Network 7,8793,White,97,0.011031502331399977,White
2023-2024,Network 8,11451,Asian,57,0.004977731202515065,Asian
2023-2024,Network 8,11451,Asian/ Pacific Islander (Retired),0,0.0,Asian/Pacific Islander (Retired)
2023-2024,Network 8,11451,Black/African American,1138,0.09937996681512531,Black/African American
2023-2024,Network 8,11451,"Hawaiian/
 Pacific Islander",3,0.00026198585276395077,Hawaiian/Pacific Islander
2023-2024,Network 8,11451,Latinx,9982,0.8717142607632521,Hispanic/Latino
2023-2024,Network 8,11451,Multiracial,22,0.0019212295869356388,Multiracial
2023-2024,Network 8,11451,"Native American/
 Alaskan",39,0.0034058160859313596,Native American/Alaskan
2023-2024,Network 8,11451,"Not 
 Available",11,0.0009606147934678194,Not Available
2023-2024,Network 8,11451,White,199,0.017378394900008733,White
2023-2024,Network 9,9773,Asian,106,0.010846208943006242,Asian
2023-2024,Network 9,9773,Asian/ Pacific Islander (Retired),0,0.0,Asian/Pacific Islander (Retired)
2023-2024,Network 9,9773,Black/African American,8795,0.8999283740918859,Black/African American
2023-2024,Network 9,9773,"Hawaiian/
 Pacific Islander",5,0.0005116136293870869,Hawaiian/Pacific Islander
2023-2024,Network 9,9773,Latinx,503,0.051468331116340936,Hispanic/Latino
2023-2024,Network 9,9773,Multiracial,137,0.01401821344520618,Multiracial
2023-2024,Network 9,9773,"Native American/
 Alaskan",13,0.001330195436406426,Native American/Alaskan
2023-2024,Network 9,9773,"Not 
 Available",56,0.005730072649135373,Not Available
2023-2024,Network 9,9773,White,158,0.016166990688631946,White
2023-2024,Options,6098,Asian,44,0.007215480485405051,Asian
2023-2024,Options,6098,Asian/ Pacific Islander (Retired),0,0.0,Asian/Pacific Islander (Retired)
2023-2024,Options,6098,Black/African American,3545,0.581338143653657,Black/African American
2023-2024,Options,6098,"Hawaiian/
 Pacific Islander",6,0.0009839291571006887,Hawaiian/Pacific Islander
2023-2024,Options,6098,Latinx,2278,0.3735651033125615,Hispanic/Latino
2023-2024,Options,6098,Multiracial,31,0.0050836339783535585,Multiracial
2023-2024,Options,6098,"Native American/
 Alaskan",17,0.0027877992784519513,Native American/Alaskan
2023-2024,Options,6098,"Not 
 Available",26,0.004263693014102984,Not Available
2023-2024,Options,6098,White,151,0.024762217120367334,White
2022-2023,AUSL,4188,African American,986,0.235434575,Black/African American
2022-2023,AUSL,4188,Asian,75,0.0179083095,Asian
2022-2023,AUSL,4188,Asian/ Pacific Islander (Retired),0,0.0,Asian/Pacific Islander (Retired)
2022-2023,AUSL,4188,"Hawaiian/
 Pacific Islander",5,0.0011938873,Hawaiian/Pacific Islander
2022-2023,AUSL,4188,Hispanic,2762,0.6595033429,Hispanic/Latino
2022-2023,AUSL,4188,Mulit-Racial,55,0.0131327603,Multiracial
2022-2023,AUSL,4188,"Native American/
 Alaskan",9,0.0021489971,Native American/Alaskan
2022-2023,AUSL,4188,"Not 
 Available",3,0.0007163324,Not Available
2022-2023,AUSL,4188,White,293,0.0699617956,White
2022-2023,Charter,49232,African American,25788,0.5238056549,Black/African American
2022-2023,Charter,49232,Asian,440,0.0089372766,Asian
2022-2023,Charter,49232,Asian/ Pacific Islander (Retired),0,0.0,Asian/Pacific Islander (Retired)
2022-2023,Charter,49232,"Hawaiian/
 Pacific Islander",26,0.0005281118,Hawaiian/Pacific Islander
2022-2023,Charter,49232,Hispanic,21750,0.4417858304,Hispanic/Latino
2022-2023,Charter,49232,Mulit-Racial,224,0.0045498863,Multiracial
2022-2023,Charter,49232,"Native American/
 Alaskan",84,0.0017062073,Native American/Alaskan
2022-2023,Charter,49232,"Not 
 Available",278,0.0056467338,Not Available
2022-2023,Charter,49232,White,642,0.013040299,White
2022-2023,Contract,1439,African American,954,0.6629603892,Black/African American
2022-2023,Contract,1439,Asian,7,0.0048644892,Asian
2022-2023,Contract,1439,Asian/ Pacific Islander (Retired),0,0.0,Asian/Pacific Islander (Retired)
2022-2023,Contract,1439,"Hawaiian/
 Pacific Islander",4,0.0027797081,Hawaiian/Pacific Islander
2022-2023,Contract,1439,Hispanic,311,0.2161223072,Hispanic/Latino
2022-2023,Contract,1439,Mulit-Racial,15,0.0104239055,Multiracial
2022-2023,Contract,1439,"Native American/
 Alaskan",3,0.0020847811,Native American/Alaskan
2022-2023,Contract,1439,"Not 
 Available",42,0.0291869354,Not Available
2022-2023,Contract,1439,White,103,0.0715774844,White
2022-2023,ISP,37990,African American,6406,0.1686233219,Black/African American
2022-2023,ISP,37990,Asian,3126,0.0822848118,Asian
2022-2023,ISP,37990,Asian/ Pacific Islander (Retired),0,0.0,Asian/Pacific Islander (Retired)
2022-2023,ISP,37990,"Hawaiian/
 Pacific Islander",49,0.0012898131,Hawaiian/Pacific Islander
2022-2023,ISP,37990,Hispanic,21452,0.5646749145,Hispanic/Latino
2022-2023,ISP,37990,Mulit-Racial,693,0.0182416425,Multiracial
2022-2023,ISP,37990,"Native American/
 Alaskan",106,0.0027902079,Native American/Alaskan
2022-2023,ISP,37990,"Not 
 Available",25,0.0006580679,Not Available
2022-2023,ISP,37990,White,6133,0.1614372203,White
2022-2023,Network 1,21999,African American,655,0.0297740806,Black/African American
2022-2023,Network 1,21999,Asian,1799,0.0817764444,Asian
2022-2023,Network 1,21999,Asian/ Pacific Islander (Retired),0,0.0,Asian/Pacific Islander (Retired)
2022-2023,Network 1,21999,"Hawaiian/
 Pacific Islander",48,0.0021819174,Hawaiian/Pacific Islander
2022-2023,Network 1,21999,Hispanic,10816,0.4916587118,Hispanic/Latino
2022-2023,Network 1,21999,Mulit-Racial,606,0.0275467067,Multiracial
2022-2023,Network 1,21999,"Native American/
 Alaskan",88,0.0040001818,Native American/Alaskan
2022-2023,Network 1,21999,"Not 
 Available",132,0.0060002727,Not Available
2022-2023,Network 1,21999,White,7855,0.3570616846,White
2022-2023,Network 10,16414,African American,4554,0.2774460826,Black/African American
2022-2023,Network 10,16414,Asian,118,0.007188985,Asian
2022-2023,Network 10,16414,Asian/ Pacific Islander (Retired),0,0.0,Asian/Pacific Islander (Retired)
2022-2023,Network 10,16414,"Hawaiian/
 Pacific Islander",15,0.000913854,Hawaiian/Pacific Islander
2022-2023,Network 10,16414,Hispanic,10427,0.635250396,Hispanic/Latino
2022-2023,Network 10,16414,Mulit-Racial,111,0.0067625198,Multiracial
2022-2023,Network 10,16414,"Native American/
 Alaskan",34,0.0020714025,Native American/Alaskan
2022-2023,Network 10,16414,"Not 
 Available",12,0.0007310832,Not Available
2022-2023,Network 10,16414,White,1143,0.0696356769,White
2022-2023,Network 11,8371,African American,7853,0.938119699,Black/African American
2022-2023,Network 11,8371,Asian,5,0.0005973002,Asian
2022-2023,Network 11,8371,Asian/ Pacific Islander (Retired),0,0.0,Asian/Pacific Islander (Retired)
2022-2023,Network 11,8371,"Hawaiian/
 Pacific Islander",2,0.0002389201,Hawaiian/Pacific Islander
2022-2023,Network 11,8371,Hispanic,450,0.0537570183,Hispanic/Latino
2022-2023,Network 11,8371,Mulit-Racial,18,0.0021502807,Multiracial
2022-2023,Network 11,8371,"Native American/
 Alaskan",5,0.0005973002,Native American/Alaskan
2022-2023,Network 11,8371,"Not 
 Available",18,0.0021502807,Not Available
2022-2023,Network 11,8371,White,20,0.0023892008,White
2022-2023,Network 12,10282,African American,9558,0.9295856837,Black/African American
2022-2023,Network 12,10282,Asian,7,0.0006808014,Asian
2022-2023,Network 12,10282,Asian/ Pacific Islander (Retired),0,0.0,Asian/Pacific Islander (Retired)
2022-2023,Network 12,10282,"Hawaiian/
 Pacific Islander",3,0.000291772,Hawaiian/Pacific Islander
2022-2023,Network 12,10282,Hispanic,580,0.0564092589,Hispanic/Latino
2022-2023,Network 12,10282,Mulit-Racial,54,0.0052518965,Multiracial
2022-2023,Network 12,10282,"Native American/
 Alaskan",10,0.0009725734,Native American/Alaskan
2022-2023,Network 12,10282,"Not 
 Available",26,0.0025286909,Not Available
2022-2023,Network 12,10282,White,44,0.0042793231,White
2022-2023,Network 13,10635,African American,7373,0.6932769158,Black/African American
2022-2023,Network 13,10635,Asian,6,0.0005641749,Asian
2022-2023,Network 13,10635,Asian/ Pacific Islander (Retired),0,0.0,Asian/Pacific Islander (Retired)
2022-2023,Network 13,10635,"Hawaiian/
 Pacific Islander",4,0.0003761166,Hawaiian/Pacific Islander
2022-2023,Network 13,10635,Hispanic,2973,0.2795486601,Hispanic/Latino
2022-2023,Network 13,10635,Mulit-Racial,58,0.0054536906,Multiracial
2022-2023,Network 13,10635,"Native American/
 Alaskan",14,0.0013164081,Native American/Alaskan
2022-2023,Network 13,10635,"Not 
 Available",39,0.0036671368,Not Available
2022-2023,Network 13,10635,White,168,0.015796897,White
2022-2023,Network 14,26149,African American,3140,0.1200810738,Black/African American
2022-2023,Network 14,26149,Asian,2346,0.089716624,Asian
2022-2023,Network 14,26149,Asian/ Pacific Islander (Retired),1,3.82424e-05,Asian/Pacific Islander (Retired)
2022-2023,Network 14,26149,"Hawaiian/
 Pacific Islander",117,0.0044743585,Hawaiian/Pacific Islander
2022-2023,Network 14,26149,Hispanic,13318,0.5093120196,Hispanic/Latino
2022-2023,Network 14,26149,Mulit-Racial,526,0.020115492,Multiracial
2022-2023,Network 14,26149,"Native American/
 Alaskan",111,0.0042449042,Native American/Alaskan
2022-2023,Network 14,26149,"Not 
 Available",397,0.0151822249,Not Available
2022-2023,Network 14,26149,White,6193,0.2368350606,White
2022-2023,Network 15,17042,African American,4044,0.237296092,Black/African American
2022-2023,Network 15,17042,Asian,1083,0.0635488792,Asian
2022-2023,Network 15,17042,Asian/ Pacific Islander (Retired),0,0.0,Asian/Pacific Islander (Retired)
2022-2023,Network 15,17042,"Hawaiian/
 Pacific Islander",40,0.0023471424,Hawaiian/Pacific Islander
2022-2023,Network 15,17042,Hispanic,9963,0.5846144819,Hispanic/Latino
2022-2023,Network 15,17042,Mulit-Racial,243,0.0142588898,Multiracial
2022-2023,Network 15,17042,"Native American/
 Alaskan",58,0.0034033564,Native American/Alaskan
2022-2023,Network 15,17042,"Not 
 Available",29,0.0017016782,Not Available
2022-2023,Network 15,17042,White,1582,0.0928294801,White
2022-2023,Network 16,12247,African American,4705,0.3841757165,Black/African American
2022-2023,Network 16,12247,Asian,223,0.0182085409,Asian
2022-2023,Network 16,12247,Asian/ Pacific Islander (Retired),0,0.0,Asian/Pacific Islander (Retired)
2022-2023,Network 16,12247,"Hawaiian/
 Pacific Islander",12,0.0009798318,Hawaiian/Pacific Islander
2022-2023,Network 16,12247,Hispanic,6834,0.5580142076,Hispanic/Latino
2022-2023,Network 16,12247,Mulit-Racial,41,0.0033477586,Multiracial
2022-2023,Network 16,12247,"Native American/
 Alaskan",18,0.0014697477,Native American/Alaskan
2022-2023,Network 16,12247,"Not 
 Available",41,0.0033477586,Not Available
2022-2023,Network 16,12247,White,373,0.0304564383,White
2022-2023,Network 17,10738,African American,8400,0.7822685789,Black/African American
2022-2023,Network 17,10738,Asian,41,0.0038182157,Asian
2022-2023,Network 17,10738,Asian/ Pacific Islander (Retired),0,0.0,Asian/Pacific Islander (Retired)
2022-2023,Network 17,10738,"Hawaiian/
 Pacific Islander",8,0.0007450177,Hawaiian/Pacific Islander
2022-2023,Network 17,10738,Hispanic,1901,0.1770348296,Hispanic/Latino
2022-2023,Network 17,10738,Mulit-Racial,94,0.0087539579,Multiracial
2022-2023,Network 17,10738,"Native American/
 Alaskan",17,0.0015831626,Native American/Alaskan
2022-2023,Network 17,10738,"Not 
 Available",93,0.0086608307,Not Available
2022-2023,Network 17,10738,White,184,0.017135407,White
2022-2023,Network 2,12038,African American,2856,0.2372487124,Black/African American
2022-2023,Network 2,12038,Asian,1761,0.1462867586,Asian
2022-2023,Network 2,12038,Asian/ Pacific Islander (Retired),0,0.0,Asian/Pacific Islander (Retired)
2022-2023,Network 2,12038,"Hawaiian/
 Pacific Islander",17,0.0014121947,Hawaiian/Pacific Islander
2022-2023,Network 2,12038,Hispanic,3825,0.3177438113,Hispanic/Latino
2022-2023,Network 2,12038,Mulit-Racial,603,0.0500913773,Multiracial
2022-2023,Network 2,12038,"Native American/
 Alaskan",52,0.0043196544,Native American/Alaskan
2022-2023,Network 2,12038,"Not 
 Available",63,0.0052334275,Not Available
2022-2023,Network 2,12038,White,2861,0.2376640638,White
2022-2023,Network 3,12856,African American,4151,0.3228842564,Black/African American
2022-2023,Network 3,12856,Asian,65,0.005056005,Asian
2022-2023,Network 3,12856,Asian/ Pacific Islander (Retired),0,0.0,Asian/Pacific Islander (Retired)
2022-2023,Network 3,12856,"Hawaiian/
 Pacific Islander",21,0.0016334785,Hawaiian/Pacific Islander
2022-2023,Network 3,12856,Hispanic,8196,0.6375233354,Hispanic/Latino
2022-2023,Network 3,12856,Mulit-Racial,59,0.0045892968,Multiracial
2022-2023,Network 3,12856,"Native American/
 Alaskan",33,0.0025668948,Native American/Alaskan
2022-2023,Network 3,12856,"Not 
 Available",16,0.0012445551,Not Available
2022-2023,Network 3,12856,White,315,0.024502178,White
2022-2023,Network 4,17545,African American,1791,0.1020803648,Black/African American
2022-2023,Network 4,17545,Asian,996,0.0567683101,Asian
2022-2023,Network 4,17545,Asian/ Pacific Islander (Retired),0,0.0,Asian/Pacific Islander (Retired)
2022-2023,Network 4,17545,"Hawaiian/
 Pacific Islander",35,0.0019948703,Hawaiian/Pacific Islander
2022-2023,Network 4,17545,Hispanic,8628,0.4917640353,Hispanic/Latino
2022-2023,Network 4,17545,Mulit-Racial,837,0.0477058991,Multiracial
2022-2023,Network 4,17545,"Native American/
 Alaskan",42,0.0023938444,Native American/Alaskan
2022-2023,Network 4,17545,"Not 
 Available",32,0.0018238814,Not Available
2022-2023,Network 4,17545,White,5184,0.2954687945,White
2022-2023,Network 5,8434,African American,5002,0.5930756462,Black/African American
2022-2023,Network 5,8434,Asian,12,0.0014228124,Asian
2022-2023,Network 5,8434,Asian/ Pacific Islander (Retired),0,0.0,Asian/Pacific Islander (Retired)
2022-2023,Network 5,8434,"Hawaiian/
 Pacific Islander",2,0.0002371354,Hawaiian/Pacific Islander
2022-2023,Network 5,8434,Hispanic,3199,0.3792980792,Hispanic/Latino
2022-2023,Network 5,8434,Mulit-Racial,51,0.0060469528,Multiracial
2022-2023,Network 5,8434,"Native American/
 Alaskan",12,0.0014228124,Native American/Alaskan
2022-2023,Network 5,8434,"Not 
 Available",3,0.0003557031,Not Available
2022-2023,Network 5,8434,White,153,0.0181408584,White
2022-2023,Network 6,9514,African American,2553,0.2683413916,Black/African American
2022-2023,Network 6,9514,Asian,1958,0.205801976,Asian
2022-2023,Network 6,9514,Asian/ Pacific Islander (Retired),0,0.0,Asian/Pacific Islander (Retired)
2022-2023,Network 6,9514,"Hawaiian/
 Pacific Islander",21,0.0022072735,Hawaiian/Pacific Islander
2022-2023,Network 6,9514,Hispanic,3003,0.3156401093,Hispanic/Latino
2022-2023,Network 6,9514,Mulit-Racial,362,0.0380491907,Multiracial
2022-2023,Network 6,9514,"Native American/
 Alaskan",34,0.0035736809,Native American/Alaskan
2022-2023,Network 6,9514,"Not 
 Available",2,0.0002102165,Not Available
2022-2023,Network 6,9514,White,1581,0.1661761614,White
2022-2023,Network 7,8787,African American,1481,0.1685444407,Black/African American
2022-2023,Network 7,8787,Asian,30,0.0034141345,Asian
2022-2023,Network 7,8787,Asian/ Pacific Islander (Retired),0,0.0,Asian/Pacific Islander (Retired)
2022-2023,Network 7,8787,"Hawaiian/
 Pacific Islander",5,0.0005690224,Hawaiian/Pacific Islander
2022-2023,Network 7,8787,Hispanic,7155,0.8142710823,Hispanic/Latino
2022-2023,Network 7,8787,Mulit-Racial,19,0.0021622852,Multiracial
2022-2023,Network 7,8787,"Native American/
 Alaskan",7,0.0007966314,Native American/Alaskan
2022-2023,Network 7,8787,"Not 
 Available",2,0.000227609,Not Available
2022-2023,Network 7,8787,White,88,0.0100147946,White
2022-2023,Network 8,11264,African American,1133,0.1005859375,Black/African American
2022-2023,Network 8,11264,Asian,53,0.0047052557,Asian
2022-2023,Network 8,11264,Asian/ Pacific Islander (Retired),0,0.0,Asian/Pacific Islander (Retired)
2022-2023,Network 8,11264,"Hawaiian/
 Pacific Islander",4,0.0003551136,Hawaiian/Pacific Islander
2022-2023,Network 8,11264,Hispanic,9814,0.8712713068,Hispanic/Latino
2022-2023,Network 8,11264,Mulit-Racial,23,0.0020419034,Multiracial
2022-2023,Network 8,11264,"Native American/
 Alaskan",41,0.0036399148,Native American/Alaskan
2022-2023,Network 8,11264,"Not 
 Available",12,0.0010653409,Not Available
2022-2023,Network 8,11264,White,184,0.0163352273,White
2022-2023,Network 9,9570,African American,8794,0.9189132706,Black/African American
2022-2023,Network 9,9570,Asian,97,0.0101358412,Asian
2022-2023,Network 9,9570,Asian/ Pacific Islander (Retired),0,0.0,Asian/Pacific Islander (Retired)
2022-2023,Network 9,9570,"Hawaiian/
 Pacific Islander",6,0.0006269592,Hawaiian/Pacific Islander
2022-2023,Network 9,9570,Hispanic,315,0.0329153605,Hispanic/Latino
2022-2023,Network 9,9570,Mulit-Racial,118,0.0123301985,Multiracial
2022-2023,Network 9,9570,"Native American/
 Alaskan",12,0.0012539185,Native American/Alaskan
2022-2023,Network 9,9570,"Not 
 Available",76,0.0079414838,Not Available
2022-2023,Network 9,9570,White,152,0.0158829676,White
2022-2023,Options,5372,African American,3155,0.5873045421,Black/African American
2022-2023,Options,5372,Asian,43,0.0080044676,Asian
2022-2023,Options,5372,Asian/ Pacific Islander (Retired),0,0.0,Asian/Pacific Islander (Retired)
2022-2023,Options,5372,"Hawaiian/
 Pacific Islander",5,0.000930752,Hawaiian/Pacific Islander
2022-2023,Options,5372,Hispanic,1975,0.3676470588,Hispanic/Latino
2022-2023,Options,5372,Mulit-Racial,31,0.0057706627,Multiracial
2022-2023,Options,5372,"Native American/
 Alaskan",16,0.0029784066,Native American/Alaskan
2022-2023,Options,5372,"Not 
 Available",18,0.0033507074,Not Available
2022-2023,Options,5372,White,129,0.0240134028,White
2021-2022,AUSL,7708,African American,4215,54.7,Black/African American
2021-2022,AUSL,7708,Asian,77,0.999,Asian
2021-2022,AUSL,7708,Asian/ Pacific Islander (Retired),0,0.0,Asian/Pacific Islander (Retired)
2021-2022,AUSL,7708,"Hawaiian/
Pacific Islander",5,0.0649,Hawaiian/Pacific Islander
2021-2022,AUSL,7708,Hispanic,2997,38.9,Hispanic/Latino
2021-2022,AUSL,7708,Mulit-Racial,61,0.79,Multiracial
2021-2022,AUSL,7708,"Native American/
Alaskan",14,0.1816,Native American/Alaskan
2021-2022,AUSL,7708,"Not 
Available",24,0.311,"Not 
Available"
2021-2022,AUSL,7708,White,315,4.1,White
2021-2022,Charter,50408,African American,25936,51.5,Black/African American
2021-2022,Charter,50408,Asian,502,0.996,Asian
2021-2022,Charter,50408,Asian/ Pacific Islander (Retired),0,0.0,Asian/Pacific Islander (Retired)
2021-2022,Charter,50408,"Hawaiian/
Pacific Islander",26,0.0516,Hawaiian/Pacific Islander
2021-2022,Charter,50408,Hispanic,22682,45.0,Hispanic/Latino
2021-2022,Charter,50408,Mulit-Racial,217,0.43,Multiracial
2021-2022,Charter,50408,"Native American/
Alaskan",75,0.1488,Native American/Alaskan
2021-2022,Charter,50408,"Not 
Available",322,0.639,"Not 
Available"
2021-2022,Charter,50408,White,648,1.3,White
2021-2022,Contract,1511,African American,993,65.7,Black/African American
2021-2022,Contract,1511,Asian,9,0.596,Asian
2021-2022,Contract,1511,Asian/ Pacific Islander (Retired),0,0.0,Asian/Pacific Islander (Retired)
2021-2022,Contract,1511,"Hawaiian/
Pacific Islander",4,0.2647,Hawaiian/Pacific Islander
2021-2022,Contract,1511,Hispanic,332,22.0,Hispanic/Latino
2021-2022,Contract,1511,Mulit-Racial,11,0.73,Multiracial
2021-2022,Contract,1511,"Native American/
Alaskan",3,0.1985,Native American/Alaskan
2021-2022,Contract,1511,"Not 
Available",50,3.309,"Not 
Available"
2021-2022,Contract,1511,White,109,7.2,White
2021-2022,ISP,48663,African American,7965,16.4,Black/African American
2021-2022,ISP,48663,Asian,4214,8.66,Asian
2021-2022,ISP,48663,Asian/ Pacific Islander (Retired),4,0.0082,Asian/Pacific Islander (Retired)
2021-2022,ISP,48663,"Hawaiian/
Pacific Islander",97,0.1993,Hawaiian/Pacific Islander
2021-2022,ISP,48663,Hispanic,27098,55.7,Hispanic/Latino
2021-2022,ISP,48663,Mulit-Racial,840,1.73,Multiracial
2021-2022,ISP,48663,"Native American/
Alaskan",164,0.337,Native American/Alaskan
2021-2022,ISP,48663,"Not 
Available",162,0.333,"Not 
Available"
2021-2022,ISP,48663,White,8119,16.7,White
2021-2022,Network 1,20577,African American,622,3.0,Black/African American
2021-2022,Network 1,20577,Asian,1684,8.184,Asian
2021-2022,Network 1,20577,Asian/ Pacific Islander (Retired),0,0.0,Asian/Pacific Islander (Retired)
2021-2022,Network 1,20577,"Hawaiian/
Pacific Islander",59,0.2867,Hawaiian/Pacific Islander
2021-2022,Network 1,20577,Hispanic,10300,50.1,Hispanic/Latino
2021-2022,Network 1,20577,Mulit-Racial,576,2.8,Multiracial
2021-2022,Network 1,20577,"Native American/
Alaskan",77,0.3742,Native American/Alaskan
2021-2022,Network 1,20577,"Not 
Available",95,0.462,"Not 
Available"
2021-2022,Network 1,20577,White,7164,34.8,White
2021-2022,Network 10,16681,African American,4664,28.0,Black/African American
2021-2022,Network 10,16681,Asian,117,0.701,Asian
2021-2022,Network 10,16681,Asian/ Pacific Islander (Retired),0,0.0,Asian/Pacific Islander (Retired)
2021-2022,Network 10,16681,"Hawaiian/
Pacific Islander",14,0.0839,Hawaiian/Pacific Islander
2021-2022,Network 10,16681,Hispanic,10506,63.0,Hispanic/Latino
2021-2022,Network 10,16681,Mulit-Racial,115,0.69,Multiracial
2021-2022,Network 10,16681,"Native American/
Alaskan",40,0.2398,Native American/Alaskan
2021-2022,Network 10,16681,"Not 
Available",12,0.072,"Not 
Available"
2021-2022,Network 10,16681,White,1213,7.3,White
2021-2022,Network 11,8615,African American,8093,93.9,Black/African American
2021-2022,Network 11,8615,Asian,6,0.07,Asian
2021-2022,Network 11,8615,Asian/ Pacific Islander (Retired),0,0.0,Asian/Pacific Islander (Retired)
2021-2022,Network 11,8615,"Hawaiian/
Pacific Islander",1,0.0116,Hawaiian/Pacific Islander
2021-2022,Network 11,8615,Hispanic,423,4.9,Hispanic/Latino
2021-2022,Network 11,8615,Mulit-Racial,27,0.31,Multiracial
2021-2022,Network 11,8615,"Native American/
Alaskan",5,0.058,Native American/Alaskan
2021-2022,Network 11,8615,"Not 
Available",44,0.511,"Not 
Available"
2021-2022,Network 11,8615,White,16,0.2,White
2021-2022,Network 12,9732,African American,9031,92.8,Black/African American
2021-2022,Network 12,9732,Asian,7,0.072,Asian
2021-2022,Network 12,9732,Asian/ Pacific Islander (Retired),0,0.0,Asian/Pacific Islander (Retired)
2021-2022,Network 12,9732,"Hawaiian/
Pacific Islander",4,0.0411,Hawaiian/Pacific Islander
2021-2022,Network 12,9732,Hispanic,554,5.7,Hispanic/Latino
2021-2022,Network 12,9732,Mulit-Racial,42,0.43,Multiracial
2021-2022,Network 12,9732,"Native American/
Alaskan",12,0.1233,Native American/Alaskan
2021-2022,Network 12,9732,"Not 
Available",49,0.503,"Not 
Available"
2021-2022,Network 12,9732,White,33,0.3,White
2021-2022,Network 13,10328,African American,7078,68.5,Black/African American
2021-2022,Network 13,10328,Asian,7,0.068,Asian
2021-2022,Network 13,10328,Asian/ Pacific Islander (Retired),0,0.0,Asian/Pacific Islander (Retired)
2021-2022,Network 13,10328,"Hawaiian/
Pacific Islander",6,0.0581,Hawaiian/Pacific Islander
2021-2022,Network 13,10328,Hispanic,2973,28.8,Hispanic/Latino
2021-2022,Network 13,10328,Mulit-Racial,52,0.5,Multiracial
2021-2022,Network 13,10328,"Native American/
Alaskan",16,0.1549,Native American/Alaskan
2021-2022,Network 13,10328,"Not 
Available",31,0.3,"Not 
Available"
2021-2022,Network 13,10328,White,165,1.6,White
2021-2022,Network 14,26051,African American,3224,12.4,Black/African American
2021-2022,Network 14,26051,Asian,2366,9.082,Asian
2021-2022,Network 14,26051,Asian/ Pacific Islander (Retired),6,0.023,Asian/Pacific Islander (Retired)
2021-2022,Network 14,26051,"Hawaiian/
Pacific Islander",117,0.4491,Hawaiian/Pacific Islander
2021-2022,Network 14,26051,Hispanic,13234,50.8,Hispanic/Latino
2021-2022,Network 14,26051,Mulit-Racial,530,2.03,Multiracial
2021-2022,Network 14,26051,"Native American/
Alaskan",124,0.476,Native American/Alaskan
2021-2022,Network 14,26051,"Not 
Available",375,1.439,"Not 
Available"
2021-2022,Network 14,26051,White,6075,23.3,White
2021-2022,Network 15,15141,African American,3731,24.6,Black/African American
2021-2022,Network 15,15141,Asian,556,3.672,Asian
2021-2022,Network 15,15141,Asian/ Pacific Islander (Retired),0,0.0,Asian/Pacific Islander (Retired)
2021-2022,Network 15,15141,"Hawaiian/
Pacific Islander",20,0.1321,Hawaiian/Pacific Islander
2021-2022,Network 15,15141,Hispanic,9537,63.0,Hispanic/Latino
2021-2022,Network 15,15141,Mulit-Racial,154,1.02,Multiracial
2021-2022,Network 15,15141,"Native American/
Alaskan",55,0.3633,Native American/Alaskan
2021-2022,Network 15,15141,"Not 
Available",47,0.31,"Not 
Available"
2021-2022,Network 15,15141,White,1041,6.9,White
2021-2022,Network 16,12339,African American,4855,39.3,Black/African American
2021-2022,Network 16,12339,Asian,247,2.002,Asian
2021-2022,Network 16,12339,Asian/ Pacific Islander (Retired),0,0.0,Asian/Pacific Islander (Retired)
2021-2022,Network 16,12339,"Hawaiian/
Pacific Islander",9,0.0729,Hawaiian/Pacific Islander
2021-2022,Network 16,12339,Hispanic,6758,54.8,Hispanic/Latino
2021-2022,Network 16,12339,Mulit-Racial,36,0.29,Multiracial
2021-2022,Network 16,12339,"Native American/
Alaskan",18,0.1459,Native American/Alaskan
2021-2022,Network 16,12339,"Not 
Available",19,0.154,"Not 
Available"
2021-2022,Network 16,12339,White,397,3.2,White
2021-2022,Network 17,10661,African American,8324,78.1,Black/African American
2021-2022,Network 17,10661,Asian,54,0.507,Asian
2021-2022,Network 17,10661,Asian/ Pacific Islander (Retired),0,0.0,Asian/Pacific Islander (Retired)
2021-2022,Network 17,10661,"Hawaiian/
Pacific Islander",8,0.075,Hawaiian/Pacific Islander
2021-2022,Network 17,10661,Hispanic,1962,18.4,Hispanic/Latino
2021-2022,Network 17,10661,Mulit-Racial,84,0.79,Multiracial
2021-2022,Network 17,10661,"Native American/
Alaskan",18,0.1688,Native American/Alaskan
2021-2022,Network 17,10661,"Not 
Available",37,0.347,"Not 
Available"
2021-2022,Network 17,10661,White,174,1.6,White
2021-2022,Network 2,10988,African American,2641,24.0,Black/African American
2021-2022,Network 2,10988,Asian,1583,14.407,Asian
2021-2022,Network 2,10988,Asian/ Pacific Islander (Retired),0,0.0,Asian/Pacific Islander (Retired)
2021-2022,Network 2,10988,"Hawaiian/
Pacific Islander",18,0.1638,Hawaiian/Pacific Islander
2021-2022,Network 2,10988,Hispanic,3511,32.0,Hispanic/Latino
2021-2022,Network 2,10988,Mulit-Racial,509,4.63,Multiracial
2021-2022,Network 2,10988,"Native American/
Alaskan",52,0.4732,Native American/Alaskan
2021-2022,Network 2,10988,"Not 
Available",45,0.41,"Not 
Available"
2021-2022,Network 2,10988,White,2629,23.9,White
2021-2022,Network 3,11925,African American,3986,33.4,Black/African American
2021-2022,Network 3,11925,Asian,64,0.537,Asian
2021-2022,Network 3,11925,Asian/ Pacific Islander (Retired),0,0.0,Asian/Pacific Islander (Retired)
2021-2022,Network 3,11925,"Hawaiian/
Pacific Islander",22,0.1845,Hawaiian/Pacific Islander
2021-2022,Network 3,11925,Hispanic,7442,62.4,Hispanic/Latino
2021-2022,Network 3,11925,Mulit-Racial,44,0.37,Multiracial
2021-2022,Network 3,11925,"Native American/
Alaskan",31,0.26,Native American/Alaskan
2021-2022,Network 3,11925,"Not 
Available",13,0.109,"Not 
Available"
2021-2022,Network 3,11925,White,323,2.7,White
2021-2022,Network 4,16664,African American,1756,10.5,Black/African American
2021-2022,Network 4,16664,Asian,943,5.659,Asian
2021-2022,Network 4,16664,Asian/ Pacific Islander (Retired),0,0.0,Asian/Pacific Islander (Retired)
2021-2022,Network 4,16664,"Hawaiian/
Pacific Islander",30,0.18,Hawaiian/Pacific Islander
2021-2022,Network 4,16664,Hispanic,7952,47.7,Hispanic/Latino
2021-2022,Network 4,16664,Mulit-Racial,774,4.64,Multiracial
2021-2022,Network 4,16664,"Native American/
Alaskan",38,0.228,Native American/Alaskan
2021-2022,Network 4,16664,"Not 
Available",23,0.138,"Not 
Available"
2021-2022,Network 4,16664,White,5148,30.9,White
2021-2022,Network 5,7668,African American,4607,60.1,Black/African American
2021-2022,Network 5,7668,Asian,16,0.209,Asian
2021-2022,Network 5,7668,Asian/ Pacific Islander (Retired),0,0.0,Asian/Pacific Islander (Retired)
2021-2022,Network 5,7668,"Hawaiian/
Pacific Islander",2,0.0261,Hawaiian/Pacific Islander
2021-2022,Network 5,7668,Hispanic,2859,37.3,Hispanic/Latino
2021-2022,Network 5,7668,Mulit-Racial,45,0.59,Multiracial
2021-2022,Network 5,7668,"Native American/
Alaskan",8,0.1043,Native American/Alaskan
2021-2022,Network 5,7668,"Not 
Available",0,0.0,"Not 
Available"
2021-2022,Network 5,7668,White,131,1.7,White
2021-2022,Network 6,8759,African American,2325,26.5,Black/African American
2021-2022,Network 6,8759,Asian,1720,19.637,Asian
2021-2022,Network 6,8759,Asian/ Pacific Islander (Retired),0,0.0,Asian/Pacific Islander (Retired)
2021-2022,Network 6,8759,"Hawaiian/
Pacific Islander",13,0.1484,Hawaiian/Pacific Islander
2021-2022,Network 6,8759,Hispanic,3032,34.6,Hispanic/Latino
2021-2022,Network 6,8759,Mulit-Racial,283,3.23,Multiracial
2021-2022,Network 6,8759,"Native American/
Alaskan",25,0.2854,Native American/Alaskan
2021-2022,Network 6,8759,"Not 
Available",14,0.16,"Not 
Available"
2021-2022,Network 6,8759,White,1347,15.4,White
2021-2022,Network 7,8493,African American,1590,18.7,Black/African American
2021-2022,Network 7,8493,Asian,21,0.247,Asian
2021-2022,Network 7,8493,Asian/ Pacific Islander (Retired),0,0.0,Asian/Pacific Islander (Retired)
2021-2022,Network 7,8493,"Hawaiian/
Pacific Islander",4,0.0471,Hawaiian/Pacific Islander
2021-2022,Network 7,8493,Hispanic,6757,79.6,Hispanic/Latino
2021-2022,Network 7,8493,Mulit-Racial,14,0.16,Multiracial
2021-2022,Network 7,8493,"Native American/
Alaskan",9,0.106,Native American/Alaskan
2021-2022,Network 7,8493,"Not 
Available",3,0.035,"Not 
Available"
2021-2022,Network 7,8493,White,95,1.1,White
2021-2022,Network 8,11974,African American,1291,10.8,Black/African American
2021-2022,Network 8,11974,Asian,53,0.443,Asian
2021-2022,Network 8,11974,Asian/ Pacific Islander (Retired),0,0.0,Asian/Pacific Islander (Retired)
2021-2022,Network 8,11974,"Hawaiian/
Pacific Islander",5,0.0418,Hawaiian/Pacific Islander
2021-2022,Network 8,11974,Hispanic,10363,86.5,Hispanic/Latino
2021-2022,Network 8,11974,Mulit-Racial,24,0.2,Multiracial
2021-2022,Network 8,11974,"Native American/
Alaskan",38,0.3174,Native American/Alaskan
2021-2022,Network 8,11974,"Not 
Available",25,0.209,"Not 
Available"
2021-2022,Network 8,11974,White,175,1.5,White
2021-2022,Network 9,9147,African American,8423,92.1,Black/African American
2021-2022,Network 9,9147,Asian,79,0.864,Asian
2021-2022,Network 9,9147,Asian/ Pacific Islander (Retired),0,0.0,Asian/Pacific Islander (Retired)
2021-2022,Network 9,9147,"Hawaiian/
Pacific Islander",10,0.1093,Hawaiian/Pacific Islander
2021-2022,Network 9,9147,Hispanic,292,3.2,Hispanic/Latino
2021-2022,Network 9,9147,Mulit-Racial,112,1.22,Multiracial
2021-2022,Network 9,9147,"Native American/
Alaskan",15,0.164,Native American/Alaskan
2021-2022,Network 9,9147,"Not 
Available",61,0.667,"Not 
Available"
2021-2022,Network 9,9147,White,155,1.7,White
2021-2022,Options,6378,African American,3675,57.6,Black/African American
2021-2022,Options,6378,Asian,58,0.909,Asian
2021-2022,Options,6378,Asian/ Pacific Islander (Retired),0,0.0,Asian/Pacific Islander (Retired)
2021-2022,Options,6378,"Hawaiian/
Pacific Islander",5,0.0784,Hawaiian/Pacific Islander
2021-2022,Options,6378,Hispanic,2367,37.1,Hispanic/Latino
2021-2022,Options,6378,Mulit-Racial,42,0.66,Multiracial
2021-2022,Options,6378,"Native American/
Alaskan",22,0.3449,Native American/Alaskan
2021-2022,Options,6378,"Not 
Available",32,0.502,"Not 
Available"
2021-2022,Options,6378,White,177,2.8,White
2020-2021,AUSL,14745,African American,9651,65.5,Black/African American
2020-2021,AUSL,14745,Asian,85,0.576,Asian
2020-2021,AUSL,14745,Asian/ Pacific Islander (Retired),0,0.0,Asian/Pacific Islander (Retired)
2020-2021,AUSL,14745,"Hawaiian/
Pacific Islander",7,0.0475,Hawaiian/Pacific Islander
2020-2021,AUSL,14745,Hispanic,4488,30.4,Hispanic/Latino
2020-2021,AUSL,14745,Mulit-Racial,89,0.6,Multiracial
2020-2021,AUSL,14745,"Native American/
Alaskan",21,0.1424,Native American/Alaskan
2020-2021,AUSL,14745,"Not 
Available",27,0.183,"Not 
Available"
2020-2021,AUSL,14745,White,377,2.6,White
2020-2021,Charter,51364,African American,26411,51.4,Black/African American
2020-2021,Charter,51364,Asian,502,0.977,Asian
2020-2021,Charter,51364,Asian/ Pacific Islander (Retired),0,0.0,Asian/Pacific Islander (Retired)
2020-2021,Charter,51364,"Hawaiian/
Pacific Islander",32,0.0623,Hawaiian/Pacific Islander
2020-2021,Charter,51364,Hispanic,23198,45.2,Hispanic/Latino
2020-2021,Charter,51364,Mulit-Racial,199,0.39,Multiracial
2020-2021,Charter,51364,"Native American/
Alaskan",92,0.1791,Native American/Alaskan
2020-2021,Charter,51364,"Not 
Available",195,0.38,"Not 
Available"
2020-2021,Charter,51364,White,735,1.4,White
2020-2021,Contract,1455,African American,933,64.1,Black/African American
2020-2021,Contract,1455,Asian,11,0.756,Asian
2020-2021,Contract,1455,Asian/ Pacific Islander (Retired),0,0.0,Asian/Pacific Islander (Retired)
2020-2021,Contract,1455,"Hawaiian/
Pacific Islander",2,0.1375,Hawaiian/Pacific Islander
2020-2021,Contract,1455,Hispanic,334,23.0,Hispanic/Latino
2020-2021,Contract,1455,Mulit-Racial,11,0.76,Multiracial
2020-2021,Contract,1455,"Native American/
Alaskan",2,0.1375,Native American/Alaskan
2020-2021,Contract,1455,"Not 
Available",45,3.093,"Not 
Available"
2020-2021,Contract,1455,White,117,8.0,White
2020-2021,ISP,56190,African American,9236,16.4,Black/African American
2020-2021,ISP,56190,Asian,4704,8.372,Asian
2020-2021,ISP,56190,Asian/ Pacific Islander (Retired),8,0.0142,Asian/Pacific Islander (Retired)
2020-2021,ISP,56190,"Hawaiian/
Pacific Islander",133,0.2367,Hawaiian/Pacific Islander
2020-2021,ISP,56190,Hispanic,30295,53.9,Hispanic/Latino
2020-2021,ISP,56190,Mulit-Racial,1046,1.86,Multiracial
2020-2021,ISP,56190,"Native American/
Alaskan",200,0.3559,Native American/Alaskan
2020-2021,ISP,56190,"Not 
Available",326,0.58,"Not 
Available"
2020-2021,ISP,56190,White,10242,18.2,White
2020-2021,Network 1,21522,African American,574,2.7,Black/African American
2020-2021,Network 1,21522,Asian,1810,8.41,Asian
2020-2021,Network 1,21522,Asian/ Pacific Islander (Retired),0,0.0,Asian/Pacific Islander (Retired)
2020-2021,Network 1,21522,"Hawaiian/
Pacific Islander",71,0.3299,Hawaiian/Pacific Islander
2020-2021,Network 1,21522,Hispanic,10988,51.1,Hispanic/Latino
2020-2021,Network 1,21522,Mulit-Racial,541,2.51,Multiracial
2020-2021,Network 1,21522,"Native American/
Alaskan",103,0.4786,Native American/Alaskan
2020-2021,Network 1,21522,"Not 
Available",119,0.553,"Not 
Available"
2020-2021,Network 1,21522,White,7316,34.0,White
2020-2021,Network 10,16210,African American,4561,28.1,Black/African American
2020-2021,Network 10,16210,Asian,117,0.722,Asian
2020-2021,Network 10,16210,Asian/ Pacific Islander (Retired),0,0.0,Asian/Pacific Islander (Retired)
2020-2021,Network 10,16210,"Hawaiian/
Pacific Islander",18,0.111,Hawaiian/Pacific Islander
2020-2021,Network 10,16210,Hispanic,10037,61.9,Hispanic/Latino
2020-2021,Network 10,16210,Mulit-Racial,111,0.68,Multiracial
2020-2021,Network 10,16210,"Native American/
Alaskan",36,0.2221,Native American/Alaskan
2020-2021,Network 10,16210,"Not 
Available",24,0.148,"Not 
Available"
2020-2021,Network 10,16210,White,1306,8.1,White
2020-2021,Network 11,8917,African American,8123,91.1,Black/African American
2020-2021,Network 11,8917,Asian,4,0.045,Asian
2020-2021,Network 11,8917,Asian/ Pacific Islander (Retired),0,0.0,Asian/Pacific Islander (Retired)
2020-2021,Network 11,8917,"Hawaiian/
Pacific Islander",1,0.0112,Hawaiian/Pacific Islander
2020-2021,Network 11,8917,Hispanic,681,7.6,Hispanic/Latino
2020-2021,Network 11,8917,Mulit-Racial,40,0.45,Multiracial
2020-2021,Network 11,8917,"Native American/
Alaskan",8,0.0897,Native American/Alaskan
2020-2021,Network 11,8917,"Not 
Available",35,0.393,"Not 
Available"
2020-2021,Network 11,8917,White,25,0.3,White
2020-2021,Network 12,9109,African American,8457,92.8,Black/African American
2020-2021,Network 12,9109,Asian,8,0.088,Asian
2020-2021,Network 12,9109,Asian/ Pacific Islander (Retired),0,0.0,Asian/Pacific Islander (Retired)
2020-2021,Network 12,9109,"Hawaiian/
Pacific Islander",4,0.0439,Hawaiian/Pacific Islander
2020-2021,Network 12,9109,Hispanic,515,5.7,Hispanic/Latino
2020-2021,Network 12,9109,Mulit-Racial,40,0.44,Multiracial
2020-2021,Network 12,9109,"Native American/
Alaskan",13,0.1427,Native American/Alaskan
2020-2021,Network 12,9109,"Not 
Available",41,0.45,"Not 
Available"
2020-2021,Network 12,9109,White,31,0.3,White
2020-2021,Network 13,10306,African American,6996,67.9,Black/African American
2020-2021,Network 13,10306,Asian,10,0.097,Asian
2020-2021,Network 13,10306,Asian/ Pacific Islander (Retired),0,0.0,Asian/Pacific Islander (Retired)
2020-2021,Network 13,10306,"Hawaiian/
Pacific Islander",7,0.0679,Hawaiian/Pacific Islander
2020-2021,Network 13,10306,Hispanic,3027,29.4,Hispanic/Latino
2020-2021,Network 13,10306,Mulit-Racial,44,0.43,Multiracial
2020-2021,Network 13,10306,"Native American/
Alaskan",18,0.1747,Native American/Alaskan
2020-2021,Network 13,10306,"Not 
Available",27,0.262,"Not 
Available"
2020-2021,Network 13,10306,White,177,1.7,White
2020-2021,Network 14,24108,African American,3124,13.0,Black/African American
2020-2021,Network 14,24108,Asian,2204,9.142,Asian
2020-2021,Network 14,24108,Asian/ Pacific Islander (Retired),0,0.0,Asian/Pacific Islander (Retired)
2020-2021,Network 14,24108,"Hawaiian/
Pacific Islander",105,0.4355,Hawaiian/Pacific Islander
2020-2021,Network 14,24108,Hispanic,12151,50.4,Hispanic/Latino
2020-2021,Network 14,24108,Mulit-Racial,496,2.06,Multiracial
2020-2021,Network 14,24108,"Native American/
Alaskan",112,0.4646,Native American/Alaskan
2020-2021,Network 14,24108,"Not 
Available",163,0.676,"Not 
Available"
2020-2021,Network 14,24108,White,5753,23.9,White
2020-2021,Network 15,15570,African American,3940,25.3,Black/African American
2020-2021,Network 15,15570,Asian,541,3.475,Asian
2020-2021,Network 15,15570,Asian/ Pacific Islander (Retired),0,0.0,Asian/Pacific Islander (Retired)
2020-2021,Network 15,15570,"Hawaiian/
Pacific Islander",20,0.1285,Hawaiian/Pacific Islander
2020-2021,Network 15,15570,Hispanic,9711,62.4,Hispanic/Latino
2020-2021,Network 15,15570,Mulit-Racial,170,1.09,Multiracial
2020-2021,Network 15,15570,"Native American/
Alaskan",48,0.3083,Native American/Alaskan
2020-2021,Network 15,15570,"Not 
Available",15,0.096,"Not 
Available"
2020-2021,Network 15,15570,White,1125,7.2,White
2020-2021,Network 16,10725,African American,3787,35.3,Black/African American
2020-2021,Network 16,10725,Asian,290,2.704,Asian
2020-2021,Network 16,10725,Asian/ Pacific Islander (Retired),0,0.0,Asian/Pacific Islander (Retired)
2020-2021,Network 16,10725,"Hawaiian/
Pacific Islander",10,0.0932,Hawaiian/Pacific Islander
2020-2021,Network 16,10725,Hispanic,6157,57.4,Hispanic/Latino
2020-2021,Network 16,10725,Mulit-Racial,37,0.34,Multiracial
2020-2021,Network 16,10725,"Native American/
Alaskan",22,0.2051,Native American/Alaskan
2020-2021,Network 16,10725,"Not 
Available",14,0.131,"Not 
Available"
2020-2021,Network 16,10725,White,408,3.8,White
2020-2021,Network 17,10672,African American,8350,78.2,Black/African American
2020-2021,Network 17,10672,Asian,52,0.487,Asian
2020-2021,Network 17,10672,Asian/ Pacific Islander (Retired),0,0.0,Asian/Pacific Islander (Retired)
2020-2021,Network 17,10672,"Hawaiian/
Pacific Islander",5,0.0469,Hawaiian/Pacific Islander
2020-2021,Network 17,10672,Hispanic,1936,18.1,Hispanic/Latino
2020-2021,Network 17,10672,Mulit-Racial,86,0.81,Multiracial
2020-2021,Network 17,10672,"Native American/
Alaskan",19,0.178,Native American/Alaskan
2020-2021,Network 17,10672,"Not 
Available",51,0.478,"Not 
Available"
2020-2021,Network 17,10672,White,173,1.6,White
2020-2021,Network 2,10383,African American,2642,25.4,Black/African American
2020-2021,Network 2,10383,Asian,1540,14.832,Asian
2020-2021,Network 2,10383,Asian/ Pacific Islander (Retired),0,0.0,Asian/Pacific Islander (Retired)
2020-2021,Network 2,10383,"Hawaiian/
Pacific Islander",22,0.2119,Hawaiian/Pacific Islander
2020-2021,Network 2,10383,Hispanic,3573,34.4,Hispanic/Latino
2020-2021,Network 2,10383,Mulit-Racial,393,3.79,Multiracial
2020-2021,Network 2,10383,"Native American/
Alaskan",83,0.7994,Native American/Alaskan
2020-2021,Network 2,10383,"Not 
Available",31,0.299,"Not 
Available"
2020-2021,Network 2,10383,White,2099,20.2,White
2020-2021,Network 3,11405,African American,3562,31.2,Black/African American
2020-2021,Network 3,11405,Asian,66,0.579,Asian
2020-2021,Network 3,11405,Asian/ Pacific Islander (Retired),0,0.0,Asian/Pacific Islander (Retired)
2020-2021,Network 3,11405,"Hawaiian/
Pacific Islander",24,0.2104,Hawaiian/Pacific Islander
2020-2021,Network 3,11405,Hispanic,7311,64.1,Hispanic/Latino
2020-2021,Network 3,11405,Mulit-Racial,32,0.28,Multiracial
2020-2021,Network 3,11405,"Native American/
Alaskan",32,0.2806,Native American/Alaskan
2020-2021,Network 3,11405,"Not 
Available",20,0.175,"Not 
Available"
2020-2021,Network 3,11405,White,358,3.1,White
2020-2021,Network 4,16331,African American,1682,10.3,Black/African American
2020-2021,Network 4,16331,Asian,821,5.027,Asian
2020-2021,Network 4,16331,Asian/ Pacific Islander (Retired),0,0.0,Asian/Pacific Islander (Retired)
2020-2021,Network 4,16331,"Hawaiian/
Pacific Islander",38,0.2327,Hawaiian/Pacific Islander
2020-2021,Network 4,16331,Hispanic,8312,50.9,Hispanic/Latino
2020-2021,Network 4,16331,Mulit-Racial,651,3.99,Multiracial
2020-2021,Network 4,16331,"Native American/
Alaskan",57,0.349,Native American/Alaskan
2020-2021,Network 4,16331,"Not 
Available",48,0.294,"Not 
Available"
2020-2021,Network 4,16331,White,4722,28.9,White
2020-2021,Network 5,7980,African American,5342,66.9,Black/African American
2020-2021,Network 5,7980,Asian,24,0.301,Asian
2020-2021,Network 5,7980,Asian/ Pacific Islander (Retired),0,0.0,Asian/Pacific Islander (Retired)
2020-2021,Network 5,7980,"Hawaiian/
Pacific Islander",5,0.0627,Hawaiian/Pacific Islander
2020-2021,Network 5,7980,Hispanic,2300,28.8,Hispanic/Latino
2020-2021,Network 5,7980,Mulit-Racial,56,0.7,Multiracial
2020-2021,Network 5,7980,"Native American/
Alaskan",9,0.1128,Native American/Alaskan
2020-2021,Network 5,7980,"Not 
Available",10,0.125,"Not 
Available"
2020-2021,Network 5,7980,White,234,2.9,White
2020-2021,Network 6,9556,African American,2516,26.3,Black/African American
2020-2021,Network 6,9556,Asian,1812,18.962,Asian
2020-2021,Network 6,9556,Asian/ Pacific Islander (Retired),0,0.0,Asian/Pacific Islander (Retired)
2020-2021,Network 6,9556,"Hawaiian/
Pacific Islander",14,0.1465,Hawaiian/Pacific Islander
2020-2021,Network 6,9556,Hispanic,3485,36.5,Hispanic/Latino
2020-2021,Network 6,9556,Mulit-Racial,280,2.93,Multiracial
2020-2021,Network 6,9556,"Native American/
Alaskan",31,0.3244,Native American/Alaskan
2020-2021,Network 6,9556,"Not 
Available",28,0.293,"Not 
Available"
2020-2021,Network 6,9556,White,1390,14.5,White
2020-2021,Network 7,7448,African American,236,3.2,Black/African American
2020-2021,Network 7,7448,Asian,19,0.255,Asian
2020-2021,Network 7,7448,Asian/ Pacific Islander (Retired),0,0.0,Asian/Pacific Islander (Retired)
2020-2021,Network 7,7448,"Hawaiian/
Pacific Islander",2,0.0269,Hawaiian/Pacific Islander
2020-2021,Network 7,7448,Hispanic,7082,95.1,Hispanic/Latino
2020-2021,Network 7,7448,Mulit-Racial,13,0.17,Multiracial
2020-2021,Network 7,7448,"Native American/
Alaskan",12,0.1611,Native American/Alaskan
2020-2021,Network 7,7448,"Not 
Available",2,0.027,"Not 
Available"
2020-2021,Network 7,7448,White,82,1.1,White
2020-2021,Network 8,11343,African American,256,2.3,Black/African American
2020-2021,Network 8,11343,Asian,59,0.52,Asian
2020-2021,Network 8,11343,Asian/ Pacific Islander (Retired),0,0.0,Asian/Pacific Islander (Retired)
2020-2021,Network 8,11343,"Hawaiian/
Pacific Islander",4,0.0353,Hawaiian/Pacific Islander
2020-2021,Network 8,11343,Hispanic,10781,95.0,Hispanic/Latino
2020-2021,Network 8,11343,Mulit-Racial,22,0.19,Multiracial
2020-2021,Network 8,11343,"Native American/
Alaskan",38,0.335,Native American/Alaskan
2020-2021,Network 8,11343,"Not 
Available",8,0.071,"Not 
Available"
2020-2021,Network 8,11343,White,175,1.5,White
2020-2021,Network 9,8693,African American,7997,92.0,Black/African American
2020-2021,Network 9,8693,Asian,74,0.851,Asian
2020-2021,Network 9,8693,Asian/ Pacific Islander (Retired),0,0.0,Asian/Pacific Islander (Retired)
2020-2021,Network 9,8693,"Hawaiian/
Pacific Islander",8,0.092,Hawaiian/Pacific Islander
2020-2021,Network 9,8693,Hispanic,270,3.1,Hispanic/Latino
2020-2021,Network 9,8693,Mulit-Racial,97,1.12,Multiracial
2020-2021,Network 9,8693,"Native American/
Alaskan",13,0.1495,Native American/Alaskan
2020-2021,Network 9,8693,"Not 
Available",76,0.874,"Not 
Available"
2020-2021,Network 9,8693,White,158,1.8,White
2020-2021,Options,6626,African American,3740,56.4,Black/African American
2020-2021,Options,6626,Asian,57,0.86,Asian
2020-2021,Options,6626,Asian/ Pacific Islander (Retired),0,0.0,Asian/Pacific Islander (Retired)
2020-2021,Options,6626,"Hawaiian/
Pacific Islander",5,0.0755,Hawaiian/Pacific Islander
2020-2021,Options,6626,Hispanic,2531,38.2,Hispanic/Latino
2020-2021,Options,6626,Mulit-Racial,34,0.51,Multiracial
2020-2021,Options,6626,"Native American/
Alaskan",27,0.4075,Native American/Alaskan
2020-2021,Options,6626,"Not 
Available",37,0.558,"Not 
Available"
2020-2021,Options,6626,White,195,2.9,White
2019-2020,AUSL,15586,African American,10413,66.8,Black/African American
2019-2020,AUSL,15586,Asian,96,0.616,Asian
2019-2020,AUSL,15586,Asian/ Pacific Islander (Retired),0,0.0,Asian/Pacific Islander (Retired)
2019-2020,AUSL,15586,"Hawaiian/
Pacific Islander",8,0.0513,Hawaiian/Pacific Islander
2019-2020,AUSL,15586,Hispanic,4526,29.0,Hispanic/Latino
2019-2020,AUSL,15586,Mulit-Racial,89,0.57,Multiracial
2019-2020,AUSL,15586,"Native American/
Alaskan",26,0.1668,Native American/Alaskan
2019-2020,AUSL,15586,"Not 
Available",53,0.34,"Not 
Available"
2019-2020,AUSL,15586,White,375,2.4,White
2019-2020,Charter,51972,African American,26659,51.3,Black/African American
2019-2020,Charter,51972,Asian,525,1.01,Asian
2019-2020,Charter,51972,Asian/ Pacific Islander (Retired),1,0.0019,Asian/Pacific Islander (Retired)
2019-2020,Charter,51972,"Hawaiian/
Pacific Islander",25,0.0481,Hawaiian/Pacific Islander
2019-2020,Charter,51972,Hispanic,23253,44.7,Hispanic/Latino
2019-2020,Charter,51972,Mulit-Racial,220,0.42,Multiracial
2019-2020,Charter,51972,"Native American/
Alaskan",105,0.202,Native American/Alaskan
2019-2020,Charter,51972,"Not 
Available",412,0.793,"Not 
Available"
2019-2020,Charter,51972,White,772,1.5,White
2019-2020,Contract,1443,African American,918,63.6,Black/African American
2019-2020,Contract,1443,Asian,10,0.693,Asian
2019-2020,Contract,1443,Asian/ Pacific Islander (Retired),0,0.0,Asian/Pacific Islander (Retired)
2019-2020,Contract,1443,"Hawaiian/
Pacific Islander",2,0.1386,Hawaiian/Pacific Islander
2019-2020,Contract,1443,Hispanic,331,22.9,Hispanic/Latino
2019-2020,Contract,1443,Mulit-Racial,12,0.83,Multiracial
2019-2020,Contract,1443,"Native American/
Alaskan",2,0.1386,Native American/Alaskan
2019-2020,Contract,1443,"Not 
Available",43,2.98,"Not 
Available"
2019-2020,Contract,1443,White,125,8.7,White
2019-2020,ISP,63447,African American,9828,15.5,Black/African American
2019-2020,ISP,63447,Asian,4508,7.105,Asian
2019-2020,ISP,63447,Asian/ Pacific Islander (Retired),9,0.0142,Asian/Pacific Islander (Retired)
2019-2020,ISP,63447,"Hawaiian/
Pacific Islander",154,0.2427,Hawaiian/Pacific Islander
2019-2020,ISP,63447,Hispanic,36279,57.2,Hispanic/Latino
2019-2020,ISP,63447,Mulit-Racial,1108,1.75,Multiracial
2019-2020,ISP,63447,"Native American/
Alaskan",208,0.3278,Native American/Alaskan
2019-2020,ISP,63447,"Not 
Available",463,0.73,"Not 
Available"
2019-2020,ISP,63447,White,10890,17.2,White
2019-2020,Network 1,22824,African American,579,2.5,Black/African American
2019-2020,Network 1,22824,Asian,1827,8.005,Asian
2019-2020,Network 1,22824,Asian/ Pacific Islander (Retired),0,0.0,Asian/Pacific Islander (Retired)
2019-2020,Network 1,22824,"Hawaiian/
Pacific Islander",90,0.3943,Hawaiian/Pacific Islander
2019-2020,Network 1,22824,Hispanic,11567,50.7,Hispanic/Latino
2019-2020,Network 1,22824,Mulit-Racial,510,2.23,Multiracial
2019-2020,Network 1,22824,"Native American/
Alaskan",99,0.4338,Native American/Alaskan
2019-2020,Network 1,22824,"Not 
Available",451,1.976,"Not 
Available"
2019-2020,Network 1,22824,White,7701,33.7,White
2019-2020,Network 10,15937,African American,4795,30.1,Black/African American
2019-2020,Network 10,15937,Asian,110,0.69,Asian
2019-2020,Network 10,15937,Asian/ Pacific Islander (Retired),0,0.0,Asian/Pacific Islander (Retired)
2019-2020,Network 10,15937,"Hawaiian/
Pacific Islander",22,0.138,Hawaiian/Pacific Islander
2019-2020,Network 10,15937,Hispanic,9364,58.8,Hispanic/Latino
2019-2020,Network 10,15937,Mulit-Racial,106,0.67,Multiracial
2019-2020,Network 10,15937,"Native American/
Alaskan",39,0.2447,Native American/Alaskan
2019-2020,Network 10,15937,"Not 
Available",42,0.264,"Not 
Available"
2019-2020,Network 10,15937,White,1459,9.2,White
2019-2020,Network 11,9734,African American,8926,91.7,Black/African American
2019-2020,Network 11,9734,Asian,6,0.062,Asian
2019-2020,Network 11,9734,Asian/ Pacific Islander (Retired),0,0.0,Asian/Pacific Islander (Retired)
2019-2020,Network 11,9734,"Hawaiian/
Pacific Islander",1,0.0103,Hawaiian/Pacific Islander
2019-2020,Network 11,9734,Hispanic,716,7.4,Hispanic/Latino
2019-2020,Network 11,9734,Mulit-Racial,37,0.38,Multiracial
2019-2020,Network 11,9734,"Native American/
Alaskan",7,0.0719,Native American/Alaskan
2019-2020,Network 11,9734,"Not 
Available",17,0.175,"Not 
Available"
2019-2020,Network 11,9734,White,24,0.2,White
2019-2020,Network 12,9420,African American,8691,92.3,Black/African American
2019-2020,Network 12,9420,Asian,7,0.074,Asian
2019-2020,Network 12,9420,Asian/ Pacific Islander (Retired),0,0.0,Asian/Pacific Islander (Retired)
2019-2020,Network 12,9420,"Hawaiian/
Pacific Islander",3,0.0318,Hawaiian/Pacific Islander
2019-2020,Network 12,9420,Hispanic,537,5.7,Hispanic/Latino
2019-2020,Network 12,9420,Mulit-Racial,45,0.48,Multiracial
2019-2020,Network 12,9420,"Native American/
Alaskan",12,0.1274,Native American/Alaskan
2019-2020,Network 12,9420,"Not 
Available",95,1.008,"Not 
Available"
2019-2020,Network 12,9420,White,30,0.3,White
2019-2020,Network 13,11144,African American,7614,68.3,Black/African American
2019-2020,Network 13,11144,Asian,9,0.081,Asian
2019-2020,Network 13,11144,Asian/ Pacific Islander (Retired),0,0.0,Asian/Pacific Islander (Retired)
2019-2020,Network 13,11144,"Hawaiian/
Pacific Islander",8,0.0718,Hawaiian/Pacific Islander
2019-2020,Network 13,11144,Hispanic,3224,28.9,Hispanic/Latino
2019-2020,Network 13,11144,Mulit-Racial,47,0.42,Multiracial
2019-2020,Network 13,11144,"Native American/
Alaskan",20,0.1795,Native American/Alaskan
2019-2020,Network 13,11144,"Not 
Available",37,0.332,"Not 
Available"
2019-2020,Network 13,11144,White,185,1.7,White
2019-2020,Network 14,24091,African American,3103,12.9,Black/African American
2019-2020,Network 14,24091,Asian,2288,9.497,Asian
2019-2020,Network 14,24091,Asian/ Pacific Islander (Retired),3,0.0125,Asian/Pacific Islander (Retired)
2019-2020,Network 14,24091,"Hawaiian/
Pacific Islander",101,0.4192,Hawaiian/Pacific Islander
2019-2020,Network 14,24091,Hispanic,12086,50.2,Hispanic/Latino
2019-2020,Network 14,24091,Mulit-Racial,502,2.08,Multiracial
2019-2020,Network 14,24091,"Native American/
Alaskan",117,0.4857,Native American/Alaskan
2019-2020,Network 14,24091,"Not 
Available",86,0.357,"Not 
Available"
2019-2020,Network 14,24091,White,5805,24.1,White
2019-2020,Network 15,12801,African American,3830,29.9,Black/African American
2019-2020,Network 15,12801,Asian,301,2.351,Asian
2019-2020,Network 15,12801,Asian/ Pacific Islander (Retired),0,0.0,Asian/Pacific Islander (Retired)
2019-2020,Network 15,12801,"Hawaiian/
Pacific Islander",11,0.0859,Hawaiian/Pacific Islander
2019-2020,Network 15,12801,Hispanic,7846,61.3,Hispanic/Latino
2019-2020,Network 15,12801,Mulit-Racial,115,0.9,Multiracial
2019-2020,Network 15,12801,"Native American/
Alaskan",45,0.3515,Native American/Alaskan
2019-2020,Network 15,12801,"Not 
Available",53,0.414,"Not 
Available"
2019-2020,Network 15,12801,White,600,4.7,White
2019-2020,Network 16,11886,African American,4591,38.6,Black/African American
2019-2020,Network 16,11886,Asian,268,2.255,Asian
2019-2020,Network 16,11886,Asian/ Pacific Islander (Retired),0,0.0,Asian/Pacific Islander (Retired)
2019-2020,Network 16,11886,"Hawaiian/
Pacific Islander",8,0.0673,Hawaiian/Pacific Islander
2019-2020,Network 16,11886,Hispanic,6420,54.0,Hispanic/Latino
2019-2020,Network 16,11886,Mulit-Racial,46,0.39,Multiracial
2019-2020,Network 16,11886,"Native American/
Alaskan",36,0.3029,Native American/Alaskan
2019-2020,Network 16,11886,"Not 
Available",51,0.429,"Not 
Available"
2019-2020,Network 16,11886,White,466,3.9,White
2019-2020,Network 17,11595,African American,9045,78.0,Black/African American
2019-2020,Network 17,11595,Asian,55,0.474,Asian
2019-2020,Network 17,11595,Asian/ Pacific Islander (Retired),0,0.0,Asian/Pacific Islander (Retired)
2019-2020,Network 17,11595,"Hawaiian/
Pacific Islander",11,0.0949,Hawaiian/Pacific Islander
2019-2020,Network 17,11595,Hispanic,2134,18.4,Hispanic/Latino
2019-2020,Network 17,11595,Mulit-Racial,100,0.86,Multiracial
2019-2020,Network 17,11595,"Native American/
Alaskan",21,0.1811,Native American/Alaskan
2019-2020,Network 17,11595,"Not 
Available",44,0.379,"Not 
Available"
2019-2020,Network 17,11595,White,185,1.6,White
2019-2020,Network 2,12099,African American,2867,23.7,Black/African American
2019-2020,Network 2,12099,Asian,2076,17.158,Asian
2019-2020,Network 2,12099,Asian/ Pacific Islander (Retired),0,0.0,Asian/Pacific Islander (Retired)
2019-2020,Network 2,12099,"Hawaiian/
Pacific Islander",29,0.2397,Hawaiian/Pacific Islander
2019-2020,Network 2,12099,Hispanic,4209,34.8,Hispanic/Latino
2019-2020,Network 2,12099,Mulit-Racial,408,3.37,Multiracial
2019-2020,Network 2,12099,"Native American/
Alaskan",106,0.8761,Native American/Alaskan
2019-2020,Network 2,12099,"Not 
Available",97,0.802,"Not 
Available"
2019-2020,Network 2,12099,White,2307,19.1,White
2019-2020,Network 3,12293,African American,3861,31.4,Black/African American
2019-2020,Network 3,12293,Asian,70,0.569,Asian
2019-2020,Network 3,12293,Asian/ Pacific Islander (Retired),0,0.0,Asian/Pacific Islander (Retired)
2019-2020,Network 3,12293,"Hawaiian/
Pacific Islander",31,0.2522,Hawaiian/Pacific Islander
2019-2020,Network 3,12293,Hispanic,7824,63.6,Hispanic/Latino
2019-2020,Network 3,12293,Mulit-Racial,39,0.32,Multiracial
2019-2020,Network 3,12293,"Native American/
Alaskan",31,0.2522,Native American/Alaskan
2019-2020,Network 3,12293,"Not 
Available",58,0.472,"Not 
Available"
2019-2020,Network 3,12293,White,379,3.1,White
2019-2020,Network 4,16469,African American,1566,9.5,Black/African American
2019-2020,Network 4,16469,Asian,764,4.639,Asian
2019-2020,Network 4,16469,Asian/ Pacific Islander (Retired),0,0.0,Asian/Pacific Islander (Retired)
2019-2020,Network 4,16469,"Hawaiian/
Pacific Islander",47,0.2854,Hawaiian/Pacific Islander
2019-2020,Network 4,16469,Hispanic,8433,51.2,Hispanic/Latino
2019-2020,Network 4,16469,Mulit-Racial,599,3.64,Multiracial
2019-2020,Network 4,16469,"Native American/
Alaskan",55,0.334,Native American/Alaskan
2019-2020,Network 4,16469,"Not 
Available",70,0.425,"Not 
Available"
2019-2020,Network 4,16469,White,4935,30.0,White
2019-2020,Network 5,8636,African American,5760,66.7,Black/African American
2019-2020,Network 5,8636,Asian,21,0.243,Asian
2019-2020,Network 5,8636,Asian/ Pacific Islander (Retired),0,0.0,Asian/Pacific Islander (Retired)
2019-2020,Network 5,8636,"Hawaiian/
Pacific Islander",5,0.0579,Hawaiian/Pacific Islander
2019-2020,Network 5,8636,Hispanic,2484,28.8,Hispanic/Latino
2019-2020,Network 5,8636,Mulit-Racial,46,0.53,Multiracial
2019-2020,Network 5,8636,"Native American/
Alaskan",13,0.1505,Native American/Alaskan
2019-2020,Network 5,8636,"Not 
Available",55,0.637,"Not 
Available"
2019-2020,Network 5,8636,White,252,2.9,White
2019-2020,Network 6,9458,African American,2627,27.8,Black/African American
2019-2020,Network 6,9458,Asian,1825,19.296,Asian
2019-2020,Network 6,9458,Asian/ Pacific Islander (Retired),0,0.0,Asian/Pacific Islander (Retired)
2019-2020,Network 6,9458,"Hawaiian/
Pacific Islander",22,0.2326,Hawaiian/Pacific Islander
2019-2020,Network 6,9458,Hispanic,3317,35.1,Hispanic/Latino
2019-2020,Network 6,9458,Mulit-Racial,252,2.66,Multiracial
2019-2020,Network 6,9458,"Native American/
Alaskan",26,0.2749,Native American/Alaskan
2019-2020,Network 6,9458,"Not 
Available",33,0.349,"Not 
Available"
2019-2020,Network 6,9458,White,1356,14.3,White
2019-2020,Network 7,8225,African American,244,3.0,Black/African American
2019-2020,Network 7,8225,Asian,18,0.219,Asian
2019-2020,Network 7,8225,Asian/ Pacific Islander (Retired),0,0.0,Asian/Pacific Islander (Retired)
2019-2020,Network 7,8225,"Hawaiian/
Pacific Islander",3,0.0365,Hawaiian/Pacific Islander
2019-2020,Network 7,8225,Hispanic,7810,95.0,Hispanic/Latino
2019-2020,Network 7,8225,Mulit-Racial,23,0.28,Multiracial
2019-2020,Network 7,8225,"Native American/
Alaskan",15,0.1824,Native American/Alaskan
2019-2020,Network 7,8225,"Not 
Available",12,0.146,"Not 
Available"
2019-2020,Network 7,8225,White,100,1.2,White
2019-2020,Network 8,11060,African American,284,2.6,Black/African American
2019-2020,Network 8,11060,Asian,46,0.416,Asian
2019-2020,Network 8,11060,Asian/ Pacific Islander (Retired),0,0.0,Asian/Pacific Islander (Retired)
2019-2020,Network 8,11060,"Hawaiian/
Pacific Islander",3,0.0271,Hawaiian/Pacific Islander
2019-2020,Network 8,11060,Hispanic,10455,94.5,Hispanic/Latino
2019-2020,Network 8,11060,Mulit-Racial,23,0.21,Multiracial
2019-2020,Network 8,11060,"Native American/
Alaskan",39,0.3526,Native American/Alaskan
2019-2020,Network 8,11060,"Not 
Available",42,0.38,"Not 
Available"
2019-2020,Network 8,11060,White,168,1.5,White
2019-2020,Network 9,8121,African American,7358,90.6,Black/African American
2019-2020,Network 9,8121,Asian,89,1.096,Asian
2019-2020,Network 9,8121,Asian/ Pacific Islander (Retired),0,0.0,Asian/Pacific Islander (Retired)
2019-2020,Network 9,8121,"Hawaiian/
Pacific Islander",8,0.0985,Hawaiian/Pacific Islander
2019-2020,Network 9,8121,Hispanic,249,3.1,Hispanic/Latino
2019-2020,Network 9,8121,Mulit-Racial,93,1.15,Multiracial
2019-2020,Network 9,8121,"Native American/
Alaskan",11,0.1355,Native American/Alaskan
2019-2020,Network 9,8121,"Not 
Available",154,1.896,"Not 
Available"
2019-2020,Network 9,8121,White,159,2.0,White
2019-2020,Options,6915,African American,4042,58.5,Black/African American
2019-2020,Options,6915,Asian,42,0.607,Asian
2019-2020,Options,6915,Asian/ Pacific Islander (Retired),1,0.0145,Asian/Pacific Islander (Retired)
2019-2020,Options,6915,"Hawaiian/
Pacific Islander",7,0.1012,Hawaiian/Pacific Islander
2019-2020,Options,6915,Hispanic,2514,36.4,Hispanic/Latino
2019-2020,Options,6915,Mulit-Racial,41,0.59,Multiracial
2019-2020,Options,6915,"Native American/
Alaskan",21,0.3037,Native American/Alaskan
2019-2020,Options,6915,"Not 
Available",40,0.578,"Not 
Available"
2019-2020,Options,6915,White,207,3.0,White
2018-2019,AUSL,15810,African American,10851,68.6,Black/African American
2018-2019,AUSL,15810,Asian,92,0.582,Asian
2018-2019,AUSL,15810,Asian/ Pacific Islander (Retired),0,0.0,Asian/Pacific Islander (Retired)
2018-2019,AUSL,15810,"Hawaiian/
Pacific Islander",13,0.0822,Hawaiian/Pacific Islander
2018-2019,AUSL,15810,Hispanic,4376,27.7,Hispanic/Latino
2018-2019,AUSL,15810,Multi-Racial,88,0.56,Multiracial
2018-2019,AUSL,15810,"Native American/
Alaskan",28,0.1771,Native American/Alaskan
2018-2019,AUSL,15810,"Not 
Available",17,0.108,"Not 
Available"
2018-2019,AUSL,15810,White,345,2.2,White
2018-2019,Charter,53357,African American,27851,52.2,Black/African American
2018-2019,Charter,53357,Asian,540,1.012,Asian
2018-2019,Charter,53357,Asian/ Pacific Islander (Retired),2,0.0037,Asian/Pacific Islander (Retired)
2018-2019,Charter,53357,"Hawaiian/
Pacific Islander",34,0.0637,Hawaiian/Pacific Islander
2018-2019,Charter,53357,Hispanic,23523,44.1,Hispanic/Latino
2018-2019,Charter,53357,Multi-Racial,255,0.48,Multiracial
2018-2019,Charter,53357,"Native American/
Alaskan",120,0.2249,Native American/Alaskan
2018-2019,Charter,53357,"Not 
Available",260,0.487,"Not 
Available"
2018-2019,Charter,53357,White,772,1.4,White
2018-2019,Contract,1498,African American,1004,67.0,Black/African American
2018-2019,Contract,1498,Asian,14,0.935,Asian
2018-2019,Contract,1498,Asian/ Pacific Islander (Retired),0,0.0,Asian/Pacific Islander (Retired)
2018-2019,Contract,1498,"Hawaiian/
Pacific Islander",1,0.0668,Hawaiian/Pacific Islander
2018-2019,Contract,1498,Hispanic,286,19.1,Hispanic/Latino
2018-2019,Contract,1498,Multi-Racial,17,1.13,Multiracial
2018-2019,Contract,1498,"Native American/
Alaskan",2,0.1335,Native American/Alaskan
2018-2019,Contract,1498,"Not 
Available",40,2.67,"Not 
Available"
2018-2019,Contract,1498,White,134,8.9,White
2018-2019,ISP,63949,African American,11438,17.9,Black/African American
2018-2019,ISP,63949,Asian,4497,7.032,Asian
2018-2019,ISP,63949,Asian/ Pacific Islander (Retired),11,0.0172,Asian/Pacific Islander (Retired)
2018-2019,ISP,63949,"Hawaiian/
Pacific Islander",137,0.2142,Hawaiian/Pacific Islander
2018-2019,ISP,63949,Hispanic,35569,55.6,Hispanic/Latino
2018-2019,ISP,63949,Multi-Racial,1112,1.74,Multiracial
2018-2019,ISP,63949,"Native American/
Alaskan",205,0.3206,Native American/Alaskan
2018-2019,ISP,63949,"Not 
Available",371,0.58,"Not 
Available"
2018-2019,ISP,63949,White,10609,16.6,White
2018-2019,Network 1,23423,African American,607,2.6,Black/African American
2018-2019,Network 1,23423,Asian,1905,8.133,Asian
2018-2019,Network 1,23423,Asian/ Pacific Islander (Retired),0,0.0,Asian/Pacific Islander (Retired)
2018-2019,Network 1,23423,"Hawaiian/
Pacific Islander",138,0.5892,Hawaiian/Pacific Islander
2018-2019,Network 1,23423,Hispanic,12176,52.0,Hispanic/Latino
2018-2019,Network 1,23423,Multi-Racial,504,2.15,Multiracial
2018-2019,Network 1,23423,"Native American/
Alaskan",124,0.5294,Native American/Alaskan
2018-2019,Network 1,23423,"Not 
Available",19,0.081,"Not 
Available"
2018-2019,Network 1,23423,White,7950,33.9,White
2018-2019,Network 10,16070,African American,4992,31.1,Black/African American
2018-2019,Network 10,16070,Asian,97,0.604,Asian
2018-2019,Network 10,16070,Asian/ Pacific Islander (Retired),0,0.0,Asian/Pacific Islander (Retired)
2018-2019,Network 10,16070,"Hawaiian/
Pacific Islander",18,0.112,Hawaiian/Pacific Islander
2018-2019,Network 10,16070,Hispanic,9304,57.9,Hispanic/Latino
2018-2019,Network 10,16070,Multi-Racial,93,0.58,Multiracial
2018-2019,Network 10,16070,"Native American/
Alaskan",37,0.2302,Native American/Alaskan
2018-2019,Network 10,16070,"Not 
Available",46,0.286,"Not 
Available"
2018-2019,Network 10,16070,White,1483,9.2,White
2018-2019,Network 11,10515,African American,9763,92.8,Black/African American
2018-2019,Network 11,10515,Asian,5,0.048,Asian
2018-2019,Network 11,10515,Asian/ Pacific Islander (Retired),0,0.0,Asian/Pacific Islander (Retired)
2018-2019,Network 11,10515,"Hawaiian/
Pacific Islander",3,0.0285,Hawaiian/Pacific Islander
2018-2019,Network 11,10515,Hispanic,661,6.3,Hispanic/Latino
2018-2019,Network 11,10515,Multi-Racial,41,0.39,Multiracial
2018-2019,Network 11,10515,"Native American/
Alaskan",6,0.0571,Native American/Alaskan
2018-2019,Network 11,10515,"Not 
Available",15,0.143,"Not 
Available"
2018-2019,Network 11,10515,White,21,0.2,White
2018-2019,Network 12,9323,African American,8640,92.7,Black/African American
2018-2019,Network 12,9323,Asian,9,0.097,Asian
2018-2019,Network 12,9323,Asian/ Pacific Islander (Retired),0,0.0,Asian/Pacific Islander (Retired)
2018-2019,Network 12,9323,"Hawaiian/
Pacific Islander",3,0.0322,Hawaiian/Pacific Islander
2018-2019,Network 12,9323,Hispanic,570,6.1,Hispanic/Latino
2018-2019,Network 12,9323,Multi-Racial,40,0.43,Multiracial
2018-2019,Network 12,9323,"Native American/
Alaskan",10,0.1073,Native American/Alaskan
2018-2019,Network 12,9323,"Not 
Available",18,0.193,"Not 
Available"
2018-2019,Network 12,9323,White,33,0.4,White
2018-2019,Network 13,11861,African American,7821,65.9,Black/African American
2018-2019,Network 13,11861,Asian,11,0.093,Asian
2018-2019,Network 13,11861,Asian/ Pacific Islander (Retired),0,0.0,Asian/Pacific Islander (Retired)
2018-2019,Network 13,11861,"Hawaiian/
Pacific Islander",5,0.0422,Hawaiian/Pacific Islander
2018-2019,Network 13,11861,Hispanic,3768,31.8,Hispanic/Latino
2018-2019,Network 13,11861,Multi-Racial,49,0.41,Multiracial
2018-2019,Network 13,11861,"Native American/
Alaskan",24,0.2023,Native American/Alaskan
2018-2019,Network 13,11861,"Not 
Available",16,0.135,"Not 
Available"
2018-2019,Network 13,11861,White,167,1.4,White
2018-2019,Network 14,21536,African American,2660,12.4,Black/African American
2018-2019,Network 14,21536,Asian,2037,9.459,Asian
2018-2019,Network 14,21536,Asian/ Pacific Islander (Retired),5,0.0232,Asian/Pacific Islander (Retired)
2018-2019,Network 14,21536,"Hawaiian/
Pacific Islander",67,0.3111,Hawaiian/Pacific Islander
2018-2019,Network 14,21536,Hispanic,11232,52.2,Hispanic/Latino
2018-2019,Network 14,21536,Multi-Racial,415,1.93,Multiracial
2018-2019,Network 14,21536,"Native American/
Alaskan",97,0.4504,Native American/Alaskan
2018-2019,Network 14,21536,"Not 
Available",174,0.808,"Not 
Available"
2018-2019,Network 14,21536,White,4849,22.5,White
2018-2019,Network 15,13283,African American,4449,33.5,Black/African American
2018-2019,Network 15,13283,Asian,281,2.115,Asian
2018-2019,Network 15,13283,Asian/ Pacific Islander (Retired),0,0.0,Asian/Pacific Islander (Retired)
2018-2019,Network 15,13283,"Hawaiian/
Pacific Islander",5,0.0376,Hawaiian/Pacific Islander
2018-2019,Network 15,13283,Hispanic,7681,57.8,Hispanic/Latino
2018-2019,Network 15,13283,Multi-Racial,115,0.87,Multiracial
2018-2019,Network 15,13283,"Native American/
Alaskan",39,0.2936,Native American/Alaskan
2018-2019,Network 15,13283,"Not 
Available",33,0.248,"Not 
Available"
2018-2019,Network 15,13283,White,680,5.1,White
2018-2019,Network 16,12312,African American,4681,38.0,Black/African American
2018-2019,Network 16,12312,Asian,284,2.307,Asian
2018-2019,Network 16,12312,Asian/ Pacific Islander (Retired),2,0.0162,Asian/Pacific Islander (Retired)
2018-2019,Network 16,12312,"Hawaiian/
Pacific Islander",7,0.0569,Hawaiian/Pacific Islander
2018-2019,Network 16,12312,Hispanic,6707,54.5,Hispanic/Latino
2018-2019,Network 16,12312,Multi-Racial,55,0.45,Multiracial
2018-2019,Network 16,12312,"Native American/
Alaskan",42,0.3411,Native American/Alaskan
2018-2019,Network 16,12312,"Not 
Available",39,0.317,"Not 
Available"
2018-2019,Network 16,12312,White,495,4.0,White
2018-2019,Network 17,11166,African American,8655,77.5,Black/African American
2018-2019,Network 17,11166,Asian,62,0.555,Asian
2018-2019,Network 17,11166,Asian/ Pacific Islander (Retired),0,0.0,Asian/Pacific Islander (Retired)
2018-2019,Network 17,11166,"Hawaiian/
Pacific Islander",10,0.0896,Hawaiian/Pacific Islander
2018-2019,Network 17,11166,Hispanic,2115,18.9,Hispanic/Latino
2018-2019,Network 17,11166,Multi-Racial,90,0.81,Multiracial
2018-2019,Network 17,11166,"Native American/
Alaskan",29,0.2597,Native American/Alaskan
2018-2019,Network 17,11166,"Not 
Available",15,0.134,"Not 
Available"
2018-2019,Network 17,11166,White,190,1.7,White
2018-2019,Network 2,13228,African American,2443,18.5,Black/African American
2018-2019,Network 2,13228,Asian,2276,17.206,Asian
2018-2019,Network 2,13228,Asian/ Pacific Islander (Retired),0,0.0,Asian/Pacific Islander (Retired)
2018-2019,Network 2,13228,"Hawaiian/
Pacific Islander",27,0.2041,Hawaiian/Pacific Islander
2018-2019,Network 2,13228,Hispanic,5023,38.0,Hispanic/Latino
2018-2019,Network 2,13228,Multi-Racial,415,3.14,Multiracial
2018-2019,Network 2,13228,"Native American/
Alaskan",68,0.5141,Native American/Alaskan
2018-2019,Network 2,13228,"Not 
Available",32,0.242,"Not 
Available"
2018-2019,Network 2,13228,White,2944,22.3,White
2018-2019,Network 3,12713,African American,4075,32.1,Black/African American
2018-2019,Network 3,12713,Asian,77,0.606,Asian
2018-2019,Network 3,12713,Asian/ Pacific Islander (Retired),0,0.0,Asian/Pacific Islander (Retired)
2018-2019,Network 3,12713,"Hawaiian/
Pacific Islander",33,0.2596,Hawaiian/Pacific Islander
2018-2019,Network 3,12713,Hispanic,7998,62.9,Hispanic/Latino
2018-2019,Network 3,12713,Multi-Racial,45,0.35,Multiracial
2018-2019,Network 3,12713,"Native American/
Alaskan",41,0.3225,Native American/Alaskan
2018-2019,Network 3,12713,"Not 
Available",15,0.118,"Not 
Available"
2018-2019,Network 3,12713,White,429,3.4,White
2018-2019,Network 4,16350,African American,1647,10.1,Black/African American
2018-2019,Network 4,16350,Asian,741,4.532,Asian
2018-2019,Network 4,16350,Asian/ Pacific Islander (Retired),0,0.0,Asian/Pacific Islander (Retired)
2018-2019,Network 4,16350,"Hawaiian/
Pacific Islander",49,0.2997,Hawaiian/Pacific Islander
2018-2019,Network 4,16350,Hispanic,8489,51.9,Hispanic/Latino
2018-2019,Network 4,16350,Multi-Racial,554,3.39,Multiracial
2018-2019,Network 4,16350,"Native American/
Alaskan",57,0.3486,Native American/Alaskan
2018-2019,Network 4,16350,"Not 
Available",19,0.116,"Not 
Available"
2018-2019,Network 4,16350,White,4794,29.3,White
2018-2019,Network 5,9271,African American,6191,66.8,Black/African American
2018-2019,Network 5,9271,Asian,21,0.227,Asian
2018-2019,Network 5,9271,Asian/ Pacific Islander (Retired),0,0.0,Asian/Pacific Islander (Retired)
2018-2019,Network 5,9271,"Hawaiian/
Pacific Islander",9,0.0971,Hawaiian/Pacific Islander
2018-2019,Network 5,9271,Hispanic,2719,29.3,Hispanic/Latino
2018-2019,Network 5,9271,Multi-Racial,47,0.51,Multiracial
2018-2019,Network 5,9271,"Native American/
Alaskan",18,0.1942,Native American/Alaskan
2018-2019,Network 5,9271,"Not 
Available",27,0.291,"Not 
Available"
2018-2019,Network 5,9271,White,239,2.6,White
2018-2019,Network 6,8772,African American,2439,27.8,Black/African American
2018-2019,Network 6,8772,Asian,1774,20.223,Asian
2018-2019,Network 6,8772,Asian/ Pacific Islander (Retired),0,0.0,Asian/Pacific Islander (Retired)
2018-2019,Network 6,8772,"Hawaiian/
Pacific Islander",35,0.399,Hawaiian/Pacific Islander
2018-2019,Network 6,8772,Hispanic,3025,34.5,Hispanic/Latino
2018-2019,Network 6,8772,Multi-Racial,227,2.59,Multiracial
2018-2019,Network 6,8772,"Native American/
Alaskan",26,0.2964,Native American/Alaskan
2018-2019,Network 6,8772,"Not 
Available",15,0.171,"Not 
Available"
2018-2019,Network 6,8772,White,1231,14.0,White
2018-2019,Network 7,9184,African American,215,2.3,Black/African American
2018-2019,Network 7,9184,Asian,12,0.131,Asian
2018-2019,Network 7,9184,Asian/ Pacific Islander (Retired),0,0.0,Asian/Pacific Islander (Retired)
2018-2019,Network 7,9184,"Hawaiian/
Pacific Islander",3,0.0327,Hawaiian/Pacific Islander
2018-2019,Network 7,9184,Hispanic,8811,95.9,Hispanic/Latino
2018-2019,Network 7,9184,Multi-Racial,13,0.14,Multiracial
2018-2019,Network 7,9184,"Native American/
Alaskan",19,0.2069,Native American/Alaskan
2018-2019,Network 7,9184,"Not 
Available",11,0.12,"Not 
Available"
2018-2019,Network 7,9184,White,100,1.1,White
2018-2019,Network 8,12858,African American,308,2.4,Black/African American
2018-2019,Network 8,12858,Asian,51,0.397,Asian
2018-2019,Network 8,12858,Asian/ Pacific Islander (Retired),0,0.0,Asian/Pacific Islander (Retired)
2018-2019,Network 8,12858,"Hawaiian/
Pacific Islander",2,0.0156,Hawaiian/Pacific Islander
2018-2019,Network 8,12858,Hispanic,12200,94.9,Hispanic/Latino
2018-2019,Network 8,12858,Multi-Racial,26,0.2,Multiracial
2018-2019,Network 8,12858,"Native American/
Alaskan",30,0.2333,Native American/Alaskan
2018-2019,Network 8,12858,"Not 
Available",53,0.412,"Not 
Available"
2018-2019,Network 8,12858,White,188,1.5,White
2018-2019,Network 9,7770,African American,7134,91.8,Black/African American
2018-2019,Network 9,7770,Asian,101,1.3,Asian
2018-2019,Network 9,7770,Asian/ Pacific Islander (Retired),0,0.0,Asian/Pacific Islander (Retired)
2018-2019,Network 9,7770,"Hawaiian/
Pacific Islander",8,0.103,Hawaiian/Pacific Islander
2018-2019,Network 9,7770,Hispanic,244,3.1,Hispanic/Latino
2018-2019,Network 9,7770,Multi-Racial,91,1.17,Multiracial
2018-2019,Network 9,7770,"Native American/
Alaskan",14,0.1802,Native American/Alaskan
2018-2019,Network 9,7770,"Not 
Available",13,0.167,"Not 
Available"
2018-2019,Network 9,7770,White,165,2.1,White
2018-2019,Options,7065,African American,4330,61.3,Black/African American
2018-2019,Options,7065,Asian,46,0.651,Asian
2018-2019,Options,7065,Asian/ Pacific Islander (Retired),0,0.0,Asian/Pacific Islander (Retired)
2018-2019,Options,7065,"Hawaiian/
Pacific Islander",9,0.1274,Hawaiian/Pacific Islander
2018-2019,Options,7065,Hispanic,2411,34.1,Hispanic/Latino
2018-2019,Options,7065,Multi-Racial,41,0.58,Multiracial
2018-2019,Options,7065,"Native American/
Alaskan",25,0.3539,Native American/Alaskan
2018-2019,Options,7065,"Not 
Available",5,0.071,"Not 
Available"
2018-2019,Options,7065,White,198,2.8,White
2017-2018,AUSL,16357,African American,11330,69.3,Black/African American
2017-2018,AUSL,16357,Asian,89,0.544,Asian
2017-2018,AUSL,16357,Asian/ Pacific Islander (Retired),0,0.0,Asian/Pacific Islander (Retired)
2017-2018,AUSL,16357,"Hawaiian/
Pacific Islander",17,0.1039,Hawaiian/Pacific Islander
2017-2018,AUSL,16357,Hispanic,4450,27.2,Hispanic/Latino
2017-2018,AUSL,16357,Mulit-Racial,83,0.51,Multiracial
2017-2018,AUSL,16357,"Native American/
Alaskan",25,0.1528,Native American/Alaskan
2017-2018,AUSL,16357,"Not 
Available",12,0.073,"Not 
Available"
2017-2018,AUSL,16357,White,351,2.1,White
2017-2018,Charter,53759,African American,28471,53.0,Black/African American
2017-2018,Charter,53759,Asian,564,1.049,Asian
2017-2018,Charter,53759,Asian/ Pacific Islander (Retired),0,0.0,Asian/Pacific Islander (Retired)
2017-2018,Charter,53759,"Hawaiian/
Pacific Islander",30,0.0558,Hawaiian/Pacific Islander
2017-2018,Charter,53759,Hispanic,23251,43.3,Hispanic/Latino
2017-2018,Charter,53759,Mulit-Racial,271,0.5,Multiracial
2017-2018,Charter,53759,"Native American/
Alaskan",126,0.2344,Native American/Alaskan
2017-2018,Charter,53759,"Not 
Available",195,0.363,"Not 
Available"
2017-2018,Charter,53759,White,851,1.6,White
2017-2018,Contract,1613,African American,1131,70.1,Black/African American
2017-2018,Contract,1613,Asian,17,1.054,Asian
2017-2018,Contract,1613,Asian/ Pacific Islander (Retired),0,0.0,Asian/Pacific Islander (Retired)
2017-2018,Contract,1613,"Hawaiian/
Pacific Islander",2,0.124,Hawaiian/Pacific Islander
2017-2018,Contract,1613,Hispanic,279,17.3,Hispanic/Latino
2017-2018,Contract,1613,Mulit-Racial,21,1.3,Multiracial
2017-2018,Contract,1613,"Native American/
Alaskan",1,0.062,Native American/Alaskan
2017-2018,Contract,1613,"Not 
Available",27,1.674,"Not 
Available"
2017-2018,Contract,1613,White,135,8.4,White
2017-2018,ISP,51246,African American,9727,19.0,Black/African American
2017-2018,ISP,51246,Asian,2623,5.118,Asian
2017-2018,ISP,51246,Asian/ Pacific Islander (Retired),2,0.0039,Asian/Pacific Islander (Retired)
2017-2018,ISP,51246,"Hawaiian/
Pacific Islander",108,0.2107,Hawaiian/Pacific Islander
2017-2018,ISP,51246,Hispanic,29959,58.5,Hispanic/Latino
2017-2018,ISP,51246,Mulit-Racial,762,1.49,Multiracial
2017-2018,ISP,51246,"Native American/
Alaskan",174,0.3395,Native American/Alaskan
2017-2018,ISP,51246,"Not 
Available",203,0.396,"Not 
Available"
2017-2018,ISP,51246,White,7688,15.0,White
2017-2018,Network 1,35107,African American,1585,4.5,Black/African American
2017-2018,Network 1,35107,Asian,2981,8.491,Asian
2017-2018,Network 1,35107,Asian/ Pacific Islander (Retired),3,0.0085,Asian/Pacific Islander (Retired)
2017-2018,Network 1,35107,"Hawaiian/
Pacific Islander",183,0.5213,Hawaiian/Pacific Islander
2017-2018,Network 1,35107,Hispanic,18077,51.5,Hispanic/Latino
2017-2018,Network 1,35107,Mulit-Racial,708,2.02,Multiracial
2017-2018,Network 1,35107,"Native American/
Alaskan",196,0.5583,Native American/Alaskan
2017-2018,Network 1,35107,"Not 
Available",229,0.652,"Not 
Available"
2017-2018,Network 1,35107,White,11145,31.7,White
2017-2018,Network 10,24617,African American,7427,30.2,Black/African American
2017-2018,Network 10,24617,Asian,126,0.512,Asian
2017-2018,Network 10,24617,Asian/ Pacific Islander (Retired),0,0.0,Asian/Pacific Islander (Retired)
2017-2018,Network 10,24617,"Hawaiian/
Pacific Islander",24,0.0975,Hawaiian/Pacific Islander
2017-2018,Network 10,24617,Hispanic,14557,59.1,Hispanic/Latino
2017-2018,Network 10,24617,Mulit-Racial,147,0.6,Multiracial
2017-2018,Network 10,24617,"Native American/
Alaskan",86,0.3494,Native American/Alaskan
2017-2018,Network 10,24617,"Not 
Available",1,0.004,"Not 
Available"
2017-2018,Network 10,24617,White,2249,9.1,White
2017-2018,Network 11,13550,African American,12349,91.1,Black/African American
2017-2018,Network 11,13550,Asian,22,0.162,Asian
2017-2018,Network 11,13550,Asian/ Pacific Islander (Retired),0,0.0,Asian/Pacific Islander (Retired)
2017-2018,Network 11,13550,"Hawaiian/
Pacific Islander",4,0.0295,Hawaiian/Pacific Islander
2017-2018,Network 11,13550,Hispanic,1024,7.6,Hispanic/Latino
2017-2018,Network 11,13550,Mulit-Racial,58,0.43,Multiracial
2017-2018,Network 11,13550,"Native American/
Alaskan",14,0.1033,Native American/Alaskan
2017-2018,Network 11,13550,"Not 
Available",17,0.125,"Not 
Available"
2017-2018,Network 11,13550,White,62,0.5,White
2017-2018,Network 12,12788,African American,11931,93.3,Black/African American
2017-2018,Network 12,12788,Asian,12,0.094,Asian
2017-2018,Network 12,12788,Asian/ Pacific Islander (Retired),0,0.0,Asian/Pacific Islander (Retired)
2017-2018,Network 12,12788,"Hawaiian/
Pacific Islander",4,0.0313,Hawaiian/Pacific Islander
2017-2018,Network 12,12788,Hispanic,720,5.6,Hispanic/Latino
2017-2018,Network 12,12788,Mulit-Racial,57,0.45,Multiracial
2017-2018,Network 12,12788,"Native American/
Alaskan",18,0.1408,Native American/Alaskan
2017-2018,Network 12,12788,"Not 
Available",2,0.016,"Not 
Available"
2017-2018,Network 12,12788,White,44,0.3,White
2017-2018,Network 13,15101,African American,9393,62.2,Black/African American
2017-2018,Network 13,15101,Asian,15,0.099,Asian
2017-2018,Network 13,15101,Asian/ Pacific Islander (Retired),0,0.0,Asian/Pacific Islander (Retired)
2017-2018,Network 13,15101,"Hawaiian/
Pacific Islander",10,0.0662,Hawaiian/Pacific Islander
2017-2018,Network 13,15101,Hispanic,5319,35.2,Hispanic/Latino
2017-2018,Network 13,15101,Mulit-Racial,63,0.42,Multiracial
2017-2018,Network 13,15101,"Native American/
Alaskan",39,0.2583,Native American/Alaskan
2017-2018,Network 13,15101,"Not 
Available",4,0.026,"Not 
Available"
2017-2018,Network 13,15101,White,258,1.7,White
2017-2018,Network 2,22960,African American,4074,17.7,Black/African American
2017-2018,Network 2,22960,Asian,4244,18.484,Asian
2017-2018,Network 2,22960,Asian/ Pacific Islander (Retired),2,0.0087,Asian/Pacific Islander (Retired)
2017-2018,Network 2,22960,"Hawaiian/
Pacific Islander",58,0.2526,Hawaiian/Pacific Islander
2017-2018,Network 2,22960,Hispanic,9230,40.2,Hispanic/Latino
2017-2018,Network 2,22960,Mulit-Racial,611,2.66,Multiracial
2017-2018,Network 2,22960,"Native American/
Alaskan",110,0.4791,Native American/Alaskan
2017-2018,Network 2,22960,"Not 
Available",64,0.279,"Not 
Available"
2017-2018,Network 2,22960,White,4567,19.9,White
2017-2018,Network 3,18437,African American,6001,32.5,Black/African American
2017-2018,Network 3,18437,Asian,134,0.727,Asian
2017-2018,Network 3,18437,Asian/ Pacific Islander (Retired),0,0.0,Asian/Pacific Islander (Retired)
2017-2018,Network 3,18437,"Hawaiian/
Pacific Islander",33,0.179,Hawaiian/Pacific Islander
2017-2018,Network 3,18437,Hispanic,11491,62.3,Hispanic/Latino
2017-2018,Network 3,18437,Mulit-Racial,73,0.4,Multiracial
2017-2018,Network 3,18437,"Native American/
Alaskan",71,0.3851,Native American/Alaskan
2017-2018,Network 3,18437,"Not 
Available",10,0.054,"Not 
Available"
2017-2018,Network 3,18437,White,624,3.4,White
2017-2018,Network 4,22533,African American,2203,9.8,Black/African American
2017-2018,Network 4,22533,Asian,1257,5.578,Asian
2017-2018,Network 4,22533,Asian/ Pacific Islander (Retired),6,0.0266,Asian/Pacific Islander (Retired)
2017-2018,Network 4,22533,"Hawaiian/
Pacific Islander",69,0.3062,Hawaiian/Pacific Islander
2017-2018,Network 4,22533,Hispanic,11267,50.0,Hispanic/Latino
2017-2018,Network 4,22533,Mulit-Racial,678,3.01,Multiracial
2017-2018,Network 4,22533,"Native American/
Alaskan",87,0.3861,Native American/Alaskan
2017-2018,Network 4,22533,"Not 
Available",109,0.484,"Not 
Available"
2017-2018,Network 4,22533,White,6857,30.4,White
2017-2018,Network 5,14319,African American,8987,62.8,Black/African American
2017-2018,Network 5,14319,Asian,71,0.496,Asian
2017-2018,Network 5,14319,Asian/ Pacific Islander (Retired),0,0.0,Asian/Pacific Islander (Retired)
2017-2018,Network 5,14319,"Hawaiian/
Pacific Islander",12,0.0838,Hawaiian/Pacific Islander
2017-2018,Network 5,14319,Hispanic,5006,35.0,Hispanic/Latino
2017-2018,Network 5,14319,Mulit-Racial,54,0.38,Multiracial
2017-2018,Network 5,14319,"Native American/
Alaskan",22,0.1536,Native American/Alaskan
2017-2018,Network 5,14319,"Not 
Available",19,0.133,"Not 
Available"
2017-2018,Network 5,14319,White,148,1.0,White
2017-2018,Network 6,15392,African American,4898,31.8,Black/African American
2017-2018,Network 6,15392,Asian,2375,15.43,Asian
2017-2018,Network 6,15392,Asian/ Pacific Islander (Retired),0,0.0,Asian/Pacific Islander (Retired)
2017-2018,Network 6,15392,"Hawaiian/
Pacific Islander",49,0.3183,Hawaiian/Pacific Islander
2017-2018,Network 6,15392,Hispanic,5629,36.6,Hispanic/Latino
2017-2018,Network 6,15392,Mulit-Racial,350,2.27,Multiracial
2017-2018,Network 6,15392,"Native American/
Alaskan",49,0.3183,Native American/Alaskan
2017-2018,Network 6,15392,"Not 
Available",39,0.253,"Not 
Available"
2017-2018,Network 6,15392,White,2003,13.0,White
2017-2018,Network 7,13232,African American,496,3.7,Black/African American
2017-2018,Network 7,13232,Asian,18,0.136,Asian
2017-2018,Network 7,13232,Asian/ Pacific Islander (Retired),0,0.0,Asian/Pacific Islander (Retired)
2017-2018,Network 7,13232,"Hawaiian/
Pacific Islander",4,0.0302,Hawaiian/Pacific Islander
2017-2018,Network 7,13232,Hispanic,12472,94.3,Hispanic/Latino
2017-2018,Network 7,13232,Mulit-Racial,18,0.14,Multiracial
2017-2018,Network 7,13232,"Native American/
Alaskan",28,0.2116,Native American/Alaskan
2017-2018,Network 7,13232,"Not 
Available",56,0.423,"Not 
Available"
2017-2018,Network 7,13232,White,140,1.1,White
2017-2018,Network 8,20160,African American,1122,5.6,Black/African American
2017-2018,Network 8,20160,Asian,391,1.939,Asian
2017-2018,Network 8,20160,Asian/ Pacific Islander (Retired),0,0.0,Asian/Pacific Islander (Retired)
2017-2018,Network 8,20160,"Hawaiian/
Pacific Islander",6,0.0298,Hawaiian/Pacific Islander
2017-2018,Network 8,20160,Hispanic,18158,90.1,Hispanic/Latino
2017-2018,Network 8,20160,Mulit-Racial,49,0.24,Multiracial
2017-2018,Network 8,20160,"Native American/
Alaskan",63,0.3125,Native American/Alaskan
2017-2018,Network 8,20160,"Not 
Available",27,0.134,"Not 
Available"
2017-2018,Network 8,20160,White,344,1.7,White
2017-2018,Network 9,12933,African American,11896,92.0,Black/African American
2017-2018,Network 9,12933,Asian,139,1.075,Asian
2017-2018,Network 9,12933,Asian/ Pacific Islander (Retired),0,0.0,Asian/Pacific Islander (Retired)
2017-2018,Network 9,12933,"Hawaiian/
Pacific Islander",11,0.0851,Hawaiian/Pacific Islander
2017-2018,Network 9,12933,Hispanic,393,3.0,Hispanic/Latino
2017-2018,Network 9,12933,Mulit-Racial,140,1.08,Multiracial
2017-2018,Network 9,12933,"Native American/
Alaskan",19,0.1469,Native American/Alaskan
2017-2018,Network 9,12933,"Not 
Available",59,0.456,"Not 
Available"
2017-2018,Network 9,12933,White,276,2.1,White
2017-2018,Options,7278,African American,4474,61.5,Black/African American
2017-2018,Options,7278,Asian,35,0.481,Asian
2017-2018,Options,7278,Asian/ Pacific Islander (Retired),0,0.0,Asian/Pacific Islander (Retired)
2017-2018,Options,7278,"Hawaiian/
Pacific Islander",3,0.0412,Hawaiian/Pacific Islander
2017-2018,Options,7278,Hispanic,2508,34.5,Hispanic/Latino
2017-2018,Options,7278,Mulit-Racial,42,0.58,Multiracial
2017-2018,Options,7278,"Native American/
Alaskan",16,0.2198,Native American/Alaskan
2017-2018,Options,7278,"Not 
Available",9,0.124,"Not 
Available"
2017-2018,Options,7278,White,191,2.6,White
2016-2017,AUSL,16882,African American,11999,71.1,Black/African American
2016-2017,AUSL,16882,Asian,73,0.432,Asian
2016-2017,AUSL,16882,Asian/ Pacific Islander (Retired),0,0.0,Asian/Pacific Islander (Retired)
2016-2017,AUSL,16882,"Hawaiian/
Pacific Islander",12,0.0711,Hawaiian/Pacific Islander
2016-2017,AUSL,16882,Hispanic,4327,25.6,Hispanic/Latino
2016-2017,AUSL,16882,Mulit-Racial,88,0.52,Multiracial
2016-2017,AUSL,16882,"Native American/
Alaskan",19,0.1125,Native American/Alaskan
2016-2017,AUSL,16882,"Not 
Available",11,0.065,"Not 
Available"
2016-2017,AUSL,16882,White,353,2.1,White
2016-2017,Charter,53853,African American,28696,53.3,Black/African American
2016-2017,Charter,53853,Asian,598,1.11,Asian
2016-2017,Charter,53853,Asian/ Pacific Islander (Retired),0,0.0,Asian/Pacific Islander (Retired)
2016-2017,Charter,53853,"Hawaiian/
Pacific Islander",29,0.0539,Hawaiian/Pacific Islander
2016-2017,Charter,53853,Hispanic,23011,42.7,Hispanic/Latino
2016-2017,Charter,53853,Mulit-Racial,280,0.52,Multiracial
2016-2017,Charter,53853,"Native American/
Alaskan",102,0.1894,Native American/Alaskan
2016-2017,Charter,53853,"Not 
Available",250,0.464,"Not 
Available"
2016-2017,Charter,53853,White,887,1.6,White
2016-2017,Contract,1688,African American,1253,74.2,Black/African American
2016-2017,Contract,1688,Asian,12,0.711,Asian
2016-2017,Contract,1688,Asian/ Pacific Islander (Retired),0,0.0,Asian/Pacific Islander (Retired)
2016-2017,Contract,1688,"Hawaiian/
Pacific Islander",2,0.1185,Hawaiian/Pacific Islander
2016-2017,Contract,1688,Hispanic,252,14.9,Hispanic/Latino
2016-2017,Contract,1688,Mulit-Racial,24,1.42,Multiracial
2016-2017,Contract,1688,"Native American/
Alaskan",2,0.1185,Native American/Alaskan
2016-2017,Contract,1688,"Not 
Available",23,1.363,"Not 
Available"
2016-2017,Contract,1688,White,120,7.1,White
2016-2017,ISP,39852,African American,6528,16.4,Black/African American
2016-2017,ISP,39852,Asian,2037,5.111,Asian
2016-2017,ISP,39852,Asian/ Pacific Islander (Retired),4,0.01,Asian/Pacific Islander (Retired)
2016-2017,ISP,39852,"Hawaiian/
Pacific Islander",98,0.2459,Hawaiian/Pacific Islander
2016-2017,ISP,39852,Hispanic,22377,56.2,Hispanic/Latino
2016-2017,ISP,39852,Mulit-Racial,732,1.84,Multiracial
2016-2017,ISP,39852,"Native American/
Alaskan",96,0.2409,Native American/Alaskan
2016-2017,ISP,39852,"Not 
Available",212,0.532,"Not 
Available"
2016-2017,ISP,39852,White,7768,19.5,White
2016-2017,Network 1,35853,African American,1704,4.8,Black/African American
2016-2017,Network 1,35853,Asian,2973,8.292,Asian
2016-2017,Network 1,35853,Asian/ Pacific Islander (Retired),5,0.0139,Asian/Pacific Islander (Retired)
2016-2017,Network 1,35853,"Hawaiian/
Pacific Islander",180,0.5021,Hawaiian/Pacific Islander
2016-2017,Network 1,35853,Hispanic,18780,52.4,Hispanic/Latino
2016-2017,Network 1,35853,Mulit-Racial,698,1.95,Multiracial
2016-2017,Network 1,35853,"Native American/
Alaskan",111,0.3096,Native American/Alaskan
2016-2017,Network 1,35853,"Not 
Available",432,1.205,"Not 
Available"
2016-2017,Network 1,35853,White,10970,30.6,White
2016-2017,Network 10,24752,African American,7843,31.7,Black/African American
2016-2017,Network 10,24752,Asian,66,0.267,Asian
2016-2017,Network 10,24752,Asian/ Pacific Islander (Retired),0,0.0,Asian/Pacific Islander (Retired)
2016-2017,Network 10,24752,"Hawaiian/
Pacific Islander",21,0.0848,Hawaiian/Pacific Islander
2016-2017,Network 10,24752,Hispanic,14283,57.7,Hispanic/Latino
2016-2017,Network 10,24752,Mulit-Racial,144,0.58,Multiracial
2016-2017,Network 10,24752,"Native American/
Alaskan",54,0.2182,Native American/Alaskan
2016-2017,Network 10,24752,"Not 
Available",32,0.129,"Not 
Available"
2016-2017,Network 10,24752,White,2309,9.3,White
2016-2017,Network 11,16332,African American,15020,92.0,Black/African American
2016-2017,Network 11,16332,Asian,26,0.159,Asian
2016-2017,Network 11,16332,Asian/ Pacific Islander (Retired),0,0.0,Asian/Pacific Islander (Retired)
2016-2017,Network 11,16332,"Hawaiian/
Pacific Islander",6,0.0367,Hawaiian/Pacific Islander
2016-2017,Network 11,16332,Hispanic,1127,6.9,Hispanic/Latino
2016-2017,Network 11,16332,Mulit-Racial,61,0.37,Multiracial
2016-2017,Network 11,16332,"Native American/
Alaskan",8,0.049,Native American/Alaskan
2016-2017,Network 11,16332,"Not 
Available",11,0.067,"Not 
Available"
2016-2017,Network 11,16332,White,73,0.4,White
2016-2017,Network 12,13778,African American,12879,93.5,Black/African American
2016-2017,Network 12,13778,Asian,10,0.073,Asian
2016-2017,Network 12,13778,Asian/ Pacific Islander (Retired),0,0.0,Asian/Pacific Islander (Retired)
2016-2017,Network 12,13778,"Hawaiian/
Pacific Islander",3,0.0218,Hawaiian/Pacific Islander
2016-2017,Network 12,13778,Hispanic,761,5.5,Hispanic/Latino
2016-2017,Network 12,13778,Mulit-Racial,66,0.48,Multiracial
2016-2017,Network 12,13778,"Native American/
Alaskan",7,0.0508,Native American/Alaskan
2016-2017,Network 12,13778,"Not 
Available",13,0.094,"Not 
Available"
2016-2017,Network 12,13778,White,39,0.3,White
2016-2017,Network 13,15484,African American,9793,63.2,Black/African American
2016-2017,Network 13,15484,Asian,13,0.084,Asian
2016-2017,Network 13,15484,Asian/ Pacific Islander (Retired),0,0.0,Asian/Pacific Islander (Retired)
2016-2017,Network 13,15484,"Hawaiian/
Pacific Islander",9,0.0581,Hawaiian/Pacific Islander
2016-2017,Network 13,15484,Hispanic,5291,34.2,Hispanic/Latino
2016-2017,Network 13,15484,Mulit-Racial,62,0.4,Multiracial
2016-2017,Network 13,15484,"Native American/
Alaskan",24,0.155,Native American/Alaskan
2016-2017,Network 13,15484,"Not 
Available",29,0.187,"Not 
Available"
2016-2017,Network 13,15484,White,263,1.7,White
2016-2017,Network 2,24697,African American,4660,18.9,Black/African American
2016-2017,Network 2,24697,Asian,4361,17.658,Asian
2016-2017,Network 2,24697,Asian/ Pacific Islander (Retired),3,0.0121,Asian/Pacific Islander (Retired)
2016-2017,Network 2,24697,"Hawaiian/
Pacific Islander",63,0.2551,Hawaiian/Pacific Islander
2016-2017,Network 2,24697,Hispanic,10243,41.5,Hispanic/Latino
2016-2017,Network 2,24697,Mulit-Racial,617,2.5,Multiracial
2016-2017,Network 2,24697,"Native American/
Alaskan",78,0.3158,Native American/Alaskan
2016-2017,Network 2,24697,"Not 
Available",117,0.474,"Not 
Available"
2016-2017,Network 2,24697,White,4555,18.4,White
2016-2017,Network 3,19827,African American,6768,34.1,Black/African American
2016-2017,Network 3,19827,Asian,150,0.757,Asian
2016-2017,Network 3,19827,Asian/ Pacific Islander (Retired),0,0.0,Asian/Pacific Islander (Retired)
2016-2017,Network 3,19827,"Hawaiian/
Pacific Islander",45,0.227,Hawaiian/Pacific Islander
2016-2017,Network 3,19827,Hispanic,11908,60.1,Hispanic/Latino
2016-2017,Network 3,19827,Mulit-Racial,93,0.47,Multiracial
2016-2017,Network 3,19827,"Native American/
Alaskan",71,0.3581,Native American/Alaskan
2016-2017,Network 3,19827,"Not 
Available",122,0.615,"Not 
Available"
2016-2017,Network 3,19827,White,670,3.4,White
2016-2017,Network 4,24570,African American,2352,9.6,Black/African American
2016-2017,Network 4,24570,Asian,1061,4.318,Asian
2016-2017,Network 4,24570,Asian/ Pacific Islander (Retired),1,0.0041,Asian/Pacific Islander (Retired)
2016-2017,Network 4,24570,"Hawaiian/
Pacific Islander",69,0.2808,Hawaiian/Pacific Islander
2016-2017,Network 4,24570,Hispanic,14070,57.3,Hispanic/Latino
2016-2017,Network 4,24570,Mulit-Racial,619,2.52,Multiracial
2016-2017,Network 4,24570,"Native American/
Alaskan",54,0.2198,Native American/Alaskan
2016-2017,Network 4,24570,"Not 
Available",201,0.818,"Not 
Available"
2016-2017,Network 4,24570,White,6143,25.0,White
2016-2017,Network 5,15352,African American,9445,61.5,Black/African American
2016-2017,Network 5,15352,Asian,84,0.547,Asian
2016-2017,Network 5,15352,Asian/ Pacific Islander (Retired),0,0.0,Asian/Pacific Islander (Retired)
2016-2017,Network 5,15352,"Hawaiian/
Pacific Islander",14,0.0912,Hawaiian/Pacific Islander
2016-2017,Network 5,15352,Hispanic,5306,34.6,Hispanic/Latino
2016-2017,Network 5,15352,Mulit-Racial,55,0.36,Multiracial
2016-2017,Network 5,15352,"Native American/
Alaskan",18,0.1172,Native American/Alaskan
2016-2017,Network 5,15352,"Not 
Available",96,0.625,"Not 
Available"
2016-2017,Network 5,15352,White,334,2.2,White
2016-2017,Network 6,14577,African American,4378,30.0,Black/African American
2016-2017,Network 6,14577,Asian,2739,18.79,Asian
2016-2017,Network 6,14577,Asian/ Pacific Islander (Retired),0,0.0,Asian/Pacific Islander (Retired)
2016-2017,Network 6,14577,"Hawaiian/
Pacific Islander",63,0.4322,Hawaiian/Pacific Islander
2016-2017,Network 6,14577,Hispanic,4909,33.7,Hispanic/Latino
2016-2017,Network 6,14577,Mulit-Racial,326,2.24,Multiracial
2016-2017,Network 6,14577,"Native American/
Alaskan",20,0.1372,Native American/Alaskan
2016-2017,Network 6,14577,"Not 
Available",81,0.556,"Not 
Available"
2016-2017,Network 6,14577,White,2061,14.1,White
2016-2017,Network 7,16211,African American,641,4.0,Black/African American
2016-2017,Network 7,16211,Asian,21,0.13,Asian
2016-2017,Network 7,16211,Asian/ Pacific Islander (Retired),0,0.0,Asian/Pacific Islander (Retired)
2016-2017,Network 7,16211,"Hawaiian/
Pacific Islander",6,0.037,Hawaiian/Pacific Islander
2016-2017,Network 7,16211,Hispanic,15314,94.5,Hispanic/Latino
2016-2017,Network 7,16211,Mulit-Racial,24,0.15,Multiracial
2016-2017,Network 7,16211,"Native American/
Alaskan",32,0.1974,Native American/Alaskan
2016-2017,Network 7,16211,"Not 
Available",34,0.21,"Not 
Available"
2016-2017,Network 7,16211,White,139,0.9,White
2016-2017,Network 8,22879,African American,1226,5.4,Black/African American
2016-2017,Network 8,22879,Asian,510,2.229,Asian
2016-2017,Network 8,22879,Asian/ Pacific Islander (Retired),0,0.0,Asian/Pacific Islander (Retired)
2016-2017,Network 8,22879,"Hawaiian/
Pacific Islander",8,0.035,Hawaiian/Pacific Islander
2016-2017,Network 8,22879,Hispanic,20531,89.7,Hispanic/Latino
2016-2017,Network 8,22879,Mulit-Racial,58,0.25,Multiracial
2016-2017,Network 8,22879,"Native American/
Alaskan",51,0.2229,Native American/Alaskan
2016-2017,Network 8,22879,"Not 
Available",27,0.118,"Not 
Available"
2016-2017,Network 8,22879,White,468,2.0,White
2016-2017,Network 9,13533,African American,12540,92.7,Black/African American
2016-2017,Network 9,13533,Asian,133,0.983,Asian
2016-2017,Network 9,13533,Asian/ Pacific Islander (Retired),0,0.0,Asian/Pacific Islander (Retired)
2016-2017,Network 9,13533,"Hawaiian/
Pacific Islander",8,0.0591,Hawaiian/Pacific Islander
2016-2017,Network 9,13533,Hispanic,381,2.8,Hispanic/Latino
2016-2017,Network 9,13533,Mulit-Racial,159,1.17,Multiracial
2016-2017,Network 9,13533,"Native American/
Alaskan",12,0.0887,Native American/Alaskan
2016-2017,Network 9,13533,"Not 
Available",55,0.406,"Not 
Available"
2016-2017,Network 9,13533,White,245,1.8,White
2016-2017,Options,8153,African American,5320,65.3,Black/African American
2016-2017,Options,8153,Asian,28,0.343,Asian
2016-2017,Options,8153,Asian/ Pacific Islander (Retired),1,0.0123,Asian/Pacific Islander (Retired)
2016-2017,Options,8153,"Hawaiian/
Pacific Islander",6,0.0736,Hawaiian/Pacific Islander
2016-2017,Options,8153,Hispanic,2514,30.8,Hispanic/Latino
2016-2017,Options,8153,Mulit-Racial,37,0.45,Multiracial
2016-2017,Options,8153,"Native American/
Alaskan",18,0.2208,Native American/Alaskan
2016-2017,Options,8153,"Not 
Available",28,0.343,"Not 
Available"
2016-2017,Options,8153,White,201,2.5,White
2016-2017,Service Leadership Academies,3076,African American,804,26.1,Black/African American
2016-2017,Service Leadership Academies,3076,Asian,40,1.3,Asian
2016-2017,Service Leadership Academies,3076,Asian/ Pacific Islander (Retired),0,0.0,Asian/Pacific Islander (Retired)
2016-2017,Service Leadership Academies,3076,"Hawaiian/
Pacific Islander",2,0.065,Hawaiian/Pacific Islander
2016-2017,Service Leadership Academies,3076,Hispanic,2107,68.5,Hispanic/Latino
2016-2017,Service Leadership Academies,3076,Mulit-Racial,20,0.65,Multiracial
2016-2017,Service Leadership Academies,3076,"Native American/
Alaskan",9,0.2926,Native American/Alaskan
2016-2017,Service Leadership Academies,3076,"Not 
Available",1,0.033,"Not 
Available"
2016-2017,Service Leadership Academies,3076,White,93,3.0,White
2015-2016,AUSL,17696,African American,12895,72.9,Black/African American
2015-2016,AUSL,17696,Asian,68,0.384,Asian
2015-2016,AUSL,17696,"Asian/
Pacific Islander
(Retired)",0,0.0,"Asian/
Pacific Islander
(Retired)"
2015-2016,AUSL,17696,"Hawaiian/
Pacific Islander",14,0.0791,Hawaiian/Pacific Islander
2015-2016,AUSL,17696,Hispanic,4237,23.9,Hispanic/Latino
2015-2016,AUSL,17696,Mulit-Racial,91,0.51,Multiracial
2015-2016,AUSL,17696,"Native American/
Alaskan",21,0.1187,Native American/Alaskan
2015-2016,AUSL,17696,"Not 
Available",28,0.158,"Not 
Available"
2015-2016,AUSL,17696,White,342,1.9,White
2015-2016,Charter,54338,African American,30019,55.2,Black/African American
2015-2016,Charter,54338,Asian,590,1.086,Asian
2015-2016,Charter,54338,"Asian/
Pacific Islander
(Retired)",3,0.0055,"Asian/
Pacific Islander
(Retired)"
2015-2016,Charter,54338,"Hawaiian/
Pacific Islander",26,0.0478,Hawaiian/Pacific Islander
2015-2016,Charter,54338,Hispanic,22064,40.6,Hispanic/Latino
2015-2016,Charter,54338,Mulit-Racial,301,0.55,Multiracial
2015-2016,Charter,54338,"Native American/
Alaskan",107,0.1969,Native American/Alaskan
2015-2016,Charter,54338,"Not 
Available",356,0.655,"Not 
Available"
2015-2016,Charter,54338,White,872,1.6,White
2015-2016,Contract,1809,African American,1386,76.6,Black/African American
2015-2016,Contract,1809,Asian,17,0.94,Asian
2015-2016,Contract,1809,"Asian/
Pacific Islander
(Retired)",0,0.0,"Asian/
Pacific Islander
(Retired)"
2015-2016,Contract,1809,"Hawaiian/
Pacific Islander",2,0.1106,Hawaiian/Pacific Islander
2015-2016,Contract,1809,Hispanic,251,13.9,Hispanic/Latino
2015-2016,Contract,1809,Mulit-Racial,28,1.55,Multiracial
2015-2016,Contract,1809,"Native American/
Alaskan",2,0.1106,Native American/Alaskan
2015-2016,Contract,1809,"Not 
Available",7,0.387,"Not 
Available"
2015-2016,Contract,1809,White,116,6.4,White
2015-2016,ISP,27784,African American,5769,20.8,Black/African American
2015-2016,ISP,27784,Asian,3083,11.096,Asian
2015-2016,ISP,27784,"Asian/
Pacific Islander
(Retired)",1,0.0036,"Asian/
Pacific Islander
(Retired)"
2015-2016,ISP,27784,"Hawaiian/
Pacific Islander",96,0.3455,Hawaiian/Pacific Islander
2015-2016,ISP,27784,Hispanic,13619,49.0,Hispanic/Latino
2015-2016,ISP,27784,Mulit-Racial,520,1.87,Multiracial
2015-2016,ISP,27784,"Native American/
Alaskan",87,0.3131,Native American/Alaskan
2015-2016,ISP,27784,"Not 
Available",161,0.579,"Not 
Available"
2015-2016,ISP,27784,White,4448,16.0,White
2015-2016,Network 1,38241,African American,1744,4.6,Black/African American
2015-2016,Network 1,38241,Asian,2964,7.751,Asian
2015-2016,Network 1,38241,"Asian/
Pacific Islander
(Retired)",5,0.0131,"Asian/
Pacific Islander
(Retired)"
2015-2016,Network 1,38241,"Hawaiian/
Pacific Islander",174,0.455,Hawaiian/Pacific Islander
2015-2016,Network 1,38241,Hispanic,20457,53.5,Hispanic/Latino
2015-2016,Network 1,38241,Mulit-Racial,692,1.81,Multiracial
2015-2016,Network 1,38241,"Native American/
Alaskan",129,0.3373,Native American/Alaskan
2015-2016,Network 1,38241,"Not 
Available",273,0.714,"Not 
Available"
2015-2016,Network 1,38241,White,11803,30.9,White
2015-2016,Network 10,25958,African American,7823,30.1,Black/African American
2015-2016,Network 10,25958,Asian,69,0.266,Asian
2015-2016,Network 10,25958,"Asian/
Pacific Islander
(Retired)",0,0.0,"Asian/
Pacific Islander
(Retired)"
2015-2016,Network 10,25958,"Hawaiian/
Pacific Islander",28,0.1079,Hawaiian/Pacific Islander
2015-2016,Network 10,25958,Hispanic,14325,55.2,Hispanic/Latino
2015-2016,Network 10,25958,Mulit-Racial,169,0.65,Multiracial
2015-2016,Network 10,25958,"Native American/
Alaskan",65,0.2504,Native American/Alaskan
2015-2016,Network 10,25958,"Not 
Available",65,0.25,"Not 
Available"
2015-2016,Network 10,25958,White,3414,13.2,White
2015-2016,Network 11,16756,African American,15633,93.3,Black/African American
2015-2016,Network 11,16756,Asian,28,0.167,Asian
2015-2016,Network 11,16756,"Asian/
Pacific Islander
(Retired)",0,0.0,"Asian/
Pacific Islander
(Retired)"
2015-2016,Network 11,16756,"Hawaiian/
Pacific Islander",7,0.0418,Hawaiian/Pacific Islander
2015-2016,Network 11,16756,Hispanic,934,5.6,Hispanic/Latino
2015-2016,Network 11,16756,Mulit-Racial,59,0.35,Multiracial
2015-2016,Network 11,16756,"Native American/
Alaskan",12,0.0716,Native American/Alaskan
2015-2016,Network 11,16756,"Not 
Available",27,0.161,"Not 
Available"
2015-2016,Network 11,16756,White,56,0.3,White
2015-2016,Network 12,13017,African American,12170,93.5,Black/African American
2015-2016,Network 12,13017,Asian,9,0.069,Asian
2015-2016,Network 12,13017,"Asian/
Pacific Islander
(Retired)",0,0.0,"Asian/
Pacific Islander
(Retired)"
2015-2016,Network 12,13017,"Hawaiian/
Pacific Islander",8,0.0615,Hawaiian/Pacific Islander
2015-2016,Network 12,13017,Hispanic,704,5.4,Hispanic/Latino
2015-2016,Network 12,13017,Mulit-Racial,66,0.51,Multiracial
2015-2016,Network 12,13017,"Native American/
Alaskan",6,0.0461,Native American/Alaskan
2015-2016,Network 12,13017,"Not 
Available",20,0.154,"Not 
Available"
2015-2016,Network 12,13017,White,34,0.3,White
2015-2016,Network 13,16152,African American,9434,58.4,Black/African American
2015-2016,Network 13,16152,Asian,13,0.08,Asian
2015-2016,Network 13,16152,"Asian/
Pacific Islander
(Retired)",0,0.0,"Asian/
Pacific Islander
(Retired)"
2015-2016,Network 13,16152,"Hawaiian/
Pacific Islander",8,0.0495,Hawaiian/Pacific Islander
2015-2016,Network 13,16152,Hispanic,6249,38.7,Hispanic/Latino
2015-2016,Network 13,16152,Mulit-Racial,58,0.36,Multiracial
2015-2016,Network 13,16152,"Native American/
Alaskan",31,0.1919,Native American/Alaskan
2015-2016,Network 13,16152,"Not 
Available",9,0.056,"Not 
Available"
2015-2016,Network 13,16152,White,350,2.2,White
2015-2016,Network 2,24875,African American,4754,19.1,Black/African American
2015-2016,Network 2,24875,Asian,4205,16.905,Asian
2015-2016,Network 2,24875,"Asian/
Pacific Islander
(Retired)",1,0.004,"Asian/
Pacific Islander
(Retired)"
2015-2016,Network 2,24875,"Hawaiian/
Pacific Islander",69,0.2774,Hawaiian/Pacific Islander
2015-2016,Network 2,24875,Hispanic,10534,42.3,Hispanic/Latino
2015-2016,Network 2,24875,Mulit-Racial,627,2.52,Multiracial
2015-2016,Network 2,24875,"Native American/
Alaskan",116,0.4663,Native American/Alaskan
2015-2016,Network 2,24875,"Not 
Available",77,0.31,"Not 
Available"
2015-2016,Network 2,24875,White,4492,18.1,White
2015-2016,Network 3,20303,African American,7406,36.5,Black/African American
2015-2016,Network 3,20303,Asian,138,0.68,Asian
2015-2016,Network 3,20303,"Asian/
Pacific Islander
(Retired)",0,0.0,"Asian/
Pacific Islander
(Retired)"
2015-2016,Network 3,20303,"Hawaiian/
Pacific Islander",34,0.1675,Hawaiian/Pacific Islander
2015-2016,Network 3,20303,Hispanic,11810,58.2,Hispanic/Latino
2015-2016,Network 3,20303,Mulit-Racial,97,0.48,Multiracial
2015-2016,Network 3,20303,"Native American/
Alaskan",76,0.3743,Native American/Alaskan
2015-2016,Network 3,20303,"Not 
Available",37,0.182,"Not 
Available"
2015-2016,Network 3,20303,White,705,3.5,White
2015-2016,Network 4,27450,African American,2639,9.6,Black/African American
2015-2016,Network 4,27450,Asian,1257,4.579,Asian
2015-2016,Network 4,27450,"Asian/
Pacific Islander
(Retired)",1,0.0036,"Asian/
Pacific Islander
(Retired)"
2015-2016,Network 4,27450,"Hawaiian/
Pacific Islander",90,0.3279,Hawaiian/Pacific Islander
2015-2016,Network 4,27450,Hispanic,15320,55.8,Hispanic/Latino
2015-2016,Network 4,27450,Mulit-Racial,713,2.6,Multiracial
2015-2016,Network 4,27450,"Native American/
Alaskan",77,0.2805,Native American/Alaskan
2015-2016,Network 4,27450,"Not 
Available",185,0.674,"Not 
Available"
2015-2016,Network 4,27450,White,7168,26.1,White
2015-2016,Network 5,16715,African American,9573,57.3,Black/African American
2015-2016,Network 5,16715,Asian,97,0.58,Asian
2015-2016,Network 5,16715,"Asian/
Pacific Islander
(Retired)",0,0.0,"Asian/
Pacific Islander
(Retired)"
2015-2016,Network 5,16715,"Hawaiian/
Pacific Islander",11,0.0658,Hawaiian/Pacific Islander
2015-2016,Network 5,16715,Hispanic,6394,38.3,Hispanic/Latino
2015-2016,Network 5,16715,Mulit-Racial,71,0.42,Multiracial
2015-2016,Network 5,16715,"Native American/
Alaskan",28,0.1675,Native American/Alaskan
2015-2016,Network 5,16715,"Not 
Available",95,0.568,"Not 
Available"
2015-2016,Network 5,16715,White,446,2.7,White
2015-2016,Network 6,14053,African American,4630,32.9,Black/African American
2015-2016,Network 6,14053,Asian,1185,8.432,Asian
2015-2016,Network 6,14053,"Asian/
Pacific Islander
(Retired)",0,0.0,"Asian/
Pacific Islander
(Retired)"
2015-2016,Network 6,14053,"Hawaiian/
Pacific Islander",33,0.2348,Hawaiian/Pacific Islander
2015-2016,Network 6,14053,Hispanic,5582,39.7,Hispanic/Latino
2015-2016,Network 6,14053,Mulit-Racial,370,2.63,Multiracial
2015-2016,Network 6,14053,"Native American/
Alaskan",20,0.1423,Native American/Alaskan
2015-2016,Network 6,14053,"Not 
Available",40,0.285,"Not 
Available"
2015-2016,Network 6,14053,White,2193,15.6,White
2015-2016,Network 7,16715,African American,670,4.0,Black/African American
2015-2016,Network 7,16715,Asian,17,0.102,Asian
2015-2016,Network 7,16715,"Asian/
Pacific Islander
(Retired)",0,0.0,"Asian/
Pacific Islander
(Retired)"
2015-2016,Network 7,16715,"Hawaiian/
Pacific Islander",2,0.012,Hawaiian/Pacific Islander
2015-2016,Network 7,16715,Hispanic,15824,94.7,Hispanic/Latino
2015-2016,Network 7,16715,Mulit-Racial,26,0.16,Multiracial
2015-2016,Network 7,16715,"Native American/
Alaskan",37,0.2214,Native American/Alaskan
2015-2016,Network 7,16715,"Not 
Available",12,0.072,"Not 
Available"
2015-2016,Network 7,16715,White,127,0.8,White
2015-2016,Network 8,26406,African American,1328,5.0,Black/African American
2015-2016,Network 8,26406,Asian,246,0.932,Asian
2015-2016,Network 8,26406,"Asian/
Pacific Islander
(Retired)",0,0.0,"Asian/
Pacific Islander
(Retired)"
2015-2016,Network 8,26406,"Hawaiian/
Pacific Islander",12,0.0454,Hawaiian/Pacific Islander
2015-2016,Network 8,26406,Hispanic,24021,91.0,Hispanic/Latino
2015-2016,Network 8,26406,Mulit-Racial,77,0.29,Multiracial
2015-2016,Network 8,26406,"Native American/
Alaskan",71,0.2689,Native American/Alaskan
2015-2016,Network 8,26406,"Not 
Available",123,0.466,"Not 
Available"
2015-2016,Network 8,26406,White,528,2.0,White
2015-2016,Network 9,13888,African American,12867,92.6,Black/African American
2015-2016,Network 9,13888,Asian,163,1.174,Asian
2015-2016,Network 9,13888,"Asian/
Pacific Islander
(Retired)",1,0.0072,"Asian/
Pacific Islander
(Retired)"
2015-2016,Network 9,13888,"Hawaiian/
Pacific Islander",9,0.0648,Hawaiian/Pacific Islander
2015-2016,Network 9,13888,Hispanic,401,2.9,Hispanic/Latino
2015-2016,Network 9,13888,Mulit-Racial,144,1.04,Multiracial
2015-2016,Network 9,13888,"Native American/
Alaskan",16,0.1152,Native American/Alaskan
2015-2016,Network 9,13888,"Not 
Available",37,0.266,"Not 
Available"
2015-2016,Network 9,13888,White,250,1.8,White
2015-2016,OS4,7354,African American,4018,54.6,Black/African American
2015-2016,OS4,7354,Asian,315,4.283,Asian
2015-2016,OS4,7354,"Asian/
Pacific Islander
(Retired)",0,0.0,"Asian/
Pacific Islander
(Retired)"
2015-2016,OS4,7354,"Hawaiian/
Pacific Islander",3,0.0408,Hawaiian/Pacific Islander
2015-2016,OS4,7354,Hispanic,2902,39.5,Hispanic/Latino
2015-2016,OS4,7354,Mulit-Racial,25,0.34,Multiracial
2015-2016,OS4,7354,"Native American/
Alaskan",11,0.1496,Native American/Alaskan
2015-2016,OS4,7354,"Not 
Available",5,0.068,"Not 
Available"
2015-2016,OS4,7354,White,75,1.0,White
2015-2016,Options,9741,African American,6782,69.6,Black/African American
2015-2016,Options,9741,Asian,35,0.359,Asian
2015-2016,Options,9741,"Asian/
Pacific Islander
(Retired)",2,0.0205,"Asian/
Pacific Islander
(Retired)"
2015-2016,Options,9741,"Hawaiian/
Pacific Islander",4,0.0411,Hawaiian/Pacific Islander
2015-2016,Options,9741,Hispanic,2586,26.5,Hispanic/Latino
2015-2016,Options,9741,Mulit-Racial,42,0.43,Multiracial
2015-2016,Options,9741,"Native American/
Alaskan",17,0.1745,Native American/Alaskan
2015-2016,Options,9741,"Not 
Available",47,0.482,"Not 
Available"
2015-2016,Options,9741,White,226,2.3,White
2015-2016,Service Leadership Academies,3034,African American,873,28.8,Black/African American
2015-2016,Service Leadership Academies,3034,Asian,41,1.351,Asian
2015-2016,Service Leadership Academies,3034,"Asian/
Pacific Islander
(Retired)",0,0.0,"Asian/
Pacific Islander
(Retired)"
2015-2016,Service Leadership Academies,3034,"Hawaiian/
Pacific Islander",0,0.0,Hawaiian/Pacific Islander
2015-2016,Service Leadership Academies,3034,Hispanic,1992,65.7,Hispanic/Latino
2015-2016,Service Leadership Academies,3034,Mulit-Racial,16,0.53,Multiracial
2015-2016,Service Leadership Academies,3034,"Native American/
Alaskan",8,0.2637,Native American/Alaskan
2015-2016,Service Leadership Academies,3034,"Not 
Available",1,0.033,"Not 
Available"
2015-2016,Service Leadership Academies,3034,White,103,3.4,White
2014-2015,AUSL,17970,African American,13173,73.3,Black/African American
2014-2015,AUSL,17970,Asian,66,0.367,Asian
2014-2015,AUSL,17970,"Asian/
Pacific Islander
(Retired)",0,0.0,"Asian/
Pacific Islander
(Retired)"
2014-2015,AUSL,17970,"Hawaiian/
Pacific Islander",12,0.0668,Hawaiian/Pacific Islander
2014-2015,AUSL,17970,Hispanic,4172,23.2,Hispanic/Latino
2014-2015,AUSL,17970,Mulit-Racial,85,0.47,Multiracial
2014-2015,AUSL,17970,"Native American/
Alaskan",27,0.1503,Native American/Alaskan
2014-2015,AUSL,17970,"Not 
Available",79,0.44,"Not 
Available"
2014-2015,AUSL,17970,White,356,2.0,White
2014-2015,Charter,52450,African American,29081,55.4,Black/African American
2014-2015,Charter,52450,Asian,561,1.07,Asian
2014-2015,Charter,52450,"Asian/
Pacific Islander
(Retired)",11,0.021,"Asian/
Pacific Islander
(Retired)"
2014-2015,Charter,52450,"Hawaiian/
Pacific Islander",25,0.0477,Hawaiian/Pacific Islander
2014-2015,Charter,52450,Hispanic,20615,39.3,Hispanic/Latino
2014-2015,Charter,52450,Mulit-Racial,300,0.57,Multiracial
2014-2015,Charter,52450,"Native American/
Alaskan",113,0.2154,Native American/Alaskan
2014-2015,Charter,52450,"Not 
Available",858,1.636,"Not 
Available"
2014-2015,Charter,52450,White,886,1.7,White
2014-2015,Contract,1835,African American,1400,76.3,Black/African American
2014-2015,Contract,1835,Asian,22,1.199,Asian
2014-2015,Contract,1835,"Asian/
Pacific Islander
(Retired)",0,0.0,"Asian/
Pacific Islander
(Retired)"
2014-2015,Contract,1835,"Hawaiian/
Pacific Islander",3,0.1635,Hawaiian/Pacific Islander
2014-2015,Contract,1835,Hispanic,265,14.4,Hispanic/Latino
2014-2015,Contract,1835,Mulit-Racial,23,1.25,Multiracial
2014-2015,Contract,1835,"Native American/
Alaskan",4,0.218,Native American/Alaskan
2014-2015,Contract,1835,"Not 
Available",6,0.327,"Not 
Available"
2014-2015,Contract,1835,White,112,6.1,White
2014-2015,Network 1,40425,African American,1956,4.8,Black/African American
2014-2015,Network 1,40425,Asian,3065,7.582,Asian
2014-2015,Network 1,40425,"Asian/
Pacific Islander
(Retired)",10,0.0247,"Asian/
Pacific Islander
(Retired)"
2014-2015,Network 1,40425,"Hawaiian/
Pacific Islander",173,0.428,Hawaiian/Pacific Islander
2014-2015,Network 1,40425,Hispanic,21410,53.0,Hispanic/Latino
2014-2015,Network 1,40425,Mulit-Racial,736,1.82,Multiracial
2014-2015,Network 1,40425,"Native American/
Alaskan",167,0.4131,Native American/Alaskan
2014-2015,Network 1,40425,"Not 
Available",401,0.992,"Not 
Available"
2014-2015,Network 1,40425,White,12507,30.9,White
2014-2015,Network 10,26279,African American,6865,26.1,Black/African American
2014-2015,Network 10,26279,Asian,145,0.552,Asian
2014-2015,Network 10,26279,"Asian/
Pacific Islander
(Retired)",0,0.0,"Asian/
Pacific Islander
(Retired)"
2014-2015,Network 10,26279,"Hawaiian/
Pacific Islander",33,0.1256,Hawaiian/Pacific Islander
2014-2015,Network 10,26279,Hispanic,14958,56.9,Hispanic/Latino
2014-2015,Network 10,26279,Mulit-Racial,166,0.63,Multiracial
2014-2015,Network 10,26279,"Native American/
Alaskan",76,0.2892,Native American/Alaskan
2014-2015,Network 10,26279,"Not 
Available",41,0.156,"Not 
Available"
2014-2015,Network 10,26279,White,3995,15.2,White
2014-2015,Network 11,16895,African American,15703,92.9,Black/African American
2014-2015,Network 11,16895,Asian,68,0.402,Asian
2014-2015,Network 11,16895,"Asian/
Pacific Islander
(Retired)",0,0.0,"Asian/
Pacific Islander
(Retired)"
2014-2015,Network 11,16895,"Hawaiian/
Pacific Islander",10,0.0592,Hawaiian/Pacific Islander
2014-2015,Network 11,16895,Hispanic,926,5.5,Hispanic/Latino
2014-2015,Network 11,16895,Mulit-Racial,58,0.34,Multiracial
2014-2015,Network 11,16895,"Native American/
Alaskan",18,0.1065,Native American/Alaskan
2014-2015,Network 11,16895,"Not 
Available",14,0.083,"Not 
Available"
2014-2015,Network 11,16895,White,98,0.6,White
2014-2015,Network 12,13334,African American,12432,93.2,Black/African American
2014-2015,Network 12,13334,Asian,9,0.067,Asian
2014-2015,Network 12,13334,"Asian/
Pacific Islander
(Retired)",0,0.0,"Asian/
Pacific Islander
(Retired)"
2014-2015,Network 12,13334,"Hawaiian/
Pacific Islander",6,0.045,Hawaiian/Pacific Islander
2014-2015,Network 12,13334,Hispanic,755,5.7,Hispanic/Latino
2014-2015,Network 12,13334,Mulit-Racial,73,0.55,Multiracial
2014-2015,Network 12,13334,"Native American/
Alaskan",9,0.0675,Native American/Alaskan
2014-2015,Network 12,13334,"Not 
Available",17,0.127,"Not 
Available"
2014-2015,Network 12,13334,White,33,0.2,White
2014-2015,Network 13,16568,African American,9605,58.0,Black/African American
2014-2015,Network 13,16568,Asian,13,0.078,Asian
2014-2015,Network 13,16568,"Asian/
Pacific Islander
(Retired)",0,0.0,"Asian/
Pacific Islander
(Retired)"
2014-2015,Network 13,16568,"Hawaiian/
Pacific Islander",8,0.0483,Hawaiian/Pacific Islander
2014-2015,Network 13,16568,Hispanic,6437,38.9,Hispanic/Latino
2014-2015,Network 13,16568,Mulit-Racial,78,0.47,Multiracial
2014-2015,Network 13,16568,"Native American/
Alaskan",41,0.2475,Native American/Alaskan
2014-2015,Network 13,16568,"Not 
Available",9,0.054,"Not 
Available"
2014-2015,Network 13,16568,White,377,2.3,White
2014-2015,Network 2,26243,African American,5275,20.1,Black/African American
2014-2015,Network 2,26243,Asian,4262,16.241,Asian
2014-2015,Network 2,26243,"Asian/
Pacific Islander
(Retired)",2,0.0076,"Asian/
Pacific Islander
(Retired)"
2014-2015,Network 2,26243,"Hawaiian/
Pacific Islander",79,0.301,Hawaiian/Pacific Islander
2014-2015,Network 2,26243,Hispanic,10986,41.9,Hispanic/Latino
2014-2015,Network 2,26243,Mulit-Racial,696,2.65,Multiracial
2014-2015,Network 2,26243,"Native American/
Alaskan",148,0.564,Native American/Alaskan
2014-2015,Network 2,26243,"Not 
Available",63,0.24,"Not 
Available"
2014-2015,Network 2,26243,White,4732,18.0,White
2014-2015,Network 3,23364,African American,7940,34.0,Black/African American
2014-2015,Network 3,23364,Asian,155,0.663,Asian
2014-2015,Network 3,23364,"Asian/
Pacific Islander
(Retired)",0,0.0,"Asian/
Pacific Islander
(Retired)"
2014-2015,Network 3,23364,"Hawaiian/
Pacific Islander",31,0.1327,Hawaiian/Pacific Islander
2014-2015,Network 3,23364,Hispanic,14224,60.9,Hispanic/Latino
2014-2015,Network 3,23364,Mulit-Racial,111,0.48,Multiracial
2014-2015,Network 3,23364,"Native American/
Alaskan",86,0.3681,Native American/Alaskan
2014-2015,Network 3,23364,"Not 
Available",53,0.227,"Not 
Available"
2014-2015,Network 3,23364,White,764,3.3,White
2014-2015,Network 4,29246,African American,2844,9.7,Black/African American
2014-2015,Network 4,29246,Asian,1387,4.743,Asian
2014-2015,Network 4,29246,"Asian/
Pacific Islander
(Retired)",1,0.0034,"Asian/
Pacific Islander
(Retired)"
2014-2015,Network 4,29246,"Hawaiian/
Pacific Islander",85,0.2906,Hawaiian/Pacific Islander
2014-2015,Network 4,29246,Hispanic,16303,55.7,Hispanic/Latino
2014-2015,Network 4,29246,Mulit-Racial,801,2.74,Multiracial
2014-2015,Network 4,29246,"Native American/
Alaskan",105,0.359,Native American/Alaskan
2014-2015,Network 4,29246,"Not 
Available",233,0.797,"Not 
Available"
2014-2015,Network 4,29246,White,7487,25.6,White
2014-2015,Network 5,16120,African American,8407,52.2,Black/African American
2014-2015,Network 5,16120,Asian,106,0.658,Asian
2014-2015,Network 5,16120,"Asian/
Pacific Islander
(Retired)",0,0.0,"Asian/
Pacific Islander
(Retired)"
2014-2015,Network 5,16120,"Hawaiian/
Pacific Islander",14,0.0868,Hawaiian/Pacific Islander
2014-2015,Network 5,16120,Hispanic,6984,43.3,Hispanic/Latino
2014-2015,Network 5,16120,Mulit-Racial,83,0.51,Multiracial
2014-2015,Network 5,16120,"Native American/
Alaskan",37,0.2295,Native American/Alaskan
2014-2015,Network 5,16120,"Not 
Available",52,0.323,"Not 
Available"
2014-2015,Network 5,16120,White,437,2.7,White
2014-2015,Network 6,21846,African American,5736,26.3,Black/African American
2014-2015,Network 6,21846,Asian,3491,15.98,Asian
2014-2015,Network 6,21846,"Asian/
Pacific Islander
(Retired)",6,0.0275,"Asian/
Pacific Islander
(Retired)"
2014-2015,Network 6,21846,"Hawaiian/
Pacific Islander",106,0.4852,Hawaiian/Pacific Islander
2014-2015,Network 6,21846,Hispanic,7467,34.2,Hispanic/Latino
2014-2015,Network 6,21846,Mulit-Racial,588,2.69,Multiracial
2014-2015,Network 6,21846,"Native American/
Alaskan",50,0.2289,Native American/Alaskan
2014-2015,Network 6,21846,"Not 
Available",156,0.714,"Not 
Available"
2014-2015,Network 6,21846,White,4246,19.4,White
2014-2015,Network 7,17891,African American,611,3.4,Black/African American
2014-2015,Network 7,17891,Asian,24,0.134,Asian
2014-2015,Network 7,17891,"Asian/
Pacific Islander
(Retired)",0,0.0,"Asian/
Pacific Islander
(Retired)"
2014-2015,Network 7,17891,"Hawaiian/
Pacific Islander",1,0.0056,Hawaiian/Pacific Islander
2014-2015,Network 7,17891,Hispanic,16999,95.0,Hispanic/Latino
2014-2015,Network 7,17891,Mulit-Racial,23,0.13,Multiracial
2014-2015,Network 7,17891,"Native American/
Alaskan",48,0.2683,Native American/Alaskan
2014-2015,Network 7,17891,"Not 
Available",59,0.33,"Not 
Available"
2014-2015,Network 7,17891,White,126,0.7,White
2014-2015,Network 8,30169,African American,1356,4.5,Black/African American
2014-2015,Network 8,30169,Asian,241,0.799,Asian
2014-2015,Network 8,30169,"Asian/
Pacific Islander
(Retired)",0,0.0,"Asian/
Pacific Islander
(Retired)"
2014-2015,Network 8,30169,"Hawaiian/
Pacific Islander",12,0.0398,Hawaiian/Pacific Islander
2014-2015,Network 8,30169,Hispanic,27698,91.8,Hispanic/Latino
2014-2015,Network 8,30169,Mulit-Racial,76,0.25,Multiracial
2014-2015,Network 8,30169,"Native American/
Alaskan",106,0.3514,Native American/Alaskan
2014-2015,Network 8,30169,"Not 
Available",154,0.51,"Not 
Available"
2014-2015,Network 8,30169,White,526,1.7,White
2014-2015,Network 9,14082,African American,13088,92.9,Black/African American
2014-2015,Network 9,14082,Asian,163,1.158,Asian
2014-2015,Network 9,14082,"Asian/
Pacific Islander
(Retired)",0,0.0,"Asian/
Pacific Islander
(Retired)"
2014-2015,Network 9,14082,"Hawaiian/
Pacific Islander",7,0.0497,Hawaiian/Pacific Islander
2014-2015,Network 9,14082,Hispanic,367,2.6,Hispanic/Latino
2014-2015,Network 9,14082,Mulit-Racial,154,1.09,Multiracial
2014-2015,Network 9,14082,"Native American/
Alaskan",15,0.1065,Native American/Alaskan
2014-2015,Network 9,14082,"Not 
Available",56,0.398,"Not 
Available"
2014-2015,Network 9,14082,White,232,1.6,White
2014-2015,OS4,19493,African American,12720,65.3,Black/African American
2014-2015,OS4,19493,Asian,383,1.965,Asian
2014-2015,OS4,19493,"Asian/
Pacific Islander
(Retired)",0,0.0,"Asian/
Pacific Islander
(Retired)"
2014-2015,OS4,19493,"Hawaiian/
Pacific Islander",12,0.0616,Hawaiian/Pacific Islander
2014-2015,OS4,19493,Hispanic,5986,30.7,Hispanic/Latino
2014-2015,OS4,19493,Mulit-Racial,90,0.46,Multiracial
2014-2015,OS4,19493,"Native American/
Alaskan",28,0.1436,Native American/Alaskan
2014-2015,OS4,19493,"Not 
Available",45,0.231,"Not 
Available"
2014-2015,OS4,19493,White,229,1.2,White
2014-2015,Options,9387,African American,6748,71.9,Black/African American
2014-2015,Options,9387,Asian,23,0.245,Asian
2014-2015,Options,9387,"Asian/
Pacific Islander
(Retired)",1,0.0107,"Asian/
Pacific Islander
(Retired)"
2014-2015,Options,9387,"Hawaiian/
Pacific Islander",5,0.0533,Hawaiian/Pacific Islander
2014-2015,Options,9387,Hispanic,2331,24.8,Hispanic/Latino
2014-2015,Options,9387,Mulit-Racial,40,0.43,Multiracial
2014-2015,Options,9387,"Native American/
Alaskan",14,0.1491,Native American/Alaskan
2014-2015,Options,9387,"Not 
Available",28,0.298,"Not 
Available"
2014-2015,Options,9387,White,197,2.1,White
2014-2015,Service Leadership Academies,3086,African American,992,32.1,Black/African American
2014-2015,Service Leadership Academies,3086,Asian,44,1.426,Asian
2014-2015,Service Leadership Academies,3086,"Asian/
Pacific Islander
(Retired)",0,0.0,"Asian/
Pacific Islander
(Retired)"
2014-2015,Service Leadership Academies,3086,"Hawaiian/
Pacific Islander",1,0.0324,Hawaiian/Pacific Islander
2014-2015,Service Leadership Academies,3086,Hispanic,1907,61.8,Hispanic/Latino
2014-2015,Service Leadership Academies,3086,Mulit-Racial,21,0.68,Multiracial
2014-2015,Service Leadership Academies,3086,"Native American/
Alaskan",11,0.3564,Native American/Alaskan
2014-2015,Service Leadership Academies,3086,"Not 
Available",6,0.194,"Not 
Available"
2014-2015,Service Leadership Academies,3086,White,104,3.4,White
